Estado,Municipio,IdMunicipio,DDR,IdDDR,Cultivo,Anio,AnioFin,Lat,Lon,Z_m,ET0_total_mm,ET0_mean_mm_d,ET0_min_mm_d,ET0_max_mm_d,Tmean_ciclo_mean_C,Tmean_ciclo_min_C,Tmean_ciclo_max_C,Tmax_ciclo_mean_C,Tmax_ciclo_min_C,Tmax_ciclo_max_C,Tmin_ciclo_mean_C,Tmin_ciclo_min_C,Tmin_ciclo_max_C,RH_mean_pct,RH_min_pct,RH_max_pct,Rs_mean_MJ_m2_d,Rs_min_MJ_m2_d,Rs_max_MJ_m2_d,Ws_mean_m_s,Ws_min_m_s,Ws_max_m_s,Ptot_total_mm,Ptot_mean_mm_d,Ptot_min_mm_d,Ptot_max_mm_d,Pef_total_mm,Pef_mean_mm_d,Pef_min_mm_d,Pef_max_mm_d,Rn_mean_MJ_m2_d,Rn_min_MJ_m2_d,Rn_max_MJ_m2_d,ratio_Ptot_ET0,dias_lluvia_ge_1mm,dias_lluvia_ge_5mm,dias_estres_calor,dias_riesgo_helada,ETc_total_mm,ETc_mean_mm_d,ETc_min_mm_d,ETc_max_mm_d,ETverde_total_mm,ETverde_mean_mm_d,ETverde_min_mm_d,ETverde_max_mm_d,ETazul_total_mm,ETazul_mean_mm_d,ETazul_min_mm_d,ETazul_max_mm_d,UACverde_m3_ha,UACazul_m3_ha,UACtotal_m3_ha,deficit_hidrico_mm,frac_verde,frac_azul,Rend_t_ha,SupSembradaTotal_ha,SupCosechadaTotal_ha,VolumenTotal_t,PMR,Valorproduccion,HHverde_m3_ton,HHazul_m3_ton,HHtotal_m3_ton
Sonora,Aconchi,1,Ures,142,Ajo,2010,2011,29.783731,-110.246637,627.0,519.958888362065,4.332990736350541,1.0041849342531286,8.693164022280977,13.372666666666666,5.619999999999999,23.445,21.429250000000003,10.41,31.8,5.316083333333334,-2.08,15.09,46.071999999999996,22.13,91.62,20.30858333333333,5.65,29.9,2.479,1.19,7.65,127.07000000000002,1.058916666666667,0.0,31.12,101.656,0.8471333333333334,0.0,24.896,11.314508037376212,4.3610523266935735,17.638701217853306,0.2443847058760478,16,8,0,62,500.3545503054638,4.169621252545531,0.7294312670335319,8.693164022280977,29.932654228353524,0.24943878523627935,0.0,2.772897123608253,470.4218960771103,3.9201824673092527,0.0,8.693164022280977,299.3265422835352,4704.218960771103,5003.545503054638,398.6985503054638,0.05982288801027151,0.9401771119897285,6.5,14.0,14.0,91.0,12000.0,1092000.0,46.050237274390035,723.7259939647852,769.7762312391752
Sonora,Aconchi,1,Ures,142,Ajo,2011,2012,29.783731,-110.246637,627.0,1032.479241204289,4.870185100020231,1.3842996036671003,10.186504714473077,16.34495283018868,-4.755,27.18,24.935471698113208,-0.64,35.43,7.754433962264152,-8.87,19.54,33.25169811320755,10.11,79.35,19.59235849056604,6.94,30.54,2.2891981132075467,1.02,8.6,27.6,0.13018867924528302,0.0,6.41,22.080000000000002,0.10415094339622642,0.0,5.128,10.035194230430324,4.582232261937118,17.058133423231997,0.02673177231903202,8,2,2,58,899.5390652295371,4.243108798252534,1.3842996036671003,7.428027913333116,17.352964772633637,0.08185360741808319,0.0,3.1338873189185605,882.1861004569034,4.16125519083445,0.0,7.428027913333116,0.0,0.0,0.0,877.459065229537,0.019290951825650448,0.9807090481743496,5.2,12.0,12.0,62.4,13500.0,842400.0,0.0,0.0,0.0
Sonora,Aconchi,1,Ures,142,Ajo,2012,2013,29.783731,-110.246637,627.0,968.451887689373,4.546722477414897,0.9628851056330856,9.336230990313153,15.573591549295774,2.335,26.82,23.912394366197184,7.39,37.68,7.234788732394365,-2.86,21.11,38.06619718309859,9.54,90.88,19.065915492957746,2.71,30.42,2.2328169014084507,0.96,6.42,124.64,0.5851643192488263,0.0,42.76,99.712,0.46813145539906104,0.0,34.208,9.941778951636103,3.131900052562274,17.541701472564256,0.12870024993949702,13,8,7,76,833.092658610484,3.911233139016357,0.9628851056330856,7.036139891445974,22.127522752726982,0.10388508334613607,0.0,2.3191729007177933,810.9651358577571,3.807348055670221,0.0,7.036139891445974,0.0,0.0,0.0,733.380658610484,0.026560698289711852,0.9734393017102883,6.7,8.0,8.0,53.6,22400.0,1200640.0,0.0,0.0,0.0
Sonora,Aconchi,1,Ures,142,Ajo,2013,2014,29.783731,-110.246637,627.0,987.2370126318541,4.65677836147101,1.4323166663712663,9.226566926831218,16.279575471698116,1.5400000000000005,26.155,24.604575471698112,8.55,34.82,7.954575471698113,-5.47,17.9,34.53933962264151,5.49,85.59,18.819622641509433,4.56,30.91,2.1841037735849054,1.03,5.58,51.5,0.2429245283018868,0.0,14.72,41.2,0.19433962264150945,0.0,11.776000000000002,9.784103147746189,3.78673503209606,17.078102424821093,0.05216579133586903,9,3,0,68,853.2847085664398,4.024927870596414,1.4323166663712663,6.658873119218,18.908055757174196,0.08918894225082168,0.0,2.473380689094312,834.3766528092657,3.935738928345593,0.0,6.658873119218,0.0,0.0,0.0,812.0847085664398,0.022159140515878525,0.9778408594841216,7.0,7.0,7.0,49.0,14300.0,700700.0,0.0,0.0,0.0
Sonora,Aconchi,1,Ures,142,Ajo,2014,2015,29.783731,-110.246637,627.0,996.0118984743888,4.698169332426362,1.2244786604853957,9.90512760918039,17.03483490566038,5.2,24.450000000000003,25.17207547169811,9.1,35.17,8.897594339622643,0.12,17.33,35.96910377358491,7.0,87.4,18.557216981132076,5.6,31.35,2.1947169811320757,1.04,4.72,46.45,0.21910377358490568,0.0,8.26,37.160000000000004,0.17528301886792455,0.0,6.6080000000000005,9.702071606384727,4.167080753249647,17.266325255122155,0.04663598905911505,10,3,1,41,866.4690001105964,4.087117925049983,1.2244786604853957,6.933589326426272,23.043183878294485,0.10869426357686078,0.0,2.984,843.4258162323018,3.978423661473122,0.0,6.933589326426272,0.0,0.0,0.0,829.3090001105965,0.026594354645524818,0.973405645354475,7.2,5.0,5.0,36.0,14500.0,522000.0,0.0,0.0,0.0
Sonora,Aconchi,1,Ures,142,Ajo,2016,2017,29.783731,-110.246637,627.0,936.6815602860065,4.397566010732425,1.4476206801870382,8.513463162190885,16.096901408450705,2.5650000000000004,26.725,24.231032863849762,8.83,35.08,7.962769953051644,-4.08,19.53,41.907887323943655,11.38,85.46,18.780422535211265,4.6,30.78,2.1806572769953054,0.82,4.72,122.83,0.5766666666666667,0.0,14.24,98.26400000000001,0.4613333333333334,0.0,11.392000000000001,10.002929022880927,3.9567831027716207,17.665019776709514,0.13113314621299374,24,8,1,54,814.7808787329207,3.825262341469111,1.4476206801870382,6.235793753282937,46.26002142400096,0.21718319917371343,0.0,3.152,768.5208573089199,3.6080791422953986,0.0,6.235793753282937,0.0,0.0,0.0,716.5168787329206,0.05677602731171194,0.9432239726882883,7.45,4.0,4.0,29.8,16500.0,491700.0,0.0,0.0,0.0
Sonora,Aconchi,1,Ures,142,Ajo,2017,2018,29.783731,-110.246637,627.0,1001.3710005262993,4.723448115690092,1.0760381615104875,9.848825212111992,18.048349056603772,6.875,27.055,26.10311320754717,11.05,36.32,9.993584905660379,-1.12,19.09,38.79641509433962,9.13,87.27,18.777547169811317,3.27,31.08,2.1554716981132076,0.87,5.64,101.87,0.4805188679245283,0.0,18.33,81.49600000000001,0.3844150943396227,0.0,14.664,9.924350361654772,3.366585193331767,17.839835211234103,0.10173052739340294,13,7,6,32,863.8688119372846,4.074852886496625,1.0760381615104875,6.894177648478394,23.39457802916651,0.11035178315644581,0.0,2.461054202740733,840.4742339081181,3.96450110334018,0.0,6.894177648478394,0.0,0.0,0.0,782.3728119372846,0.027081169855759205,0.9729188301442409,8.6,4.0,4.0,34.4,18272.67,628579.85,0.0,0.0,0.0
Sonora,Aconchi,1,Ures,142,Ajo,2018,2019,29.783731,-110.246637,627.0,1049.580426758547,4.950851069615788,1.0367959398467652,9.340898513756393,18.74540094339623,6.38,29.005,26.858490566037737,11.35,37.38,10.632311320754718,-1.94,21.32,33.47056603773585,6.94,89.17,18.517075471698114,4.44,30.25,2.183490566037736,1.0,5.6,73.32000000000001,0.34584905660377363,0.0,34.7,58.656000000000006,0.2766792452830189,0.0,27.760000000000005,9.634474102270728,3.760941193458482,17.363898135403822,0.06985648563058337,10,3,12,27,910.7163478862185,4.295831829651974,1.0367959398467652,7.390267388372692,19.501004788774065,0.09198587164516069,0.0,2.4674896541246834,891.2153430974445,4.203845958006814,0.0,7.390267388372692,0.0,0.0,0.0,852.0603478862186,0.021412819517334994,0.978587180482665,7.0,6.0,6.0,42.0,18700.0,785400.0,0.0,0.0,0.0
Sonora,Aconchi,1,Ures,142,Ajo,2019,2020,29.783731,-110.246637,627.0,830.2564910681051,3.916304203151439,0.8838339007207349,8.90763694491186,15.401132075471699,4.015,25.25,22.77117924528302,7.92,34.73,8.031084905660377,-3.81,19.52,48.8263679245283,21.93,90.38,17.67070754716981,2.93,30.25,2.061037735849057,0.79,6.27,221.2,1.0433962264150942,0.0,41.51,176.96,0.8347169811320755,0.0,33.208,9.758361275094208,3.259894263667269,18.01534136717565,0.26642369241272834,26,12,0,50,718.6659835761465,3.3899338847931437,0.8425671758181216,6.235345861438303,44.607659800243,0.21041348962378773,0.0,4.040798815553783,674.0583237759034,3.179520395169356,0.0,6.235345861438303,0.0,0.0,0.0,541.7059835761464,0.06207008654879041,0.9379299134512096,6.75,7.0,7.0,47.25,18500.0,874125.0,0.0,0.0,0.0
Sonora,Aconchi,1,Ures,142,Ajo,2020,2021,29.783731,-110.246637,627.0,778.6736924078398,3.6557450347785907,0.6831122022028141,8.84574550196556,15.302159624413147,2.8,26.965,22.438544600938968,9.25,37.1,8.165774647887323,-4.93,19.46,55.320845070422536,26.76,95.56,17.44075117370892,2.18,29.92,2.042676056338028,0.82,5.81,379.57,1.782018779342723,0.0,88.3,227.742,1.0692112676056338,0.0,52.98,9.81917735329435,2.8670425540881395,17.634287276082862,0.48745707438282837,29,17,3,56,670.3281948075603,3.147080726796058,0.6831122022028141,6.460799500536026,44.307486746193774,0.20801636970044027,0.0,2.361802441002211,626.0207080613666,2.9390643570956176,0.0,6.460799500536026,0.0,0.0,0.0,442.58619480756033,0.06609819949303146,0.9339018005069686,6.78,4.0,4.0,27.1,19000.0,514900.0,0.0,0.0,0.0
Sonora,Aconchi,1,Ures,142,Ajo,2021,2022,29.783731,-110.246637,627.0,1042.2317339291951,4.916187424194317,1.3971640671616425,9.416460240023422,16.81507075471698,3.18,27.795,25.382924528301885,7.41,37.79,8.247216981132075,-2.8,19.79,31.058301886792453,10.52,87.81,19.162264150943393,5.16,30.05,2.2977830188679245,1.05,5.24,80.12,0.37792452830188683,0.0,23.0,64.096,0.30233962264150943,0.0,18.400000000000002,9.73343243956765,4.1577714894106395,17.83318154858247,0.0768734988503459,8,3,16,66,905.6665786288099,4.272012163343443,1.3971640671616425,6.591522168016395,16.17487319111782,0.07629657165621613,0.0,2.7840000000000003,889.491705437692,4.195715591687226,0.0,6.591522168016395,0.0,0.0,0.0,841.5705786288099,0.017859633526067363,0.9821403664739324,7.43,7.0,7.0,52.01,23500.0,1222235.0,0.0,0.0,0.0
Sonora,Aconchi,1,Ures,142,Ajo,2022,2023,29.783731,-110.246637,627.0,1002.305868036793,4.72785786809808,1.2855252089183806,11.161297034264104,16.931745283018866,4.52,26.049999999999997,25.31641509433962,12.5,38.33,8.547075471698113,-3.8,17.75,36.25584905660377,5.54,88.39,19.133301886792452,5.5,30.98,2.1858490566037734,1.07,5.16,74.59,0.3518396226415095,0.0,35.99,59.67200000000001,0.2814716981132076,0.0,28.792,9.974754642096944,4.103871453778044,16.992578716758842,0.07441840098781297,8,4,4,55,866.112480249969,4.085436227594194,1.2855252089183806,7.812907923984872,15.713215597906096,0.07411894149955706,0.0,2.928555254910207,850.3992646520629,4.011317286094636,0.0,7.812907923984872,0.0,0.0,0.0,806.440480249969,0.01814223435894966,0.9818577656410503,7.86,7.0,7.0,55.0,29500.0,1622500.0,0.0,0.0,0.0
Sonora,Aconchi,1,Ures,142,Ajo,2023,2024,29.783731,-110.246637,627.0,888.0531709168954,4.18893005149479,0.9947131894816278,9.151317660068367,15.215542452830187,4.0200000000000005,25.169999999999998,23.12301886792453,10.21,36.62,7.308066037735848,-3.74,18.31,43.574622641509436,12.98,85.23,18.307311320754717,2.41,30.27,2.1769811320754715,1.01,5.03,89.51,0.4222169811320755,0.0,17.77,71.608,0.3377735849056604,0.0,14.216000000000001,9.827583852887859,3.2662913673804947,17.38138680171796,0.10079351432030009,16,4,3,71,768.0223330390328,3.6227468539577017,0.9947131894816278,6.405922362047856,30.845662825401753,0.14549840955378185,0.0,2.4960000000000004,737.176670213631,3.4772484444039202,0.0,6.405922362047856,0.0,0.0,0.0,696.4143330390327,0.040162455567335824,0.9598375444326642,8.72,14.0,14.0,122.01,31348.45,3824824.6,0.0,0.0,0.0
Sonora,Aconchi,1,Ures,142,Calabaza,2010,2011,29.783731,-110.246637,627.0,702.7538495212848,7.027538495212848,2.772897123608253,10.65233801350432,19.0017,8.525,30.8,28.1125,16.02,40.72,9.890900000000002,0.19,21.21,30.1362,10.53,76.06,27.1971,13.87,32.38,2.6851,1.24,5.28,11.21,0.1121,0.0,4.32,8.968000000000002,0.08968000000000002,0.0,3.4560000000000004,15.633446345503046,8.77034401825628,18.596200048064176,0.015951531261815557,4,0,14,15,620.9299140453454,6.209299140453454,1.3864485618041265,10.221349853372587,6.898448561804126,0.06898448561804126,0.0,1.656,614.0314654835412,6.140314654835412,0.0,10.221349853372587,68.98448561804126,6140.314654835412,6209.299140453453,611.9619140453455,0.01110986667860931,0.9888901333213905,17.2,13.0,13.0,223.6,3200.0,715520.0,4.0107259080256545,356.9950380718263,361.00576397985196
Sonora,Aconchi,1,Ures,142,Calabaza,2011,2012,29.783731,-110.246637,627.0,794.8491339267866,7.948491339267866,4.190431541078977,10.953485578553037,21.129499999999997,12.195,29.965,30.776599999999995,18.62,40.58,11.482399999999998,4.07,20.32,20.086000000000002,6.37,59.95,27.808399999999995,17.42,32.58,2.7769,1.55,6.67,2.75,0.0275,0.0,2.75,2.2,0.022000000000000002,0.0,2.2,15.449895518613392,10.811373966098481,18.572031700927692,0.003459776053871,1,0,15,3,692.4749387740744,6.924749387740744,2.2802179421329134,10.640621117494009,2.2,0.022000000000000002,0.0,2.2,690.2749387740745,6.902749387740744,1.9904315410789772,10.640621117494009,22.0,6902.749387740745,6924.749387740745,690.2749387740744,0.003177010281259822,0.9968229897187403,15.0,16.0,16.0,240.0,3000.0,720000.0,1.4666666666666666,460.1832925160497,461.6499591827163
Sonora,Aconchi,1,Ures,142,Calabaza,2012,2013,29.783731,-110.246637,627.0,775.9110887923333,7.759110887923333,2.0229919122754905,10.951405406066389,20.872249999999998,8.595,29.065,30.427699999999994,11.87,40.2,11.3168,0.0,19.21,20.7869,6.43,70.89,27.7481,6.64,32.48,2.6628000000000003,1.46,4.73,1.78,0.0178,0.0,0.74,1.424,0.01424,0.0,0.592,15.474699878771519,5.591919775255834,18.832575540703566,0.0022940772798729823,0,0,24,12,684.1519669139973,6.841519669139973,1.0114959561377452,10.357284432841395,1.424,0.01424,0.0,0.592,682.7279669139972,6.827279669139972,0.6594959561377451,10.357284432841395,14.239999999999998,6827.279669139972,6841.5196691399715,682.7279669139973,0.002081408910396375,0.9979185910896035,8.1,14.0,14.0,113.4,4100.0,464940.0,1.7580246913580246,842.874033227157,844.6320579185151
Sonora,Aconchi,1,Ures,142,Calabaza,2013,2014,29.783731,-110.246637,627.0,773.4268587842967,7.7342685878429664,3.6769886242034073,11.44753078739875,21.16245,9.57,30.195,30.4399,16.23,40.4,11.885,1.68,19.99,22.418499999999998,5.49,55.7,27.6393,14.07,32.47,2.7116999999999996,1.54,5.58,2.4800000000000004,0.024800000000000003,0.0,1.3,1.9840000000000002,0.019840000000000003,0.0,1.04,15.527231309199093,8.887754801782936,19.021746197206866,0.0032065087627007986,1,0,10,6,676.8828760423656,6.7688287604236566,1.8384943121017037,11.44753078739875,1.9840000000000002,0.019840000000000003,0.0,1.04,674.8988760423657,6.748988760423657,0.7984943121017036,11.44753078739875,19.840000000000003,6748.988760423657,6768.8287604236575,674.8988760423656,0.0029310831610930323,0.9970689168389071,16.2,13.0,13.0,210.6,1800.0,379080.0,1.2246913580246916,416.60424447059614,417.82893582862084
Sonora,Aconchi,1,Ures,142,Calabaza,2014,2015,29.783731,-110.246637,627.0,770.5236016605455,7.705236016605455,3.570989927003562,12.121924479088296,21.578050000000005,14.274999999999999,33.655,30.467600000000008,21.35,44.31,12.6885,5.19,23.14,21.902900000000002,7.0,59.4,26.7579,7.64,32.05,2.6611000000000002,1.37,4.83,7.110000000000001,0.07110000000000001,0.0,3.73,5.688000000000001,0.05688000000000001,0.0,2.984,15.05883775998924,6.614259058669085,18.951290134282097,0.009227491519633313,2,0,19,0,677.4620437602903,6.774620437602903,1.785494963501781,11.180010371821844,4.711605258937059,0.04711605258937059,0.0,2.0076052589370583,672.7504385013533,6.727504385013533,0.0,11.180010371821844,47.11605258937059,6727.5043850135335,6774.620437602904,671.7740437602903,0.0069547885410450976,0.9930452114589551,17.2,8.0,8.0,137.6,2320.0,319232.0,2.7393053831029412,391.1339758728799,393.8732812559828
Sonora,Aconchi,1,Ures,142,Calabaza,2015,2016,29.783731,-110.246637,627.0,650.3884004297006,6.503884004297006,1.468643485327401,10.824220053545403,19.93445,9.955,29.805,28.023699999999998,14.83,39.14,11.8452,3.75,21.71,37.1595,13.64,86.68,25.515300000000003,6.32,31.94,2.5229999999999997,0.89,4.76,81.47000000000001,0.8147000000000001,0.0,19.41,65.176,0.65176,0.0,15.528,15.16348022130293,5.190970922764388,18.914508098752556,0.12526361162987248,10,5,9,2,574.2486831087649,5.742486831087649,0.7343217426637005,8.72922045163298,22.971884404098542,0.22971884404098541,0.0,6.1339957837842105,551.2767987046664,5.512767987046663,0.0,8.72922045163298,229.71884404098543,5512.767987046664,5742.486831087649,509.0726831087649,0.040003373241950614,0.9599966267580494,17.9,14.0,14.0,250.6,2370.0,593922.0,12.833454974356728,307.9758651981377,320.80932017249444
Sonora,Aconchi,1,Ures,142,Calabaza,2016,2017,29.783731,-110.246637,627.0,732.4456098803402,7.3244560988034015,1.9750074695028712,10.717793968091375,20.712099999999996,7.415,32.36,29.8086,10.01,43.06,11.615599999999999,2.19,22.72,26.132600000000007,9.63,72.58,27.351100000000002,10.7,32.57,2.5601,0.95,4.29,16.15,0.16149999999999998,0.0,13.45,12.92,0.1292,0.0,10.76,15.642215024760084,7.787712804830307,19.006643515780674,0.022049418799354164,2,1,10,3,641.0938690923991,6.410938690923992,0.9875037347514356,10.467718651023636,3.147503734751436,0.03147503734751436,0.0,1.2080000000000002,637.9463653576476,6.379463653576476,0.0,10.467718651023636,31.47503734751436,6379.463653576476,6410.93869092399,628.1738690923992,0.0049095832708669915,0.9950904167291328,17.5,7.0,7.0,122.5,2400.0,294000.0,1.7985735627151063,364.54078020437004,366.33935376708513
Sonora,Aconchi,1,Ures,142,Calabaza,2017,2018,29.783731,-110.246637,627.0,759.1059263134201,7.591059263134201,3.8274874841261703,11.139148584903815,22.084599999999995,14.12,30.26,31.28259999999999,19.83,39.4,12.886600000000003,4.52,21.46,24.914599999999997,9.13,53.21,27.48250000000001,13.79,32.05,2.5355000000000003,1.44,4.88,2.7500000000000004,0.027500000000000004,0.0,0.68,2.2,0.022000000000000002,0.0,0.544,15.550597907333888,8.494869850850248,18.536383297482992,0.0036226828228773157,0,0,21,1,665.7243733794795,6.657243733794795,1.9137437420630852,9.848825212111992,2.2,0.022000000000000002,0.0,0.544,663.5243733794795,6.635243733794795,1.9137437420630852,9.848825212111992,22.0,6635.243733794795,6657.243733794795,663.5243733794795,0.0033046709538843114,0.9966953290461156,12.0,2.0,2.0,24.0,2610.0,62640.0,1.8333333333333333,552.9369778162329,554.7703111495663
Sonora,Aconchi,1,Ures,142,Calabaza,2018,2019,29.783731,-110.246637,627.0,784.0089873525551,7.840089873525551,4.330357026196332,11.270765691059282,22.512750000000004,12.225000000000001,31.36,31.4258,19.39,40.7,13.599700000000002,0.69,23.72,21.707499999999996,6.81,45.73,26.9739,11.75,32.56,2.5960999999999994,1.24,4.77,1.3,0.013000000000000001,0.0,1.0,1.04,0.0104,0.0,0.8,15.180888847009442,8.100860493421697,18.67577103535207,0.001658144257235935,1,0,27,1,692.8854029694363,6.928854029694363,2.238214913326613,10.558113450463916,1.04,0.0104,0.0,0.8,691.8454029694363,6.918454029694363,2.238214913326613,10.558113450463916,10.4,6918.454029694363,6928.854029694363,691.8454029694363,0.0015009697065964532,0.9984990302934036,12.8,2.5,2.5,32.0,3100.0,99200.0,0.8125,540.5042210698721,541.3167210698721
Sonora,Aconchi,1,Ures,142,Calabaza,2019,2020,29.783731,-110.246637,627.0,665.9808359158794,6.659808359158794,1.9136567129163076,9.627155445908164,19.57255,9.635,28.2,27.9767,12.76,36.43,11.168399999999998,2.38,19.97,34.2617,16.01,80.19,26.2868,4.35,32.06,2.4701999999999997,0.86,4.45,57.54,0.5754,0.0,34.93,46.032000000000004,0.46032000000000006,0.0,27.944000000000003,15.479444053175307,4.410932846259717,19.04101991635594,0.08639888251569437,6,3,1,3,591.1022402341742,5.911022402341742,0.9568283564581538,9.358366266720106,12.593227764235046,0.12593227764235046,0.0,4.208,578.5090124699393,5.785090124699393,0.0,9.358366266720106,125.93227764235046,5785.090124699393,5911.022402341743,545.0702402341742,0.02130465240538768,0.9786953475946125,15.3,2.5,2.5,38.25,3150.0,120487.5,8.230867819761468,378.11046566662696,386.3413334863884
Sonora,Aconchi,1,Ures,142,Cebolla,2010,2011,29.783731,-110.246637,627.0,519.958888362065,4.332990736350541,1.0041849342531286,8.693164022280977,13.372666666666666,5.619999999999999,23.445,21.429250000000003,10.41,31.8,5.316083333333334,-2.08,15.09,46.071999999999996,22.13,91.62,20.30858333333333,5.65,29.9,2.479,1.19,7.65,127.07000000000002,1.058916666666667,0.0,31.12,101.656,0.8471333333333334,0.0,24.896,11.314508037376212,4.3610523266935735,17.638701217853306,0.2443847058760478,16,8,0,62,523.085105047467,4.359042542062225,0.7294312670335319,9.127822223395025,30.877615376419527,0.2573134614701627,0.0,2.9115419797886655,492.20748967104737,4.101729080592062,0.0,9.127822223395025,308.77615376419527,4922.074896710474,5230.851050474669,421.429105047467,0.059029811933982636,0.9409701880660172,20.0,4.0,4.0,80.0,3250.0,260000.0,15.062251403131476,240.10121447368164,255.16346587681312
Sonora,Aconchi,1,Ures,142,Cebolla,2011,2012,29.783731,-110.246637,627.0,1032.479241204289,4.870185100020231,1.3842996036671003,10.186504714473077,16.34495283018868,-4.755,27.18,24.935471698113208,-0.64,35.43,7.754433962264152,-8.87,19.54,33.25169811320755,10.11,79.35,19.59235849056604,6.94,30.54,2.2891981132075467,1.02,8.6,27.6,0.13018867924528302,0.0,6.41,22.080000000000002,0.10415094339622642,0.0,5.128,10.035194230430324,4.582232261937118,17.058133423231997,0.02673177231903202,8,2,2,58,946.4444456126499,4.4643605925125,1.4535145838504553,7.799429308999772,17.422179752816994,0.08218009317366506,0.0,3.1338873189185605,929.0222658598329,4.382180499338834,0.0,7.799429308999772,0.0,0.0,0.0,924.3644456126499,0.018408032118080966,0.981591967881919,18.0,4.0,4.0,72.0,3500.0,252000.0,0.0,0.0,0.0
Sonora,Aconchi,1,Ures,142,Cebolla,2012,2013,29.783731,-110.246637,627.0,968.451887689373,4.546722477414897,0.9628851056330856,9.336230990313153,15.573591549295774,2.335,26.82,23.912394366197184,7.39,37.68,7.234788732394365,-2.86,21.11,38.06619718309859,9.54,90.88,19.065915492957746,2.71,30.42,2.2328169014084507,0.96,6.42,124.64,0.5851643192488263,0.0,42.76,99.712,0.46813145539906104,0.0,34.208,9.941778951636103,3.131900052562274,17.541701472564256,0.12870024993949702,13,8,7,76,875.756775165404,4.111534155706122,1.0110293609147398,7.387946886018273,22.898698890363335,0.10750562859325509,0.0,2.435131545753683,852.8580762750405,4.004028527112866,0.0,7.387946886018273,0.0,0.0,0.0,776.044775165404,0.026147327134338712,0.9738526728656611,22.0,7.0,7.0,154.0,3450.0,531300.0,0.0,0.0,0.0
Sonora,Aconchi,1,Ures,142,Cebolla,2013,2014,29.783731,-110.246637,627.0,987.2370126318541,4.65677836147101,1.4323166663712663,9.226566926831218,16.279575471698116,1.5400000000000005,26.155,24.604575471698112,8.55,34.82,7.954575471698113,-5.47,17.9,34.53933962264151,5.49,85.59,18.819622641509433,4.56,30.91,2.1841037735849054,1.03,5.58,51.5,0.2429245283018868,0.0,14.72,41.2,0.19433962264150945,0.0,11.776000000000002,9.784103147746189,3.78673503209606,17.078102424821093,0.05216579133586903,9,3,0,68,897.5039228275582,4.233509069941312,1.5039324996898298,6.9918167751789,19.500658545032906,0.09198423841996653,0.0,2.5970497235490275,878.0032642825254,4.141524831521346,0.0,6.9918167751789,0.0,0.0,0.0,856.3039228275582,0.0217276582854331,0.978272341714567,23.0,4.0,4.0,92.0,2100.0,193200.0,0.0,0.0,0.0
Sonora,Aconchi,1,Ures,142,Cebolla,2014,2015,29.783731,-110.246637,627.0,996.0118984743888,4.698169332426362,1.2244786604853957,9.90512760918039,17.03483490566038,5.2,24.450000000000003,25.17207547169811,9.1,35.17,8.897594339622643,0.12,17.33,35.96910377358491,7.0,87.4,18.557216981132076,5.6,31.35,2.1947169811320757,1.04,4.72,46.45,0.21910377358490568,0.0,8.26,37.160000000000004,0.17528301886792455,0.0,6.6080000000000005,9.702071606384727,4.167080753249647,17.266325255122155,0.04663598905911505,10,3,1,41,911.3585419778396,4.298861047065281,1.2857025935096655,7.428845706885292,23.44334307220921,0.11058180694438306,0.0,2.984,887.9151989056305,4.188279240120899,0.0,7.428845706885292,0.0,0.0,0.0,874.1985419778397,0.02572351274760889,0.9742764872523912,20.6,4.0,4.0,82.4,2120.0,174688.0,0.0,0.0,0.0
Sonora,Aconchi,1,Ures,142,Cebolla,2015,2016,29.783731,-110.246637,627.0,886.1590070764216,4.179995316398215,1.061668108662528,8.442187575547292,16.79455188679245,4.92,24.785000000000004,24.467169811320755,10.82,33.38,9.121933962264151,-3.23,19.44,46.92990566037736,23.94,88.75,18.147594339622643,3.05,30.31,2.095990566037736,0.89,5.39,166.06,0.7833018867924528,0.0,28.23,132.848,0.6266415094339624,0.0,22.584000000000003,9.94830528933484,3.349486801271473,17.78651475113726,0.1873930058532702,20,11,0,30,813.5462357008574,3.837482243871969,1.1147515140956543,7.104024655485125,46.86922496123436,0.2210812498171432,0.0,4.600496837838158,766.677010739623,3.6164009940548256,0.0,7.104024655485125,0.0,0.0,0.0,680.6982357008574,0.0576110157044206,0.9423889842955794,19.0,4.0,4.0,76.0,2140.0,162640.0,0.0,0.0,0.0
Sonora,Aconchi,1,Ures,142,Cebolla,2017,2018,29.783731,-110.246637,627.0,1001.3710005262993,4.723448115690092,1.0760381615104875,9.848825212111992,18.048349056603772,6.875,27.055,26.10311320754717,11.05,36.32,9.993584905660379,-1.12,19.09,38.79641509433962,9.13,87.27,18.777547169811317,3.27,31.08,2.1554716981132076,0.87,5.64,101.87,0.4805188679245283,0.0,18.33,81.49600000000001,0.3844150943396227,0.0,14.664,9.924350361654772,3.366585193331767,17.839835211234103,0.10173052739340294,13,7,6,32,908.4508678994865,4.285145603299465,1.1298400695860118,7.386618909083994,24.046965249829086,0.11342908136711832,0.0,2.5841069128777696,884.4039026496574,4.171716521932346,0.0,7.386618909083994,0.0,0.0,0.0,826.9548678994865,0.02647029806403323,0.9735297019359668,21.5,2.0,2.0,43.0,4050.0,174150.0,0.0,0.0,0.0
Sonora,Aconchi,1,Ures,142,Chile verde,2010,2011,29.783731,-110.246637,627.0,1278.8750836478648,7.06560819694953,2.5348989569075395,10.810171957833798,22.911049723756904,8.525,32.894999999999996,30.910276243093918,16.02,41.29,14.911823204419889,0.19,25.36,38.96331491712707,10.11,89.62,26.875359116022093,11.68,32.38,2.3422099447513816,0.87,5.28,296.21,1.6365193370165745,0.0,30.23,177.726,0.9819116022099448,0.0,18.137999999999998,16.21110643276209,8.765860615836614,19.070649867352067,0.2316176175354752,41,18,54,15,1274.6328483499424,7.04217043287261,1.6637382741649518,11.35068055572549,127.04697259743973,0.7019169756764626,0.0,6.86883925571616,1147.5858757525027,6.340253457196147,0.0,11.35068055572549,1270.4697259743973,11475.858757525028,12746.328483499425,1096.9068483499423,0.09967338654570732,0.9003266134542928,7.2,9.0,9.0,64.8,7300.0,473040.0,176.4541286075552,1593.869271878476,1770.3234004860312
Sonora,Aconchi,1,Ures,142,Chile verde,2011,2012,29.783731,-110.246637,627.0,1367.9516834999592,7.557744107734582,3.118750500338317,11.401544805601526,24.040165745856356,12.195,32.93,32.451270718232045,18.62,43.01,15.629060773480663,4.07,23.98,33.608895027624314,6.37,87.85,27.121049723756904,14.98,32.72,2.3515469613259667,0.88,6.67,264.68,1.4623204419889504,0.0,19.8,158.80800000000002,0.8773922651933703,0.0,11.88,16.079058942001208,10.717337432665486,19.586450216919474,0.19348636592398177,39,20,55,3,1349.3464114573562,7.454952549488156,2.736261530559496,11.971622045881603,131.24894729476574,0.7251323054959433,0.0,7.705117922501003,1218.0974641625903,6.7298202439922115,0.0,11.971622045881603,1312.4894729476573,12180.974641625904,13493.464114573562,1190.5384114573562,0.09726853399566301,0.9027314660043368,6.5,9.0,9.0,58.5,7000.0,409500.0,201.92145737656267,1873.9960987116776,2075.9175560882404
Sonora,Aconchi,1,Ures,142,Chile verde,2012,2013,29.783731,-110.246637,627.0,1307.022509703981,7.221118838143542,2.0229919122754905,10.977032577702078,23.586878453038675,8.595,31.55,31.695359116022097,11.87,41.31,15.478397790055249,0.0,23.37,35.933646408839785,6.43,86.88,26.650662983425406,6.64,32.48,2.2329281767955798,0.72,4.73,306.51,1.6934254143646408,0.0,14.49,183.906,1.0160552486187846,0.0,8.693999999999999,15.900217659688673,5.591919775255834,19.007392097524892,0.2345101157205161,53,30,55,12,1294.0218274867887,7.149291864567893,1.2137951473652941,11.525884206587182,169.52607585830324,0.9366081539132776,0.0,7.002,1124.4957516284853,6.212683710654615,0.0,11.525884206587182,1695.2607585830324,11244.957516284852,12940.218274867884,1110.1158274867887,0.1310071223354492,0.8689928776645508,6.6,10.0,10.0,66.0,6800.0,448800.0,256.85769069439885,1703.7814418613414,1960.6391325557402
Sonora,Aconchi,1,Ures,142,Chile verde,2013,2014,29.783731,-110.246637,627.0,1342.0273088858337,7.4145155187062635,3.4628528128790537,11.44753078739875,24.108895027624303,9.57,32.86,32.20149171270718,16.23,45.09,16.016298342541436,1.68,24.56,34.68834254143646,5.49,83.47,26.686243093922656,14.07,32.47,2.348508287292818,0.97,5.58,252.27999999999997,1.3938121546961324,0.0,26.56,151.368,0.8362872928176796,0.0,15.935999999999998,15.905278147438462,8.887754801782936,19.021746197206866,0.18798425213078987,36,14,45,6,1325.4864151958895,7.323129365723147,2.206193174522044,12.019907326768687,110.50045246305065,0.6104997373649207,0.0,6.9368326696595135,1214.9859627328387,6.712629628358225,0.0,12.019907326768687,1105.0045246305065,12149.859627328387,13254.864151958895,1174.1184151958896,0.08336596376713534,0.9166340362328645,7.2,8.0,8.0,57.6,6260.0,360576.0,153.4728506431259,1687.4805037956094,1840.9533544387352
Sonora,Aconchi,1,Ures,142,Chile verde,2014,2015,29.783731,-110.246637,627.0,1311.9911762063546,7.248570034289251,3.5485843466339753,12.121924479088296,23.926823204419897,14.274999999999999,33.655,31.547458563535912,21.35,44.31,16.306187845303867,5.19,23.65,36.838563535911604,7.0,88.52,26.169060773480666,7.64,32.05,2.281546961325967,0.58,4.83,287.22,1.586850828729282,0.0,18.51,172.33200000000002,0.9521104972375691,0.0,11.106,15.707647947988383,6.614259058669085,19.02041390283585,0.21891915525720354,46,21,47,0,1297.380767292097,7.16784954305026,2.142593956202137,12.728020703042711,146.97616168664115,0.8120229927438738,0.0,6.486229753118873,1150.4046056054558,6.355826550306386,0.0,12.728020703042711,1469.7616168664115,11504.046056054558,12973.80767292097,1125.048767292097,0.1132868355936946,0.8867131644063053,4.5,7.0,7.0,31.5,7800.0,245700.0,326.6136926369803,2556.454679123235,2883.0683717602155
Sonora,Aconchi,1,Ures,142,Chile verde,2015,2016,29.783731,-110.246637,627.0,1179.7246217811144,6.517815589950908,1.468643485327401,10.824220053545403,23.104364640883976,9.955,32.335,30.29359116022099,14.83,42.28,15.91513812154696,3.75,23.55,46.777624309392266,13.64,86.68,25.727292817679558,6.32,32.35,2.164806629834254,0.64,4.76,388.2700000000001,2.145138121546962,0.0,21.07,232.962,1.2870828729281767,0.0,12.642,16.01198847692859,5.190970922764388,19.760892231833523,0.3291191798758944,51,26,34,2,1173.701561426098,6.484539013403856,0.8811860911964406,11.365431056222674,166.1183880161068,0.9177811492602586,0.0,6.468121097916311,1007.5831734099911,5.5667578641435975,0.0,11.365431056222674,1661.183880161068,10075.831734099911,11737.01561426098,940.7395614260979,0.1415337539589415,0.8584662460410585,6.8,7.0,7.0,47.6,7975.0,379610.0,244.29174708251,1481.7399608970459,1726.031707979556
Sonora,Aconchi,1,Ures,142,Chile verde,2016,2017,29.783731,-110.246637,627.0,1288.595053814522,7.119309689582995,1.9750074695028712,10.840321461232058,23.80124309392265,7.415,32.42,31.79154696132597,10.01,43.96,15.810939226519338,2.19,25.01,37.593425414364646,9.63,85.89,26.780773480662983,10.7,32.57,2.215524861878453,0.8,4.29,254.66000000000003,1.406961325966851,0.0,17.9,152.79599999999996,0.8441767955801103,0.0,10.739999999999998,16.190133424557533,7.787712804830307,19.006643515780674,0.197626088386845,41,20,44,3,1274.2608680208696,7.040115292932981,1.1850044817017227,11.382337534293661,129.38430189789932,0.7148303972259631,0.0,6.03,1144.8765661229702,6.325284895707018,0.0,11.382337534293661,1293.8430189789933,11448.765661229701,12742.608680208694,1121.4648680208695,0.1015367458461263,0.8984632541538736,7.0,8.0,8.0,56.0,8000.0,448000.0,184.83471699699905,1635.537951604243,1820.3726686012421
Sonora,Aconchi,1,Ures,142,Chile verde,2017,2018,29.783731,-110.246637,627.0,1303.9068963238803,7.203905504551825,2.639893099653168,11.139148584903815,24.469254143646406,14.12,34.69,32.40541436464089,19.83,44.53,16.533093922651933,4.52,26.29,37.584806629834254,5.43,88.9,26.582320441988948,10.77,32.59,2.1769613259668508,0.78,4.88,250.8,1.3856353591160222,0.0,16.41,150.48,0.8313812154696132,0.0,9.846,15.925524022984318,8.215392856079678,19.300710526280085,0.19234502149431323,45,21,48,1,1287.155495308883,7.111356327673387,2.296492490475702,11.696106014149006,134.14293260879825,0.7411211746342444,0.0,7.104,1153.0125627000843,6.37023515303914,0.0,11.696106014149006,1341.4293260879824,11530.125627000843,12871.554953088826,1136.675495308883,0.10421657142255956,0.8957834285774401,7.25,6.0,6.0,43.5,9000.0,391500.0,185.02473463282516,1590.3621554483923,1775.3868900812174
Sonora,Aconchi,1,Ures,142,Chile verde,2018,2019,29.783731,-110.246637,627.0,1321.6612193320498,7.301995686917402,2.9722373189242304,11.270765691059282,24.733756906077346,12.225000000000001,32.82,32.410276243093925,19.39,42.51,17.05723756906077,0.69,25.87,36.14453038674033,6.81,82.59,26.094475138121545,7.59,32.56,2.216298342541436,0.85,4.77,248.31000000000006,1.3718784530386743,0.0,25.73,198.648,1.0975027624309392,0.0,20.584000000000003,15.67338440946563,6.3978615840782,19.659693595199755,0.18787719301130185,44,16,65,1,1311.2804323119162,7.244643272441526,2.5982142157177988,11.834303975612245,143.63592750282328,0.7935686602365927,0.0,8.11171753037195,1167.6445048090927,6.451074612204932,0.0,11.834303975612245,1436.3592750282328,11676.445048090927,13112.80432311916,1112.6324323119163,0.10953867987611088,0.8904613201238889,7.14,5.0,5.0,35.7,11500.0,410550.0,201.17076681067687,1635.356449312455,1836.527216123132
Sonora,Aconchi,1,Ures,142,Chile verde,2019,2020,29.783731,-110.246637,627.0,1250.9502866197754,6.9113275503855,1.9136567129163076,11.062179124116533,23.3871270718232,9.635,34.155,30.897127071823206,12.76,42.59,15.877127071823205,2.38,26.28,41.03657458563536,11.74,83.74,26.26906077348066,4.35,32.63,2.220552486187845,0.86,4.45,274.51,1.5166298342541435,0.0,34.93,164.70600000000002,0.9099779005524863,0.0,20.958,16.068424658293832,4.410932846259717,19.203353608957677,0.2194411743905191,42,18,43,3,1251.2728439108982,6.913109634866841,1.1481940277497844,11.61528808032236,110.99202942482803,0.6132156321813703,0.0,6.61862623889327,1140.2808144860705,6.299894002685472,0.0,11.61528808032236,1109.9202942482802,11402.808144860704,12512.728439108985,1086.5668439108981,0.08870329917647574,0.9112967008235245,7.3,3.5,3.5,25.55,8628.57,220459.96,152.04387592442197,1562.0285129946171,1714.072388919039
Sonora,Aconchi,1,Ures,142,Chile verde,2020,2021,29.783731,-110.246637,627.0,1266.9543692548023,6.999747896435371,1.0770866578196976,10.926287025559702,24.257983425414363,7.9399999999999995,32.745000000000005,32.0485635359116,11.41,42.14,16.467403314917128,0.96,24.29,41.79276243093923,12.62,87.58,26.27088397790055,3.44,32.73,2.182707182320442,0.83,4.39,265.62,1.4675138121546962,0.0,27.45,159.372,0.8805082872928177,0.0,16.47,16.184147200314865,3.833639898987814,19.240799878475066,0.20965238089532182,48,18,80,6,1277.2072506155337,7.0563936498095785,0.6462519946918185,11.472601376837687,114.5248415878617,0.6327339314246503,0.0,8.2602361627997,1162.6824090276723,6.42365971838493,0.0,11.472601376837687,1145.248415878617,11626.824090276723,12772.07250615534,1117.8352506155336,0.08966817369120628,0.910331826308794,8.0,4.0,4.0,32.0,12500.0,400000.0,143.15605198482712,1453.3530112845904,1596.5090632694175
Sonora,Aconchi,1,Ures,142,Chile verde,2021,2022,29.783731,-110.246637,627.0,1288.9370270131083,7.121199044271316,2.4936795927770636,11.521959281507923,23.90886740331491,7.92,33.335,31.673149171270715,13.19,43.2,16.144585635359118,-1.7,23.47,38.058397790055245,8.61,84.73,26.238232044198895,9.83,32.41,2.2701657458563536,0.69,5.24,237.48999999999998,1.3120994475138121,0.0,19.95,189.99200000000002,1.0496795580110498,0.0,15.96,15.820656772353018,7.663919008344471,19.00414147842824,0.18425260119211762,48,17,48,11,1278.1907713136898,7.061827465821491,1.8246667082694634,12.09805724558332,151.6600139518913,0.8379006295684602,0.0,6.384534664910522,1126.5307573617984,6.22392683625303,0.0,12.09805724558332,1516.600139518913,11265.307573617984,12781.907713136896,1088.1987713136898,0.11865209588082008,0.8813479041191798,8.75,4.0,4.0,35.0,12750.0,446250.0,173.32573023073292,1287.4637226991981,1460.789452929931
Sonora,Aconchi,1,Ures,142,Chile verde,2022,2023,29.783731,-110.246637,627.0,1261.2553308795498,6.968261496572098,1.8526410152061388,11.225345392381522,23.85972375690608,10.595,31.990000000000002,31.659226519337025,19.34,42.16,16.060220994475134,0.66,23.44,39.59049723756907,2.8,91.18,26.03972375690608,7.09,32.26,2.1447513812154697,0.73,4.39,449.9599999999999,2.4859668508287287,0.0,32.39,269.97600000000006,1.491580110497238,0.0,19.434,15.67330370333849,5.887105041795641,19.396730512876825,0.35675567744575204,62,27,50,9,1244.4095413869352,6.875190836391907,1.8320694214546178,11.786612662000598,184.90071077297367,1.0215508882484734,0.0,7.2921877865966565,1059.5088306139614,5.853639948143433,0.0,11.786612662000598,1849.0071077297366,10595.088306139614,12444.09541386935,974.4335413869351,0.14858509568071598,0.8514149043192839,10.6,8.0,5.0,53.0,10708.49,567549.97,174.43463280469214,999.5366326546806,1173.9712654593727
Sonora,Aconchi,1,Ures,142,Chile verde,2023,2024,29.783731,-110.246637,627.0,1366.7198959492277,7.550938651653192,3.037025449754049,11.276288700667983,24.768839779005525,6.3,34.0,33.2192817679558,12.67,44.65,16.31839779005525,-1.1,26.28,32.057955801104974,10.19,77.96,26.65917127071823,8.92,32.04,2.3314917127071824,0.85,4.12,138.94,0.7676243093922652,0.0,14.54,111.15200000000002,0.6140994475138123,0.0,11.632,15.966542752456924,6.997019305133057,18.9780102964523,0.10165945517570886,30,8,77,9,1367.1577941538703,7.553357978750665,1.8222152698524292,11.840103135701384,100.35547492445139,0.5544501377041513,0.0,7.924466033033249,1266.802319229419,6.998907841046514,0.0,11.840103135701384,1003.5547492445139,12668.02319229419,13671.577941538704,1256.0057941538703,0.07340445656937579,0.9265955434306242,10.07,3.0,3.0,30.21,10200.0,308142.0,99.65786983560217,1257.9963448157089,1357.6542146513111
Sonora,Aconchi,1,Ures,142,Hortalizas,2010,2011,29.783731,-110.246637,627.0,94.65456261685553,2.7839577240251625,1.0041849342531286,4.047239390957473,11.083088235294117,5.83,14.065,18.209117647058825,10.41,23.75,3.9570588235294117,-2.08,8.58,51.5314705882353,25.52,91.62,13.276176470588235,5.65,17.42,2.4655882352941174,1.19,7.65,93.35000000000002,2.745588235294118,0.0,31.12,74.68,2.1964705882352944,0.0,24.896,6.670365081929228,4.3610523266935735,8.892246716126376,0.9862176467695896,8,6,0,24,72.66641369401346,2.137247461588631,0.7294312670335319,3.23391112766768,10.687503704718733,0.3143383442564333,0.0,2.226453113713585,61.978909989294706,1.8229091173321972,0.0,3.23391112766768,106.87503704718733,619.7890998929471,726.6641369401344,-2.01358630598655,0.1470762510686448,0.8529237489313549,20.0,1.0,1.0,20.0,3800.0,76000.0,5.343751852359366,30.989454994647353,36.33320684700672
Sonora,Aconchi,1,Ures,142,Pepino,2010,2011,29.783731,-110.246637,627.0,742.2182739386851,7.002059188100803,2.5348989569075395,10.810171957833798,27.387830188679246,21.5,32.894999999999996,34.09792452830188,23.62,41.29,20.677735849056607,13.43,25.36,49.63801886792453,10.11,89.62,26.131981132075474,11.68,32.23,1.9071698113207545,0.87,4.75,312.07,2.9440566037735847,0.0,30.23,187.24200000000002,1.7664339622641512,0.0,18.137999999999998,16.611038147785223,8.765860615836614,19.070649867352067,0.42045582944752474,43,19,47,0,645.5022552858111,6.089643917790671,2.5348989569075395,10.498198947740873,131.83476083691673,1.243724158838837,0.0,6.541751672110628,513.6674944488943,4.845919758951833,0.0,10.414198947740873,1318.3476083691673,5136.674944488943,6455.02255285811,458.26025528581107,0.20423594148179053,0.7957640585182094,24.8,2.0,2.0,49.6,4020.0,199392.0,53.159177756821265,207.1239896971348,260.283167453956
Sonora,Aconchi,1,Ures,142,Pepino,2011,2012,29.783731,-110.246637,627.0,754.8830708355392,7.12153840410886,3.118750500338317,11.401544805601526,27.66316037735849,22.045,32.93,34.68933962264151,23.76,43.01,20.636981132075473,15.02,23.98,48.08839622641509,9.19,87.85,25.967735849056602,14.98,32.72,1.8650000000000002,0.88,3.8,289.81999999999994,2.7341509433962257,0.0,19.8,173.892,1.6404905660377358,0.0,11.88,16.48911401939577,10.717337432665486,19.586450216919474,0.38392700962178666,45,22,53,0,649.244659888037,6.124949621585254,3.118750500338317,9.846103270490254,143.80123674386874,1.3566154409798938,0.0,7.33820754523905,505.44342314416815,4.76833418060536,0.0,9.846103270490254,1438.0123674386873,5054.434231441682,6492.4465988803695,475.35265988803695,0.22149005702822022,0.7785099429717797,24.0,2.0,2.0,48.0,4000.0,192000.0,59.91718197661197,210.60142631007008,270.518608286682
Sonora,Aconchi,1,Ures,142,Pepino,2012,2013,29.783731,-110.246637,627.0,689.3259623574472,6.503075116579691,3.284217060369535,10.977032577702078,26.612547169811325,21.67,31.55,32.97650943396226,24.47,41.31,20.24858490566038,16.4,23.37,54.380094339622644,9.37,86.88,24.992358490566037,13.32,31.99,1.7371698113207545,0.72,3.38,348.97999999999996,3.292264150943396,0.0,14.49,209.388,1.9753584905660377,0.0,8.693999999999999,16.089516383035583,9.793397969429865,19.007392097524892,0.506262666803543,62,34,39,0,592.0908159777516,5.585762414884449,2.489121713144039,9.116965320171076,186.11328611717252,1.7557857180865333,0.0,6.022682168358054,405.97752986057895,3.8299766967979147,0.0,8.816965320171075,1861.1328611717252,4059.7752986057894,5920.908159777515,382.7028159777516,0.3143323306068066,0.6856676693931931,23.6,2.0,2.0,47.2,3600.0,169920.0,78.86156191405614,172.02437705956734,250.88593897362347
Sonora,Aconchi,1,Ures,142,Pepino,2013,2014,29.783731,-110.246637,627.0,735.3706112797901,6.937458596979152,2.448971905052023,11.175654023725555,27.55584905660377,22.799999999999997,32.86,34.33018867924528,25.22,45.09,20.781509433962267,17.06,24.56,49.56943396226415,9.54,83.77,25.302924528301887,9.48,32.47,1.86688679245283,0.97,3.16,334.83000000000004,3.158773584905661,0.0,26.56,200.898,1.8952641509433963,0.0,15.935999999999998,16.114108839972218,7.198458131324732,18.847924837667648,0.4553214323010328,44,20,46,0,634.0702521833394,5.981794831918297,1.8367289287890172,10.865862192688072,132.67955924558828,1.2516939551470592,0.0,6.606507304437631,501.3906929377513,4.730100876771239,0.0,10.865862192688072,1326.7955924558828,5013.906929377513,6340.702521833396,433.1722521833394,0.20925056614582258,0.7907494338541776,22.0,2.0,2.0,44.0,3510.0,154440.0,60.308890566176494,227.9048604262506,288.2137509924271
Sonora,Aconchi,1,Ures,142,Pepino,2015,2016,29.783731,-110.246637,627.0,671.7302974397113,6.337078277733125,2.068912176270081,10.824220053545403,26.789764150943398,22.53,32.335,32.7977358490566,24.85,42.28,20.781792452830192,17.22,23.55,58.143867924528294,13.64,85.75,24.713584905660376,7.04,32.35,1.7299056603773582,0.64,3.36,354.5,3.3443396226415096,0.0,21.07,212.70000000000002,2.0066037735849056,0.0,12.642,16.18339859843705,5.816700831763636,19.760892231833523,0.5277415673391103,49,26,31,0,582.7462808575548,5.497606423184479,1.5516841322025607,9.913651756690436,160.21158760946432,1.5114300717873992,0.0,6.160115331348867,422.5346932480905,3.9861763513970803,0.0,8.956690203972821,1602.1158760946432,4225.346932480905,5827.4628085755485,370.04628085755473,0.27492511384834745,0.7250748861516526,20.34,4.0,4.0,81.35,3500.0,284725.0,78.7667589033748,207.73583738844172,286.50259629181653
Sonora,Aconchi,1,Ures,142,Pepino,2016,2017,29.783731,-110.246637,627.0,725.1955965760443,6.841467892226833,1.9319357620702717,10.840321461232058,27.547358490566033,21.535,32.42,34.38490566037736,24.78,43.96,20.70981132075472,13.81,25.01,50.11292452830189,9.63,85.89,25.760471698113204,6.52,32.23,1.8027358490566034,0.8,4.87,293.71999999999997,2.7709433962264147,0.0,24.14,176.232,1.662566037735849,0.0,14.484,16.48756488986715,5.4982160907840765,19.006643515780674,0.40502176431679476,45,21,47,0,629.4545284597306,5.938250268488024,1.4489518215527037,8.963756803559926,135.11000904296768,1.2746227268204497,0.0,5.902028709224102,494.34451941676286,4.663627541667574,0.0,8.89488402979966,1351.1000904296768,4943.445194167629,6294.545284597306,453.2225284597306,0.21464617845165182,0.7853538215483481,23.57,3.0,3.0,70.7,3550.0,250985.0,57.322871889252305,209.7346285179308,267.0575004071831
Sonora,Aconchi,1,Ures,142,Pepino,2017,2018,29.783731,-110.246637,627.0,718.2877257789852,6.776299299801747,2.639893099653168,10.833200283852118,27.48617924528302,22.035,34.69,34.20754716981133,23.98,44.53,20.764811320754713,15.67,26.29,50.58122641509434,5.43,88.9,25.276603773584906,10.29,32.59,1.7701886792452832,0.7,3.76,261.65000000000003,2.4683962264150945,0.0,16.41,156.99,1.4810377358490567,0.0,9.846,16.136562106686547,7.722411746182727,19.300710526280085,0.36426906740782716,49,22,43,0,617.9090426264736,5.829330590815789,2.639893099653168,10.523556119459576,138.6978463998659,1.3084702490553388,0.0,7.104,479.2111962266077,4.52086034176045,0.0,10.16679391483494,1386.9784639986592,4792.111962266077,6179.090426264736,460.9190426264736,0.224463208711624,0.775536791288376,24.33,2.5,2.5,60.83,3600.0,218988.0,57.00692412653758,196.96308928343927,253.97001340997684
Sonora,Aconchi,1,Ures,142,Avena forrajera en verde,2010,2011,29.783731,-110.246637,627.0,351.7024434706665,3.74151535607092,1.0041849342531286,7.813996300721045,11.99207446808511,5.619999999999999,19.39,19.869574468085105,10.41,30.06,4.114574468085106,-2.08,10.44,49.65234042553191,22.95,91.62,18.675319148936172,5.65,27.59,2.4377659574468082,1.19,7.65,124.08000000000001,1.32,0.0,31.12,99.26400000000001,1.056,0.0,24.896,10.165082736440144,4.3610523266935735,16.122143041478576,0.3527982312990351,15,8,0,61,348.91218549756314,3.711831760612374,0.312613400157228,8.986095745829202,29.95871980567522,0.31870978516675763,0.0,3.1888316921494906,318.95346569188797,3.3931219754456166,0.0,8.986095745829202,299.5871980567522,3189.5346569188796,3489.121854975632,249.64818549756313,0.08586320871239521,0.9141367912876049,41.8,42.0,42.0,1755.6,495.0,869022.0,7.16715784824766,76.30465686408803,83.47181471233569
Sonora,Aconchi,1,Ures,142,Avena forrajera en verde,2011,2012,29.783731,-110.246637,627.0,693.8655649355389,4.419525891309165,1.3842996036671003,8.310900374713384,14.7071974522293,-4.755,23.62,23.368407643312096,-0.64,34.09,6.045987261146497,-8.87,14.19,31.631464968152862,10.8,79.35,18.216687898089173,6.94,26.9,2.262229299363057,1.13,8.6,11.3,0.07197452229299363,0.0,6.41,9.04,0.0575796178343949,0.0,5.128,8.87464822765667,4.582232261937118,14.964650511707724,0.016285575435711075,3,1,0,56,635.0873472833571,4.04514233938444,1.014743576044204,7.4798103372420455,5.503944544217165,0.035056971619217614,0.0,2.2079999999999997,629.58340273914,4.010085367765223,0.0,7.4798103372420455,0.0,0.0,0.0,626.0473472833571,0.008666437093670312,0.9913335629063298,33.0,45.0,45.0,1485.0,378.0,561330.0,0.0,0.0,0.0
Sonora,Aconchi,1,Ures,142,Avena forrajera en verde,2012,2013,29.783731,-110.246637,627.0,608.0267405469251,3.848270509790665,0.9628851056330856,7.645293151090597,13.255063291139239,2.335,22.615000000000002,21.362405063291142,7.39,32.54,5.147721518987341,-2.86,15.09,42.14911392405063,11.99,90.88,17.348987341772155,2.71,28.61,2.2546835443037976,0.96,6.42,121.91999999999999,0.7716455696202531,0.0,42.76,97.536,0.6173164556962025,0.0,34.208,8.840521719163686,3.131900052562274,15.38139135481999,0.20051749679682168,12,8,0,75,555.6213887715775,3.516591068174541,0.38027768534856304,6.880763835981537,17.73945045791347,0.11227500289818652,0.0,2.2114493022040684,537.881938313664,3.4043160652763547,0.0,6.880763835981537,0.0,0.0,0.0,458.08538877157747,0.03192722745453266,0.9680727725454674,41.0,54.0,54.0,2214.0,407.56,902337.84,0.0,0.0,0.0
Sonora,Aconchi,1,Ures,142,Avena forrajera en verde,2013,2014,29.783731,-110.246637,627.0,641.2394563388742,4.084327747381365,1.4323166663712663,7.6176024223817596,14.527675159235667,1.5400000000000005,23.395,22.726178343949044,8.55,33.31,6.329171974522294,-5.47,17.52,35.73828025477707,12.8,85.59,17.05,4.56,27.99,2.1508280254777072,1.03,4.61,50.33,0.3205732484076433,0.0,14.72,40.264,0.25645859872611465,0.0,11.776000000000002,8.580189127873266,3.78673503209606,15.069018309742052,0.0784886199725711,9,3,0,67,584.252703796961,3.7213548012545288,0.7713234962809699,6.855842180143584,19.184101382574287,0.12219172855142858,0.0,2.8443877924584586,565.0686024143868,3.5991630727031003,0.0,6.855842180143584,0.0,0.0,0.0,543.988703796961,0.03283528044953837,0.9671647195504617,40.8,56.0,56.0,2284.8,376.0,859084.8,0.0,0.0,0.0
Sonora,Aconchi,1,Ures,142,Avena forrajera en verde,2014,2015,29.783731,-110.246637,627.0,658.181735319989,4.192240352356618,1.2244786604853957,7.989939529381419,15.738726114649682,5.2,23.075,23.710955414012737,9.1,32.41,7.766496815286624,0.12,15.4,37.76598726114649,11.64,87.4,16.9887898089172,5.6,27.85,2.193503184713376,1.04,4.61,43.83,0.279171974522293,0.0,8.26,35.064,0.2233375796178344,0.0,6.6080000000000005,8.618655306624545,4.167080753249647,15.613285281521321,0.0665925498201361,10,3,0,41,607.3671979536905,3.868580878685927,0.652590136711913,7.190945576443277,17.320637987075532,0.11032253494952568,0.0,2.984,590.0465599666151,3.7582583437364017,0.0,7.190945576443277,0.0,0.0,0.0,572.3031979536905,0.028517572311167465,0.9714824276888328,41.8,50.0,50.0,2090.0,374.32,782328.8,0.0,0.0,0.0
Sonora,Aconchi,1,Ures,142,Avena forrajera en verde,2015,2016,29.783731,-110.246637,627.0,585.2513627717349,3.727715686444171,1.061668108662528,6.775939027632142,15.451656050955414,4.92,23.525,23.005541401273884,10.82,33.19,7.897770700636943,-3.23,16.34,47.45993630573249,23.94,88.75,16.414331210191083,3.05,26.78,2.1145222929936303,0.89,5.39,136.45999999999998,0.8691719745222929,0.0,28.23,109.168,0.6953375796178345,0.0,22.584000000000003,8.695247178886012,3.349486801271473,15.650834834366364,0.23316477103740357,16,8,0,29,540.2773877288068,3.441257246680298,0.8066687334270818,6.4887086203594295,33.050810221380914,0.2105147147858657,0.0,3.170100340511562,507.2265775074259,3.2307425318944323,0.0,6.4887086203594295,0.0,0.0,0.0,431.10938772880684,0.061173780306294855,0.938826219693705,43.4,65.0,65.0,2821.0,375.64,1059680.44,0.0,0.0,0.0
Sonora,Aconchi,1,Ures,142,Avena forrajera en verde,2016,2017,29.783731,-110.246637,627.0,630.9483174650707,3.993343781424498,1.4476206801870382,8.098805146059197,14.384968354430379,2.5650000000000004,21.720000000000002,22.732911392405065,8.83,32.34,6.037025316455695,-4.08,14.15,41.15658227848101,13.77,85.46,17.58740506329114,4.6,28.16,2.161139240506329,0.82,4.72,106.75,0.6756329113924051,0.0,14.24,85.4,0.540506329113924,0.0,11.392000000000001,8.957765567550128,3.9567831027716207,15.21563486855949,0.16918976886868342,18,8,0,54,584.1723237133189,3.69729318805898,0.44071113130062994,7.288924631453278,30.661157933265564,0.1940579616029466,0.0,3.5435491952423357,553.5111657800534,3.503235226456034,0.0,7.288924631453278,0.0,0.0,0.0,498.7723237133189,0.05248649531762558,0.9475135046823746,43.5,80.0,80.0,3480.0,394.09,1371433.2,0.0,0.0,0.0
Sonora,Aconchi,1,Ures,142,Avena forrajera en verde,2017,2018,29.783731,-110.246637,627.0,635.9798636221016,4.050827156828673,1.0760381615104875,7.717093516063505,16.02248407643312,6.875,25.259999999999998,23.790891719745222,11.05,33.97,8.254076433121021,-1.12,18.15,42.75343949044586,18.06,87.27,16.935095541401274,3.27,27.76,2.181592356687898,1.14,5.64,99.93,0.6364968152866243,0.0,18.33,79.94400000000002,0.5091974522292995,0.0,14.664,8.792274864738033,3.366585193331767,15.653610313649176,0.15712761632242225,12,7,0,32,574.5350020664482,3.6594586118882053,1.0773056097794766,6.945384164457154,23.458678574518288,0.14941833486954323,0.0,2.8302123331518425,551.0763234919299,3.510040277018662,0.0,6.945384164457154,0.0,0.0,0.0,494.5910020664482,0.04083072134881899,0.959169278651181,43.6,83.0,83.0,3618.8,386.53,1398774.76,0.0,0.0,0.0
Sonora,Aconchi,1,Ures,142,Avena forrajera en verde,2018,2019,29.783731,-110.246637,627.0,664.5401778238975,4.2327399861394746,1.0367959398467652,7.850763131400382,16.877324840764334,6.38,24.94,24.759872611464967,11.35,33.86,8.994777070063693,-1.94,17.31,36.61605095541401,14.6,89.17,16.6159872611465,4.44,27.88,2.1432484076433123,1.08,5.6,70.27000000000001,0.447579617834395,0.0,34.7,56.216,0.35806369426751594,0.0,27.760000000000005,8.4482563878126,3.760941193458482,15.144885497227769,0.10574228969888032,9,3,0,27,613.8171866946387,3.909663609519992,1.07226315047065,7.206873281620336,16.39103673602306,0.10440150787275836,0.0,2.220740688712215,597.4261499586157,3.805262101647234,0.0,7.206873281620336,0.0,0.0,0.0,557.6011866946387,0.026703450296476076,0.973296549703524,44.0,104.0,104.0,4576.0,409.32,1873048.32,0.0,0.0,0.0
Sonora,Aconchi,1,Ures,142,Avena forrajera en verde,2019,2020,29.783731,-110.246637,627.0,541.0542871936309,3.4462056509148464,0.8838339007207349,6.785607751864428,13.777292993630573,4.015,21.355,21.149745222929937,7.92,30.2,6.40484076433121,-3.81,14.53,48.529936305732484,29.57,90.38,16.07910828025478,2.93,27.08,2.0363694267515924,0.81,6.27,141.63,0.9021019108280255,0.0,34.93,113.304,0.7216815286624204,0.0,27.944000000000003,8.575139176180826,3.259894263667269,15.653540077694066,0.2617667087245792,19,9,0,50,494.72998066727195,3.1511463736768914,0.7495114171196278,6.107046976677985,33.710974280954666,0.21471958140735456,0.0,3.636718933998405,461.0190063863173,2.936426792269537,0.0,6.107046976677985,0.0,0.0,0.0,381.4259806672719,0.06814014836029678,0.9318598516397033,43.12,106.0,106.0,4570.72,419.14,1915771.58,0.0,0.0,0.0
Sonora,Aconchi,1,Ures,142,Avena forrajera en verde,2020,2021,29.783731,-110.246637,627.0,472.7161933165433,2.9918746412439448,0.6831122022028141,5.87352623201237,13.395411392405066,2.8,22.205,20.18310126582279,9.25,29.81,6.607721518987342,-4.93,17.16,58.878544303797476,27.69,95.56,15.4026582278481,2.18,27.53,2.0196835443037977,0.82,5.81,363.27,2.2991772151898733,0.0,88.3,217.962,1.379506329113924,0.0,52.98,8.493978061000732,2.8670425540881395,15.945258960262736,0.7684737801159791,27,16,0,56,424.7628331265731,2.6883723615605892,0.754280849778114,5.286173608811134,40.26722708781429,0.2548558676443943,0.0,2.162021840145395,384.4956060387589,2.4335164939161955,0.0,5.286173608811134,0.0,0.0,0.0,206.80083312657314,0.09479931846065083,0.9052006815393494,41.0,98.0,98.0,4018.0,420.0,1687560.0,0.0,0.0,0.0
Sonora,Aconchi,1,Ures,142,Avena forrajera en verde,2021,2022,29.783731,-110.246637,627.0,673.7821391130021,4.291605981611479,1.3971640671616425,8.843563086579154,14.779745222929936,3.18,26.005,23.267324840764328,7.41,35.72,6.292165605095541,-2.8,18.48,33.668598726114645,14.92,87.81,17.611656050955414,5.16,27.75,2.264904458598726,1.05,5.1,79.69,0.5075796178343949,0.0,23.0,63.75200000000001,0.406063694267516,0.0,18.400000000000002,8.677882407389776,4.1577714894106395,15.466092278174479,0.11827265131264475,8,3,1,64,618.6502422131491,3.940447402631523,0.9225663075878774,7.9592067779212385,17.31359645968183,0.11027768445657216,0.0,2.7370000624041952,601.3366457534672,3.8301697181749503,0.0,7.9592067779212385,0.0,0.0,0.0,554.8982422131492,0.027986082083706062,0.9720139179162939,42.0,104.0,104.0,4368.0,554.1,2420308.8,0.0,0.0,0.0
Sonora,Aconchi,1,Ures,142,Avena forrajera en verde,2022,2023,29.783731,-110.246637,627.0,641.9211264394318,4.088669595155617,1.2855252089183806,8.04326417205266,15.239076433121019,4.52,23.115000000000002,23.40286624203822,12.5,33.37,7.075286624203821,-3.8,14.87,38.03764331210191,8.94,88.39,17.361337579617835,5.5,27.35,2.132420382165605,1.07,5.16,74.19,0.4725477707006369,0.0,35.99,59.352000000000004,0.37803821656050957,0.0,28.792,8.795724261883722,4.103871453778044,15.491594235638008,0.11557494674075067,8,4,0,55,581.3544434652207,3.702894544364463,0.8932263650021703,7.238937754847395,16.500997937592008,0.10510189769166883,0.0,3.3678385431467377,564.8534455276288,3.5977926466727945,0.0,7.238937754847395,0.0,0.0,0.0,522.0024434652207,0.028383713452392618,0.9716162865476076,46.36,110.0,110.0,5100.0,678.46,3460146.0,0.0,0.0,0.0
Sonora,Aconchi,1,Ures,142,Avena forrajera en verde,2023,2024,29.783731,-110.246637,627.0,565.1349783322769,3.5995858492501713,0.9947131894816278,8.008530226385956,13.293757961783438,4.0200000000000005,19.950000000000003,21.0443949044586,10.21,30.03,5.5431210191082805,-3.74,13.93,45.13847133757962,19.6,85.23,16.5143949044586,2.41,28.75,2.2122929936305735,1.01,5.03,75.14,0.4785987261146497,0.0,17.77,60.112,0.38287898089171973,0.0,14.216000000000001,8.6195563958753,3.2662913673804947,16.20499343591003,0.13295938648451638,11,4,0,70,523.0830328016774,3.3317390624310663,0.7176794741968859,7.207677203747361,20.849704142061075,0.13280066332522977,0.0,2.1549861774096857,502.23332865961635,3.1989383991058364,0.0,7.207677203747361,0.0,0.0,0.0,462.9710328016774,0.039859262936494576,0.9601407370635054,45.24,105.0,105.0,4750.2,668.19,3174036.14,0.0,0.0,0.0
Sonora,Aconchi,1,Ures,142,Cebada forrajera en verde,2010,2011,29.783731,-110.246637,627.0,351.7024434706665,3.74151535607092,1.0041849342531286,7.813996300721045,11.99207446808511,5.619999999999999,19.39,19.869574468085105,10.41,30.06,4.114574468085106,-2.08,10.44,49.65234042553191,22.95,91.62,18.675319148936172,5.65,27.59,2.4377659574468082,1.19,7.65,124.08000000000001,1.32,0.0,31.12,99.26400000000001,1.056,0.0,24.896,10.165082736440144,4.3610523266935735,16.122143041478576,0.3527982312990351,15,8,0,61,348.91218549756314,3.711831760612374,0.312613400157228,8.986095745829202,29.95871980567522,0.31870978516675763,0.0,3.1888316921494906,318.95346569188797,3.3931219754456166,0.0,8.986095745829202,299.5871980567522,3189.5346569188796,3489.121854975632,249.64818549756313,0.08586320871239521,0.9141367912876049,38.0,120.0,120.0,4560.0,500.5,2282280.0,7.883873633072426,83.93512255049683,91.81899618356925
Sonora,Aconchi,1,Ures,142,Cebada forrajera en verde,2011,2012,29.783731,-110.246637,627.0,693.8655649355389,4.419525891309165,1.3842996036671003,8.310900374713384,14.7071974522293,-4.755,23.62,23.368407643312096,-0.64,34.09,6.045987261146497,-8.87,14.19,31.631464968152862,10.8,79.35,18.216687898089173,6.94,26.9,2.262229299363057,1.13,8.6,11.3,0.07197452229299363,0.0,6.41,9.04,0.0575796178343949,0.0,5.128,8.87464822765667,4.582232261937118,14.964650511707724,0.016285575435711075,3,1,0,56,635.0873472833571,4.04514233938444,1.014743576044204,7.4798103372420455,5.503944544217165,0.035056971619217614,0.0,2.2079999999999997,629.58340273914,4.010085367765223,0.0,7.4798103372420455,0.0,0.0,0.0,626.0473472833571,0.008666437093670312,0.9913335629063298,31.8,115.0,115.0,3657.0,378.0,1382346.0,0.0,0.0,0.0
Sonora,Aconchi,1,Ures,142,Cebada forrajera en verde,2012,2013,29.783731,-110.246637,627.0,608.0267405469251,3.848270509790665,0.9628851056330856,7.645293151090597,13.255063291139239,2.335,22.615000000000002,21.362405063291142,7.39,32.54,5.147721518987341,-2.86,15.09,42.14911392405063,11.99,90.88,17.348987341772155,2.71,28.61,2.2546835443037976,0.96,6.42,121.91999999999999,0.7716455696202531,0.0,42.76,97.536,0.6173164556962025,0.0,34.208,8.840521719163686,3.131900052562274,15.38139135481999,0.20051749679682168,12,8,0,75,555.6213887715775,3.516591068174541,0.38027768534856304,6.880763835981537,17.73945045791347,0.11227500289818652,0.0,2.2114493022040684,537.881938313664,3.4043160652763547,0.0,6.880763835981537,0.0,0.0,0.0,458.08538877157747,0.03192722745453266,0.9680727725454674,38.0,145.0,145.0,5510.0,420.0,2314200.0,0.0,0.0,0.0
Sonora,Aconchi,1,Ures,142,Cebada forrajera en verde,2013,2014,29.783731,-110.246637,627.0,641.2394563388742,4.084327747381365,1.4323166663712663,7.6176024223817596,14.527675159235667,1.5400000000000005,23.395,22.726178343949044,8.55,33.31,6.329171974522294,-5.47,17.52,35.73828025477707,12.8,85.59,17.05,4.56,27.99,2.1508280254777072,1.03,4.61,50.33,0.3205732484076433,0.0,14.72,40.264,0.25645859872611465,0.0,11.776000000000002,8.580189127873266,3.78673503209606,15.069018309742052,0.0784886199725711,9,3,0,67,584.252703796961,3.7213548012545288,0.7713234962809699,6.855842180143584,19.184101382574287,0.12219172855142858,0.0,2.8443877924584586,565.0686024143868,3.5991630727031003,0.0,6.855842180143584,0.0,0.0,0.0,543.988703796961,0.03283528044953837,0.9671647195504617,37.6,132.0,132.0,4963.2,384.0,1905868.8,0.0,0.0,0.0
Sonora,Aconchi,1,Ures,142,Cebada forrajera en verde,2014,2015,29.783731,-110.246637,627.0,658.181735319989,4.192240352356618,1.2244786604853957,7.989939529381419,15.738726114649682,5.2,23.075,23.710955414012737,9.1,32.41,7.766496815286624,0.12,15.4,37.76598726114649,11.64,87.4,16.9887898089172,5.6,27.85,2.193503184713376,1.04,4.61,43.83,0.279171974522293,0.0,8.26,35.064,0.2233375796178344,0.0,6.6080000000000005,8.618655306624545,4.167080753249647,15.613285281521321,0.0665925498201361,10,3,0,41,607.3671979536905,3.868580878685927,0.652590136711913,7.190945576443277,17.320637987075532,0.11032253494952568,0.0,2.984,590.0465599666151,3.7582583437364017,0.0,7.190945576443277,0.0,0.0,0.0,572.3031979536905,0.028517572311167465,0.9714824276888328,37.0,126.0,126.0,4662.0,378.49,1764520.38,0.0,0.0,0.0
Sonora,Aconchi,1,Ures,142,Cebada forrajera en verde,2015,2016,29.783731,-110.246637,627.0,585.2513627717349,3.727715686444171,1.061668108662528,6.775939027632142,15.451656050955414,4.92,23.525,23.005541401273884,10.82,33.19,7.897770700636943,-3.23,16.34,47.45993630573249,23.94,88.75,16.414331210191083,3.05,26.78,2.1145222929936303,0.89,5.39,136.45999999999998,0.8691719745222929,0.0,28.23,109.168,0.6953375796178345,0.0,22.584000000000003,8.695247178886012,3.349486801271473,15.650834834366364,0.23316477103740357,16,8,0,29,540.2773877288068,3.441257246680298,0.8066687334270818,6.4887086203594295,33.050810221380914,0.2105147147858657,0.0,3.170100340511562,507.2265775074259,3.2307425318944323,0.0,6.4887086203594295,0.0,0.0,0.0,431.10938772880684,0.061173780306294855,0.938826219693705,39.6,100.0,100.0,3960.0,382.51,1514739.6,0.0,0.0,0.0
Sonora,Aconchi,1,Ures,142,Cebada forrajera en verde,2016,2017,29.783731,-110.246637,627.0,630.9483174650707,3.993343781424498,1.4476206801870382,8.098805146059197,14.384968354430379,2.5650000000000004,21.720000000000002,22.732911392405065,8.83,32.34,6.037025316455695,-4.08,14.15,41.15658227848101,13.77,85.46,17.58740506329114,4.6,28.16,2.161139240506329,0.82,4.72,106.75,0.6756329113924051,0.0,14.24,85.4,0.540506329113924,0.0,11.392000000000001,8.957765567550128,3.9567831027716207,15.21563486855949,0.16918976886868342,18,8,0,54,584.1723237133189,3.69729318805898,0.44071113130062994,7.288924631453278,30.661157933265564,0.1940579616029466,0.0,3.5435491952423357,553.5111657800534,3.503235226456034,0.0,7.288924631453278,0.0,0.0,0.0,498.7723237133189,0.05248649531762558,0.9475135046823746,41.2,125.0,125.0,5150.0,404.11,2081166.5,0.0,0.0,0.0
Sonora,Aconchi,1,Ures,142,Cebada forrajera en verde,2017,2018,29.783731,-110.246637,627.0,635.9798636221016,4.050827156828673,1.0760381615104875,7.717093516063505,16.02248407643312,6.875,25.259999999999998,23.790891719745222,11.05,33.97,8.254076433121021,-1.12,18.15,42.75343949044586,18.06,87.27,16.935095541401274,3.27,27.76,2.181592356687898,1.14,5.64,99.93,0.6364968152866243,0.0,18.33,79.94400000000002,0.5091974522292995,0.0,14.664,8.792274864738033,3.366585193331767,15.653610313649176,0.15712761632242225,12,7,0,32,574.5350020664482,3.6594586118882053,1.0773056097794766,6.945384164457154,23.458678574518288,0.14941833486954323,0.0,2.8302123331518425,551.0763234919299,3.510040277018662,0.0,6.945384164457154,0.0,0.0,0.0,494.5910020664482,0.04083072134881899,0.959169278651181,41.0,120.0,120.0,4920.0,410.0,2017200.0,0.0,0.0,0.0
Sonora,Aconchi,1,Ures,142,Cebada forrajera en verde,2018,2019,29.783731,-110.246637,627.0,664.5401778238975,4.2327399861394746,1.0367959398467652,7.850763131400382,16.877324840764334,6.38,24.94,24.759872611464967,11.35,33.86,8.994777070063693,-1.94,17.31,36.61605095541401,14.6,89.17,16.6159872611465,4.44,27.88,2.1432484076433123,1.08,5.6,70.27000000000001,0.447579617834395,0.0,34.7,56.216,0.35806369426751594,0.0,27.760000000000005,8.4482563878126,3.760941193458482,15.144885497227769,0.10574228969888032,9,3,0,27,613.8171866946387,3.909663609519992,1.07226315047065,7.206873281620336,16.39103673602306,0.10440150787275836,0.0,2.220740688712215,597.4261499586157,3.805262101647234,0.0,7.206873281620336,0.0,0.0,0.0,557.6011866946387,0.026703450296476076,0.973296549703524,41.8,105.0,105.0,4389.0,422.0,1852158.0,0.0,0.0,0.0
Sonora,Aconchi,1,Ures,142,Cebada forrajera en verde,2019,2020,29.783731,-110.246637,627.0,541.0542871936309,3.4462056509148464,0.8838339007207349,6.785607751864428,13.777292993630573,4.015,21.355,21.149745222929937,7.92,30.2,6.40484076433121,-3.81,14.53,48.529936305732484,29.57,90.38,16.07910828025478,2.93,27.08,2.0363694267515924,0.81,6.27,141.63,0.9021019108280255,0.0,34.93,113.304,0.7216815286624204,0.0,27.944000000000003,8.575139176180826,3.259894263667269,15.653540077694066,0.2617667087245792,19,9,0,50,494.72998066727195,3.1511463736768914,0.7495114171196278,6.107046976677985,33.710974280954666,0.21471958140735456,0.0,3.636718933998405,461.0190063863173,2.936426792269537,0.0,6.107046976677985,0.0,0.0,0.0,381.4259806672719,0.06814014836029678,0.9318598516397033,40.6,104.0,104.0,4222.4,430.0,1815632.0,0.0,0.0,0.0
Sonora,Aconchi,1,Ures,142,Cebada forrajera en verde,2022,2023,29.783731,-110.246637,627.0,641.9211264394318,4.088669595155617,1.2855252089183806,8.04326417205266,15.239076433121019,4.52,23.115000000000002,23.40286624203822,12.5,33.37,7.075286624203821,-3.8,14.87,38.03764331210191,8.94,88.39,17.361337579617835,5.5,27.35,2.132420382165605,1.07,5.16,74.19,0.4725477707006369,0.0,35.99,59.352000000000004,0.37803821656050957,0.0,28.792,8.795724261883722,4.103871453778044,15.491594235638008,0.11557494674075067,8,4,0,55,581.3544434652207,3.702894544364463,0.8932263650021703,7.238937754847395,16.500997937592008,0.10510189769166883,0.0,3.3678385431467377,564.8534455276288,3.5977926466727945,0.0,7.238937754847395,0.0,0.0,0.0,522.0024434652207,0.028383713452392618,0.9716162865476076,40.63,80.0,80.0,3250.0,650.0,2112500.0,0.0,0.0,0.0
Sonora,Aconchi,1,Ures,142,Cebada forrajera en verde,2023,2024,29.783731,-110.246637,627.0,565.1349783322769,3.5995858492501713,0.9947131894816278,8.008530226385956,13.293757961783438,4.0200000000000005,19.950000000000003,21.0443949044586,10.21,30.03,5.5431210191082805,-3.74,13.93,45.13847133757962,19.6,85.23,16.5143949044586,2.41,28.75,2.2122929936305735,1.01,5.03,75.14,0.4785987261146497,0.0,17.77,60.112,0.38287898089171973,0.0,14.216000000000001,8.6195563958753,3.2662913673804947,16.20499343591003,0.13295938648451638,11,4,0,70,523.0830328016774,3.3317390624310663,0.7176794741968859,7.207677203747361,20.849704142061075,0.13280066332522977,0.0,2.1549861774096857,502.23332865961635,3.1989383991058364,0.0,7.207677203747361,0.0,0.0,0.0,462.9710328016774,0.039859262936494576,0.9601407370635054,43.33,45.0,45.0,1949.85,677.65,1321315.85,0.0,0.0,0.0
Sonora,Aconchi,1,Ures,142,Maíz grano,2010,2011,29.783731,-110.246637,627.0,1235.2273186665661,7.2235515711495095,2.5348989569075395,10.810171957833798,24.9240350877193,11.965,32.894999999999996,32.54116959064327,17.23,41.29,17.306900584795326,3.6,25.36,41.07222222222223,10.11,89.62,26.907543859649127,11.68,32.38,2.1879532163742694,0.87,5.28,317.30999999999995,1.855614035087719,0.0,30.23,190.38599999999997,1.1133684210526313,0.0,18.137999999999998,16.512480427229928,8.765860615836614,19.070649867352067,0.2568838910902146,45,19,59,2,1138.546950025871,6.658169298396906,1.2226737282669853,12.972206349400558,120.10417610059157,0.702363602927436,0.0,7.113256544904789,1018.4427739252797,5.955805695469472,0.0,12.972206349400558,1201.0417610059158,10184.427739252797,11385.469500258712,948.160950025871,0.1054889972678443,0.8945110027321559,3.2,38.0,38.0,121.6,3100.0,376960.0,432.02941043378263,3663.4632155585596,4095.4926259923423
Sonora,Aconchi,1,Ures,142,Maíz grano,2011,2012,29.783731,-110.246637,627.0,1290.194049633972,7.54499444230393,3.118750500338317,11.401544805601526,25.439210526315787,12.195,32.93,33.37070175438596,18.62,43.01,17.50771929824561,4.07,23.98,38.29461988304094,6.37,87.85,27.073859649122813,14.98,32.72,2.2540935672514624,0.88,6.67,293.21,1.7146783625730992,0.0,19.8,175.92600000000002,1.0288070175438597,0.0,11.88,16.462371112516724,10.717337432665486,19.586450216919474,0.22726038775576715,46,22,60,2,1160.596858325157,6.787116130556473,1.2571294623236933,13.681853766721831,132.59271777855443,0.7753960104009031,0.0,7.89,1028.0041405466025,6.01172012015557,0.0,13.681853766721831,1325.9271777855442,10280.041405466025,11605.96858325157,984.6708583251569,0.11424528407727844,0.8857547159227215,3.6,50.0,50.0,180.0,3050.0,549000.0,420.9292627890616,3263.505208084452,3684.434470873514
Sonora,Aconchi,1,Ures,142,Maíz grano,2012,2013,29.783731,-110.246637,627.0,1229.5442373175138,7.190317177295402,3.284217060369535,10.977032577702078,25.10698830409357,13.16,31.55,32.68052631578948,20.45,41.31,17.533450292397664,2.56,23.37,41.342865497076026,6.43,86.88,26.59982456140351,13.32,32.48,2.0682456140350873,0.72,4.49,349.7199999999999,2.045146198830409,0.0,14.49,209.832,1.2270877192982457,0.0,8.693999999999999,16.2362865966344,9.793397969429865,19.007392097524892,0.28443059581408886,62,34,55,2,1106.6668496164089,6.471735962669058,1.7012405304229319,13.172439093242494,178.59076020760068,1.0443904105707642,0.0,7.002,928.076089408808,5.427345552098292,0.0,13.172439093242494,1785.9076020760067,9280.76089408808,11066.668496164086,896.8348496164089,0.16137716628044252,0.8386228337195574,3.64,48.0,48.0,174.72,3150.0,550368.0,572.4062827166688,2974.6028506692564,3547.0091333859255
Sonora,Aconchi,1,Ures,142,Maíz grano,2013,2014,29.783731,-110.246637,627.0,1260.3038044596494,7.370197686898535,2.448971905052023,11.44753078739875,25.475906432748538,13.78,32.86,33.123450292397656,19.95,45.09,17.82836257309942,4.6,24.56,40.03514619883042,5.49,83.77,26.642163742690055,9.48,32.47,2.2192397660818712,0.97,5.58,337.03000000000003,1.97093567251462,0.0,26.56,202.21800000000002,1.182561403508772,0.0,15.935999999999998,16.285674738074764,7.198458131324732,19.021746197206866,0.26741964818911296,45,20,48,1,1134.1816564283558,6.632641265662899,1.4693831430312136,13.737036944878499,131.8504523711135,0.7710552770240556,0.0,7.927808765325157,1002.3312040572423,5.8615859886388435,0.0,13.737036944878499,1318.504523711135,10023.312040572422,11341.816564283557,931.9636564283558,0.11625161774025064,0.8837483822597494,3.4,38.0,38.0,129.2,3050.0,394060.0,488.3350087819019,3712.3377928046007,4200.672801586503
Sonora,Aconchi,1,Ures,142,Maíz grano,2014,2015,29.783731,-110.246637,627.0,1227.8954273587356,7.180675013793775,1.6757341363275586,12.121924479088296,25.1940350877193,14.274999999999999,33.655,32.41812865497076,21.65,44.31,17.969941520467835,5.19,23.65,41.73058479532164,7.0,89.51,25.86111111111111,5.01,32.05,2.1643859649122805,0.58,4.83,414.0199999999999,2.421169590643274,0.0,44.19,248.41199999999998,1.4527017543859648,0.0,26.514,15.88143267663834,4.533130358337256,19.02041390283585,0.33717855020486365,55,27,50,0,1121.2289469219334,6.556894426444055,1.0054404817965352,14.546309374905954,146.64777320320914,0.8575893169778313,0.0,7.412834003564425,974.5811737187241,5.699305109466223,0.0,14.546309374905954,1466.4777320320914,9745.811737187241,11212.289469219333,872.8169469219333,0.13079199712582842,0.8692080028741715,2.8,85.0,25.0,70.0,3100.0,217000.0,598.5623396049352,3977.882341709078,4576.444681314013
Sonora,Aconchi,1,Ures,142,Maíz grano,2015,2016,29.783731,-110.246637,627.0,1127.1786394320925,6.591687949895277,2.068912176270081,10.824220053545403,24.4466081871345,13.515,32.335,31.336900584795327,17.94,42.28,17.556315789473686,4.93,23.55,49.37157894736843,13.64,85.75,25.764502923976604,7.04,32.35,2.066842105263158,0.64,4.55,377.75,2.2090643274853803,0.0,21.07,226.65,1.325438596491228,0.0,12.642,16.282320049529662,5.816700831763636,19.760892231833523,0.33512877798174223,52,28,34,1,1020.2254310167866,5.966230590741442,1.099704275126569,12.989064064254483,158.17707723017222,0.9250121475448667,0.0,6.798,862.0483537866145,5.041218443196576,0.0,12.989064064254483,1581.7707723017222,8620.483537866145,10202.254310167868,793.5754310167866,0.1550413001100436,0.8449586998899564,3.5,65.0,65.0,227.5,3395.0,772362.5,591.3161765613916,3222.6106683611756,3813.9268449225674
Sonora,Aconchi,1,Ures,142,Maíz grano,2016,2017,29.783731,-110.246637,627.0,1229.5827977744093,7.19054267704333,1.9319357620702717,10.840321461232058,25.2293567251462,13.879999999999999,32.42,32.89976608187135,21.74,43.96,17.55894736842105,4.86,25.01,40.926608187134505,9.63,85.89,26.819649122807018,6.52,32.57,2.1404093567251463,0.8,4.87,294.0,1.719298245614035,0.0,24.14,176.4,1.0315789473684212,0.0,14.484,16.524387051981996,5.4982160907840765,19.006643515780674,0.23910549214916715,45,21,51,1,1106.8604755525307,6.472868278084975,1.159161457242163,13.00838575347847,129.3515125886528,0.7564415940856889,0.0,6.4965188862685554,977.5089629638778,5.716426683999286,0.0,13.00838575347847,1293.515125886528,9775.089629638778,11068.604755525306,930.4604755525307,0.11686343079879348,0.8831365692012064,3.6,70.0,70.0,252.0,3450.0,869400.0,434.7950002979926,3285.744413323959,3720.539413621952
Sonora,Aconchi,1,Ures,142,Maíz grano,2017,2018,29.783731,-110.246637,627.0,1242.9692593479656,7.268826078058279,2.639893099653168,11.139148584903815,25.68649122807017,14.12,34.69,33.34883040935672,19.83,44.53,18.024152046783627,5.94,26.29,40.26970760233918,5.43,88.9,26.538596491228073,10.29,32.59,2.112163742690059,0.7,4.88,267.36,1.5635087719298246,0.0,16.41,160.41600000000003,0.9381052631578949,0.0,9.846,16.195267894218947,7.722411746182727,19.300710526280085,0.21509783768928542,50,22,58,0,1098.7993078903837,6.42572694672739,1.695609101566798,13.366978301884577,140.75283981265238,0.8231160222962127,0.0,7.104,958.0464680777312,5.602610924431176,0.0,13.366978301884577,1407.5283981265238,9580.464680777312,10987.993078903835,938.3833078903837,0.12809694982688677,0.8719030501731131,3.65,52.0,52.0,189.8,3500.0,664300.0,568.6983426773834,3870.8948205160855,4439.593163193469
Sonora,Aconchi,1,Ures,142,Maíz grano,2018,2019,29.783731,-110.246637,627.0,1258.9354041797271,7.362195346080275,2.9722373189242304,11.270765691059282,26.155,16.39,32.82,33.473216374269015,23.11,42.51,18.836783625730995,6.28,25.87,40.39140350877193,6.81,83.93,26.469590643274856,7.59,32.56,2.1004678362573097,0.83,4.77,314.77000000000004,1.8407602339181288,0.0,25.73,188.86200000000002,1.1044561403508772,0.0,15.437999999999999,16.199234596120228,6.3978615840782,19.659693595199755,0.2500287139077575,52,19,71,0,1130.621735531463,6.611823014803877,1.7675905207666949,13.524918829271138,129.286164809068,0.756059443327883,0.0,7.386,1001.3355707223948,5.855763571475993,0.0,13.524918829271138,1292.8616480906799,10013.355707223947,11306.217355314628,941.7597355314629,0.1143496191043023,0.8856503808956976,4.21,42.0,42.0,176.82,4750.0,839895.0,416.3805629921674,3224.913271247648,3641.2938342398156
Sonora,Aconchi,1,Ures,142,Maíz grano,2019,2020,29.783731,-110.246637,627.0,1213.2347650267457,7.0949401463552375,3.265189384847796,11.062179124116533,24.979415204678364,14.36,34.155,32.21409356725147,19.4,42.59,17.744736842105265,6.11,26.28,43.610994152046786,11.74,83.74,26.731871345029237,13.47,32.63,2.152280701754386,0.86,4.45,272.88,1.5957894736842104,0.0,20.69,163.728,0.9574736842105264,0.0,12.414,16.574379783674786,9.668124953477436,19.203353608957677,0.22491937081442304,47,20,44,0,1105.8053322725605,6.4666978495471374,1.4375755543336892,13.274614948939838,122.62131358911893,0.7170837051995259,0.0,7.564144273020879,983.1840186834418,5.749614144347612,0.0,13.274614948939838,1226.2131358911893,9831.840186834417,11058.053322725606,942.0773322725604,0.11088869804698595,0.8891113019530142,3.28,15.0,11.0,36.08,5320.0,191945.6,431.76518869408073,3461.9155587445134,3893.680747438594
Sonora,Aconchi,1,Ures,142,Maíz grano,2020,2021,29.783731,-110.246637,627.0,1264.5716782383006,7.395156013089477,3.099153005585,10.926287025559702,26.315146198830405,12.965,32.745000000000005,34.17818713450292,19.93,42.14,18.452105263157897,5.37,24.29,40.6985380116959,12.62,83.17,26.864152046783627,12.78,32.73,2.1500584795321633,0.59,3.87,226.54000000000002,1.324795321637427,0.0,29.84,181.232,1.0598362573099416,0.0,23.872,16.644259671739334,9.36853579426097,19.240799878475066,0.17914366097111814,47,18,86,0,1153.9322175446175,6.748141623067939,1.3280827099610697,13.111544430671643,137.3996842069659,0.8035069251869351,0.0,9.440269900342514,1016.5325333376516,5.944634697881003,0.0,13.111544430671643,1373.9968420696591,10165.325333376515,11539.322175446174,972.7002175446175,0.11907084499237777,0.8809291550076221,3.86,35.0,35.0,135.0,5248.15,708500.25,711.9154622122586,5267.007944754671,5978.92340696693
Sonora,Aconchi,1,Ures,142,Maíz grano,2021,2022,29.783731,-110.246637,627.0,1224.6051637248643,7.161433705993359,2.4936795927770636,11.521959281507923,25.75020467836257,15.245000000000001,33.335,33.061052631578946,22.41,43.2,18.439356725146197,8.08,23.47,42.63818713450292,8.61,89.73,26.201520467836264,9.83,32.41,2.10812865497076,0.69,5.24,299.62,1.7521637426900585,0.0,19.95,179.772,1.051298245614035,0.0,11.969999999999999,16.16086336941631,7.663919008344471,19.00414147842824,0.2446666149019412,58,22,50,0,1094.345530764942,6.399681466461649,1.613204926731618,13.826351137809509,138.147373716167,0.807879378457117,0.0,6.850824357323237,956.1981570487749,5.591802088004531,0.0,13.826351137809509,1381.4737371616702,9561.98157048775,10943.45530764942,914.573530764942,0.12623743583034758,0.8737625641696524,5.2,40.0,40.0,208.0,6000.0,1248000.0,406.31580504755004,2812.3475207316906,3218.6633257792405
Sonora,Aconchi,1,Ures,142,Maíz grano,2022,2023,29.783731,-110.246637,627.0,1175.1235457666837,6.872067519103414,1.8526410152061388,11.225345392381522,25.25915204678363,16.935000000000002,31.990000000000002,32.502105263157894,23.8,42.16,18.01619883040936,6.2,23.44,46.44187134502925,2.8,91.18,25.744269005847954,7.09,32.26,2.0140935672514617,0.73,4.37,459.96,2.689824561403509,0.0,32.39,275.97599999999994,1.6138947368421048,0.0,19.434,15.947232563875033,5.887105041795641,19.396730512876825,0.39141416377620886,66,27,50,0,1054.5886329366333,6.167184987933528,1.1115846091236832,13.470414470857826,175.6445840679321,1.0271613103387842,0.0,8.333928898967606,878.9440488687012,5.140023677594744,0.0,13.470414470857826,1756.445840679321,8789.440488687012,10545.886329366334,778.6126329366334,0.16655269987011703,0.833447300129883,0.0,4.0,0.0,0.0,0.0,0.0,,,
Sonora,Aconchi,1,Ures,142,Maíz grano,2023,2024,29.783731,-110.246637,627.0,1353.6228382329264,7.915923030601909,3.1688633932149166,11.276288700667983,26.947777777777777,13.01,34.0,35.31777777777778,21.18,44.65,18.57777777777778,2.17,26.28,31.935614035087724,10.19,77.96,27.1766081871345,8.92,32.04,2.254152046783626,0.85,4.05,165.04,0.9651461988304093,0.0,14.54,132.03199999999998,0.7721169590643274,0.0,11.632,16.443201473751436,6.997019305133057,18.9780102964523,0.12192465680872365,33,11,94,2,1212.2652742250525,7.089270609503231,1.7753861230491943,13.531546440801579,109.83324097055164,0.6422996547985477,0.0,9.056532609180854,1102.4320332545008,6.446970954704683,0.0,13.531546440801579,1098.3324097055165,11024.320332545009,12122.652742250524,1080.2332742250526,0.0906016556819737,0.9093983443180262,8.5,4.0,4.0,34.0,9100.0,309400.0,129.2155776124137,1296.9788626523539,1426.1944402647675
Sonora,Aconchi,1,Ures,142,Sorgo grano,2010,2011,29.783731,-110.246637,627.0,1222.3311133414259,7.148135165739332,2.5348989569075395,10.810171957833798,22.68362573099415,8.525,32.894999999999996,30.86029239766082,16.02,41.29,14.506959064327486,0.19,25.36,37.16783625730994,10.11,89.62,27.019356725146196,11.68,32.38,2.391345029239766,0.87,5.28,252.26,1.475204678362573,0.0,30.23,151.35599999999997,0.8851228070175436,0.0,18.137999999999998,16.208151425777224,8.765860615836614,19.070649867352067,0.206376158838344,35,15,51,15,926.3291918676107,5.417129777003571,0.8318691370824759,10.65233801350432,78.5289265322681,0.45923348849279594,0.0,3.614381293036827,847.8002653353426,4.957896288510775,0.0,10.65233801350432,785.289265322681,8478.002653353426,9263.291918676106,774.9731918676107,0.08477431913156346,0.9152256808684366,2.1,14.0,14.0,29.4,2000.0,58800.0,373.94726920127664,4037.1441206444883,4411.091389845765
Sonora,Aconchi,1,Ures,142,Sorgo grano,2011,2012,29.783731,-110.246637,627.0,1305.9324890278142,7.637032099577861,3.118750500338317,11.401544805601526,23.798918128654975,12.195,32.93,32.293040935672515,18.62,43.01,15.304795321637426,4.07,23.98,32.158596491228074,6.37,87.85,27.226023391812873,14.98,32.72,2.4085964912280704,0.91,6.67,253.91,1.4848538011695906,0.0,19.8,152.346,0.8909122807017544,0.0,11.88,16.048097369243514,10.717337432665486,19.586450216919474,0.1944281210041878,36,19,49,3,986.5750527766593,5.7694447530798785,1.368130765279748,10.953485578553037,93.26037635530406,0.5453823178672752,0.0,4.680172520077329,893.3146764213551,5.224062435212603,0.0,10.953485578553037,932.6037635530406,8933.14676421355,9865.750527766591,834.2290527766593,0.09452942895001049,0.9054705710499894,3.0,15.0,15.0,45.0,2200.0,99000.0,373.04150542121624,3573.25870568542,3946.300211106636
Sonora,Aconchi,1,Ures,142,Sorgo grano,2012,2013,29.783731,-110.246637,627.0,1254.0191590945442,7.3334453748218955,2.0229919122754905,10.977032577702078,23.458216374269007,8.595,31.55,31.734385964912285,11.87,41.31,15.182046783625731,0.0,23.37,34.027602339181286,6.43,83.74,26.833274853801168,6.64,32.48,2.28672514619883,0.92,4.73,260.42999999999995,1.5229824561403507,0.0,14.49,156.258,0.9137894736842106,0.0,8.693999999999999,15.919808278758008,5.591919775255834,19.007392097524892,0.2076762528796144,46,26,55,12,964.4588317751471,5.640110127340042,0.6068975736826471,10.951405406066389,113.71334490943912,0.6649903211078311,0.0,4.643151099849308,850.745486865708,4.975119806232211,0.0,10.951405406066389,1137.1334490943912,8507.45486865708,9644.588317751472,808.2008317751471,0.11790378309890381,0.8820962169010962,3.24,8.0,8.0,25.92,3540.0,91756.8,418.0637680494085,3127.7407605356907,3545.8045285850994
Sonora,Aconchi,1,Ures,142,Sorgo grano,2013,2014,29.783731,-110.246637,627.0,1288.2490689150764,7.533620286053078,3.6769886242034073,11.44753078739875,23.959766081871344,9.57,32.86,32.196432748538015,16.23,45.09,15.723099415204675,1.68,24.56,33.08245614035088,5.49,83.47,27.010584795321634,14.07,32.47,2.3884795321637426,0.97,5.58,215.23,1.258654970760234,0.0,26.56,172.18400000000003,1.0069239766081872,0.0,21.248,16.011753051465092,8.887754801782936,19.021746197206866,0.16707172952297186,30,12,43,6,974.5165526436685,5.698927208442506,1.103096587261022,11.44753078739875,83.60672881000367,0.48892823865499224,0.0,4.329727889967622,890.9098238336649,5.209998969787514,0.0,11.44753078739875,836.0672881000368,8909.098238336648,9745.165526436685,802.3325526436686,0.08579303099900698,0.914206969000993,3.18,10.0,10.0,31.8,3000.0,95400.0,335.7699952208983,3577.9510997335933,3913.7210949544915
Sonora,Aconchi,1,Ures,142,Sorgo grano,2014,2015,29.783731,-110.246637,627.0,1261.4078885849954,7.376654319210499,3.5485843466339753,12.121924479088296,23.905701754385966,14.274999999999999,33.655,31.67812865497076,21.35,44.31,16.13327485380117,5.19,23.65,34.8306432748538,7.0,86.2,26.358479532163745,7.64,32.05,2.331988304093567,0.58,4.83,250.16,1.4629239766081872,0.0,18.51,150.096,0.8777543859649123,0.0,11.106,15.73836976063776,6.614259058669085,19.02041390283585,0.1983180874828847,39,19,47,0,963.7498511719812,5.63596404194141,1.0712969781010686,12.121924479088296,92.90285063156556,0.5432915241612021,0.0,3.5396397457845357,870.8470005404158,5.092672517780209,0.0,12.121924479088296,929.0285063156556,8708.470005404159,9637.498511719814,813.6538511719812,0.09639726586581547,0.9036027341341848,2.08,80.0,45.0,93.6,3150.0,294840.0,485.13237927710475,4547.503919271101,5032.636298548206
Sonora,Aconchi,1,Ures,142,Sorgo grano,2015,2016,29.783731,-110.246637,627.0,1126.3119830127048,6.586619783700028,1.468643485327401,10.824220053545403,22.932251461988304,9.955,32.335,30.242923976608182,14.83,42.28,15.621578947368421,3.75,23.55,45.49795321637427,13.64,86.68,25.837251461988306,6.32,32.35,2.2204093567251464,0.64,4.76,372.45000000000005,2.178070175438597,0.0,21.07,223.46999999999997,1.3068421052631578,0.0,12.642,16.022320577459933,5.190970922764388,19.760892231833523,0.33068102410111605,48,26,34,2,853.6972349199064,4.992381490759686,0.4405930455982203,10.824220053545403,119.00480262133733,0.6959345182534347,0.0,5.058,734.692432298569,4.296446972506251,0.0,10.824220053545403,1190.0480262133733,7346.924322985689,8536.972349199063,630.2272349199063,0.1393993066318205,0.8606006933681795,2.3,52.0,52.0,119.6,3420.0,409032.0,602.5559626396828,3719.9616825243997,4322.517645164083
Sonora,Aconchi,1,Ures,142,Sorgo grano,2016,2017,29.783731,-110.246637,627.0,1227.9906158758401,7.181231671788539,1.9750074695028712,10.840321461232058,23.664269005847952,7.415,32.42,31.721929824561407,10.01,43.96,15.6066081871345,2.19,25.01,36.60169590643275,9.63,85.89,26.86251461988304,10.7,32.57,2.262046783625731,0.8,4.29,241.96999999999997,1.4150292397660817,0.0,17.9,193.576,1.1320233918128655,0.0,14.32,16.187905673428556,7.787712804830307,19.006643515780674,0.1970454797225137,38,19,44,3,928.4443527553499,5.429499138920175,0.5925022408508613,10.717793968091375,104.72537613289259,0.6124291001923543,0.0,4.616,823.7189766224571,4.817070038727819,0.0,10.701793968091375,1047.253761328926,8237.189766224572,9284.443527553498,734.8683527553499,0.1127966106122553,0.8872033893877446,2.4,50.0,50.0,120.0,3550.0,426000.0,463.3866200570469,3644.774232842731,4108.160852899779
Sonora,Aconchi,1,Ures,142,Sorgo grano,2017,2018,29.783731,-110.246637,627.0,1246.1677022032636,7.287530422241308,2.639893099653168,11.139148584903815,24.33038011695907,14.12,34.69,32.357602339181284,19.83,44.53,16.30315789473684,4.52,26.29,36.43584795321638,5.43,88.9,26.757368421052632,10.77,32.59,2.227485380116959,0.79,4.88,231.92000000000002,1.3562573099415205,0.0,16.41,185.536,1.0850058479532163,0.0,13.128,15.957985951746945,8.256361484093757,19.300710526280085,0.18610657264664954,40,20,46,1,948.3803963141315,5.5460841889715295,1.148246245237851,11.139148584903815,101.91353820943128,0.5959856035639256,0.0,4.577777616343719,846.4668581047001,4.950098585407603,0.0,11.139148584903815,1019.1353820943128,8464.668581047,9483.803963141314,762.8443963141315,0.10746061243517577,0.8925393875648241,2.35,20.0,20.0,47.0,3580.0,168260.0,570.9441916494749,4742.111249886275,5313.05544153575
Sonora,Aconchi,1,Ures,142,Sorgo grano,2018,2019,29.783731,-110.246637,627.0,1269.4707175584565,7.423805365838927,2.9722373189242304,11.270765691059282,24.70461988304094,12.225000000000001,32.82,32.58146198830409,19.39,42.51,16.827777777777776,0.69,25.87,34.15953216374269,6.81,82.59,26.222105263157896,7.59,32.56,2.2792397660818713,0.85,4.77,228.33999999999997,1.3353216374269004,0.0,25.73,182.67200000000003,1.0682573099415207,0.0,20.584000000000003,15.664852468207531,6.3978615840782,19.659693595199755,0.1798702379202263,39,15,65,1,977.2935314536851,5.715166850606345,1.3429289479959678,11.270765691059282,91.65428519287883,0.5359899718881803,0.0,4.248994896861498,885.6392462608063,5.179176878718166,0.0,11.270765691059282,916.5428519287883,8856.392462608062,9772.935314536851,794.6215314536851,0.09378378372825895,0.9062162162717411,3.37,14.0,14.0,47.18,4100.0,193438.0,323.29553859921987,3123.9479585919094,3447.2434971911293
Sonora,Aconchi,1,Ures,142,Sorgo grano,2019,2020,29.783731,-110.246637,627.0,1196.4656952805515,6.996875410997377,1.9136567129163076,11.062179124116533,23.169999999999998,9.635,34.155,30.803625730994153,12.76,42.59,15.536374269005849,2.38,26.28,39.68438596491229,11.74,83.74,26.465029239766086,4.35,32.63,2.271345029239766,0.86,4.45,253.06999999999996,1.4799415204678361,0.0,34.93,151.842,0.8879649122807018,0.0,20.958,16.119047753231047,4.410932846259717,19.203353608957677,0.21151463096537776,36,16,40,3,900.8632705669454,5.268206260625412,0.5740970138748922,9.627155445908164,73.69107705389715,0.4309419710754219,0.0,3.4668994584679034,827.1721935130482,4.8372642895499895,0.0,9.627155445908164,736.9107705389715,8271.721935130483,9008.632705669454,749.0212705669454,0.08180051231028736,0.9181994876897126,3.67,6.0,6.0,22.0,4650.0,102300.0,200.79312548745818,2253.8751866840553,2454.6683121715137
Sonora,Aconchi,1,Ures,142,Sorgo grano,2020,2021,29.783731,-110.246637,627.0,1201.1108561264496,7.024040094306723,1.0770866578196976,10.926287025559702,23.95964912280702,7.9399999999999995,32.745000000000005,31.773742690058477,11.41,42.14,16.145555555555553,0.96,24.29,41.36964912280702,12.62,87.58,26.372397660818717,3.44,32.73,2.2175438596491226,0.83,4.39,249.18,1.4571929824561405,0.0,27.45,199.344,1.1657543859649122,0.0,21.96,16.207755246534717,3.833639898987814,19.240799878475066,0.20745795338458503,44,17,72,6,907.1620441649177,5.305041193946887,0.32312599734590924,9.868812287992862,108.87245657278426,0.6366810325893816,0.0,5.616,798.2895875921336,4.668360161357506,0.0,9.868812287992862,1088.7245657278427,7982.895875921336,9071.620441649178,707.8180441649176,0.12001434283221815,0.879985657167782,3.8,10.0,10.0,38.0,4800.0,182400.0,573.0129293304435,4201.524145221756,4774.5370745522
Sonora,Aconchi,1,Ures,142,Sorgo grano,2021,2022,29.783731,-110.246637,627.0,1226.097201123302,7.170159070896503,2.4936795927770636,11.521959281507923,23.647485380116958,7.92,33.335,31.479766081871343,13.19,43.2,15.815204678362576,-1.7,23.47,37.063099415204675,8.61,84.73,26.28409356725146,9.83,32.41,2.321345029239766,0.69,5.24,225.72,1.32,0.0,19.95,180.576,1.056,0.0,15.96,15.778731635307201,7.663919008344471,19.00414147842824,0.18409633411870135,45,16,43,11,941.9937790147321,5.508735549793755,1.0786583362466875,11.521959281507923,108.4503376478998,0.6342125008649111,0.0,4.71001958803453,833.5434413668322,4.874523048928843,0.0,11.521959281507923,1084.503376478998,8335.434413668321,9419.93779014732,761.4177790147321,0.11512850728306531,0.8848714927169345,4.6,5.0,5.0,23.0,4950.0,113850.0,349.83979886419297,2688.849810860749,3038.689609724942
Sonora,Aconchi,1,Ures,142,Sorgo forrajero en verde,2010,2011,29.783731,-110.246637,627.0,1105.2733650263117,7.319691159114647,2.772897123608253,10.810171957833798,22.130927152317884,8.525,32.894999999999996,30.645894039735104,16.02,41.29,13.61596026490066,0.19,25.36,33.52701986754967,10.11,88.33,27.29900662251656,13.87,32.38,2.5223841059602647,0.87,5.28,135.76000000000002,0.8990728476821194,0.0,21.01,108.608,0.7192582781456954,0.0,16.808000000000003,16.159536978080016,8.77034401825628,19.070649867352067,0.12282934185858009,23,7,45,15,982.7032849458058,6.507968774475535,0.8318691370824759,10.65233801350432,66.5417575550324,0.4406738910929298,0.0,5.377849103940609,916.1615273907734,6.067294883382605,0.0,10.65233801350432,665.417575550324,9161.615273907733,9827.032849458057,874.0952849458058,0.06771296949384072,0.9322870305061592,49.0,38.0,38.0,1862.0,500.5,931931.0,13.579950521435185,186.97174028383128,200.55169080526647
Sonora,Aconchi,1,Ures,142,Sorgo forrajero en verde,2011,2012,29.783731,-110.246637,627.0,1197.5654772670287,7.930897200443899,4.049294177015032,11.401544805601526,23.457814569536424,12.195,32.93,32.383046357615896,18.62,43.01,14.532582781456954,4.07,23.98,27.671920529801326,6.37,78.45,27.77543046357616,17.38,32.72,2.545761589403974,0.91,6.67,137.06000000000003,0.9076821192052982,0.0,18.5,109.648,0.7261456953642383,0.0,14.8,16.122659313270308,10.811373966098481,19.586450216919474,0.11444885695334628,23,11,47,3,1047.7880993102997,6.938994035167547,1.368130765279748,10.953485578553037,88.0010656342429,0.582788514134059,0.0,7.232993894664963,959.7870336760568,6.3562055210334885,0.0,10.953485578553037,880.010656342429,9597.870336760569,10477.880993102997,938.1400993102997,0.08398746434719873,0.9160125356528013,48.8,150.0,150.0,7320.0,371.25,2717550.0,18.033005252918628,196.67767083525757,214.7106760881762
Sonora,Aconchi,1,Ures,142,Sorgo forrajero en verde,2012,2013,29.783731,-110.246637,627.0,1137.1088990066355,7.530522509977718,2.0229919122754905,10.977032577702078,23.023841059602653,8.595,31.55,31.616821192052978,11.87,41.31,14.430860927152317,0.0,23.37,30.469668874172186,6.43,83.74,27.184834437086092,6.64,32.48,2.4033112582781455,1.08,4.73,204.44000000000003,1.353907284768212,0.0,11.67,163.552,1.0831258278145695,0.0,9.336,15.909036399132274,5.591919775255834,19.007392097524892,0.17978928858845122,35,22,49,12,1008.5175317910881,6.67892405159661,0.6068975736826471,10.951405406066389,129.28115056011998,0.8561665600007946,0.0,7.175778972494384,879.2363812309679,5.822757491595814,0.0,10.951405406066389,1292.8115056011998,8792.363812309679,10085.175317910878,844.9655317910881,0.12818929417173508,0.8718107058282647,49.8,150.0,150.0,7470.0,375.41,2804312.7,25.96007039359839,176.55349020702167,202.51356060062005
Sonora,Aconchi,1,Ures,142,Sorgo forrajero en verde,2013,2014,29.783731,-110.246637,627.0,1164.5563677921127,7.712293826437833,3.6769886242034073,11.44753078739875,23.4778476821192,9.57,32.86,31.952781456953648,16.23,45.09,15.002913907284766,1.68,24.56,30.28701986754967,5.49,83.47,27.363443708609267,14.07,32.47,2.503509933774834,0.97,5.58,179.8,1.190728476821192,0.0,26.56,143.83999999999997,0.9525827814569535,0.0,21.248,16.015370989782603,8.887754801782936,19.021746197206866,0.15439355704257027,22,11,36,6,1023.8244197283834,6.780294170386645,1.103096587261022,11.44753078739875,76.1215779721393,0.5041164104115186,0.0,5.615531208771986,947.7028417562442,6.276177759975127,0.0,11.44753078739875,761.2157797213931,9477.028417562442,10238.244197283835,879.9844197283835,0.0743502269581869,0.9256497730418132,50.0,148.0,148.0,7400.0,376.0,2782400.0,15.224315594427862,189.54056835124885,204.7648839456767
Sonora,Aconchi,1,Ures,142,Sorgo forrajero en verde,2014,2015,29.783731,-110.246637,627.0,1155.9858286161937,7.655535288848965,3.570989927003562,12.121924479088296,23.692417218543046,14.274999999999999,33.655,31.830529801324502,21.35,44.31,15.554304635761591,5.19,23.65,30.34781456953642,7.0,82.63,26.771125827814572,7.64,32.05,2.465364238410596,0.58,4.83,145.62,0.9643708609271523,0.0,16.05,116.49600000000001,0.771496688741722,0.0,12.840000000000002,15.75707534750469,6.614259058669085,19.02041390283585,0.1259704024004504,22,11,46,0,1021.4063862758348,6.764280703813476,1.0712969781010686,12.121924479088296,81.83918249072565,0.5419813409981831,0.0,5.470352334394281,939.5672037851092,6.222299362815293,0.0,12.121924479088296,818.3918249072565,9395.672037851093,10214.063862758348,904.9103862758349,0.08012401683635513,0.9198759831636448,38.5,180.0,180.0,6930.0,382.0,2647260.0,21.2569305170716,244.04342955457383,265.30036007164546
Sonora,Aconchi,1,Ures,142,Sorgo forrajero en verde,2015,2016,29.783731,-110.246637,627.0,1013.7607361751343,6.713647259437976,1.468643485327401,10.824220053545403,22.45198675496689,9.955,32.335,30.0446357615894,14.83,42.28,14.85933774834437,3.75,23.55,42.629933774834434,13.64,86.68,26.030728476821196,6.32,32.35,2.334966887417218,0.89,4.76,265.62000000000006,1.7590728476821196,0.0,19.41,159.372,1.0554437086092716,0.0,11.645999999999999,15.980134528333538,5.190970922764388,19.760892231833523,0.26201448775987346,37,17,30,2,900.8057498828729,5.965600992601807,0.4405930455982203,10.824220053545403,100.60349033950686,0.6662482803940852,0.0,5.340140971185135,800.2022595433659,5.299352712207721,0.0,10.824220053545403,1006.0349033950686,8002.022595433659,9008.057498828728,741.4337498828729,0.11168166983013576,0.8883183301698642,48.6,200.0,200.0,9720.0,385.19,3744046.8,20.700306654219517,164.65067068793536,185.35097734215486
Sonora,Aconchi,1,Ures,142,Sorgo forrajero en verde,2016,2017,29.783731,-110.246637,627.0,1114.9067960197694,7.383488715362711,1.9750074695028712,10.840321461232058,23.39109271523179,7.415,32.42,31.782913907284765,10.01,43.96,14.99927152317881,2.19,25.01,32.645894039735104,9.63,76.83,27.211192052980127,10.7,32.57,2.3509933774834435,0.91,4.29,167.11,1.1066887417218545,0.0,13.76,133.688,0.8853509933774834,0.0,11.008000000000001,16.20205373866163,7.787712804830307,19.006643515780674,0.14988696866552856,27,14,42,3,980.9866076763398,6.496600050836687,0.5925022408508613,10.717793968091375,93.86310316637892,0.6216099547442313,0.0,5.016724402840487,887.1235045099609,5.874990096092456,0.0,10.701793968091375,938.6310316637891,8871.23504509961,9809.8660767634,847.2986076763398,0.09568234921036506,0.904317650789635,52.0,198.0,198.0,10296.0,413.86,4261102.56,18.050596762765174,170.60067394422325,188.6512707069884
Sonora,Aconchi,1,Ures,142,Sorgo forrajero en verde,2017,2018,29.783731,-110.246637,627.0,1129.3201564719093,7.478941433588803,2.639893099653168,11.139148584903815,24.036192052980134,14.12,34.69,32.373907284768215,19.83,44.53,15.698476821192052,4.52,26.29,32.73344370860927,5.43,88.9,26.96456953642384,10.77,32.59,2.3443708609271523,0.79,4.88,181.22999999999996,1.2001986754966885,0.0,12.74,144.98400000000004,0.9601589403973513,0.0,10.192,15.853402195275407,8.256361484093757,19.300710526280085,0.16047707902972144,30,17,46,1,995.1785152094334,6.5905861934399566,1.148246245237851,11.139148584903815,103.04937543499672,0.6824461949337531,0.0,7.0747472252584735,892.1291397744367,5.908139998506203,0.0,11.139148584903815,1030.4937543499673,8921.291397744368,9951.785152094335,850.1945152094333,0.10354863359696846,0.8964513664030316,50.0,185.0,185.0,9250.0,400.67,3706197.5,20.609875086999345,178.42582795488735,199.0357030418867
Sonora,Aconchi,1,Ures,142,Sorgo forrajero en verde,2018,2019,29.783731,-110.246637,627.0,1163.3036099133758,7.703997416644873,2.9722373189242304,11.270765691059282,24.489205298013246,12.225000000000001,32.82,32.76278145695365,19.39,42.51,16.21562913907285,0.69,25.87,29.669602649006627,6.81,79.93,26.70721854304636,7.59,32.56,2.405695364238411,0.85,4.77,151.23000000000005,1.0015231788079473,0.0,25.73,120.984,0.8012185430463575,0.0,20.584000000000003,15.72069391198316,6.3978615840782,19.659693595199755,0.13000045621044815,25,9,60,1,1032.690009017137,6.839006682232696,1.3429289479959678,11.270765691059282,73.24205231854916,0.48504670409635203,0.0,6.566628476967768,959.4479566985876,6.353959978136342,0.0,11.270765691059282,732.4205231854916,9594.479566985876,10326.900090171368,911.706009017137,0.0709235604867111,0.9290764395132887,47.85,195.0,195.0,9330.75,592.65,5529868.99,20.387488467237066,267.0697165479715,287.45720501520856
Sonora,Aconchi,1,Ures,142,Sorgo forrajero en verde,2019,2020,29.783731,-110.246637,627.0,1082.8458012827607,7.1711642469057,1.9136567129163076,11.062179124116533,22.684900662251653,9.635,34.155,30.652847682119212,12.76,42.59,14.716953642384105,2.38,26.28,36.0812582781457,11.74,80.19,26.765099337748335,4.35,32.63,2.3922516556291393,0.86,4.45,184.85,1.2241721854304635,0.0,34.93,147.88,0.9793377483443708,0.0,27.944000000000003,16.10298483976204,4.410932846259717,19.203353608957677,0.17070759269789199,25,11,34,3,963.4318184782248,6.380343168729966,0.5740970138748922,9.627155445908164,71.58031829906909,0.47404184304019265,0.0,5.357935526723123,891.8515001791558,5.906301325689773,0.0,9.627155445908164,715.8031829906909,8918.515001791558,9634.318184782249,815.5518184782248,0.07429723300205382,0.9257027669979462,36.5,130.0,95.0,3467.5,690.0,2392575.0,24.060611192964398,299.78201686694314,323.84262805990755
Sonora,Aconchi,1,Ures,142,Sorgo forrajero en verde,2020,2021,29.783731,-110.246637,627.0,1065.4404981245455,7.055897338573149,1.0770866578196976,10.926287025559702,23.17745033112583,7.9399999999999995,32.745000000000005,31.078079470198674,11.41,42.14,15.276821192052978,0.96,24.29,39.87178807947019,12.62,87.58,26.434569536423837,3.44,32.73,2.3133774834437086,0.83,4.39,206.23000000000002,1.3657615894039736,0.0,27.45,164.984,1.0926092715231788,0.0,21.96,16.093337918498325,3.833639898987814,19.240799878475066,0.19356313220965307,34,13,56,6,956.4299744605079,6.333973340798066,0.32312599734590924,9.868812287992862,92.8760329909114,0.6150730661649761,0.0,6.686857846075948,863.5539414695967,5.718900274633091,0.0,9.868812287992862,928.760329909114,8635.539414695966,9564.29974460508,791.4459744605078,0.09710698688976142,0.9028930131102387,40.58,128.0,128.0,5194.0,803.56,4173690.64,45.77428930059705,425.6056882550994,471.3799775556964
Sonora,Aconchi,1,Ures,142,Sorgo forrajero en verde,2021,2022,29.783731,-110.246637,627.0,1120.536201711498,7.420769547758265,2.4936795927770636,11.521959281507923,23.33162251655629,7.92,33.335,31.528741721854306,13.19,43.2,15.134503311258278,-1.7,23.47,32.60622516556292,8.61,84.73,26.720529801324503,9.83,32.41,2.44251655629139,0.69,5.24,148.56,0.983841059602649,0.0,19.95,118.84800000000003,0.7870728476821194,0.0,15.96,15.806495493539451,7.663919008344471,19.00414147842824,0.13257938455990145,29,10,40,11,992.278880517144,6.5713833146830725,1.0786583362466875,11.521959281507923,84.00278202683728,0.5563098147472667,0.0,5.872,908.2760984903068,6.015073499935807,0.0,11.521959281507923,840.0278202683728,9082.760984903069,9922.788805171442,873.4308805171439,0.0846564243945792,0.9153435756054209,48.5,145.0,145.0,7032.5,800.0,5626000.0,26.28372403843469,284.19152017844397,310.47524421687865
Sonora,Aconchi,1,Ures,142,Sorgo forrajero en verde,2022,2023,29.783731,-110.246637,627.0,1124.4590126931635,7.446748428431546,3.0534490357576964,11.225345392381522,23.70480132450331,10.595,31.990000000000002,32.18039735099337,19.34,42.16,15.229205298013243,0.66,23.44,31.64470198675497,2.8,80.59,27.033245033112586,10.46,32.26,2.293841059602649,0.73,4.39,208.81000000000003,1.3828476821192055,0.0,22.27,167.048,1.1062781456953643,0.0,17.816,15.923334135826211,7.070844826110214,19.396730512876825,0.18569818698850077,35,11,50,9,993.8758709444894,6.581959410228406,0.9160347107273089,11.225345392381522,114.71224209551666,0.7596837224868653,0.0,5.903199636768722,879.1636288489728,5.822275687741542,0.0,11.225345392381522,1147.1224209551665,8791.636288489728,9938.758709444894,826.8278709444894,0.1154190834580827,0.8845809165419174,42.0,115.0,115.0,4830.0,859.73,4152495.9,37.977898392821274,291.06559471907724,329.0434931118985
Sonora,Aconchi,1,Ures,142,Sorgo forrajero en verde,2023,2024,29.783731,-110.246637,627.0,1168.8225368646117,7.740546601752396,3.037025449754049,11.276288700667983,23.78738410596026,6.3,34.0,32.51562913907285,12.67,44.65,15.059139072847682,-1.1,26.28,28.847218543046353,10.19,65.41,27.191059602649002,10.08,32.04,2.467284768211921,1.22,4.12,77.71999999999998,0.5147019867549668,0.0,12.23,62.176,0.4117615894039735,0.0,9.784,16.03694688139931,7.244422501122976,18.9780102964523,0.0664942688463942,17,4,54,9,1035.2763204944495,6.856134572810924,0.9111076349262146,9.739434062581902,55.38807774730711,0.36680846190269606,0.0,6.415043931503106,979.8882427471425,6.4893261109082285,0.0,9.739434062581902,553.880777473071,9798.882427471424,10352.763204944495,973.1003204944494,0.05350076752538267,0.9464992324746174,37.93,82.0,82.0,3110.26,954.73,2969458.53,19.988479879937604,353.6226065489507,373.6110864288883
Sonora,Aconchi,1,Ures,142,Trigo grano,2010,2011,29.783731,-110.246637,627.0,451.43205863696187,4.141578519605154,1.0041849342531286,7.813996300721045,12.947201834862387,5.619999999999999,21.169999999999998,21.006605504587164,10.41,31.2,4.887798165137614,-2.08,13.06,46.87412844036698,22.84,91.62,19.790000000000006,5.65,29.01,2.4217431192660546,1.19,7.65,124.45,1.141743119266055,0.0,31.12,99.56000000000002,0.9133944954128442,0.0,24.896,10.900793303200798,4.3610523266935735,16.7854464972727,0.2756782501795729,15,8,0,61,443.18620960494167,4.065928528485704,0.312613400157228,8.986095745829202,23.71503913553729,0.21756916638107604,0.0,3.1888316921494906,419.47117046940434,3.848359362104627,0.0,8.986095745829202,237.1503913553729,4194.711704694044,4431.862096049417,343.62620960494166,0.05351032731067375,0.9464896726893262,5.86,15.0,15.0,87.9,2750.0,241725.0,40.46935006064384,715.8211100160484,756.2904600766922
Sonora,Aconchi,1,Ures,142,Trigo grano,2011,2012,29.783731,-110.246637,627.0,806.0700727412367,4.68645391128626,1.3842996036671003,9.720181827294445,15.094447674418603,-4.755,23.995,23.811686046511625,-0.64,34.56,6.377209302325582,-8.87,14.19,31.100988372093024,10.11,79.35,18.984418604651164,6.94,29.49,2.3370348837209303,1.13,8.6,14.05,0.0816860465116279,0.0,6.41,11.239999999999998,0.06534883720930232,0.0,5.128,9.435203416918592,4.582232261937118,16.726111092899462,0.017430246420413017,4,1,0,58,622.0856466025035,3.6167770151308343,0.7924771994647825,8.542232100333083,6.551552429486909,0.038090421101668076,0.0,2.2079999999999997,615.5340941730166,3.578686594029166,0.0,8.542232100333083,0.0,0.0,0.0,610.8456466025035,0.010531592338238242,0.9894684076617617,5.08,48.0,48.0,243.6,3504.64,853730.0,0.0,0.0,0.0
Sonora,Aconchi,1,Ures,142,Trigo grano,2012,2013,29.783731,-110.246637,627.0,717.8176656913198,4.149235061799536,0.9628851056330856,8.887147964590032,13.796560693641618,2.335,23.23,21.997341040462427,7.39,33.35,5.59578034682081,-2.86,15.09,40.276936416184974,9.54,90.88,18.263815028901732,2.71,29.75,2.2810982658959538,0.96,6.42,121.98,0.7050867052023122,0.0,42.76,97.584,0.5640693641618497,0.0,34.208,9.41957126736739,3.131900052562274,17.041108828527722,0.16993173312685586,12,8,0,76,535.0922290041636,3.0930186647639517,0.38027768534856304,8.425866923136834,15.587467400225805,0.09010096763136304,0.0,2.667048835825462,519.5047616039378,3.0029176971325886,0.0,8.425866923136834,0.0,0.0,0.0,437.50822900416364,0.029130431270203545,0.9708695687297965,4.72,40.0,40.0,188.8,3450.0,651360.0,0.0,0.0,0.0
Sonora,Aconchi,1,Ures,142,Trigo grano,2013,2014,29.783731,-110.246637,627.0,747.8301390689084,4.347849645749467,1.4323166663712663,9.042743380757832,14.83470930232558,1.5400000000000005,23.47,23.100930232558138,8.55,33.31,6.568488372093023,-5.47,17.52,35.073662790697675,7.7,85.59,18.001918604651163,4.56,30.91,2.233313953488372,1.03,5.58,51.37,0.29866279069767443,0.0,14.72,41.096000000000004,0.23893023255813955,0.0,11.776000000000002,9.220165507263507,3.78673503209606,17.078102424821093,0.06869206965094855,9,3,0,68,558.8899448026534,3.2493601442014732,0.7713234962809699,8.760242785739022,20.470699954423367,0.11901569740943818,0.0,2.8443877924584586,538.4192448482299,3.1303444467920345,0.0,8.760242785739022,0.0,0.0,0.0,517.7939448026534,0.036627425747750145,0.9633725742522496,4.53,12.0,12.0,54.4,3654.04,198780.0,0.0,0.0,0.0
Sonora,Aconchi,1,Ures,142,Trigo grano,2014,2015,29.783731,-110.246637,627.0,763.9598239633017,4.441626883507568,1.2244786604853957,8.637242257371756,16.17031976744186,5.2,24.450000000000003,24.226976744186047,9.1,35.17,8.113662790697674,0.12,17.33,36.22406976744187,7.0,87.4,17.674593023255813,5.6,29.3,2.205116279069767,1.04,4.61,44.949999999999996,0.26133720930232557,0.0,8.26,35.96,0.20906976744186048,0.0,6.6080000000000005,9.092320628976085,4.167080753249647,16.267309374768846,0.0588381726237992,10,3,1,41,596.4686668203802,3.4678410861650013,0.48678358370057,8.214764060200075,15.420458144500303,0.08965382642151339,0.0,2.984,581.0482086758799,3.3781872597434877,0.0,8.214764060200075,0.0,0.0,0.0,560.5086668203802,0.025852922378475918,0.974147077621524,4.16,36.0,36.0,149.8,3300.0,494340.0,0.0,0.0,0.0
Sonora,Aconchi,1,Ures,142,Trigo grano,2015,2016,29.783731,-110.246637,627.0,680.7583360142887,3.9578973024086554,1.061668108662528,7.506130439851971,15.76438953488372,4.92,23.525,23.397034883720924,10.82,33.19,8.131744186046511,-3.23,16.34,46.328197674418604,23.94,88.75,17.211279069767443,3.05,30.22,2.1345930232558143,0.89,5.39,154.63000000000002,0.8990116279069769,0.0,28.23,123.70400000000001,0.7192093023255814,0.0,22.584000000000003,9.253044054304977,3.349486801271473,17.164889531898034,0.22714374811086327,18,10,0,30,513.7879830373214,2.9871394362634964,0.7628923789741202,7.780598432197993,38.34595586749161,0.22294160388076517,0.0,3.6799999999999997,475.44202716982977,2.7641978323827314,0.0,7.780598432197993,0.0,0.0,0.0,390.0839830373214,0.07463381226007805,0.925366187739922,4.1,10.0,10.0,41.0,4100.0,168100.0,0.0,0.0,0.0
Sonora,Aconchi,1,Ures,142,Trigo grano,2016,2017,29.783731,-110.246637,627.0,731.8234503220006,4.230193354462431,1.4476206801870382,8.290271581491476,14.861907514450865,2.5650000000000004,24.009999999999998,23.244739884393063,8.83,32.34,6.47907514450867,-4.08,16.97,39.985317919075136,13.3,85.46,18.29150289017341,4.6,30.35,2.1836994219653176,0.82,4.72,106.86999999999999,0.6177456647398843,0.0,14.24,85.49600000000001,0.4941965317919076,0.0,11.392000000000001,9.475303683340528,3.9567831027716207,16.806491457721904,0.146032489055902,18,8,0,54,567.9313278365388,3.2828400452979123,0.44071113130062994,7.171162816275377,26.197608535697164,0.15143126321212233,0.0,2.583980337468648,541.7337193008416,3.1314087820857894,0.0,7.171162816275377,0.0,0.0,0.0,482.4353278365388,0.04612812720772699,0.9538718727922729,4.3,25.0,25.0,107.5,3750.0,403125.0,0.0,0.0,0.0
Sonora,Aconchi,1,Ures,142,Trigo grano,2017,2018,29.783731,-110.246637,627.0,756.1433548460573,4.396182295616612,1.0760381615104875,9.190521880644834,16.609186046511628,6.875,25.259999999999998,24.554883720930235,11.05,35.99,8.663488372093024,-1.12,18.15,40.26436046511628,9.72,87.27,17.91546511627907,3.27,29.65,2.191046511627907,1.14,5.64,100.13,0.5821511627906977,0.0,18.33,80.10400000000001,0.46572093023255823,0.0,14.664,9.35336012527281,3.366585193331767,16.396818548089424,0.13242197971889258,12,7,1,32,553.65749836549,3.2189389439854073,0.7716402424481082,7.460260149871034,23.950104797431855,0.13924479533390613,0.0,2.8302123331518425,529.707393568058,3.0796941486515,0.0,7.460260149871034,0.0,0.0,0.0,473.55349836549,0.04325797965012206,0.9567420203498777,4.34,37.0,37.0,160.56,3875.0,622170.0,0.0,0.0,0.0
Sonora,Aconchi,1,Ures,142,Trigo grano,2018,2019,29.783731,-110.246637,627.0,786.5554507031345,4.572996806413573,1.0367959398467652,9.340898513756393,17.310552325581394,6.38,25.619999999999997,25.33389534883721,11.35,36.18,9.287209302325582,-1.94,17.31,34.90581395348838,6.94,89.17,17.57482558139535,4.44,29.88,2.199767441860465,1.08,5.6,70.27000000000001,0.40854651162790706,0.0,34.7,56.216,0.32683720930232557,0.0,27.760000000000005,9.036340142312923,3.760941193458482,16.212948363710645,0.08933890158307688,9,3,1,27,583.6293735573381,3.3931940323101055,1.0289488899023531,7.206873281620336,18.315035388495765,0.10648276388660328,0.0,2.8000000000000003,565.3143381688424,3.286711268423502,0.0,7.206873281620336,0.0,0.0,0.0,527.4133735573381,0.03138127760236253,0.9686187223976375,4.93,12.0,12.0,59.16,4500.0,266220.0,0.0,0.0,0.0
Sonora,Aconchi,1,Ures,142,Trigo grano,2021,2022,29.783731,-110.246637,627.0,791.4853516397706,4.601659021161456,1.3971640671616425,9.416460240023422,15.409593023255812,3.18,26.005,23.92360465116279,7.41,35.76,6.895581395348837,-2.8,18.48,32.32470930232558,10.52,87.81,18.433779069767443,5.16,29.62,2.2961627906976743,1.05,5.1,79.69,0.46331395348837207,0.0,23.0,63.75200000000001,0.3706511627906977,0.0,18.400000000000002,9.227121165854035,4.1577714894106395,16.294031500851872,0.10068411226423983,8,3,2,64,593.1207396066299,3.4483763930618014,0.7602777951122764,7.256709552076044,15.424487464636236,0.08967725270137347,0.0,2.7840000000000003,577.6962521419936,3.358699140360428,0.0,7.256709552076044,0.0,0.0,0.0,529.3687396066298,0.026005645115134705,0.9739943548848652,5.43,7.0,7.0,38.01,5790.0,220077.9,0.0,0.0,0.0
Sonora,Aconchi,1,Ures,142,Trigo grano,2022,2023,29.783731,-110.246637,627.0,761.8519322102477,4.429371698896789,1.2855252089183806,11.161297034264104,15.814883720930231,4.52,26.049999999999997,24.1518023255814,12.5,38.33,7.47796511627907,-3.8,14.87,36.355406976744185,5.54,88.39,18.23441860465116,5.5,30.16,2.1898255813953487,1.07,5.16,74.19,0.43133720930232555,0.0,35.99,59.352000000000004,0.34506976744186046,0.0,28.792,9.340181744673856,4.103871453778044,16.790651800442674,0.09738112730745932,8,4,3,55,566.9557782811837,3.2962545248906028,0.5535127863174447,9.24975379786056,13.14890824294131,0.0764471409473332,0.0,3.3678385431467377,553.8068700382424,3.21980738394327,0.0,9.24975379786056,0.0,0.0,0.0,507.60377828118374,0.02319212317194175,0.9768078768280584,4.5,10.0,10.0,45.0,9800.0,441000.0,0.0,0.0,0.0
Sonora,Aconchi,1,Ures,142,Trigo grano,2023,2024,29.783731,-110.246637,627.0,677.1064210213896,3.936665238496451,0.9947131894816278,8.508519594752444,13.89017441860465,4.0200000000000005,23.79,21.807558139534883,10.21,35.06,5.972790697674419,-3.74,15.41,42.93151162790697,14.74,85.23,17.52645348837209,2.41,29.36,2.2345348837209302,1.01,5.03,75.14,0.4368604651162791,0.0,17.77,60.11200000000001,0.3494883720930233,0.0,14.216000000000001,9.23154583982343,3.2662913673804947,16.692214783314725,0.11097221598733939,11,4,1,71,506.2446300786595,2.943282733015462,0.7176794741968859,6.994297959859912,21.983052612771274,0.1278084454230888,0.0,2.2239999999999998,484.26157746588825,2.8154742875923735,0.0,6.994297959859912,0.0,0.0,0.0,446.1326300786595,0.04342377440992427,0.9565762255900758,4.91,10.0,10.0,49.1,5100.0,250410.0,0.0,0.0,0.0
Sonora,Aconchi,1,Ures,142,Alfalfa achicalada,2010,2011,29.783731,-110.246637,627.0,245.17787593844812,3.226024683400633,1.0041849342531286,6.118414693302529,11.073092105263157,5.619999999999999,16.294999999999998,18.605526315789472,10.41,27.4,3.540657894736842,-2.08,8.58,53.095131578947374,25.52,91.62,17.040394736842103,5.65,25.78,2.3932894736842103,1.19,7.65,122.99000000000001,1.6182894736842106,0.0,31.12,98.392,1.2946315789473684,0.0,24.896,9.131852198932057,4.3610523266935735,14.430753113024192,0.5016358002500871,14,8,0,58,208.31615657390583,2.7410020601829714,0.9539756875404721,5.506573223972276,25.727531287939783,0.3385201485255235,0.0,2.5046911184384686,182.58862528596603,2.4024819116574476,0.0,5.506573223972276,257.2753128793978,1825.8862528596603,2083.161565739058,109.92415657390583,0.1235023327574318,0.8764976672425682,12.38,120.0,120.0,1485.6,2220.0,3298032.0,20.781527696235685,147.48677325199193,168.26830094822762
Sonora,Aconchi,1,Ures,142,Alfalfa achicalada,2011,2012,29.783731,-110.246637,627.0,340.2172903946816,4.476543294666863,2.28022874140484,7.428027913333116,13.65625,-4.755,20.785,22.584605263157897,-0.64,31.72,4.727894736842106,-8.87,11.94,29.00171052631579,10.8,57.76,18.75236842105263,9.01,25.06,2.3389473684210524,1.3,8.6,3.8899999999999997,0.05118421052631578,0.0,2.76,3.112,0.040947368421052635,0.0,2.2079999999999997,9.127885677077682,5.018041569684914,13.148336838672789,0.011433869206022016,2,0,0,40,299.78460573910763,3.94453428604089,0.912091496561936,6.685225121999805,3.112,0.040947368421052635,0.0,2.2079999999999997,296.6726057391076,3.903586917619837,0.29876649660188637,6.685225121999805,31.12,2966.726057391076,2997.846057391076,296.6726057391076,0.01038078653948051,0.9896192134605194,11.3,128.0,128.0,1446.4,2240.0,3239936.0,2.7539823008849558,262.5421289726616,265.29611127354656
Sonora,Aconchi,1,Ures,142,Alfalfa achicalada,2012,2013,29.783731,-110.246637,627.0,309.50363386581785,4.019527712543089,1.6174212870041451,7.3268408027276815,13.302077922077919,7.260000000000001,20.905,21.893506493506493,11.97,30.24,4.710649350649351,-0.65,11.57,38.727272727272734,16.17,69.37,18.33675324675325,5.92,25.94,2.171038961038961,0.96,4.73,11.919999999999998,0.15480519480519478,0.0,5.61,9.536000000000001,0.12384415584415587,0.0,4.488,9.330447055612002,4.730201351672446,13.772793078729588,0.03851327963783389,3,1,0,42,267.7023801053438,3.476654287082387,1.0023442928913873,6.594156722454914,5.451764478335841,0.07080213608228365,0.0,2.2032142556819037,262.250615627008,3.4058521510001043,0.0,6.594156722454914,54.517644783358406,2622.5061562700803,2677.0238010534385,258.1663801053438,0.020365020573184713,0.9796349794268154,12.6,150.0,150.0,1890.0,2322.55,4389619.5,4.326797205028445,208.13540922778415,212.4622064328126
Sonora,Aconchi,1,Ures,142,Alfalfa achicalada,2013,2014,29.783731,-110.246637,627.0,296.0113131677724,3.8948856995759527,1.4934567281428714,7.6176024223817596,11.99263157894737,1.5400000000000005,21.985,20.480394736842104,8.55,33.31,3.504868421052631,-5.47,13.56,38.21144736842105,13.75,85.59,17.604342105263157,6.29,25.18,2.311315789473684,1.1,4.61,24.83,0.32671052631578945,0.0,11.34,19.864,0.2613684210526316,0.0,9.072000000000001,8.98929699115817,5.0915221212196045,13.337921788572519,0.08388192915426487,5,1,0,49,258.95362953779676,3.407284599181536,0.837869671967397,6.855842180143584,9.44909534048977,0.12433020184854959,0.0,2.3125758907854874,249.50453419730698,3.2829543973329867,0.0,6.855842180143584,94.4909534048977,2495.0453419730698,2589.5362953779672,239.08962953779675,0.0364895265509711,0.9635104734490288,10.5,153.0,153.0,1606.5,2630.0,4225095.0,8.999138419514066,237.62336590219712,246.62250432171118
Sonora,Aconchi,1,Ures,142,Alfalfa achicalada,2014,2015,29.783731,-110.246637,627.0,335.9175860624008,4.419968237663168,2.2977246215194578,7.143273095826152,16.052763157894734,9.925,22.134999999999998,24.49578947368421,16.42,32.41,7.609736842105265,1.44,12.96,30.992236842105267,11.64,59.4,17.78986842105263,6.52,25.72,2.033421052631579,1.1,4.61,6.199999999999999,0.08157894736842104,0.0,3.73,4.960000000000001,0.06526315789473686,0.0,2.984,8.866214927040438,4.44313387098224,13.356346986758183,0.018456908054966414,2,0,0,18,294.5302535979569,3.875398073657328,0.9190898486077832,6.428945786243537,4.960000000000001,0.06526315789473686,0.0,2.984,289.570253597957,3.810134915762592,0.6296894660867052,6.428945786243537,49.60000000000001,2895.70253597957,2945.3025359795697,289.57025359795693,0.016840375273538308,0.983159624726462,12.5,155.0,155.0,1937.5,2216.58,4294623.75,3.968000000000001,231.65620287836558,235.62420287836557
Sonora,Aconchi,1,Ures,142,Alfalfa achicalada,2015,2016,29.783731,-110.246637,627.0,277.69020350207984,3.6538184671326293,1.061668108662528,6.76573776712869,14.854078947368421,4.92,19.35,22.374605263157896,10.82,28.91,7.333552631578947,-3.23,13.05,48.84644736842105,26.96,88.75,16.505131578947367,3.05,24.09,2.1677631578947367,0.89,5.39,99.15,1.3046052631578948,0.0,28.23,79.32000000000001,1.043684210526316,0.0,22.584000000000003,8.879566780612553,3.349486801271473,13.543740451452791,0.35705256703179805,9,6,0,14,242.6975185614021,3.1933884021237118,0.7995583953291504,6.0891639904158215,17.951487860928015,0.2362037876437897,0.0,2.8752918922455413,224.7460307004741,2.9571846144799223,0.0,6.0891639904158215,179.51487860928015,2247.460307004741,2426.975185614021,163.3775185614021,0.07396650764019376,0.9260334923598064,12.36,160.0,160.0,1977.6,2433.46,4812410.5,14.523857492660207,181.83335817190462,196.35721566456482
Sonora,Aconchi,1,Ures,142,Alfalfa achicalada,2016,2017,29.783731,-110.246637,627.0,326.8026169169344,4.244189830090058,1.4943055611614078,6.235793753282937,14.467207792207791,4.745,21.37,23.27935064935065,9.7,31.65,5.655064935064934,-4.08,14.15,37.88506493506494,19.77,85.46,18.347402597402596,9.55,25.53,2.223246753246753,1.24,4.72,53.09,0.6894805194805195,0.0,13.45,42.472,0.5515844155844156,0.0,10.76,9.287373668590934,5.623617766689692,13.548326967147032,0.162452799493629,8,5,0,32,291.66517982290173,3.787859478219503,0.5977222244645631,5.612214377954643,8.404733685928537,0.10915238553153944,0.0,2.134592452691492,283.26044613697314,3.678707092687963,0.0,5.612214377954643,84.04733685928537,2832.6044613697313,2916.6517982290165,249.19317982290173,0.028816376679012105,0.9711836233209877,12.55,162.0,162.0,2033.1,2784.24,5660638.34,6.6969989529311045,225.7055347704965,232.4025337234276
Sonora,Aconchi,1,Ures,142,Alfalfa achicalada,2017,2018,29.783731,-110.246637,627.0,291.3831595903343,3.833988941978083,1.0760381615104875,6.487182739018291,14.856776315789475,6.875,24.075,22.626315789473683,11.05,32.74,7.087236842105262,-1.12,15.68,46.526842105263164,25.39,86.35,17.192894736842106,4.19,24.77,2.2035526315789475,1.14,5.64,67.63,0.8898684210526315,0.0,16.8,54.104,0.7118947368421052,0.0,13.440000000000001,9.10323411451512,4.073006182012724,13.572891444912447,0.23209989244087875,8,5,0,22,254.050055135247,3.342763883358513,0.430415264604195,5.838464465116462,11.595164381659451,0.15256795239025595,0.0,2.029186264203543,242.45489075358753,3.190195930968257,0.0,5.838464465116462,115.95164381659451,2424.5489075358755,2540.50055135247,199.94605513524698,0.045641259064032116,0.9543587409359678,12.62,165.0,165.0,2082.3,2809.15,5849493.05,9.18792740226581,192.11956478097272,201.30749218323854
Sonora,Aconchi,1,Ures,142,Alfalfa achicalada,2018,2019,29.783731,-110.246637,627.0,313.38957460670065,4.123547034298693,1.4226777812108176,6.26684633184377,15.418552631578947,7.7299999999999995,21.355,23.324078947368424,11.35,30.05,7.513026315789474,-0.21,14.03,39.0471052631579,22.78,87.52,16.998815789473685,6.38,24.3,2.2609210526315793,1.21,4.54,28.06,0.36921052631578943,0.0,10.1,22.448,0.29536842105263156,0.0,8.08,8.772319535466815,4.902558530563373,13.732105836375094,0.08953712016494132,5,2,0,17,274.36496769096556,3.61006536435481,1.017868624715074,5.953504015251582,10.150124667921144,0.13355427194633085,0.0,2.344115171418449,264.2148430230444,3.476511092408479,0.0,5.953504015251582,101.50124667921145,2642.1484302304443,2743.6496769096557,251.91696769096555,0.03699497335007385,0.9630050266499262,11.65,170.0,170.0,1980.5,3050.13,6040782.47,8.712553363022442,226.79385667214115,235.50641003516358
Sonora,Aconchi,1,Ures,142,Alfalfa achicalada,2019,2020,29.783731,-110.246637,627.0,247.19877726812183,3.252615490370024,0.8838339007207349,5.696309330855069,12.617039473684212,4.015,20.405,19.882368421052632,7.92,28.27,5.351710526315788,-3.81,12.54,50.853815789473686,30.14,90.38,15.572763157894734,2.93,25.01,2.143684210526316,0.96,4.71,113.82999999999998,1.4977631578947366,0.0,34.93,91.06400000000001,1.1982105263157896,0.0,27.944000000000003,8.487657672998271,3.259894263667269,14.12810902437294,0.46047962396082304,13,5,0,32,217.97084808638874,2.8680374748209045,0.35353356028829397,5.126678397769562,21.224190343268123,0.2792656624114227,0.0,3.636718933998405,196.74665774312058,2.5887718124094814,0.0,5.126678397769562,212.24190343268123,1967.4665774312057,2179.708480863887,126.90684808638873,0.09737169226802432,0.9026283077319754,12.68,172.0,172.0,2180.96,3172.06,6918135.98,16.738320459990632,155.16297929268183,171.90129975267246
Sonora,Aconchi,1,Ures,142,Alfalfa achicalada,2020,2021,29.783731,-110.246637,627.0,231.59623849478524,3.007743357075133,1.0770866578196976,5.630014655929759,12.448246753246753,2.8,18.29,19.566753246753244,10.53,25.92,5.329740259740259,-4.93,14.5,57.958311688311674,32.82,87.58,15.897142857142859,3.24,24.88,1.987272727272727,0.99,5.03,99.94,1.297922077922078,0.0,26.22,79.952,1.0383376623376623,0.0,20.976,8.749790882777663,3.444892953989915,14.3569245910966,0.4315268704256192,12,6,0,37,201.5780102076607,2.617896236463126,0.7308359372935689,5.067013190336783,22.81380482243476,0.2962831795121398,0.0,2.4480000000000004,178.76420538522592,2.321613056950986,0.0,5.067013190336783,228.1380482243476,1787.6420538522593,2015.780102076607,121.6260102076607,0.11317605922854651,0.8868239407714534,13.77,175.0,175.0,2410.0,3351.72,8077645.2,16.567759493416677,129.8214999166492,146.38925941006588
Sonora,Aconchi,1,Ures,142,Alfalfa achicalada,2021,2022,29.783731,-110.246637,627.0,304.5056487494412,4.006653273018963,1.3971640671616425,6.310182219196561,13.05888157894737,3.18,18.86,21.478157894736842,7.41,28.97,4.639605263157894,-2.8,12.4,38.075657894736835,16.35,87.81,17.812763157894732,5.16,25.8,2.2685526315789475,1.05,3.84,55.580000000000005,0.7313157894736843,0.0,23.0,44.464,0.5850526315789474,0.0,18.400000000000002,9.047168371382792,4.1577714894106395,14.052118371823578,0.1825253496224411,6,2,0,39,264.2194134096585,3.476571229074454,0.8007166076343618,5.679163997276905,9.81336586424475,0.12912323505585196,0.0,2.7840000000000003,254.40604754541377,3.3474479940186024,0.0,5.679163997276905,98.1336586424475,2544.0604754541378,2642.1941340965855,219.7554134096585,0.037140972109530934,0.9628590278904692,13.82,173.0,173.0,2390.86,3523.07,8423167.14,7.100843606544681,184.08541790550925,191.18626151205393
Sonora,Aconchi,1,Ures,142,Alfalfa achicalada,2022,2023,29.783731,-110.246637,627.0,307.7227319144866,4.048983314664297,1.6859442204592363,8.04326417205266,13.17217105263158,4.52,21.07,21.769342105263156,12.5,31.05,4.575,-3.8,12.69,38.2078947368421,13.99,75.23,18.25815789473684,6.24,25.51,2.2564473684210524,1.07,5.16,3.04,0.04,0.0,0.93,2.4320000000000004,0.03200000000000001,0.0,0.7440000000000001,9.26894453279605,4.739391363925061,13.41675995741297,0.009879023174813062,0,0,0,47,269.0717479283688,3.5404177358995894,0.6743776881836946,7.238937754847395,2.4320000000000004,0.03200000000000001,0.0,0.7440000000000001,266.6397479283688,3.50841773589959,0.23437768818369453,7.238937754847395,24.320000000000004,2666.397479283688,2690.717479283688,266.63974792836876,0.009038481441193291,0.9909615185588069,13.8,180.0,180.0,2484.0,3426.34,8511028.56,1.7623188405797103,193.2172086437455,194.97952748432522
Sonora,Aconchi,1,Ures,142,Alfalfa achicalada,2023,2024,29.783731,-110.246637,627.0,271.6815669827323,3.5747574602991095,0.9947131894816278,6.081998225965141,12.447434210526316,4.0200000000000005,19.87,20.14907894736842,10.21,29.07,4.74578947368421,-3.74,12.36,45.11868421052632,25.27,85.23,16.219473684210524,2.41,24.31,2.4206578947368422,1.11,5.03,72.04,0.9478947368421053,0.0,17.77,57.632000000000005,0.7583157894736843,0.0,14.216000000000001,8.580676082720784,3.2662913673804947,13.592207128872575,0.26516337048578187,10,4,0,40,236.72088467624033,3.1147484825821095,0.7495604095338039,5.777898314666884,16.411090932596622,0.2159354070078503,0.0,2.214826167596881,220.3097937436437,2.898813075574259,0.0,5.777898314666884,164.11090932596622,2203.097937436437,2367.208846762403,179.08888467624033,0.06932675566434211,0.9306732443356578,13.94,170.0,170.0,2369.8,3338.92,7912572.62,11.772662075033445,158.04145892657368,169.81412100160713
Sonora,Aconchi,1,Ures,142,Pastos y praderas,2010,2011,29.783731,-110.246637,627.0,1591.7893306299602,6.497099308693715,1.6737238474760827,10.810171957833798,23.148326530612245,8.525,32.894999999999996,30.835755102040817,16.02,41.29,15.460897959183674,0.19,25.36,43.184979591836736,10.11,89.62,25.13983673469388,5.15,32.38,2.1762040816326533,0.87,5.28,367.09000000000003,1.498326530612245,0.0,30.23,220.25399999999996,0.8989959183673468,0.0,18.137999999999998,15.18401787106178,4.57172147863348,19.070649867352067,0.23061468809740165,56,22,63,15,1336.559659399321,5.455345548568657,1.1091588494433011,9.188646164158728,143.97500872554767,0.58765309683897,0.0,5.560488921294033,1192.584650673773,4.867692451729686,0.0,9.188646164158728,1439.7500872554767,11925.84650673773,13365.596593993207,1116.305659399321,0.10772060020893731,0.8922793997910625,46.4,124.0,124.0,5753.6,654.55,3766018.88,31.029096708092172,257.02255402452005,288.05165073261225
Sonora,Aconchi,1,Ures,142,Pastos y praderas,2011,2012,29.783731,-110.246637,627.0,1729.7578683792135,7.060236197466177,3.118750500338317,11.401544805601526,24.29451020408163,12.195,32.93,32.57,18.62,43.01,16.019020408163268,4.07,23.98,35.39922448979593,6.37,87.85,25.608693877551016,14.98,32.72,2.1906938775510207,0.88,6.67,299.98999999999995,1.2244489795918365,0.0,19.8,179.99399999999997,0.7346693877551019,0.0,11.88,15.09317989587563,8.382946607360036,19.586450216919474,0.1734288974682284,48,22,70,3,1442.5754035461778,5.888062871617052,1.8241743537063309,9.691313084761298,142.37426421970167,0.5811194457947007,0.0,6.237476413453193,1300.201139326476,5.306943425822351,0.0,9.691313084761298,1423.7426421970167,13002.011393264762,14425.754035461778,1262.5814035461779,0.09869450419694764,0.9013054958030524,40.6,121.0,121.0,4912.6,458.0,2249970.8,35.067552763473316,320.246586041004,355.3141388044773
Sonora,Aconchi,1,Ures,142,Pastos y praderas,2012,2013,29.783731,-110.246637,627.0,1628.955146185467,6.648796515042722,2.0229919122754905,10.977032577702078,23.605775510204083,8.595,31.55,31.46791836734694,11.87,41.31,15.743632653061223,0.0,23.37,39.43795918367346,6.43,86.88,24.98028571428571,6.64,32.48,2.077020408163265,0.72,4.73,352.16,1.4373877551020409,0.0,14.49,211.29600000000005,0.8624326530612247,0.0,8.693999999999999,14.87173818616031,5.591919775255834,19.007392097524892,0.2161876592026828,63,34,57,12,1359.0316391335386,5.5470679148307696,1.7195431254341669,9.330477691046767,184.56200501142717,0.7533143061690906,0.0,7.002,1174.4696341221115,4.79375360866168,0.0,9.330477691046767,1845.6200501142716,11744.696341221115,13590.316391335387,1147.7356391335386,0.13580405319268074,0.8641959468073193,43.6,185.0,185.0,8066.0,464.0,3742624.0,42.33073509436403,269.37376929406224,311.70450438842624
Sonora,Aconchi,1,Ures,142,Pastos y praderas,2013,2014,29.783731,-110.246637,627.0,1666.2743720515052,6.801119885924511,2.051147529209135,11.44753078739875,23.82114285714286,9.57,32.86,31.725142857142856,16.23,45.09,15.917142857142856,1.68,24.56,38.71151020408163,5.49,83.77,25.181061224489795,8.24,32.47,2.179836734693877,0.81,5.58,343.86,1.4035102040816327,0.0,26.56,206.316,0.8421061224489796,0.0,15.935999999999998,14.984764491535572,6.0653582773571255,19.021746197206866,0.2063645734265492,47,20,48,6,1392.917420270613,5.68537722559434,1.470795449681363,9.730401169288937,133.80864668949545,0.5461577415897774,0.0,5.615531208771986,1259.108773581118,5.139219484004563,0.0,9.730401169288937,1338.0864668949544,12591.08773581118,13929.174202706134,1186.601420270613,0.09606358908448383,0.9039364109155164,43.6,184.0,184.0,8022.4,456.0,3658214.4,30.690056580159503,288.786415958972,319.47647253913146
Sonora,Aconchi,1,Ures,142,Pastos y praderas,2014,2015,29.783731,-110.246637,627.0,1599.9280397993516,6.530318529793272,1.6757341363275586,12.121924479088296,23.82761224489796,14.274999999999999,33.655,31.130000000000003,21.35,44.31,16.52522448979592,5.19,23.65,43.39367346938776,7.0,89.51,24.47383673469388,5.01,32.05,2.081387755102041,0.58,4.83,444.74,1.815265306122449,0.0,44.19,266.844,1.0891591836734693,0.0,26.514,14.77165990623261,4.533130358337256,19.02041390283585,0.27797500196057273,65,28,50,0,1338.021047187995,5.461310396685694,1.4243740158784248,10.303635807225051,167.90665044772734,0.685333267133581,0.0,5.250757419191468,1170.1143967402675,4.775977129552112,0.0,10.303635807225051,1679.0665044772734,11701.143967402675,13380.21047187995,1071.177047187995,0.12548879615952416,0.8745112038404758,44.7,155.0,155.0,6928.5,452.31,3133829.84,37.56300904870857,261.7705585548697,299.3335676035783
Sonora,Aconchi,1,Ures,142,Pastos y praderas,2015,2016,29.783731,-110.246637,627.0,1450.8237342799268,5.921729527673171,1.468643485327401,10.824220053545403,23.13461224489796,9.955,32.335,29.96579591836734,14.83,42.28,16.303428571428572,3.75,23.55,51.247142857142855,13.64,90.85,23.804816326530613,4.51,32.35,2.0278775510204077,0.64,4.76,529.0500000000001,2.159387755102041,0.0,34.75,317.43,1.2956326530612245,0.0,20.849999999999998,14.829004835062552,4.273074121134167,19.760892231833523,0.3646549112064108,70,34,36,2,1216.3002440019395,4.964490791844651,0.5874573941309604,9.200587045513592,193.33714252802542,0.7891311939919405,0.0,5.340140971185135,1022.9631014739141,4.175359597852711,0.0,9.200587045513592,1933.3714252802542,10229.631014739141,12163.002440019396,898.8702440019395,0.15895511283619962,0.8410448871638004,45.5,175.0,175.0,7962.5,449.49,3579064.13,42.491679676489106,224.82705526899213,267.31873494548125
Sonora,Aconchi,1,Ures,142,Pastos y praderas,2016,2017,29.783731,-110.246637,627.0,1630.3122424585404,6.654335683504247,1.9319357620702717,10.840321461232058,24.19522448979592,7.415,32.42,32.03061224489795,10.01,43.96,16.35983673469388,2.19,25.01,39.702163265306126,9.63,85.89,25.186204081632656,6.52,32.57,2.0749795918367346,0.8,4.87,318.41999999999996,1.299673469387755,0.0,24.14,191.052,0.779804081632653,0.0,14.484,15.131558045953565,5.4982160907840765,19.006643515780674,0.19531227927223122,51,22,52,3,1362.4437765377966,5.560995006276721,0.7900029878011485,9.214273242047248,134.7907148410816,0.5501661830248229,0.0,5.016724402840487,1227.653061696715,5.010828823251898,0.0,9.214273242047248,1347.907148410816,12276.53061696715,13624.437765377965,1171.3917765377967,0.09893304748589916,0.9010669525141008,46.7,192.0,192.0,8966.4,453.11,4062765.5,28.863108103015332,262.88074126267986,291.7438493656952
Sonora,Aconchi,1,Ures,142,Pastos y praderas,2017,2018,29.783731,-110.246637,627.0,1680.109853798689,6.857591239994649,2.639893099653168,11.139148584903815,24.792183673469385,14.12,34.69,32.700040816326535,19.83,44.53,16.884326530612245,4.52,26.29,38.475632653061226,5.43,88.9,25.22595918367347,10.29,32.59,2.1058367346938773,0.7,4.88,271.32,1.1074285714285714,0.0,16.41,162.792,0.6644571428571429,0.0,9.846,14.994938370678218,7.722411746182727,19.300710526280085,0.1614894403401967,51,22,69,1,1405.451774941669,5.736537856904772,1.5309949936504683,9.468276297168241,137.25400546830542,0.5602204304828793,0.0,7.0747472252584735,1268.1977694733637,5.1763174264218925,0.0,9.468276297168241,1372.5400546830542,12681.977694733636,14054.51774941669,1242.6597749416692,0.09765828178202836,0.9023417182179716,46.6,195.0,195.0,9087.0,460.0,4180020.0,29.453649242125625,272.14544409299646,301.59909333512206
Sonora,Aconchi,1,Ures,142,Pastos y praderas,2018,2019,29.783731,-110.246637,627.0,1604.9538768687148,6.55083215048455,1.203667394025888,11.270765691059282,24.29816326530612,12.225000000000001,32.82,31.57930612244898,19.14,42.51,17.017020408163265,0.69,25.87,43.35783673469387,6.81,88.5,24.443551020408165,3.16,32.56,2.0434285714285716,0.79,4.77,429.6700000000001,1.7537551020408166,0.0,41.51,257.802,1.0522530612244898,0.0,24.906,14.790130379495062,3.5061784758272774,19.659693595199755,0.2677148584720027,60,24,71,1,1340.9120527550022,5.473110419408172,1.0231172849220047,9.580150837400389,147.81790209897017,0.603338375914164,0.0,6.566628476967768,1193.094150656032,4.869772043494009,0.0,9.580150837400389,1478.1790209897017,11930.94150656032,13409.120527550022,1083.110052755002,0.11023683603653756,0.8897631639634626,51.1,185.0,185.0,9453.5,475.0,4490412.5,28.927182406843478,233.48222126341136,262.40940367025485
Sonora,Aconchi,1,Ures,142,Pastos y praderas,2019,2020,29.783731,-110.246637,627.0,1554.9252816629528,6.34663380270593,1.9136567129163076,11.062179124116533,23.419428571428572,9.635,34.155,30.73510204081633,12.76,42.59,16.103755102040818,2.38,26.28,45.437265306122455,11.74,83.74,24.62926530612245,4.35,32.63,2.0788571428571427,0.86,4.45,380.7199999999999,1.553959183673469,0.0,34.93,228.43200000000002,0.9323755102040817,0.0,20.958,15.052953478571833,4.410932846259717,19.203353608957677,0.2448477778898994,59,26,44,3,1303.6702110725385,5.321102902336891,0.8725367584542225,9.402852255499052,148.04915570595102,0.6042822681875551,0.0,5.357935526723123,1155.6210553665874,4.716820634149336,0.0,9.402852255499052,1480.4915570595103,11556.210553665875,13036.702110725386,1075.2382110725384,0.1135633494180633,0.8864366505819367,50.75,188.0,188.0,9541.0,465.0,4436565.0,29.172247429744047,227.70858233824384,256.8808297679879
Sonora,Aconchi,1,Ures,142,Pastos y praderas,2022,2023,29.783731,-110.246637,627.0,1537.6762031201993,6.276229400490609,1.8526410152061388,11.225345392381522,23.464673469387755,10.595,31.990000000000002,30.826448979591834,19.34,42.16,16.10289795918367,0.66,23.44,45.804040816326534,2.8,91.18,24.33559183673469,7.09,32.26,1.990122448979592,0.73,4.39,509.60999999999996,2.0800408163265303,0.0,32.39,305.766,1.2480244897959185,0.0,19.434,14.724659609266753,5.528979880221531,19.396730512876825,0.3314156770885294,79,29,50,9,1285.2637406067747,5.245974451456223,1.2213796143030786,9.541543583524293,201.44141878876178,0.8222098726071909,0.0,5.903199636768722,1083.8223218180128,4.423764578849032,0.0,9.541543583524293,2014.4141878876178,10838.223218180128,12852.637406067746,979.4977406067746,0.1567315815613541,0.8432684184386458,50.93,186.5,186.5,9498.45,685.0,6506438.25,39.55260529918747,212.8062677828417,252.35887308202916
Sonora,Aconchi,1,Ures,142,Pastos y praderas,2023,2024,29.783731,-110.246637,627.0,1756.0465458544243,7.167536921854793,2.544241960874396,11.276288700667983,25.265285714285717,6.3,34.0,33.5714693877551,12.67,44.65,16.959102040816326,-1.1,26.28,33.65787755102041,10.19,77.96,25.317020408163266,8.92,32.04,2.211795918367347,0.85,4.12,200.16,0.8169795918367346,0.0,29.73,160.12800000000001,0.6535836734693878,0.0,23.784000000000002,15.034920244291005,6.997019305133057,18.9780102964523,0.11398331124680405,37,12,113,9,1471.5216310564028,6.006210739005726,1.240456565193695,9.584845395567786,116.77154906640206,0.4766185676179676,0.0,6.415043931503106,1354.7500819900006,5.529592171387757,0.0,9.584845395567786,1167.7154906640205,13547.500819900006,14715.216310564027,1311.393631056403,0.07935428647594665,0.9206457135240532,46.92,195.0,195.0,9149.4,688.37,6298172.48,24.887371923785604,288.7361641069907,313.62353603077634
Sonora,Aconchi,1,Ures,142,Frijol,2010,2011,29.783731,-110.246637,627.0,1044.547392896869,7.408137538275667,2.5348989569075395,10.810171957833798,26.40613475177305,14.555,32.894999999999996,33.782978723404256,22.53,41.29,19.029290780141846,5.72,25.36,42.547872340425535,10.11,89.62,27.055390070921984,11.68,32.38,2.0976595744680853,0.87,4.75,314.32,2.2292198581560285,0.0,30.23,188.592,1.3375319148936171,0.0,18.137999999999998,16.73923331648534,8.765860615836614,19.070649867352067,0.30091502035947704,44,19,59,0,838.637094524863,5.947780812233071,0.8872146349176387,12.431697751508867,99.71087188116319,0.7071693041217247,0.0,6.816870855533756,738.9262226436998,5.240611508111346,0.0,12.431697751508867,997.1087188116319,7389.262226436998,8386.370945248631,650.045094524863,0.11889632897487708,0.881103671025123,1.28,2.0,2.0,2.56,12200.0,31232.0,778.9911865715874,5772.861114403905,6551.852300975493
Sonora,Aconchi,1,Ures,142,Frijol,2011,2012,29.783731,-110.246637,627.0,1053.77253502783,7.4735640782115595,3.118750500338317,11.401544805601526,26.45354609929078,17.36,32.93,34.06354609929078,23.76,43.01,18.84354609929078,7.67,23.98,41.54496453900709,6.37,87.85,26.90851063829787,14.98,32.72,2.106312056737589,0.88,6.67,290.4599999999999,2.0599999999999996,0.0,19.8,174.27600000000004,1.2360000000000002,0.0,11.88,16.621549845802427,10.717337432665486,19.586450216919474,0.2756382334374742,45,22,59,0,848.2132448697157,6.015696772125644,1.0915626751184109,13.111776526441755,114.63931213823736,0.8130447669378535,0.0,7.89,733.5739327314786,5.202652005187792,0.0,13.111776526441755,1146.3931213823735,7335.739327314786,8482.13244869716,673.9372448697156,0.13515388121043287,0.8648461187895675,1.34,3.0,3.0,4.02,11600.0,46632.0,855.5172547629652,5474.432333817004,6329.94958857997
Sonora,Aconchi,1,Ures,142,Frijol,2012,2013,29.783731,-110.246637,627.0,1001.3662455240146,7.101888266127763,3.284217060369535,10.977032577702078,26.04858156028369,19.7,31.55,33.22425531914894,24.47,41.31,18.87290780141844,9.11,23.37,46.094184397163126,6.43,86.88,26.264326241134754,13.32,32.48,1.982482269503546,0.72,4.49,349.66,2.479858156028369,0.0,14.49,209.796,1.4879148936170212,0.0,8.693999999999999,16.350635308983694,9.793397969429865,19.007392097524892,0.34918293038430015,62,34,51,0,795.6504114371475,5.642910719412393,1.1494759711293372,12.623587464357389,160.22922563711904,1.1363774867880783,0.0,7.002,635.4211858000285,4.5065332326243155,0.0,12.623587464357389,1602.2922563711904,6354.211858000285,7956.504114371475,585.8544114371475,0.2013814400569519,0.7986185599430482,1.4,7.0,7.0,9.8,12200.0,119560.0,1144.4944688365647,4538.72275571449,5683.217224551055
Sonora,Aconchi,1,Ures,142,Frijol,2013,2014,29.783731,-110.246637,627.0,1031.7212175272193,7.317171755512193,2.448971905052023,11.44753078739875,26.647943262411353,19.645,32.86,33.91581560283687,25.22,45.09,19.380070921985812,10.89,24.56,43.99723404255319,9.54,83.77,26.226241134751774,9.48,32.47,2.105531914893617,0.97,5.03,335.99,2.38290780141844,0.0,26.56,201.594,1.4297446808510639,0.0,15.935999999999998,16.36179180382568,7.198458131324732,19.021746197206866,0.32565967849850463,45,20,48,0,827.001032956651,5.86525555288405,0.8571401667682079,12.852002127284386,117.04957308604533,0.8301388162130874,0.0,7.597483400103275,709.9514598706056,5.035116736670962,0.0,12.852002127284386,1170.4957308604532,7099.514598706056,8270.010329566509,625.4070329566509,0.14153497809739826,0.8584650219026017,1.66,7.0,7.0,11.62,13800.0,160356.0,705.1179101568996,4276.816023316901,4981.933933473801
Sonora,Aconchi,1,Ures,142,Frijol,2016,2017,29.783731,-110.246637,627.0,1015.0696882156585,7.199075802947933,1.9319357620702717,10.840321461232058,26.401347517730493,16.985,32.42,33.76709219858156,24.78,43.96,19.035602836879434,8.26,25.01,44.09978723404256,9.63,85.89,26.715744680851063,6.52,32.57,2.0368794326241133,0.8,4.87,293.88,2.0842553191489364,0.0,24.14,176.328,1.2505531914893617,0.0,14.484,16.700210966753183,5.4982160907840765,19.006643515780674,0.2895170680513545,45,21,51,0,809.0976283700365,5.7382810522697625,0.676177516724595,12.466369680416866,116.73797973492512,0.827928934290249,0.0,6.225830599340699,692.3596486351114,4.910352117979514,0.0,12.466369680416866,1167.3797973492512,6923.596486351114,8090.9762837003655,632.7696283700366,0.14428169808147753,0.8557183019185224,1.52,5.0,5.0,7.6,8700.0,66120.0,768.0130245718758,4554.997688388891,5323.010712960767
Sonora,Aconchi,1,Ures,142,Frijol,2017,2018,29.783731,-110.246637,627.0,1006.1631633260889,7.135908959759496,2.639893099653168,11.139148584903815,26.514645390070918,14.12,34.69,33.76397163120567,19.83,44.53,19.265319148936168,7.8,26.29,44.680638297872335,5.43,88.9,26.142340425531913,10.29,32.59,2.01709219858156,0.7,4.35,266.69,1.891418439716312,0.0,16.41,160.014,1.1348510638297873,0.0,9.846,16.29567123102824,7.722411746182727,19.300710526280085,0.2650564140297075,50,22,53,0,798.195678354716,5.660962257834866,1.0313907918707665,12.810020872639386,131.00372840547382,0.9291044567764101,0.0,7.104,667.1919499492424,4.731857801058457,0.0,12.810020872639386,1310.0372840547382,6671.919499492424,7981.956783547162,638.181678354716,0.16412482798141148,0.8358751720185887,1.45,6.0,6.0,8.7,8800.0,76560.0,903.4739890032678,4601.3237927533955,5504.797781756663
Sonora,Aconchi,1,Ures,142,Frijol,2018,2019,29.783731,-110.246637,627.0,1017.583046634849,7.216901039963468,2.9722373189242304,11.270765691059282,26.987304964539007,16.615,32.82,33.94553191489362,23.11,42.51,20.0290780141844,8.04,25.87,45.23921985815603,6.81,83.93,26.209148936170212,7.59,32.56,1.9795744680851064,0.83,4.77,314.77000000000004,2.232411347517731,0.0,25.73,188.862,1.3394468085106384,0.0,15.437999999999999,16.372156365555828,6.3978615840782,19.659693595199755,0.3093310182799779,52,19,70,0,815.3831864351507,5.782859478263481,1.1149675814890827,12.961380544718173,113.06168129598984,0.80185589571624,0.0,7.386,702.3215051391608,4.981003582547239,0.0,12.961380544718173,1130.6168129598984,7023.215051391608,8153.831864351506,626.5211864351508,0.1386607955338087,0.8613392044661912,1.46,7.0,7.0,10.22,12700.0,129794.0,774.3950773697935,4810.421268076444,5584.816345446237
Sonora,Aconchi,1,Ures,142,Frijol,2019,2020,29.783731,-110.246637,627.0,1006.5865559659012,7.1389117444390155,3.265189384847796,11.062179124116533,26.11840425531915,17.884999999999998,34.155,33.0468794326241,24.81,42.59,19.189929078014185,8.78,26.28,45.91326241134752,11.74,83.74,26.618368794326237,13.47,32.63,2.0634042553191487,0.86,4.45,271.44999999999993,1.9251773049645384,0.0,20.69,162.86999999999998,1.1551063829787231,0.0,12.414,16.698076170598902,9.668124953477436,19.203353608957677,0.26967377856494584,46,20,44,0,824.4067327217645,5.846856260438046,1.1428162846967287,12.721505992734011,104.81115534176759,0.7433415272465786,0.0,7.248971594978342,719.5955773799969,5.103514733191468,0.0,12.721505992734011,1048.1115534176759,7195.955773799969,8244.067327217645,661.5367327217645,0.1271352491211897,0.8728647508788103,1.33,6.0,6.0,7.98,18420.0,146991.6,788.0537995621622,5410.493063007496,6198.5468625696585
Sonora,Aconchi,1,Ures,142,Frijol,2020,2021,29.783731,-110.246637,627.0,1073.466808798464,7.613239778712511,3.099153005585,10.926287025559702,27.842446808510637,21.89,32.745000000000005,35.573049645390064,25.8,42.14,20.11184397163121,12.59,24.29,40.72978723404255,12.62,83.17,26.749007092198582,12.78,32.73,2.1009929078014187,0.59,3.87,226.10999999999999,1.6036170212765957,0.0,29.84,180.888,1.2828936170212766,0.0,23.872,16.697671609706177,9.36853579426097,19.240799878475066,0.21063529691531488,47,18,83,0,850.6292835501418,6.0328317982279565,1.0847035519547499,12.565230079393656,123.62790013183681,0.8767936179562894,0.0,9.046925321161575,727.0013834183051,5.1560381802716675,0.0,12.565230079393656,1236.279001318368,7270.013834183051,8506.29283550142,669.7412835501418,0.14533699053466614,0.8546630094653339,1.5,6.0,6.0,9.0,19500.0,175500.0,824.1860008789121,4846.675889455367,5670.8618903342785
Sonora,Aconchi,1,Ures,142,Frijol,2021,2022,29.783731,-110.246637,627.0,991.9796585514039,7.035316727314921,2.4936795927770636,11.521959281507923,26.7190780141844,18.475,33.335,33.704255319148935,23.14,43.2,19.73390070921986,8.54,23.47,47.09297872340426,8.61,89.73,25.923971631205678,9.83,32.41,1.9430496453900712,0.69,4.62,299.34,2.122978723404255,0.0,19.95,179.60399999999998,1.2737872340425531,0.0,11.969999999999999,16.30537367312625,7.663919008344471,19.00414147842824,0.30176022000000347,58,22,48,0,787.4087226456832,5.584459025855909,0.9410362072601104,13.25025317373411,118.74606381809568,0.842170665376565,0.0,6.565373342434769,668.6626588275875,4.742288360479344,0.0,13.25025317373411,1187.4606381809567,6686.626588275875,7874.087226456832,607.8047226456831,0.15080613206710541,0.8491938679328946,1.2,6.0,6.0,7.2,19800.0,142560.0,989.5505318174639,5572.18882356323,6561.739355380693
Sonora,Aconchi,1,Ures,142,Haba grano,2012,2013,29.783731,-110.246637,627.0,555.9241440902613,3.681616848279876,0.9628851056330856,7.472388164632843,14.515331125827812,2.335,26.82,22.43887417218543,7.39,36.31,6.591788079470198,-2.86,21.11,44.144437086092715,16.43,90.88,16.35569536423841,2.71,22.75,2.104701986754967,0.96,6.42,123.4,0.8172185430463577,0.0,42.76,98.72,0.6537748344370861,0.0,34.208,8.226935134583345,3.131900052562274,12.696945314432533,0.2219727301139928,13,8,3,63,367.5731056144695,2.4342589775792685,0.4852263861012435,6.460169160928177,19.918685491241572,0.1319118244453084,0.0,2.574856770623657,347.65442012322796,2.30234715313396,0.0,6.460169160928177,0.0,0.0,0.0,268.85310561446954,0.054189724947214614,0.9458102750527855,2.36,2.0,2.0,4.72,4100.0,19352.0,0.0,0.0,0.0
Sonora,Aconchi,1,Ures,142,Haba grano,2013,2014,29.783731,-110.246637,627.0,566.9708945602333,3.7547741361604854,1.4323166663712663,6.356584542422246,15.188841059602648,1.5400000000000005,26.155,23.110397350993377,8.55,34.65,7.26728476821192,-5.47,17.9,39.2676821192053,16.55,85.59,15.87887417218543,4.56,23.17,2.0164238410596025,1.03,4.57,49.07999999999999,0.3250331125827814,0.0,14.72,39.264,0.2600264900662252,0.0,11.776000000000002,7.972380658562565,3.78673503209606,12.790514202465829,0.08656529016020924,8,3,0,62,402.85636240708254,2.6679229298482285,0.4296949999113799,6.946549270788944,10.883273442706564,0.07207465856097062,0.0,2.8443877924584586,391.97308896437596,2.595848271287258,0.0,6.946549270788944,0.0,0.0,0.0,363.59236240708253,0.027015270101925608,0.9729847298980744,2.5,3.0,3.0,7.5,3500.0,26250.0,0.0,0.0,0.0
Sonora,Aconchi,1,Ures,142,Haba grano,2014,2015,29.783731,-110.246637,627.0,591.4904990332652,3.9171556227368556,1.2244786604853957,6.962192369327031,16.193509933774834,5.2,23.435000000000002,24.123311258278147,9.1,32.41,8.263708609271525,0.12,16.24,40.481192052980134,11.64,87.4,16.05430463576159,5.6,22.95,2.0635099337748346,1.04,4.28,39.34,0.2605298013245033,0.0,8.26,31.472000000000005,0.20842384105960268,0.0,6.6080000000000005,8.054386588018211,4.167080753249647,13.179006207553378,0.06650994405539477,8,3,0,41,389.4739187015001,2.5792974748443718,0.6893173864558373,6.488771045813746,18.55566146003866,0.1228851752320441,0.0,2.537417846266558,370.91825724146145,2.4564122996123277,0.0,6.488771045813746,0.0,0.0,0.0,358.00191870150013,0.04764288587513881,0.9523571141248612,2.2,2.0,2.0,4.4,3600.0,15840.0,0.0,0.0,0.0
Sonora,Aconchi,1,Ures,142,Cacahuate,2010,2011,29.783731,-110.246637,627.0,1190.4040651788562,6.961427281747697,1.6737238474760827,10.810171957833798,26.03236842105263,14.555,32.894999999999996,33.32023391812866,22.53,41.29,18.744502923976608,5.72,25.36,44.56333333333333,10.11,89.62,25.744269005847954,5.15,32.38,2.0451461988304094,0.87,4.75,356.06,2.082222222222222,0.0,30.23,213.636,1.2493333333333334,0.0,18.137999999999998,15.869184680483176,4.57172147863348,19.070649867352067,0.2991085215644846,52,22,63,0,943.3313697766546,5.516557717992132,1.0042343084856495,12.431697751508867,142.2093542179926,0.8316336503976175,0.0,6.917999999999999,801.122015558662,4.6849240675945145,0.0,12.431697751508867,1422.0935421799259,8011.22015558662,9433.313697766545,729.6953697766546,0.1507522793943155,0.8492477206056845,2.62,55.0,55.0,144.1,12000.0,1729200.0,542.7837947251625,3057.7176166361146,3600.501411361277
Sonora,Aconchi,1,Ures,142,Cacahuate,2011,2012,29.783731,-110.246637,627.0,1229.0570844190377,7.187468329935893,3.118750500338317,11.401544805601526,26.126812865497072,17.165,32.93,33.89976608187135,23.76,43.01,18.353859649122807,7.67,23.98,40.283099415204674,6.37,87.85,25.948654970760234,14.98,32.72,2.0568421052631582,0.88,6.67,296.98,1.7367251461988304,0.0,19.8,178.188,1.042035087719298,0.0,11.88,15.796737249388537,10.237835724137692,19.586450216919474,0.2416323893860303,47,22,69,0,964.1784479975681,5.63847045612613,2.260671405544007,13.111776526441755,148.26340310527146,0.8670374450600671,0.0,7.89,815.9150448922967,4.771433011066063,0.0,13.111776526441755,1482.6340310527146,8159.1504489229665,9641.78447997568,785.9904479975681,0.15377174569001092,0.8462282543099892,2.5,89.0,89.0,222.5,14000.0,3115000.0,593.0536124210859,3263.6601795691868,3856.7137919902725
Sonora,Aconchi,1,Ures,142,Cacahuate,2012,2013,29.783731,-110.246637,627.0,1157.7969354634254,6.770742312651611,2.356210694678036,10.977032577702078,25.662982456140345,19.63,31.55,32.921461988304095,24.44,41.31,18.404502923976608,9.11,23.37,45.633625730994154,6.43,86.88,25.1612865497076,7.35,32.48,1.935672514619883,0.72,4.49,350.9,2.052046783625731,0.0,14.49,210.53999999999996,1.2312280701754383,0.0,8.693999999999999,15.514359077572227,5.8277708526721455,19.007392097524892,0.30307559922806937,63,34,53,0,902.7919529711451,5.279485105094415,1.4137264168068215,12.623587464357389,181.76876106766224,1.0629752109220014,0.0,7.002,721.0231919034828,4.216509894172415,0.0,12.623587464357389,1817.6876106766224,7210.231919034828,9027.919529711451,692.2519529711451,0.20134069701158702,0.7986593029884129,2.66,195.0,195.0,518.7,14500.0,7521150.0,683.3412070212866,2710.6135033965516,3393.954710417838
Sonora,Aconchi,1,Ures,142,Cacahuate,2013,2014,29.783731,-110.246637,627.0,1185.2157366944732,6.931086179499843,2.051147529209135,11.44753078739875,25.840497076023393,17.63,32.86,33.18076023391813,22.78,45.09,18.500233918128657,7.67,24.56,44.700994152046775,9.54,83.77,25.364210526315794,8.24,32.47,2.057777777777778,0.81,5.03,340.12,1.9890058479532164,0.0,26.56,204.072,1.19340350877193,0.0,15.935999999999998,15.658250219809876,6.0653582773571255,19.021746197206866,0.28696885256399246,46,20,48,0,935.5450480350494,5.471023672719587,1.230688517525481,12.852002127284386,133.57138911956866,0.7811192346173607,0.0,7.597483400103275,801.9736589154808,4.689904438102227,0.0,12.852002127284386,1335.7138911956868,8019.736589154808,9355.450480350495,731.4730480350494,0.14277387219366108,0.857226127806339,2.54,124.0,124.0,314.96,14000.0,4409440.0,525.8716107069633,3157.376609903468,3683.2482206104314
Sonora,Aconchi,1,Ures,142,Cacahuate,2014,2015,29.783731,-110.246637,627.0,1141.7990833165818,6.677187621734396,1.6757341363275586,12.121924479088296,25.64678362573099,17.849999999999998,33.655,32.44666666666667,24.46,44.31,18.84690058479532,9.87,23.65,49.21485380116959,7.68,89.51,24.8419298245614,5.01,32.05,1.972514619883041,0.58,4.83,437.52000000000004,2.5585964912280703,0.0,44.19,262.51199999999994,1.5351578947368418,0.0,26.514,15.46199839091801,4.533130358337256,19.02041390283585,0.3831847532484756,63,28,49,0,898.8050514090619,5.256169891281064,1.0054404817965352,12.361916905679708,165.5591744475867,0.9681823067110334,0.0,7.103965920082574,733.2458769614752,4.287987584570031,0.0,12.361916905679708,1655.591744475867,7332.458769614752,8988.050514090619,636.293051409062,0.1841992033623294,0.8158007966376707,1.4,75.0,28.0,39.2,14200.0,556640.0,1182.5655317684766,5237.470549724823,6420.0360814933
Sonora,Aconchi,1,Ures,142,Cacahuate,2015,2016,29.783731,-110.246637,627.0,1059.7832257503505,6.197562723686261,1.6372711685881285,10.824220053545403,25.195146198830408,17.1,32.335,31.67736842105263,22.69,42.28,18.712923976608188,7.91,23.55,54.3672514619883,13.64,90.85,24.301754385964916,4.51,32.35,1.9539181286549707,0.64,4.55,430.01,2.5146783625730995,0.0,34.75,258.006,1.5088070175438595,0.0,20.849999999999998,15.513084285060621,4.273074121134167,19.760892231833523,0.4057527893928904,58,28,36,0,841.2307695131151,4.919478184287223,0.982362701152877,11.850043306559522,170.93926572218604,0.9996448287847136,0.0,6.798,670.2915037909291,3.9198333555025098,0.0,11.777069598250089,1709.3926572218604,6702.915037909292,8412.307695131152,583.2247695131151,0.20320139481003735,0.7967986051899627,1.9,85.0,85.0,161.5,14600.0,2357900.0,899.6803459062423,3527.850019952259,4427.530365858502
Sonora,Aconchi,1,Ures,142,Cacahuate,2016,2017,29.783731,-110.246637,627.0,1171.9542203195617,6.853533452161179,1.9319357620702717,10.840321461232058,26.10695906432748,16.985,32.42,33.484210526315785,24.78,43.96,18.72970760233918,8.26,25.01,44.155146198830415,9.63,85.89,25.58432748538012,6.52,32.57,1.9809941520467835,0.8,4.87,303.29,1.773625730994152,0.0,24.14,181.97400000000002,1.0641754385964914,0.0,14.484,15.826465695839623,5.4982160907840765,19.006643515780674,0.25878997211793875,49,21,52,0,918.8514566820688,5.373400331474087,1.159161457242163,12.466369680416866,143.63715205212253,0.8399833453340498,0.0,6.225830599340699,775.2143046299464,4.533416986140037,0.0,12.466369680416866,1436.3715205212252,7752.143046299463,9188.514566820688,736.8774566820688,0.1563224947923463,0.8436775052076537,2.35,180.0,180.0,423.0,14700.0,6218100.0,611.2219236260532,3298.784275021048,3910.006198647101
Sonora,Aconchi,1,Ures,142,Cacahuate,2017,2018,29.783731,-110.246637,627.0,1183.3282950758753,6.920048509215645,2.639893099653168,11.139148584903815,26.338771929824564,14.12,34.69,33.71456140350877,19.83,44.53,18.96298245614035,7.8,26.29,43.62906432748538,5.43,88.9,25.359239766081874,10.29,32.59,1.9966081871345027,0.7,4.35,270.65,1.5827485380116957,0.0,16.41,162.39,0.9496491228070174,0.0,9.846,15.59751571214,7.722411746182727,19.300710526280085,0.22871928367321415,51,22,61,0,921.4264699436103,5.388458888559125,1.7680985003498857,12.458180326429936,147.17898463333879,0.8606958165692327,0.0,7.104,774.2474853102715,4.527763071989892,0.0,12.458180326429936,1471.789846333388,7742.474853102714,9214.264699436102,759.0364699436103,0.1597294949019056,0.8402705050980943,2.22,175.0,175.0,388.5,16400.0,6371400.0,662.9683992492738,3487.6012851814025,4150.569684430677
Sonora,Aconchi,1,Ures,142,Cacahuate,2018,2019,29.783731,-110.246637,627.0,1139.8989030560515,6.666075456468137,1.203667394025888,11.270765691059282,26.057631578947365,16.025,32.82,32.83918128654971,19.14,42.51,19.276081871345028,8.04,25.87,48.79286549707602,6.81,88.5,24.861520467836257,3.16,32.56,1.9318128654970763,0.79,4.77,420.77,2.460643274853801,0.0,41.51,252.462,1.4763859649122806,0.0,24.906,15.508080036579848,3.5061784758272774,19.659693595199755,0.3691292261725334,59,23,70,0,892.0025032028784,5.216388907619172,0.7222004364155328,11.684776107679772,147.67843786348615,0.8636165956929015,0.0,7.386,744.3240653393921,4.35277231192627,0.0,11.684776107679772,1476.7843786348615,7443.240653393921,8920.025032028783,639.5405032028784,0.16555832223925715,0.8344416777607426,2.12,172.0,172.0,364.64,19100.0,6964624.0,696.596405016444,3510.962572355623,4207.558977372067
Sonora,Aconchi,1,Ures,142,Cacahuate,2019,2020,29.783731,-110.246637,627.0,1141.3389337050098,6.674496688333391,2.2540870814925693,11.062179124116533,25.662163742690066,17.884999999999998,34.155,32.531052631578945,23.57,42.59,18.793274853801172,8.78,26.28,48.48350877192983,11.74,83.74,25.27017543859649,9.51,32.63,1.999473684210526,0.86,4.45,328.77,1.9226315789473682,0.0,20.69,197.26199999999997,1.1535789473684208,0.0,12.414,15.807999234097771,6.7771048782647405,19.203353608957677,0.28805641364808976,54,24,44,0,923.9777606453665,5.403378717224365,1.3524522488955415,12.721505992734011,138.58510114945292,0.8104391880084967,0.0,7.248971594978342,785.3926594959136,4.592939529215869,0.0,12.721505992734011,1385.8510114945293,7853.926594959135,9239.777606453665,726.7157606453666,0.14998748568651266,0.8500125143134873,2.15,165.0,150.0,322.5,25654.42,8273550.45,644.581865811409,3652.989113934482,4297.570979745891
Sonora,Aconchi,1,Ures,142,Cacahuate,2022,2023,29.783731,-110.246637,627.0,1062.226020640082,6.211848073918608,1.8526410152061388,11.225345392381522,25.429415204678364,18.285,31.990000000000002,31.998187134502928,23.73,42.16,18.860643274853803,11.59,23.44,54.29333333333333,2.8,91.18,24.181578947368422,7.09,32.26,1.7967836257309941,0.73,4.12,508.78,2.9753216374269003,0.0,32.39,305.26800000000003,1.7851929824561406,0.0,19.434,15.297342019384285,5.887105041795641,19.396730512876825,0.47897527467216117,79,29,46,0,827.4869844732884,4.839105172358412,1.1115846091236832,11.51049339655848,206.61481090935396,1.208273748007918,0.0,7.986681861510623,620.8721735639344,3.630831424350494,0.0,11.486493396558481,2066.1481090935395,6208.721735639345,8274.869844732884,522.2189844732884,0.2496894993954114,0.7503105006045886,1.41,110.0,88.5,124.79,30000.0,3743700.0,1465.3532688606663,4403.348748680387,5868.7020175410535
Sonora,Aconchi,1,Ures,142,Cacahuate,2023,2024,29.783731,-110.246637,627.0,1311.503335483275,7.669610149024999,3.1688633932149166,11.276288700667983,28.077748538011697,19.775,34.0,36.144853801169596,26.47,44.65,20.010643274853802,10.17,26.28,34.35508771929825,10.19,77.96,25.90391812865497,8.92,32.04,2.16421052631579,0.85,3.84,165.86,0.9699415204678363,0.0,14.54,132.688,0.775953216374269,0.0,11.632,15.747512160699378,6.997019305133057,18.9780102964523,0.12646555713019395,33,11,108,0,1055.5936397395283,6.173062220698996,1.9013180359289499,12.96773200576818,109.34083798959574,0.6394201052023143,0.0,8.679177083798319,946.2528017499325,5.533642115496681,0.0,12.96773200576818,1093.4083798959573,9462.528017499324,10555.936397395282,922.9056397395283,0.10358231981823612,0.8964176801817638,2.18,65.0,65.0,141.7,31500.0,4463550.0,501.5634770164941,4340.609182339139,4842.172659355633
Sonora,Aconchi,1,Ures,142,Papa,2010,2011,29.783731,-110.246637,627.0,607.2268548662882,4.670975806663756,1.0041849342531286,10.221349853372587,14.01226923076923,5.619999999999999,25.544999999999998,22.206846153846158,10.41,36.45,5.817692307692307,-2.08,16.33,43.87369230769231,11.35,91.62,21.01269230769231,5.65,31.59,2.5150769230769234,1.19,7.65,127.24,0.9787692307692307,0.0,31.12,101.792,0.7830153846153847,0.0,24.896,11.729523542374029,4.3610523266935735,18.165165893802612,0.20954277463242024,16,8,2,62,563.2207962391616,4.332467663378166,0.52102233359538,8.986095745829202,29.638228838643265,0.22798637568187127,0.0,3.1888316921494906,533.5825674005183,4.104481287696295,0.0,8.986095745829202,296.38228838643266,5335.825674005183,5632.207962391615,461.42879623916156,0.052622752988790426,0.9473772470112095,35.0,4.0,4.0,140.0,7500.0,1050000.0,8.468065382469504,152.4521621144338,160.9202274969033
Sonora,Aconchi,1,Ures,142,Nuez,2010,2011,29.783731,-110.246637,627.0,1420.6693903375324,6.733030285959869,1.6737238474760827,10.810171957833798,24.522274881516587,11.965,32.894999999999996,32.024265402843604,17.23,41.29,17.02028436018957,3.6,25.36,43.47369668246446,10.11,89.62,25.44099526066351,5.15,32.38,2.1164928909952603,0.87,5.28,359.05,1.701658767772512,0.0,30.23,215.42999999999998,1.020995260663507,0.0,18.137999999999998,15.527759525269909,4.57172147863348,19.070649867352067,0.2527329739361066,53,22,63,2,1376.3788835502728,6.523122670854374,1.087920500859454,11.89118915361718,153.86620363935748,0.7292237139306041,0.0,6.999142283415049,1222.5126799109155,5.79389895692377,0.0,11.89118915361718,1538.662036393575,12225.126799109155,13763.78883550273,1160.9488835502727,0.11179058722731229,0.8882094127726878,2.0,4.0,4.0,8.0,39960.0,319680.0,769.3310181967875,6112.563399554578,6881.894417751365
Sonora,Aconchi,1,Ures,142,Nuez,2011,2012,29.783731,-110.246637,627.0,1515.3440759268315,7.181725478326215,3.118750500338317,11.401544805601526,25.20642180094787,12.195,32.93,33.242701421800945,18.62,43.01,17.170142180094786,4.07,23.98,37.57374407582938,6.37,87.85,25.87611374407583,14.98,32.72,2.1683886255924167,0.88,6.67,299.99,1.4217535545023696,0.0,19.8,179.994,0.8530521327014218,0.0,11.88,15.500868044462598,9.013972241110991,19.586450216919474,0.19796824019423892,48,22,70,2,1448.0006746891527,6.8625624392850835,2.0952157705394887,12.54169928616168,154.53372600903924,0.732387327057058,0.0,7.89,1293.4669486801135,6.130175112228026,0.0,12.54169928616168,1545.3372600903924,12934.669486801136,14480.00674689153,1268.0066746891528,0.10672213674362654,0.8932778632563735,1.7,25.0,4.0,6.8,45000.0,306000.0,909.0219177002309,7608.629109883022,8517.651027583252
Sonora,Aconchi,1,Ures,142,Nuez,2012,2013,29.783731,-110.246637,627.0,1434.4949080228303,6.7985540664589115,2.356210694678036,10.977032577702078,24.773720379146916,13.16,31.55,32.40559241706161,20.45,41.31,17.14184834123223,2.56,23.37,41.44345971563981,6.43,86.88,25.29672985781991,7.35,32.48,2.001895734597156,0.72,4.49,350.98,1.6634123222748816,0.0,14.49,210.58799999999997,0.9980473933649288,0.0,8.693999999999999,15.275522720815095,5.8277708526721455,19.007392097524892,0.24467148543856254,63,34,57,2,1373.4382355962734,6.509185950693239,1.5315369515407233,12.074735835472286,194.62291869288606,0.9223835009141519,0.0,7.002,1178.8153169033876,5.586802449779088,0.0,12.074735835472286,1946.2291869288606,11788.153169033876,13734.382355962736,1162.8502355962735,0.14170489334628958,0.8582951066537106,2.0,25.0,4.0,8.0,50000.0,400000.0,973.1145934644303,5894.076584516938,6867.191177981368
Sonora,Aconchi,1,Ures,142,Nuez,2013,2014,29.783731,-110.246637,627.0,1462.7521527491167,6.932474657578752,2.051147529209135,11.44753078739875,24.746492890995263,13.78,32.86,32.469289099526065,19.95,45.09,17.023696682464454,4.6,24.56,40.71270142180094,5.49,83.77,25.558815165876776,8.24,32.47,2.138056872037914,0.81,5.58,341.16,1.6168720379146921,0.0,26.56,204.696,0.9701232227488151,0.0,15.935999999999998,15.425814903504849,6.0653582773571255,19.021746197206866,0.23323158291636706,46,20,48,1,1406.3553250294458,6.66519111388363,1.3332458939859377,12.592283866138626,144.25716435378,0.6836832433828437,0.0,7.267158034881395,1262.098160675666,5.981507870500786,0.0,12.592283866138626,1442.5716435378001,12620.981606756659,14063.553250294459,1201.6593250294459,0.10257518977343767,0.8974248102265624,1.9,25.0,4.0,7.6,52000.0,395200.0,759.2482334409475,6642.621898292979,7401.870131733926
Sonora,Aconchi,1,Ures,142,Nuez,2014,2015,29.783731,-110.246637,627.0,1404.5641860761468,6.656702303678421,1.6757341363275586,12.121924479088296,24.709905213270147,14.274999999999999,33.655,31.84109004739336,21.65,44.31,17.57872037914692,5.19,23.65,45.471516587677726,7.0,89.51,24.766161137440758,5.01,32.05,2.035876777251185,0.58,4.83,438.75000000000006,2.0793838862559246,0.0,44.19,263.25,1.2476303317535544,0.0,26.514,15.153922702404676,4.533130358337256,19.02041390283585,0.31237447483671904,63,28,50,0,1361.7606342260804,6.453841868370049,1.0892271886129132,13.334116926997126,180.33449370290626,0.854665846933205,0.0,6.795097836600725,1181.4261405231741,5.599176021436844,0.0,13.334116926997126,1803.3449370290625,11814.26140523174,13617.606342260802,1098.5106342260804,0.13242745396689667,0.8675725460331034,1.1,25.0,4.0,4.4,53000.0,233200.0,1639.4044882082385,10740.237641119764,12379.642129328002
Sonora,Aconchi,1,Ures,142,Nuez,2015,2016,29.783731,-110.246637,627.0,1294.8136030226628,6.1365573602969805,1.6372711685881285,10.824220053545403,24.11220379146919,13.515,32.335,30.870000000000005,17.94,42.28,17.354407582938386,4.93,23.55,51.657345971563984,13.64,90.85,24.324739336492893,4.51,32.35,2.013412322274881,0.64,4.55,452.6700000000001,2.145355450236967,0.0,34.75,271.602,1.28721327014218,0.0,20.849999999999998,15.286516528301672,4.273074121134167,19.760892231833523,0.3496024438909738,61,30,36,1,1250.3193169306828,5.925683966496127,1.0642262595822836,11.906642058899944,185.87047204997666,0.8809027111373301,0.0,6.7761268644837545,1064.448844880706,5.044781255358797,0.0,11.906642058899944,1858.7047204997666,10644.48844880706,12503.193169306827,978.7173169306828,0.14865840232418104,0.8513415976758189,1.7,25.0,4.0,6.8,52500.0,357000.0,1093.3557179410393,6261.463793415918,7354.819511356957
Sonora,Aconchi,1,Ures,142,Nuez,2016,2017,29.783731,-110.246637,627.0,1437.1071771888473,6.81093448904667,1.9319357620702717,10.840321461232058,25.150213270142178,13.879999999999999,32.42,32.81654028436019,21.74,43.96,17.48388625592417,4.86,25.01,41.177630331753555,9.63,85.89,25.505071090047398,6.52,32.57,2.0534597156398102,0.8,4.87,303.46000000000004,1.4381990521327015,0.0,24.14,182.07600000000002,0.862919431279621,0.0,14.484,15.52836121950402,5.4982160907840765,19.006643515780674,0.2111603120607914,49,21,52,1,1378.4214386941953,6.5328030269867075,2.0884933910186207,11.924353607355265,146.06097699090532,0.6922321184403095,0.0,6.03,1232.36046170329,5.840570908546398,0.0,11.924353607355265,1460.6097699090533,12323.6046170329,13784.214386941952,1196.3454386941953,0.1059624965854214,0.8940375034145785,1.65,25.0,4.0,6.6,58000.0,382800.0,885.2180423691233,7468.851283050242,8354.069325419365
Sonora,Aconchi,1,Ures,142,Nuez,2017,2018,29.783731,-110.246637,627.0,1480.2496011854246,7.0154009534854245,2.639893099653168,11.139148584903815,25.606327014218007,14.12,34.69,33.37341232227489,19.83,44.53,17.839241706161136,5.94,26.29,39.269857819905205,5.43,88.9,25.522322274881514,10.29,32.59,2.079004739336493,0.7,4.88,271.32,1.2858767772511848,0.0,16.41,162.792,0.7715260663507109,0.0,9.846,15.329075438099078,7.722411746182727,19.300710526280085,0.18329341199127464,51,22,69,0,1400.8443592302347,6.639072792560354,2.4305982647172995,12.253063443394197,147.92048217146066,0.7010449392012353,0.0,7.104,1252.9238770587742,5.938027853359119,0.0,12.253063443394197,1479.2048217146066,12529.238770587743,14008.443592302348,1238.0523592302347,0.10559380219280257,0.8944061978071975,1.93,25.0,4.0,7.7,70000.0,539000.0,766.4273687640449,6491.833559890022,7258.260928654067
Sonora,Aconchi,1,Ures,142,Nuez,2018,2019,29.783731,-110.246637,627.0,1419.3940036734975,6.726985799400462,1.203667394025888,11.270765691059282,25.278601895734596,16.025,32.82,32.36985781990522,19.14,42.51,18.18734597156398,6.28,25.87,45.03327014218009,6.81,88.5,24.947582938388628,3.16,32.56,2.016208530805687,0.79,4.77,429.37000000000006,2.034928909952607,0.0,41.51,257.622,1.2209573459715641,0.0,24.906,15.253347637343516,3.5061784758272774,19.659693595199755,0.3025023347208446,60,24,71,0,1366.6819679196901,6.477165724737868,0.7823838061168272,12.397842260165211,156.67804018602862,0.7425499534882873,0.0,7.386,1210.0039277336614,5.73461577124958,0.0,12.397842260165211,1566.7804018602862,12100.039277336615,13666.8196791969,1109.05996791969,0.11464118490164746,0.8853588150983525,1.9,25.0,4.0,7.6,92321.0,701639.6,824.6212641369927,6368.441724914008,7193.062989051001
Sonora,Aconchi,1,Ures,142,Nuez,2019,2020,29.783731,-110.246637,627.0,1398.2168912948823,6.626620337890437,2.2540870814925693,11.062179124116533,24.53438388625592,14.36,34.155,31.76018957345972,19.4,42.59,17.308578199052135,6.11,26.28,45.72374407582938,11.74,83.74,25.29706161137441,9.51,32.63,2.085260663507109,0.86,4.45,330.2,1.5649289099526065,0.0,20.69,198.11999999999998,0.9389573459715639,0.0,12.414,15.572450331948568,6.7771048782647405,19.203353608957677,0.23615792518012227,55,24,44,0,1351.6383602589262,6.405869005966475,1.4651566029701701,12.168397036528187,145.98345412553138,0.6918647114954094,0.0,6.933798916935807,1205.6549061333951,5.714004294471067,0.0,12.168397036528187,1459.8345412553138,12056.549061333952,13516.383602589265,1153.5183602589264,0.1080048172778746,0.8919951827221256,1.7,25.0,4.0,6.8,90000.0,612000.0,858.7262007384198,7092.087683137619,7950.813883876039
Sonora,Aconchi,1,Ures,142,Nuez,2020,2021,29.783731,-110.246637,627.0,1503.5117127145206,7.12564792755697,3.099153005585,10.926287025559702,26.15945497630332,8.63,32.745000000000005,34.17649289099526,15.39,42.14,18.142417061611372,1.87,24.29,38.140236966824645,12.62,83.17,25.683127962085308,12.76,32.73,2.088388625592417,0.59,3.87,227.15999999999997,1.0765876777251184,0.0,29.84,181.728,0.8612701421800948,0.0,23.872,15.562185578620419,7.544483172873543,19.240799878475066,0.15108628557995943,47,18,110,2,1449.6742321790825,6.87049399137006,2.1035149324708033,12.018915728115674,152.9718218436348,0.7249849376475583,0.0,8.653580741980639,1296.7024103354477,6.145509053722501,0.0,12.018915728115674,1529.7182184363483,12967.024103354477,14496.742321790825,1267.9462321790825,0.10552151541915367,0.8944784845808463,1.75,25.0,4.0,7.0,90005.0,630035.0,874.1246962493418,7409.728059059701,8283.852755309043
Sonora,Aconchi,1,Ures,142,Nuez,2021,2022,29.783731,-110.246637,627.0,1421.263399436918,6.735845494961697,2.4936795927770636,11.521959281507923,25.08689573459716,15.245000000000001,33.335,32.39696682464455,22.41,43.2,17.776824644549762,6.54,23.47,43.83739336492891,8.61,89.73,25.026018957345972,9.62,32.41,2.0634597156398105,0.69,5.24,318.0,1.5071090047393365,0.0,19.95,190.8,0.9042654028436019,0.0,11.969999999999999,15.28074708875603,7.108844205632465,19.00414147842824,0.2237445923999637,64,23,50,0,1352.6303200717891,6.410570237307057,1.709151765178159,12.674155209658716,159.87623411160692,0.7577072706711229,0.0,6.688560125144357,1192.7540859601822,5.652862966635935,0.0,12.674155209658716,1598.7623411160691,11927.540859601822,13526.303200717892,1161.8303200717892,0.11819654767395846,0.8818034523260415,1.32,25.0,25.0,33.0,92545.45,3053999.85,1211.1835917545977,9036.015802728652,10247.19939448325
Sonora,Aconchi,1,Ures,142,Nuez,2022,2023,29.783731,-110.246637,627.0,1343.0803484476805,6.3653097082828465,1.8526410152061388,11.225345392381522,24.6036018957346,15.239999999999998,31.990000000000002,31.682322274881514,22.31,42.16,17.524881516587676,5.6,23.44,49.15625592417062,2.8,91.18,24.451563981042657,7.09,32.26,1.9334123222748814,0.73,4.37,509.42,2.414312796208531,0.0,32.39,305.652,1.4485876777251183,0.0,19.434,15.081966608286756,5.528979880221531,19.396730512876825,0.37929227435185303,79,29,50,0,1284.145143723262,6.085995941816408,1.5030357732113722,12.347879931619675,217.96018760066102,1.03298667109318,0.0,7.639434824053641,1066.1849561226009,5.053009270723226,0.0,12.347879931619675,2179.60187600661,10661.849561226009,12841.45143723262,978.4931437232619,0.16973173839890504,0.8302682616010949,1.28,25.0,25.0,32.0,78484.38,2511500.16,1702.813965630164,8329.56996970782,10032.383935337984
Sonora,Aconchi,1,Ures,142,Nuez,2023,2024,29.783731,-110.246637,627.0,1587.8549955319304,7.525379125743746,2.544241960874396,11.276288700667983,26.774526066350706,13.01,34.0,35.07867298578199,21.18,44.65,18.47037914691943,2.17,26.28,32.66383886255924,10.19,77.96,25.87943127962085,8.92,32.04,2.1881516587677723,0.85,4.05,198.08999999999997,0.9388151658767772,0.0,29.73,158.47200000000004,0.751052132701422,0.0,23.784000000000002,15.47087550982392,6.997019305133057,18.9780102964523,0.12475320514619155,36,12,113,2,1518.4545335319585,7.196466983563784,1.6537572745683575,12.403917570734782,119.22624078518206,0.5650532738634221,0.0,8.301821558415785,1399.2282927467763,6.631413709700362,0.0,12.403917570734782,1192.2624078518206,13992.282927467764,15184.545335319584,1359.9825335319586,0.07851814996913949,0.9214818500308605,0.84,25.0,25.0,21.0,73845.24,1550750.04,1419.3600093474056,16657.479675556864,18076.83968490427
