Estado,Municipio,IdMunicipio,DDR,IdDDR,Cultivo,Anio,AnioFin,Lat,Lon,Z_m,ET0_total_mm,ET0_mean_mm_d,ET0_min_mm_d,ET0_max_mm_d,Tmean_ciclo_mean_C,Tmean_ciclo_min_C,Tmean_ciclo_max_C,Tmax_ciclo_mean_C,Tmax_ciclo_min_C,Tmax_ciclo_max_C,Tmin_ciclo_mean_C,Tmin_ciclo_min_C,Tmin_ciclo_max_C,RH_mean_pct,RH_min_pct,RH_max_pct,Rs_mean_MJ_m2_d,Rs_min_MJ_m2_d,Rs_max_MJ_m2_d,Ws_mean_m_s,Ws_min_m_s,Ws_max_m_s,Ptot_total_mm,Ptot_mean_mm_d,Ptot_min_mm_d,Ptot_max_mm_d,Pef_total_mm,Pef_mean_mm_d,Pef_min_mm_d,Pef_max_mm_d,Rn_mean_MJ_m2_d,Rn_min_MJ_m2_d,Rn_max_MJ_m2_d,ratio_Ptot_ET0,dias_lluvia_ge_1mm,dias_lluvia_ge_5mm,dias_estres_calor,dias_riesgo_helada,ETc_total_mm,ETc_mean_mm_d,ETc_min_mm_d,ETc_max_mm_d,ETverde_total_mm,ETverde_mean_mm_d,ETverde_min_mm_d,ETverde_max_mm_d,ETazul_total_mm,ETazul_mean_mm_d,ETazul_min_mm_d,ETazul_max_mm_d,UACverde_m3_ha,UACazul_m3_ha,UACtotal_m3_ha,deficit_hidrico_mm,frac_verde,frac_azul,Rend_t_ha,SupSembradaTotal_ha,SupCosechadaTotal_ha,VolumenTotal_t,PMR,Valorproduccion,HHverde_m3_ton,HHazul_m3_ton,HHtotal_m3_ton
Sonora,Bacerac,10,Moctezuma,143,Chile verde,2010,2011,30.253066,-108.731092,1602.0,1100.638176616799,6.0808739039602155,2.3302599400690225,9.290888088031807,19.369585635359115,4.2250000000000005,28.58,27.21171270718232,11.3,37.41,11.527458563535912,-2.93,21.91,44.594751381215474,15.27,85.8,26.09265193370166,9.22,32.94,2.29414364640884,0.67,7.14,283.48999999999995,1.5662430939226517,0.0,22.5,170.094,0.9397458563535911,0.0,13.5,15.945161678852596,7.318850072001325,19.88331674817256,0.2575687505874154,55,21,10,46,1099.125256557162,6.07251522959758,1.5512666493792677,9.755432492433398,138.03904439115914,0.7626466540948018,0.0,6.22320764266752,961.0862121660027,5.309868575502778,0.0,9.737432492433397,1380.3904439115913,9610.862121660028,10991.25256557162,929.0312565571619,0.12558991213025608,0.8744100878697438,8.0,3.0,3.0,24.0,9000.0,216000.0,172.54880548894891,1201.3577652075035,1373.9065706964525
Sonora,Bacerac,10,Moctezuma,143,Chile verde,2011,2012,30.253066,-108.731092,1602.0,1230.0312953516004,6.795753012992267,3.7726927063753735,10.77164597051469,20.930248618784535,9.38,30.919999999999998,29.152707182320437,16.28,40.66,12.707790055248617,-0.35,21.99,34.97734806629834,7.37,85.31,26.753867403314917,16.37,33.34,2.473867403314917,0.79,6.98,242.9,1.3419889502762432,0.0,35.55,194.32,1.0735911602209944,0.0,28.439999999999998,15.865826863993632,11.144054636548972,19.116510495148432,0.19747465037510922,43,13,24,19,1214.969172390381,6.712536864035253,2.7190190533121923,11.310228269040426,137.24441803652294,0.7582564532404582,0.0,6.520085411392095,1077.7247543538579,5.954280410794794,0.0,11.310228269040426,1372.4441803652294,10777.247543538579,12149.691723903808,1020.649172390381,0.11296123486532796,0.887038765134672,4.0,4.0,4.0,16.0,8000.0,128000.0,343.11104509130735,2694.3118858846447,3037.422930975952
Sonora,Bacerac,10,Moctezuma,143,Chile verde,2012,2013,30.253066,-108.731092,1602.0,1165.323683062103,6.438252392608304,1.8817952136161549,10.33865177490988,20.55455801104972,3.7449999999999997,28.58,28.712265193370165,8.72,38.41,12.396850828729281,-4.2,20.62,37.55309392265193,8.74,80.06,26.007127071823206,13.42,33.38,2.2382872928176796,0.66,6.55,207.86,1.1483977900552487,0.0,13.16,166.28800000000004,0.9187182320441991,0.0,10.528,15.62070339416006,8.950734563830155,19.166274465207653,0.17837104233032447,45,14,21,26,1157.8369624226268,6.396889295152635,1.129077128169693,10.855584363655375,148.42906751347778,0.8200500967595458,0.0,7.909901728962745,1009.407894909149,5.576839198393088,0.0,10.855584363655375,1484.2906751347778,10094.07894909149,11578.369624226269,991.5489624226268,0.12819513656128995,0.8718048634387101,4.1,3.0,3.0,12.3,6500.0,79950.0,362.0221158865312,2461.970475388169,2823.9925912747
Sonora,Bacerac,10,Moctezuma,143,Chile verde,2013,2014,30.253066,-108.731092,1602.0,1162.8894700571773,6.424803701973355,2.8389838286255693,9.659706945690195,20.450524861878453,5.74,28.735,28.39182320441989,11.64,38.61,12.509226519337018,-2.63,20.67,38.30022099447515,9.25,81.39,26.016519337016568,10.74,32.9,2.2713259668508288,0.7,6.43,292.71000000000004,1.617182320441989,0.0,20.2,175.62600000000003,0.9703093922651935,0.0,12.12,15.613302536942157,8.01258624872264,19.269369139075167,0.25170921874940355,53,22,21,19,1150.8699078586117,6.358397280986805,1.7247648621034268,10.142692292974704,145.73875351201514,0.8051864834917963,0.0,6.4674658055589305,1005.1311543465968,5.55321079749501,0.0,10.142692292974704,1457.3875351201514,10051.311543465967,11508.699078586118,975.2439078586117,0.1266335599852348,0.8733664400147654,9.0,2.0,2.0,18.0,8000.0,144000.0,161.9319483466835,1116.8123937184407,1278.7443420651243
Sonora,Bacerac,10,Moctezuma,143,Chile verde,2014,2015,30.253066,-108.731092,1602.0,1133.5005054678606,6.262433731866634,2.739759809670057,9.683301810762353,20.349944751381212,8.175,30.135,27.865524861878452,14.94,40.56,12.834364640883978,1.08,20.85,40.21403314917127,10.38,83.08,25.263204419889504,11.55,32.41,2.2591160220994473,0.69,6.31,236.65000000000003,1.3074585635359117,0.0,14.58,189.32,1.0459668508287292,0.0,11.664000000000001,15.300842430078507,7.7605550143742175,19.248179100177403,0.20877802776304985,51,18,19,23,1123.295228257959,6.206050984850602,1.6438558858020342,10.167466901300472,148.74380526619237,0.8217889793712285,0.0,5.575709187931547,974.5514229917667,5.384262005479374,0.0,10.167466901300472,1487.4380526619236,9745.514229917666,11232.95228257959,933.9752282579591,0.13241737481327048,0.8675826251867296,7.5,3.0,3.0,22.5,8500.0,191250.0,198.32507368825648,1299.4018973223554,1497.7269710106118
Sonora,Bacerac,10,Moctezuma,143,Chile verde,2015,2016,30.253066,-108.731092,1602.0,1014.9409215160788,5.607408406166181,1.8035342464236184,9.057739610787849,19.713729281767957,6.055000000000001,28.765,26.82828729281768,10.46,37.73,12.59917127071823,-1.19,21.57,50.13226519337016,19.7,84.05,24.42325966850829,10.0,33.07,2.090662983425414,0.5,5.72,365.89,2.0214917127071823,0.0,20.03,219.534,1.2128950276243093,0.0,12.018,15.279430750933642,6.949309214534648,19.8559282343571,0.3605037418862252,63,25,9,20,1012.9323034835578,5.596311068969933,1.0821205478541709,9.510626591327242,170.34174055063673,0.9411145886775509,0.0,6.407430301328252,842.5905629329211,4.655196480292382,0.0,9.468626591327242,1703.4174055063672,8425.90562932921,10129.323034835577,793.3983034835578,0.1681669544596588,0.8318330455403412,7.44,2.0,2.0,14.88,8640.46,128570.04,228.95395235300634,1132.5141974904852,1361.4681498434916
Sonora,Bacerac,10,Moctezuma,143,Chile verde,2016,2017,30.253066,-108.731092,1602.0,1113.229523841403,6.150439358239796,1.4494440156099853,9.322335202249004,20.25154696132597,3.235,28.41,27.90292817679558,6.77,38.94,12.600165745856355,-1.73,21.91,42.418232044198895,15.38,87.92,25.85093922651934,10.01,33.0,2.214198895027624,0.79,6.08,287.39000000000004,1.587790055248619,0.0,17.04,172.43399999999997,0.9526740331491711,0.0,10.223999999999998,15.768664448374034,7.198024056317743,19.602377321006436,0.25815880179705264,47,21,15,19,1101.119037961822,6.083530596474154,0.8696664093659912,9.788451962361455,135.72889234863965,0.7498833831416555,0.0,6.36225301326316,965.3901456131823,5.333647213332499,0.0,9.788451962361455,1357.2889234863965,9653.901456131824,11011.19037961822,928.685037961822,0.12326450426274951,0.8767354957372505,6.1,2.0,2.0,12.2,8520.0,103944.0,222.50638089940927,1582.6067960871842,1805.1131769865935
Sonora,Bacerac,10,Moctezuma,143,Chile verde,2017,2018,30.253066,-108.731092,1602.0,1139.840486959854,6.297461253921845,3.1171167930919483,9.63214155934337,21.224530386740334,10.26,31.259999999999998,28.94850828729282,16.67,41.03,13.500552486187845,0.94,22.45,40.16767955801105,9.04,86.04,25.77182320441989,13.47,33.19,2.1392817679558007,0.58,6.5,237.46999999999997,1.311988950276243,0.0,17.26,189.97600000000003,1.0495911602209946,0.0,13.808000000000002,15.554052096524394,9.807795483416893,19.95513408502055,0.20833616871547733,51,17,18,11,1126.3429582133906,6.222889271897186,2.244597753059348,10.11374863731054,158.83494723335514,0.8775411449356637,0.0,5.876691633526245,967.5080109800354,5.345348126961521,0.0,10.11374863731054,1588.3494723335514,9675.080109800354,11263.429582133906,936.3669582133906,0.14101828051138146,0.8589817194886185,7.55,2.5,2.5,18.88,7500.0,141600.0,210.37741355411276,1281.4675642119676,1491.8449777660803
Sonora,Bacerac,10,Moctezuma,143,Chile verde,2018,2019,30.253066,-108.731092,1602.0,1160.2869511682043,6.410425144575714,3.154728457597165,10.117170442181578,21.33196132596685,9.085,30.465,29.065911602209948,12.88,38.78,13.598011049723759,-2.76,22.44,38.95651933701657,10.49,81.29,25.41160220994475,9.63,33.3,2.1860220994475137,0.5,5.71,235.71999999999997,1.30232044198895,0.0,20.28,188.57600000000002,1.0418563535911602,0.0,16.224,15.360497205930606,7.139990557776815,20.12599761915522,0.20315664134865216,40,22,21,15,1152.1489078749087,6.365463579419385,1.892837074558299,10.623028964290658,142.22011499357595,0.7857464916772152,0.0,6.093113289327227,1009.9287928813326,5.579717087742169,0.0,10.623028964290658,1422.2011499357595,10099.287928813326,11521.489078749086,963.5729078749087,0.1234390051680864,0.8765609948319135,12.0,3.0,3.0,36.0,7800.0,280800.0,118.51676249464663,841.6073274011105,960.1240898957572
Sonora,Bacerac,10,Moctezuma,143,Chile verde,2019,2020,30.253066,-108.731092,1602.0,1087.2437795759033,6.0068717103641065,1.4727649665250757,9.881201127050685,19.831850828729284,6.705,29.085,27.351160220994473,11.12,37.66,12.312541436464087,-0.99,21.27,45.62546961325966,18.06,87.79,25.70171270718232,6.24,33.03,2.2159668508287296,0.62,5.97,291.33,1.6095580110497236,0.0,22.38,174.79799999999997,0.9657348066298341,0.0,13.427999999999999,15.82434949434891,5.2912695169719255,19.52801533134164,0.2679527861853005,45,23,12,24,1085.4768447999963,5.997109639778985,0.8836589799150454,10.37526118340322,130.90640259013807,0.72323979331568,0.0,5.450360625979492,954.5704422098584,5.273869846463306,0.0,10.37526118340322,1309.0640259013808,9545.704422098584,10854.768447999966,910.6788447999963,0.12059806085891968,0.8794019391410804,10.0,4.0,2.0,20.0,8000.0,160000.0,130.90640259013807,954.5704422098585,1085.4768447999966
Sonora,Bacerac,10,Moctezuma,143,Chile verde,2020,2021,30.253066,-108.731092,1602.0,1099.791321387605,6.076195145787873,1.4118638523752383,9.73312420302817,20.691519337016576,4.885,30.0,28.43618784530387,8.77,39.7,12.946850828729282,-2.45,21.33,46.72674033149172,18.81,87.59,25.705856353591162,6.31,33.66,2.1594475138121543,0.73,4.59,249.13,1.3764088397790055,0.0,20.45,199.30399999999997,1.1011270718232042,0.0,16.36,15.931978338813453,5.373493873085483,19.702724186347137,0.22652479170836978,46,17,30,24,1105.6158125668949,6.108374655065718,0.8471183114251429,10.21978041317958,129.7335331738465,0.7167598517892072,0.0,6.479634542020045,975.8822793930483,5.39161480327651,0.0,10.21978041317958,1297.335331738465,9758.822793930483,11056.158125668948,906.3118125668949,0.11734051892098551,0.8826594810790144,9.5,5.0,5.0,47.5,8500.0,403750.0,136.56161386720683,1027.2445046242615,1163.8061184914684
Sonora,Bacerac,10,Moctezuma,143,Chile verde,2021,2022,30.253066,-108.731092,1602.0,1157.0484990075695,6.39253314368823,1.912845466036334,10.413499873828178,20.54132596685083,4.0,31.015,28.192099447513815,7.95,40.48,12.890552486187845,-4.62,21.67,40.19668508287293,10.71,85.31,25.73419889502762,13.65,32.82,2.3388397790055246,0.67,5.78,295.64,1.6333701657458564,0.0,29.08,177.38400000000001,0.9800220994475138,0.0,17.447999999999997,15.566001838521993,9.142190610763121,19.353012730697902,0.2555121935282558,54,19,17,25,1147.5243793188235,6.339913697894053,1.1477072796218004,10.934174867519587,143.48260571938872,0.7927215785601587,0.0,7.08,1004.0417735994348,5.547192119333894,0.0,10.934174867519587,1434.8260571938872,10040.417735994348,11475.243793188234,970.1403793188235,0.12503665133856307,0.8749633486614369,9.8,5.0,5.0,49.0,8800.0,431200.0,146.41082216264155,1024.5324220402395,1170.943244202881
Sonora,Bacerac,10,Moctezuma,143,Chile verde,2022,2023,30.253066,-108.731092,1602.0,1122.7694003375789,6.203145858218668,2.522082437270076,10.258910483115393,20.697430939226518,6.76,28.955,28.46834254143646,13.35,37.08,12.926519337016574,-1.88,21.22,41.712265193370165,6.25,84.32,25.252541436464092,10.6,33.05,2.157900552486188,0.58,6.14,359.55999999999995,1.9865193370165743,0.0,22.0,215.73599999999996,1.1919116022099445,0.0,13.2,15.320422477738791,7.829141040397019,19.407540518673358,0.3202438540735902,66,23,17,23,1112.5110817230554,6.146470064768262,1.8861761683321352,10.771856007271163,169.5229561926329,0.936590918191342,0.0,6.984,942.9881255304226,5.20987914657692,0.0,10.771856007271163,1695.229561926329,9429.881255304226,11125.110817230556,896.7750817230555,0.15237866748264298,0.847621332517357,10.5,15.0,15.0,157.5,9500.0,1496250.0,161.4504344691742,898.083929076593,1059.5343635457673
Sonora,Bacerac,10,Moctezuma,143,Chile verde,2023,2024,30.253066,-108.731092,1602.0,1200.1605941662974,6.630721514730925,2.1373082803657817,10.096447222180716,21.29530386740331,1.845,31.900000000000002,29.522154696132592,5.54,40.0,13.068453038674033,-2.56,23.92,36.0582320441989,14.86,72.43,26.0582320441989,11.45,33.09,2.324419889502763,0.7,5.9,127.57,0.7048066298342541,0.0,12.87,102.05599999999998,0.5638453038674032,0.0,10.296,15.74569619601458,7.912793236764115,19.330535567332927,0.1062941081552654,30,6,41,21,1199.237850541475,6.625623483654557,1.282384968219469,10.601269583289753,91.64851381734688,0.5063453802063363,0.0,6.921065307206204,1107.589336724128,6.119278103448221,0.0,10.601269583289753,916.4851381734688,11075.89336724128,11992.378505414748,1097.181850541475,0.07642229919274657,0.9235777008072534,11.0,10.0,10.0,110.0,9975.0,1097250.0,83.31683074304262,1006.8993970219345,1090.2162277649772
Sonora,Bacerac,10,Moctezuma,143,Avena forrajera en verde,2010,2011,30.253066,-108.731092,1602.0,290.0927031254223,3.086092586440663,0.90074121306271,6.5573028654536465,8.09186170212766,1.0899999999999999,14.585,15.567553191489363,6.51,25.96,0.6161702127659573,-4.91,5.23,55.275212765957434,29.11,89.63,18.474361702127663,2.53,28.08,2.458404255319149,1.01,7.19,130.05,1.3835106382978724,0.0,34.82,104.03999999999999,1.1068085106382979,0.0,27.856,10.129186542084781,3.160004939205682,16.119681263238263,0.4483049680286945,16,8,0,91,291.62242153539455,3.1023661865467504,0.37838951687011774,7.540898295271693,26.5263468831797,0.28219517960829466,0.0,2.220817313064963,265.0960746522149,2.8201710069384562,0.0,7.540898295271693,265.263468831797,2650.960746522149,2916.224215353946,187.58242153539456,0.09096127363430512,0.909038726365695,18.02,96.0,96.0,1729.73,398.0,688431.74,14.720503264805606,147.11213909667862,161.83264236148423
Sonora,Bacerac,10,Moctezuma,143,Avena forrajera en verde,2011,2012,30.253066,-108.731092,1602.0,570.099595456045,3.631207614369713,0.9133918026185579,7.628675009152696,10.587420382165604,-10.245,21.225,18.649808917197454,-7.37,30.15,2.5250318471337585,-13.12,12.3,39.29656050955413,18.68,88.21,18.128535031847136,7.59,28.31,2.354713375796179,0.93,6.62,16.74,0.10662420382165604,0.0,11.6,13.392,0.08529936305732484,0.0,9.28,9.017028494049367,4.763096578797185,15.58117967196646,0.029363290438066382,3,1,0,111,519.0021015706704,3.305745869876882,0.8700149098044044,6.865807508237427,5.162400573011341,0.032881532312174146,0.0,1.4960000000000002,513.8397009976592,3.272864337564708,0.0,6.865807508237427,0.0,0.0,0.0,505.61010157067045,0.009946781636120982,0.9900532183638792,14.0,50.0,25.0,350.0,360.0,126000.0,0.0,0.0,0.0
Sonora,Bacerac,10,Moctezuma,143,Avena forrajera en verde,2012,2013,30.253066,-108.731092,1602.0,506.3165736802721,3.204535276457418,0.8346322957025915,6.918581164521033,9.658006329113926,-0.9750000000000001,17.915,17.288101265822785,2.95,27.8,2.027911392405063,-5.75,10.05,47.68658227848102,20.17,92.16,17.23240506329114,5.47,28.97,2.2384177215189873,0.92,6.55,155.82,0.9862025316455696,0.0,30.27,124.656,0.7889620253164558,0.0,24.216,8.874457505595748,4.04995275947592,16.01843323703178,0.3077521220911029,15,8,0,132,461.02151506655593,2.917857690294658,0.34842047488748273,6.22672304806893,22.838706140437672,0.14454877304074476,0.0,3.038368101683309,438.18280892611824,2.773308917253913,0.0,6.22672304806893,0.0,0.0,0.0,336.36551506655593,0.049539349887261844,0.9504606501127381,9.18,49.0,49.0,450.0,450.0,202500.0,0.0,0.0,0.0
Sonora,Bacerac,10,Moctezuma,143,Avena forrajera en verde,2013,2014,30.253066,-108.731092,1602.0,530.5129318604907,3.3790632602579023,1.1281853308476133,6.729554815176948,10.601528662420382,-2.175,19.21,18.27617834394904,2.94,28.53,2.92687898089172,-7.29,11.99,41.14815286624204,16.15,84.16,17.05624203821656,4.73,28.03,2.1743312101910828,0.8,5.33,48.42,0.3084076433121019,0.0,12.37,38.736000000000004,0.24672611464968155,0.0,9.896,8.666991793956793,3.838384571705147,15.355746861816236,0.0912701596739456,11,3,0,98,483.37471074453356,3.0788198136594493,0.6550203654176183,6.056599333659253,22.067688966345216,0.1405585284480587,0.0,2.958213144008013,461.3070217781883,2.9382612852113903,0.0,6.056599333659253,0.0,0.0,0.0,444.63871074453357,0.0456533792021406,0.9543466207978594,12.0,108.0,108.0,1296.0,455.0,589680.0,0.0,0.0,0.0
Sonora,Bacerac,10,Moctezuma,143,Avena forrajera en verde,2014,2015,30.253066,-108.731092,1602.0,525.5321796830315,3.3473387240957417,1.0210624005005435,6.94753375366903,11.43251592356688,2.9,18.69,18.77484076433121,6.92,27.46,4.090191082802549,-2.83,10.96,46.93216560509554,21.7,89.8,16.701464968152866,5.91,28.2,2.2669426751592354,0.9,5.8,75.10999999999999,0.47840764331210184,0.0,14.3,60.087999999999994,0.3827261146496815,0.0,11.440000000000001,8.656926203859294,4.172075164360675,15.947921356485587,0.14292179033699076,12,7,0,88,484.2414464825875,3.0843404234559713,0.39924989606170586,6.252780378302127,20.113922027409096,0.12811415304082227,0.0,3.286084846523078,464.12752445517845,2.9562262704151494,0.0,6.252780378302127,0.0,0.0,0.0,424.15344648258747,0.041536969157662466,0.9584630308423376,15.0,100.0,100.0,1500.0,340.0,510000.0,0.0,0.0,0.0
Sonora,Bacerac,10,Moctezuma,143,Avena forrajera en verde,2015,2016,30.253066,-108.731092,1602.0,472.20306504436087,3.0076628346774577,1.0288913508916233,6.007618750766784,11.504235668789809,1.3300000000000003,20.705,18.576305732484077,5.69,28.69,4.432165605095541,-4.69,13.84,53.60484076433121,21.2,88.53,15.689745222929936,3.92,27.17,2.1259872611464967,0.51,5.38,126.44999999999999,0.8054140127388534,0.0,22.7,101.16000000000001,0.6443312101910829,0.0,18.16,8.379594493713634,3.7410657531821077,15.909335324023978,0.26778733422266265,21,8,0,87,435.54396153137,2.7741653600724203,0.6019478441316822,5.406856875690106,36.7287818415034,0.2339412856146713,0.0,2.87400455914079,398.81517968986657,2.5402240744577487,0.0,5.406856875690106,0.0,0.0,0.0,334.38396153136995,0.08432852957567182,0.9156714704243282,13.25,50.0,50.0,662.5,315.0,208687.5,0.0,0.0,0.0
Sonora,Bacerac,10,Moctezuma,143,Avena forrajera en verde,2016,2017,30.253066,-108.731092,1602.0,519.0644609031831,3.2852181069821715,1.0113480697451032,7.122054958833228,10.54863924050633,-1.8050000000000002,18.815,18.200759493670887,2.87,28.03,2.896518987341772,-6.48,11.07,47.8767088607595,22.59,89.45,17.29860759493671,3.21,28.29,2.2481645569620254,0.7,6.08,112.2,0.710126582278481,0.0,17.04,89.76,0.5681012658227849,0.0,13.632,8.937203376407835,3.3866614906540047,15.948506358632606,0.21615812379982563,20,9,0,105,477.71368039803735,3.023504306316692,0.3034044209235309,6.409849462949905,27.761380995810587,0.17570494301145942,0.0,3.104,449.9522994022268,2.8477993633052328,0.0,6.409849462949905,0.0,0.0,0.0,387.95368039803736,0.058113012322945065,0.941886987677055,15.8,46.0,46.0,726.8,363.0,263828.4,0.0,0.0,0.0
Sonora,Bacerac,10,Moctezuma,143,Avena forrajera en verde,2017,2018,30.253066,-108.731092,1602.0,535.2690674190014,3.4093571173184802,0.9923098344656751,7.252981597722299,12.224267515923566,1.9650000000000003,21.795,19.56808917197452,8.26,29.43,4.880445859872611,-4.8,14.38,48.39547770700637,23.26,87.36,16.733503184713378,2.91,28.0,2.349044585987261,0.83,6.6,80.24,0.5110828025477707,0.0,15.02,64.192,0.40886624203821653,0.0,12.016,8.732365508463415,3.261830335455855,15.867254187057124,0.1499059162654531,15,6,0,78,486.99811055721875,3.1018987933580813,0.8042063645384545,6.52768343795007,28.098821635110596,0.1789733862108955,0.0,2.650626632972489,458.89928892210827,2.9229254071471864,0.0,6.52768343795007,0.0,0.0,0.0,422.80611055721874,0.05769800955276846,0.9423019904472317,16.5,43.0,43.0,709.5,478.95,339815.03,0.0,0.0,0.0
Sonora,Bacerac,10,Moctezuma,143,Avena forrajera en verde,2018,2019,30.253066,-108.731092,1602.0,542.8270273269011,3.457496989343319,0.819954141453333,6.953766196788522,12.664490445859874,1.21,21.42,19.997070063694267,6.42,29.78,5.331910828025478,-5.01,15.04,43.83815286624204,20.51,91.74,16.51292993630573,2.74,27.84,2.1903184713375796,0.58,6.27,93.62,0.5963057324840765,0.0,27.82,74.896,0.4770445859872611,0.0,22.256,8.526220811589772,3.1457657097893588,15.555703448106076,0.17246746253778591,16,5,0,66,498.6879272772479,3.1763562246958466,0.8416133544286628,6.2583895771096705,23.867980664015892,0.15202535454787192,0.0,2.2352176967775157,474.819946613232,3.0243308701479745,0.0,6.2583895771096705,0.0,0.0,0.0,423.7919272772479,0.04786155701488714,0.9521384429851127,16.2,45.0,45.0,729.0,715.01,521242.29,0.0,0.0,0.0
Sonora,Bacerac,10,Moctezuma,143,Avena forrajera en verde,2019,2020,30.253066,-108.731092,1602.0,457.8619818306929,2.916318355609509,0.7965533778755393,6.005478306417562,9.993980891719746,-0.9299999999999999,17.689999999999998,17.06375796178344,2.85,27.84,2.924203821656051,-5.52,10.91,54.53044585987261,27.57,90.55,15.878343949044586,4.02,27.62,2.2340127388535027,0.73,6.07,155.43,0.99,0.0,22.38,124.34400000000001,0.792,0.0,17.904,8.502012180478934,3.618081105266441,15.717711356535943,0.3394691111468489,22,12,0,113,415.5707544373775,2.6469474804928503,0.6117767974287961,5.404930475775806,36.81069176860708,0.2344630048955865,0.0,2.649226529203602,378.76006266877033,2.4124844755972634,0.0,5.404930475775806,0.0,0.0,0.0,291.2267544373775,0.08857863883719011,0.9114213611628097,18.0,45.0,45.0,810.0,677.44,548726.4,0.0,0.0,0.0
Sonora,Bacerac,10,Moctezuma,143,Avena forrajera en verde,2020,2021,30.253066,-108.731092,1602.0,426.01014430881526,2.6962667361317423,0.7555426373457765,5.645125332535734,10.240886075949367,0.1649999999999996,17.915,16.884050632911393,4.8,26.26,3.597721518987342,-5.19,12.47,61.32158227848101,35.4,94.92,15.40879746835443,2.76,27.85,2.289493670886076,0.81,6.51,331.44,2.097721518987342,0.0,57.33,198.86399999999998,1.2586329113924049,0.0,34.397999999999996,8.434071527685287,3.2506630648015724,16.163324304343043,0.7780096423237723,33,19,0,96,389.1169080903657,2.462765241078264,0.48773226687342697,5.080612799282161,49.627088497800486,0.31409549682152205,0.0,2.377144037382976,339.48981959256525,2.148669744256742,0.0,5.080612799282161,0.0,0.0,0.0,190.25290809036574,0.12753773343171057,0.8724622665682895,25.2,65.0,25.0,630.0,617.0,388710.0,0.0,0.0,0.0
Sonora,Bacerac,10,Moctezuma,143,Avena forrajera en verde,2021,2022,30.253066,-108.731092,1602.0,570.4924396129597,3.633709806451973,1.0350124899792574,7.311800334221948,10.90044585987261,-0.2849999999999999,22.015,18.837070063694267,3.39,31.24,2.963821656050955,-5.63,14.43,38.14585987261147,16.48,92.02,17.288343949044588,6.02,27.96,2.433949044585987,0.85,5.48,67.62,0.4307006369426752,0.0,18.42,54.096000000000004,0.34456050955414014,0.0,14.736000000000002,8.638421364741186,4.468035452427556,15.407495925464312,0.11852917813577962,13,3,0,119,519.2035404056426,3.307028919781163,0.764405890292941,6.580620300799753,18.730408883565865,0.11930196741124754,0.0,1.9620237703900654,500.47313152207676,3.1877269523699154,0.0,6.580620300799753,0.0,0.0,0.0,465.10754040564257,0.036075271884571894,0.9639247281154282,26.2,70.0,70.0,1834.0,657.65,1206130.1,0.0,0.0,0.0
Sonora,Bacerac,10,Moctezuma,143,Avena forrajera en verde,2022,2023,30.253066,-108.731092,1602.0,536.5764625765579,3.417684475009923,0.829859972994483,6.700505711871191,11.368630573248408,0.5099999999999998,19.744999999999997,19.003503184713377,6.38,27.92,3.7337579617834398,-5.41,12.54,43.68936305732484,17.49,91.85,16.962165605095542,3.69,27.83,2.3128662420382167,0.79,5.36,80.80999999999999,0.5147133757961783,0.0,35.81,64.64800000000001,0.41177070063694277,0.0,28.648000000000003,8.714438953930602,3.4358797659059626,15.78626405853374,0.1506029534205857,11,4,0,98,486.354495339849,3.097799333374834,0.841723862824284,6.030455140684072,20.20376951629243,0.12868643004007915,0.0,2.5280000000000005,466.1507258235566,2.9691129033347554,0.0,6.030455140684072,0.0,0.0,0.0,421.70649533984897,0.04154124143989803,0.9584587585601021,25.5,65.0,65.0,1657.5,757.3,1255224.75,0.0,0.0,0.0
Sonora,Bacerac,10,Moctezuma,143,Avena forrajera en verde,2023,2024,30.253066,-108.731092,1602.0,484.3011970333839,3.084721000212636,1.0327203784062995,7.4496336971303885,9.663694267515922,0.3450000000000002,16.665,16.87044585987261,5.54,25.14,2.456942675159236,-5.78,11.78,51.12420382165604,21.11,89.42,16.546815286624202,4.58,29.07,2.508980891719745,0.72,7.32,67.0,0.4267515923566879,0.0,13.48,53.60000000000001,0.34140127388535035,0.0,10.784,8.673883119666701,3.75914450126296,16.33355271574884,0.13834365971096607,13,3,0,114,445.92883202778455,2.8403110320241054,0.5589490376747964,6.704670327417349,25.465680020709183,0.16220178357139606,0.0,2.6065438150830573,420.46315200707534,2.678109248452709,0.0,6.704670327417349,0.0,0.0,0.0,392.32883202778453,0.05710704980637468,0.9428929501936253,22.0,50.0,50.0,1100.0,803.82,884202.0,0.0,0.0,0.0
Sonora,Bacerac,10,Moctezuma,143,Cebada forrajera en verde,2010,2011,30.253066,-108.731092,1602.0,290.0927031254223,3.086092586440663,0.90074121306271,6.5573028654536465,8.09186170212766,1.0899999999999999,14.585,15.567553191489363,6.51,25.96,0.6161702127659573,-4.91,5.23,55.275212765957434,29.11,89.63,18.474361702127663,2.53,28.08,2.458404255319149,1.01,7.19,130.05,1.3835106382978724,0.0,34.82,104.03999999999999,1.1068085106382979,0.0,27.856,10.129186542084781,3.160004939205682,16.119681263238263,0.4483049680286945,16,8,0,91,291.62242153539455,3.1023661865467504,0.37838951687011774,7.540898295271693,26.5263468831797,0.28219517960829466,0.0,2.220817313064963,265.0960746522149,2.8201710069384562,0.0,7.540898295271693,265.263468831797,2650.960746522149,2916.224215353946,187.58242153539456,0.09096127363430512,0.909038726365695,18.15,2.0,2.0,36.29,397.18,14413.59,14.615067153267054,146.05844333455366,160.67351048782072
Sonora,Bacerac,10,Moctezuma,143,Cebada forrajera en verde,2011,2012,30.253066,-108.731092,1602.0,570.099595456045,3.631207614369713,0.9133918026185579,7.628675009152696,10.587420382165604,-10.245,21.225,18.649808917197454,-7.37,30.15,2.5250318471337585,-13.12,12.3,39.29656050955413,18.68,88.21,18.128535031847136,7.59,28.31,2.354713375796179,0.93,6.62,16.74,0.10662420382165604,0.0,11.6,13.392,0.08529936305732484,0.0,9.28,9.017028494049367,4.763096578797185,15.58117967196646,0.029363290438066382,3,1,0,111,519.0021015706704,3.305745869876882,0.8700149098044044,6.865807508237427,5.162400573011341,0.032881532312174146,0.0,1.4960000000000002,513.8397009976592,3.272864337564708,0.0,6.865807508237427,0.0,0.0,0.0,505.61010157067045,0.009946781636120982,0.9900532183638792,0.0,8.0,0.0,0.0,0.0,0.0,0.0,0.0,0.0
Sonora,Bacerac,10,Moctezuma,143,Cebada forrajera en verde,2017,2018,30.253066,-108.731092,1602.0,535.2690674190014,3.4093571173184802,0.9923098344656751,7.252981597722299,12.224267515923566,1.9650000000000003,21.795,19.56808917197452,8.26,29.43,4.880445859872611,-4.8,14.38,48.39547770700637,23.26,87.36,16.733503184713378,2.91,28.0,2.349044585987261,0.83,6.6,80.24,0.5110828025477707,0.0,15.02,64.192,0.40886624203821653,0.0,12.016,8.732365508463415,3.261830335455855,15.867254187057124,0.1499059162654531,15,6,0,78,486.99811055721875,3.1018987933580813,0.8042063645384545,6.52768343795007,28.098821635110596,0.1789733862108955,0.0,2.650626632972489,458.89928892210827,2.9229254071471864,0.0,6.52768343795007,0.0,0.0,0.0,422.80611055721874,0.05769800955276846,0.9423019904472317,16.2,8.0,8.0,129.6,503.0,65188.8,0.0,0.0,0.0
Sonora,Bacerac,10,Moctezuma,143,Cebada forrajera en verde,2018,2019,30.253066,-108.731092,1602.0,542.8270273269011,3.457496989343319,0.819954141453333,6.953766196788522,12.664490445859874,1.21,21.42,19.997070063694267,6.42,29.78,5.331910828025478,-5.01,15.04,43.83815286624204,20.51,91.74,16.51292993630573,2.74,27.84,2.1903184713375796,0.58,6.27,93.62,0.5963057324840765,0.0,27.82,74.896,0.4770445859872611,0.0,22.256,8.526220811589772,3.1457657097893588,15.555703448106076,0.17246746253778591,16,5,0,66,498.6879272772479,3.1763562246958466,0.8416133544286628,6.2583895771096705,23.867980664015892,0.15202535454787192,0.0,2.2352176967775157,474.819946613232,3.0243308701479745,0.0,6.2583895771096705,0.0,0.0,0.0,423.7919272772479,0.04786155701488714,0.9521384429851127,17.0,25.0,25.0,425.0,645.4,274295.0,0.0,0.0,0.0
Sonora,Bacerac,10,Moctezuma,143,Cebada forrajera en verde,2019,2020,30.253066,-108.731092,1602.0,457.8619818306929,2.916318355609509,0.7965533778755393,6.005478306417562,9.993980891719746,-0.9299999999999999,17.689999999999998,17.06375796178344,2.85,27.84,2.924203821656051,-5.52,10.91,54.53044585987261,27.57,90.55,15.878343949044586,4.02,27.62,2.2340127388535027,0.73,6.07,155.43,0.99,0.0,22.38,124.34400000000001,0.792,0.0,17.904,8.502012180478934,3.618081105266441,15.717711356535943,0.3394691111468489,22,12,0,113,415.5707544373775,2.6469474804928503,0.6117767974287961,5.404930475775806,36.81069176860708,0.2344630048955865,0.0,2.649226529203602,378.76006266877033,2.4124844755972634,0.0,5.404930475775806,0.0,0.0,0.0,291.2267544373775,0.08857863883719011,0.9114213611628097,18.1,35.0,35.0,633.5,690.0,437115.0,0.0,0.0,0.0
Sonora,Bacerac,10,Moctezuma,143,Cebada forrajera en verde,2022,2023,30.253066,-108.731092,1602.0,536.5764625765579,3.417684475009923,0.829859972994483,6.700505711871191,11.368630573248408,0.5099999999999998,19.744999999999997,19.003503184713377,6.38,27.92,3.7337579617834398,-5.41,12.54,43.68936305732484,17.49,91.85,16.962165605095542,3.69,27.83,2.3128662420382167,0.79,5.36,80.80999999999999,0.5147133757961783,0.0,35.81,64.64800000000001,0.41177070063694277,0.0,28.648000000000003,8.714438953930602,3.4358797659059626,15.78626405853374,0.1506029534205857,11,4,0,98,486.354495339849,3.097799333374834,0.841723862824284,6.030455140684072,20.20376951629243,0.12868643004007915,0.0,2.5280000000000005,466.1507258235566,2.9691129033347554,0.0,6.030455140684072,0.0,0.0,0.0,421.70649533984897,0.04154124143989803,0.9584587585601021,18.0,33.0,33.0,594.0,730.0,433620.0,0.0,0.0,0.0
Sonora,Bacerac,10,Moctezuma,143,Cebada forrajera en verde,2023,2024,30.253066,-108.731092,1602.0,484.3011970333839,3.084721000212636,1.0327203784062995,7.4496336971303885,9.663694267515922,0.3450000000000002,16.665,16.87044585987261,5.54,25.14,2.456942675159236,-5.78,11.78,51.12420382165604,21.11,89.42,16.546815286624202,4.58,29.07,2.508980891719745,0.72,7.32,67.0,0.4267515923566879,0.0,13.48,53.60000000000001,0.34140127388535035,0.0,10.784,8.673883119666701,3.75914450126296,16.33355271574884,0.13834365971096607,13,3,0,114,445.92883202778455,2.8403110320241054,0.5589490376747964,6.704670327417349,25.465680020709183,0.16220178357139606,0.0,2.6065438150830573,420.46315200707534,2.678109248452709,0.0,6.704670327417349,0.0,0.0,0.0,392.32883202778453,0.05710704980637468,0.9428929501936253,20.0,40.0,40.0,800.0,820.0,656000.0,0.0,0.0,0.0
Sonora,Bacerac,10,Moctezuma,143,Maíz grano,2010,2011,30.253066,-108.731092,1602.0,1074.1592736378498,6.281633179168712,2.3302599400690225,9.290888088031807,21.585438596491226,7.025,28.58,29.14239766081871,11.3,37.41,14.028479532163741,1.35,21.91,46.06251461988303,15.27,85.8,25.993801169590647,9.22,32.94,2.133684210526316,0.63,7.14,301.81000000000006,1.7649707602339184,0.0,22.5,181.086,1.058982456140351,0.0,13.5,16.144895729232953,7.318850072001325,19.88331674817256,0.2809732293962902,60,22,10,17,984.136098756411,5.755181864072579,0.8670170159330466,11.149065705638167,139.18513539030022,0.8139481601771943,0.0,5.7780000000000005,844.9509633661107,4.941233703895384,0.0,11.131065705638166,1391.8513539030023,8449.509633661108,9841.36098756411,803.050098756411,0.14142874706677203,0.8585712529332279,3.01,9.0,9.0,27.08,3000.11,81243.0,505.20920286860337,3066.9726437971353,3572.1818466657387
Sonora,Bacerac,10,Moctezuma,143,Maíz grano,2013,2014,30.253066,-108.731092,1602.0,1098.8822038922708,6.426211718668251,2.6422853256509797,9.659706945690195,21.98219298245614,9.53,28.735,29.537426900584794,14.43,38.61,14.426959064327487,1.29,20.67,43.05245614035087,9.25,82.62,25.735497076023396,10.41,32.9,2.146081871345029,0.58,6.43,352.58000000000004,2.06187134502924,0.0,20.2,211.548,1.237122807017544,0.0,12.12,15.795086881400925,7.678050225189887,19.269369139075167,0.3208533168988924,62,29,21,5,987.8782253332911,5.777065645223924,1.0056062845930263,11.591648334828234,162.29257988445482,0.9490794145289756,0.0,7.391389492067348,825.5856454488362,4.827986230694949,0.0,11.591648334828234,1622.9257988445484,8255.856454488363,9878.78225333291,776.3302253332911,0.16428399343421143,0.8357160065657885,3.0,12.0,12.0,36.0,2500.0,90000.0,763.7297876915521,3885.1089197592296,4648.838707450782
Sonora,Bacerac,10,Moctezuma,143,Maíz grano,2019,2020,30.253066,-108.731092,1602.0,1057.1264847815858,6.1820262267929,1.9815248409871646,9.881201127050685,21.481198830409358,9.115,29.085,28.736257309941518,15.1,37.66,14.226140350877193,1.78,21.27,47.37894736842105,18.06,87.79,26.01859649122807,8.19,33.03,2.1035087719298247,0.62,5.97,306.18,1.7905263157894737,0.0,16.75,183.708,1.0743157894736841,0.0,10.049999999999999,16.21012050956771,6.406367645397189,19.52801533134164,0.28963421540163214,51,24,12,7,958.2987440928327,5.604086222765104,1.0708262487781128,11.857441352460823,131.45962126446796,0.7687697149968886,0.0,6.226810318743539,826.8391228283647,4.835316507768215,0.0,11.857441352460823,1314.5962126446796,8268.391228283646,9582.987440928326,774.5907440928328,0.1371802082334078,0.8628197917665921,4.0,2.5,1.0,4.0,6500.0,26000.0,328.6490531611699,2067.0978070709116,2395.7468602320814
Sonora,Bacerac,10,Moctezuma,143,Maíz grano,2020,2021,30.253066,-108.731092,1602.0,1100.6832509753594,6.43674415775064,3.1850996998014214,9.73312420302817,22.657280701754384,9.265,30.0,30.44877192982456,16.92,39.7,14.86578947368421,1.61,21.33,45.538830409356734,18.81,83.12,26.29485380116959,13.3,33.66,2.082397660818714,0.73,4.12,186.57999999999998,1.091111111111111,0.0,18.78,149.264,0.8728888888888889,0.0,15.024000000000001,16.386590972422862,9.426654182134946,19.702724186347137,0.16951289104714184,42,15,30,6,988.7886725669953,5.782389898052604,1.1387052090468044,11.679749043633803,120.83432686176543,0.7066334904196809,0.0,7.405296619451479,867.9543457052298,5.075756407632923,0.0,11.679749043633803,1208.3432686176543,8679.543457052298,9887.886725669952,839.5246725669953,0.12220440040849913,0.8777955995915008,4.2,4.0,4.0,16.8,5058.33,84979.94,287.7007782422986,2066.557965964833,2354.2587442071317
Sonora,Bacerac,10,Moctezuma,143,Maíz grano,2021,2022,30.253066,-108.731092,1602.0,1106.5435567006361,6.471014951465708,3.0374302065848577,10.413499873828178,22.577631578947372,10.61,31.015,29.936491228070178,16.0,40.48,15.21877192982456,3.61,21.67,43.90842105263159,10.71,85.31,25.590175438596493,13.92,32.82,2.1077777777777778,0.65,5.78,329.8299999999999,1.9288304093567248,0.0,29.08,197.898,1.157298245614035,0.0,17.447999999999997,15.799728788802483,9.999770223275345,19.353012730697902,0.2980723153668247,62,22,17,2,993.7267076657031,5.811267296290661,1.2610229980112286,12.496199848593813,149.52886725091798,0.874437820180807,0.0,7.619343857878159,844.1978404147852,4.936829476109855,0.0,12.496199848593813,1495.2886725091798,8441.978404147852,9937.267076657032,795.8287076657031,0.15047282728484399,0.8495271727151561,4.5,8.0,8.0,36.0,5366.67,193200.12,332.28637166870664,1875.995200921745,2208.2815725904516
Sonora,Bacerac,10,Moctezuma,143,Maíz grano,2023,2024,30.253066,-108.731092,1602.0,1185.4873707680358,6.93267468285401,3.5350095297351216,10.096447222180716,23.537280701754387,9.51,31.900000000000002,31.76859649122807,18.27,40.0,15.305964912280702,-1.72,23.92,35.71356725146199,14.86,72.94,26.41707602339181,13.99,33.09,2.1399415204678363,0.7,4.76,135.35,0.7915204678362573,0.0,12.87,108.28,0.6332163742690059,0.0,10.296,16.12459554722972,9.754774020444959,19.330535567332927,0.11417245205430697,31,6,46,5,1062.9639614106861,6.216163517021556,1.504850739151865,12.11573666661686,85.23855060250173,0.4984710561549809,0.0,7.9097889225213756,977.7254108081843,5.717692460866575,0.0,12.11573666661686,852.3855060250173,9777.254108081843,10629.63961410686,954.6839614106862,0.0801895018993678,0.9198104981006321,4.2,2.0,2.0,8.4,3800.0,31920.0,202.9489300059565,2327.917644781391,2530.8665747873474
Sonora,Bacerac,10,Moctezuma,143,Maíz forrajero en verde,2010,2011,30.253066,-108.731092,1602.0,1026.240849071342,6.3741667644182725,2.3302599400690225,9.290888088031807,21.517422360248446,7.025,28.58,29.14416149068323,11.3,37.41,13.890683229813666,1.35,21.91,45.244596273291926,15.27,85.8,26.27639751552795,9.22,32.94,2.177453416149069,0.63,7.14,293.7800000000001,1.8247204968944104,0.0,22.5,176.268,1.094832298136646,0.0,13.5,16.31015399354692,7.318850072001325,19.88331674817256,0.2862680824543724,57,22,10,17,1053.9420991956827,6.546224218606724,0.8670170159330466,11.149065705638167,145.94226019322102,0.9064736657964039,0.0,6.22320764266752,907.9998390024616,5.6397505528103204,0.0,11.131065705638166,1459.4226019322102,9079.998390024615,10539.420991956826,877.6740991956826,0.1384727494087171,0.8615272505912829,20.02,7.0,7.0,140.14,600.0,84084.0,72.89823186474577,453.5463731281027,526.4446049928484
Sonora,Bacerac,10,Moctezuma,143,Maíz forrajero en verde,2011,2012,30.253066,-108.731092,1602.0,1120.4922758228504,6.9595793529369585,3.7726927063753735,10.77164597051469,22.455590062111803,9.38,30.919999999999998,30.475341614906835,16.28,40.66,14.43583850931677,-0.35,21.99,37.5,7.37,85.31,26.959006211180128,16.37,33.34,2.385341614906832,0.79,6.98,251.43999999999997,1.5617391304347825,0.0,35.55,150.864,0.9370434782608696,0.0,21.33,16.307350380506755,11.378431411763088,19.116510495148432,0.22440136842117114,45,13,25,7,1117.2454527845402,6.939412750214536,1.3204195225464674,12.925975164617627,119.81529768582698,0.7441943955641427,0.0,5.712,997.4301550987132,6.195218354650392,0.0,12.925975164617627,1198.1529768582698,9974.301550987131,11172.4545278454,966.3814527845402,0.10724169643045596,0.892758303569544,14.0,1.0,1.0,14.0,300.0,4200.0,85.5823554898764,712.4501107847951,798.0324662746715
Sonora,Bacerac,10,Moctezuma,143,Maíz forrajero en verde,2012,2013,30.253066,-108.731092,1602.0,1067.9452746507704,6.6332004636693815,3.3351442358812635,10.33865177490988,22.37593167701863,9.37,28.58,30.297950310559006,16.42,38.41,14.453913043478263,-0.55,20.62,40.107267080745345,8.74,80.11,26.14049689440994,9.53,33.38,2.114223602484472,0.66,6.52,242.5,1.5062111801242235,0.0,13.16,194.00000000000006,1.2049689440993792,0.0,10.528,15.989373522864552,7.1956932866503776,19.166274465207653,0.2270715604592193,51,17,21,8,1070.9367132965572,6.651780827928927,1.478041740084943,12.406382129891856,174.96205070406177,1.0867208118264706,0.0,9.039887690243136,895.9746625924951,5.5650600161024535,0.0,12.406382129891856,1749.6205070406177,8959.74662592495,10709.367132965568,876.9367132965572,0.16337291319997202,0.8366270868000276,10.0,50.0,50.0,500.0,155.0,77500.0,174.96205070406177,895.9746625924951,1070.9367132965567
Sonora,Bacerac,10,Moctezuma,143,Maíz forrajero en verde,2014,2015,30.253066,-108.731092,1602.0,1034.8016453377372,6.427339412035635,2.661394441206364,9.683301810762353,21.928229813664593,10.45,30.135,29.240124223602482,18.11,40.56,14.616335403726708,2.79,20.85,42.23552795031056,10.38,83.08,25.444596273291925,11.3,32.41,2.136335403726708,0.69,6.31,268.43,1.6672670807453416,0.0,15.47,161.058,1.000360248447205,0.0,9.282,15.664999687107592,8.245315190365739,19.248179100177403,0.25940237069529415,55,20,19,9,1041.3069443449945,6.467744995931643,1.1033933513327117,11.619962172914823,136.3215175466296,0.8467175002896248,0.0,5.825011572888683,904.9854267983649,5.621027495642018,0.0,11.619962172914823,1363.215175466296,9049.854267983648,10413.069443449944,880.2489443449945,0.130913865778912,0.869086134221088,9.2,53.0,53.0,487.6,480.0,234048.0,148.17556255068436,983.6798117373531,1131.8553742880374
Sonora,Bacerac,10,Moctezuma,143,Maíz forrajero en verde,2015,2016,30.253066,-108.731092,1602.0,943.2796116401872,5.85887957540489,2.317242132669714,9.057739610787849,21.178447204968943,10.675,28.765,28.20254658385093,15.03,37.73,14.154347826086957,4.16,21.57,50.936956521739134,19.7,84.05,25.0372049689441,8.34,33.07,2.02,0.5,5.72,335.48999999999995,2.083788819875776,0.0,16.82,201.294,1.250273291925466,0.0,10.092,15.836228123136602,6.592913097246136,19.8559282343571,0.35566336413934085,63,22,9,6,949.716683640012,5.898861389068397,0.7663352359823404,10.869287532945417,176.0852122281106,1.0936969703609354,0.0,6.978000000000001,773.6314714119013,4.805164418707462,0.0,10.827287532945418,1760.852122281106,7736.314714119013,9497.16683640012,748.422683640012,0.18540814883152598,0.814591851168474,10.2,30.0,30.0,306.0,382.0,116892.0,172.63256100795158,758.4622268744131,931.0947878823647
Sonora,Bacerac,10,Moctezuma,143,Maíz forrajero en verde,2017,2018,30.253066,-108.731092,1602.0,1044.3482054181923,6.486634816262064,3.1171167930919483,9.63214155934337,22.361055900621118,10.26,31.259999999999998,29.985155279503108,17.93,41.03,14.736956521739133,2.46,22.45,41.7096894409938,9.04,86.04,26.039130434782603,13.47,33.19,2.0925465838509316,0.58,6.5,241.0,1.4968944099378882,0.0,17.26,192.8,1.1975155279503107,0.0,13.808000000000002,15.959720184779963,9.357902119222041,19.95513408502055,0.2307659444902244,52,17,18,6,1035.0197698471834,6.428694222653313,1.2800158518499316,11.558569871212045,164.36473274660406,1.0208989611590313,0.0,6.374326737913248,870.6550371005792,5.407795261494281,0.0,11.558569871212045,1643.6473274660407,8706.550371005793,10350.197698471833,842.2197698471834,0.1588034717161701,0.8411965282838297,14.5,12.0,12.0,174.0,458.28,79740.72,152.8974258107945,809.9116624191436,962.8090882299381
Sonora,Bacerac,10,Moctezuma,143,Maíz forrajero en verde,2018,2019,30.253066,-108.731092,1602.0,1060.3027331090148,6.585731261546676,3.187601604576238,10.117170442181578,22.82422360248447,10.235000000000001,30.465,30.368695652173916,18.31,38.78,15.27975155279503,0.28,22.44,41.3495652173913,10.49,81.29,25.70080745341615,10.57,33.3,2.077142857142857,0.5,5.71,267.65000000000003,1.6624223602484474,0.0,20.28,160.58999999999997,0.9974534161490681,0.0,12.168000000000001,15.790015629140697,8.158523669380784,20.12599761915522,0.2524279072781393,48,24,21,3,1056.718935869892,6.563471651365789,1.5258270712801165,12.140604530617894,142.90166468634607,0.8875879794182986,0.0,6.963558044945401,913.8172711835458,5.675883671947489,0.0,12.140604530617894,1429.0166468634607,9138.172711835457,10567.189358698917,896.1289358698921,0.13523147909591426,0.8647685209040856,14.55,15.0,15.0,218.25,536.9,117178.43,125.62783708689764,803.3558427987215,928.9836798856192
Sonora,Bacerac,10,Moctezuma,143,Maíz forrajero en verde,2019,2020,30.253066,-108.731092,1602.0,1014.712856504097,6.302564326112403,2.9651051397378763,9.881201127050685,21.45754658385093,9.115,29.085,28.826273291925464,15.1,37.66,14.088819875776398,1.78,21.27,45.92621118012423,18.06,87.79,26.43062111801242,13.63,33.03,2.125403726708075,0.62,5.97,262.32,1.6293167701863354,0.0,16.75,157.392,0.9775900621118012,0.0,10.049999999999999,16.435713612500244,9.754726482932263,19.52801533134164,0.25851648406599337,45,21,12,7,1027.0056008255233,6.378916775313809,1.0708262487781128,11.857441352460823,134.95076461874493,0.8382035069487263,0.0,6.226810318743539,892.0548362067782,5.5407132683650815,0.0,11.857441352460823,1349.5076461874492,8920.548362067782,10270.056008255231,869.6136008255232,0.1314021700663262,0.8685978299336736,10.0,13.0,6.0,60.0,584.0,35040.0,134.95076461874493,892.0548362067782,1027.005600825523
Sonora,Bacerac,10,Moctezuma,143,Maíz forrajero en verde,2020,2021,30.253066,-108.731092,1602.0,1048.9951243928722,6.515497667036473,3.1850996998014214,9.73312420302817,22.696149068322985,9.265,30.0,30.513850931677016,16.92,39.7,14.878447204968946,1.61,21.33,44.99211180124224,18.81,83.12,26.620993788819877,13.3,33.66,2.081925465838509,0.73,4.12,185.3,1.1509316770186335,0.0,18.78,148.24,0.9207453416149068,0.0,15.024000000000001,16.59292036493312,9.426654182134946,19.702724186347137,0.1766452442829477,42,15,30,6,1070.4245696614948,6.64859981156208,1.1387052090468044,11.679749043633803,132.1727790686156,0.8209489383143825,0.0,7.405296619451479,938.2517905928795,5.827650873247698,0.0,11.679749043633803,1321.727790686156,9382.517905928795,10704.245696614951,922.1845696614948,0.12347696681739395,0.8765230331826063,12.5,15.0,15.0,187.5,629.73,118074.38,151.0546046498464,1072.2877606775764,1223.3423653274228
Sonora,Bacerac,10,Moctezuma,143,Maíz forrajero en verde,2021,2022,30.253066,-108.731092,1602.0,1052.3056390155618,6.536059869661875,3.0374302065848577,10.413499873828178,22.446273291925465,10.61,31.015,29.780062111801243,16.0,40.48,15.112484472049687,3.61,21.67,43.607267080745345,10.71,85.31,25.779068322981367,13.92,32.82,2.1538509316770185,0.65,5.78,329.41,2.046024844720497,0.0,29.08,197.646,1.2276149068322981,0.0,17.447999999999997,15.919046993656204,9.999770223275345,19.353012730697902,0.31303642951886584,62,22,17,2,1053.368960782591,6.542664352686901,1.2610229980112286,12.496199848593813,164.55382205152833,1.0220734288914803,0.0,7.619343857878159,888.8151387310628,5.520590923795421,0.0,12.496199848593813,1645.5382205152832,8888.151387310629,10533.689607825912,855.7229607825911,0.15621669916044853,0.8437833008395516,13.0,20.0,20.0,260.0,708.0,184080.0,164.55382205152833,888.8151387310629,1053.3689607825913
Sonora,Bacerac,10,Moctezuma,143,Maíz forrajero en verde,2022,2023,30.253066,-108.731092,1602.0,1021.3878001229618,6.3440236032482105,2.522082437270076,10.258910483115393,22.401739130434784,13.045,28.955,29.897453416149066,21.72,37.08,14.906024844720497,3.78,21.22,45.606024844720494,6.25,84.32,25.23310559006211,10.6,33.05,2.0850310559006213,0.58,6.14,364.69,2.2651552795031056,0.0,22.0,218.814,1.3590931677018634,0.0,13.2,15.643081341287076,8.01131506055025,19.407540518673358,0.3570534129701726,69,23,17,3,1008.6682448040892,6.265020154062666,1.5988174019225807,12.310692579738472,175.48380386308318,1.0899615146775352,0.0,7.3708185110334945,833.184440941006,5.1750586393851306,0.0,12.310692579738472,1754.8380386308318,8331.84440941006,10086.68244804089,789.8542448040893,0.17397573956258225,0.8260242604374176,15.0,12.0,12.0,180.0,803.75,144675.0,152.59461205485493,724.5082095139182,877.1028215687732
Sonora,Bacerac,10,Moctezuma,143,Maíz forrajero en verde,2023,2024,30.253066,-108.731092,1602.0,1127.9158634578994,7.005688592906207,3.5350095297351216,10.096447222180716,23.424565217391304,9.51,31.900000000000002,31.697950310559012,18.27,40.0,15.151180124223604,-1.72,23.92,35.28608695652174,14.86,72.94,26.68732919254658,13.99,33.09,2.169751552795031,0.7,4.76,129.32,0.8032298136645962,0.0,12.87,103.45600000000002,0.6425838509316771,0.0,10.296,16.29491851499329,9.754774020444959,19.330535567332927,0.11465394200905926,29,6,44,5,1138.1023508209767,7.068958700751407,1.504850739151865,12.11573666661686,94.03723743266207,0.5840822200786464,0.0,7.9097889225213756,1044.0651133883146,6.484876480672761,0.0,12.11573666661686,940.3723743266207,10440.651133883146,11381.023508209766,1034.6463508209767,0.08262634495467633,0.9173736550453236,17.0,20.0,20.0,340.0,830.0,282200.0,76.76509178176495,852.2980517455629,929.0631435273278
Sonora,Bacerac,10,Moctezuma,143,Sorgo forrajero en verde,2010,2011,30.253066,-108.731092,1602.0,937.9159556428697,6.211363944654766,2.3302599400690225,9.290888088031807,18.323377483443707,4.2250000000000005,27.950000000000003,26.5646357615894,11.3,37.41,10.082119205298012,-2.93,21.91,40.72569536423841,15.27,85.8,26.568609271523176,9.22,32.94,2.476887417218543,0.83,7.14,171.79999999999998,1.137748344370861,0.0,22.5,137.44,0.9101986754966888,0.0,18.0,16.010210299178404,7.318850072001325,19.88331674817256,0.18317206245014162,34,14,8,46,835.350705988812,5.53212388072061,0.7756333246896339,9.290888088031807,88.50861681793853,0.5861497802512485,0.0,5.739519003064359,746.8420891708735,4.9459741004693605,0.0,9.266888088031807,885.0861681793854,7468.420891708734,8353.50705988812,697.910705988812,0.10595384212092106,0.8940461578790789,40.0,7.0,7.0,280.0,400.0,112000.0,35.403446727175414,298.7368356683494,334.1402823955248
Sonora,Bacerac,10,Moctezuma,143,Sorgo forrajero en verde,2011,2012,30.253066,-108.731092,1602.0,1067.7425259845622,7.071142556189153,3.7726927063753735,10.77164597051469,20.18675496688742,9.38,30.919999999999998,28.815629139072847,16.28,40.66,11.557880794701985,-0.35,21.91,29.60576158940397,7.37,85.31,27.51615894039735,16.72,33.34,2.6509271523178803,0.87,6.98,106.92999999999999,0.7081456953642383,0.0,9.52,85.54399999999997,0.5665165562913905,0.0,7.616,16.02189418276117,11.144054636548972,19.116510495148432,0.10014586606579161,26,7,22,19,938.9745644110404,6.218374598748612,1.3595095266560961,10.068383004198289,71.19586094358684,0.4714957678383234,0.0,5.278164380650743,867.7787034674534,5.746878830910288,0.0,10.068383004198289,711.9586094358683,8677.787034674533,9389.7456441104,853.4305644110405,0.07582299206181747,0.9241770079381824,21.0,15.0,15.0,315.0,420.0,132300.0,49.10059375419782,598.4680713568644,647.5686651110622
Sonora,Bacerac,10,Moctezuma,143,Sorgo forrajero en verde,2012,2013,30.253066,-108.731092,1602.0,994.1966684083304,6.58408389674391,1.8817952136161549,10.33865177490988,19.78341059602649,3.7449999999999997,28.58,28.291258278145698,8.72,38.41,11.275562913907287,-4.2,19.83,33.73278145695364,8.74,77.0,26.46456953642384,13.42,33.38,2.3776158940397356,0.74,6.55,146.29,0.9688079470198675,0.0,13.16,117.032,0.775046357615894,0.0,10.528,15.674202543408605,8.950734563830155,19.166274465207653,0.14714392498840748,28,13,16,26,882.492037001887,5.844318125840311,0.5645385640848465,10.33865177490988,92.60860799460363,0.6133020396993618,0.0,6.403253780588888,789.8834290072834,5.23101608614095,0.0,10.33865177490988,926.0860799460363,7898.834290072835,8824.920370018872,765.4600370018869,0.10493987946817657,0.8950601205318236,20.85,10.0,10.0,208.5,380.0,79230.0,61.43191243423126,523.969107135843,585.4010195700743
Sonora,Bacerac,10,Moctezuma,143,Sorgo forrajero en verde,2013,2014,30.253066,-108.731092,1602.0,1007.5710451390482,6.672655928073167,2.8746081035057114,9.659706945690195,19.771523178807946,5.74,28.735,28.05238410596027,11.64,38.61,11.49066225165563,-2.63,19.89,33.898741721854314,9.25,81.39,26.77092715231788,13.11,32.9,2.44682119205298,0.72,6.43,204.75,1.3559602649006623,0.0,20.2,163.80000000000004,1.08476821192053,0.0,16.16,15.812448105859987,8.485177582090406,19.269369139075167,0.20321147673685264,34,14,21,19,888.4563801103061,5.883817086823219,0.8623824310517134,9.659706945690195,103.01413059956053,0.6822127854275531,0.0,6.192,785.4422495107456,5.201604301395666,0.0,9.659706945690195,1030.1413059956053,7854.422495107456,8884.56380110306,724.656380110306,0.11594731368440489,0.8840526863155951,25.0,10.0,10.0,250.0,480.0,120000.0,64.38383162472533,490.901405944216,555.2852375689413
Sonora,Bacerac,10,Moctezuma,143,Sorgo forrajero en verde,2014,2015,30.253066,-108.731092,1602.0,996.6769228130788,6.600509422603171,2.739759809670057,9.683301810762353,19.964701986754967,8.175,30.135,27.956754966887413,14.94,40.56,11.972649006622518,1.08,20.85,34.22894039735099,10.38,72.36,26.169602649006627,11.55,32.41,2.4443046357615894,0.69,6.31,105.79,0.7005960264900662,0.0,14.58,84.632,0.560476821192053,0.0,11.664000000000001,15.587780750498483,7.7605550143742175,19.248179100177403,0.10614272045289477,26,9,19,23,883.396100085555,5.850305298579834,0.8219279429010171,9.683301810762353,64.44342886352035,0.42677767459285004,0.0,4.823408716344791,818.9526712220346,5.423527623986984,0.0,9.683301810762353,644.4342886352035,8189.526712220346,8833.96100085555,798.7641000855549,0.0729496415676718,0.9270503584323282,18.56,4.0,4.0,74.24,500.0,37120.0,34.72167503422433,441.24605130497554,475.9677263391999
Sonora,Bacerac,10,Moctezuma,143,Sorgo forrajero en verde,2015,2016,30.253066,-108.731092,1602.0,855.9854707671971,5.668777952100643,1.8035342464236184,9.057739610787849,18.766721854304638,6.055000000000001,28.765,26.13708609271523,10.46,37.73,11.39635761589404,-1.19,20.27,47.337947019867556,19.7,84.05,24.719668874172186,10.0,33.07,2.2313245033112588,0.72,5.72,286.54999999999995,1.8976821192052977,0.0,20.03,171.93,1.1386092715231788,0.0,12.018,15.300534974040406,6.949309214534648,19.8559282343571,0.33476035491954415,43,22,9,20,763.8564253794177,5.058651823704753,0.5410602739270854,8.939202074507971,110.44786856009627,0.7314428381463329,0.0,5.186967386789537,653.4085568193215,4.32720898555842,0.0,8.939202074507971,1104.4786856009628,6534.085568193214,7638.564253794177,591.9264253794177,0.14459244550471032,0.8554075544952897,19.9,5.0,5.0,99.5,490.0,48755.0,55.50144148748557,328.34600845192034,383.8474499394059
Sonora,Bacerac,10,Moctezuma,143,Sorgo forrajero en verde,2016,2017,30.253066,-108.731092,1602.0,964.1260139237287,6.384940489561117,1.4494440156099853,9.322335202249004,19.72096026490066,3.235,28.41,27.716225165562918,6.77,38.94,11.725695364238412,-1.73,21.91,38.11907284768212,15.38,81.25,26.674701986754965,10.01,33.0,2.350860927152318,0.79,6.08,150.36,0.9957615894039736,0.0,17.04,120.28800000000001,0.7966092715231788,0.0,13.632,16.066114316498556,7.198024056317743,19.602377321006436,0.15595471735906805,30,10,15,19,847.617603486761,5.6133616124951065,0.4348332046829956,8.869626223384339,83.49345074825891,0.5529367599222444,0.0,5.289681273206717,764.1241527385022,5.060424852572862,0.0,8.869626223384339,834.9345074825891,7641.241527385022,8476.17603486761,727.329603486761,0.09850367713553863,0.9014963228644615,19.0,20.0,20.0,380.0,429.41,163175.8,52.18340671766182,477.5775954615639,529.7610021792257
Sonora,Bacerac,10,Moctezuma,143,Sorgo forrajero en verde,2017,2018,30.253066,-108.731092,1602.0,982.264904442853,6.505065592336774,3.2003714202537066,9.63214155934337,20.71725165562914,10.26,31.259999999999998,28.745827814569537,16.67,41.03,12.68867549668874,0.94,22.45,35.64331125827815,9.04,86.04,26.382847682119206,13.47,33.19,2.2696688741721855,0.58,6.5,148.84,0.9856953642384106,0.0,17.26,119.07199999999997,0.7885562913907284,0.0,13.808000000000002,15.675820266948783,9.807795483416893,19.95513408502055,0.15152735206845552,33,11,18,11,865.0988860151007,5.729131695464243,1.122298876529674,9.511223266910271,95.08451028699223,0.629698743622465,0.0,5.48,770.0143757281085,5.099432951841778,0.0,9.511223266910271,950.8451028699222,7700.143757281085,8650.988860151007,746.0268860151007,0.10991172434053104,0.890088275659469,16.0,25.0,25.0,400.0,499.35,199740.0,79.23709190582686,641.6786464400903,720.9157383459172
Sonora,Bacerac,10,Moctezuma,143,Sorgo forrajero en verde,2018,2019,30.253066,-108.731092,1602.0,1008.310784859435,6.677554866618775,3.154728457597165,10.117170442181578,20.858013245033113,9.085,30.465,29.007152317880795,12.88,38.78,12.70887417218543,-2.76,22.44,33.712582781456945,10.49,81.29,26.056291390728475,9.63,33.3,2.360132450331126,0.5,5.71,136.88,0.9064900662251655,0.0,20.28,109.50400000000002,0.7251920529801326,0.0,16.224,15.492539639455451,7.139990557776815,20.12599761915522,0.13575179602892173,19,12,20,15,894.8360047587444,5.926066256680426,1.0105126610711264,10.117170442181578,62.90919350038999,0.41661717549927146,0.0,5.744,831.9268112583543,5.509449081181154,0.0,10.117170442181578,629.0919350038998,8319.268112583542,8948.360047587443,785.3320047587443,0.07030248354540769,0.9296975164545922,15.3,30.0,30.0,459.0,591.18,271351.62,54.94252707457641,726.5736342867723,781.5161613613487
Sonora,Bacerac,10,Moctezuma,143,Sorgo forrajero en verde,2019,2020,30.253066,-108.731092,1602.0,933.9549551177506,6.185132153097686,1.4727649665250757,9.881201127050685,18.964437086092712,6.705,29.085,26.873509933774834,11.12,37.66,11.055364238410593,-0.99,21.27,41.358940397351,18.06,80.51,26.305298013245036,6.24,33.03,2.3891390728476822,0.62,5.97,168.49,1.1158278145695364,0.0,22.38,134.792,0.8926622516556292,0.0,17.904,15.977818827481201,5.2912695169719255,19.52801533134164,0.18040484616172653,26,12,11,24,830.8150226516462,5.502086242726134,0.4418294899575227,8.659701468060963,71.79834271054564,0.47548571331487177,0.0,5.557620524597077,759.0166799411005,5.026600529411262,0.0,8.659701468060963,717.9834271054564,7590.166799411005,8308.150226516462,696.0230226516462,0.08641916762818344,0.9135808323718164,17.0,25.0,10.0,170.0,625.0,106250.0,59.33747331450053,627.2865123480169,686.6239856625175
Sonora,Bacerac,10,Moctezuma,143,Sorgo forrajero en verde,2020,2021,30.253066,-108.731092,1602.0,910.4317232660752,6.029349160702485,1.4118638523752383,9.73312420302817,19.533874172185428,4.885,30.0,27.33251655629139,8.77,39.7,11.735231788079469,-2.45,21.33,46.07509933774835,18.81,87.59,25.928344370860927,6.31,33.66,2.263245033112582,0.73,4.59,205.91000000000003,1.3636423841059604,0.0,20.45,164.728,1.0909139072847682,0.0,16.36,15.960080067090317,5.373493873085483,19.702724186347137,0.22616742665921197,35,13,16,24,816.3635118864541,5.406380873420226,0.42355915571257147,9.73312420302817,85.94832771386874,0.5691942232706538,0.0,5.613442328901009,730.4151841725854,4.837186650149572,0.0,9.73312420302817,859.4832771386873,7304.151841725854,8163.635118864541,651.6355118864542,0.10528193196099517,0.8947180680390049,18.0,28.0,28.0,504.0,659.17,332221.68,73.14751294797338,621.6299439766684,694.7774569246418
Sonora,Bacerac,10,Moctezuma,143,Sorgo forrajero en verde,2021,2022,30.253066,-108.731092,1602.0,1002.2761649424901,6.637590496307881,1.912845466036334,10.413499873828178,19.91529801324503,4.0,31.015,27.941920529801326,7.95,40.48,11.888675496688741,-4.62,21.67,35.03225165562913,10.71,77.14,26.343576158940394,13.65,32.82,2.516423841059603,0.87,5.78,187.76000000000002,1.2434437086092716,0.0,29.08,150.20800000000003,0.9947549668874174,0.0,23.264,15.684000266527294,9.142190610763121,19.353012730697902,0.18733359783206413,33,12,17,25,883.5108897631916,5.851065495120474,0.9573876276776228,9.540695927058483,95.01919612861036,0.629266199527221,0.0,6.532039200107118,788.4916936345812,5.221799295593253,0.0,9.540695927058483,950.1919612861036,7884.916936345812,8835.108897631915,733.3028897631916,0.10754728349084465,0.8924527165091554,17.0,45.0,45.0,765.0,688.5,526702.5,78.20509969432952,648.9643569008899,727.1694565952195
Sonora,Bacerac,10,Moctezuma,143,Sorgo forrajero en verde,2022,2023,30.253066,-108.731092,1602.0,985.6799810240801,6.527681993536954,3.1436269472202256,10.258910483115393,20.2141059602649,6.76,28.955,28.448741721854304,13.35,37.08,11.979470198675497,-1.88,21.22,35.71741721854305,6.25,80.94,26.22,12.24,33.05,2.330728476821192,0.74,6.14,188.12000000000003,1.2458278145695367,0.0,22.0,150.496,0.9966622516556292,0.0,17.6,15.627786851415836,7.829141040397019,19.407540518673358,0.19085301885156605,39,10,17,23,873.4474900277507,5.784420463759939,0.9430880841660676,10.258910483115393,109.96558271713191,0.7282488921664365,0.0,5.724599269829781,763.4819073106189,5.056171571593502,0.0,10.258910483115393,1099.655827171319,7634.8190731061895,8734.474900277508,722.9514900277508,0.12589833272477335,0.8741016672752268,18.0,22.0,22.0,396.0,810.0,320760.0,86.24751585657404,598.8093390671521,685.0568549237262
Sonora,Bacerac,10,Moctezuma,143,Sorgo forrajero en verde,2023,2024,30.253066,-108.731092,1602.0,1022.7285852340283,6.773036988304823,2.1373082803657817,10.096447222180716,20.301192052980134,1.845,31.900000000000002,28.801655629139066,5.54,40.0,11.800728476821192,-2.56,23.92,33.016158940397354,14.86,72.43,26.69529801324503,11.45,33.09,2.470728476821192,0.7,5.9,49.449999999999996,0.32748344370860927,0.0,12.87,39.56,0.26198675496688745,0.0,10.296,15.918138368795132,7.912793236764115,19.330535567332927,0.04835104906027877,12,1,34,21,904.694177259312,5.991352167280212,0.6411924841097345,8.58198013885361,34.000195842839425,0.2251668598863538,0.0,5.602767153452641,870.6939814164725,5.766185307393858,0.0,8.58198013885361,340.00195842839423,8706.939814164725,9046.94177259312,865.1341772593121,0.037581977089583905,0.962418022910416,28.0,35.0,30.0,840.0,850.0,714000.0,19.10123361957271,489.15392214408564,508.25515576365837
Sonora,Bacerac,10,Moctezuma,143,Trigo grano,2010,2011,30.253066,-108.731092,1602.0,373.6593729517321,3.4280676417590104,0.90074121306271,6.5573028654536465,9.108853211009176,1.0899999999999999,19.065,16.8102752293578,6.51,27.98,1.4074311926605505,-4.91,10.15,52.99412844036698,28.06,89.63,19.482293577981654,2.53,29.09,2.4220183486238533,1.0,7.19,134.41,1.2331192660550458,0.0,34.82,107.52799999999998,0.9864954128440365,0.0,27.856,10.838515462875963,3.160004939205682,16.900102865278825,0.3597126413241682,18,8,0,96,372.1347524210061,3.414080297440423,0.270222363918813,7.540898295271693,24.541608737282075,0.2251523737365328,0.0,2.220817313064963,347.59314368372407,3.1889279237038903,0.0,7.540898295271693,245.41608737282075,3475.9314368372407,3721.3475242100612,264.60675242100615,0.06594817758250508,0.934051822417495,3.54,5.0,5.0,17.68,2749.22,48606.25,69.32657835390417,981.901535829729,1051.2281141836331
Sonora,Bacerac,10,Moctezuma,143,Trigo grano,2011,2012,30.253066,-108.731092,1602.0,671.2817984068442,3.902801153528164,0.9133918026185579,8.237983950124471,11.021686046511627,-10.245,21.225,19.17069767441861,-7.37,30.4,2.8726744186046513,-13.12,12.3,38.32546511627907,14.91,88.21,18.97191860465116,7.59,29.88,2.4602325581395346,0.93,6.98,16.82,0.0977906976744186,0.0,11.6,13.456,0.07823255813953488,0.0,9.28,9.609811742783535,4.763096578797185,16.87817558490046,0.0250565411425112,3,1,0,116,502.3883492188996,2.9208624954587186,0.618806154002787,7.110618711787567,5.226400573011341,0.030386049843089194,0.0,1.4960000000000002,497.16194864588823,2.8904764456156293,0.0,7.110618711787567,0.0,0.0,0.0,488.93234921889956,0.010403108633265906,0.9895968913667341,4.2,9.0,9.0,37.8,3500.0,132300.0,0.0,0.0,0.0
Sonora,Bacerac,10,Moctezuma,143,Trigo grano,2012,2013,30.253066,-108.731092,1602.0,600.459243328767,3.4708626782009655,0.8346322957025915,7.543465878277217,10.162774566473988,-0.9750000000000001,19.375,17.941676300578035,2.95,29.63,2.383872832369942,-5.75,10.19,46.01919075144509,19.18,92.16,18.158034682080924,5.47,30.1,2.272543352601156,0.92,6.55,155.97000000000003,0.9015606936416186,0.0,30.27,124.776,0.7212485549132948,0.0,24.216,9.493316194804454,4.04995275947592,17.263952808868535,0.2597511850019143,15,8,0,137,445.33550308556926,2.5741936594541577,0.34842047488748273,7.435670761753846,19.291324521203297,0.11151054636533697,0.0,2.3338268908193687,426.04417856436595,2.4626831130888207,0.0,7.435670761753846,0.0,0.0,0.0,320.55950308556925,0.0433186314307767,0.9566813685692233,3.5,10.0,10.0,35.0,3492.88,122250.8,0.0,0.0,0.0
Sonora,Bacerac,10,Moctezuma,143,Trigo grano,2013,2014,30.253066,-108.731092,1602.0,624.5764465582226,3.6312584102222245,1.1281853308476133,7.169248138551015,10.921453488372094,-2.175,19.21,18.676511627906976,2.94,28.53,3.1663953488372094,-7.29,11.99,40.26290697674418,12.57,84.16,17.983081395348837,4.73,30.9,2.283023255813954,0.8,6.43,50.22,0.2919767441860465,0.0,12.37,40.176,0.23358139534883723,0.0,9.896,9.29777166719489,3.838384571705147,17.387138430167965,0.08040649031314138,12,3,0,103,464.8208532758239,2.702446821371069,0.6550203654176183,7.427972963803028,22.90569420350607,0.13317264071805854,0.0,2.958213144008013,441.9151590723178,2.5692741806530104,0.0,7.427972963803028,0.0,0.0,0.0,424.6448532758239,0.04927854256554594,0.950721457434454,2.0,16.0,16.0,32.0,3600.0,115200.0,0.0,0.0,0.0
Sonora,Bacerac,10,Moctezuma,143,Trigo grano,2014,2015,30.253066,-108.731092,1602.0,614.93270859413,3.5751901662449415,1.0210624005005435,7.599705899052989,11.840261627906978,2.9,19.59,19.289651162790697,6.92,30.21,4.390872093023256,-2.83,12.5,45.20220930232558,14.43,89.8,17.435930232558135,5.91,29.76,2.27110465116279,0.9,5.8,77.14999999999999,0.44854651162790693,0.0,14.3,61.72,0.3588372093023256,0.0,11.440000000000001,9.168109053964239,4.172075164360675,16.936390950785352,0.12546088201484953,14,7,0,92,471.374109986186,2.7405471510824766,0.38743939761173096,6.945888896728075,21.688213478769043,0.12609426441144791,0.0,4.198886192779488,449.68589650741694,2.6144528866710286,0.0,6.945888896728075,0.0,0.0,0.0,409.654109986186,0.04601061666158252,0.9539893833384174,0.0,10.0,0.0,0.0,0.0,0.0,0.0,0.0,0.0
Sonora,Bacerac,10,Moctezuma,143,Trigo grano,2015,2016,30.253066,-108.731092,1602.0,554.8824725110687,3.22606088669226,1.0288913508916233,6.7570184642674045,11.80686046511628,1.3300000000000003,20.705,18.95162790697674,5.69,28.69,4.662093023255813,-4.69,13.84,52.52186046511628,21.2,88.53,16.50976744186047,3.92,30.49,2.1713372093023255,0.51,5.38,143.5,0.8343023255813954,0.0,22.7,114.80000000000001,0.6674418604651163,0.0,18.16,8.95349096303564,3.7410657531821077,17.27176926757683,0.25861332283682376,23,10,0,89,416.02152400640756,2.4187297907349277,0.6019478441316822,5.2564685608463835,38.072856094789756,0.2213538145045916,0.0,3.67233915890212,377.94866791161775,2.1973759762303358,0.0,5.2564685608463835,0.0,0.0,0.0,301.22152400640755,0.09151655358630761,0.9084834464136923,4.0,5.0,5.0,20.0,4000.0,80000.0,0.0,0.0,0.0
Sonora,Bacerac,10,Moctezuma,143,Trigo forrajero verde,2010,2011,30.253066,-108.731092,1602.0,245.59509629972536,2.855756933717737,0.90074121306271,6.021287791012667,7.684244186046513,1.0899999999999999,12.835,14.985348837209303,6.51,23.09,0.383139534883721,-4.91,5.18,56.91244186046513,31.62,89.63,17.677441860465112,2.53,27.19,2.3875581395348835,1.01,7.19,130.05,1.5122093023255816,0.0,34.82,104.04,1.2097674418604651,0.0,27.856,9.63223499541289,3.160004939205682,15.301003936451105,0.5295301166815091,16,8,0,85,224.86083427119834,2.6146608636185853,0.270222363918813,6.9244809596645664,21.053608737282076,0.2448094039218846,0.0,2.220817313064963,203.8072255339163,2.3698514596967013,0.0,6.9244809596645664,210.53608737282076,2038.072255339163,2248.608342711984,120.82083427119834,0.09362950558072691,0.9063704944192732,18.14,6.0,6.0,108.86,351.41,38254.81,11.606179017244804,112.35238452806851,123.95856354531331
Sonora,Bacerac,10,Moctezuma,143,Trigo forrajero verde,2011,2012,30.253066,-108.731092,1602.0,519.2826337557399,3.485118347353959,0.9133918026185579,7.318434967971163,10.221644295302013,-10.245,18.56,18.22785234899329,-7.37,27.1,2.2154362416107385,-13.12,11.01,39.98523489932885,18.68,88.21,17.64107382550336,7.59,27.03,2.354362416107383,0.93,6.62,16.74,0.11234899328859059,0.0,11.6,13.392,0.08987919463087247,0.0,9.28,8.689390225813291,4.763096578797185,14.989802606687281,0.032236779957240315,3,1,0,110,478.6879004762727,3.2126704729951188,0.618806154002787,6.586591471174047,5.162400573011341,0.034646983711485516,0.0,1.4960000000000002,473.52549990326133,3.178023489283633,0.0,6.586591471174047,0.0,0.0,0.0,465.2959004762727,0.010784481011270573,0.9892155189887294,10.0,6.0,6.0,60.0,370.0,22200.0,0.0,0.0,0.0
Sonora,Bacerac,10,Moctezuma,143,Trigo forrajero verde,2012,2013,30.253066,-108.731092,1602.0,459.8515668148479,3.065677112098986,0.8346322957025915,6.465800662394649,9.376666666666667,-0.9750000000000001,17.915,16.916866666666664,2.95,27.72,1.8364666666666665,-5.75,10.05,48.85686666666667,23.18,92.16,16.6964,5.47,27.02,2.242866666666666,0.92,6.55,155.82,1.0388,0.0,30.27,124.656,0.83104,0.0,24.216,8.537421880534986,4.04995275947592,14.927683948494979,0.3388484703429063,15,8,0,129,423.23380145183694,2.8215586763455796,0.34842047488748273,5.838197570159199,20.394491410053796,0.1359632760670253,0.0,2.3338268908193687,402.83931004178316,2.6855954002785545,0.0,5.838197570159199,0.0,0.0,0.0,298.57780145183693,0.04818729350088226,0.9518127064991178,9.5,10.0,10.0,95.0,450.0,42750.0,0.0,0.0,0.0
Sonora,Bacerac,10,Moctezuma,143,Trigo forrajero verde,2013,2014,30.253066,-108.731092,1602.0,483.51050386487344,3.2450369386904256,1.1281853308476133,6.526049162671996,10.255771812080537,-2.175,19.21,17.8848322147651,2.94,28.53,2.626711409395973,-7.29,11.99,42.00154362416108,18.84,84.16,16.578120805369128,4.73,26.96,2.1863087248322146,0.8,5.33,48.42,0.32496644295302013,0.0,12.37,38.736000000000004,0.25997315436241614,0.0,9.896,8.355751586024114,3.838384571705147,14.427489402576523,0.10014260210059868,11,3,0,98,443.1713832120704,2.9743045853159087,0.6550203654176183,6.712124354958187,22.067688966345216,0.1481052950761424,0.0,2.958213144008013,421.10369424572514,2.826199290239766,0.0,6.712124354958187,0.0,0.0,0.0,404.4353832120704,0.04979493216913147,0.9502050678308684,8.6,12.0,12.0,103.2,301.16,31079.71,0.0,0.0,0.0
Sonora,Bacerac,10,Moctezuma,143,Trigo forrajero verde,2014,2015,30.253066,-108.731092,1602.0,478.3447565684544,3.210367493748016,1.0210624005005435,6.34945213586108,11.29238255033557,2.9,18.69,18.57590604026846,6.92,27.46,4.008859060402684,-2.83,10.96,47.959932885906035,21.7,89.8,16.22181208053691,5.91,26.74,2.230402684563759,0.9,5.8,75.10999999999999,0.5040939597315435,0.0,14.3,60.087999999999994,0.40327516778523487,0.0,11.440000000000001,8.345418208476774,4.172075164360675,15.06131978762278,0.15702064038252134,12,7,0,85,451.35462721610935,3.029225686014157,0.38743939761173096,5.714506922274972,19.27356828550142,0.12935280728524443,0.0,4.198886192779488,432.0810589306079,2.899872878728912,0.0,5.714506922274972,0.0,0.0,0.0,391.2666272161093,0.04270160783412818,0.9572983921658718,9.5,10.0,10.0,95.0,330.0,31350.0,0.0,0.0,0.0
Sonora,Bacerac,10,Moctezuma,143,Trigo forrajero verde,2015,2016,30.253066,-108.731092,1602.0,432.7428635385522,2.904314520392968,1.0288913508916233,6.007618750766784,11.13979865771812,1.3300000000000003,19.07,18.201476510067117,5.69,27.88,4.078120805369127,-4.69,13.84,54.2710067114094,27.95,88.53,15.385838926174495,3.92,27.11,2.1402684563758387,0.51,5.38,126.24,0.847248322147651,0.0,22.7,100.992,0.6777986577181209,0.0,18.16,8.140273688651657,3.7410657531821077,15.149870606118784,0.2917205819819453,21,8,0,87,399.1412842506089,2.678800565440328,0.6019478441316822,5.406856875690106,37.69209772943175,0.25296709885524665,0.0,2.9143041083646635,361.4491865211772,2.4258334665850816,0.0,5.406856875690106,0.0,0.0,0.0,298.1492842506089,0.09443297202442734,0.9055670279755726,8.25,5.0,5.0,41.25,362.0,14932.5,0.0,0.0,0.0
Sonora,Bacerac,10,Moctezuma,143,Trigo forrajero verde,2016,2017,30.253066,-108.731092,1602.0,479.6213141999635,3.1974754279997564,1.0113480697451032,7.122054958833228,10.452333333333332,-1.8050000000000002,18.19,18.093333333333334,2.87,27.26,2.8113333333333332,-6.48,11.07,48.21753333333333,25.14,89.45,16.884,3.21,26.82,2.2030000000000003,0.7,6.03,112.2,0.748,0.0,17.04,89.76,0.5984,0.0,13.632,8.634861682680384,3.3866614906540047,15.076761266518183,0.23393455769820445,20,9,0,101,451.67241898546973,3.0111494599031317,0.3034044209235309,6.409849462949905,23.654133866346736,0.1576942257756449,0.0,2.7636378423336603,428.018285119123,2.8534552341274866,0.0,6.409849462949905,0.0,0.0,0.0,361.91241898546974,0.0523701091146495,0.9476298908853505,10.0,8.0,8.0,80.0,360.0,28800.0,0.0,0.0,0.0
Sonora,Bacerac,10,Moctezuma,143,Trigo forrajero verde,2017,2018,30.253066,-108.731092,1602.0,491.6245433860197,3.2994935797719442,0.9923098344656751,7.252981597722299,12.206510067114095,1.9650000000000003,21.795,19.524697986577184,8.26,29.43,4.888322147651007,-4.8,14.38,49.061879194630876,23.26,87.36,16.266040268456376,2.91,26.81,2.3012080536912753,0.83,6.6,79.52,0.5336912751677853,0.0,15.02,63.616,0.4269530201342282,0.0,12.016,8.416284565147018,3.261830335455855,14.936408638238404,0.16174945101868424,15,6,0,74,449.80730391260136,3.018840965856385,0.6205216786185207,6.52768343795007,28.184570729849565,0.18915819281778232,0.0,2.6886794202600646,421.62273318275186,2.829682773038603,0.0,6.52768343795007,0.0,0.0,0.0,386.19130391260137,0.06265921092140801,0.9373407890785921,17.0,12.0,12.0,204.0,600.0,122400.0,0.0,0.0,0.0
Sonora,Bacerac,10,Moctezuma,143,Trigo forrajero verde,2018,2019,30.253066,-108.731092,1602.0,496.36639273803206,3.3313180720673294,0.819954141453333,6.575197200848413,12.489865771812083,1.21,21.42,19.751744966442953,6.42,29.78,5.227986577181208,-5.01,15.04,44.89422818791946,23.59,91.74,15.991744966442957,2.74,27.16,2.200872483221476,0.58,6.27,93.62,0.6283221476510067,0.0,27.82,74.896,0.5026577181208054,0.0,22.256,8.2023388228878,3.1457657097893588,15.471382208307574,0.1886106742311419,16,5,0,65,451.21990501047594,3.0283215101374226,0.8365175916497639,5.9176774807635715,24.71202705554397,0.1658525305741206,0.0,2.2352176967775157,426.507877954932,2.862468979563302,0.0,5.9176774807635715,0.0,0.0,0.0,376.3239050104759,0.05476714741777678,0.9452328525822232,16.0,15.0,15.0,240.0,584.38,140251.2,0.0,0.0,0.0
Sonora,Bacerac,10,Moctezuma,143,Trigo forrajero verde,2019,2020,30.253066,-108.731092,1602.0,413.7058405887891,2.776549265696571,0.7965533778755393,5.4204563619976005,9.743255033557046,-0.9299999999999999,17.535,16.72442953020134,2.85,27.84,2.762080536912752,-5.52,10.91,55.41765100671141,27.57,90.55,15.350000000000003,4.02,26.24,2.217248322147651,0.73,6.07,155.43,1.0431543624161075,0.0,22.38,124.34400000000001,0.8345234899328859,0.0,17.904,8.159130417970513,3.618081105266441,14.74657334966431,0.3757017299509016,22,12,0,111,377.8823998094812,2.5361234886542365,0.6117767974287961,5.854612486923838,38.201565883921496,0.2563863482142382,0.0,2.649226529203602,339.6808339255597,2.2797371404399978,0.0,5.854612486923838,0.0,0.0,0.0,253.53839980948123,0.10109379506211923,0.8989062049378806,15.2,10.0,10.0,152.0,553.0,84056.0,0.0,0.0,0.0
Sonora,Bacerac,10,Moctezuma,143,Trigo forrajero verde,2022,2023,30.253066,-108.731092,1602.0,492.89797965306826,3.308040131899787,0.829859972994483,6.700505711871191,11.230671140939597,0.5099999999999998,19.744999999999997,18.82805369127517,6.38,27.92,3.633288590604027,-5.41,12.54,44.131543624161075,17.49,91.85,16.575637583892618,3.69,26.83,2.284295302013423,0.79,5.36,80.41,0.5396644295302013,0.0,35.81,64.328,0.4317315436241611,0.0,28.648000000000003,8.428762751262974,3.4358797659059626,14.946961344169399,0.16313720753450334,11,4,0,95,454.391775869684,3.0496092340247247,0.35813487722551923,6.226927960592495,16.661409256052206,0.11182153863122286,0.0,2.5280000000000005,437.7303666136319,2.9377876953935025,0.0,6.226927960592495,0.0,0.0,0.0,390.06377586968404,0.03666749739068906,0.9633325026093111,16.0,10.0,10.0,160.0,680.0,108800.0,0.0,0.0,0.0
Sonora,Bacerac,10,Moctezuma,143,Trigo forrajero verde,2023,2024,30.253066,-108.731092,1602.0,434.1922650236809,2.914042047138798,1.0327203784062995,5.355802936097231,9.469295302013423,0.3450000000000002,16.665,16.565906040268455,5.54,25.05,2.372684563758389,-5.78,11.78,52.42342281879194,25.6,89.42,15.953355704697985,4.58,27.57,2.461275167785235,0.72,7.32,67.0,0.44966442953020136,0.0,13.48,53.60000000000001,0.35973154362416115,0.0,10.784,8.31609386839344,3.75914450126296,15.266371315430945,0.15430951999189993,13,3,0,109,403.83789292388246,2.7103214290193454,0.42875426287294904,5.524332332467577,27.069192744647683,0.1816724345278368,0.0,2.6065438150830573,376.7687001792348,2.5286489944915087,0.0,5.524332332467577,0.0,0.0,0.0,350.23789292388244,0.06702984840937111,0.932970151590629,16.0,15.0,15.0,240.0,759.17,182200.8,0.0,0.0,0.0
Sonora,Bacerac,10,Moctezuma,143,Alfalfa achicalada,2010,2011,30.253066,-108.731092,1602.0,199.14400033695864,2.6203157939073507,0.90074121306271,5.252093892782903,7.266907894736842,1.0899999999999999,12.01,14.393552631578949,6.51,23.09,0.1402631578947369,-4.91,5.18,58.88105263157894,34.55,89.63,16.738289473684212,2.53,25.87,2.3800000000000003,1.01,7.19,129.89,1.709078947368421,0.0,34.82,103.91199999999999,1.3672631578947367,0.0,27.856,9.038856224362897,3.160004939205682,14.54825326783413,0.6522415929188002,16,8,0,75,170.5284513064052,2.243795411926384,0.8557041524095745,4.726884503504613,24.490740432781745,0.32224658464186506,0.0,1.9790930947323573,146.0377108736235,1.9215488272845196,0.0,4.726884503504613,244.90740432781746,1460.377108736235,1705.2845130640524,66.61645130640521,0.14361674104913338,0.8563832589508669,12.04,70.0,70.0,842.52,1900.0,1600788.0,20.341146538855273,121.29377979536837,141.63492633422365
Sonora,Bacerac,10,Moctezuma,143,Alfalfa achicalada,2011,2012,30.253066,-108.731092,1602.0,272.0843276902578,3.5800569432928655,1.2851787446814702,6.1831467059022325,9.400855263157894,-10.245,18.335,17.658815789473685,-7.37,27.1,1.142894736842105,-13.12,9.57,37.81078947368421,18.68,61.87,18.45605263157895,8.61,25.38,2.3285526315789475,0.93,6.62,2.3600000000000003,0.031052631578947373,0.0,1.87,1.8880000000000003,0.024842105263157898,0.0,1.4960000000000002,9.254046277155515,4.870139029504514,13.43868575649213,0.008673781470745483,1,0,0,59,239.5417293664562,3.15186486008495,0.6239732518682355,5.564832035312009,1.8880000000000003,0.024842105263157898,0.0,1.4960000000000002,237.65372936645622,3.1270227548217924,0.5905794483496145,5.564832035312009,18.880000000000003,2376.537293664562,2395.4172936645623,237.6537293664562,0.007881716496718184,0.9921182835032819,12.0,70.0,70.0,840.0,1600.0,1344000.0,1.5733333333333335,198.04477447204684,199.61810780538016
Sonora,Bacerac,10,Moctezuma,143,Alfalfa achicalada,2012,2013,30.253066,-108.731092,1602.0,258.61175965839976,3.358594281277919,1.2121283799205782,6.465800662394649,9.557857142857141,2.7,16.835,17.46792207792208,8.12,25.73,1.6477922077922078,-3.48,8.71,44.17896103896104,23.18,77.26,18.05896103896104,8.26,26.06,2.2210389610389614,0.94,5.56,10.81,0.1403896103896104,0.0,6.81,8.648,0.1123116883116883,0.0,5.448,9.286540262175729,5.065617634630831,13.921499511355847,0.041800109996076466,2,1,0,72,225.39116307140887,2.927157961966349,0.4848513519682313,5.819220596155184,4.407563966090157,0.057241090468703335,0.0,1.9279439532855656,220.98359910531872,2.8699168714976455,0.0,5.819220596155184,44.07563966090157,2209.835991053187,2253.911630714089,216.74316307140887,0.019555176458687262,0.9804448235413128,13.0,65.0,65.0,845.0,1400.0,1183000.0,3.390433820069352,169.98738392716825,173.3778177472376
Sonora,Bacerac,10,Moctezuma,143,Alfalfa achicalada,2013,2014,30.253066,-108.731092,1602.0,246.2169098377386,3.239696182075508,1.1281853308476133,6.459106925046112,8.157368421052633,-2.175,17.72,15.99736842105263,2.94,28.53,0.3173684210526315,-7.29,9.52,42.28197368421053,18.84,84.16,17.659078947368418,4.73,25.15,2.3365789473684218,0.99,5.33,23.449999999999996,0.3085526315789473,0.0,6.93,18.76,0.24684210526315792,0.0,5.5440000000000005,9.067184287092834,3.838384571705147,13.499398255915207,0.09524122455867864,7,1,0,66,216.68699051107882,2.851144611987879,0.45127413233904534,5.813196232541501,10.868745635743787,0.14300981099662877,0.0,1.832,205.81824487533504,2.7081348009912505,0.0,5.813196232541501,108.68745635743787,2058.1824487533504,2166.8699051107883,197.92699051107883,0.050158736387951666,0.9498412636120483,12.0,65.0,65.0,780.0,1450.0,1131000.0,9.05728802978649,171.5152040627792,180.57249209256568
Sonora,Bacerac,10,Moctezuma,143,Alfalfa achicalada,2014,2015,30.253066,-108.731092,1602.0,266.27509840876684,3.503619715904827,1.8748512913610977,5.509455407993847,11.538355263157895,5.045,18.69,19.23236842105263,11.13,27.46,3.844342105263158,-2.31,9.95,40.58223684210526,21.7,66.08,17.380394736842103,10.28,25.67,2.0628947368421056,0.95,4.58,14.78,0.1944736842105263,0.0,6.93,11.824,0.15557894736842104,0.0,5.5440000000000005,8.897315349995466,5.518146172691781,13.907634538939536,0.055506504695045804,2,2,0,48,233.21010350001686,3.068553993421274,0.7499405165444392,4.958509867194462,7.439607542286528,0.09788957292482274,0.0,3.286084846523078,225.7704959577303,2.970664420496451,0.0,4.958509867194462,74.39607542286528,2257.7049595773033,2332.1010350001684,221.38610350001684,0.03190088006751384,0.9680991199324861,16.25,110.0,110.0,1787.5,1120.0,2002000.0,4.578220026022478,138.93568982014173,143.5139098461642
Sonora,Bacerac,10,Moctezuma,143,Alfalfa achicalada,2015,2016,30.253066,-108.731092,1602.0,224.3266024894099,2.951665822229078,1.0288913508916233,4.5708422268229425,10.855131578947368,1.3300000000000003,16.75,17.908289473684214,5.69,25.72,3.8019736842105263,-4.58,9.51,54.796052631578945,27.95,88.53,15.884868421052632,3.92,24.22,2.231842105263158,0.51,5.38,75.75,0.9967105263157895,0.0,22.7,60.6,0.7973684210526316,0.0,18.16,8.585024341714503,3.7410657531821077,13.811244419175983,0.33767729355048753,10,4,0,47,196.3363184481176,2.583372611159442,0.5717045238656858,4.246534170242976,16.722174430138207,0.22002861092287115,0.0,2.4074686112577655,179.61414401797938,2.363344000236571,0.0,4.246534170242976,167.22174430138207,1796.1414401797938,1963.363184481176,135.7363184481176,0.08517107055033778,0.9148289294496622,11.52,110.0,110.0,1267.2,1200.0,1520640.0,14.515776415050528,155.91505557116267,170.4308319862132
Sonora,Bacerac,10,Moctezuma,143,Alfalfa achicalada,2016,2017,30.253066,-108.731092,1602.0,267.7038474800536,3.4766733438968,1.0956553479424278,5.324330046961647,10.443636363636365,1.4699999999999998,18.19,18.464155844155844,4.8,26.91,2.423116883116883,-4.95,11.07,43.6712987012987,25.14,88.07,18.03051948051948,6.45,25.69,2.174025974025974,0.96,6.03,47.78,0.6205194805194806,0.0,17.04,38.224000000000004,0.4964155844155845,0.0,13.632,9.254012331422349,4.447115338266707,13.989673344017321,0.17848081172445626,7,5,0,56,239.78189659192464,3.1140506050899304,0.43826213917697115,4.791897042265482,7.128009862982268,0.09257155666210738,0.0,2.4800000000000004,232.65388672894235,3.021479048427823,0.0,4.791897042265482,71.28009862982269,2326.5388672894237,2397.8189659192462,201.55789659192465,0.029727055980014818,0.9702729440199851,11.5,100.0,100.0,1150.0,1758.37,2022125.5,6.198269446071538,202.30772759038467,208.50599703645622
Sonora,Bacerac,10,Moctezuma,143,Alfalfa achicalada,2017,2018,30.253066,-108.731092,1602.0,256.3778337831028,3.3733925497776682,1.0654910405098723,5.564953001842095,11.387105263157896,1.9650000000000003,20.73,18.78407894736842,8.26,28.52,3.9901315789473677,-4.8,12.94,47.94250000000001,24.93,87.36,17.225921052631577,6.55,24.82,2.3163157894736845,0.83,6.6,38.519999999999996,0.5068421052631579,0.0,11.02,30.816000000000003,0.4054736842105264,0.0,8.816,9.015158093949296,4.441850082125388,13.263719265013734,0.15024699846940803,9,2,0,43,223.81303239731528,2.9449083210173064,0.42619641620394894,5.008457701657886,12.986758389524084,0.170878399862159,0.0,2.2210829993452705,210.82627400779117,2.774029921155147,0.0,5.008457701657886,129.86758389524084,2108.2627400779115,2238.1303239731524,192.99703239731528,0.058025032101213174,0.9419749678987867,12.3,95.0,95.0,1168.5,2078.36,2428563.66,10.55834015408462,171.40347480308222,181.96181495716684
Sonora,Bacerac,10,Moctezuma,143,Alfalfa achicalada,2018,2019,30.253066,-108.731092,1602.0,260.4202013735193,3.426581597019991,1.361847260028018,5.233750765912272,11.166973684210525,3.635,16.85,18.649736842105263,8.22,25.76,3.6842105263157894,-4.25,10.48,44.312894736842104,23.59,89.94,16.922236842105264,6.16,24.24,2.4423684210526315,0.58,6.27,21.52,0.2831578947368421,0.0,6.55,17.216,0.2265263157894737,0.0,5.24,8.783568419147139,4.539217642656187,13.852608875631852,0.08263567836326943,7,1,0,44,227.33549151935415,2.991256467359923,0.7056430719456537,4.710375689321045,11.178230739139591,0.14708198340973147,0.0,2.2,216.15726078021456,2.8441744839501917,0.0,4.710375689321045,111.78230739139592,2161.5726078021457,2273.3549151935417,210.11949151935414,0.049170636157302064,0.9508293638426979,13.18,110.0,110.0,1450.0,2124.41,3080394.5,8.481206934096807,164.00399148726447,172.48519842136128
Sonora,Bacerac,10,Moctezuma,143,Alfalfa achicalada,2019,2020,30.253066,-108.731092,1602.0,211.740890976044,2.7860643549479476,0.885079296145132,5.0909673799337725,9.047960526315789,-0.9299999999999999,16.765,16.05986842105263,2.85,24.2,2.036052631578947,-5.14,9.39,56.425657894736844,35.9,90.55,15.720921052631578,4.89,25.51,2.4021052631578947,0.92,6.07,103.33,1.3596052631578948,0.0,22.38,82.664,1.0876842105263158,0.0,17.904,8.544815666800735,3.903341187369892,14.36520702273121,0.48800210258721627,14,8,0,59,187.19223476570042,2.4630557206013215,0.3540317184580528,4.581870641940395,24.00901015391946,0.31590802834104553,0.0,2.649226529203602,163.18322461178093,2.1471476922602752,0.0,4.581870641940395,240.0901015391946,1631.8322461178093,1871.922347657004,104.52823476570042,0.12825857965727258,0.8717414203427273,13.5,110.0,110.0,1485.0,2472.78,3672078.3,17.784451965866268,120.87646267539328,138.66091464125955
Sonora,Bacerac,10,Moctezuma,143,Alfalfa achicalada,2020,2021,30.253066,-108.731092,1602.0,207.91582117025249,2.7002054697435387,0.9615222034446625,4.584075870583787,9.311233766233766,0.1649999999999996,14.805,16.1587012987013,5.52,22.51,2.463766233766234,-5.19,9.96,60.133766233766245,38.4,87.59,15.894025974025976,2.76,24.98,2.2224675324675323,1.14,4.75,122.0,1.5844155844155845,0.0,20.45,97.60000000000001,1.2675324675324677,0.0,16.36,8.680284753434876,3.2506630648015724,14.486982622788513,0.5867759332278035,15,8,0,56,180.6041375965199,2.3455082804742844,0.4602643219410273,4.125668283525409,28.645202312546914,0.3720156144486612,0.0,2.7218428150214824,151.95893528397298,1.9734926660256231,0.0,4.125668283525409,286.45202312546917,1519.5893528397298,1806.041375965199,83.0041375965199,0.1586076747396671,0.8413923252603328,13.3,115.0,115.0,1529.5,2842.59,4347741.41,21.537746099659334,114.25483855937817,135.79258465903752
Sonora,Bacerac,10,Moctezuma,143,Alfalfa achicalada,2021,2022,30.253066,-108.731092,1602.0,266.31696972498816,3.50417065427616,1.0350124899792574,5.606455157140685,9.513421052631578,-0.2849999999999999,15.92,17.3428947368421,3.39,25.77,1.6839473684210526,-5.63,8.8,40.191315789473684,19.79,92.02,17.571710526315783,6.02,26.28,2.5189473684210526,0.85,4.82,37.74,0.49657894736842106,0.0,12.96,30.192000000000004,0.3972631578947369,0.0,10.368000000000002,8.939829117395792,4.480348090481473,13.978888223355133,0.141710834420248,8,2,0,69,232.23784305617417,3.055761092844397,0.5657532151579872,5.045809641426617,11.011407145953708,0.14488693613096984,0.0,2.071025090967291,221.22643591022046,2.9108741567134273,0.0,5.045809641426617,110.11407145953709,2212.2643591022047,2322.378430561742,202.04584305617416,0.047414353324364306,0.9525856466756357,13.2,105.0,105.0,1386.0,2798.48,3878693.28,8.341975110570992,167.59578478047007,175.93775989104105
Sonora,Bacerac,10,Moctezuma,143,Alfalfa achicalada,2022,2023,30.253066,-108.731092,1602.0,258.88219210305186,3.4063446329348928,1.4487016467442062,6.700505711871191,9.214144736842105,0.5099999999999998,16.515,17.171842105263153,6.38,26.86,1.2564473684210526,-5.41,8.63,42.170394736842105,18.93,78.56,17.997631578947374,6.44,25.5,2.448421052631579,0.97,5.36,8.07,0.1061842105263158,0.0,3.4,6.456000000000001,0.08494736842105265,0.0,2.72,9.198314237861661,4.4393399147141155,13.636378149966696,0.031172480171164568,3,0,0,67,226.12348715161264,2.9753090414685874,0.5794806586976825,6.030455140684072,4.086982389472897,0.05377608407201181,0.0,1.8995017307752153,222.03650476213974,2.9215329573965754,0.0,6.030455140684072,40.869823894728974,2220.3650476213975,2261.2348715161265,219.66748715161265,0.018074117116072215,0.9819258828839278,13.91,110.0,110.0,1530.1,2804.59,4291303.16,2.9381613152213495,159.62365547242254,162.5618167876439
Sonora,Bacerac,10,Moctezuma,143,Alfalfa achicalada,2023,2024,30.253066,-108.731092,1602.0,234.01225547228478,3.079108624635326,1.0327203784062995,5.355802936097231,8.774934210526316,0.3450000000000002,16.240000000000002,15.902105263157894,5.54,25.05,1.6477631578947372,-5.78,9.32,50.25855263157895,28.75,86.65,16.649078947368423,4.98,23.98,2.7214473684210523,0.94,7.32,58.07999999999999,0.7642105263157893,0.0,13.48,46.464,0.6113684210526316,0.0,10.784,8.785038821456828,4.439058859359376,13.349672551107215,0.2481921294369076,11,3,0,58,203.97399893865708,2.683868407087593,0.6042719262894104,4.820222642487508,17.653043194465777,0.23227688413770758,0.0,1.787691743436343,186.32095574419134,2.451591522949886,0.0,4.820222642487508,176.53043194465778,1863.2095574419134,2039.739989386571,157.50999893865708,0.08654555622932478,0.9134544437706754,14.05,100.0,100.0,1405.0,2847.8,4001159.0,12.564443554779912,132.61277988910416,145.17722344388406
Sonora,Bacerac,10,Moctezuma,143,Pastos y praderas,2010,2011,30.253066,-108.731092,1602.0,1384.0741791034018,5.649282363687354,2.3302599400690225,9.290888088031807,19.6660612244898,4.2250000000000005,28.58,27.217673469387755,11.3,37.41,12.114448979591836,-2.93,21.91,47.792734693877556,15.27,88.49,24.497918367346937,9.22,32.94,2.1359999999999997,0.63,7.14,350.78999999999996,1.4317959183673468,0.0,22.5,210.474,0.8590775510204082,0.0,13.5,14.905355689076176,6.834717376650258,19.88331674817256,0.25344739848209613,69,25,10,46,1162.1050138022163,4.7432857706212905,1.0341777662528453,7.897254874827035,158.18431999266883,0.6456502856843626,0.0,5.037834758349897,1003.9206938095474,4.097635484936928,0.0,7.879254874827035,1581.8431999266884,10039.206938095474,11621.050138022163,951.6310138022163,0.13611878282420947,0.8638812171757905,40.02,136.0,136.0,5442.76,702.36,3822775.76,39.52631683974733,250.85474607934717,290.3810629190945
Sonora,Bacerac,10,Moctezuma,143,Pastos y praderas,2011,2012,30.253066,-108.731092,1602.0,1540.0870103954376,6.286069430185459,3.288168279188849,10.77164597051469,20.95791836734694,9.38,30.919999999999998,29.071387755102037,16.28,40.66,12.844448979591839,-0.35,21.99,37.454571428571434,7.37,85.31,25.158489795918367,13.61,33.34,2.2571020408163265,0.79,6.98,277.82,1.1339591836734693,0.0,35.55,166.692,0.6803755102040817,0.0,21.33,14.83866314582394,7.952825243356759,19.116510495148432,0.1803924051853837,52,15,25,22,1286.1786151356955,5.249708633206921,1.8126793688747949,9.155899074937487,126.41356716211482,0.515973743518836,0.0,5.278164380650743,1159.7650479735807,4.733734889688085,0.0,9.155899074937487,1264.135671621148,11597.650479735807,12861.786151356955,1119.4866151356955,0.09828616777987545,0.9017138322201246,25.0,110.0,100.0,2500.0,700.0,1750000.0,50.565426864845925,463.90601918943224,514.4714460542782
Sonora,Bacerac,10,Moctezuma,143,Pastos y praderas,2012,2013,30.253066,-108.731092,1602.0,1459.877081399424,5.958681964895608,1.8817952136161549,10.33865177490988,20.559673469387757,3.7449999999999997,28.58,28.478163265306122,8.72,38.41,12.641183673469389,-4.2,20.62,40.43873469387755,8.74,80.11,24.454897959183672,9.53,33.38,2.0840408163265303,0.66,6.55,263.42999999999995,1.0752244897959182,0.0,13.16,158.058,0.645134693877551,0.0,7.896,14.580180672856756,6.973944917965379,19.166274465207653,0.180446698805271,57,18,21,26,1220.0995840633514,4.979998302299394,1.4233866390763048,8.7878540086734,142.00326870228105,0.5796051783766574,0.0,6.403253780588888,1078.09631536107,4.400393123922735,0.0,8.7878540086734,1420.0326870228105,10780.9631536107,12200.995840633512,1062.0415840633514,0.11638662167997903,0.8836133783200207,25.5,80.0,80.0,2040.0,600.0,1224000.0,55.6875563538357,422.78286876904707,478.4704251228828
Sonora,Bacerac,10,Moctezuma,143,Pastos y praderas,2013,2014,30.253066,-108.731092,1602.0,1451.324209125916,5.923772282146596,1.9141584092314199,9.659706945690195,20.22861224489796,5.74,28.735,27.949959183673467,11.64,38.61,12.507265306122452,-2.63,20.67,42.42595918367347,9.25,84.28,24.50142857142857,7.89,32.9,2.1663673469387756,0.58,6.43,369.37,1.5076326530612245,0.0,20.2,221.62199999999999,0.9045795918367346,0.0,12.12,14.647157043461588,5.543886994117366,19.269369139075167,0.2545055044747439,68,29,21,20,1214.471713486488,4.957027401985665,1.1498432414022846,8.210750903836665,170.0223301811459,0.693968694616922,0.0,5.235567556881039,1044.449383305342,4.263058707368743,0.0,8.210750903836665,1700.223301811459,10444.49383305342,12144.717134864879,992.849713486488,0.13999694541509594,0.8600030545849041,20.5,123.0,123.0,2521.5,581.95,1467386.93,82.93772203958336,509.4875040513864,592.4252260909698
Sonora,Bacerac,10,Moctezuma,143,Pastos y praderas,2014,2015,30.253066,-108.731092,1602.0,1404.0630307837969,5.730869513403253,2.371821477000406,9.683301810762353,20.47030612244898,8.175,30.135,27.77685714285714,14.94,40.56,13.163755102040815,1.08,20.85,45.767714285714284,10.38,86.91,23.74820408163265,9.76,32.41,2.0786530612244896,0.61,6.31,368.13,1.5025714285714284,0.0,24.19,220.87800000000004,0.9015428571428573,0.0,14.514,14.379709653582974,7.274247853447347,19.248179100177403,0.26218908405735675,68,27,19,23,1176.257152165957,4.801049600677375,1.0959039238680228,8.230806539148,152.31535608702526,0.6216953309674501,0.0,4.5136693426112515,1023.9417960789317,4.1793542697099255,0.0,8.230806539148,1523.1535608702527,10239.417960789317,11762.571521659569,955.379152165957,0.12949154511541303,0.870508454884587,8.5,120.0,120.0,1020.0,315.0,321300.0,179.19453657297092,1204.6374071516843,1383.8319437246553
Sonora,Bacerac,10,Moctezuma,143,Pastos y praderas,2015,2016,30.253066,-108.731092,1602.0,1265.4079352852536,5.164930348103076,1.6147753739007928,9.057739610787849,19.88871428571429,6.055000000000001,28.765,26.717142857142854,10.46,37.73,13.060285714285714,-1.19,21.57,53.87004081632653,19.7,86.3,22.783020408163267,6.5,33.07,1.9417142857142857,0.5,5.72,487.92999999999995,1.991551020408163,0.0,20.03,292.75800000000004,1.1949306122448982,0.0,12.018,14.217595683835345,5.438105005804452,19.8559282343571,0.38559107019508987,85,32,9,21,1061.6946957173543,4.333447737621855,0.7214136985694474,7.699078669169671,199.11715866833586,0.8127230966054525,0.0,5.186967386789537,862.5775370490185,3.520724641016402,0.0,7.657078669169671,1991.1715866833586,8625.775370490184,10616.946957173543,768.9366957173543,0.18754653241796462,0.8124534675820354,6.3,64.0,64.0,403.2,320.0,129024.0,316.0589820132315,1369.1706937286008,1685.2296757418324
Sonora,Bacerac,10,Moctezuma,143,Pastos y praderas,2016,2017,30.253066,-108.731092,1602.0,1405.4874636835993,5.736683525239181,1.4494440156099853,9.322335202249004,20.529591836734692,3.235,28.41,27.981591836734694,6.77,38.94,13.077591836734694,-1.73,21.91,45.14057142857142,15.38,87.92,24.332857142857144,8.4,33.0,2.078938775510204,0.79,6.08,355.37,1.4504897959183674,0.0,21.43,213.222,0.8702938775510204,0.0,12.857999999999999,14.733214466231722,6.589675484598701,19.602377321006436,0.2528446600787328,59,24,15,19,1175.3522845042899,4.797356263282816,0.5797776062439941,7.923984921911654,145.82073686744994,0.5951866810916324,0.0,5.15039529645113,1029.5315476368396,4.202169582191182,0.0,7.923984921911654,1458.2073686744993,10295.315476368396,11753.522845042895,962.1302845042899,0.12406555786714661,0.8759344421328531,17.5,50.0,50.0,875.0,329.87,288636.25,83.32613535282853,588.3037415067655,671.629876859594
Sonora,Bacerac,10,Moctezuma,143,Pastos y praderas,2017,2018,30.253066,-108.731092,1602.0,1464.0114552778823,5.975556960317887,3.05911229608676,9.63214155934337,21.24769387755102,10.26,31.259999999999998,28.944489795918365,16.67,41.03,13.550897959183674,0.94,22.45,42.5494693877551,9.04,86.04,24.525061224489797,11.62,33.19,2.10130612244898,0.58,6.5,277.13,1.1311428571428572,0.0,17.26,166.278,0.6786857142857142,0.0,10.356,14.703857264402311,7.321296736515612,19.95513408502055,0.18929496692182526,62,19,18,11,1224.112449684441,4.996377345650779,1.4963985020395656,8.187320325441865,144.54489559025163,0.5899791656744965,0.0,4.7573217985688645,1079.5675540941893,4.406398179976283,0.0,8.187320325441865,1445.4489559025162,10795.675540941893,12241.12449684441,1057.8344496844409,0.11808138674474987,0.8819186132552501,19.0,85.0,85.0,1615.0,637.59,1029707.85,76.07626083697454,568.1934495232575,644.269710360232
Sonora,Bacerac,10,Moctezuma,143,Pastos y praderas,2018,2019,30.253066,-108.731092,1602.0,1419.9446843502105,5.795692589184533,1.429408724619568,10.117170442181578,20.968612244897958,9.085,30.465,28.371469387755102,12.88,38.78,13.565755102040814,-2.76,22.44,45.654122448979585,10.49,86.73,23.645591836734692,4.59,33.3,2.0875510204081635,0.5,5.71,396.32,1.6176326530612244,0.0,37.69,237.792,0.9705795918367347,0.0,22.613999999999997,14.360956254480282,4.263323821244923,20.12599761915522,0.27910946416998095,62,32,21,16,1186.5539703792065,4.8430774301192105,1.2149974159266328,8.599594875854342,154.90183235648226,0.6322523769652337,0.0,4.932520281836326,1031.6521380227243,4.210825053153977,0.0,8.599594875854342,1549.0183235648226,10316.521380227243,11865.539703792065,948.7619703792064,0.1305476499370507,0.8694523500629494,18.3,80.0,80.0,1464.0,580.44,849764.16,84.64581003086462,563.7443377173356,648.3901477482002
Sonora,Bacerac,10,Moctezuma,143,Pastos y praderas,2023,2024,30.253066,-108.731092,1602.0,1536.3617123360405,6.2708641319838385,1.814409914054971,10.096447222180716,21.75104081632653,1.845,31.900000000000002,29.790244897959187,5.54,40.0,13.711836734693877,-2.56,23.92,37.87644897959184,14.86,81.7,24.67102040816327,7.81,33.09,2.2049387755102043,0.7,5.9,165.07999999999998,0.6737959183673469,0.0,18.84,132.06400000000002,0.5390367346938776,0.0,15.072000000000001,14.771869245193065,5.661096161643845,19.330535567332927,0.10744865527076666,37,7,48,23,1286.4938954538818,5.2509954916484975,0.8549233121463127,8.58198013885361,101.64968460585118,0.4148966718606171,0.0,5.602767153452641,1184.8442108480306,4.83609881978788,0.0,8.58198013885361,1016.4968460585118,11848.442108480305,12864.938954538817,1154.4298954538817,0.07901295526162495,0.920987044738375,24.0,80.0,80.0,1920.0,754.79,1449196.8,42.35403525243799,493.68508785334603,536.039123105784
Sonora,Bacerac,10,Moctezuma,143,Frijol,2010,2011,30.253066,-108.731092,1602.0,913.3875314561433,6.477925755008108,2.3302599400690225,9.290888088031807,23.128723404255318,10.175,28.58,30.50709219858156,16.98,37.41,15.75035460992908,1.42,21.91,46.88914893617021,15.27,85.8,26.097659574468086,9.22,32.94,2.006241134751773,0.63,4.97,289.36,2.0521985815602837,0.0,22.5,173.616,1.2313191489361703,0.0,13.5,16.330222600204557,7.318850072001325,19.88331674817256,0.3167987190920985,54,22,10,3,722.4614393160965,5.123839995149621,1.1384491062588533,10.684521301236577,119.7703337976436,0.8494349914726497,0.0,5.7780000000000005,602.6911055184529,4.2744050036769705,0.0,10.666521301236576,1197.703337976436,6026.911055184529,7224.614393160965,548.8454393160965,0.16578093622688259,0.8342190637731174,1.2,97.0,97.0,116.4,10000.0,1164000.0,1088.8212163422145,5479.010050167753,6567.8312665099675
Sonora,Bacerac,10,Moctezuma,143,Frijol,2011,2012,30.253066,-108.731092,1602.0,952.7097782855417,6.756806938195331,3.7726927063753735,10.77164597051469,23.61035460992908,11.165000000000001,30.919999999999998,31.290638297872338,19.98,40.66,15.930070921985815,2.35,21.99,41.36255319148937,7.37,85.31,26.168085106382982,16.34,33.34,2.108297872340426,0.79,5.56,261.26,1.8529078014184397,0.0,35.55,156.75599999999997,1.1117446808510636,0.0,21.33,16.093644491072606,10.755904051759153,19.116510495148432,0.2742283179565481,47,14,25,2,759.4109881951076,5.385893533298636,1.4623955938344144,12.387392866091893,100.6193855493324,0.7136126634704426,0.0,5.712,658.7916026457754,4.672280869828194,0.0,12.387392866091893,1006.193855493324,6587.916026457753,7594.109881951077,602.6549881951076,0.13249661528927115,0.8675033847107291,1.05,10.0,10.0,10.5,9088.0,95424.0,958.2798623745942,6274.205739483574,7232.485601858168
Sonora,Bacerac,10,Moctezuma,143,Frijol,2012,2013,30.253066,-108.731092,1602.0,917.4342574407444,6.50662593929606,3.279473196238123,10.33865177490988,23.428475177304964,15.355,28.58,30.97113475177305,22.32,38.41,15.885815602836876,7.23,20.62,44.36815602836879,8.74,80.11,25.288014184397166,9.53,33.38,2.017304964539007,0.66,5.43,255.6,1.8127659574468085,0.0,13.16,153.36,1.0876595744680853,0.0,7.896,15.717935009287118,7.1956932866503776,19.166274465207653,0.27860306929568607,54,18,21,0,726.0610601084763,5.1493692206274915,1.147815618683343,11.889449541146362,118.8202795950139,0.842697018404354,0.0,6.876,607.2407805134624,4.306672202223138,0.0,11.889449541146362,1188.202795950139,6072.407805134624,7260.610601084763,572.7010601084763,0.1636505331621306,0.8363494668378693,1.3,40.5,40.5,52.65,13000.0,684450.0,914.0021507308761,4671.082927026634,5585.085077757511
Sonora,Bacerac,10,Moctezuma,143,Frijol,2013,2014,30.253066,-108.731092,1602.0,899.4329387688015,6.378957012544691,2.6422853256509797,9.659706945690195,23.19531914893617,14.575000000000001,28.735,30.451489361702127,20.26,38.61,15.939148936170213,5.93,20.67,47.16397163120567,9.25,82.62,25.14673758865248,10.41,32.9,2.007872340425532,0.58,5.01,350.78,2.487801418439716,0.0,20.2,210.46800000000002,1.4926808510638299,0.0,12.12,15.745273658805768,7.678050225189887,19.269369139075167,0.3900012828973875,61,29,21,0,721.9453306081533,5.120179649703215,0.9247998639778429,11.108662987543722,142.41980799267512,1.0100695602317384,0.0,7.0834149298978755,579.5255226154782,4.110110089471476,0.0,11.108662987543722,1424.1980799267512,5795.255226154782,7219.453306081533,511.4773306081533,0.19727228912569228,0.8027277108743077,1.2,60.0,60.0,72.0,17000.0,1224000.0,1294.7255272061375,5268.413841958892,6563.139369165029
Sonora,Bacerac,10,Moctezuma,143,Frijol,2014,2015,30.253066,-108.731092,1602.0,883.0554876936787,6.262804877260133,2.371821477000406,9.683301810762353,23.144716312056737,14.105,30.135,30.047446808510642,21.71,40.56,16.241985815602835,4.68,20.85,47.425602836879435,10.38,86.91,24.56950354609929,9.76,32.41,1.9886524822695033,0.69,5.6,307.3700000000001,2.1799290780141853,0.0,15.47,184.42199999999997,1.3079574468085104,0.0,9.282,15.399262300991731,7.274247853447347,19.248179100177403,0.3480755221880497,58,23,19,1,712.0153996581413,5.049754607504548,0.830137516950142,11.135797082376705,97.58635512673432,0.6921018094094632,0.0,5.582302757351654,614.429044531407,4.357652798095085,0.0,11.135797082376705,975.8635512673432,6144.290445314071,7120.153996581414,527.5933996581414,0.13705652317855524,0.8629434768214449,1.15,45.0,45.0,51.75,10000.0,517500.0,929.3938583498508,5851.7051860134015,6781.099044363253
Sonora,Bacerac,10,Moctezuma,143,Frijol,2015,2016,30.253066,-108.731092,1602.0,820.7948042587134,5.8212397465156975,2.317242132669714,9.057739610787849,22.635460992907802,13.61,28.765,29.382765957446804,20.55,37.73,15.88815602836879,4.65,21.57,53.86609929078015,19.7,84.05,24.50177304964539,8.34,33.07,1.8087234042553193,0.5,5.72,323.41,2.2936879432624115,0.0,16.82,194.04600000000005,1.3762127659574472,0.0,10.092,15.702089819850686,6.592913097246136,19.8559282343571,0.3940205253761105,64,20,9,1,647.9032133156647,4.595058250465708,0.8110347464343999,10.416400552406024,155.0332283683888,1.0995264423289985,0.0,6.978000000000001,492.869984947276,3.4955318081367093,0.0,10.374400552406025,1550.332283683888,4928.69984947276,6479.032133156648,453.8572133156647,0.23928454926932904,0.760715450730671,1.18,25.0,25.0,29.5,15000.0,442500.0,1469.509273634017,4671.753411822522,6141.262685456539
Sonora,Bacerac,10,Moctezuma,143,Frijol,2016,2017,30.253066,-108.731092,1602.0,881.4601613151018,6.251490505780864,2.1137873927267137,9.322335202249004,23.03301418439716,13.39,28.41,30.16617021276596,21.12,38.94,15.899858156028369,4.78,21.91,48.232340425531916,15.38,87.92,25.3145390070922,8.4,33.0,1.9851773049645391,0.79,5.07,311.98,2.2126241134751776,0.0,21.43,187.188,1.3275744680851063,0.0,12.857999999999999,15.941883471146982,6.589675484598701,19.602377321006436,0.3539354513022334,53,22,15,1,704.1566434302797,4.99401874773248,0.7398255874543498,10.720685482586354,109.95718212420665,0.7798381710936642,0.0,6.755999999999999,594.199461306073,4.214180576638816,0.0,10.720685482586354,1099.5718212420666,5941.9946130607295,7041.566434302797,516.9686434302797,0.1561544340312594,0.8438455659687405,1.26,9.0,9.0,11.34,14931.75,169326.05,872.6760486048147,4715.868740524388,5588.544789129202
Sonora,Bacerac,10,Moctezuma,143,Frijol,2017,2018,30.253066,-108.731092,1602.0,893.6406221688183,6.337876752970343,3.1171167930919483,9.63214155934337,23.41223404255319,12.1,31.259999999999998,30.741418439716313,18.16,41.03,16.083049645390073,4.19,22.45,46.1390780141844,9.04,86.04,25.320567375886522,13.47,33.19,1.9478014184397163,0.58,5.3,244.39000000000004,1.7332624113475181,0.0,17.26,195.512,1.3866099290780143,0.0,13.808000000000002,15.810130021386202,9.357902119222041,19.95513408502055,0.27347682495327763,52,18,18,1,698.7259522929548,4.955503207751453,1.090990877582182,11.076962793244876,136.1456016609669,0.9655716429855807,0.0,6.108729790500195,562.5803506319879,3.9899315647658717,0.0,11.076962793244876,1361.456016609669,5625.8035063198795,6987.259522929548,503.21395229295484,0.1948483539421835,0.8051516460578164,1.2,6.0,6.0,7.2,16500.0,118800.0,1512.7289073440768,6250.892784799867,7763.621692143944
Sonora,Bacerac,10,Moctezuma,143,Frijol,2018,2019,30.253066,-108.731092,1602.0,909.7474127484219,6.452109310272496,3.187601604576238,10.117170442181578,23.954148936170213,13.89,30.465,31.23531914893617,20.03,38.78,16.672978723404256,5.18,22.44,45.84808510638298,10.49,81.29,25.21553191489362,10.57,33.3,1.9061702127659572,0.5,5.71,279.42999999999995,1.9817730496453898,0.0,20.28,167.65800000000002,1.1890638297872342,0.0,12.168000000000001,15.751428677558263,8.158523669380784,20.12599761915522,0.3071511895327285,50,25,21,0,719.1902654905778,5.100640180784239,1.1342576799716189,11.634746008508815,110.97337918391415,0.7870452424391075,0.0,6.6734097930726755,608.2168863066636,4.3135949383451315,0.0,11.634746008508815,1109.7337918391415,6082.168863066636,7191.902654905777,551.5322654905777,0.15430322754468376,0.8456967724553162,1.1,4.0,4.0,4.4,15000.0,66000.0,1226.2251843526426,6720.628577974183,7946.853762326826
Sonora,Bacerac,10,Moctezuma,143,Frijol,2019,2020,30.253066,-108.731092,1602.0,880.1655783967724,6.2423090666437755,1.9815248409871646,9.881201127050685,22.728297872340427,13.75,29.085,29.744751773049646,20.34,37.66,15.711843971631207,4.1,21.27,49.20666666666667,18.06,87.79,25.79936170212766,8.19,33.03,1.9970921985815606,0.62,5.97,302.83000000000004,2.147730496453901,0.0,16.75,181.69799999999998,1.2886382978723403,0.0,10.049999999999999,16.253429032029697,6.406367645397189,19.52801533134164,0.34406026256060473,50,24,12,1,712.7723942323203,5.055123363349789,0.6935336943455076,11.363381296108287,106.7915261970958,0.7573867106177008,0.0,5.96735988879589,605.9808680352244,4.2977366527320875,0.0,11.363381296108287,1067.915261970958,6059.808680352244,7127.723942323202,531.0743942323203,0.14982556431932784,0.8501744356806721,1.25,5.0,2.0,2.5,16400.0,41000.0,1041.8685482643493,5912.008468636336,6953.877016900686
Sonora,Bacerac,10,Moctezuma,143,Frijol,2020,2021,30.253066,-108.731092,1602.0,933.1054858694847,6.617769403329679,3.1850996998014214,9.73312420302817,24.200106382978724,17.85,30.0,31.933049645390067,23.18,39.7,16.467163120567374,8.61,21.33,45.26078014184397,18.81,83.12,26.002907801418438,13.3,33.66,1.9967375886524825,0.73,4.12,184.67000000000002,1.3097163120567377,0.0,18.78,147.736,1.04777304964539,0.0,15.024000000000001,16.338333883514753,9.426654182134946,19.702724186347137,0.19790902828946627,41,15,30,0,726.3661437786602,5.151532934600427,1.1147848949304975,11.193092833482394,109.66544114154685,0.7777690861102613,0.0,7.096742593641001,616.7007026371134,4.373763848490166,0.0,11.193092833482394,1096.6544114154685,6167.007026371134,7263.661437786603,578.6301437786602,0.15097818377251396,0.8490218162274861,1.15,7.0,7.0,8.05,17663.64,142192.3,1512.6267743661635,8506.216588098116,10018.843362464278
Sonora,Bacerac,10,Moctezuma,143,Frijol,2021,2022,30.253066,-108.731092,1602.0,908.021921744963,6.43987178542527,3.0374302065848577,10.413499873828178,23.728404255319152,16.5,31.015,30.892198581560287,22.08,40.48,16.564609929078014,7.51,21.67,47.61957446808511,10.71,85.31,25.432482269503545,13.92,32.82,1.9346808510638296,0.65,5.32,327.5799999999999,2.323262411347517,0.0,29.08,196.548,1.3939574468085107,0.0,17.447999999999997,15.945802002066252,9.999770223275345,19.353012730697902,0.3607622152673178,61,22,17,0,720.4727620707988,5.109735901211339,1.0631005723047002,11.975524854902403,133.65937506218734,0.947938830228279,0.0,7.301871197133236,586.8133870086116,4.161797070983061,0.0,11.975524854902403,1336.5937506218734,5868.133870086116,7204.727620707989,523.9247620707988,0.1855162083824246,0.8144837916175756,1.1,5.0,5.0,5.5,18340.0,100870.0,1527.5357149964268,6706.438708669847,8233.974423666274
Sonora,Bacerac,10,Moctezuma,143,Frijol,2022,2023,30.253066,-108.731092,1602.0,859.261200962957,6.09405107065927,2.522082437270076,10.258910483115393,23.425921985815602,17.455,28.955,30.444326241134757,23.9,37.08,16.407517730496455,8.75,21.22,51.3058865248227,6.25,84.32,24.29021276595745,10.6,33.05,1.8739007092198579,0.58,5.13,374.8,2.6581560283687944,0.0,22.0,224.88,1.5948936170212766,0.0,13.2,15.402128670314019,8.01131506055025,19.407540518673358,0.43618866949883117,72,23,17,0,676.9371999663131,4.800973049406475,0.8827288530445265,11.7977470555827,143.6953377297604,1.0191158704238328,0.0,7.063701073073766,533.2418622365527,3.7818571789826434,0.0,11.7977470555827,1436.9533772976042,5332.418622365527,6769.371999663132,452.0571999663131,0.2122727746930014,0.7877272253069987,1.5,30.0,30.0,45.0,20360.0,916200.0,1306.321252088731,4847.6532930595695,6153.9745451483
Sonora,Bacerac,10,Moctezuma,143,Frijol,2023,2024,30.253066,-108.731092,1602.0,986.7804218090971,6.998442707865937,3.5350095297351216,10.096447222180716,24.959574468085105,16.165,31.900000000000002,32.94191489361702,23.88,40.0,16.977234042553192,6.51,23.92,37.8868085106383,14.86,72.94,26.008085106382982,13.99,33.09,2.0647517730496454,0.7,4.63,135.35,0.9599290780141844,0.0,12.87,108.27999999999999,0.7679432624113475,0.0,10.296,16.118636236243955,9.754774020444959,19.330535567332927,0.13716324017845669,31,6,46,0,793.1292632594214,5.625030235882421,1.2372533354072925,11.610914305507823,71.70751217190919,0.5085639161128311,0.0,7.580214384082985,721.4217510875121,5.116466319769589,0.0,11.610914305507823,717.0751217190918,7214.217510875122,7931.2926325942135,684.8492632594214,0.09041087688181122,0.9095891231181887,1.43,20.0,15.0,21.45,17500.0,375375.0,643.1167010933559,6470.1502339687195,7113.266935062075
Sonora,Bacerac,10,Moctezuma,143,Cacahuate,2013,2014,30.253066,-108.731092,1602.0,1039.2008548253154,6.077197981434593,1.9141584092314199,9.659706945690195,22.398216374269005,14.555,28.735,29.684736842105263,18.56,38.61,15.111695906432745,5.93,20.67,48.01672514619884,9.25,84.28,24.50035087719298,9.22,32.9,2.0205847953216374,0.58,5.01,363.18999999999994,2.1239181286549704,0.0,20.2,217.914,1.2743508771929823,0.0,12.12,15.147611657391847,6.519035581078007,19.269369139075167,0.3494897048184688,65,29,21,0,817.8517856513672,4.782758980417352,1.1484950455388518,11.108662987543722,170.3101792042799,0.9959659602589468,0.0,7.0834149298978755,647.5416064470872,3.786793020158405,0.0,11.108662987543722,1703.101792042799,6475.416064470873,8178.517856513672,599.9377856513672,0.20824088446372788,0.7917591155362721,1.0,5.0,5.0,5.0,21000.0,105000.0,1703.101792042799,6475.416064470873,8178.517856513672
Sonora,Bacerac,10,Moctezuma,143,Cacahuate,2019,2020,30.253066,-108.731092,1602.0,1001.1247000194046,5.854530409470202,1.6123725118352443,9.881201127050685,22.286783625730997,13.75,29.085,29.216783625730994,20.34,37.66,15.356783625730996,4.1,21.27,51.860116959064314,18.06,88.89,24.549707602339183,6.64,33.03,1.9454385964912277,0.62,5.97,382.55999999999995,2.23719298245614,0.0,27.35,229.53599999999997,1.3423157894736841,0.0,16.41,15.4001767150624,5.428428975526677,19.52801533134164,0.38213021813624704,61,27,12,1,803.8204787430072,4.700704554052674,0.9674235071011466,11.363381296108287,155.79663245010855,0.9110914178368921,0.0,5.969442590358491,648.0238462928987,3.789613136215782,0.0,11.363381296108287,1557.9663245010854,6480.238462928987,8038.204787430072,574.2844787430073,0.19382018320028263,0.8061798167997174,2.12,1.0,1.0,2.12,28000.0,59360.0,734.8897757080591,3056.716256098579,3791.606031806638
Sonora,Bacerac,10,Moctezuma,143,Cacahuate,2022,2023,30.253066,-108.731092,1602.0,969.8057595636399,5.671378710898479,2.522082437270076,10.258910483115393,22.766374269005848,15.565000000000001,28.955,29.60257309941521,19.24,37.08,15.93017543859649,8.17,21.22,54.02590643274854,6.25,84.32,23.141871345029237,10.6,33.05,1.7891812865497074,0.52,5.13,448.85,2.624853801169591,0.0,22.0,269.30999999999995,1.5749122807017542,0.0,13.2,14.628445931442991,8.01131506055025,19.407540518673358,0.462824638412086,90,25,17,0,750.8159993951507,4.390736838568133,1.5132494623620454,10.41409221879345,197.72184275596294,1.156268086292181,0.0,7.063701073073766,553.0941566391878,3.234468752275952,0.0,10.41409221879345,1977.2184275596294,5530.941566391877,7508.159993951506,481.50599939515075,0.2633426071304361,0.7366573928695639,1.65,2.0,2.0,3.3,30000.0,99000.0,888.6374955324178,2485.8164343334283,3374.453929865846
Sonora,Bacerac,10,Moctezuma,143,Cacahuate,2023,2024,30.253066,-108.731092,1602.0,1148.7204847311127,6.71766365339832,3.5350095297351216,10.096447222180716,24.671520467836256,16.165,31.900000000000002,32.59228070175438,23.88,40.0,16.75076023391813,6.51,23.92,38.297134502923974,14.86,72.94,25.110409356725143,13.61,33.09,2.0474853801169592,0.7,4.63,139.41000000000003,0.815263157894737,0.0,12.87,111.52800000000002,0.6522105263157896,0.0,10.296,15.370642354917234,8.150677039235783,19.330535567332927,0.12136111600084548,33,6,48,0,927.8013046771235,5.425738623842828,1.8816273523128175,11.610914305507823,92.08226214704386,0.5384927610938237,0.0,7.580214384082985,835.7190425300796,4.887245862749004,0.0,11.610914305507823,920.8226214704387,8357.190425300796,9278.013046771235,816.2733046771235,0.09924782567436533,0.9007521743256346,1.57,2.0,2.0,3.14,33000.0,103620.0,435.3771259907511,3951.390272009832,4386.767398000583
Sonora,Bacerac,10,Moctezuma,143,Membrillo,2010,2011,30.253066,-108.731092,1602.0,1247.0453418693323,5.8822893484402465,2.3302599400690225,9.290888088031807,19.857405660377356,4.2250000000000005,28.58,27.444339622641515,11.3,37.41,12.270471698113209,-2.93,21.91,47.23466981132076,15.27,88.49,25.29985849056604,9.22,32.94,2.1987735849056604,0.63,7.14,336.89000000000004,1.5891037735849058,0.0,22.5,202.13400000000001,0.9534622641509435,0.0,13.5,15.53902100025073,6.834717376650258,19.88331674817256,0.27015056204371757,67,24,10,46,1038.3959343911097,4.898094030146744,1.1634499870344508,8.361799279228626,152.36748037931912,0.718714530091128,0.0,5.3341779794293025,886.0284540117907,4.179379500055616,0.0,8.343799279228625,1523.6748037931911,8860.284540117907,10383.959343911098,836.2619343911097,0.1467335101505995,0.8532664898494007,12.05,4.0,4.0,48.19,6000.25,289152.0,126.44604180856358,735.2933228313616,861.7393646399252
Sonora,Bacerac,10,Moctezuma,143,Membrillo,2011,2012,30.253066,-108.731092,1602.0,1391.9322358498207,6.565718093631229,3.737073506618456,10.77164597051469,21.322075471698117,9.38,30.919999999999998,29.431132075471698,16.28,40.66,13.21301886792453,-0.35,21.99,36.96985849056604,7.37,85.31,26.03165094339623,15.93,33.34,2.3181132075471695,0.79,6.98,264.1499999999999,1.2459905660377355,0.0,35.55,158.48999999999998,0.7475943396226414,0.0,21.33,15.509108389195648,10.092618076572624,19.116510495148432,0.18977216936047725,48,14,25,19,1147.658344796627,5.413482758474656,2.0392642899841444,9.694481373463221,119.1741860635979,0.5621423870924429,0.0,5.588644638336082,1028.4841587330293,4.851340371382213,0.0,9.694481373463221,1191.741860635979,10284.841587330293,11476.583447966272,989.168344796627,0.10384117067934219,0.8961588293206579,8.0,3.0,3.0,24.0,10000.0,240000.0,148.96773257949738,1285.6051984162866,1434.572930995784
Sonora,Bacerac,10,Moctezuma,143,Membrillo,2012,2013,30.253066,-108.731092,1602.0,1311.849491095581,6.187969297620665,1.8817952136161549,10.33865177490988,20.773183962264152,3.7449999999999997,28.58,28.70740566037736,8.72,38.41,12.838962264150943,-4.2,20.62,40.254999999999995,8.74,80.11,25.183490566037733,9.53,33.38,2.1401886792452833,0.66,6.55,262.52,1.2383018867924527,0.0,13.16,157.512,0.7429811320754717,0.0,7.896,15.190733245805252,6.973944917965379,19.166274465207653,0.20011441997111912,57,18,21,26,1089.3532700542003,5.138458821010379,0.8468078461272697,9.304786597418893,138.74645322094653,0.6544644019855969,0.0,6.779915767682353,950.6068168332538,4.483994419024782,0.0,9.304786597418893,1387.4645322094652,9506.068168332538,10893.532700542004,931.8412700542003,0.12736589409057658,0.8726341059094235,9.0,3.0,3.0,27.0,10170.0,274590.0,154.1627258010517,1056.2297964813931,1210.3925222824448
Sonora,Bacerac,10,Moctezuma,143,Membrillo,2013,2014,30.253066,-108.731092,1602.0,1310.2076209420766,6.180224627085267,2.6422853256509797,9.659706945690195,20.725636792452836,5.74,28.735,28.45316037735849,11.64,38.61,12.998113207547172,-2.63,20.67,41.84169811320755,9.25,82.62,25.249811320754713,10.41,32.9,2.188820754716981,0.58,6.43,360.51,1.7005188679245282,0.0,20.2,216.30599999999998,1.020311320754717,0.0,12.12,15.252990333292328,7.678050225189887,19.269369139075167,0.2751548641892214,65,29,21,19,1085.2401750289368,5.119057429381778,1.2935736465775702,8.693736251121175,161.37635276041075,0.761209211134013,0.0,5.543542119050511,923.8638222685261,4.3578482182477645,0.0,8.693736251121175,1613.7635276041076,9238.63822268526,10852.401750289368,868.9341750289368,0.14870104929179184,0.8512989507082082,9.0,3.0,3.0,27.0,10400.0,280800.0,179.30705862267862,1026.51535807614,1205.8224166988186
Sonora,Bacerac,10,Moctezuma,143,Membrillo,2014,2015,30.253066,-108.731092,1602.0,1267.5842305426277,5.97917089878598,2.371821477000406,9.683301810762353,20.641981132075472,8.175,30.135,27.913254716981136,14.94,40.56,13.370707547169811,1.08,20.85,44.15608490566037,10.38,86.91,24.36698113207547,9.76,32.41,2.1533490566037736,0.61,6.31,358.3500000000001,1.6903301886792457,0.0,24.19,215.00999999999996,1.014198113207547,0.0,14.514,14.86780805213912,7.274247853447347,19.248179100177403,0.2827031067170957,65,27,19,23,1054.8039170901816,4.975490174953687,1.2328919143515258,8.714971629686119,140.14934557808598,0.6610818187645565,0.0,4.7791793039413255,914.6545715120958,4.314408356189131,0.0,8.714971629686119,1401.49345578086,9146.545715120958,10548.039170901817,839.7939170901816,0.1328676764537496,0.8671323235462506,10.0,3.0,3.0,30.0,8000.0,240000.0,140.14934557808598,914.6545715120958,1054.8039170901818
Sonora,Bacerac,10,Moctezuma,143,Nuez,2010,2011,30.253066,-108.731092,1602.0,1240.95911601255,5.881322824704029,2.3302599400690225,9.290888088031807,21.15632701421801,7.025,28.58,28.570663507109003,11.3,37.41,13.741990521327017,1.35,21.91,47.88255924170617,15.27,88.49,24.692654028436017,9.22,32.94,2.066303317535545,0.63,7.14,343.97,1.6301895734597158,0.0,22.5,206.382,0.9781137440758294,0.0,13.5,15.192033293059707,6.834717376650258,19.88331674817256,0.2771807673287775,66,25,10,17,1200.9168931094339,5.691549256442815,1.5100181534188117,10.219976896834988,163.16190131938916,0.7732791531724604,0.0,6.519550863746926,1037.7549917900446,4.918270103270354,0.0,10.201976896834987,1631.6190131938915,10377.549917900447,12009.168931094338,994.5348931094338,0.13586444012535095,0.864135559874649,1.2,47.0,45.0,54.0,40000.0,2160000.0,1359.6825109949098,8647.95826491704,10007.64077591195
Sonora,Bacerac,10,Moctezuma,143,Nuez,2011,2012,30.253066,-108.731092,1602.0,1353.955548889313,6.416850942603379,3.288168279188849,10.77164597051469,21.959573459715635,9.38,30.919999999999998,29.90905213270142,16.28,40.66,14.010094786729857,-0.35,21.99,39.19222748815166,7.37,85.31,25.33587677725119,13.61,33.34,2.220473933649289,0.79,6.98,277.82,1.3166824644549762,0.0,35.55,166.69199999999998,0.7900094786729857,0.0,21.33,15.162162928263742,7.952825243356759,19.116510495148432,0.20519137443463592,52,15,25,10,1300.6377386324887,6.164159898732174,2.137309381472752,11.84881056756616,134.66298953173936,0.6382132205295704,0.0,5.926168496977269,1165.9747491007492,5.525946678202603,0.0,11.84881056756616,1346.6298953173937,11659.747491007492,13006.377386324886,1133.9457386324887,0.10353612349686714,0.8964638765031329,1.2,47.0,20.0,24.0,50000.0,1200000.0,1122.1915794311615,9716.456242506245,10838.647821937406
Sonora,Bacerac,10,Moctezuma,143,Nuez,2012,2013,30.253066,-108.731092,1602.0,1297.726745650884,6.150363723463904,2.4089715211456992,10.33865177490988,21.825165876777255,9.37,28.58,29.64772511848341,16.42,38.41,14.002606635071091,-0.55,20.62,41.71800947867298,8.74,80.11,24.671374407582938,9.53,33.38,2.021943127962085,0.66,6.52,258.14,1.2234123222748814,0.0,13.16,154.884,0.7340473933649289,0.0,7.896,14.899984962993628,6.973944917965379,19.166274465207653,0.19891706853165614,55,18,21,8,1247.902063435412,5.914227788793421,1.5658314887447045,11.37251695240087,144.45120420348835,0.6846028635236414,0.0,6.876,1103.4508592319235,5.229624925269779,0.0,11.37251695240087,1444.5120420348835,11034.508592319235,12479.020634354118,1093.018063435412,0.11575524108504269,0.8842447589149572,1.21,47.0,20.0,24.2,52500.0,1270500.0,1193.811604987507,9119.428588693583,10313.24019368109
Sonora,Bacerac,10,Moctezuma,143,Nuez,2013,2014,30.253066,-108.731092,1602.0,1280.382384416881,6.068162959321711,1.9141584092314199,9.659706945690195,21.26462085308057,9.53,28.735,28.83194312796208,14.43,38.61,13.697298578199053,1.29,20.67,44.07810426540285,9.25,84.28,24.83265402843602,9.22,32.9,2.1134123222748813,0.58,6.43,364.99,1.7298104265402845,0.0,20.2,218.99400000000003,1.0378862559241708,0.0,12.12,15.028840557424981,6.519035581078007,19.269369139075167,0.28506327831605227,66,29,21,6,1230.2949112959038,5.830781570122767,1.244202966000423,10.625677640259214,180.52522566695177,0.8555697898907667,0.0,6.775440367728403,1049.769685628952,4.975211780232,0.0,10.625677640259214,1805.2522566695177,10497.69685628952,12302.949112959037,1011.3009112959038,0.14673329460234824,0.8532667053976517,1.3,180.0,70.0,91.0,54500.0,4959500.0,1388.6555820534752,8075.151427915015,9463.80700996849
Sonora,Bacerac,10,Moctezuma,143,Nuez,2014,2015,30.253066,-108.731092,1602.0,1239.8726462269303,5.876173678800618,2.371821477000406,9.683301810762353,21.522322274881518,10.45,30.135,28.700853080568717,18.11,40.56,14.343791469194313,2.79,20.85,46.959573459715635,10.38,86.91,23.98232227488152,9.76,32.41,2.008957345971564,0.61,6.31,352.54999999999995,1.67085308056872,0.0,24.19,211.53,1.0025118483412323,0.0,14.514,14.690055216676909,7.274247853447347,19.248179100177403,0.28434371955284976,65,25,19,9,1199.1006740331813,5.682941583095646,1.5416839600502639,10.65163199183859,156.00618615305868,0.7393658111519369,0.0,5.339593941814626,1043.0944878801226,4.943575771943709,0.0,10.65163199183859,1560.0618615305868,10430.944878801227,11991.006740331813,987.5706740331814,0.13010265904390753,0.8698973409560925,1.23,180.0,70.0,86.0,50000.0,4300000.0,1268.3429768541357,8480.442990895306,9748.785967749442
Sonora,Bacerac,10,Moctezuma,143,Nuez,2015,2016,30.253066,-108.731092,1602.0,1139.8105398302835,5.401945686399448,1.9588011559898413,9.057739610787849,20.990829383886254,10.675,28.765,27.843601895734597,15.03,37.73,14.138056872037915,4.16,21.57,53.78862559241707,19.7,86.3,23.4139336492891,6.5,33.07,1.9163033175355448,0.5,5.72,408.2099999999999,1.934644549763033,0.0,16.82,244.92600000000002,1.16078672985782,0.0,10.092,14.7095990571462,5.438105005804452,19.8559282343571,0.35813846752178824,76,26,9,6,1097.6394836780964,5.202082861033633,1.2732207513933969,9.963513571866635,194.90065264084197,0.9236997755490141,0.0,6.712546029962931,902.7388310372546,4.278383085484619,0.0,9.921513571866635,1949.0065264084196,9027.388310372546,10976.394836780964,852.7134836780964,0.17756344914611352,0.8224365508538867,1.31,112.0,65.0,85.15,62450.0,5317617.5,1487.7912415331448,6891.136114788203,8378.927356321346
Sonora,Bacerac,10,Moctezuma,143,Nuez,2016,2017,30.253066,-108.731092,1602.0,1241.1846412275709,5.8823916645856436,2.1137873927267137,9.322335202249004,21.541350710900474,9.54,28.41,28.876777251184834,16.95,38.94,14.205924170616113,1.34,21.91,46.36815165876777,15.38,87.92,24.513601895734595,8.4,33.0,2.0353080568720383,0.79,5.07,335.21000000000004,1.5886729857819908,0.0,21.43,201.12599999999998,0.9532037914691942,0.0,12.857999999999999,15.036048670428025,6.589675484598701,19.602377321006436,0.2700726297003375,57,23,15,7,1191.8866631163685,5.648751957897481,1.5902740140458411,10.254568722473905,157.78469597988575,0.7477947676771837,0.0,6.665217442466169,1034.1019671364825,4.900957190220296,0.0,10.254568722473905,1577.8469597988576,10341.019671364826,11918.866631163683,990.7606631163685,0.13238229847067315,0.8676177015293266,1.2,101.0,101.0,121.2,70591.42,8555680.1,1314.872466499048,8617.516392804022,9932.38885930307
Sonora,Bacerac,10,Moctezuma,143,Nuez,2017,2018,30.253066,-108.731092,1602.0,1291.8136260947872,6.122339460164868,3.05911229608676,9.63214155934337,22.089928909952608,10.26,31.259999999999998,29.713507109004738,17.93,41.03,14.466350710900475,2.46,22.45,43.64104265402843,9.04,86.04,24.769052132701425,11.62,33.19,2.0681042654028436,0.58,6.5,276.72,1.3114691943127963,0.0,17.26,166.03199999999998,0.7868815165876777,0.0,10.356,15.02643142473402,7.321296736515612,19.95513408502055,0.2142104669049958,62,19,18,6,1229.6743720581042,5.827840625867792,1.9884229924563939,10.595355715277709,151.3303529317368,0.717205464131454,0.0,6.15653409226559,1078.3440191263671,5.1106351617363375,0.0,10.595355715277709,1513.303529317368,10783.440191263671,12296.743720581038,1063.6423720581042,0.12306538736629553,0.8769346126337043,1.15,127.0,101.0,116.15,77500.0,9001625.0,1315.9161124498853,9376.904514142323,10692.820626592209
Sonora,Bacerac,10,Moctezuma,143,Nuez,2018,2019,30.253066,-108.731092,1602.0,1260.0416982137813,5.971761602908916,1.429408724619568,10.117170442181578,22.057890995260664,10.235000000000001,30.465,29.395639810426538,16.92,38.78,14.720142180094788,0.28,22.44,46.7385308056872,10.49,86.73,23.981232227488153,4.59,33.3,2.0241706161137443,0.5,5.71,394.41999999999996,1.8692890995260663,0.0,37.69,236.652,1.1215734597156397,0.0,22.613999999999997,14.721825823861689,4.263323821244923,20.12599761915522,0.31302138695816545,61,32,21,4,1211.9568599748127,5.7438713742882115,0.9291156710027192,11.128887486399737,161.61157270762646,0.7659316242067605,0.0,6.383261541199952,1050.345287267186,4.97793975008145,0.0,11.128887486399737,1616.1157270762646,10503.45287267186,12119.568599748125,975.3048599748126,0.1333476281581385,0.8666523718418613,1.7,127.0,101.0,171.7,85000.0,14594500.0,950.6563100448616,6178.501689806976,7129.157999851837
Sonora,Bacerac,10,Moctezuma,143,Nuez,2019,2020,30.253066,-108.731092,1602.0,1219.6876281418677,5.780510085980415,1.6123725118352443,9.881201127050685,21.00841232227488,9.115,29.085,28.204265402843603,15.1,37.66,13.812559241706161,1.78,21.27,49.66824644549763,18.06,88.89,24.687203791469194,6.64,33.03,2.0558293838862562,0.62,5.97,385.90999999999997,1.8289573459715638,0.0,27.35,231.54599999999996,1.0973744075829381,0.0,16.41,15.248792513429688,5.428428975526677,19.52801533134164,0.31640068415542943,62,27,12,9,1179.9814594085778,5.592329191509847,1.0480421326929088,10.869321239755754,163.8620437239973,0.7765973636208402,0.0,5.709901608168992,1016.1194156845806,4.8157318278890076,0.0,10.869321239755754,1638.620437239973,10161.194156845806,11799.81459408578,948.4354594085779,0.13886832069897698,0.8611316793010231,2.0,134.0,102.75,205.5,85000.0,17467500.0,819.3102186199865,5080.597078422903,5899.90729704289
Sonora,Bacerac,10,Moctezuma,143,Nuez,2020,2021,30.253066,-108.731092,1602.0,1306.4197251499606,6.191562678435832,2.481666856595743,9.73312420302817,22.38872037914692,4.19,30.0,30.263981042654027,9.48,39.7,14.513459715639812,-2.64,21.33,43.161658767772515,18.81,83.12,25.2678672985782,13.3,33.66,2.0264928909952604,0.73,4.53,187.41,0.8881990521327014,0.0,18.78,149.928,0.7105592417061611,0.0,15.024000000000001,15.397670891317183,8.034722359946288,19.702724186347137,0.1434531310207274,42,15,30,8,1258.8522943886267,5.966124617955576,1.613083456787233,10.706436623330989,132.98533824861434,0.6302622665811106,0.0,6.788188567830524,1125.8669561400122,5.335862351374465,0.0,10.706436623330989,1329.8533824861433,11258.669561400122,12588.522943886266,1108.9242943886265,0.10564014447239015,0.8943598555276098,1.5,134.0,102.75,154.13,83500.0,12869855.0,886.5689216574289,7505.779707600082,8392.34862925751
Sonora,Bacerac,10,Moctezuma,143,Nuez,2021,2022,30.253066,-108.731092,1602.0,1283.0466231784362,6.080789683310124,2.5124182478576405,10.413499873828178,21.87604265402844,10.61,31.015,29.18075829383886,16.0,40.48,14.57132701421801,3.61,21.67,45.70336492890996,10.71,85.31,24.509004739336497,9.77,32.82,2.1016587677725114,0.65,6.05,354.32,1.6792417061611373,0.0,29.08,212.59199999999998,1.0075450236966823,0.0,17.447999999999997,14.962150059478649,7.168097522892618,19.353012730697902,0.2761552024682145,68,23,17,4,1223.5801895052537,5.798958244100728,1.6330718611074664,11.454849861210997,173.22792709157764,0.8209854364529746,0.0,7.08,1050.352262413676,4.977972807647753,0.0,11.454849861210997,1732.2792709157764,10503.52262413676,12235.801895052537,1010.9881895052537,0.14157464183987906,0.858425358160121,1.6,134.0,102.75,164.4,91500.0,15042600.0,1082.6745443223601,6564.7016400854745,7647.376184407834
Sonora,Bacerac,10,Moctezuma,143,Nuez,2022,2023,30.253066,-108.731092,1602.0,1216.1179738970488,5.763592293350943,2.522082437270076,10.258910483115393,21.657985781990522,9.965,28.955,28.88701421800948,15.92,37.08,14.428957345971565,0.78,21.22,50.102274881516585,6.25,84.32,23.692464454976307,10.6,33.05,1.978862559241706,0.52,6.14,451.25,2.1386255924170614,0.0,22.0,270.75,1.283175355450237,0.0,13.2,14.63768663057862,8.01131506055025,19.407540518673358,0.37105775071637975,90,25,17,6,1167.505883944563,5.5332032414434265,1.7379527429671782,11.284801531426934,213.94168161236692,1.013941619015957,0.0,6.984,953.5642023321963,4.519261622427471,0.0,11.284801531426934,2139.4168161236694,9535.642023321963,11675.058839445632,896.755883944563,0.1832467695062388,0.8167532304937614,1.8,134.0,102.75,184.95,70500.0,13038975.0,1188.564897846483,5297.578901845535,6486.143799692019
Sonora,Bacerac,10,Moctezuma,143,Nuez,2023,2024,30.253066,-108.731092,1602.0,1386.3042183237121,6.570162172150295,1.814409914054971,10.096447222180716,23.306208530805687,9.51,31.900000000000002,31.408767772511847,18.27,40.0,15.203649289099527,-1.72,23.92,36.87672985781991,14.86,81.7,25.17289099526067,7.81,33.09,2.0918957345971565,0.7,4.76,161.35999999999999,0.7647393364928909,0.0,18.84,129.088,0.6117914691943128,0.0,15.072000000000001,15.18341485494654,5.661096161643845,19.330535567332927,0.11639580827007283,35,7,48,5,1329.7805668348074,6.302277567937476,1.1793664441357312,11.106091944398788,105.89266663373726,0.5018609793068117,0.0,7.250639845644595,1223.8879002010701,5.8004165886306644,0.0,11.106091944398788,1058.9266663373726,12238.8790020107,13297.805668348074,1200.6925668348074,0.07963168456115048,0.9203683154388496,1.9,60.5,30.0,57.0,72500.0,4132500.0,557.3298243880909,6441.515264216158,6998.845088604249
