Estado,Municipio,IdMunicipio,DDR,IdDDR,Cultivo,Anio,AnioFin,Lat,Lon,Z_m,max_intensidad_sequia,indice_estres_sequia_acumulado,fraccion_quincenas_sequia_severa,ET0_total_mm,ET0_mean_mm_d,ET0_min_mm_d,ET0_max_mm_d,Tmean_ciclo_mean_C,Tmean_ciclo_min_C,Tmean_ciclo_max_C,Tmax_ciclo_mean_C,Tmax_ciclo_min_C,Tmax_ciclo_max_C,Tmin_ciclo_mean_C,Tmin_ciclo_min_C,Tmin_ciclo_max_C,RH_mean_pct,RH_min_pct,RH_max_pct,Rs_mean_MJ_m2_d,Rs_min_MJ_m2_d,Rs_max_MJ_m2_d,Ws_mean_m_s,Ws_min_m_s,Ws_max_m_s,Ptot_total_mm,Ptot_mean_mm_d,Ptot_min_mm_d,Ptot_max_mm_d,Pef_total_mm,Pef_mean_mm_d,Pef_min_mm_d,Pef_max_mm_d,Rn_mean_MJ_m2_d,Rn_min_MJ_m2_d,Rn_max_MJ_m2_d,ratio_Ptot_ET0,dias_lluvia_ge_1mm,dias_lluvia_ge_5mm,dias_estres_calor,dias_riesgo_helada,ETc_total_mm,ETc_mean_mm_d,ETc_min_mm_d,ETc_max_mm_d,ETverde_total_mm,ETverde_mean_mm_d,ETverde_min_mm_d,ETverde_max_mm_d,ETazul_total_mm,ETazul_mean_mm_d,ETazul_min_mm_d,ETazul_max_mm_d,UACverde_m3_ha,UACazul_m3_ha,UACtotal_m3_ha,deficit_hidrico_mm,frac_verde,frac_azul,Rend_t_ha,SupSembradaTotal_ha,SupCosechadaTotal_ha,VolumenTotal_t,PMR,Valorproduccion,HHverde_m3_ton,HHazul_m3_ton,HHtotal_m3_ton
Sonora,Bacoachi,11,Agua Prieta,141,Ajo,2011,2012,30.678498,-110.012426,1087.0,4,2.6,0.6,985.2338877320259,4.647329659113329,1.1560867114717321,10.212659005341441,14.642169811320752,-6.99,25.880000000000003,23.098396226415094,-3.05,34.24,6.185943396226414,-10.93,18.21,36.29301886792452,11.13,81.15,19.315283018867927,7.01,31.15,2.576981132075472,0.93,9.59,29.0,0.13679245283018868,0.0,6.76,23.200000000000003,0.10943396226415096,0.0,5.408,9.894260096987576,4.516522153458151,17.29588813496212,0.02943463512684992,8,1,0,84,854.5046512520753,4.03068231722677,1.1560867114717321,7.266851870644337,17.397388097412836,0.08206315140289074,0.0,2.7260301938115608,837.1072631546625,3.94861916582388,0.0,7.266851870644337,173.97388097412835,8371.072631546625,8545.046512520754,831.3046512520752,0.020359617787827206,0.9796403822121729,4.5,63.0,63.0,283.5,14000.0,3969000.0,38.66086243869519,1860.2383625659168,1898.899225004612
Sonora,Bacoachi,11,Agua Prieta,141,Ajo,2012,2013,30.678498,-110.012426,1087.0,4,2.5714285714285716,0.42857142857142855,929.0686909232041,4.361824840015043,0.9329427245393278,9.034894889769221,14.110821596244131,0.31499999999999995,25.729999999999997,22.319812206572774,5.27,36.49,5.901830985915492,-4.69,20.6,39.85535211267606,10.98,89.32,18.785446009389673,2.47,30.89,2.5004694835680747,0.78,6.6,116.71,0.5479342723004694,0.0,39.18,93.368,0.43834741784037556,0.0,31.344,9.780888816287176,3.031420797308353,17.640602597768087,0.12562042090130784,16,5,2,103,798.7813373263086,3.750147123597693,0.9329427245393278,6.588152993360094,25.065010188814323,0.11767610417283719,0.0,2.343283236732069,773.7163271374943,3.632471019424856,0.0,6.588152993360094,250.65010188814324,7737.163271374943,7987.813373263087,705.4133373263087,0.03137906335257187,0.9686209366474281,7.0,65.0,65.0,455.0,20000.0,9100000.0,35.80715741259189,1105.309038767849,1141.116196180441
Sonora,Bacoachi,11,Agua Prieta,141,Ajo,2013,2014,30.678498,-110.012426,1087.0,3,2.142857142857143,0.14285714285714285,940.5821373795911,4.436708195186751,1.2099971231140525,9.29470939776025,14.529103773584906,0.125,24.744999999999997,22.68287735849057,6.3,33.86,6.375330188679245,-6.05,16.89,37.19891509433962,6.79,86.65,18.6175,6.21,31.28,2.4583962264150943,0.89,6.47,66.68,0.3145283018867925,0.0,15.42,53.34400000000001,0.251622641509434,0.0,12.336,9.673033848786481,4.396532724771451,17.250931708549533,0.07089226698028386,11,3,0,83,810.9981459166627,3.8254629524370882,1.2099971231140525,6.506296578432175,22.147386863786025,0.10446880596125484,0.0,2.5822434657935225,788.8507590528767,3.7209941464758334,0.0,6.506296578432175,221.47386863786025,7888.507590528767,8109.981459166627,757.6541459166626,0.027308800858913268,0.9726911991410868,5.5,75.0,75.0,412.5,19252.44,7941631.5,40.26797611597459,1434.2741073688667,1474.5420834848412
Sonora,Bacoachi,11,Agua Prieta,141,Ajo,2014,2015,30.678498,-110.012426,1087.0,3,2.25,0.375,968.9350848418484,4.570448513404945,1.1144068281366013,9.49827009008024,15.41759433962264,3.9650000000000003,23.995,23.45731132075472,8.13,33.35,7.377877358490566,-2.49,16.3,37.46905660377358,7.62,88.25,18.593254716981136,5.74,31.49,2.5049056603773585,1.0,5.56,49.12,0.23169811320754716,0.0,6.98,39.296,0.18535849056603773,0.0,5.5840000000000005,9.646176498341436,4.083259567885282,17.467545188929176,0.050694830611916035,9,5,0,59,840.6775514113965,3.9654601481669647,1.1144068281366013,6.648789063056167,22.40130164803783,0.10566651720772562,0.0,3.717778823741579,818.2762497633586,3.8597936309592384,0.0,6.648789063056167,224.0130164803783,8182.762497633586,8406.775514113964,801.3815514113965,0.026646722765974587,0.9733532772340253,6.0,60.0,60.0,360.0,16875.0,6075000.0,37.335502746729716,1363.7937496055977,1401.1292523523273
Sonora,Bacoachi,11,Agua Prieta,141,Ajo,2015,2016,30.678498,-110.012426,1087.0,1,1.0,0.0,825.1104372717352,3.892030364489317,0.9709376567310563,7.854853743836175,14.882759433962264,2.9149999999999996,23.11,22.457924528301888,8.7,31.85,7.307594339622642,-4.41,17.24,51.630518867924536,23.06,89.64,17.955707547169812,2.62,30.77,2.3749056603773586,1.1,6.45,173.40000000000003,0.817924528301887,0.0,35.13,138.71999999999997,0.6543396226415092,0.0,28.104000000000003,9.847291734938393,3.160418216678974,17.75664144069939,0.2101536863033207,19,10,0,57,715.987703210578,3.377300486842349,0.9709376567310563,6.097817185011117,42.92297623015352,0.20246686901015812,0.0,3.2848701928491106,673.0647269804244,3.1748336178321908,0.0,6.097817185011117,429.22976230153523,6730.647269804244,7159.87703210578,577.267703210578,0.05994932041106509,0.9400506795889347,7.0,20.0,20.0,140.0,17500.0,2450000.0,61.31853747164789,961.5210385434635,1022.8395760151114
Sonora,Bacoachi,11,Agua Prieta,141,Ajo,2016,2017,30.678498,-110.012426,1087.0,2,1.6,0.0,900.8161324306599,4.229183720331736,0.9271905726026373,8.666480100839806,14.502723004694836,1.435,26.385,22.581220657277,6.52,34.35,6.424225352112677,-5.14,18.64,44.02455399061033,13.65,88.04,18.526103286384977,5.57,30.93,2.489671361502347,1.06,5.72,121.92999999999999,0.5724413145539906,0.0,14.11,97.54400000000001,0.45795305164319255,0.0,11.288,9.840705376251208,4.119674412269147,17.816779393748984,0.13535503596166504,22,8,0,80,782.8569906655766,3.675384932702238,0.9271905726026373,6.066536070587864,45.22017281996408,0.21230128084490177,0.0,2.9705928121863217,737.6368178456125,3.463083651857336,0.0,6.066536070587864,452.2017281996408,7376.368178456125,7828.569906655765,685.3129906655766,0.057763005707489906,0.9422369942925101,7.5,30.0,30.0,225.0,20000.0,4500000.0,60.29356375995211,983.5157571274833,1043.8093208874354
Sonora,Bacoachi,11,Agua Prieta,141,Ajo,2017,2018,30.678498,-110.012426,1087.0,1,1.0,0.0,958.6897372911887,4.5221214023169285,0.9241533392291044,10.009930856589246,16.324622641509436,4.79,25.27,24.268301886792457,9.2,34.94,8.380943396226415,-3.32,17.92,41.6002358490566,10.89,89.39,18.47518867924528,3.82,31.48,2.4836320754716987,1.14,6.47,111.81,0.5274056603773585,0.0,18.44,89.44800000000001,0.4219245283018868,0.0,14.752000000000002,9.784221566373558,3.5414869736888672,17.81282324728413,0.11662793044590532,13,8,0,55,826.1420789918095,3.8968965990179694,0.9241533392291044,7.006951599612472,23.278645722025935,0.10980493265106574,0.0,2.4615826251937514,802.8634332697836,3.787091666366904,0.0,7.006951599612472,232.78645722025936,8028.634332697837,8261.420789918096,736.6940789918095,0.028177533034552914,0.9718224669654472,7.8,55.0,55.0,429.0,10932.28,4689948.12,29.844417592340946,1029.3120939356202,1059.1565115279611
Sonora,Bacoachi,11,Agua Prieta,141,Ajo,2018,2019,30.678498,-110.012426,1087.0,4,2.857142857142857,0.7857142857142857,1011.5743892695596,4.771577307875281,0.8573920533884956,9.439057080126807,17.049693396226417,4.505000000000001,27.045,25.081226415094335,9.27,35.16,9.018160377358491,-4.29,19.92,35.492641509433966,9.4,93.09,18.278160377358493,3.84,30.26,2.4632075471698114,1.07,5.65,95.47,0.4503301886792453,0.0,31.05,76.376,0.36026415094339626,0.0,24.840000000000003,9.500241107302157,3.8021585010592847,17.32295941495338,0.09437763649684452,12,4,2,50,878.4296721349939,4.143536189316009,0.8573920533884956,7.955462910810013,22.02540390693005,0.10389341465533042,0.0,2.5247983180997284,856.4042682280639,4.0396427746606784,0.0,7.955462910810013,220.2540390693005,8564.042682280638,8784.29672134994,802.0536721349939,0.025073611019306805,0.9749263889806932,7.67,45.0,45.0,345.0,10404.59,3589583.55,28.716302355841,1116.5635830874367,1145.2798854432776
Sonora,Bacoachi,11,Agua Prieta,141,Ajo,2019,2020,30.678498,-110.012426,1087.0,1,1.0,0.0,791.0468298122572,3.731352970812534,0.8400698246407337,8.69649916115486,13.787264150943399,1.5199999999999998,24.22,21.149481132075476,5.63,32.92,6.425047169811322,-4.06,18.44,51.3763679245283,25.23,90.6,17.35872641509434,2.64,30.56,2.3784905660377356,0.96,6.99,216.64000000000001,1.0218867924528303,0.0,35.65,173.312,0.8175094339622642,0.0,28.52,9.560761080423571,3.1326195284372016,18.400845086614314,0.27386494937526795,30,10,0,74,682.8435675849742,3.2209602244574254,0.8400698246407337,6.087549412808401,49.89343457334276,0.23534638949689982,0.0,4.009210160442503,632.9501330116315,2.985613834960526,0.0,6.087549412808401,498.93434573342756,6329.501330116314,6828.4356758497415,509.53156758497414,0.07306715174868209,0.926932848251318,7.3,50.0,50.0,365.0,11376.71,4152499.15,68.34717064841473,867.0549767282623,935.402147376677
Sonora,Bacoachi,11,Agua Prieta,141,Ajo,2020,2021,30.678498,-110.012426,1087.0,1,1.0,0.0,766.3396457948659,3.5978387126519524,0.7277202097686215,8.476603353577108,13.956220657276994,1.7299999999999995,25.689999999999998,21.267981220657273,7.84,35.43,6.644460093896713,-5.41,17.94,55.875586854460096,27.53,94.26,17.492159624413148,2.38,30.17,2.384788732394366,0.9,6.58,347.35,1.6307511737089202,0.0,81.96,208.41,0.9784507042253521,0.0,49.175999999999995,9.741228718485546,2.933849234002496,17.74432917150459,0.45325855435773554,30,16,1,82,659.400559764472,3.0957772758895397,0.7277202097686215,5.974053293855144,41.85494257558122,0.19650207781963014,0.0,2.325834251601986,617.5456171888908,2.8992751980699096,0.0,5.974053293855144,418.5494257558122,6175.456171888908,6594.00559764472,450.990559764472,0.06347422967085618,0.9365257703291439,7.29,48.0,48.0,350.0,12677.26,4437041.0,57.4141873464763,847.1133294772164,904.5275168236927
Sonora,Bacoachi,11,Agua Prieta,141,Ajo,2021,2022,30.678498,-110.012426,1087.0,4,3.7857142857142856,0.9285714285714286,1011.4493509659762,4.770987504556492,1.1695039362313893,9.141597304201696,15.18617924528302,1.87,26.770000000000003,23.674103773584903,5.41,35.8,6.698254716981133,-4.12,18.77,32.42061320754717,12.04,85.71,18.936839622641507,7.63,30.2,2.623679245283019,1.01,6.47,75.83,0.357688679245283,0.0,19.89,60.66400000000001,0.28615094339622643,0.0,15.912,9.583747191426536,4.562197617480702,18.140559910008818,0.07497162356926641,10,4,9,95,879.0493778608786,4.146459329532446,1.1695039362313893,6.774274588338208,16.587983194000902,0.07824520374528728,0.0,2.368,862.4613946668776,4.068214125787159,0.0,6.774274588338208,165.879831940009,8624.613946668776,8790.493778608785,818.3853778608786,0.018870365660649126,0.9811296343393507,7.33,55.0,55.0,403.15,25214.64,10165282.12,22.63026356616767,1176.6185466123843,1199.248810178552
Sonora,Bacoachi,11,Agua Prieta,141,Ajo,2022,2023,30.678498,-110.012426,1087.0,3,2.142857142857143,0.14285714285714285,968.4543714365968,4.568180997342438,1.1108319682294492,10.491707196252689,15.274127358490565,2.2449999999999997,24.985,23.576603773584903,10.29,36.5,6.971650943396226,-6.04,17.45,38.03471698113208,5.98,88.71,18.851462264150943,4.6,31.38,2.531933962264151,0.93,6.31,67.05999999999999,0.31632075471698107,0.0,31.61,53.648,0.2530566037735849,0.0,25.288,9.807684637646238,3.737474513143197,17.138002718452523,0.06924435675841265,11,3,1,80,834.9964473296102,3.9386624874038216,1.1108319682294492,7.344195037376881,19.67549374696335,0.09280893276869505,0.0,2.722927467741574,815.3209535826469,3.8458535546351267,0.0,7.344195037376881,196.75493746963352,8153.209535826469,8349.964473296102,781.3484473296102,0.02356356582101308,0.976436434178987,8.2,50.0,50.0,410.0,29210.0,11976100.0,23.994504569467505,994.2938458324962,1018.2883504019637
Sonora,Bacoachi,11,Agua Prieta,141,Ajo,2023,2024,30.678498,-110.012426,1087.0,2,1.3,0.0,836.5942207639484,3.946199154546927,1.096578473954618,8.682369873521615,13.54186320754717,2.2700000000000005,24.03,21.334198113207545,8.05,34.44,5.749528301886793,-4.7,17.14,46.709575471698116,15.32,87.0,17.93231132075472,1.66,30.36,2.4912264150943395,0.93,6.28,96.69,0.45608490566037735,0.0,13.2,77.352,0.3648679245283019,0.0,10.56,9.639501962302507,2.808868584586411,17.458303589843272,0.1155757446085464,20,7,0,93,722.85830912981,3.4097090053292924,1.096578473954618,6.0776589114651305,35.433574008934656,0.1671395000421446,0.0,2.372650946138735,687.4247351208753,3.2425695052871477,0.0,6.0776589114651305,354.3357400893466,6874.247351208753,7228.583091298099,645.50630912981,0.049018699185446504,0.9509813008145535,8.25,48.0,48.0,396.0,32392.68,12827501.28,42.949786677496554,833.2421031768185,876.1918898543151
Sonora,Bacoachi,11,Agua Prieta,141,Calabacita,2011,2012,30.678498,-110.012426,1087.0,5,4.333333333333333,1.0,847.8811759971622,8.832095583303774,3.8943288483022296,12.003044654391614,23.192239583333333,10.11,33.400000000000006,32.632083333333334,16.94,43.34,13.752395833333333,1.65,23.46,21.087395833333332,6.28,61.34,29.733541666666667,16.64,33.27,3.1016666666666666,1.7,6.71,33.8,0.3520833333333333,0.0,6.05,27.040000000000003,0.2816666666666667,0.0,4.84,17.040866989836598,10.426881343788622,18.994502235753846,0.03986407642586126,8,1,37,2,702.3300815634948,7.315938349619738,1.9471644241511148,11.402892421672032,26.155164424151117,0.2724496294182408,0.0,4.84,676.1749171393435,7.043488720201495,0.0,11.402892421672032,261.55164424151116,6761.749171393435,7023.300815634946,675.2900815634948,0.03724055840798631,0.9627594415920134,11.8,15.0,15.0,177.0,6080.0,1076160.0,22.16539357978908,573.0295907960538,595.1949843758429
Sonora,Bacoachi,11,Agua Prieta,141,Calabacita,2012,2013,30.678498,-110.012426,1087.0,3,3.0,1.0,816.851258027499,8.508867271119781,4.368110416862822,11.410809396648528,23.68546875,11.2,30.37,32.939479166666665,18.33,39.99,14.431458333333333,1.19,23.16,22.70822916666667,6.05,73.16,29.45958333333333,18.14,33.15,2.747291666666667,1.27,5.44,60.010000000000005,0.6251041666666667,0.0,9.52,48.007999999999996,0.5000833333333333,0.0,7.616,16.99613371841049,12.44069968532171,19.18362020238131,0.073465027335466,11,5,39,4,678.347885343796,7.0661238056645415,2.5796690070085284,10.840268926816101,44.32688098082526,0.4617383435502631,0.0,7.616,634.0210043629706,6.604385462114277,0.0,10.840268926816101,443.26880980825257,6340.210043629706,6783.478853437959,630.3398853437959,0.06534535146130778,0.9346546485386922,12.0,20.0,20.0,240.0,6300.0,1512000.0,36.939067484021045,528.3508369691422,565.2899044531632
Sonora,Bacoachi,11,Agua Prieta,141,Calabacita,2013,2014,30.678498,-110.012426,1087.0,3,3.0,1.0,832.5537042158466,8.672434418915069,4.402874469713725,11.668443028564553,23.55677083333333,11.62,32.015,32.639270833333335,17.22,43.17,14.474270833333335,2.11,25.23,22.373124999999998,6.79,62.52,29.537916666666664,19.14,32.78,2.9676041666666664,1.51,6.47,36.15,0.37656249999999997,0.0,19.48,28.92,0.30125,0.0,15.584000000000001,17.04005694472185,12.070422291459437,19.18756445362647,0.04342062237780616,6,2,33,4,690.3666552706186,7.19131932573561,2.2014372348568627,10.838359797502132,18.24009546583862,0.19000099443581897,0.0,4.904095465838617,672.1265598047801,7.001318331299792,0.0,10.838359797502132,182.4009546583862,6721.265598047801,6903.666552706188,661.4466552706186,0.026420881319490497,0.9735791186805096,12.5,28.0,28.0,350.0,6000.0,2100000.0,14.592076372670897,537.7012478438241,552.2933242164951
Sonora,Bacoachi,11,Agua Prieta,141,Calabacita,2014,2015,30.678498,-110.012426,1087.0,4,3.1666666666666665,1.0,823.8941882202689,8.582231127294468,3.840129515074357,11.510417588878266,23.649270833333333,12.225,32.185,32.33791666666667,20.87,42.41,14.960624999999999,2.95,22.0,21.826354166666665,7.35,75.28,28.790833333333335,11.06,32.5,2.896770833333333,1.06,5.89,20.19,0.2103125,0.0,9.22,16.152,0.16825,0.0,7.376000000000001,16.64968518519601,8.396509049402395,19.134210205001526,0.0245055740029109,3,2,38,2,684.8082438960687,7.133419207250715,1.9200647575371785,10.934896709434351,10.861371014353702,0.11313928139951773,0.0,4.515262064082213,673.9468728817151,7.020279925851199,0.0,10.934896709434351,108.61371014353702,6739.468728817151,6848.082438960688,668.6562438960686,0.01586045599065846,0.9841395440093417,11.95,30.0,30.0,358.5,6100.0,2186850.0,9.089013401132805,563.9722785621047,573.0612919632375
Sonora,Bacoachi,11,Agua Prieta,141,Calabacita,2015,2016,30.678498,-110.012426,1087.0,0,0.0,0.0,706.5366222130759,7.359756481386207,2.644477046904851,10.727131035680443,21.94276041666667,12.649999999999999,32.239999999999995,30.171041666666667,17.95,41.87,13.714479166666669,2.58,22.76,35.58708333333333,14.75,78.39,27.781562499999996,9.51,33.09,2.755833333333333,1.22,5.38,78.63,0.8190624999999999,0.0,10.12,62.904,0.65525,0.0,8.096,16.840992907194412,7.515034577596744,19.878428255275423,0.11128934796572641,17,5,21,1,586.1049790635948,6.105260198579113,1.3222385234524254,10.190774483896421,49.69963863856535,0.5177045691517224,0.0,7.109574627683899,536.4053404250294,5.587555629427389,0.0,10.188401012782048,496.99638638565347,5364.053404250294,5861.049790635948,523.2009790635948,0.0847964791528801,0.9152035208471199,14.34,25.0,25.0,358.57,5800.0,2079706.0,34.658046470408195,374.06230155162444,408.7203480220326
Sonora,Bacoachi,11,Agua Prieta,141,Calabacita,2016,2017,30.678498,-110.012426,1087.0,2,2.0,0.0,753.6176036447687,7.850183371299674,3.6405091756490138,12.108044148256779,22.71083333333333,12.315,31.97,31.18885416666667,20.4,42.94,14.2328125,3.86,24.19,28.745104166666664,9.54,78.37,28.209374999999994,9.99,33.04,2.7383333333333333,1.1,4.85,58.47,0.6090625,0.0,12.14,46.77600000000001,0.4872500000000001,0.0,9.712000000000002,16.710357431857645,7.465428023079783,19.112191171580758,0.07758576726076703,10,6,21,2,626.2445358351588,6.523380581616237,2.2091882166857477,11.50264194084394,33.256045022762265,0.3464171356537736,0.0,5.664000000000001,592.9884908123965,6.176963445962464,0.0,11.50264194084394,332.56045022762265,5929.884908123966,6262.445358351589,579.4685358351587,0.05310392844931102,0.946896071550689,16.9,20.0,20.0,337.97,5545.08,1874070.69,19.67813314956347,350.88076379431755,370.558896943881
Sonora,Bacoachi,11,Agua Prieta,141,Calabacita,2018,2019,30.678498,-110.012426,1087.0,4,3.5,1.0,833.4024777410143,8.681275809802232,3.2601276866119315,11.163072215171864,24.534895833333334,13.885000000000002,31.915,33.3178125,21.8,40.87,15.751979166666667,3.49,22.96,22.125625,6.6,64.0,29.18645833333333,7.32,32.98,2.8527083333333336,1.43,5.73,28.119999999999997,0.29291666666666666,0.0,9.69,22.496000000000002,0.23433333333333337,0.0,7.752,16.876355348118246,6.260007034028702,19.966178775175074,0.0337412003816222,6,1,40,1,685.9328107691815,7.1451334455123074,2.7252413780386937,10.604918604413271,17.841121302281337,0.1858450135654306,0.0,3.8880000000000003,668.0916894669001,6.959288431946876,0.0,10.604918604413271,178.41121302281337,6680.916894669001,6859.328107691814,663.4368107691815,0.02601001296653956,0.9739899870334603,14.65,10.0,10.0,146.54,7085.71,1038339.94,12.178239796779069,456.03528291255975,468.2135227093388
Sonora,Bacoachi,11,Agua Prieta,141,Calabacita,2019,2020,30.678498,-110.012426,1087.0,1,1.0,0.0,758.6385249168846,7.9024846345508815,4.0745554089328095,11.53217639368064,22.05661458333333,12.405000000000001,32.735,30.522708333333338,17.03,41.54,13.590520833333334,4.09,24.71,29.705520833333328,12.21,60.64,28.812083333333334,15.91,32.89,2.8707291666666666,1.1,5.36,24.330000000000002,0.25343750000000004,0.0,9.23,19.464,0.20274999999999999,0.0,7.384,17.106779831371323,10.48668742961385,19.360496228084976,0.03207060965255563,5,2,23,1,630.6651736838606,6.569428892540215,2.0372777044664048,10.955567573996607,15.509060519076279,0.1615527137403779,0.0,4.176,615.1561131647843,6.407876178799836,0.0,10.955567573996607,155.0906051907628,6151.561131647843,6306.651736838606,611.2011736838606,0.024591591808509547,0.9754084081914903,17.38,11.0,11.0,191.18,7209.09,1378233.83,8.923510080020876,353.9448292087366,362.8683392887575
Sonora,Bacoachi,11,Agua Prieta,141,Calabacita,2021,2022,30.678498,-110.012426,1087.0,5,4.666666666666667,1.0,797.2140879051431,8.304313415678573,3.2050766792419965,11.477112396146296,23.91223958333333,13.120000000000001,33.175,32.513125,20.3,42.51,15.311354166666668,5.94,23.84,25.125833333333333,7.88,83.81,28.1484375,14.15,32.88,2.8478125,1.12,5.7,44.37,0.4621875,0.0,14.61,35.496,0.36975,0.0,11.688,16.424983354055342,10.350496307569806,18.983604514110155,0.055656317008386066,10,3,26,0,657.3571315720101,6.847470120541772,2.4038075094314975,10.903256776338981,20.247103410737033,0.21090732719517744,0.0,3.3680000000000003,637.110028161273,6.636562793346594,0.0,10.903256776338981,202.47103410737031,6371.10028161273,6573.571315720101,621.8611315720101,0.030800766338866543,0.9691992336611335,14.5,10.0,10.0,145.0,5400.0,783000.0,13.963519593611746,439.3862263181193,453.3497459117311
Sonora,Bacoachi,11,Agua Prieta,141,Calabacita,2022,2023,30.678498,-110.012426,1087.0,4,3.6666666666666665,1.0,788.2296688711375,8.210725717407682,5.034778805281006,11.328463228905168,23.941770833333333,15.010000000000002,31.465,32.76416666666666,25.16,40.97,15.119375,4.49,22.94,25.63083333333334,3.17,63.15,28.455,15.6,32.92,2.646354166666667,1.04,5.19,66.88,0.6966666666666667,0.0,10.48,53.504000000000005,0.5573333333333333,0.0,8.384,16.570268887199777,10.842862916832548,19.324426808054316,0.08484836671497298,18,4,25,2,646.9226203408058,6.738777295216727,2.8855558101277023,10.762040067459909,44.43692631344398,0.46288464909837485,0.0,5.977110177002351,602.4856940273619,6.275892646118353,0.0,10.762040067459909,444.36926313443985,6024.856940273619,6469.2262034080595,593.4186203408058,0.06868970865485292,0.9313102913451472,15.25,8.0,8.0,122.0,7377.05,900000.1,29.1389680743895,395.07258624745043,424.2115543218399
Sonora,Bacoachi,11,Agua Prieta,141,Calabacita,2023,2024,30.678498,-110.012426,1087.0,2,2.0,0.0,811.1654558584216,8.449640165191893,4.2366654547654825,11.271325877560702,23.266875,10.255,32.745,32.29895833333333,18.37,42.78,14.234791666666666,-0.3,24.76,22.307395833333334,9.98,54.88,29.03833333333333,16.14,32.48,2.8053125000000008,1.28,4.45,10.34,0.10770833333333334,0.0,4.23,8.272,0.08616666666666667,0.0,3.3840000000000003,16.826138985428983,11.248756431611628,19.022237931098246,0.012747091145612977,3,0,23,2,667.7783287288244,6.9560242575919204,2.750842001337677,10.707759583682666,8.272,0.08616666666666667,0.0,3.3840000000000003,659.5063287288243,6.869857590925253,1.6728321820272085,10.707759583682666,82.72,6595.063287288243,6677.783287288244,659.5063287288243,0.012387344189121097,0.9876126558108789,17.14,7.0,7.0,119.98,6645.0,797267.1,4.826137689614936,384.77615445088935,389.6022921405043
Sonora,Bacoachi,11,Agua Prieta,141,Cebolla,2016,2017,30.678498,-110.012426,1087.0,2,1.6,0.0,900.8161324306599,4.229183720331736,0.9271905726026373,8.666480100839806,14.502723004694836,1.435,26.385,22.581220657277,6.52,34.35,6.424225352112677,-5.14,18.64,44.02455399061033,13.65,88.04,18.526103286384977,5.57,30.93,2.489671361502347,1.06,5.72,121.92999999999999,0.5724413145539906,0.0,14.11,97.54400000000001,0.45795305164319255,0.0,11.288,9.840705376251208,4.119674412269147,17.816779393748984,0.13535503596166504,22,8,0,80,823.8224834178458,3.8677111897551444,0.9735501012327692,6.499860075629854,46.435946541500705,0.21800913869249158,0.0,3.119122452795638,777.3865368763452,3.6497020510626537,0.0,6.499860075629854,464.35946541500704,7773.865368763452,8238.22483417846,726.2784834178458,0.05636644723369151,0.9436335527663087,13.5,20.0,20.0,270.0,7700.0,2079000.0,34.39699743814867,575.8418791676631,610.2388766058118
Sonora,Bacoachi,11,Agua Prieta,141,Cebolla,2017,2018,30.678498,-110.012426,1087.0,1,1.0,0.0,958.6897372911887,4.5221214023169285,0.9241533392291044,10.009930856589246,16.324622641509436,4.79,25.27,24.268301886792457,9.2,34.94,8.380943396226415,-3.32,17.92,41.6002358490566,10.89,89.39,18.47518867924528,3.82,31.48,2.4836320754716987,1.14,6.47,111.81,0.5274056603773585,0.0,18.44,89.44800000000001,0.4219245283018868,0.0,14.752000000000002,9.784221566373558,3.5414869736888672,17.81282324728413,0.11662793044590532,13,8,0,55,868.7497916036764,4.097876375489039,0.9703610061905596,7.507448142441935,23.97537800812723,0.11309140569871334,0.0,2.584661756453439,844.7744135955493,3.9847849697903266,0.0,7.507448142441935,239.75378008127228,8447.744135955492,8687.497916036764,779.3017916036764,0.02759756403954891,0.9724024359604513,12.5,12.0,12.0,150.0,7166.67,1075000.5,19.18030240650178,675.8195308764393,694.9998332829412
Sonora,Bacoachi,11,Agua Prieta,141,Cebolla,2018,2019,30.678498,-110.012426,1087.0,4,2.857142857142857,0.7857142857142857,1011.5743892695596,4.771577307875281,0.8573920533884956,9.439057080126807,17.049693396226417,4.505000000000001,27.045,25.081226415094335,9.27,35.16,9.018160377358491,-4.29,19.92,35.492641509433966,9.4,93.09,18.278160377358493,3.84,30.26,2.4632075471698114,1.07,5.65,95.47,0.4503301886792453,0.0,31.05,76.376,0.36026415094339626,0.0,24.840000000000003,9.500241107302157,3.8021585010592847,17.32295941495338,0.09437763649684452,12,4,2,50,923.2037797372363,4.354734810081304,0.9002616560579204,8.353236056350514,22.51467410227655,0.10620129293526676,0.0,2.651038234004715,900.6891056349598,4.248533517146036,0.0,8.353236056350514,225.14674102276553,9006.891056349597,9232.037797372363,846.8277797372364,0.02438754541135513,0.9756124545886449,13.0,10.0,10.0,130.0,6053.85,787000.5,17.318980078674272,692.8377735653537,710.156753644028
Sonora,Bacoachi,11,Agua Prieta,141,Cebolla,2019,2020,30.678498,-110.012426,1087.0,1,1.0,0.0,791.0468298122572,3.731352970812534,0.8400698246407337,8.69649916115486,13.787264150943399,1.5199999999999998,24.22,21.149481132075476,5.63,32.92,6.425047169811322,-4.06,18.44,51.3763679245283,25.23,90.6,17.35872641509434,2.64,30.56,2.3784905660377356,0.96,6.99,216.64000000000001,1.0218867924528303,0.0,35.65,173.312,0.8175094339622642,0.0,28.52,9.560761080423571,3.1326195284372016,18.400845086614314,0.27386494937526795,30,10,0,74,718.6560143490876,3.3898868601372056,0.8820733158727704,6.522374370866144,50.812934216387525,0.2396836519640921,0.0,4.209670668464629,667.8430801327002,3.1502032081731137,0.0,6.522374370866144,508.12934216387526,6678.430801327002,7186.560143490878,545.3440143490876,0.07070550193949272,0.9292944980605073,18.0,12.0,12.0,216.0,4800.0,1036800.0,28.22940789799307,371.02393340705567,399.2533413050487
Sonora,Bacoachi,11,Agua Prieta,141,Cebolla,2020,2021,30.678498,-110.012426,1087.0,1,1.0,0.0,766.3396457948659,3.5978387126519524,0.7277202097686215,8.476603353577108,13.956220657276994,1.7299999999999995,25.689999999999998,21.267981220657273,7.84,35.43,6.644460093896713,-5.41,17.94,55.875586854460096,27.53,94.26,17.492159624413148,2.38,30.17,2.384788732394366,0.9,6.58,347.35,1.6307511737089202,0.0,81.96,208.41,0.9784507042253521,0.0,49.175999999999995,9.741228718485546,2.933849234002496,17.74432917150459,0.45325855435773554,30,16,1,82,693.1651882125494,3.25429665827488,0.7641062202570527,6.357452515182831,43.174077652650425,0.2026952002471851,0.0,2.442125964182085,649.991110559899,3.0516014580276947,0.0,6.357452515182831,431.74077652650425,6499.91110559899,6931.651882125494,484.75518821254946,0.06228540957745226,0.9377145904225477,20.33,15.0,15.0,305.0,4500.0,1372500.0,21.236634359395193,319.7201724347757,340.95680679417086
Sonora,Bacoachi,11,Agua Prieta,141,Cebolla,2021,2022,30.678498,-110.012426,1087.0,4,3.7857142857142856,0.9285714285714286,1011.4493509659762,4.770987504556492,1.1695039362313893,9.141597304201696,15.18617924528302,1.87,26.770000000000003,23.674103773584903,5.41,35.8,6.698254716981133,-4.12,18.77,32.42061320754717,12.04,85.71,18.936839622641507,7.63,30.2,2.623679245283019,1.01,6.47,75.83,0.357688679245283,0.0,19.89,60.66400000000001,0.28615094339622643,0.0,15.912,9.583747191426536,4.562197617480702,18.140559910008818,0.07497162356926641,10,4,9,95,923.6703221912995,4.356935482034432,1.2279791330429588,7.112988317755118,17.172667249321172,0.08100314740245836,0.0,2.368,906.4976549419785,4.275932334631974,0.0,7.112988317755118,171.7266724932117,9064.976549419785,9236.703221912998,863.0063221912995,0.018591771151184152,0.981408228848816,22.19,16.0,16.0,355.04,4000.0,1420160.0,7.73892169865758,408.5162933492467,416.2552150479043
Sonora,Bacoachi,11,Agua Prieta,141,Cebolla,2022,2023,30.678498,-110.012426,1087.0,3,2.142857142857143,0.14285714285714285,968.4543714365968,4.568180997342438,1.1108319682294492,10.491707196252689,15.274127358490565,2.2449999999999997,24.985,23.576603773584903,10.29,36.5,6.971650943396226,-6.04,17.45,38.03471698113208,5.98,88.71,18.851462264150943,4.6,31.38,2.531933962264151,0.93,6.31,67.05999999999999,0.31632075471698107,0.0,31.61,53.648,0.2530566037735849,0.0,25.288,9.807684637646238,3.737474513143197,17.138002718452523,0.06924435675841265,11,3,1,80,878.3714412565782,4.1432615153612184,1.1663735666409216,7.868780397189516,20.037668434311517,0.09451730393543169,0.0,2.8590738411286525,858.3337728222667,4.048744211425786,0.0,7.868780397189516,200.37668434311516,8583.337728222667,8783.714412565781,824.7234412565782,0.02281229499634697,0.977187705003653,24.44,18.0,18.0,440.0,4350.0,1914000.0,8.198718671976888,351.20039804511725,359.39911671709416
Sonora,Bacoachi,11,Agua Prieta,141,Cebolla,2023,2024,30.678498,-110.012426,1087.0,2,1.3,0.0,836.5942207639484,3.946199154546927,1.096578473954618,8.682369873521615,13.54186320754717,2.2700000000000005,24.03,21.334198113207545,8.05,34.44,5.749528301886793,-4.7,17.14,46.709575471698116,15.32,87.0,17.93231132075472,1.66,30.36,2.4912264150943395,0.93,6.28,96.69,0.45608490566037735,0.0,13.2,77.352,0.3648679245283019,0.0,10.56,9.639501962302507,2.808868584586411,17.458303589843272,0.1155757446085464,20,7,0,93,760.8453924757368,3.5888933607346076,1.151407397652349,6.511777405141212,36.12782016207446,0.17041424604752103,0.0,2.372650946138735,724.7175723136625,3.418479114687087,0.0,6.511777405141212,361.27820162074454,7247.175723136625,7608.453924757369,683.4933924757369,0.04748378648192519,0.9525162135180749,20.04,33.0,33.0,661.47,6673.92,4414595.48,18.02785437229264,361.63551512657807,379.66336949887074
Sonora,Bacoachi,11,Agua Prieta,141,Chile verde,2010,2011,30.678498,-110.012426,1087.0,1,1.0,0.0,1252.5413465316574,6.920117936638991,2.340781726718641,11.008096705408306,21.769751381215467,6.73,31.35,29.848342541436466,14.34,40.24,13.691160220994474,-1.66,23.64,39.39801104972376,9.63,83.7,26.657569060773483,10.87,33.19,2.561436464088398,1.03,6.15,287.01,1.5856906077348065,0.0,22.31,172.206,0.9514143646408839,0.0,13.386,16.07048593416024,7.680900902206787,19.252869300495526,0.2291421363412421,43,20,45,33,1251.646808509291,6.915175737620393,1.4044690360311847,11.558501540678721,128.33661574326794,0.7090420759296572,0.0,7.3333194188566875,1123.3101927660232,6.206133661690735,0.0,11.558501540678721,1283.3661574326793,11233.101927660231,12516.46808509291,1079.4408085092912,0.10253420922801425,0.8974657907719857,8.0,5.0,5.0,40.0,5500.0,220000.0,160.4207696790849,1404.1377409575289,1564.5585106366138
Sonora,Bacoachi,11,Agua Prieta,141,Chile verde,2017,2018,30.678498,-110.012426,1087.0,1,1.0,0.0,1288.4543633655517,7.1185323942848155,2.6699498599704734,11.082482910244797,23.447569060773482,12.15,33.505,31.48795580110497,18.64,44.05,15.407182320441988,2.54,24.84,36.76127071823205,5.48,87.3,26.30348066298343,10.51,33.34,2.3976243093922656,0.83,5.66,221.83,1.2255801104972377,0.0,14.23,177.464,0.9804640883977901,0.0,11.384,15.708203884390562,7.0367051099287705,19.45419647050536,0.17216752591885467,40,19,39,5,1274.155919262077,7.039535465536337,2.1976598287948064,11.636607055757038,141.04120459522525,0.7792331745592556,0.0,6.967099393085244,1133.1147146668518,6.260302290977082,0.0,11.636607055757038,1410.4120459522526,11331.147146668518,12741.55919262077,1096.6919192620771,0.11069383461084478,0.8893061653891552,11.5,9.0,9.0,103.5,6261.16,648030.06,122.64452573497849,985.3171431885668,1107.9616689235452
Sonora,Bacoachi,11,Agua Prieta,141,Chile verde,2018,2019,30.678498,-110.012426,1087.0,4,3.090909090909091,0.9090909090909091,1297.5689450593209,7.168889199222767,2.9805430752190136,11.163072215171864,23.597596685082873,10.695,32.555,31.34237569060773,18.25,41.12,15.85281767955801,-1.15,24.9,36.35419889502762,6.6,82.93,25.832983425414366,7.32,32.98,2.41585635359116,0.81,5.73,263.0199999999999,1.4531491712707179,0.0,27.44,157.812,0.871889502762431,0.0,16.464,15.48720993150649,6.260007034028702,19.966178775175074,0.20270213848866078,44,16,54,12,1291.2936547525883,7.134219087030875,2.320592034669593,11.721225825930457,121.89160349915278,0.6734342734759822,0.0,6.72,1169.4020512534357,6.460784813554893,0.0,11.721225825930457,1218.9160349915278,11694.020512534356,12912.936547525884,1133.4816547525884,0.09439495272863181,0.9056050472713684,12.3,15.0,15.0,184.5,6993.22,1290249.09,99.09886463345754,950.7333750027932,1049.8322396362507
Sonora,Bacoachi,11,Agua Prieta,141,Chile verde,2019,2020,30.678498,-110.012426,1087.0,1,1.0,0.0,1229.8740727825218,6.794884380013933,1.733827781711173,11.53217639368064,22.350662983425412,8.48,32.735,29.997734806629836,11.57,41.54,14.703591160220993,0.09,24.71,40.79734806629835,12.21,82.82,25.85950276243094,7.17,32.89,2.455745856353591,1.02,5.36,260.71999999999997,1.440441988950276,0.0,35.65,156.432,0.8642651933701657,0.0,21.389999999999997,15.79260596586061,5.689333299033049,19.360496228084976,0.21198918309590464,40,18,42,9,1230.1271515573376,6.796282605289158,1.0402966690267037,12.108785213364673,108.37657264219779,0.5987655947082751,0.0,6.561818158667292,1121.7505789151398,6.197517010580883,0.0,12.108785213364673,1083.765726421978,11217.505789151399,12301.271515573377,1073.6951515573376,0.08810192710972467,0.9118980728902754,13.0,20.0,20.0,260.0,6495.07,1688718.2,83.36659434015215,862.8850607039537,946.2516550441059
Sonora,Bacoachi,11,Agua Prieta,141,Chile verde,2020,2021,30.678498,-110.012426,1087.0,2,1.5,0.0,1248.6033207567611,6.898360888158901,1.1106747063076858,10.999570287932793,23.24908839779006,7.045,31.68,31.126740331491707,10.94,41.12,15.3714364640884,-1.0,24.33,41.32486187845304,12.44,88.15,26.028784530386744,4.01,33.85,2.3798895027624307,0.85,4.99,252.27,1.393756906077348,0.0,20.49,151.362,0.8362541436464088,0.0,12.293999999999999,15.958147489547347,4.118192775287645,19.29845119557679,0.20204175001481067,49,15,70,11,1258.4714169434988,6.952880756593916,0.6664048237846115,11.549548802329433,107.69140939871036,0.5949801624238141,0.0,8.261594373238411,1150.7800075447883,6.3579005941701014,0.0,11.549548802329433,1076.9140939871036,11507.800075447884,12584.714169434987,1107.1094169434987,0.08557318660463892,0.914426813395361,14.0,15.0,15.0,210.0,6950.0,1459500.0,76.92243528479311,821.9857196748488,898.9081549596419
Sonora,Bacoachi,11,Agua Prieta,141,Chile verde,2021,2022,30.678498,-110.012426,1087.0,5,4.090909090909091,0.9090909090909091,1271.1123408814738,7.0227201153672585,2.4445279693470217,11.477112396146296,22.871353591160222,5.66,33.175,30.75696132596685,10.97,42.51,14.985745856353592,-3.82,23.84,37.614088397790056,7.88,85.78,25.78795580110497,10.48,32.88,2.5020441988950277,0.83,5.7,251.32000000000002,1.3885082872928178,0.0,15.26,150.792,0.8331049723756906,0.0,9.155999999999999,15.501112149452164,8.052321047122717,18.983604514110155,0.19771659193059052,49,19,43,19,1262.5661334904357,6.975503499947159,1.5553958248088768,12.050968015953611,132.16711197442743,0.7302050385327482,0.0,7.718370367037686,1130.3990215160086,6.2452984614144125,0.0,12.050968015953611,1321.6711197442742,11303.990215160085,12625.66133490436,1111.7741334904358,0.10468133784726504,0.8953186621527351,14.0,13.0,13.0,182.0,9300.0,1692600.0,94.40507998173386,807.4278725114347,901.8329524931685
Sonora,Bacoachi,11,Agua Prieta,141,Chile verde,2022,2023,30.678498,-110.012426,1087.0,4,3.272727272727273,0.8181818181818182,1254.9208935789702,6.9332646054086755,2.2057266285850483,11.328463228905168,22.94723756906077,8.62,31.465,30.893922651933703,17.36,40.97,15.000552486187845,-1.23,23.17,37.93011049723758,3.17,88.18,25.783480662983422,8.33,32.92,2.3438121546961326,0.77,5.19,394.70000000000005,2.1806629834254148,0.0,25.19,236.82,1.3083977900552486,0.0,15.114,15.442289477672748,6.650598739714516,19.324426808054316,0.3145218172870928,63,28,39,18,1242.691383310882,6.865698250336364,1.914208165697681,11.894886390350427,179.42380956422306,0.9912917655481938,0.0,7.726628025249243,1063.267573746659,5.874406484788172,0.0,11.894886390350427,1794.2380956422307,10632.67573746659,12426.913833108822,1005.871383310882,0.14438324106359152,0.8556167589364087,14.38,21.0,21.0,301.98,9998.01,3019199.06,124.77316381378516,739.407214010194,864.1803778239791
Sonora,Bacoachi,11,Agua Prieta,141,Chile verde,2023,2024,30.678498,-110.012426,1087.0,2,2.0,0.0,1335.6287864857718,7.379164566219734,2.5974203506799216,11.271325877560702,23.5253591160221,4.535,33.28,31.929337016574586,10.67,42.78,15.121381215469615,-3.25,25.2,32.76906077348066,9.98,74.57,26.304033149171268,10.48,32.48,2.5314917127071825,0.93,5.12,147.06,0.8124861878453039,0.0,13.06,117.64800000000001,0.6499889502762431,0.0,10.448,15.739093010111107,7.930817208886949,19.022237931098246,0.11010544358431781,38,9,66,13,1338.696407393884,7.396112748032509,1.558452210407953,11.834892171438739,107.57811006072458,0.5943541992305226,0.0,7.408,1231.1182973331597,6.801758548801987,0.0,11.834892171438739,1075.781100607246,12311.182973331597,13386.964073938843,1221.0484073938842,0.08036034866945894,0.9196396513305412,15.9,10.0,10.0,159.0,9731.76,1547349.84,67.65918871743685,774.2882373164526,841.9474260338895
Sonora,Bacoachi,11,Agua Prieta,141,Hortalizas,2011,2012,30.678498,-110.012426,1087.0,1,1.0,0.0,608.1389685506825,3.898326721478734,1.1560867114717321,6.719552177718247,15.862051282051283,-6.99,28.125,23.456794871794873,-3.05,36.06,8.267307692307691,-10.93,21.65,46.054294871794866,21.73,88.44,17.110064102564102,7.01,26.19,2.2291666666666665,0.93,9.59,66.31,0.4250641025641026,0.0,15.33,53.048,0.34005128205128204,0.0,12.264000000000001,8.928689282365152,4.516522153458151,16.536810169763974,0.10903757764122576,13,3,3,57,563.7143018439441,3.6135532169483597,1.040478040324559,6.7226896238656595,28.661878871585586,0.18372999276657426,0.0,3.208,535.0524229723584,3.4298232241817845,0.0,6.7226896238656595,286.6187887158559,5350.524229723584,5637.143018439439,510.6663018439441,0.05084468990378782,0.9491553100962119,4.0,14.0,14.0,56.0,800.0,44800.0,71.65469717896397,1337.631057430896,1409.2857546098599
Sonora,Bacoachi,11,Agua Prieta,141,Hortalizas,2012,2013,30.678498,-110.012426,1087.0,4,3.0,0.6,610.7479655845751,3.915051061439584,0.9329427245393278,7.0196267011245395,15.760801282051284,0.31499999999999995,28.865000000000002,23.407564102564105,5.27,36.96,8.114038461538462,-4.69,22.62,45.92730769230769,20.41,89.32,16.602179487179487,2.47,25.04,2.283717948717949,0.78,6.6,144.6,0.9269230769230768,0.0,39.18,115.68,0.7415384615384616,0.0,31.344,8.700462199797517,3.031420797308353,16.000576348661173,0.23675887296914144,19,7,5,65,564.8267508662211,3.6206843004244944,0.8396484520853951,7.263832212242894,43.50812623898496,0.2788982451216984,0.0,4.876602098995324,521.3186246272363,3.341786055302797,0.0,7.263832212242894,435.0812623898496,5213.186246272363,5648.267508662213,449.1467508662211,0.07702915304960446,0.9229708469503958,3.0,20.0,20.0,60.0,1200.0,72000.0,145.0270874632832,1737.7287487574542,1882.7558362207374
Sonora,Bacoachi,11,Agua Prieta,141,Hortalizas,2013,2014,30.678498,-110.012426,1087.0,2,2.0,0.0,603.0525922101237,3.8657217449366907,1.2099971231140525,6.6934858048560315,16.234775641025642,0.125,27.655,23.669999999999998,6.3,35.31,8.799551282051283,-6.05,20.77,44.832948717948724,20.96,86.65,16.16705128205128,6.21,24.91,2.16275641025641,0.89,5.41,100.34,0.6432051282051282,0.0,15.42,80.272,0.5145641025641026,0.0,12.336,8.499356383072751,4.396532724771451,15.160822051236153,0.16638681484191048,17,6,1,48,562.1984072434502,3.6038359438682708,1.0889974108026472,7.028160095098833,38.25680983654826,0.24523596049069396,0.0,3.1228955753068135,523.941597406902,3.358599983377577,0.0,7.028160095098833,382.56809836548257,5239.41597406902,5621.984072434503,481.9264072434502,0.06804859164245518,0.931951408357545,12.0,20.0,20.0,240.0,1300.0,312000.0,31.880674863790215,436.61799783908504,468.49867270287524
Sonora,Bacoachi,11,Agua Prieta,141,Hortalizas,2014,2015,30.678498,-110.012426,1087.0,2,1.5,0.0,625.0889558188619,4.006980486018345,1.1144068281366013,7.128546761906781,16.28224358974359,3.9650000000000003,28.295,23.911474358974363,8.13,35.26,8.653012820512819,-2.49,21.56,46.34076923076923,19.86,88.25,16.77916666666667,5.74,25.24,2.338076923076923,1.0,5.12,73.56,0.4715384615384616,0.0,9.65,58.848000000000006,0.37723076923076926,0.0,7.720000000000001,8.838455429396763,4.083259567885282,16.257259730262234,0.1176792507934122,14,6,2,51,578.7721726892343,3.710078030059194,1.0029661453229413,7.484974100002121,33.84268628679484,0.21694029671022333,0.0,3.664,544.9294864024394,3.4931377333489704,0.0,7.484974100002121,338.4268628679484,5449.294864024394,5787.721726892342,519.9241726892343,0.058473243676430725,0.9415267563235692,8.0,20.0,20.0,160.0,1817.5,290800.0,42.30335785849355,681.1618580030492,723.4652158615428
Sonora,Bacoachi,11,Agua Prieta,141,Hortalizas,2015,2016,30.678498,-110.012426,1087.0,2,1.25,0.0,534.2358652996861,3.4245888801261932,0.9709376567310563,6.94020372701471,16.093012820512822,2.9149999999999996,27.525000000000002,23.09974358974359,8.7,35.2,9.086282051282051,-4.41,20.52,58.19217948717949,29.61,89.64,15.89602564102564,2.56,26.4,2.1428205128205127,0.69,5.37,272.92,1.7494871794871796,0.0,68.27,163.75199999999998,1.0496923076923075,0.0,40.961999999999996,8.756509430141822,3.160418216678974,16.3540706928085,0.5108604976322625,23,12,2,45,497.01947058865574,3.186022247363178,0.8606968323755549,6.0371702698883105,46.34947059205394,0.29711199097470475,0.0,3.8698777289343114,450.66999999660175,2.8889102563884728,0.0,6.03117026988831,463.4947059205394,4506.6999999660175,4970.194705886557,333.2674705886558,0.0932548387634773,0.9067451612365226,3.0,25.0,25.0,75.0,1150.0,86250.0,154.49823530684645,1502.2333333220058,1656.7315686288523
Sonora,Bacoachi,11,Agua Prieta,141,Tomate verde,2011,2012,30.678498,-110.012426,1087.0,4,3.0,0.75,788.058475738681,5.7945476157255955,2.0675655351871125,10.212659005341441,15.06169117647059,-6.99,24.84,24.134338235294116,-3.05,34.16,5.989044117647059,-10.93,16.42,27.359852941176467,6.28,60.41,22.671911764705882,7.99,32.7,2.889485294117647,1.25,9.59,7.64,0.05617647058823529,0.0,3.65,6.112,0.044941176470588234,0.0,2.92,11.930765463154174,4.70465133808326,18.379875611893553,0.009694712048923401,2,0,0,54,748.9836184567989,5.507232488652933,1.3068915901037077,10.379474294076347,6.006493339172172,0.04416539219979538,0.0,2.8320000000000003,742.9771251176268,5.463067096453138,0.0,10.379474294076347,60.06493339172172,7429.7712511762675,7489.836184567989,742.871618456799,0.008019525649369892,0.9919804743506301,18.0,10.0,10.0,180.0,6000.0,1080000.0,3.33694074398454,412.7650695097926,416.10201025377717
Sonora,Bacoachi,11,Agua Prieta,141,Tomate verde,2012,2013,30.678498,-110.012426,1087.0,3,2.25,0.25,742.2819392139211,5.418116344627161,1.710632621507142,9.934197536281902,15.097992700729929,6.045,25.835,23.8992700729927,10.56,36.78,6.296715328467154,-2.9,17.01,32.39722627737226,9.39,72.03,22.384160583941608,6.55,31.77,2.596715328467153,0.78,5.84,16.47,0.12021897810218977,0.0,5.18,13.176,0.09617518248175183,0.0,4.144,11.982041579752885,4.938326024338551,18.031497076552334,0.022188334553096874,7,1,6,64,695.4505317718439,5.076281253809079,1.3413198049769406,10.218571244825304,11.342003236975092,0.08278834479543863,0.0,2.694775722241879,684.1085285348687,4.99349290901364,0.0,10.218571244825304,113.42003236975091,6841.085285348687,6954.505317718437,682.2745317718438,0.016308856947852703,0.9836911430521471,17.0,10.0,10.0,170.0,4200.0,714000.0,6.671766609985347,402.41678149109924,409.0885481010846
Sonora,Bacoachi,11,Agua Prieta,141,Tomate verde,2013,2014,30.678498,-110.012426,1087.0,3,2.25,0.25,719.2656633973668,5.288718113215932,1.2885643706919507,10.44632407890223,13.98143382352941,0.125,24.315,22.599191176470587,6.3,33.86,5.363676470588236,-6.05,14.92,33.64963235294118,6.79,86.65,21.84235294117647,7.8,31.67,2.81875,1.03,6.47,31.37,0.23066176470588237,0.0,15.42,25.095999999999997,0.18452941176470586,0.0,12.336,11.833797787587956,5.150314276495575,18.145271897893032,0.04361392680950109,7,1,0,60,685.5823709545999,5.041046845254411,0.7731386224151704,10.076133541665502,11.45918156264237,0.08425868796060565,0.0,2.112,674.1231893919576,4.956788157293806,0.0,10.076133541665502,114.5918156264237,6741.231893919576,6855.823709545999,660.4863709545999,0.016714521913226397,0.9832854780867736,12.0,10.0,10.0,120.0,5100.0,612000.0,9.54931796886864,561.769324493298,571.3186424621666
Sonora,Bacoachi,11,Agua Prieta,141,Tomate verde,2014,2015,30.678498,-110.012426,1087.0,3,2.5,0.5,768.2547342350807,5.648931869375594,2.347544777672001,10.717788327710982,16.450073529411764,7.89,25.83,24.983014705882354,14.44,35.6,7.917132352941176,-0.6,16.3,28.03397058823529,7.35,67.18,21.921911764705882,6.9,32.37,2.5710294117647057,1.25,5.89,14.21,0.10448529411764707,0.0,6.07,11.368000000000002,0.08358823529411766,0.0,4.856000000000001,11.65492742313618,4.733975939312585,18.345788862974587,0.018496469161557862,2,2,1,29,724.6681755432262,5.328442467229604,1.4085268666032007,9.840374994903415,9.518404811253482,0.06998827067098148,0.0,4.275445647302815,715.1497707319728,5.258454196558624,0.0,9.840374994903415,95.18404811253482,7151.497707319728,7246.681755432262,713.3001755432261,0.013134845895665681,0.9868651541043344,18.0,13.0,13.0,234.0,4147.11,970423.74,5.288002672918601,397.30542818442933,402.5934308573479
Sonora,Bacoachi,11,Agua Prieta,141,Avena forrajera en verde,2010,2011,30.678498,-110.012426,1087.0,2,1.5,0.0,326.6180388925875,3.474659988219016,0.901791649684028,7.11497725237969,10.38191489361702,3.9050000000000002,18.025,18.042765957446807,8.45,28.31,2.7210638297872345,-4.1,8.93,52.449893617021274,23.87,91.75,18.05191489361702,4.23,27.7,2.7454255319148935,1.07,8.13,143.52999999999997,1.526914893617021,0.0,31.24,114.824,1.221531914893617,0.0,24.992,9.844241187949855,3.760517993897478,16.178856597187696,0.43944296673461336,17,9,0,77,323.94982509591495,3.446274735062925,0.43350133843248934,8.182223840236643,33.10488720030961,0.3521796510671235,0.0,4.192,290.84493789560537,3.0940950839958017,0.0,8.182223840236643,331.0488720030961,2908.449378956054,3239.49825095915,209.12582509591493,0.10219140322273033,0.8978085967772698,20.08,40.0,40.0,803.2,850.0,682720.0,16.486497609715943,144.84309656155648,161.32959417127242
Sonora,Bacoachi,11,Agua Prieta,141,Avena forrajera en verde,2011,2012,30.678498,-110.012426,1087.0,4,2.25,0.5,655.412304182279,4.174600663581394,1.1560867114717321,8.408727218012512,12.905382165605095,-6.99,22.380000000000003,21.39687898089172,-3.05,33.06,4.413885350318472,-10.93,13.4,35.32815286624204,11.16,81.15,17.943184713375796,7.01,27.46,2.562675159235669,1.06,9.59,12.4,0.07898089171974522,0.0,6.76,9.920000000000002,0.06318471337579619,0.0,5.408,8.752330380897154,4.516522153458151,15.096468964450983,0.018919388483972364,3,1,0,82,598.0853213717797,3.809460645680126,0.9506684024140302,7.567854496211261,5.124146679283758,0.032637876938113104,0.0,2.202646961091265,592.961174692496,3.776822768742013,0.0,7.567854496211261,51.24146679283758,5929.61174692496,5980.853213717798,588.1653213717798,0.008567584751170483,0.9914324152488295,18.0,215.0,215.0,3870.0,750.0,2902500.0,2.846748155157643,329.42287482916447,332.2696229843221
Sonora,Bacoachi,11,Agua Prieta,141,Avena forrajera en verde,2012,2013,30.678498,-110.012426,1087.0,4,2.5,0.3333333333333333,583.2406446756028,3.691396485288625,0.9329427245393278,7.53687198262942,11.808101265822787,0.31499999999999995,21.045,19.801075949367085,5.27,29.77,3.815126582278481,-4.69,13.59,43.58126582278481,17.04,89.32,17.075189873417724,2.47,28.7,2.553354430379747,0.78,6.6,113.8,0.720253164556962,0.0,39.18,91.04,0.5762025316455697,0.0,31.344,8.655734948835333,3.031420797308353,15.627249299823262,0.19511671732565092,15,5,0,101,533.9209500082462,3.379246519039533,0.3692308341901584,6.783184784366478,21.943874587357726,0.13888528219846663,0.0,2.225071995151577,511.97707542088847,3.2403612368410664,0.0,6.783184784366478,219.43874587357726,5119.770754208885,5339.209500082462,442.8809500082462,0.041099482211774625,0.9589005177882253,15.0,220.0,220.0,3300.0,950.0,3135000.0,14.62924972490515,341.31805028059233,355.9473000054975
Sonora,Bacoachi,11,Agua Prieta,141,Avena forrajera en verde,2013,2014,30.678498,-110.012426,1087.0,2,2.0,0.0,600.6623823720096,3.825875046955475,1.2099971231140525,7.332486658670958,12.65168789808917,0.125,21.095,20.653312101910828,6.3,31.03,4.650063694267516,-6.05,15.43,39.10662420382165,16.28,86.65,16.727579617834394,6.21,27.97,2.4392993630573248,0.89,5.41,64.31,0.40961783439490446,0.0,15.42,51.44800000000001,0.3276942675159236,0.0,12.336,8.434274123271814,4.396532724771451,15.226637628199992,0.10706513656813411,10,3,0,79,548.060331927632,3.490830139666446,0.6803298230441612,6.599237992803863,21.509567401001718,0.13700361401911923,0.0,2.9695799856625507,526.5507645266301,3.353826525647326,0.0,6.599237992803863,215.09567401001718,5265.507645266302,5480.603319276319,496.612331927632,0.03924671454572984,0.96075328545427,22.0,210.0,210.0,4620.0,873.39,4035061.8,9.777076091364417,239.3412566030137,249.11833269437813
Sonora,Bacoachi,11,Agua Prieta,141,Avena forrajera en verde,2014,2015,30.678498,-110.012426,1087.0,3,2.0,0.16666666666666666,633.6482814232745,4.035976314797927,1.1144068281366013,7.949578991075023,14.032292993630572,3.9650000000000003,21.07,21.906050955414013,8.13,31.09,6.158535031847134,-2.49,13.56,39.68050955414013,12.57,88.25,16.87624203821656,5.74,28.29,2.521146496815287,1.0,5.56,47.36,0.30165605095541403,0.0,6.98,37.888000000000005,0.24132484076433125,0.0,5.5840000000000005,8.498890265975033,4.083259567885282,15.858681365666381,0.07474177929374626,9,5,0,58,584.1238158484509,3.7205338589073307,0.6070896634307409,7.15462109196752,18.23436370615277,0.1161424439882342,0.0,3.346000941367421,565.8894521422981,3.604391414919096,0.0,7.15462109196752,182.34363706152772,5658.894521422981,5841.238158484508,546.2358158484509,0.0312166071839872,0.9687833928160127,15.0,215.0,215.0,3225.0,919.58,2965645.5,12.156242470768515,377.259634761532,389.41587723230055
Sonora,Bacoachi,11,Agua Prieta,141,Avena forrajera en verde,2015,2016,30.678498,-110.012426,1087.0,1,1.0,0.0,535.3387262430688,3.4098008040959793,0.9709376567310563,6.764815560156254,13.475509554140126,2.9149999999999996,22.365000000000002,20.915159235668792,8.7,31.47,6.035859872611465,-4.41,15.83,52.65324840764331,27.57,89.64,16.090891719745223,2.62,27.18,2.40515923566879,1.1,6.45,134.38,0.8559235668789809,0.0,35.13,107.504,0.6847388535031848,0.0,28.104000000000003,8.533937249248103,3.160418216678974,15.70298761758595,0.25101864186635586,15,8,0,56,493.65324674371846,3.144288195819863,0.6453717563342413,6.088334004140629,32.80183797955895,0.20892890432840094,0.0,2.9563831735641997,460.8514087641595,2.9353592914914617,0.0,6.088334004140629,328.01837979558945,4608.514087641595,4936.532467437185,386.14924674371844,0.06644712294698654,0.9335528770530134,15.1,200.0,200.0,3020.0,940.0,2838800.0,21.723071509641684,305.1996084530858,326.92267996272744
Sonora,Bacoachi,11,Agua Prieta,141,Avena forrajera en verde,2016,2017,30.678498,-110.012426,1087.0,2,1.3333333333333333,0.0,603.2801198253901,3.8182286064898108,0.9271905726026373,7.846925622049729,12.720411392405063,1.435,20.515,20.98392405063291,6.52,30.17,4.456898734177216,-5.14,12.98,43.65683544303797,19.2,88.04,17.32221518987342,5.57,27.99,2.4896835443037975,1.06,5.72,105.63,0.6685443037974683,0.0,14.11,84.504,0.5348354430379747,0.0,11.288,8.79336167779822,4.119674412269147,15.545387208231649,0.1750927911076747,18,8,0,80,556.9004303631015,3.5246862681208952,0.48321956687821527,7.062233059844756,27.573381894836412,0.17451507528377477,0.0,2.5600000000000005,529.327048468265,3.3501711928371205,0.0,7.062233059844756,275.7338189483641,5293.270484682651,5569.004303631015,472.39643036310144,0.04951222946058499,0.950487770539415,16.0,220.0,220.0,3520.0,960.0,3379200.0,17.233363684272756,330.8294052926657,348.06276897693846
Sonora,Bacoachi,11,Agua Prieta,141,Avena forrajera en verde,2017,2018,30.678498,-110.012426,1087.0,1,1.0,0.0,604.9934587520283,3.8534615207135565,0.9241533392291044,7.560021301327352,14.272261146496815,4.79,24.17,21.985668789808916,9.2,31.93,6.558853503184712,-3.32,16.59,45.594203821656045,22.48,89.39,16.570127388535035,3.82,27.96,2.5478980891719747,1.14,6.47,110.66000000000003,0.7048407643312103,0.0,18.44,88.528,0.5638726114649681,0.0,14.752000000000002,8.598109290620272,3.5414869736888672,15.907125257575075,0.18291106853992745,13,8,0,55,548.414459211597,3.493085727462401,1.0121850744231593,6.804019171194617,24.113009196499384,0.15358604583757568,0.0,2.8308200189728137,524.3014500150977,3.339499681624826,0.0,6.804019171194617,241.13009196499382,5243.014500150976,5484.14459211597,459.88645921159696,0.04396858761011581,0.9560314123898843,20.8,120.0,120.0,2496.0,888.94,2218794.24,11.592792882932395,252.06800481495077,263.66079769788314
Sonora,Bacoachi,11,Agua Prieta,141,Avena forrajera en verde,2018,2019,30.678498,-110.012426,1087.0,3,2.8181818181818183,0.8181818181818182,633.6334249874465,4.03588168781813,0.8573920533884956,7.189592306461661,15.152101910828026,4.505000000000001,23.755000000000003,22.95592356687898,9.27,32.47,7.348280254777069,-4.29,16.27,38.70101910828026,17.59,93.09,16.33031847133758,3.84,27.64,2.424904458598726,1.07,5.65,93.49000000000001,0.5954777070063695,0.0,31.05,74.792,0.47638216560509555,0.0,24.840000000000003,8.278178118408285,3.8021585010592847,15.521759437249633,0.1475458779685624,11,4,0,49,586.2293311081103,3.733944784128091,0.8522323991180315,7.168500372596197,19.083213045844992,0.12154912768054135,0.0,2.272318486289756,567.1461180622653,3.6123956564475495,0.0,7.168500372596197,190.8321304584499,5671.461180622653,5862.293311081103,511.43733110811024,0.03255247056603815,0.9674475294339618,20.5,125.0,125.0,2562.5,740.76,1898197.5,9.308884412607313,276.65664295720256,285.9655273698099
Sonora,Bacoachi,11,Agua Prieta,141,Avena forrajera en verde,2019,2020,30.678498,-110.012426,1087.0,1,1.0,0.0,512.1412088205617,3.262045916054533,0.8400698246407337,6.599962692475035,12.069617834394903,1.5199999999999998,19.79,19.40019108280255,5.63,28.77,4.739044585987261,-4.06,13.78,51.33044585987261,29.96,90.6,15.72828025477707,2.64,27.23,2.3723566878980895,0.96,6.99,139.85,0.890764331210191,0.0,35.65,111.88000000000001,0.712611464968153,0.0,28.52,8.354046206509448,3.1326195284372016,15.643355176070527,0.27306921917505583,22,7,0,73,467.1150645688832,2.9752551883368357,0.7417625436974586,5.939966423227532,35.31036360689882,0.2249067745662345,0.0,3.608289144398253,431.8047009619844,2.750348413770601,0.0,5.939966423227532,353.1036360689882,4318.047009619844,4671.150645688833,355.2350645688832,0.07559243168380361,0.9244075683161964,20.2,150.0,150.0,3030.0,761.53,2307435.9,17.480378023217238,213.76470344652694,231.24508146974418
Sonora,Bacoachi,11,Agua Prieta,141,Avena forrajera en verde,2020,2021,30.678498,-110.012426,1087.0,1,1.0,0.0,466.07240049451127,2.949825319585514,0.7277202097686215,6.038143886035048,12.089335443037973,1.7299999999999995,20.715,19.08379746835443,7.84,28.09,5.094873417721519,-5.41,15.17,59.46069620253165,30.95,94.26,15.375569620253165,2.38,28.03,2.4027215189873417,0.9,6.58,340.35999999999996,2.1541772151898733,0.0,81.96,204.216,1.292506329113924,0.0,49.175999999999995,8.376322037810766,2.933849234002496,16.37673927006596,0.7302728066259058,27,16,0,79,418.7464555277383,2.650294022327458,0.7024671637942365,5.434329497431543,39.71025401398337,0.2513307216074897,0.0,2.658,379.0362015137549,2.3989633007199678,0.0,5.434329497431543,397.10254013983376,3790.362015137549,4187.464555277383,214.5304555277383,0.09483126003762178,0.9051687399623782,19.0,155.0,155.0,2945.0,780.07,2297306.15,20.900133691570197,199.49273763881837,220.39287133038857
Sonora,Bacoachi,11,Agua Prieta,141,Avena forrajera en verde,2021,2022,30.678498,-110.012426,1087.0,4,3.909090909090909,1.0,653.2770041078697,4.161000026164776,1.1695039362313893,8.251760146303651,13.116910828025478,1.87,24.080000000000002,21.528280254777066,5.41,33.81,4.705541401273885,-4.12,16.23,34.862866242038216,16.65,85.71,17.30541401273885,7.63,27.7,2.6304458598726117,1.01,6.47,75.56,0.4812738853503185,0.0,19.89,60.44800000000001,0.3850191082802548,0.0,15.912,8.475893532750561,4.562197617480702,15.545412825901742,0.11566303348330238,10,4,0,92,597.1606534975939,3.8035710413859483,0.8487324085510658,7.426584131673286,18.255651678695777,0.11627803617003679,0.0,2.368,578.9050018188981,3.687293005215911,0.0,7.426584131673286,182.5565167869578,5789.050018188981,5971.606534975939,536.7126534975939,0.030570754405488194,0.9694292455945117,22.44,172.0,172.0,3859.68,848.73,3275826.21,8.135317147368886,257.97905606902765,266.11437321639653
Sonora,Bacoachi,11,Agua Prieta,141,Avena forrajera en verde,2022,2023,30.678498,-110.012426,1087.0,2,2.0,0.0,610.7254353700681,3.8899709259240005,1.1108319682294492,7.650342467504836,13.527229299363055,2.2449999999999997,21.655,21.577133757961782,10.29,31.06,5.4773248407643305,-6.04,14.1,40.33254777070063,10.9,88.71,16.94140127388535,4.6,27.28,2.4897452229299364,0.93,6.31,66.44999999999999,0.423248407643312,0.0,31.61,53.16,0.33859872611464964,0.0,25.288,8.582853427656511,3.737474513143197,15.209530061006202,0.10880503111800922,11,3,0,77,554.431926377892,3.531413543808229,0.8158560627603658,6.885308220754353,20.240063890350303,0.12891760439713568,0.0,3.1313665879028094,534.1918624875416,3.402495939411093,0.0,6.885308220754353,202.40063890350302,5341.918624875416,5544.319263778919,501.271926377892,0.03650594947260486,0.963494050527395,24.15,205.0,205.0,4950.0,860.0,4257000.0,8.380978836583976,221.19745858697377,229.57843742355774
Sonora,Bacoachi,11,Agua Prieta,141,Avena forrajera en verde,2023,2024,30.678498,-110.012426,1087.0,2,1.3333333333333333,0.0,529.8765154746399,3.3750096527047124,1.096578473954618,8.071204072881237,11.587070063694268,2.2700000000000005,18.85,19.212038216560508,8.05,28.1,3.962101910828025,-4.7,12.33,48.146878980891714,21.23,87.0,16.120063694267518,1.66,29.04,2.5570063694267513,0.93,6.28,79.22,0.5045859872611465,0.0,13.2,63.376000000000005,0.40366878980891724,0.0,10.56,8.392674150092759,2.808868584586411,16.42746229529531,0.1495065315907391,14,6,0,89,488.99371065666406,3.1146096220169683,0.6699863155882937,7.264083665593113,24.44642876885716,0.1557097373812558,0.0,2.2399999999999998,464.5472818878069,2.958899884635713,0.0,7.264083665593113,244.4642876885716,4645.472818878069,4889.937106566641,425.61771065666403,0.04999333986530896,0.950006660134691,24.78,186.0,186.0,4609.08,875.0,4032945.0,9.865386912371735,187.46863675859842,197.33402367097017
Sonora,Bacoachi,11,Agua Prieta,141,Cebada forrajera en verde,2010,2011,30.678498,-110.012426,1087.0,2,1.5,0.0,326.6180388925875,3.474659988219016,0.901791649684028,7.11497725237969,10.38191489361702,3.9050000000000002,18.025,18.042765957446807,8.45,28.31,2.7210638297872345,-4.1,8.93,52.449893617021274,23.87,91.75,18.05191489361702,4.23,27.7,2.7454255319148935,1.07,8.13,143.52999999999997,1.526914893617021,0.0,31.24,114.824,1.221531914893617,0.0,24.992,9.844241187949855,3.760517993897478,16.178856597187696,0.43944296673461336,17,9,0,77,323.94982509591495,3.446274735062925,0.43350133843248934,8.182223840236643,33.10488720030961,0.3521796510671235,0.0,4.192,290.84493789560537,3.0940950839958017,0.0,8.182223840236643,331.0488720030961,2908.449378956054,3239.49825095915,209.12582509591493,0.10219140322273033,0.8978085967772698,20.0,63.0,63.0,1260.0,850.0,1071000.0,16.552443600154806,145.42246894780268,161.9749125479575
Sonora,Bacoachi,11,Agua Prieta,141,Cebada forrajera en verde,2011,2012,30.678498,-110.012426,1087.0,4,2.25,0.5,655.412304182279,4.174600663581394,1.1560867114717321,8.408727218012512,12.905382165605095,-6.99,22.380000000000003,21.39687898089172,-3.05,33.06,4.413885350318472,-10.93,13.4,35.32815286624204,11.16,81.15,17.943184713375796,7.01,27.46,2.562675159235669,1.06,9.59,12.4,0.07898089171974522,0.0,6.76,9.920000000000002,0.06318471337579619,0.0,5.408,8.752330380897154,4.516522153458151,15.096468964450983,0.018919388483972364,3,1,0,82,598.0853213717797,3.809460645680126,0.9506684024140302,7.567854496211261,5.124146679283758,0.032637876938113104,0.0,2.202646961091265,592.961174692496,3.776822768742013,0.0,7.567854496211261,51.24146679283758,5929.61174692496,5980.853213717798,588.1653213717798,0.008567584751170483,0.9914324152488295,21.0,270.0,270.0,5670.0,750.0,4252500.0,2.44006984727798,282.3624641392838,284.8025339865618
Sonora,Bacoachi,11,Agua Prieta,141,Cebada forrajera en verde,2012,2013,30.678498,-110.012426,1087.0,4,2.5,0.3333333333333333,583.2406446756028,3.691396485288625,0.9329427245393278,7.53687198262942,11.808101265822787,0.31499999999999995,21.045,19.801075949367085,5.27,29.77,3.815126582278481,-4.69,13.59,43.58126582278481,17.04,89.32,17.075189873417724,2.47,28.7,2.553354430379747,0.78,6.6,113.8,0.720253164556962,0.0,39.18,91.04,0.5762025316455697,0.0,31.344,8.655734948835333,3.031420797308353,15.627249299823262,0.19511671732565092,15,5,0,101,533.9209500082462,3.379246519039533,0.3692308341901584,6.783184784366478,21.943874587357726,0.13888528219846663,0.0,2.225071995151577,511.97707542088847,3.2403612368410664,0.0,6.783184784366478,219.43874587357726,5119.770754208885,5339.209500082462,442.8809500082462,0.041099482211774625,0.9589005177882253,18.0,275.0,275.0,4950.0,900.0,4455000.0,12.191041437420958,284.4317085671603,296.62275000458123
Sonora,Bacoachi,11,Agua Prieta,141,Cebada forrajera en verde,2013,2014,30.678498,-110.012426,1087.0,2,2.0,0.0,600.6623823720096,3.825875046955475,1.2099971231140525,7.332486658670958,12.65168789808917,0.125,21.095,20.653312101910828,6.3,31.03,4.650063694267516,-6.05,15.43,39.10662420382165,16.28,86.65,16.727579617834394,6.21,27.97,2.4392993630573248,0.89,5.41,64.31,0.40961783439490446,0.0,15.42,51.44800000000001,0.3276942675159236,0.0,12.336,8.434274123271814,4.396532724771451,15.226637628199992,0.10706513656813411,10,3,0,79,548.060331927632,3.490830139666446,0.6803298230441612,6.599237992803863,21.509567401001718,0.13700361401911923,0.0,2.9695799856625507,526.5507645266301,3.353826525647326,0.0,6.599237992803863,215.09567401001718,5265.507645266302,5480.603319276319,496.612331927632,0.03924671454572984,0.96075328545427,20.0,275.0,275.0,5500.0,940.88,5174840.0,10.754783700500859,263.27538226331507,274.03016596381593
Sonora,Bacoachi,11,Agua Prieta,141,Cebada forrajera en verde,2014,2015,30.678498,-110.012426,1087.0,3,2.0,0.16666666666666666,633.6482814232745,4.035976314797927,1.1144068281366013,7.949578991075023,14.032292993630572,3.9650000000000003,21.07,21.906050955414013,8.13,31.09,6.158535031847134,-2.49,13.56,39.68050955414013,12.57,88.25,16.87624203821656,5.74,28.29,2.521146496815287,1.0,5.56,47.36,0.30165605095541403,0.0,6.98,37.888000000000005,0.24132484076433125,0.0,5.5840000000000005,8.498890265975033,4.083259567885282,15.858681365666381,0.07474177929374626,9,5,0,58,584.1238158484509,3.7205338589073307,0.6070896634307409,7.15462109196752,18.23436370615277,0.1161424439882342,0.0,3.346000941367421,565.8894521422981,3.604391414919096,0.0,7.15462109196752,182.34363706152772,5658.894521422981,5841.238158484508,546.2358158484509,0.0312166071839872,0.9687833928160127,18.0,270.0,270.0,4860.0,905.56,4401021.6,10.130202058973762,314.38302896794335,324.5132310269171
Sonora,Bacoachi,11,Agua Prieta,141,Cebada forrajera en verde,2015,2016,30.678498,-110.012426,1087.0,1,1.0,0.0,535.3387262430688,3.4098008040959793,0.9709376567310563,6.764815560156254,13.475509554140126,2.9149999999999996,22.365000000000002,20.915159235668792,8.7,31.47,6.035859872611465,-4.41,15.83,52.65324840764331,27.57,89.64,16.090891719745223,2.62,27.18,2.40515923566879,1.1,6.45,134.38,0.8559235668789809,0.0,35.13,107.504,0.6847388535031848,0.0,28.104000000000003,8.533937249248103,3.160418216678974,15.70298761758595,0.25101864186635586,15,8,0,56,493.65324674371846,3.144288195819863,0.6453717563342413,6.088334004140629,32.80183797955895,0.20892890432840094,0.0,2.9563831735641997,460.8514087641595,2.9353592914914617,0.0,6.088334004140629,328.01837979558945,4608.514087641595,4936.532467437185,386.14924674371844,0.06644712294698654,0.9335528770530134,19.6,250.0,250.0,4900.0,980.0,4802000.0,16.735631622223952,235.1282697776324,251.86390139985636
Sonora,Bacoachi,11,Agua Prieta,141,Cebada forrajera en verde,2016,2017,30.678498,-110.012426,1087.0,2,1.3333333333333333,0.0,603.2801198253901,3.8182286064898108,0.9271905726026373,7.846925622049729,12.720411392405063,1.435,20.515,20.98392405063291,6.52,30.17,4.456898734177216,-5.14,12.98,43.65683544303797,19.2,88.04,17.32221518987342,5.57,27.99,2.4896835443037975,1.06,5.72,105.63,0.6685443037974683,0.0,14.11,84.504,0.5348354430379747,0.0,11.288,8.79336167779822,4.119674412269147,15.545387208231649,0.1750927911076747,18,8,0,80,556.9004303631015,3.5246862681208952,0.48321956687821527,7.062233059844756,27.573381894836412,0.17451507528377477,0.0,2.5600000000000005,529.327048468265,3.3501711928371205,0.0,7.062233059844756,275.7338189483641,5293.270484682651,5569.004303631015,472.39643036310144,0.04951222946058499,0.950487770539415,18.5,260.0,260.0,4810.0,495.0,2380950.0,14.904530753965627,286.1227289017649,301.0272596557305
Sonora,Bacoachi,11,Agua Prieta,141,Cebada forrajera en verde,2017,2018,30.678498,-110.012426,1087.0,1,1.0,0.0,604.9934587520283,3.8534615207135565,0.9241533392291044,7.560021301327352,14.272261146496815,4.79,24.17,21.985668789808916,9.2,31.93,6.558853503184712,-3.32,16.59,45.594203821656045,22.48,89.39,16.570127388535035,3.82,27.96,2.5478980891719747,1.14,6.47,110.66000000000003,0.7048407643312103,0.0,18.44,88.528,0.5638726114649681,0.0,14.752000000000002,8.598109290620272,3.5414869736888672,15.907125257575075,0.18291106853992745,13,8,0,55,548.414459211597,3.493085727462401,1.0121850744231593,6.804019171194617,24.113009196499384,0.15358604583757568,0.0,2.8308200189728137,524.3014500150977,3.339499681624826,0.0,6.804019171194617,241.13009196499382,5243.014500150976,5484.14459211597,459.88645921159696,0.04396858761011581,0.9560314123898843,19.5,150.0,150.0,2925.0,565.0,1652625.0,12.365645741794555,268.8725384692808,281.23818421107535
Sonora,Bacoachi,11,Agua Prieta,141,Cebada forrajera en verde,2018,2019,30.678498,-110.012426,1087.0,3,2.8181818181818183,0.8181818181818182,633.6334249874465,4.03588168781813,0.8573920533884956,7.189592306461661,15.152101910828026,4.505000000000001,23.755000000000003,22.95592356687898,9.27,32.47,7.348280254777069,-4.29,16.27,38.70101910828026,17.59,93.09,16.33031847133758,3.84,27.64,2.424904458598726,1.07,5.65,93.49000000000001,0.5954777070063695,0.0,31.05,74.792,0.47638216560509555,0.0,24.840000000000003,8.278178118408285,3.8021585010592847,15.521759437249633,0.1475458779685624,11,4,0,49,586.2293311081103,3.733944784128091,0.8522323991180315,7.168500372596197,19.083213045844992,0.12154912768054135,0.0,2.272318486289756,567.1461180622653,3.6123956564475495,0.0,7.168500372596197,190.8321304584499,5671.461180622653,5862.293311081103,511.43733110811024,0.03255247056603815,0.9674475294339618,22.0,145.0,145.0,3190.0,760.72,2426696.8,8.67418774811136,257.7936900283024,266.4678777764138
Sonora,Bacoachi,11,Agua Prieta,141,Cebada forrajera en verde,2019,2020,30.678498,-110.012426,1087.0,1,1.0,0.0,512.1412088205617,3.262045916054533,0.8400698246407337,6.599962692475035,12.069617834394903,1.5199999999999998,19.79,19.40019108280255,5.63,28.77,4.739044585987261,-4.06,13.78,51.33044585987261,29.96,90.6,15.72828025477707,2.64,27.23,2.3723566878980895,0.96,6.99,139.85,0.890764331210191,0.0,35.65,111.88000000000001,0.712611464968153,0.0,28.52,8.354046206509448,3.1326195284372016,15.643355176070527,0.27306921917505583,22,7,0,73,467.1150645688832,2.9752551883368357,0.7417625436974586,5.939966423227532,35.31036360689882,0.2249067745662345,0.0,3.608289144398253,431.8047009619844,2.750348413770601,0.0,5.939966423227532,353.1036360689882,4318.047009619844,4671.150645688833,355.2350645688832,0.07559243168380361,0.9244075683161964,21.3,160.0,160.0,3408.0,760.64,2592261.12,16.577635496196628,202.7252117192415,219.30284721543813
Sonora,Bacoachi,11,Agua Prieta,141,Cebada forrajera en verde,2022,2023,30.678498,-110.012426,1087.0,2,2.0,0.0,610.7254353700681,3.8899709259240005,1.1108319682294492,7.650342467504836,13.527229299363055,2.2449999999999997,21.655,21.577133757961782,10.29,31.06,5.4773248407643305,-6.04,14.1,40.33254777070063,10.9,88.71,16.94140127388535,4.6,27.28,2.4897452229299364,0.93,6.31,66.44999999999999,0.423248407643312,0.0,31.61,53.16,0.33859872611464964,0.0,25.288,8.582853427656511,3.737474513143197,15.209530061006202,0.10880503111800922,11,3,0,77,554.431926377892,3.531413543808229,0.8158560627603658,6.885308220754353,20.240063890350303,0.12891760439713568,0.0,3.1313665879028094,534.1918624875416,3.402495939411093,0.0,6.885308220754353,202.40063890350302,5341.918624875416,5544.319263778919,501.271926377892,0.03650594947260486,0.963494050527395,7.86,140.0,140.0,1100.0,820.0,902000.0,25.750717417748476,679.6334128340224,705.3841302517708
Sonora,Bacoachi,11,Agua Prieta,141,Cebada forrajera en verde,2023,2024,30.678498,-110.012426,1087.0,2,1.3333333333333333,0.0,529.8765154746399,3.3750096527047124,1.096578473954618,8.071204072881237,11.587070063694268,2.2700000000000005,18.85,19.212038216560508,8.05,28.1,3.962101910828025,-4.7,12.33,48.146878980891714,21.23,87.0,16.120063694267518,1.66,29.04,2.5570063694267513,0.93,6.28,79.22,0.5045859872611465,0.0,13.2,63.376000000000005,0.40366878980891724,0.0,10.56,8.392674150092759,2.808868584586411,16.42746229529531,0.1495065315907391,14,6,0,89,488.99371065666406,3.1146096220169683,0.6699863155882937,7.264083665593113,24.44642876885716,0.1557097373812558,0.0,2.2399999999999998,464.5472818878069,2.958899884635713,0.0,7.264083665593113,244.4642876885716,4645.472818878069,4889.937106566641,425.61771065666403,0.04999333986530896,0.950006660134691,7.11,92.0,92.0,654.12,880.95,576247.01,34.38316282539685,653.371704483554,687.7548673089509
Sonora,Bacoachi,11,Agua Prieta,141,Maíz grano,2011,2012,30.678498,-110.012426,1087.0,5,4.2,1.0,1295.563070077073,7.576392222672942,3.1187457544964667,12.003044654391614,24.768947368421053,10.11,33.400000000000006,32.85140350877193,16.94,43.34,16.686491228070174,1.65,23.59,35.697017543859644,6.28,80.15,26.76543859649123,13.27,33.27,2.502514619883041,0.66,6.71,244.97,1.4325730994152046,0.0,18.24,195.97600000000003,1.146058479532164,0.0,14.591999999999999,16.13516780295573,9.500905528474117,19.34232578253038,0.189083808930604,50,17,60,2,1165.363794642509,6.814992951125784,1.1682986544906688,14.403653585269936,147.88167938038916,0.8648051425753752,0.0,6.242903742326578,1017.4821152621198,5.9501878085504085,0.0,14.403653585269936,1478.8167938038916,10174.821152621198,11653.63794642509,969.387794642509,0.12689743757292019,0.8731025624270798,3.0,45.0,45.0,135.0,4000.0,540000.0,492.9389312679639,3391.6070508737325,3884.545982141696
Sonora,Bacoachi,11,Agua Prieta,141,Maíz grano,2012,2013,30.678498,-110.012426,1087.0,3,3.0,1.0,1236.826294482518,7.23290230691531,3.3841475461239816,11.410809396648528,24.494678362573094,11.2,30.37,32.272456140350876,18.33,39.99,16.716900584795322,1.19,23.16,38.705789473684206,6.05,80.86,26.400584795321638,14.26,33.15,2.3035672514619883,0.71,5.44,296.97999999999996,1.7367251461988302,0.0,15.96,178.188,1.042035087719298,0.0,9.576,16.011928604602527,10.135558937504227,19.18362020238131,0.24011455879037155,57,25,53,4,1112.0883136081288,6.503440430456894,1.547801404205117,13.692971275978232,153.8621286040356,0.8997785298481614,0.0,6.442320879127522,958.2261850040934,5.603661900608733,0.0,13.692971275978232,1538.6212860403562,9582.261850040933,11120.88313608129,933.9003136081288,0.1383542356495373,0.8616457643504628,4.0,50.0,50.0,200.0,3500.0,700000.0,384.65532151008904,2395.5654625102334,2780.2207840203223
Sonora,Bacoachi,11,Agua Prieta,141,Maíz grano,2013,2014,30.678498,-110.012426,1087.0,3,2.75,0.75,1247.9029169788523,7.297677877069312,2.873300989489243,11.668443028564553,24.548918128654968,11.62,32.015,32.329824561403505,17.22,43.17,16.76801169590643,2.11,25.23,38.99771929824562,6.79,80.94,26.30877192982456,11.9,32.78,2.4290058479532166,0.91,6.47,298.7,1.746783625730994,0.0,30.44,179.22,1.0480701754385964,0.0,18.264,15.993568732911074,8.827213208272491,19.18756445362647,0.23936156886558663,46,17,41,4,1127.5230673672158,6.593702148346291,1.3208623409141176,14.002131634277463,125.95751483833696,0.7365936540253624,0.0,7.846552745341787,1001.5655525288788,5.857108494320928,0.0,14.002131634277463,1259.5751483833697,10015.655525288788,11275.230673672158,948.3030673672158,0.11171169662404314,0.8882883033759568,4.3,56.0,56.0,240.8,3294.0,793195.2,292.9244531124116,2329.2222151834394,2622.1466682958508
Sonora,Bacoachi,11,Agua Prieta,141,Maíz grano,2014,2015,30.678498,-110.012426,1087.0,4,2.6363636363636362,0.5454545454545454,1222.0153831854452,7.14628879055816,1.22956690339365,11.510417588878266,24.277836257309943,12.225,32.185,31.67157894736842,20.87,42.41,16.884093567251462,2.95,22.0,40.02175438596491,7.35,89.61,25.775847953216374,2.56,32.5,2.371578947368421,0.79,5.89,410.34999999999997,2.399707602339181,0.0,68.27,246.20999999999998,1.4398245614035086,0.0,40.961999999999996,15.718159637425732,3.1619098030912633,19.134210205001526,0.3357977367930792,52,27,45,2,1115.7557663862121,6.524887522726387,0.73774014203619,13.812501106653919,135.65935576766813,0.7933295658927961,0.0,7.565999999999999,980.096410618544,5.731557956833591,0.0,13.812501106653919,1356.5935576766813,9800.96410618544,11157.55766386212,869.5457663862121,0.12158517110518832,0.8784148288948117,4.5,60.0,60.0,270.0,3322.9,897183.0,301.4652350392625,2177.9920235967643,2479.457258636027
Sonora,Bacoachi,11,Agua Prieta,141,Maíz grano,2015,2016,30.678498,-110.012426,1087.0,0,0.0,0.0,1117.6345621534128,6.535874632476099,2.644477046904851,10.727131035680443,23.677426900584795,12.649999999999999,32.239999999999995,30.82286549707602,17.95,41.87,16.53198830409357,2.58,23.51,47.2691812865497,14.75,82.84,25.383918128654972,9.51,33.09,2.26859649122807,0.59,5.38,313.98,1.8361403508771932,0.0,22.41,188.388,1.1016842105263158,0.0,13.446,15.956829437317959,7.511695664028103,19.878428255275423,0.2809326148567168,61,20,27,1,1007.4388992233896,5.891455551013975,0.7933431140714552,12.872557242816532,148.0283970313212,0.865663140534042,0.0,6.114715538459881,859.4105021920686,5.025792410479934,0.0,12.86955917404048,1480.283970313212,8594.105021920686,10074.388992233899,819.0508992233896,0.14693535969817398,0.8530646403018263,4.0,50.0,50.0,200.0,4000.0,800000.0,370.070992578303,2148.5262554801716,2518.5972480584746
Sonora,Bacoachi,11,Agua Prieta,141,Maíz grano,2016,2017,30.678498,-110.012426,1087.0,2,2.0,0.0,1217.8371717409746,7.1218548055027755,2.1675977815508976,12.108044148256779,24.30353801169591,12.315,31.97,31.972339181286547,20.4,42.94,16.634736842105262,3.86,24.19,39.662105263157905,9.54,86.27,26.448304093567252,7.23,33.04,2.324795321637427,0.79,5.25,268.40000000000003,1.569590643274854,0.0,26.95,161.04000000000002,0.9417543859649125,0.0,16.169999999999998,16.205713247878855,5.895505237780739,19.112191171580758,0.22039071086679463,43,18,42,2,1100.1399982054497,6.433567240967542,1.3005586689305384,14.529652977908134,107.2485171306886,0.6271843107057813,0.0,6.862435889220538,992.8914810747613,5.806382930261762,0.0,14.529652977908134,1072.485171306886,9928.914810747612,11001.399982054498,939.0999982054498,0.09748624475578796,0.9025137552442122,3.82,66.0,66.0,252.0,3231.27,814280.04,280.7552804468288,2599.1923588344534,2879.947639281282
Sonora,Bacoachi,11,Agua Prieta,141,Maíz grano,2017,2018,30.678498,-110.012426,1087.0,1,1.0,0.0,1237.7117944472157,7.238080669281963,2.6699498599704734,11.082482910244797,24.785614035087722,12.15,33.505,32.60888888888889,18.64,44.05,16.96233918128655,3.78,24.84,38.58836257309942,5.48,87.3,26.269181286549706,11.39,33.34,2.3263742690058478,0.83,5.66,230.73999999999998,1.3493567251461986,0.0,14.23,184.592,1.079485380116959,0.0,11.384,15.949981578138644,8.422713828189133,19.45419647050536,0.18642465963011415,42,19,47,2,1095.524394838639,6.406575408413094,1.5817321910342736,13.298979492293757,145.54415073947317,0.8511353844413635,0.0,6.984000000000001,949.9802440991657,5.555440023971729,0.0,13.298979492293757,1455.4415073947316,9499.802440991658,10955.24394838639,910.932394838639,0.13285340922135333,0.8671465907786466,4.1,40.0,40.0,164.0,3383.69,554925.16,354.98573351091017,2317.0249856077216,2672.0107191186316
Sonora,Bacoachi,11,Agua Prieta,141,Maíz grano,2018,2019,30.678498,-110.012426,1087.0,4,2.727272727272727,0.7272727272727273,1249.1125870564736,7.3047519710904885,2.9805430752190136,11.163072215171864,25.252456140350876,13.885000000000002,32.555,32.716900584795326,21.8,41.12,17.788011695906434,3.49,24.9,39.29672514619883,6.6,82.93,26.177953216374267,7.32,32.98,2.294327485380117,0.81,5.73,316.19,1.8490643274853802,0.0,27.44,189.71400000000003,1.1094385964912283,0.0,16.464,15.952188668465462,6.260007034028702,19.966178775175074,0.25313170588177314,53,19,60,1,1126.4674318020552,6.587528840947692,1.6351448268232163,13.395686658206236,131.21604953082047,0.767345318893687,0.0,6.72,995.2513822712349,5.8201835220540055,0.0,13.395686658206236,1312.1604953082046,9952.51382271235,11264.674318020554,936.7534318020552,0.11648454791179261,0.8835154520882075,4.3,35.0,35.0,150.5,3288.6,494934.3,305.1536035600476,2314.5380983051978,2619.6917018652452
Sonora,Bacoachi,11,Agua Prieta,141,Maíz grano,2019,2020,30.678498,-110.012426,1087.0,1,1.0,0.0,1192.5322121252325,6.973872585527675,3.0090455736699737,11.53217639368064,24.082046783625728,12.405000000000001,32.735,31.463391812865495,17.03,41.54,16.700701754385967,4.09,24.71,42.671403508771924,12.21,82.82,26.177251461988305,13.56,32.89,2.354385964912281,0.78,5.36,256.19999999999993,1.4982456140350873,0.0,25.91,153.72,0.8989473684210526,0.0,15.546,16.198727756579263,9.807793444053091,19.360496228084976,0.2148369640627329,47,19,42,1,1089.2570129570256,6.3699240523802665,1.2223666226798429,13.838611672416768,116.77783177804687,0.6829112969476425,0.0,6.9924082936486665,972.4791811789787,5.687012755432624,0.0,13.838611672416768,1167.7783177804688,9724.791811789786,10892.570129570255,935.5370129570256,0.10720870317008838,0.8927912968299115,4.35,38.0,38.0,165.3,3262.79,539339.19,268.45478569665954,2235.584324549376,2504.0391102460358
Sonora,Bacoachi,11,Agua Prieta,141,Maíz grano,2020,2021,30.678498,-110.012426,1087.0,2,1.75,0.0,1252.8758580818412,7.326759403987375,2.3531485915175168,10.999570287932793,25.353070175438596,11.2,31.68,33.317602339181285,18.23,41.12,17.388538011695907,3.84,24.33,39.639298245614036,12.44,79.47,26.585555555555555,9.03,33.85,2.336842105263158,0.56,4.49,219.25,1.2821637426900585,0.0,19.2,175.39999999999998,1.0257309941520467,0.0,15.36,16.387852142403386,6.996449148843515,19.29845119557679,0.17499738588280628,48,15,74,2,1140.513239884779,6.669668069501632,1.1344347437454692,13.19948434551935,133.0735716226531,0.7782080211851059,0.0,9.441822140843898,1007.439668262126,5.891460048316526,0.0,13.19948434551935,1330.7357162265312,10074.39668262126,11405.13239884779,965.1132398847791,0.1166786732226773,0.8833213267773228,4.29,50.0,50.0,214.5,5100.0,1093950.0,310.19480564721005,2348.344215063231,2658.539020710441
Sonora,Bacoachi,11,Agua Prieta,141,Maíz grano,2021,2022,30.678498,-110.012426,1087.0,5,3.727272727272727,0.7272727272727273,1215.1206063680183,7.105968458292505,2.4445279693470217,11.477112396146296,24.937777777777782,13.120000000000001,33.175,32.436081871345024,20.3,42.51,17.439473684210526,5.94,23.84,41.15175438596491,7.88,86.65,25.724736842105266,10.48,32.88,2.3012865497076023,0.83,5.7,294.65000000000003,1.7230994152046786,0.0,16.08,176.79,1.033859649122807,0.0,9.647999999999998,15.787401852082231,8.052321047122717,18.983604514110155,0.24248621779257412,60,21,48,0,1088.9258446354033,6.367987395528674,1.501022433906086,13.772534875375555,141.8321984632558,0.8294280611886303,0.0,8.820994705185926,947.0936461721476,5.538559334340045,0.0,13.772534875375555,1418.3219846325578,9470.936461721476,10889.258446354033,912.1358446354034,0.13024963927708444,0.8697503607229156,4.67,45.0,45.0,210.15,6000.0,1260900.0,303.7092044181066,2028.037786235862,2331.7469906539686
Sonora,Bacoachi,11,Agua Prieta,141,Maíz grano,2022,2023,30.678498,-110.012426,1087.0,4,3.272727272727273,0.8181818181818182,1188.7106591973566,6.951524322791559,2.2057266285850483,11.328463228905168,24.629912280701756,15.010000000000002,31.465,32.118830409356725,23.58,40.97,17.140994152046783,4.49,23.17,43.21000000000001,3.17,88.18,25.628888888888888,8.33,32.92,2.232982456140351,0.77,5.19,406.74,2.37859649122807,0.0,25.19,244.044,1.4271578947368422,0.0,15.114,15.73317977525638,6.650598739714516,19.324426808054316,0.3421690525385208,67,28,39,2,1060.895783733591,6.2040689107227545,1.323435977151029,13.594155874686201,166.76614103856969,0.9752405908688285,0.0,8.830432028856277,894.1296426950214,5.2288283198539265,0.0,13.594155874686201,1667.6614103856969,8941.296426950214,10608.95783733591,816.8517837335911,0.15719370704978453,0.8428062929502155,8.2,25.0,25.0,205.0,9700.0,1988500.0,203.37334272996304,1090.4020032866115,1293.7753460165745
Sonora,Bacoachi,11,Agua Prieta,141,Maíz grano,2023,2024,30.678498,-110.012426,1087.0,3,2.2,0.2,1328.8573486521364,7.771095606152844,3.742496391026199,11.271325877560702,25.81681286549708,10.255,33.28,34.15520467836258,18.37,42.78,17.478421052631578,-0.3,25.2,32.06017543859649,9.98,74.57,26.858947368421052,10.48,32.48,2.4185380116959068,0.93,4.47,168.57,0.9857894736842104,0.0,13.06,134.85600000000002,0.7886315789473686,0.0,10.448,16.202815739257936,7.930817208886949,19.022237931098246,0.12685334522248082,40,12,75,2,1197.814818145011,7.004765018391877,1.6505052008026062,13.525591053072842,110.47205163057457,0.6460353896524829,0.0,8.157375266689384,1087.3427665144368,6.358729628739397,0.0,13.525591053072842,1104.7205163057456,10873.427665144369,11978.148181450115,1062.958818145011,0.09222798879851601,0.9077720112014842,7.0,10.0,10.0,70.0,10185.0,712950.0,157.8172166151065,1553.3468093063384,1711.1640259214448
Sonora,Bacoachi,11,Agua Prieta,141,Sorgo forrajero en verde,2010,2011,30.678498,-110.012426,1087.0,1,1.0,0.0,1073.5440571658319,7.109563292488953,2.340781726718641,11.008096705408306,20.77394039735099,6.73,31.35,29.236688741721853,14.34,40.24,12.311192052980132,-1.66,23.64,35.06397350993378,9.63,82.51,27.14655629139073,10.87,33.19,2.72841059602649,1.03,6.15,140.22,0.9286092715231788,0.0,17.15,112.17600000000002,0.7428874172185431,0.0,13.719999999999999,16.087939708741917,7.680900902206787,19.252869300495526,0.1306141085352215,23,9,36,33,955.4541062702913,6.3275106375515975,0.7022345180155923,10.962261466055974,69.99992725409217,0.46357567717941833,0.0,5.477086805526355,885.4541790161991,5.8639349603721795,0.0,10.962261466055974,699.9992725409218,8854.541790161991,9554.541062702912,843.2781062702912,0.07326351605452171,0.9267364839454783,20.0,60.0,60.0,1200.0,600.0,720000.0,34.999963627046085,442.72708950809954,477.72705313514564
Sonora,Bacoachi,11,Agua Prieta,141,Sorgo forrajero en verde,2011,2012,30.678498,-110.012426,1087.0,5,4.25,1.0,1191.6374192517305,7.89163853809093,3.8943288483022296,12.003044654391614,22.426920529801325,10.11,33.400000000000006,31.35185430463576,16.94,43.34,13.501986754966886,1.35,23.46,26.804370860927154,6.28,72.82,27.720000000000002,16.24,33.27,2.8056953642384106,1.23,6.71,109.19,0.723112582781457,0.0,18.24,87.352,0.5784900662251656,0.0,14.591999999999999,15.992899639736684,10.426881343788622,19.34232578253038,0.09163022093462296,23,7,44,9,1044.3719985856947,6.916370851560892,1.402817695592893,11.059464039481334,75.34635282814675,0.4989824690605745,0.0,5.5360000000000005,969.0256457575481,6.417388382500318,0.0,11.059464039481334,753.4635282814675,9690.25645757548,10443.719985856947,957.0199985856947,0.07214512925488427,0.9278548707451159,28.0,55.0,55.0,1540.0,900.0,1386000.0,26.909411724338124,346.0805877705529,372.989999494891
Sonora,Bacoachi,11,Agua Prieta,141,Sorgo forrajero en verde,2012,2013,30.678498,-110.012426,1087.0,3,2.75,0.75,1123.3517131307117,7.439415318746435,1.976459265871248,11.410809396648528,22.070331125827813,6.22,30.37,30.656490066225167,10.56,39.99,13.484172185430467,-2.9,23.16,29.9228476821192,6.05,76.5,27.04754966887417,6.84,33.15,2.6292052980132454,1.02,5.84,171.69,1.1370198675496688,0.0,15.96,137.352,0.9096158940397351,0.0,12.768,15.76911880258056,5.674013102149944,19.18362020238131,0.15283726191284347,33,13,43,18,997.8654753544998,6.608380631486754,0.5929377797613744,11.410809396648528,105.2627944328373,0.6971045988929623,0.0,6.8479115182926,892.6026809216626,5.911276032593792,0.0,11.410809396648528,1052.627944328373,8926.026809216626,9978.654753544999,860.5134753544999,0.10548796108557802,0.894512038914422,25.0,55.0,55.0,1375.0,1050.0,1443750.0,42.105117773134914,357.041072368665,399.14619014179993
Sonora,Bacoachi,11,Agua Prieta,141,Sorgo forrajero en verde,2013,2014,30.678498,-110.012426,1087.0,3,2.75,0.75,1144.602811252404,7.580151067896716,2.873300989489243,11.668443028564553,22.27993377483444,8.1,32.015,30.76059602649007,14.1,43.17,13.799271523178811,-0.21,25.23,30.439735099337746,6.79,80.94,27.219006622516556,10.5,32.78,2.7228476821192054,1.06,6.47,183.44,1.2148344370860926,0.0,30.44,146.75199999999998,0.971867549668874,0.0,24.352000000000004,15.890613857731706,7.216727202839095,19.18756445362647,0.16026520134026512,24,9,35,12,1009.5363296113293,6.685671057028671,0.9345923797027775,10.44632407890223,73.59210476490091,0.4873649322178868,0.0,5.557974861283766,935.9442248464284,6.198306124810784,0.0,10.44632407890223,735.9210476490091,9359.442248464284,10095.363296113293,862.7843296113293,0.07289693555974733,0.9271030644402527,23.0,60.0,60.0,1380.0,935.0,1290300.0,31.996567289087352,406.9322716723602,438.9288389614475
Sonora,Bacoachi,11,Agua Prieta,141,Sorgo forrajero en verde,2014,2015,30.678498,-110.012426,1087.0,4,2.888888888888889,0.7777777777777778,1140.8093156721843,7.555028580610492,2.792138403435362,11.510417588878266,22.51380794701987,12.225,32.185,30.642980132450326,19.0,42.41,14.384635761589406,2.95,22.0,29.94721854304636,7.35,78.52,26.807152317880796,7.15,32.5,2.6812582781456955,0.93,5.89,130.45,0.8639072847682119,0.0,13.2,104.36000000000003,0.6911258278145698,0.0,10.56,15.691357359818515,5.5617865151797385,19.134210205001526,0.114348645481683,21,13,42,2,1009.698357668073,6.686744090517039,0.8376415210306086,11.510417588878266,69.46926406025375,0.46006135139240895,0.0,5.6790549026705825,940.2290936078193,6.226682739124631,0.0,11.510417588878266,694.6926406025375,9402.290936078192,10096.98357668073,905.338357668073,0.06880199767848982,0.9311980023215103,23.5,65.0,65.0,1527.5,925.0,1412937.5,29.561388961810106,400.0974866416252,429.6588756034353
Sonora,Bacoachi,11,Agua Prieta,141,Sorgo forrajero en verde,2015,2016,30.678498,-110.012426,1087.0,0,0.0,0.0,989.5294850998135,6.55317539801201,1.5070359631531116,10.727131035680443,21.24433774834437,7.425000000000001,32.239999999999995,28.88807947019868,12.06,41.87,13.600596026490063,1.53,22.76,42.28529801324503,14.75,86.15,25.689470198675497,6.35,33.09,2.5460927152317883,1.14,5.38,212.54000000000002,1.4075496688741722,0.0,15.52,170.03199999999998,1.1260397350993376,0.0,12.416,15.711793316499161,5.184493520337303,19.878428255275423,0.2147889509109081,39,13,22,6,881.5118093653474,5.837826552088393,0.4521107889459335,10.724632645033735,104.52404242262918,0.6922122014743655,0.0,6.361198351085593,776.9877669427183,5.145614350614029,0.0,10.724632645033735,1045.240424226292,7769.877669427183,8815.118093653475,711.4798093653474,0.1185736155910177,0.8814263844089824,25.0,70.0,70.0,1750.0,1250.0,2187500.0,41.809616969051675,310.7951067770873,352.604723746139
Sonora,Bacoachi,11,Agua Prieta,141,Sorgo forrajero en verde,2016,2017,30.678498,-110.012426,1087.0,2,1.8888888888888888,0.0,1096.7308479520311,7.263118198357822,1.9033091693446438,12.108044148256779,22.23341059602649,6.385,31.97,30.535298013245033,9.11,42.94,13.931523178807947,1.86,24.19,32.72682119205298,9.54,78.37,27.00781456953642,9.99,33.04,2.545496688741722,0.79,4.85,138.64999999999998,0.9182119205298012,0.0,14.35,110.92000000000002,0.7345695364238412,0.0,11.48,16.040257637944002,7.465428023079783,19.112191171580758,0.12642117275984951,24,12,35,7,965.7788288056079,6.395886283480847,0.5709927508033931,10.897058467363058,77.32143752446049,0.5120625001619901,0.0,5.664000000000001,888.4573912811472,5.883823783318856,0.0,10.897058467363058,773.214375244605,8884.573912811473,9657.788288056077,854.8588288056078,0.080061226461223,0.9199387735387768,22.3,80.0,80.0,1784.0,974.37,1738276.08,34.67329036971323,398.4113862247297,433.08467659444295
Sonora,Bacoachi,11,Agua Prieta,141,Sorgo forrajero en verde,2017,2018,30.678498,-110.012426,1087.0,1,1.0,0.0,1111.2930665952945,7.359556732419168,2.6699498599704734,11.082482910244797,22.920761589403973,12.15,33.505,31.278940397350993,18.64,44.05,14.562582781456953,2.54,24.84,32.48192052980133,5.48,87.3,26.757284768211917,10.51,33.34,2.552317880794702,1.2,5.66,161.58,1.070066225165563,0.0,14.23,129.264,0.8560529801324503,0.0,11.384,15.700808140779321,7.0367051099287705,19.45419647050536,0.14539818960181047,26,15,38,5,978.9746427991981,6.48327578012714,1.0988299143974032,10.86527417445747,87.49883109176047,0.5794624575613276,0.0,5.640032842021387,891.4758117074377,5.903813322565813,0.0,10.86527417445747,874.9883109176046,8914.758117074378,9789.746427991982,849.7106427991981,0.08937803622938958,0.9106219637706104,22.0,225.0,225.0,4950.0,787.02,3895749.0,39.77219595080021,405.21627804883536,444.9884739996356
Sonora,Bacoachi,11,Agua Prieta,141,Sorgo forrajero en verde,2018,2019,30.678498,-110.012426,1087.0,4,3.3333333333333335,1.0,1140.6630821575854,7.554060146738976,3.2601276866119315,11.163072215171864,23.218675496688746,10.695,32.555,31.46682119205298,18.25,41.12,14.970529801324501,-1.15,24.9,30.460132450331123,6.6,80.22,26.58523178807947,7.32,32.98,2.6125827814569536,0.81,5.73,121.86,0.8070198675496689,0.0,15.8,97.48799999999999,0.645615894039735,0.0,12.64,15.63537620228553,6.260007034028702,19.966178775175074,0.10683259755325783,23,8,49,12,1015.2185173395442,6.72330143933473,1.1602960173347965,11.163072215171864,72.4436604035456,0.47975934042083185,0.0,6.318305676438854,942.7748569359985,6.243542098913897,0.0,11.163072215171864,724.4366040354561,9427.748569359985,10152.18517339544,917.7305173395442,0.07135770197867314,0.9286422980213268,21.3,250.0,250.0,5325.0,816.07,4345572.75,34.01110817067869,442.6173037258209,476.6284118964996
Sonora,Bacoachi,11,Agua Prieta,141,Sorgo forrajero en verde,2019,2020,30.678498,-110.012426,1087.0,1,1.0,0.0,1060.3385248760792,7.022109436265425,1.733827781711173,11.53217639368064,21.500066225165565,8.48,32.735,29.54271523178808,11.57,41.54,13.457417218543045,0.09,24.71,36.608278145695365,12.21,80.5,26.415430463576158,7.17,32.89,2.6379470198675494,1.04,5.36,155.25,1.0281456953642385,0.0,35.65,124.20000000000002,0.8225165562913909,0.0,28.52,15.887632224621713,5.689333299033049,19.360496228084976,0.14641550444292678,22,11,33,9,942.3428066752112,6.240680838908684,0.5201483345133519,9.802349934628543,69.93923348082933,0.4631737316611214,0.0,5.338222081803085,872.4035731943819,5.777507107247563,0.0,9.802349934628543,699.3923348082933,8724.035731943819,9423.428066752112,818.1428066752112,0.07421846167382551,0.9257815383261745,21.8,300.0,300.0,6540.0,825.78,5400601.2,32.082217193040975,400.1851253185238,432.2673425115647
Sonora,Bacoachi,11,Agua Prieta,141,Sorgo forrajero en verde,2020,2021,30.678498,-110.012426,1087.0,0,0.0,0.0,1047.6162569541461,6.937856006318849,1.1106747063076858,10.999570287932793,22.06682119205298,7.045,31.68,30.01721854304636,10.94,41.12,14.116423841059602,-1.0,24.33,40.06635761589404,12.44,88.15,26.35344370860927,4.01,33.85,2.519933774834437,1.01,4.99,192.35000000000002,1.2738410596026493,0.0,20.49,153.88,1.0190728476821191,0.0,16.392,15.986522256191485,4.118192775287645,19.29845119557679,0.18360730727799227,33,11,46,11,939.2210329059292,6.220006840436617,0.33320241189230576,9.955872376676995,81.88396997023278,0.5422779468227337,0.0,6.687957349764428,857.3370629356965,5.677728893613884,0.0,9.955872376676995,818.8396997023278,8573.370629356965,9392.210329059293,785.3410329059292,0.08718285377073125,0.9128171462292689,21.58,250.0,250.0,5395.0,855.27,4614181.65,37.944379040886375,397.28316169402063,435.227540734907
Sonora,Bacoachi,11,Agua Prieta,141,Sorgo forrajero en verde,2021,2022,30.678498,-110.012426,1087.0,5,4.444444444444445,1.0,1103.3583901916504,7.307009206567221,2.4445279693470217,11.477112396146296,22.196092715231785,5.66,33.175,30.471854304635762,10.97,42.51,13.920331125827817,-3.82,23.84,32.37483443708609,7.88,85.78,26.28562913907285,10.48,32.88,2.6886754966887416,0.83,5.7,160.07,1.0600662251655628,0.0,15.26,128.05599999999998,0.8480529801324502,0.0,12.208,15.505374610101612,8.052321047122717,18.983604514110155,0.14507525516908087,30,11,33,19,978.4146832681254,6.479567438861757,0.8930815832197314,11.477112396146296,82.18128551314936,0.5442469239281414,0.0,6.248204582840032,896.2333977549758,5.935320514933615,0.0,11.477112396146296,821.8128551314936,8962.333977549759,9784.146832681252,850.3586832681253,0.08399432972392172,0.9160056702760782,23.6,250.0,250.0,5900.0,870.0,5133000.0,34.82257860726668,379.75991430295585,414.5824929102225
Sonora,Bacoachi,11,Agua Prieta,141,Sorgo forrajero en verde,2022,2023,30.678498,-110.012426,1087.0,4,3.3333333333333335,0.7777777777777778,1111.1871233687202,7.358855121647154,3.1903469428294686,11.328463228905168,22.580596026490067,8.62,31.465,31.07503311258278,17.36,40.97,14.086158940397349,-1.23,23.17,30.87947019867549,3.17,80.33,26.731854304635764,11.31,32.92,2.5143046357615892,1.03,5.19,188.59,1.2489403973509934,0.0,25.19,150.87199999999999,0.9991523178807946,0.0,20.152,15.672372379993254,7.4046369196421455,19.324426808054316,0.16971938932145186,36,13,39,18,986.1458701376989,6.530767351905291,0.9571040828488405,11.328463228905168,102.93170549643419,0.681666923817445,0.0,6.254889353773197,883.2141646412647,5.849100428087846,0.0,11.328463228905168,1029.3170549643419,8832.141646412647,9861.458701376989,835.273870137699,0.10437776865816158,0.8956222313418384,22.4,250.0,250.0,5600.0,887.9,4972240.0,45.95165423947955,394.2920377862789,440.2436920257585
Sonora,Bacoachi,11,Agua Prieta,141,Sorgo forrajero en verde,2023,2024,30.678498,-110.012426,1087.0,2,2.0,0.0,1144.1687204936222,7.57727629465975,2.5974203506799216,11.271325877560702,22.50046357615894,4.535,33.28,31.181523178807954,10.67,42.78,13.819403973509937,-3.25,25.2,29.766622516556293,9.98,69.61,27.037350993377483,12.05,32.48,2.674701986754967,1.28,5.12,88.00999999999999,0.5828476821192052,0.0,11.48,70.40800000000002,0.46627814569536435,0.0,9.184000000000001,15.936560460018587,8.178909977086693,19.022237931098246,0.07692047372351722,22,5,45,13,1014.2690874779884,6.717013824357539,0.7792261052039765,9.761669599558115,62.98407491015403,0.4171130788751922,0.0,6.5555126181921795,951.2850125678344,6.299900745482347,0.0,9.761669599558115,629.8407491015403,9512.850125678344,10142.690874779884,943.8610874779883,0.062097993212793155,0.9379020067872069,21.28,150.0,150.0,3192.0,971.37,3100613.04,29.597779563042305,447.03243071796726,476.63021028100957
Sonora,Bacoachi,11,Agua Prieta,141,Alfalfa achicalada,2010,2011,30.678498,-110.012426,1087.0,1,1.0,0.0,226.98425131162134,2.986634885679228,0.901791649684028,6.0390701788340575,9.517763157894736,3.9050000000000002,15.16,16.823815789473684,8.45,26.17,2.2117105263157897,-4.1,8.06,55.87539473684211,25.63,91.75,16.397894736842105,4.23,25.47,2.7126315789473683,1.07,8.13,138.17,1.8180263157894736,0.0,31.24,110.536,1.454421052631579,0.0,24.992,8.794327504581753,3.760517993897478,14.329225325974967,0.6087206456024548,16,8,0,67,192.66631632375626,2.5350831095231086,0.8567020671998266,5.435163160950652,25.60640511865549,0.33692638314020384,0.0,2.3724160098920892,167.05991120510078,2.198156726382905,0.0,5.435163160950652,256.06405118655493,1670.5991120510078,1926.6631632375627,82.13031632375626,0.13290545855263314,0.8670945414473669,10.0,60.0,60.0,600.0,1800.0,1080000.0,25.606405118655495,167.05991120510078,192.66631632375626
Sonora,Bacoachi,11,Agua Prieta,141,Alfalfa achicalada,2011,2012,30.678498,-110.012426,1087.0,3,2.0,0.5,322.13070210604536,4.238561869816387,2.0675655351871125,7.266851870644337,11.873421052631578,-6.99,20.48,20.617894736842107,-3.05,30.08,3.128947368421053,-10.93,11.48,31.87552631578947,11.16,60.41,18.270789473684207,7.99,25.02,2.658552631578947,1.25,9.59,3.96,0.05210526315789474,0.0,3.65,3.168,0.04168421052631579,0.0,2.92,8.904924829856673,4.70465133808326,13.032578757126746,0.012293146769649944,1,0,0,51,283.8459030466151,3.7348145137712514,0.8712610600691385,6.540166683579903,2.450646961091265,0.032245354751200855,0.0,2.202646961091265,281.3952560855238,3.7025691590200496,0.0,6.540166683579903,24.506469610912653,2813.9525608552376,2838.45903046615,280.6779030466151,0.008633723209627596,0.9913662767903723,15.0,90.0,90.0,1350.0,2200.0,2970000.0,1.6337646407275102,187.59683739034918,189.2306020310767
Sonora,Bacoachi,11,Agua Prieta,141,Alfalfa achicalada,2012,2013,30.678498,-110.012426,1087.0,2,2.0,0.0,299.4488639524261,3.888946285096443,1.710632621507142,6.96700640484679,11.852792207792211,6.045,18.985,20.235714285714284,11.27,28.54,3.46987012987013,-2.52,9.56,39.74701298701299,18.43,68.27,18.24207792207792,6.55,26.01,2.468571428571429,0.78,5.84,10.83,0.14064935064935066,0.0,5.18,8.664,0.11251948051948052,0.0,4.144,9.18839284051714,4.938326024338551,13.785178734075629,0.03616644209984573,4,1,0,55,258.6563804854544,3.359173772538369,0.8942132033179604,6.270305764362112,6.01922006532725,0.07817168916009416,0.0,2.2261190748954656,252.63716042012715,3.2810020833782745,0.0,6.270305764362112,60.1922006532725,2526.3716042012716,2586.5638048545443,249.99238048545442,0.02327110606755646,0.9767288939324436,14.0,100.0,100.0,1400.0,2550.0,3570000.0,4.299442903805178,180.45511458580512,184.7545574896103
Sonora,Bacoachi,11,Agua Prieta,141,Alfalfa achicalada,2013,2014,30.678498,-110.012426,1087.0,2,2.0,0.0,276.5178857082223,3.638393233002925,1.2885643706919507,7.211674491249886,10.090131578947368,0.125,20.06,18.355131578947372,6.3,31.03,1.8251315789473685,-6.05,11.46,41.27092105263157,18.93,86.65,17.246315789473684,7.8,25.2,2.6528947368421054,1.03,5.32,29.68,0.39052631578947367,0.0,15.42,23.744,0.31242105263157893,0.0,12.336,8.82316840804057,5.150314276495575,13.347677181659835,0.10733482907980103,6,1,0,55,241.56653753614768,3.1785070728440483,0.8083486044650151,6.490507042124897,10.341071424029582,0.13606672926354713,0.0,2.112,231.2254661121181,3.0424403435805014,0.0,6.490507042124897,103.41071424029582,2312.254661121181,2415.665375361477,217.82253753614768,0.042808377060428573,0.9571916229395715,12.0,120.0,120.0,1440.0,2350.0,3384000.0,8.61755952002465,192.68788842676508,201.30544794678974
Sonora,Bacoachi,11,Agua Prieta,141,Alfalfa achicalada,2014,2015,30.678498,-110.012426,1087.0,2,2.0,0.0,319.5910339787733,4.2051451839312275,2.347544777672001,6.704304211327787,14.383947368421053,7.89,21.07,22.627763157894737,14.44,31.09,6.1401315789473685,-0.6,13.16,33.938947368421054,12.57,67.18,17.48723684210526,6.9,25.63,2.2981578947368417,1.26,5.56,12.65,0.16644736842105265,0.0,6.07,10.120000000000001,0.13315789473684211,0.0,4.856000000000001,8.709400682912724,4.733975939312585,13.473392784033582,0.03958183633161684,2,2,0,27,279.71967684209795,3.6805220637118152,0.9390179110688005,6.033873790195008,6.642925504459247,0.0874069145323585,0.0,3.346000941367421,273.07675133763877,3.5931151491794573,0.0,6.033873790195008,66.42925504459247,2730.767513376388,2797.1967684209803,269.59967684209795,0.023748509863355752,0.9762514901366445,13.0,145.0,145.0,1885.0,1793.1,3379993.5,5.109942695737882,210.05903949049136,215.16898218622924
Sonora,Bacoachi,11,Agua Prieta,141,Alfalfa achicalada,2015,2016,30.678498,-110.012426,1087.0,0,0.0,0.0,255.8004523901381,3.3657954261860277,0.9709376567310563,6.097817185011117,12.933223684210525,2.9149999999999996,17.605,20.439473684210526,8.7,27.03,5.426973684210526,-4.41,12.19,53.621315789473684,35.21,89.64,16.232236842105266,2.62,24.5,2.5038157894736845,1.1,6.45,97.48,1.2826315789473686,0.0,35.13,77.984,1.0261052631578946,0.0,28.104000000000003,8.719646060008737,3.160418216678974,13.821137718811933,0.38107829399506626,8,6,0,30,223.40374698180003,2.939522986602632,0.698668208175679,5.488035466510005,18.00572502082259,0.23691743448450778,0.0,2.9563831735641997,205.39802196097747,2.7026055521181247,0.0,5.488035466510005,180.05725020822592,2053.980219609775,2234.037469818001,145.41974698180002,0.08059723824725938,0.9194027617527408,12.3,170.0,170.0,2091.0,1915.0,4004265.0,14.638800829937066,166.99026175689227,181.62906258682932
Sonora,Bacoachi,11,Agua Prieta,141,Alfalfa achicalada,2016,2017,30.678498,-110.012426,1087.0,1,1.0,0.0,312.233553076113,4.0549812087806885,0.9271905726026373,5.885321821493894,12.837597402597405,2.945,20.515,21.440259740259744,8.46,29.49,4.234935064935065,-5.14,12.98,40.49324675324675,22.58,88.04,18.047272727272727,5.57,25.44,2.5479220779220784,1.27,5.72,54.879999999999995,0.7127272727272727,0.0,14.11,43.904,0.5701818181818182,0.0,11.288,9.120234717726293,4.119674412269147,13.652138397962407,0.1757658632755011,8,5,0,44,279.3501294493979,3.6279237590830897,0.37087622904105494,5.296789639344504,8.031661070680206,0.10430728663221048,0.0,1.7683820331364852,271.3184683787177,3.523616472450879,0.0,5.296789639344504,80.31661070680207,2713.1846837871767,2793.501294493979,235.44612944939792,0.02875123446876755,0.9712487655312324,13.1,180.0,180.0,2358.0,1926.57,4542852.06,6.131038985252066,207.1133346402425,213.24437362549457
Sonora,Bacoachi,11,Agua Prieta,141,Alfalfa achicalada,2017,2018,30.678498,-110.012426,1087.0,1,1.0,0.0,278.56226678457597,3.6652929840075785,0.9241533392291044,6.222771662486109,13.300723684210526,4.79,22.725,20.979999999999997,9.2,30.79,5.621447368421052,-3.32,15.15,48.077763157894736,27.97,89.39,16.690263157894737,5.04,25.0,2.526315789473684,1.14,6.47,76.79,1.0103947368421053,0.0,18.44,61.432,0.8083157894736842,0.0,14.752000000000002,8.80651541518011,3.895872452185384,13.613477698735906,0.2756654764709571,8,5,0,32,243.1534671955119,3.1993877262567354,0.3696613356916418,5.6004944962374985,11.591280358257503,0.15251684681917768,0.0,1.9380327460736357,231.56218683725442,3.046870879437558,0.0,5.6004944962374985,115.91280358257504,2315.621868372544,2431.5346719551194,181.72146719551188,0.04767063571804767,0.9523293642819525,12.5,200.0,200.0,2500.0,2886.99,7217475.0,9.273024286606002,185.24974946980353,194.52277375640955
Sonora,Bacoachi,11,Agua Prieta,141,Alfalfa achicalada,2018,2019,30.678498,-110.012426,1087.0,3,3.0,1.0,299.215315075986,3.937043619420868,0.9469248879089238,5.907064512392948,13.557894736842103,5.43,19.34,21.3628947368421,9.27,28.21,5.752894736842105,-2.86,11.64,40.92894736842105,22.1,93.09,16.744473684210526,3.84,25.13,2.6315789473684212,1.2,5.65,52.76,0.6942105263157895,0.0,18.79,42.208000000000006,0.5553684210526316,0.0,15.032,8.568316694220234,3.8021585010592847,14.198299631171725,0.17632787274475423,6,3,0,32,261.3875575814,3.439309968176316,0.8674012841577124,5.6117112867733,11.393611260864475,0.1499159376429536,0.0,2.398558402194742,249.99394632053554,3.289394030533362,0.0,5.6117112867733,113.93611260864475,2499.9394632053554,2613.875575814,219.17955758140002,0.0435889579683468,0.9564110420316532,13.42,190.0,190.0,2550.0,2449.2,6245460.0,8.490023294235824,186.2846097768521,194.77463307108792
Sonora,Bacoachi,11,Agua Prieta,141,Alfalfa achicalada,2019,2020,30.678498,-110.012426,1087.0,0,0.0,0.0,233.54584430021026,3.0729716355290826,0.8400698246407337,5.647252185448957,10.891052631578946,1.5199999999999998,19.105,18.147631578947372,6.39,27.24,3.634473684210526,-4.06,10.97,53.9046052631579,31.15,90.6,15.25947368421053,2.64,25.45,2.5163157894736843,1.02,5.32,112.08,1.4747368421052631,0.0,35.65,89.664,1.1797894736842105,0.0,28.52,8.290550930545812,3.1326195284372016,14.209327107779544,0.47990577753945113,16,5,0,41,206.00783879093603,2.710629457775474,0.3586352898495393,5.082526966904061,21.712625600368217,0.28569244211010814,0.0,3.608289144398253,184.29521319056778,2.4249370156653653,0.0,5.082526966904061,217.12625600368216,1842.9521319056778,2060.07838790936,116.34383879093603,0.10539708453717117,0.8946029154628287,13.6,190.0,190.0,2584.0,2240.81,5790253.04,15.965165882623689,135.51118616953514,151.47635205215883
Sonora,Bacoachi,11,Agua Prieta,141,Alfalfa achicalada,2020,2021,30.678498,-110.012426,1087.0,0,0.0,0.0,226.31371519089834,2.939139158323355,1.1106747063076858,4.86442882418753,11.093961038961037,1.7299999999999995,16.82,18.317662337662338,8.87,24.29,3.870259740259741,-5.41,12.8,59.28896103896104,34.21,88.15,16.10948051948052,3.34,24.99,2.3594805194805195,1.16,6.3,100.78999999999999,1.3089610389610389,0.0,20.14,80.632,1.0471688311688312,0.0,16.112000000000002,8.736924175232252,3.451740832768982,14.30820549313872,0.44535524466549636,13,6,0,49,196.9213371869289,2.557419963466609,0.6975639508979623,4.377985941768777,22.170456919230713,0.2879280119380612,0.0,2.5264379951036418,174.7508802676982,2.269491951528548,0.0,4.377985941768777,221.70456919230713,1747.508802676982,1969.2133718692892,116.28933718692889,0.11258534618920071,0.8874146538107993,13.74,190.0,190.0,2610.0,2626.27,6854564.7,16.135703725786545,127.18404677416171,143.31975049994827
Sonora,Bacoachi,11,Agua Prieta,141,Alfalfa achicalada,2021,2022,30.678498,-110.012426,1087.0,4,4.0,1.0,295.77547906718075,3.89178261930501,1.1695039362313893,6.3719578862871185,11.524605263157897,1.87,18.69,19.939736842105265,5.41,27.61,3.1094736842105264,-4.12,11.37,38.82355263157895,18.3,85.71,17.44171052631579,7.63,25.66,2.6456578947368423,1.01,4.68,51.370000000000005,0.675921052631579,0.0,19.89,41.096000000000004,0.5407368421052632,0.0,15.912,8.80272857717003,5.038035012240143,13.9788861246615,0.17367903574025526,6,3,0,52,257.4228871329112,3.387143251748832,0.7702772314729748,5.734762097658407,9.79859404877448,0.12892886906282208,0.0,2.368,247.62429308413678,3.25821438268601,0.0,5.734762097658407,97.98594048774478,2476.242930841368,2574.2288713291127,216.32688713291122,0.038064191408572465,0.9619358085914277,13.76,190.0,190.0,2614.4,3038.63,7944194.27,7.121071256376801,179.95951532277383,187.08058657915063
Sonora,Bacoachi,11,Agua Prieta,141,Alfalfa achicalada,2022,2023,30.678498,-110.012426,1087.0,2,2.0,0.0,296.3660078446295,3.8995527347977568,1.7454319834527048,7.650342467504836,11.377763157894737,2.2449999999999997,18.745,19.867631578947368,10.29,29.14,2.8878947368421053,-6.04,10.75,39.58184210526316,18.44,75.39,17.978815789473682,7.41,25.68,2.6988157894736844,0.93,6.31,6.119999999999999,0.08052631578947367,0.0,2.01,4.896000000000001,0.06442105263157896,0.0,1.6079999999999999,9.08187383219352,5.001814146650813,13.640018306523924,0.020650141507484968,2,0,0,58,258.75000033395213,3.4046052675520015,0.709123904792199,6.885308220754353,3.997123904792199,0.05259373558937104,0.0,1.304,254.75287642915995,3.352011531962631,0.0,6.885308220754353,39.97123904792199,2547.5287642915996,2587.5000033395218,253.85400033395211,0.01544782183433185,0.9845521781656682,14.3,190.0,190.0,2717.0,3088.33,8390992.61,2.7951915418127267,178.1488646357762,180.94405617758892
Sonora,Bacoachi,11,Agua Prieta,141,Alfalfa achicalada,2023,2024,30.678498,-110.012426,1087.0,2,1.75,0.0,254.63571455338763,3.3504699283340478,1.096578473954618,5.669025287679523,10.716842105263158,2.2700000000000005,18.049999999999997,18.26697368421053,8.05,27.24,3.1667105263157893,-4.7,12.03,48.06802631578948,27.34,87.0,15.852368421052631,1.66,23.45,2.8076315789473685,1.0,6.28,71.38000000000001,0.9392105263157896,0.0,13.2,57.104000000000006,0.7513684210526317,0.0,10.56,8.371173023405825,2.808868584586411,13.222009499967958,0.28032202837373105,12,6,0,48,222.65162107764453,2.9296265931269017,0.6106812995013127,5.2125292280966,18.214450231935245,0.23966381884125323,0.0,2.2399999999999998,204.43717084570932,2.689962774285649,0.0,5.2125292280966,182.14450231935245,2044.371708457093,2226.5162107764454,165.54762107764452,0.08180695089385126,0.9181930491061489,24.35,193.0,193.0,4699.55,3950.0,18563222.5,7.480267035702359,83.95777036784776,91.43803740355011
Sonora,Bacoachi,11,Agua Prieta,141,Pastos y praderas,2010,2011,30.678498,-110.012426,1087.0,1,1.0,0.0,1560.5999962735996,6.3697959031575495,2.0088830645266955,11.008096705408306,22.001959183673467,6.73,31.35,29.775346938775513,14.34,40.24,14.228571428571426,-1.66,23.64,43.572816326530614,9.63,88.44,24.925061224489795,8.01,33.19,2.3844897959183675,0.93,6.15,353.56,1.4431020408163266,0.0,22.31,212.13599999999997,0.8658612244897957,0.0,13.386,15.021635333864443,6.2145156464804705,19.252869300495526,0.22655389007063342,56,23,48,33,1311.0969302423528,5.351416041805521,0.9363126906874565,9.35688219959706,144.38811474648196,0.5893392438631917,0.0,5.936496672407794,1166.708815495871,4.76207679794233,0.0,9.35688219959706,1443.8811474648196,11667.08815495871,13110.96930242353,1098.9609302423528,0.11012771932872438,0.8898722806712758,20.0,12.0,12.0,240.0,600.0,144000.0,68.65816202875985,554.7830791706472,623.441241199407
Sonora,Bacoachi,11,Agua Prieta,141,Pastos y praderas,2011,2012,30.678498,-110.012426,1087.0,5,4.125,1.0,1715.3203306523828,7.001307472050542,3.1187457544964667,12.003044654391614,23.34483673469388,10.11,33.400000000000006,31.66269387755102,16.94,43.34,15.026979591836737,1.35,23.59,34.29134693877551,6.28,80.15,25.262081632653057,13.27,33.27,2.4225714285714286,0.66,6.71,254.05999999999997,1.0369795918367346,0.0,18.24,152.43599999999998,0.6221877551020407,0.0,10.943999999999999,14.80387579775921,8.438968549505718,19.34232578253038,0.1481122770248832,52,17,62,9,1431.5371005311872,5.843008573596682,1.8704235941238576,10.202587956232872,136.2804830284324,0.5562468695038058,0.0,5.92158826306575,1295.256617502755,5.286761704092878,0.0,10.202587956232872,1362.804830284324,12952.56617502755,14315.371005311874,1279.1011005311873,0.09519870842178248,0.9048012915782176,21.0,177.0,177.0,3717.0,800.0,2973600.0,79.46383850054367,755.2516720132683,834.715510513812
Sonora,Bacoachi,11,Agua Prieta,141,Pastos y praderas,2012,2013,30.678498,-110.012426,1087.0,3,2.625,0.625,1625.6322828315306,6.635233807475635,1.976459265871248,11.410809396648528,22.770551020408163,6.22,30.37,30.71983673469388,10.56,39.99,14.821265306122449,-2.9,23.16,38.080448979591836,6.05,80.86,24.861755102040817,6.84,33.15,2.3162857142857143,0.71,5.84,302.5,1.2346938775510203,0.0,15.96,181.50000000000003,0.7408163265306124,0.0,9.576,14.702497861071443,5.674013102149944,19.18362020238131,0.1860814423992028,59,25,53,18,1357.9640589203523,5.542710444572866,1.6799903759905608,9.699187987151248,159.9596158847104,0.6528963913661648,0.0,5.7780000000000005,1198.004443035642,4.889814053206702,0.0,9.699187987151248,1599.5961588471039,11980.04443035642,13579.640589203524,1176.4640589203523,0.11779370362120342,0.8822062963787967,18.0,180.0,180.0,3240.0,950.0,3078000.0,111.5867568083086,835.7198765508489,947.3066333591574
Sonora,Bacoachi,11,Agua Prieta,141,Pastos y praderas,2013,2014,30.678498,-110.012426,1087.0,3,2.6,0.6,1644.7306345834286,6.713186263605831,2.6446885870028622,11.668443028564553,22.720408163265308,8.1,32.015,30.710122448979593,14.1,43.17,14.73069387755102,-0.21,25.23,38.29518367346939,6.79,80.94,24.96677551020408,10.5,32.78,2.405183673469388,0.91,6.47,305.34999999999997,1.2463265306122449,0.0,30.44,183.20999999999998,0.7477959183673468,0.0,18.264,14.770665277861623,7.216727202839095,19.18756445362647,0.18565350068848077,48,17,41,12,1376.3278903346445,5.617664858508753,1.246123172937037,9.91817657427987,124.58327510223727,0.5085031636826011,0.0,5.557974861283766,1251.744615232407,5.109161694826152,0.0,9.91817657427987,1245.8327510223726,12517.446152324072,13763.278903346443,1193.1178903346445,0.09051860096502565,0.9094813990349743,18.5,180.0,180.0,3330.0,865.79,2883080.7,84.77936379873239,851.8166827032372,936.5960465019696
Sonora,Bacoachi,11,Agua Prieta,141,Pastos y praderas,2014,2015,30.678498,-110.012426,1087.0,4,2.3125,0.4375,1580.3576463875106,6.450439373010248,1.22956690339365,11.510417588878266,22.772142857142853,12.225,32.185,30.193061224489796,19.0,42.41,15.351224489795918,2.95,22.0,42.962530612244905,7.35,89.61,24.36779591836735,2.56,32.5,2.294408163265306,0.69,5.89,471.8699999999999,1.9259999999999995,0.0,68.27,283.12199999999996,1.1555999999999997,0.0,40.961999999999996,14.619467920316383,3.1619098030912633,19.134210205001526,0.29858431164529914,60,31,45,2,1322.8353940141862,5.399328138833413,1.0451318678846024,9.783854950546525,156.37057941428566,0.6382472629154516,0.0,5.6790549026705825,1166.4648145999006,4.761080875917962,0.0,9.783854950546525,1563.7057941428566,11664.648145999006,13228.353940141864,1039.7133940141862,0.11820864494695303,0.881791355053047,18.0,170.0,170.0,3060.0,967.65,2961009.0,108.66614274794,810.607932314038,919.274075061978
Sonora,Bacoachi,11,Agua Prieta,141,Pastos y praderas,2015,2016,30.678498,-110.012426,1087.0,0,0.0,0.0,1434.4612086447478,5.854943708754073,1.5070359631531116,10.727131035680443,22.24681632653061,7.425000000000001,32.239999999999995,29.295346938775513,12.06,41.87,15.198285714285712,1.53,23.51,49.87636734693877,14.75,88.03,23.42322448979592,6.35,33.09,2.2513469387755105,0.59,5.38,446.96000000000004,1.8243265306122451,0.0,30.95,268.176,1.0945959183673468,0.0,18.57,14.52068019844171,5.184493520337303,19.878428255275423,0.31158737322864205,76,26,27,6,1203.1222862715995,4.910703209271834,0.6028143852612446,9.118061380328376,178.24438289897012,0.7275280934651841,0.0,5.792944414535658,1024.8779033726294,4.183175115806651,0.0,9.115937748278673,1782.4438289897012,10248.779033726294,12031.222862715995,934.9462862715995,0.14815150956212297,0.851848490437877,18.2,100.0,100.0,1820.0,995.0,1810900.0,120.47609523418055,692.7190965681848,813.1951918023653
Sonora,Bacoachi,11,Agua Prieta,141,Pastos y praderas,2016,2017,30.678498,-110.012426,1087.0,2,1.9166666666666667,0.0,1602.7874321750244,6.541989519081732,1.9033091693446438,12.108044148256779,23.082591836734696,6.385,31.97,30.832367346938778,9.11,42.94,15.332816326530612,1.86,24.19,39.602081632653054,9.54,86.27,24.79461224489796,7.23,33.04,2.281469387755102,0.79,5.25,290.38,1.1852244897959183,0.0,26.95,174.228,0.711134693877551,0.0,16.169999999999998,14.841651414356914,5.895505237780739,19.112191171580758,0.18117187230869833,47,19,42,7,1340.2720253758814,5.4704980627587,0.7613236677378575,10.291837526018261,113.47827886538806,0.4631766484301554,0.0,4.860892088197881,1226.7937465104933,5.007321414328544,0.0,10.291837526018261,1134.7827886538807,12267.937465104933,13402.720253758813,1166.0440253758813,0.08466809477244958,0.9153319052275504,19.5,120.0,120.0,2340.0,769.0,1799460.0,73.25905672394323,791.9907982637142,865.2498549876574
Sonora,Bacoachi,11,Agua Prieta,141,Pastos y praderas,2017,2018,30.678498,-110.012426,1087.0,2,1.0909090909090908,0.0,1665.3613687963848,6.79739334202606,2.6699498599704734,11.082482910244797,23.664102040816328,12.15,33.505,31.655428571428573,18.64,44.05,15.672775510204085,2.54,24.84,37.83787755102042,5.48,87.3,24.975999999999996,10.51,33.34,2.345551020408163,0.83,5.66,232.87,0.9504897959183674,0.0,14.23,186.29600000000002,0.760391836734694,0.0,11.384,14.778686291316337,7.0367051099287705,19.45419647050536,0.13983151306572178,43,19,49,5,1393.226223549315,5.686637647140061,1.465106552529871,9.420110473708078,137.38448704518348,0.5607530083476877,0.0,5.640032842021387,1255.8417365041314,5.125884638792373,0.0,9.420110473708078,1373.8448704518348,12558.417365041314,13932.262235493148,1206.9302235493149,0.09860888685772042,0.9013911131422796,19.8,85.0,85.0,1683.0,878.05,1477758.15,82.51320543254263,754.2593012036826,836.7725066362252
Sonora,Bacoachi,11,Agua Prieta,141,Pastos y praderas,2018,2019,30.678498,-110.012426,1087.0,4,2.4375,0.625,1580.6022928838092,6.451437930137997,1.3527146768842984,11.163072215171864,23.205571428571428,10.695,32.555,30.62269387755102,17.86,41.12,15.788448979591838,-1.15,24.9,43.293102040816315,6.6,87.87,24.182000000000002,4.48,32.98,2.2679591836734696,0.81,5.73,423.2,1.7273469387755103,0.0,27.44,253.92,1.0364081632653062,0.0,16.464,14.579430016635762,4.18705564300276,19.966178775175074,0.2677460370045848,63,24,60,12,1321.6898291505895,5.394652363879957,1.1498074753516536,9.488611382896083,156.388898317608,0.6383220339494204,0.0,6.318305676438854,1165.3009308329817,4.756330329930538,0.0,9.488611382896083,1563.88898317608,11653.009308329818,13216.898291505899,1067.7698291505894,0.11832496162742999,0.8816750383725702,23.2,90.0,90.0,2088.0,749.21,1564350.48,88.85732858955,662.1028016096487,750.9601301991987
Sonora,Bacoachi,11,Agua Prieta,141,Pastos y praderas,2019,2020,30.678498,-110.012426,1087.0,1,1.0,0.0,1528.3582494523157,6.2381969365400645,1.733827781711173,11.53217639368064,22.349183673469383,8.48,32.735,29.805795918367348,11.57,41.54,14.89257142857143,0.09,24.71,45.00832653061225,12.21,82.82,24.217714285714283,4.78,32.89,2.31134693877551,0.78,5.46,366.21,1.494734693877551,0.0,35.65,219.726,0.8968408163265306,0.0,21.389999999999997,14.745131819493269,4.434949054531163,19.360496228084976,0.23961005224477352,59,25,42,11,1280.8912069495457,5.228127375304268,1.0032813710402326,9.802349934628543,140.3505229726423,0.5728592774393563,0.0,5.311948033206856,1140.5406839769034,4.655268097864912,0.0,9.802349934628543,1403.5052297264228,11405.406839769035,12808.912069495458,1061.1652069495458,0.10957255558564444,0.8904274444143556,24.1,120.0,120.0,2892.0,781.71,2260705.32,74.259535964361,603.4606793528591,677.7202153172201
Sonora,Bacoachi,11,Agua Prieta,141,Pastos y praderas,2022,2023,30.678498,-110.012426,1087.0,4,2.6875,0.5625,1531.008403293517,6.249013890993947,2.2057266285850483,11.328463228905168,22.570877551020406,8.62,31.465,30.09816326530612,17.36,40.97,15.043591836734693,-1.23,23.17,44.42636734693878,3.17,88.18,24.043142857142858,8.33,32.92,2.222326530612245,0.77,5.19,457.38,1.8668571428571428,0.0,25.19,274.428,1.1201142857142856,0.0,15.114,14.474630727006808,6.179347224178373,19.324426808054316,0.2987442779648241,81,31,39,21,1280.7995680231506,5.227753338870003,1.2761387771317876,9.629193744569392,198.59877644383982,0.810607250791183,0.0,6.254889353773197,1082.200791579311,4.4171460880788205,0.0,9.629193744569392,1985.9877644383982,10822.00791579311,12807.995680231508,1006.3715680231506,0.15505843490435198,0.8449415650956482,23.65,105.0,105.0,2483.25,875.0,2172843.75,105.3015781780699,573.807418652869,679.108996830939
Sonora,Bacoachi,11,Agua Prieta,141,Pastos y praderas,2023,2024,30.678498,-110.012426,1087.0,4,2.875,0.5,1718.2712701336754,7.013352122994593,2.5094432792044747,11.271325877560702,23.98479591836735,4.535,33.28,32.2325306122449,10.67,42.78,15.737061224489796,-3.25,25.2,34.134897959183675,9.98,74.57,24.93914285714286,10.48,32.48,2.4226122448979592,0.93,5.12,197.78000000000003,0.8072653061224491,0.0,20.29,158.22400000000002,0.6458122448979593,0.0,16.232,14.767681043237271,7.1535371699901535,19.022237931098246,0.11510406036446937,45,13,86,13,1440.6808937259968,5.880330178473456,1.0389681402719686,9.580626995926597,122.02440067301973,0.4980587782572234,0.0,6.5555126181921795,1318.656493052977,5.382271400216233,0.0,9.580626995926597,1220.2440067301973,13186.56493052977,14406.808937259968,1282.456893725997,0.08469911776051328,0.9153008822394867,25.26,135.0,135.0,3410.1,875.0,2983837.5,62.241469356296726,672.6123402463539,734.8538096026507
Sonora,Bacoachi,11,Agua Prieta,141,Frijol,2010,2011,30.678498,-110.012426,1087.0,0,0.0,0.0,1040.9495813901262,7.382621144610824,2.7512954155188343,11.008096705408306,25.563936170212767,12.44,31.35,33.16056737588653,20.24,40.24,17.967304964539007,3.3,23.64,41.282411347517744,9.63,83.7,26.862695035460995,11.4,33.19,2.3139716312056744,1.02,5.49,283.27000000000004,2.0090070921985816,0.0,22.31,169.96200000000002,1.205404255319149,0.0,13.386,16.55681090059397,8.602745077315893,19.252869300495526,0.27212653241255913,43,19,47,2,837.6518561259905,5.940793305858089,1.2219887878336624,12.659311211219551,97.27734641209106,0.6899102582417805,0.0,6.88884196798717,740.3745097138994,5.250883047616308,0.0,12.659311211219551,972.7734641209106,7403.745097138994,8376.518561259905,667.6898561259906,0.11613099845797949,0.8838690015420204,0.8,15.0,15.0,12.0,12000.0,144000.0,1215.966830151138,9254.681371423743,10470.64820157488
Sonora,Bacoachi,11,Agua Prieta,141,Frijol,2011,2012,30.678498,-110.012426,1087.0,5,4.25,1.0,1061.6572046391404,7.529483720844968,3.1187457544964667,12.003044654391614,25.93301418439716,15.05,33.400000000000006,33.71354609929078,23.91,43.34,18.15248226950355,6.05,23.59,38.25120567375887,6.28,80.15,26.51028368794326,13.27,33.27,2.331418439716312,0.66,6.71,241.41999999999996,1.7121985815602834,0.0,18.24,193.136,1.3697588652482269,0.0,14.591999999999999,16.212608129594066,9.500905528474117,19.34232578253038,0.22739920093327973,49,17,60,0,853.8790425382664,6.055879734313946,1.0915610140737633,13.803501352550354,126.57259974763069,0.8976780123945439,0.0,5.9827827530629705,727.3064427906357,5.1582017219194025,0.0,13.803501352550354,1265.725997476307,7273.064427906357,8538.790425382664,660.7430425382664,0.14823247022362465,0.8517675297763754,0.78,30.0,30.0,23.4,16050.0,375570.0,1622.725637790137,9324.44157423892,10947.167212029057
Sonora,Bacoachi,11,Agua Prieta,141,Frijol,2012,2013,30.678498,-110.012426,1087.0,3,3.0,1.0,1013.6916653929575,7.189302591439414,3.3841475461239816,11.410809396648528,25.558581560283688,18.78,30.37,33.00375886524823,24.42,39.99,18.113404255319146,7.89,23.16,42.57042553191489,6.05,80.86,26.035886524822697,14.26,33.15,2.2221276595744675,0.71,5.2,296.85999999999996,2.1053900709219855,0.0,15.96,178.11599999999999,1.2632340425531914,0.0,9.576,16.07066490087403,10.135558937504227,19.18362020238131,0.29285039044384586,57,25,51,0,803.1062487501097,5.695788998227728,1.1844516411433934,13.122430806145806,135.46582846156622,0.9607505564650086,0.0,6.173890842497209,667.6404202885435,4.73503844176272,0.0,13.122430806145806,1354.658284615662,6676.404202885435,8031.062487501096,624.9902487501097,0.16867734334329287,0.8313226566567072,0.8,30.0,30.0,24.0,14000.0,336000.0,1693.3228557695775,8345.505253606792,10038.828109376369
Sonora,Bacoachi,11,Agua Prieta,141,Frijol,2013,2014,30.678498,-110.012426,1087.0,3,2.6666666666666665,0.6666666666666666,1024.870806805864,7.268587282311093,2.873300989489243,11.668443028564553,25.831843971631205,18.305,32.015,33.254609929078015,24.83,43.17,18.4090780141844,9.49,25.23,42.61049645390071,10.02,80.94,25.83177304964539,11.9,32.78,2.3057446808510638,0.91,5.76,297.07,2.1068794326241136,0.0,30.44,178.242,1.264127659574468,0.0,18.264,16.006803892879162,8.827213208272491,19.18756445362647,0.28986092493536353,45,17,41,0,825.9993828323411,5.858151651293199,1.067462508787594,13.418709482849236,111.7721486408928,0.792710274048885,0.0,7.519613047619212,714.2272341914485,5.065441377244316,0.0,13.418709482849236,1117.7214864089278,7142.272341914485,8259.993828323413,647.7573828323411,0.13531747234196176,0.8646825276580384,1.0,32.0,32.0,32.0,11562.5,370000.0,1117.7214864089278,7142.272341914485,8259.993828323413
Sonora,Bacoachi,11,Agua Prieta,141,Frijol,2014,2015,30.678498,-110.012426,1087.0,4,2.5555555555555554,0.4444444444444444,1004.960953586685,7.127382649550958,1.22956690339365,11.510417588878266,25.424184397163124,16.235,32.185,32.528297872340424,22.79,42.41,18.320070921985813,8.5,22.0,43.98397163120568,7.35,89.61,25.553333333333335,2.56,32.5,2.2795744680851064,0.79,5.89,408.78999999999996,2.899219858156028,0.0,68.27,245.274,1.739531914893617,0.0,40.961999999999996,15.848265781352358,3.1619098030912633,19.134210205001526,0.40677202287415926,52,27,45,0,811.981566440483,5.758734513762291,0.43034841618777747,13.236980227210005,113.51474741690723,0.8050691306163633,0.0,7.565999999999999,698.4668190235759,4.953665383145928,0.0,13.236980227210005,1135.1474741690722,6984.6681902357595,8119.815664404832,566.707566440483,0.1397996606185612,0.860200339381439,0.84,30.0,30.0,25.26,9550.0,241233.0,1351.366040677467,8315.081178852095,9666.447219529562
Sonora,Bacoachi,11,Agua Prieta,141,Frijol,2015,2016,30.678498,-110.012426,1087.0,0,0.0,0.0,925.1877227923824,6.561615055265123,2.763281235302607,10.727131035680443,25.016418439716308,15.415,32.239999999999995,31.866524822695037,21.99,41.87,18.16631205673759,6.02,23.51,49.70645390070922,14.75,82.84,25.023758865248222,9.51,33.09,2.1523404255319147,0.59,5.38,302.08000000000004,2.1424113475177307,0.0,22.41,181.24800000000005,1.2854468085106385,0.0,13.446,15.961872918149156,7.511695664028103,19.878428255275423,0.32650671053899033,59,19,27,0,745.157884269888,5.284807689857361,0.9671484323559123,12.33620069103251,127.79064080443625,0.9063166014499024,0.0,6.071999999999999,617.3672434654519,4.37849108840746,0.0,12.333327541788794,1277.9064080443625,6173.672434654519,7451.578842698881,563.9098842698879,0.1714947174311208,0.8285052825688795,0.85,30.0,30.0,25.5,9600.0,244800.0,1503.419303581603,7263.144040770022,8766.563344351625
Sonora,Bacoachi,11,Agua Prieta,141,Frijol,2016,2017,30.678498,-110.012426,1087.0,2,2.0,0.0,1010.8693412571403,7.169286108206668,2.1675977815508976,12.108044148256779,25.626205673758864,15.24,31.97,33.00758865248227,23.89,42.94,18.244822695035463,6.25,24.19,42.03985815602837,9.54,86.27,26.26382978723404,7.23,33.04,2.2119148936170214,0.79,5.25,266.72999999999996,1.8917021276595742,0.0,26.95,160.03799999999998,1.1350212765957446,0.0,16.169999999999998,16.297703531432965,5.895505237780739,19.112191171580758,0.26386199394304355,43,18,42,0,806.6890916844604,5.721199231804684,0.7586592235428141,13.924250770495295,97.24852455434258,0.6897058479031388,0.0,6.576501060503015,709.4405671301179,5.031493383901545,0.0,13.924250770495295,972.4852455434258,7094.405671301179,8066.890916844604,646.6510916844604,0.12055267085771096,0.8794473291422891,0.81,35.0,35.0,28.35,10750.79,304784.9,1200.5990685721306,8758.525520124911,9959.124588697041
Sonora,Bacoachi,11,Agua Prieta,141,Frijol,2017,2018,30.678498,-110.012426,1087.0,1,1.0,0.0,1007.6605976002669,7.1465290609948005,2.6699498599704734,11.082482910244797,25.79127659574468,12.690000000000001,33.505,33.247304964539,18.64,44.05,18.33524822695036,6.74,24.84,42.03049645390071,5.48,87.3,25.77645390070922,11.39,33.34,2.2196453900709217,0.83,4.78,230.15,1.6322695035460992,0.0,14.23,184.12000000000003,1.3058156028368797,0.0,11.384,15.939469562938475,8.422713828189133,19.45419647050536,0.2284003170790838,42,19,47,0,797.3317394702015,5.6548350317035565,1.2037542899652107,12.744855346781517,132.35128893868585,0.938661623678623,0.0,6.984000000000001,664.9804505315154,4.7161734080249325,0.0,12.744855346781517,1323.5128893868587,6649.8045053151545,7973.317394702013,613.2117394702015,0.16599275105570058,0.8340072489442992,0.7,20.0,20.0,14.0,14802.86,207240.04,1890.7326991240839,9499.720721878793,11390.453421002878
Sonora,Bacoachi,11,Agua Prieta,141,Frijol,2018,2019,30.678498,-110.012426,1087.0,4,2.4444444444444446,0.6666666666666666,1016.1656222228476,7.206848384559202,2.9805430752190136,11.163072215171864,26.20276595744681,15.345,32.555,33.35205673758866,21.8,41.12,19.053475177304964,6.86,24.9,43.380141843971636,6.6,82.93,25.865106382978723,7.32,32.98,2.1753191489361705,0.81,5.73,316.19,2.242482269503546,0.0,27.44,189.71400000000003,1.345489361702128,0.0,16.464,16.04771742591393,6.260007034028702,19.966178775175074,0.3111599065006145,53,19,60,0,814.6772915075267,5.777853131259055,1.0431900763266546,12.837533047447643,113.17778425848002,0.8026793209821278,0.0,6.72,701.4995072490467,4.975173810276927,0.0,12.837533047447643,1131.7778425848,7014.995072490467,8146.772915075267,624.9632915075266,0.13892345526048627,0.8610765447395138,0.83,18.0,18.0,14.94,15245.78,227771.95,1363.5877621503616,8451.80129215719,9815.389054307552
Sonora,Bacoachi,11,Agua Prieta,141,Frijol,2019,2020,30.678498,-110.012426,1087.0,1,1.0,0.0,994.6515025025467,7.054265975195366,3.0090455736699737,11.53217639368064,25.342269503546103,15.3,32.735,32.463617021276605,21.87,41.54,18.220921985815604,7.4,24.71,44.13375886524822,12.21,82.82,25.96489361702128,13.56,32.89,2.2641843971631204,0.78,5.36,254.79999999999998,1.8070921985815602,0.0,25.91,152.88,1.0842553191489361,0.0,15.546,16.23819387926966,9.807793444053091,19.360496228084976,0.25617012527395,46,19,42,0,817.7451769507909,5.799611184048162,1.0531659507844908,13.262002852732735,100.15261651916288,0.710302244816758,0.0,6.762,717.592560431628,5.089308939231405,0.0,13.262002852732735,1001.5261651916287,7175.92560431628,8177.451769507909,664.8651769507909,0.12247411460451783,0.8775258853954822,1.1,20.0,20.0,22.0,15500.0,341000.0,910.4783319923897,6523.5687311966185,7434.047063189008
Sonora,Bacoachi,11,Agua Prieta,141,Frijol,2020,2021,30.678498,-110.012426,1087.0,2,1.75,0.0,1065.866509276463,7.559336945223142,2.3531485915175168,10.999570287932793,26.952872340425532,20.31,31.68,34.797375886524826,24.42,41.12,19.10836879432624,10.78,24.33,39.225531914893615,12.44,79.47,26.386382978723407,9.03,33.85,2.2722695035460996,0.56,4.49,218.19,1.5474468085106383,0.0,19.2,174.552,1.2379574468085106,0.0,15.36,16.38104975972439,6.996449148843515,19.29845119557679,0.20470668521906452,47,15,73,0,843.434044063589,5.981801730947439,0.8236020070311308,12.64950583112271,119.40998901221366,0.8468793546965507,0.0,9.048412884975402,724.0240550513752,5.134922376250888,0.0,12.64950583112271,1194.0998901221365,7240.240550513752,8434.34044063589,668.882044063589,0.14157596536761444,0.8584240346323854,1.26,27.0,27.0,34.0,18200.0,618800.0,947.6983254937591,5746.2226591378985,6693.920984631657
Sonora,Bacoachi,11,Agua Prieta,141,Frijol,2021,2022,30.678498,-110.012426,1087.0,5,3.6666666666666665,0.6666666666666666,989.8291866515524,7.020065153557109,2.4445279693470217,11.477112396146296,26.072446808510637,18.0,33.175,33.28645390070922,21.93,42.51,18.858439716312056,7.35,23.84,45.03120567375886,7.88,86.65,25.39496453900709,10.48,32.88,2.1238297872340426,0.83,5.32,294.42,2.088085106382979,0.0,16.08,176.652,1.2528510638297872,0.0,9.647999999999998,15.870653221748173,8.052321047122717,18.983604514110155,0.2974452602231097,60,21,48,0,785.8449284579688,5.573368286935949,0.9175084956938221,13.198679255568239,126.09083539278984,0.8942612439204953,0.0,8.453453259136513,659.7540930651788,4.679107043015453,0.0,13.198679255568239,1260.9083539278984,6597.540930651789,7858.449284579687,609.1929284579687,0.16045256618276166,0.8395474338172382,1.25,20.0,20.0,25.0,19000.0,475000.0,1008.7266831423187,5278.032744521431,6286.759427663749
Sonora,Bacoachi,11,Agua Prieta,141,Frijol,2022,2023,30.678498,-110.012426,1087.0,4,3.3333333333333335,0.7777777777777778,948.3709530387562,6.726035127934441,2.2057266285850483,11.328463228905168,25.53081560283688,19.69,31.465,32.525177304964544,23.58,40.97,18.536453900709216,9.88,23.17,48.45014184397164,3.17,88.18,24.99645390070922,8.33,32.92,2.07581560283688,0.77,4.65,406.7399999999999,2.884680851063829,0.0,25.19,244.044,1.730808510638298,0.0,15.114,15.730400547274368,6.650598739714516,19.324426808054316,0.4288828107785562,67,28,38,0,754.7549114187345,5.352871712189606,0.7720043200047668,13.027732713240942,144.5563555777117,1.025222379983771,0.0,8.462497360987266,610.1985558410229,4.327649332205836,0.0,13.027732713240942,1445.563555777117,6101.985558410229,7547.549114187346,510.71091141873455,0.19152754541998934,0.8084724545800107,0.95,12.0,4.0,3.8,18000.0,68400.0,1521.645848186439,6423.142693063399,7944.788541249838
Sonora,Bacoachi,11,Agua Prieta,141,Frijol,2023,2024,30.678498,-110.012426,1087.0,3,2.2,0.2,1107.4039838756619,7.853928963657176,3.742496391026199,11.271325877560702,27.271560283687947,17.89,33.28,35.287092198581554,24.86,42.78,19.256028368794322,7.54,25.2,33.89709219858156,9.98,74.57,26.45255319148936,10.48,32.48,2.364609929078014,0.93,4.47,168.57000000000002,1.1955319148936172,0.0,13.06,134.856,0.9564255319148935,0.0,10.448,16.195774032025014,7.930817208886949,19.022237931098246,0.15222087192610903,40,12,75,0,896.4732460213515,6.357966283839373,1.3098737368591695,12.962024759194806,98.08907161307859,0.695667174560841,0.0,7.817484630577326,798.3841744082729,5.662299109278531,0.0,12.962024759194806,980.8907161307859,7983.841744082729,8964.732460213514,761.6172460213515,0.10941661901056038,0.8905833809894396,0.9,8.0,8.0,7.2,20000.0,144000.0,1089.8785734786509,8870.935271203032,9960.813844681683
