Estado,Municipio,IdMunicipio,DDR,IdDDR,Cultivo,Anio,AnioFin,Lat,Lon,Z_m,max_intensidad_sequia,indice_estres_sequia_acumulado,fraccion_quincenas_sequia_severa,ET0_total_mm,ET0_mean_mm_d,ET0_min_mm_d,ET0_max_mm_d,Tmean_ciclo_mean_C,Tmean_ciclo_min_C,Tmean_ciclo_max_C,Tmax_ciclo_mean_C,Tmax_ciclo_min_C,Tmax_ciclo_max_C,Tmin_ciclo_mean_C,Tmin_ciclo_min_C,Tmin_ciclo_max_C,RH_mean_pct,RH_min_pct,RH_max_pct,Rs_mean_MJ_m2_d,Rs_min_MJ_m2_d,Rs_max_MJ_m2_d,Ws_mean_m_s,Ws_min_m_s,Ws_max_m_s,Ptot_total_mm,Ptot_mean_mm_d,Ptot_min_mm_d,Ptot_max_mm_d,Pef_total_mm,Pef_mean_mm_d,Pef_min_mm_d,Pef_max_mm_d,Rn_mean_MJ_m2_d,Rn_min_MJ_m2_d,Rn_max_MJ_m2_d,ratio_Ptot_ET0,dias_lluvia_ge_1mm,dias_lluvia_ge_5mm,dias_estres_calor,dias_riesgo_helada,ETc_total_mm,ETc_mean_mm_d,ETc_min_mm_d,ETc_max_mm_d,ETverde_total_mm,ETverde_mean_mm_d,ETverde_min_mm_d,ETverde_max_mm_d,ETazul_total_mm,ETazul_mean_mm_d,ETazul_min_mm_d,ETazul_max_mm_d,UACverde_m3_ha,UACazul_m3_ha,UACtotal_m3_ha,deficit_hidrico_mm,frac_verde,frac_azul,Rend_t_ha,SupSembradaTotal_ha,SupCosechadaTotal_ha,VolumenTotal_t,PMR,Valorproduccion,HHverde_m3_ton,HHazul_m3_ton,HHtotal_m3_ton
Sonora,Baviácora,14,Ures,142,Ajo,2010,2011,29.71336,-110.161881,558.0,1,1.0,0.0,565.0071681364911,4.708393067804093,1.1151023637234492,8.908452964101176,15.62325,7.3100000000000005,24.945,23.719749999999998,10.99,33.45,7.526750000000001,0.22,16.61,43.65025000000001,17.94,89.33,20.30858333333333,5.65,29.9,2.409916666666667,1.07,7.51,114.38,0.9531666666666666,0.0,34.93,91.50399999999999,0.7625333333333333,0.0,27.944000000000003,11.269156400453987,4.364715845140082,17.45651643196612,0.20243990952760574,14,8,0,23,543.3511386885269,4.527926155737725,0.9327153417142074,8.908452964101176,26.773014344802775,0.22310845287335646,0.0,2.8076890338665157,516.5781243437241,4.3048177028643675,0.0,8.908452964101176,267.7301434480278,5165.781243437241,5433.511386885269,451.8471386885269,0.04927387179020942,0.9507261282097904,6.6,8.0,8.0,52.8,12000.0,633600.0,40.56517324970118,782.6941277935214,823.2593010432225
Sonora,Baviácora,14,Ures,142,Ajo,2011,2012,29.71336,-110.161881,558.0,4,2.4,0.4,1095.1571496235404,5.1658356114317945,1.5737227989609797,10.494398783710224,18.487900943396227,-0.18999999999999995,29.015,27.08735849056604,5.12,36.8,9.888443396226414,-5.5,21.42,31.347075471698112,8.95,78.69,19.59235849056604,6.94,30.54,2.1907075471698114,0.97,6.71,26.119999999999997,0.1232075471698113,0.0,4.8,20.896,0.09856603773584906,0.0,3.84,9.98119621371723,4.598054952695688,17.320769007819354,0.02385045836479151,10,0,10,27,957.1673847599732,4.514940494150816,1.5737227989609797,8.276186505799087,18.004982930122626,0.08492916476472936,0.0,3.4891719974184396,939.1624018298505,4.430011329386088,0.0,8.276186505799087,180.04982930122625,9391.624018298506,9571.673847599732,936.2713847599732,0.018810694155273266,0.9811893058447267,5.2,8.0,8.0,41.6,14000.0,582400.0,34.62496717331274,1806.0815419804817,1840.7065091537945
Sonora,Baviácora,14,Ures,142,Ajo,2012,2013,29.71336,-110.161881,558.0,3,1.7142857142857142,0.14285714285714285,1027.0065428495855,4.821626961735143,1.0174312855484255,9.55429081901636,17.599976525821596,5.1000000000000005,29.604999999999997,26.000046948356808,10.23,38.7,9.199906103286386,-0.94,23.3,36.80286384976526,9.13,89.37,19.065915492957746,2.71,30.42,2.1529107981220656,1.04,5.41,122.63999999999999,0.5757746478873239,0.0,41.12,98.112,0.46061971830985915,0.0,32.896,9.916305839828667,3.1156082740678177,17.64647888366863,0.11941501332573472,12,8,20,38,884.8268919089576,4.154116863422336,1.0174312855484255,8.535958059662711,23.100688608801,0.10845393713052114,0.0,2.9270970675520513,861.7262033001566,4.045662926291815,0.0,8.535958059662711,231.00688608801,8617.262033001567,8848.268919089576,786.7148919089576,0.026107579708571853,0.9738924202914282,6.0,4.0,4.0,24.0,22200.0,532800.0,38.501147681335,1436.2103388335945,1474.7114865149294
Sonora,Baviácora,14,Ures,142,Ajo,2013,2014,29.71336,-110.161881,558.0,2,1.4285714285714286,0.0,1049.0368219406603,4.948286895946511,1.5647134775493712,9.568690948026756,18.398537735849054,3.75,27.185000000000002,26.753301886792453,11.7,36.61,10.04377358490566,-4.48,20.3,33.12334905660377,5.07,81.24,18.819622641509433,4.56,30.91,2.1212264150943394,0.82,5.19,42.86,0.2021698113207547,0.0,13.95,34.288000000000004,0.1617358490566038,0.0,11.16,9.767344534831055,3.7907313664124143,16.936600269325517,0.04085652581833244,6,4,7,46,909.8668381397433,4.291824708206336,1.5647134775493712,7.778476871109195,16.70052701723384,0.07877607083600867,0.0,2.845384874225408,893.1663111225095,4.213048637370328,0.0,7.778476871109195,167.00527017233838,8931.663111225094,9098.668381397432,875.5788381397433,0.018354913397413943,0.981645086602586,6.8,6.0,6.0,40.8,14000.0,571200.0,24.559598554755645,1313.4798692978081,1338.0394678525638
Sonora,Baviácora,14,Ures,142,Ajo,2014,2015,29.71336,-110.161881,558.0,2,1.7142857142857142,0.0,1055.4688833651555,4.978626808326205,1.2551843776254707,10.460294614020544,19.154740566037738,7.595000000000001,25.945,27.28066037735849,11.23,37.47,11.02882075471698,2.9,18.96,34.89712264150943,7.08,84.5,18.557216981132076,5.6,31.35,2.1283018867924524,1.03,5.15,44.46,0.2097169811320755,0.0,8.56,35.568000000000005,0.1677735849056604,0.0,6.848000000000001,9.705053054763905,4.176530107681162,17.308177140321373,0.0421234587781006,11,3,5,10,920.4437922476587,4.3417160011682014,1.2551843776254707,7.32220622981438,22.938003249354537,0.10819812853469121,0.0,2.708732157334541,897.5057889983043,4.233517872633511,0.0,7.32220622981438,229.38003249354537,8975.057889983043,9204.437922476589,884.8757922476588,0.02492059096117271,0.9750794090388274,6.7,4.0,4.0,26.8,14400.0,385920.0,34.23582574530528,1339.5608791019467,1373.796704847252
Sonora,Baviácora,14,Ures,142,Ajo,2016,2017,29.71336,-110.161881,558.0,2,1.6,0.0,1002.3258037008442,4.70575494695232,1.629307326559225,8.878973678522108,18.241126760563382,4.930000000000001,28.439999999999998,26.46098591549295,11.46,36.68,10.0212676056338,-2.1,21.08,40.24333333333333,10.8,83.14,18.780422535211265,4.6,30.78,2.1226291079812207,0.84,4.21,100.65999999999998,0.4725821596244131,0.0,12.54,80.52799999999999,0.37806572769953045,0.0,10.032,9.980574641048461,3.952535123266563,17.85649361929701,0.10042642784246142,19,7,6,34,874.5050206651192,4.105657374014644,1.629307326559225,7.03520775133546,44.80966016692558,0.21037399139401683,0.0,3.2655287396484804,829.6953604981936,3.8952833826206272,0.0,7.03520775133546,448.09660166925585,8296.953604981936,8745.050206651193,793.9770206651192,0.05124002619544123,0.9487599738045588,7.35,2.0,2.0,14.7,15800.0,232260.0,60.965524036633454,1128.8372251676103,1189.8027492042438
Sonora,Baviácora,14,Ures,142,Ajo,2017,2018,29.71336,-110.161881,558.0,0,0.0,0.0,1060.6157767586233,5.002904607351996,1.235082070285048,10.087335974119593,20.19165094339623,8.995,28.730000000000004,28.302216981132073,13.67,38.51,12.081084905660378,1.5,20.67,36.94240566037736,8.19,84.58,18.777547169811317,3.27,31.08,2.0680188679245286,0.88,5.44,84.94,0.4006603773584906,0.0,17.73,67.952,0.32052830188679243,0.0,14.184000000000001,9.885093820220742,3.349934974661628,18.144131724343218,0.08008555205504056,13,6,40,15,915.8048178317619,4.3198340463762355,1.235082070285048,7.332684004481844,21.990571449840072,0.10372911061245317,0.0,2.773499327045103,893.8142463819219,4.2161049357637825,0.0,7.332684004481844,219.90571449840073,8938.142463819218,9158.048178317618,847.8528178317619,0.024012290634050644,0.9759877093659495,9.3,2.0,2.0,18.6,16576.7,308326.62,23.645775752516204,961.0905875074428,984.736363259959
Sonora,Baviácora,14,Ures,142,Ajo,2018,2019,29.71336,-110.161881,558.0,4,2.5384615384615383,0.5384615384615384,1119.9660585368406,5.28285876668321,1.424410822437367,9.722447994186291,20.949716981132077,9.095,31.18,29.15202830188679,14.62,39.04,12.747405660377357,1.09,23.67,31.349622641509434,6.72,83.84,18.517075471698114,4.44,30.25,2.134575471698113,0.9,5.47,45.86,0.21632075471698112,0.0,26.74,36.688,0.17305660377358492,0.0,21.392,9.597833165477057,3.760220584663315,17.59017242507334,0.040947669485549384,5,1,30,13,974.0182929489881,4.594425910136737,1.424410822437367,7.807757877428386,15.334058533621121,0.0723304647812317,0.0,2.302465352287854,958.6842344153669,4.522095445355504,0.0,7.807757877428386,153.3405853362112,9586.842344153669,9740.18292948988,937.3302929489881,0.01574309090971478,0.9842569090902851,6.75,3.0,3.0,20.25,17600.0,356400.0,22.71712375351277,1420.2729398746176,1442.9900636281304
Sonora,Baviácora,14,Ures,142,Ajo,2019,2020,29.71336,-110.161881,558.0,0,0.0,0.0,886.7535275928929,4.182799658457042,0.9602563727309451,9.49325429214017,17.49455188679245,6.39,27.165,24.8986320754717,10.42,36.96,10.090471698113207,-0.82,20.77,47.64745283018869,17.79,88.4,17.67070754716981,2.93,30.25,1.9829245283018868,0.59,5.5,211.63000000000002,0.9982547169811322,0.0,56.35,169.30400000000003,0.7986037735849058,0.0,45.080000000000005,9.783717117528255,3.2793422785425825,17.956039951489778,0.23865707145758208,19,9,7,27,767.6697615249818,3.6210837807782164,0.9602563727309451,6.645278004498119,40.71652213249118,0.19205906666269423,0.0,4.394722741687278,726.9532393924908,3.429024714115523,0.0,6.645278004498119,407.1652213249118,7269.532393924908,7676.69761524982,598.3657615249817,0.05303911157267351,0.9469608884273266,6.4,4.0,4.0,25.6,18200.0,465920.0,63.619565832017464,1135.8644365507669,1199.4840023827844
Sonora,Baviácora,14,Ures,142,Ajo,2020,2021,29.71336,-110.161881,558.0,1,1.0,0.0,824.5180380997905,3.870976704693852,0.7119954917704052,9.435138370968637,17.375610328638498,4.885,29.09,24.540234741784037,11.78,39.12,10.210985915492959,-3.1,21.4,54.42873239436619,23.15,95.6,17.44075117370892,2.18,29.92,1.9491549295774646,0.83,5.52,372.22,1.747511737089202,0.0,85.34,223.332,1.0485070422535212,0.0,51.204,9.881937888152581,2.827657305295626,17.780383231672907,0.451439486827759,28,17,9,29,711.8836273957622,3.3421766544401983,0.7119954917704052,6.604596859678046,45.605704842619986,0.2141112903409389,0.0,2.4069774486959945,666.2779225531424,3.12806536409926,0.0,6.604596859678046,456.05704842619986,6662.779225531423,7118.836273957623,488.55162739576224,0.06406342706525837,0.9359365729347419,7.14,2.8,2.8,20.0,19200.0,384000.0,63.87353619414564,933.1623565170062,997.0358927111519
Sonora,Baviácora,14,Ures,142,Ajo,2021,2022,29.71336,-110.161881,558.0,4,3.0714285714285716,0.8571428571428571,1101.43234959673,5.195435611305331,1.561956415987579,9.997564382204663,18.9163679245283,6.555,30.145,27.49542452830189,11.62,39.79,10.337311320754718,0.09,22.1,29.825377358490563,10.07,87.22,19.162264150943393,5.16,30.05,2.2050943396226415,1.04,4.67,74.07,0.34938679245283016,0.0,21.44,59.256,0.27950943396226413,0.0,17.152,9.698116932541613,4.156907987863624,17.619817948665588,0.0672487965576092,7,3,32,37,957.925056490676,4.5185144174088485,1.561956415987579,6.998295067543264,16.20669174325682,0.07644665916630575,0.0,2.712,941.7183647474192,4.442067758242543,0.0,6.998295067543264,162.06691743256818,9417.183647474192,9579.25056490676,898.669056490676,0.016918538285896238,0.9830814617141038,7.33,3.0,3.0,21.99,23500.0,516765.0,22.110084233638222,1284.7453816472296,1306.8554658808678
Sonora,Baviácora,14,Ures,142,Ajo,2022,2023,29.71336,-110.161881,558.0,3,1.3846153846153846,0.15384615384615385,1052.179738110397,4.9631119722188535,1.4261864880488235,11.465641181179244,19.008396226415094,7.484999999999999,28.025,27.359764150943395,14.95,40.19,10.657028301886792,-0.63,19.31,35.46731132075472,4.62,86.77,19.133301886792452,5.5,30.98,2.0782075471698116,1.16,4.5,69.48,0.3277358490566038,0.0,34.09,55.58400000000001,0.26218867924528305,0.0,27.272000000000006,9.979126902650757,4.111146596980504,17.08059719029774,0.06603434516309799,7,3,14,17,911.2674792946843,4.2984315061070015,1.4261864880488235,8.02594882682547,14.056966727755462,0.06630644682903519,0.0,3.3068491745011785,897.210512566929,4.2321250592779665,0.0,8.02594882682547,140.56966727755463,8972.10512566929,9112.674792946844,855.6834792946843,0.015425730696145846,0.9845742693038543,7.75,4.0,4.0,31.0,28500.0,883500.0,18.138021584200597,1157.6909839573277,1175.8290055415282
Sonora,Baviácora,14,Ures,142,Ajo,2023,2024,29.71336,-110.161881,558.0,2,1.6666666666666667,0.0,951.2220471725876,4.4868964489273,1.2157950578395995,9.60577154929831,17.377382075471697,6.295000000000001,26.81,25.29655660377359,12.46,38.69,9.45820754716981,-2.49,18.95,41.56518867924528,10.55,82.75,18.307311320754717,2.41,30.27,2.0837735849056602,0.97,4.62,73.47,0.3465566037735849,0.0,21.01,58.77600000000001,0.27724528301886797,0.0,16.808000000000003,9.80215234545886,3.262474578033875,17.176914397531757,0.07723748647162061,12,4,7,30,823.269052433405,3.883344586950024,1.2157950578395995,6.724040084508817,23.351828590933515,0.11015013486289393,0.0,2.086102749968154,799.9172238424716,3.77319445208713,0.0,6.724040084508817,233.51828590933513,7999.172238424716,8232.690524334052,764.493052433405,0.028364759396591634,0.9716352406034084,8.23,8.0,8.0,65.8,30690.96,2019465.0,28.374032309761255,971.9528843772437,1000.3269166870049
Sonora,Baviácora,14,Ures,142,Calabaza,2010,2011,29.71336,-110.161881,558.0,0,0.0,0.0,745.4963424591542,7.454963424591543,3.1952046723685252,10.486015910394556,21.07415,10.665000000000001,31.335,30.1308,17.9,40.64,12.017499999999998,2.46,23.35,28.7233,10.21,73.88,27.1971,13.87,32.38,2.6642000000000006,1.37,5.1,7.83,0.0783,0.0,2.47,6.264,0.06264,0.0,1.9760000000000002,15.600817667256557,8.802735284624237,18.66805723650736,0.010503069638371842,2,0,20,7,658.8386110217033,6.588386110217033,1.5976023361842626,10.3985293931284,5.862612543005853,0.05862612543005853,0.0,1.72101020682159,652.9759984786975,6.529759984786975,0.0,10.3985293931284,58.62612543005853,6529.759984786975,6588.386110217034,652.5746110217033,0.008898404624334819,0.9911015953756653,17.0,8.0,8.0,136.0,3200.0,435200.0,3.448595613532855,384.1035285168809,387.55212413041374
Sonora,Baviácora,14,Ures,142,Calabaza,2011,2012,29.71336,-110.161881,558.0,4,4.0,1.0,828.5542810085111,8.285542810085111,4.649891281483314,12.383870103205744,23.0865,14.25,32.14,32.63289999999999,21.62,42.37,13.5401,6.58,22.68,19.4902,6.92,57.55,27.808399999999995,17.42,32.58,2.6993999999999994,1.49,6.47,2.3899999999999997,0.023899999999999998,0.0,2.38,1.912,0.019119999999999998,0.0,1.904,15.405097381061662,10.709255404026223,18.60996845377686,0.002884542455191839,1,0,27,0,721.3156586536417,7.2131565865364164,2.3838944106857545,12.383870103205744,1.912,0.019119999999999998,0.0,1.904,719.4036586536416,7.194036586536416,2.3838944106857545,12.383870103205744,19.119999999999997,7194.0365865364165,7213.156586536416,719.4036586536416,0.002650711899931312,0.9973492881000686,16.0,17.0,17.0,272.0,3060.0,832320.0,1.1949999999999998,449.62728665852603,450.822286658526
Sonora,Baviácora,14,Ures,142,Calabaza,2012,2013,29.71336,-110.161881,558.0,2,2.0,0.0,813.3053992611901,8.1330539926119,2.308071824480728,11.315660977470609,22.79185,10.79,30.53,32.3099,14.02,42.03,13.2738,3.35,20.54,19.3098,6.52,66.78,27.7481,6.64,32.48,2.5981,1.25,5.16,0.46,0.0046,0.0,0.17,0.368,0.00368,0.0,0.136,15.40056138220136,5.595630284300512,18.843896188352975,0.0005655931958866447,0,0,31,6,714.870523260066,7.148705232600659,1.154035912240364,11.315660977470609,0.368,0.00368,0.0,0.136,714.5025232600658,7.145025232600658,1.018035912240364,11.315660977470609,3.6799999999999997,7145.025232600658,7148.705232600658,714.5025232600659,0.0005147785340508768,0.9994852214659489,8.0,5.0,5.0,40.0,4050.0,162000.0,0.45999999999999996,893.1281540750822,893.5881540750822
Sonora,Baviácora,14,Ures,142,Calabaza,2013,2014,29.71336,-110.161881,558.0,2,2.0,0.0,814.9440644398375,8.149440644398375,4.112529998672674,12.028013974571037,23.09335,11.405,31.744999999999997,32.37950000000001,18.33,41.54,13.8072,4.42,21.95,21.519099999999998,5.07,51.29,27.6393,14.07,32.47,2.6974999999999993,1.48,5.19,1.65,0.0165,0.0,0.9,1.3200000000000003,0.013200000000000003,0.0,0.7200000000000001,15.488833924247666,8.876615274570584,19.172137417823315,0.0020246788362513557,0,0,26,3,711.5277850368961,7.115277850368962,2.056264999336337,12.028013974571037,1.3200000000000003,0.013200000000000003,0.0,0.7200000000000001,710.2077850368961,7.1020778503689606,1.4099825494984546,12.028013974571037,13.200000000000003,7102.077850368961,7115.277850368961,710.2077850368961,0.0018551629715086277,0.9981448370284913,17.8,5.0,5.0,89.0,1950.0,173550.0,0.7415730337078653,398.99313766117757,399.73471069488545
Sonora,Baviácora,14,Ures,142,Calabaza,2014,2015,29.71336,-110.161881,558.0,2,1.8333333333333333,0.0,808.4883831008656,8.084883831008655,4.31613947860344,12.607177549130952,23.537750000000006,16.6,35.785,32.468300000000006,23.0,46.47,14.6072,6.88,25.34,21.505800000000004,7.08,50.61,26.7579,7.64,32.05,2.6231999999999998,1.28,5.15,3.83,0.0383,0.0,1.75,3.064000000000001,0.03064000000000001,0.0,1.4000000000000001,15.057930238859761,6.624401984238804,19.119526362240713,0.004737235661087014,1,0,28,0,710.3163808815783,7.103163808815783,2.15806973930172,11.602991998332188,3.064000000000001,0.03064000000000001,0.0,1.4000000000000001,707.2523808815783,7.072523808815784,0.8387837269698777,11.602991998332188,30.640000000000008,7072.523808815784,7103.163808815784,707.2523808815783,0.004313570800939788,0.9956864291990603,17.5,3.0,3.0,52.5,2420.0,127050.0,1.7508571428571433,404.1442176466162,405.89507478947337
Sonora,Baviácora,14,Ures,142,Calabaza,2015,2016,29.71336,-110.161881,558.0,0,0.0,0.0,683.0381501128426,6.830381501128426,1.5319655392733351,11.118669676875799,21.914699999999996,11.885000000000002,31.415,29.9916,16.56,40.74,13.837799999999998,5.97,23.29,36.8008,12.84,86.21,25.515300000000003,6.32,31.94,2.4403999999999995,0.91,4.56,76.39,0.7639,0.0,27.47,61.11200000000001,0.6111200000000001,0.0,21.976,15.199721961099323,5.186062096973506,18.991551050052138,0.11183855541213891,7,5,13,0,603.733293749941,6.037332937499411,0.7659827696366676,9.156994335012305,20.416827550358676,0.20416827550358677,0.0,6.5950395742171946,583.3164661995822,5.833164661995823,0.0,9.156994335012305,204.16827550358676,5833.164661995823,6037.33293749941,542.6212937499411,0.033817627355855376,0.9661823726441444,18.25,7.0,7.0,127.75,2470.0,315542.5,11.187302767319823,319.625460931278,330.8127636985978
Sonora,Baviácora,14,Ures,142,Calabaza,2016,2017,29.71336,-110.161881,558.0,2,1.8333333333333333,0.0,767.0750508047744,7.670750508047743,2.1597484665426436,11.083038725093875,22.668500000000005,8.975000000000001,33.94,31.8154,11.46,45.03,13.521600000000001,3.42,24.03,25.435299999999998,8.99,70.6,27.351100000000002,10.7,32.57,2.5161,1.11,4.03,14.749999999999996,0.14749999999999996,0.0,12.54,11.799999999999999,0.118,0.0,10.032,15.633730635608678,7.7767009528335205,19.07655235520621,0.019228887687749822,2,1,20,1,670.9673575833742,6.709673575833742,1.0798742332713218,10.814357786246415,2.8478742332713223,0.028478742332713223,0.0,1.0798742332713218,668.119483350103,6.68119483350103,0.0,10.814357786246415,28.478742332713225,6681.19483350103,6709.673575833744,659.1673575833743,0.004244430375165377,0.9957555696248348,18.3,5.0,5.0,91.5,2525.0,231037.5,1.556215428017116,365.0926138525153,366.6488292805324
Sonora,Baviácora,14,Ures,142,Calabaza,2017,2018,29.71336,-110.161881,558.0,1,1.0,0.0,798.1230304114256,7.981230304114256,4.008079947873022,11.123744315053381,24.10645,16.665,32.17,33.2939,22.48,40.78,14.918999999999999,6.85,23.56,23.307999999999996,8.19,49.36,27.48250000000001,13.79,32.05,2.4970000000000003,1.48,4.68,2.94,0.0294,0.0,1.78,2.3520000000000003,0.023520000000000003,0.0,1.4240000000000002,15.472511215797924,8.512382095076774,18.737147747898337,0.0036836426064343177,1,0,42,0,698.6758408684906,6.9867584086849055,2.004039973936511,10.164881459707084,2.3520000000000003,0.023520000000000003,0.0,1.4240000000000002,696.3238408684906,6.963238408684906,2.004039973936511,10.164881459707084,23.520000000000003,6963.238408684906,6986.7584086849065,696.3238408684906,0.003366368009914786,0.9966336319900853,14.0,4.5,4.5,63.0,2630.0,165690.0,1.6800000000000002,497.3741720489219,499.0541720489219
Sonora,Baviácora,14,Ures,142,Calabaza,2018,2019,29.71336,-110.161881,558.0,4,3.8333333333333335,1.0,825.3322303943536,8.253322303943536,4.47261177432329,11.554241797401522,24.488549999999996,14.91,32.945,33.4288,20.73,42.35,15.548300000000001,3.53,24.47,19.781299999999998,6.64,40.57,26.9739,11.75,32.56,2.5685000000000002,1.16,4.52,1.7000000000000002,0.017,0.0,1.36,1.36,0.013600000000000001,0.0,1.088,15.094119781242068,8.079312211923009,18.66870801151584,0.0020597765813504215,1,0,36,1,727.6025318598722,7.276025318598722,2.502650230279968,10.829477794589586,1.36,0.013600000000000001,0.0,1.088,726.2425318598721,7.262425318598721,2.502650230279968,10.829477794589586,13.600000000000001,7262.425318598721,7276.025318598721,726.2425318598722,0.0018691523743376971,0.9981308476256622,13.5,5.0,5.0,67.5,3150.0,212625.0,1.0074074074074075,537.9574310073126,538.96483841472
Sonora,Baviácora,14,Ures,142,Calabaza,2019,2020,29.71336,-110.161881,558.0,0,0.0,0.0,705.1685030078421,7.051685030078421,2.262202836884255,10.002057257370144,21.5863,11.705,29.795,30.0368,15.24,38.32,13.1358,4.77,21.39,32.641099999999994,15.55,76.18,26.2868,4.35,32.06,2.4253,0.93,4.18,46.019999999999996,0.46019999999999994,0.0,31.18,36.816,0.36816000000000004,0.0,24.944000000000003,15.455112696081487,4.405884373569944,19.1019060331704,0.06526099762497221,4,2,16,2,626.9732461816615,6.269732461816615,1.1311014184421275,9.800154995040227,9.720462789285767,0.09720462789285766,0.0,3.3520000000000003,617.2527833923757,6.172527833923757,0.0,9.800154995040227,97.20462789285767,6172.5278339237575,6269.732461816615,590.1572461816614,0.01550379198551851,0.9844962080144815,14.1,6.0,6.0,84.6,3210.0,271566.0,6.893945240628204,437.76793148395444,444.66187672458267
Sonora,Baviácora,14,Ures,142,Cebolla,2011,2012,29.71336,-110.161881,558.0,4,2.4,0.4,1095.1571496235404,5.1658356114317945,1.5737227989609797,10.494398783710224,18.487900943396227,-0.18999999999999995,29.015,27.08735849056604,5.12,36.8,9.888443396226414,-5.5,21.42,31.347075471698112,8.95,78.69,19.59235849056604,6.94,30.54,2.1907075471698114,0.97,6.71,26.119999999999997,0.1232075471698113,0.0,4.8,20.896,0.09856603773584906,0.0,3.84,9.98119621371723,4.598054952695688,17.320769007819354,0.02385045836479151,10,0,10,27,1007.0553609943595,4.750261136765847,1.6524089389090286,8.689995831089043,18.083669070070673,0.08530032580222016,0.0,3.4891719974184396,988.9716919242887,4.664960810963626,0.0,8.689995831089043,180.83669070070673,9889.716919242888,10070.553609943596,986.1593609943595,0.017956976121168734,0.9820430238788311,19.0,3.0,3.0,57.0,2000.0,114000.0,9.517720563195091,520.5114168022573,530.0291373654524
Sonora,Baviácora,14,Ures,142,Cebolla,2012,2013,29.71336,-110.161881,558.0,3,1.7142857142857142,0.14285714285714285,1027.0065428495855,4.821626961735143,1.0174312855484255,9.55429081901636,17.599976525821596,5.1000000000000005,29.604999999999997,26.000046948356808,10.23,38.7,9.199906103286386,-0.94,23.3,36.80286384976526,9.13,89.37,19.065915492957746,2.71,30.42,2.1529107981220656,1.04,5.41,122.63999999999999,0.5757746478873239,0.0,41.12,98.112,0.46061971830985915,0.0,32.896,9.916305839828667,3.1156082740678177,17.64647888366863,0.11941501332573472,12,8,20,38,930.0802824878151,4.366574096186925,1.068302849825847,8.962755962645847,24.012123039241054,0.11273297201521622,0.0,3.0734519209296542,906.0681594485742,4.25384112417171,0.0,8.962755962645847,240.12123039241055,9060.681594485743,9300.802824878154,831.9682824878151,0.025817258457530665,0.9741827415424695,22.0,2.0,2.0,44.0,3420.0,150480.0,10.914601381473206,411.8491633857156,422.76376476718883
Sonora,Baviácora,14,Ures,142,Cebolla,2013,2014,29.71336,-110.161881,558.0,2,1.4285714285714286,0.0,1049.0368219406603,4.948286895946511,1.5647134775493712,9.568690948026756,18.398537735849054,3.75,27.185000000000002,26.753301886792453,11.7,36.61,10.04377358490566,-4.48,20.3,33.12334905660377,5.07,81.24,18.819622641509433,4.56,30.91,2.1212264150943394,0.82,5.19,42.86,0.2021698113207547,0.0,13.95,34.288000000000004,0.1617358490566038,0.0,11.16,9.767344534831055,3.7907313664124143,16.936600269325517,0.04085652581833244,6,4,7,46,957.1401382706899,4.514811972974952,1.6429491514268397,8.167400714664655,17.30915336809553,0.08164694984950721,0.0,2.9876541179366787,939.8309849025943,4.4331650231254445,0.0,8.167400714664655,173.0915336809553,9398.309849025944,9571.4013827069,922.8521382706899,0.018084241456396123,0.9819157585436038,22.0,2.0,2.0,44.0,2050.0,90200.0,7.867796985497969,427.195902228452,435.06369921395
Sonora,Baviácora,14,Ures,142,Cebolla,2014,2015,29.71336,-110.161881,558.0,2,1.7142857142857142,0.0,1055.4688833651555,4.978626808326205,1.2551843776254707,10.460294614020544,19.154740566037738,7.595000000000001,25.945,27.28066037735849,11.23,37.47,11.02882075471698,2.9,18.96,34.89712264150943,7.08,84.5,18.557216981132076,5.6,31.35,2.1283018867924524,1.03,5.15,44.46,0.2097169811320755,0.0,8.56,35.568000000000005,0.1677735849056604,0.0,6.848000000000001,9.705053054763905,4.176530107681162,17.308177140321373,0.0421234587781006,11,3,5,10,968.2883126659442,4.567397701254454,1.3179435965067443,7.845220960515408,23.402387612156115,0.11038862081205715,0.0,2.7796981252203667,944.8859250537881,4.457009080442397,0.0,7.845220960515408,234.02387612156116,9448.859250537882,9682.883126659442,932.7203126659442,0.02416882173009337,0.9758311782699066,19.4,2.0,2.0,38.8,2040.0,79152.0,12.063086398018617,487.05460054318985,499.1176869412085
Sonora,Baviácora,14,Ures,142,Chile verde,2010,2011,29.71336,-110.161881,558.0,0,0.0,0.0,1336.1004432441364,7.381770404663737,2.7021769828188504,11.110614248446774,24.66162983425415,10.665000000000001,34.815,32.608618784530385,17.9,43.06,16.7146408839779,2.46,26.57,38.47613259668508,10.21,87.52,26.875359116022093,11.68,32.38,2.309281767955801,0.85,5.1,308.28999999999996,1.703259668508287,0.0,31.28,184.97400000000002,1.0219558011049725,0.0,18.768,16.245873639648647,8.777129808902405,19.276335666786107,0.23073864061556057,37,18,70,7,1329.2640360725964,7.344000199296112,1.917122803421115,11.666144960869113,125.49201536103035,0.6933260517183998,0.0,6.976621915919062,1203.7720207115658,6.650674147577711,0.0,11.624144960869113,1254.9201536103035,12037.720207115657,13292.64036072596,1144.2900360725964,0.09440713955656643,0.9055928604434335,7.4,15.0,15.0,111.0,7300.0,810300.0,169.5838045419329,1626.718946907521,1796.302751449454
Sonora,Baviácora,14,Ures,142,Chile verde,2011,2012,29.71336,-110.161881,558.0,4,4.0,1.0,1410.7914328682432,7.794427805901896,3.2097768202588197,12.383870103205744,25.61734806629834,14.25,34.565,33.89060773480663,21.62,43.99,17.344088397790053,6.58,25.35,34.26165745856353,6.92,87.67,27.121049723756904,14.98,32.72,2.3001104972375694,0.85,6.47,284.72999999999996,1.5730939226519336,0.0,21.66,170.838,0.9438563535911602,0.0,12.996,16.136682666607747,10.709255404026223,19.86710949320066,0.20182288704512674,40,19,71,0,1390.0052943585601,7.679587261649504,2.8606732928229053,13.003063608366032,136.42574438137825,0.7537333943722555,0.0,9.312103906976008,1253.579549977182,6.925853867277249,0.0,13.003063608366032,1364.2574438137826,12535.79549977182,13900.052943585604,1219.1672943585602,0.09814764370687816,0.901852356293122,6.5,18.0,18.0,117.0,6800.0,795600.0,209.88576058673578,1928.5839230418185,2138.4696836285543
Sonora,Baviácora,14,Ures,142,Chile verde,2012,2013,29.71336,-110.161881,558.0,2,2.0,0.0,1347.5034393873798,7.4447703833556895,2.308071824480728,11.315660977470609,25.138149171270722,10.79,34.6,33.114696132596684,14.02,44.31,17.16160220994475,3.35,24.89,36.477955801104976,6.52,89.48,26.650662983425406,6.64,32.48,2.1501657458563534,0.78,5.16,365.04999999999995,2.0168508287292815,0.0,20.75,219.03,1.2101104972375691,0.0,12.45,15.931145229161382,5.595630284300512,19.171657429601634,0.2709083994367865,55,29,64,6,1329.849243528736,7.3472333896615245,1.384843094688437,11.88144402634414,184.83234804119644,1.0211731935977704,0.0,7.183928354833235,1145.0168954875396,6.326060196063755,0.0,11.88144402634414,1848.3234804119643,11450.168954875397,13298.49243528736,1110.819243528736,0.13898744458488124,0.8610125554151188,6.38,10.0,10.0,63.8,6611.16,421792.01,289.7058746727217,1794.6973283503758,2084.4032030230974
Sonora,Baviácora,14,Ures,142,Chile verde,2013,2014,29.71336,-110.161881,558.0,2,2.0,0.0,1402.8829675765705,7.7507346274948645,3.3317057004918276,12.028013974571037,25.86488950276243,11.405,33.885,34.01513812154696,18.33,45.72,17.7146408839779,4.42,25.61,34.412596685082875,5.07,82.66,26.686243093922656,14.07,32.47,2.347790055248619,0.85,5.19,238.87,1.3197237569060773,0.0,24.53,191.096,1.055779005524862,0.0,19.624000000000002,15.960594639972298,8.876615274570584,19.172137417823315,0.17027079629645747,33,15,76,3,1383.2081147537,7.642033783169614,2.4675179992036043,12.629414673299589,133.87420551942824,0.7396364945824765,0.0,7.42669323668592,1249.3339092342721,6.902397288587139,0.0,12.629414673299589,1338.7420551942823,12493.339092342721,13832.081147537003,1192.1121147537,0.09678529506260629,0.9032147049373939,6.8,10.0,10.0,68.0,6180.0,420240.0,196.873831646218,1837.2557488739296,2034.1295805201476
Sonora,Baviácora,14,Ures,142,Chile verde,2014,2015,29.71336,-110.161881,558.0,3,2.090909090909091,0.2727272727272727,1357.0073986837303,7.497278445766466,3.5430350428315633,12.607177549130952,25.54966850828729,16.6,35.785,33.12436464088398,23.0,46.47,17.97497237569061,6.88,25.34,37.66685082872929,7.08,87.48,26.169060773480666,7.64,32.05,2.238232044198895,0.69,5.15,305.78999999999996,1.6894475138121545,0.0,19.3,183.474,1.0136685082872927,0.0,11.58,15.794697998849358,6.624401984238804,19.374938827937985,0.22534143903460663,45,22,59,0,1340.067061579898,7.40368542309336,2.589683687162064,13.2375364265875,152.99034355248946,0.8452505168645826,0.0,6.729976137468907,1187.0767180274088,6.5584349062287775,0.0,13.2375364265875,1529.9034355248946,11870.767180274088,13400.670615798983,1156.5930615798982,0.11416618461774482,0.8858338153822553,4.75,10.0,10.0,47.5,7900.0,375250.0,322.08493379471463,2499.1088800577027,2821.1938138524174
Sonora,Baviácora,14,Ures,142,Chile verde,2015,2016,29.71336,-110.161881,558.0,0,0.0,0.0,1221.7436379984904,6.749964850820389,1.5319655392733351,11.118669676875799,24.682928176795585,11.885000000000002,33.3,31.757790055248616,16.56,42.35,17.608066298342543,5.97,24.45,47.47099447513812,12.84,86.21,25.727292817679558,6.32,32.35,2.1014917127071824,0.75,4.56,393.81,2.175745856353591,0.0,32.56,236.28599999999994,1.3054475138121544,0.0,19.536,16.10982340870129,5.186062096973506,19.771665517919924,0.3223343979471466,49,25,42,0,1215.0989396849184,6.713253810413914,0.919179323564001,11.67460316071959,166.02454188431508,0.9172626623442822,0.0,6.924791552928054,1049.074397800603,5.79599114806963,0.0,11.67460316071959,1660.245418843151,10490.74397800603,12150.989396849182,978.8129396849184,0.13663458707927614,0.8633654129207237,6.4,10.0,10.0,64.0,8075.0,516800.0,259.4133466942423,1639.1787465634422,1898.5920932576846
Sonora,Baviácora,14,Ures,142,Chile verde,2016,2017,29.71336,-110.161881,558.0,2,1.7272727272727273,0.0,1331.021551231823,7.353710227800127,2.1597484665426436,11.736889471843721,25.435220994475134,8.975000000000001,34.455,33.418508287292816,11.46,45.66,17.45193370165746,3.42,26.11,38.06972375690607,8.99,83.58,26.780773480662983,10.7,32.57,2.157734806629834,0.65,4.03,296.63,1.638839779005525,0.0,17.95,177.97800000000004,0.9833038674033151,0.0,10.77,16.262462129159115,7.7767009528335205,19.193296594910386,0.22285890091372096,44,22,60,1,1313.790923179531,7.258513387732216,1.2958490799255862,12.323733945435908,145.83029039016313,0.8056922121003488,0.0,6.54,1167.960632789368,6.452821175631867,0.0,12.323733945435908,1458.3029039016312,11679.60632789368,13137.909231795311,1135.812923179531,0.11099961783663141,0.8890003821633686,6.5,7.0,7.0,45.5,8100.0,368550.0,224.35429290794326,1796.8625119836431,2021.2168048915864
Sonora,Baviácora,14,Ures,142,Chile verde,2017,2018,29.71336,-110.161881,558.0,1,1.0,0.0,1346.2509243611037,7.437850410834827,2.6960946498466756,11.123744315053381,26.060386740331495,16.665,35.504999999999995,33.8781767955801,22.48,46.01,18.242596685082873,6.85,26.9,38.10287292817679,6.01,90.58,26.582320441988948,10.77,32.59,2.1116574585635357,0.72,4.68,299.46000000000004,1.6544751381215472,0.0,16.6,179.676,0.9926850828729281,0.0,9.96,15.976197248390266,8.241320807863959,19.54948922617827,0.2224399586890654,47,21,77,0,1325.006302691957,7.320476810452801,2.4048479687238133,11.679931530806051,154.90149888069178,0.8558093860811701,0.0,8.528492586906571,1170.1048038112654,6.4646674243716316,0.0,11.679931530806051,1549.0149888069177,11701.048038112654,13250.063026919572,1145.330302691957,0.11690623551449168,0.8830937644855085,6.45,6.0,6.0,38.7,9220.0,356814.0,240.15736260572368,1814.1159749011867,2054.2733375069106
Sonora,Baviácora,14,Ures,142,Chile verde,2018,2019,29.71336,-110.161881,558.0,4,3.3636363636363638,0.8181818181818182,1372.0763976961612,7.580532583956692,2.7965702077243657,11.554241797401522,26.41950276243094,14.91,34.815,34.07121546961326,20.73,43.95,18.76779005524862,3.53,27.89,35.88486187845304,6.64,82.04,26.094475138121545,7.59,32.56,2.1843093922651935,0.73,4.52,246.59999999999997,1.3624309392265193,0.0,26.24,197.28,1.0899447513812155,0.0,20.992,15.708661439303846,6.380054552878016,19.93352501383511,0.17972760147617392,41,17,76,1,1357.361429034208,7.499234414553635,2.6835670645939738,12.131953887271598,143.67773585168254,0.7937996455894063,0.0,7.2,1213.6836931825255,6.7054347689642295,0.0,12.131953887271598,1436.7773585168254,12136.836931825255,13573.61429034208,1160.081429034208,0.10585075778520711,0.894149242214793,6.48,5.5,5.5,35.64,11700.0,416988.0,221.7249010056829,1872.9686623187122,2094.693563324395
Sonora,Baviácora,14,Ures,142,Chile verde,2019,2020,29.71336,-110.161881,558.0,1,1.0,0.0,1309.3289028873098,7.233861341918839,2.262202836884255,11.396983462711908,25.155055248618783,11.705,35.085,32.7153591160221,15.24,43.89,17.59475138121547,4.77,27.06,40.21441988950276,11.34,84.76,26.26906077348066,4.35,32.63,2.2026519337016577,0.82,4.18,249.45000000000005,1.3781767955801107,0.0,31.18,199.56000000000003,1.1025414364640886,0.0,24.944000000000003,16.104187506513842,4.405884373569944,19.229685375034308,0.1905174471058549,38,16,61,2,1309.7600267059372,7.236243241469266,1.357321702130553,11.966832635847505,119.81200199552755,0.6619447624062296,0.0,6.745069604738486,1189.9480247104098,6.574298479063037,0.0,11.966832635847505,1198.1200199552754,11899.480247104097,13097.600267059372,1110.2000267059373,0.0914763006600959,0.9085236993399042,7.28,5.5,5.5,40.04,9466.31,379031.05,164.57692581803232,1634.5439899868263,1799.1209158048587
Sonora,Baviácora,14,Ures,142,Chile verde,2020,2021,29.71336,-110.161881,558.0,1,1.0,0.0,1313.0546978552225,7.254445844503992,1.3524258254118262,11.12617429225885,25.93765193370166,8.74,34.445,33.72657458563535,12.33,43.84,18.148729281767956,2.55,25.82,42.041767955801106,13.09,85.53,26.27088397790055,3.44,32.73,2.1556353591160224,0.68,4.12,271.71999999999997,1.5012154696132596,0.0,37.73,163.03199999999998,0.9007292817679557,0.0,22.637999999999998,16.30152252645166,3.8275206881208974,19.644017851231446,0.20693730462549234,48,17,99,2,1322.276205108486,7.305393398389425,0.8114554952470957,11.682483006871793,111.85166995244822,0.6179650273615924,0.0,8.664,1210.4245351560378,6.687428371027833,0.0,11.682483006871793,1118.5166995244822,12104.245351560377,13222.76205108486,1159.244205108486,0.08459024636480648,0.9154097536351935,8.25,4.0,4.0,33.0,12500.0,412500.0,135.5777817605433,1467.1812547345912,1602.7590364951345
Sonora,Baviácora,14,Ures,142,Chile verde,2021,2022,29.71336,-110.161881,558.0,3,3.0,1.0,1333.60146324798,7.367963885347956,2.811290115567962,11.877749544339517,25.52375690607735,10.685,35.005,33.20154696132597,16.57,44.38,17.845966850828727,1.81,25.63,38.22116022099448,8.89,83.81,26.238232044198895,9.83,32.41,2.2143646408839777,0.71,4.67,259.45000000000005,1.4334254143646412,0.0,19.66,155.67000000000002,0.8600552486187846,0.0,11.796,15.872581873362723,7.659596733171401,19.480615336838508,0.19454837682024642,50,19,71,6,1318.0341349699402,7.281956546795249,2.089837614705946,12.471637021556493,135.25728509892582,0.7472778182261095,0.0,6.266230674694684,1182.7768498710143,6.53467872856914,0.0,12.471637021556493,1352.5728509892583,11827.768498710142,13180.3413496994,1162.36413496994,0.1026204720426384,0.8973795279573615,8.0,5.0,5.0,40.0,12900.0,516000.0,169.0716063736573,1478.4710623387678,1647.542668712425
Sonora,Baviácora,14,Ures,142,Chile verde,2022,2023,29.71336,-110.161881,558.0,4,2.6666666666666665,0.5555555555555556,1302.0120972854047,7.193437001576822,1.8708798437853043,11.465641181179244,25.460248618784533,13.49,33.620000000000005,33.15773480662983,22.0,43.74,17.762762430939226,3.59,24.65,39.82685082872928,3.08,91.62,26.03972375690608,7.09,32.26,2.102762430939226,0.67,4.31,486.55999999999995,2.68817679558011,0.0,43.79,291.93600000000004,1.6129060773480666,0.0,26.273999999999997,15.732921064287313,5.864258262257711,19.55613836347365,0.3736985247790249,63,34,69,1,1280.7546058475145,7.07599229750008,1.9644238359745696,12.038923240238207,200.28237137490336,1.1065324385353776,0.0,6.74663602062783,1080.4722344726115,5.969459858964704,0.0,12.038923240238207,2002.8237137490337,10804.722344726115,12807.546058475149,988.8186058475145,0.15637841196157198,0.8436215880384282,0.0,5.0,0.0,0.0,0.0,0.0,,,
Sonora,Baviácora,14,Ures,142,Chile verde,2023,2024,29.71336,-110.161881,558.0,2,1.6666666666666667,0.0,1424.6063118588543,7.870753104192565,3.1350837724860248,11.305466140563347,26.61792817679558,8.935,36.504999999999995,34.98337016574585,15.3,46.78,18.252486187845307,1.37,29.32,31.467458563535914,10.06,78.47,26.65917127071823,8.92,32.04,2.3149723756906075,0.55,3.93,123.78,0.6838674033149171,0.0,11.44,99.024,0.5470939226519337,0.0,9.152,15.999810417821013,6.992293743889593,19.25631514900453,0.08688716241786787,27,7,96,3,1422.6197450916748,7.859777597191573,2.0360450212939036,11.870739447591514,91.77966784551822,0.5070699880967857,0.0,7.641291849753256,1330.8400772461566,7.352707609094788,0.0,11.870739447591514,917.7966784551822,13308.400772461566,14226.197450916748,1323.5957450916749,0.06451454660472455,0.9354854533952756,8.5,4.0,4.0,34.0,10620.0,361080.0,107.97607981825674,1565.6942085248902,1673.670288343147
Sonora,Baviácora,14,Ures,142,Pepino,2010,2011,29.71336,-110.161881,558.0,0,0.0,0.0,758.5625525921042,7.156250496151927,2.7021769828188504,11.110614248446774,28.765990566037733,23.31,34.815,35.394528301886794,25.22,43.06,22.137452830188682,15.65,26.57,50.745471698113214,11.59,87.52,26.131981132075474,11.68,32.23,1.8513207547169812,0.78,4.59,328.55,3.0995283018867927,0.0,31.28,197.13,1.8597169811320755,0.0,18.768,16.76311525380055,8.777129808902405,19.276335666786107,0.43312182875005245,41,19,60,0,660.4752573553592,6.230898654295841,2.7021769828188504,11.110614248446774,132.45916501895144,1.2496147643297306,0.0,6.644401824684821,528.0160923364077,4.981283889966111,0.0,11.068614248446774,1324.5916501895144,5280.1609233640775,6604.752573553592,463.3452573553592,0.20055129021689255,0.7994487097831074,25.0,1.0,1.0,25.0,4000.0,100000.0,52.98366600758058,211.2064369345631,264.19010294214365
Sonora,Baviácora,14,Ures,142,Avena forrajera en verde,2010,2011,29.71336,-110.161881,558.0,1,1.0,0.0,382.7061687786254,4.071342221049206,1.1151023637234492,8.201620385930973,14.23723404255319,7.3100000000000005,21.24,22.178829787234047,10.99,32.11,6.295638297872342,0.22,12.11,47.50851063829787,19.58,89.33,18.675319148936172,5.65,27.59,2.344255319148936,1.07,7.51,112.0,1.1914893617021276,0.0,34.93,89.6,0.9531914893617021,0.0,27.944000000000003,10.145980222709774,4.364715845140082,15.967667104529134,0.29265271672374293,14,8,0,23,378.7533439928537,4.029290893540996,0.3997351464489461,9.431863443820617,26.805679000000794,0.2851667978723489,0.0,3.228842388946493,351.9476649928529,3.7441240956686475,0.0,9.431863443820617,268.05679000000794,3519.476649928529,3787.5334399285366,289.1533439928537,0.07077344510655083,0.9292265548934492,41.6,30.0,30.0,1248.0,503.5,628368.0,6.443672836538652,84.6028040848204,91.04647692135906
Sonora,Baviácora,14,Ures,142,Avena forrajera en verde,2011,2012,29.71336,-110.161881,558.0,4,2.0,0.25,742.2955196078353,4.727996940177295,1.5737227989609797,8.610803870621787,16.94264331210191,-0.18999999999999995,25.39,25.608089171974523,5.12,35.26,8.277197452229299,-5.5,16.71,29.14031847133758,10.03,78.69,18.216687898089173,6.94,26.9,2.1556050955414015,1.16,6.71,7.74,0.049299363057324845,0.0,4.43,6.192,0.03943949044585987,0.0,3.544,8.779487386047245,4.598054952695688,14.961986623883405,0.010427113993748939,3,0,2,27,679.3658685516805,4.32717113727185,1.0132671149610786,7.749723483559609,4.457781218805127,0.028393510947803353,0.0,1.8097812188051265,674.9080873328754,4.298777626324047,0.0,7.749723483559609,44.57781218805127,6749.080873328754,6793.658685516805,673.1738685516805,0.0065616796856582385,0.9934383203143419,33.4,36.0,36.0,1202.4,375.0,450900.0,1.3346650355703973,202.06828962062139,203.40295465619178
Sonora,Baviácora,14,Ures,142,Avena forrajera en verde,2012,2013,29.71336,-110.161881,558.0,3,1.6666666666666667,0.16666666666666666,650.7606683916013,4.11873840754178,1.0174312855484255,8.535958059662711,15.32344936708861,5.1000000000000005,24.125,23.510379746835444,10.23,34.4,7.136518987341773,-0.94,16.41,40.922784810126586,9.13,89.37,17.348987341772155,2.71,28.61,2.164620253164557,1.04,5.41,121.25000000000001,0.7674050632911393,0.0,41.12,97.00000000000001,0.6139240506329114,0.0,32.896,8.820591964162471,3.1156082740678177,15.332957672835931,0.18632041838004368,12,8,0,38,595.8525454874127,3.771218642325397,0.3946846197020836,7.68236225369644,19.78427706056471,0.12521694342129563,0.0,3.192,576.068268426848,3.6460016989041013,0.0,7.68236225369644,197.84277060564708,5760.68268426848,5958.525454874128,498.8525454874127,0.03320331046732542,0.9667966895326746,42.0,54.0,54.0,2268.0,412.19,934846.92,4.710542157277311,137.15911153020193,141.86965368747923
Sonora,Baviácora,14,Ures,142,Avena forrajera en verde,2013,2014,29.71336,-110.161881,558.0,2,1.3333333333333333,0.0,690.7618395902432,4.399756940065243,1.5647134775493712,7.804239515646826,16.7656050955414,3.75,24.990000000000002,25.001910828025476,11.7,35.55,8.529299363057325,-4.48,18.71,33.62133757961784,11.16,81.24,17.05,4.56,27.99,2.0886624203821658,0.82,4.56,42.269999999999996,0.26923566878980887,0.0,13.95,33.816,0.21538853503184716,0.0,11.16,8.530384342679001,3.7907313664124143,15.08469420279653,0.061193305097853076,6,4,1,46,630.6054670791283,4.016595331714193,0.7607726261873604,7.023815564082144,17.499521192753708,0.11146191842518285,0.0,3.272192605359219,613.1059458863747,3.9051334132890108,0.0,7.023815564082144,174.99521192753707,6131.059458863747,6306.054670791284,596.7894670791283,0.027750348048533283,0.9722496519514668,42.6,54.0,54.0,2300.4,376.0,864950.4,4.107868824590072,143.9215835414025,148.02945236599257
Sonora,Baviácora,14,Ures,142,Avena forrajera en verde,2014,2015,29.71336,-110.161881,558.0,2,1.6,0.0,704.506522833271,4.487302693205548,1.2551843776254707,8.389443689239698,17.951751592356686,7.595000000000001,24.955,25.888917197452233,11.23,34.29,10.014585987261146,2.9,18.23,35.949999999999996,12.5,84.5,16.9887898089172,5.6,27.85,2.1239490445859874,1.03,5.15,35.83,0.22821656050955413,0.0,8.56,28.664,0.18257324840764333,0.0,6.848000000000001,8.593291060426184,4.176530107681162,15.560899904469832,0.05085829419421792,9,3,0,10,651.267548770742,4.1482009475843435,0.7086541764323229,7.550499320315729,15.26453482771003,0.09722633648222949,0.0,2.2800000000000002,636.0030139430319,4.050974611102114,0.0,7.550499320315729,152.6453482771003,6360.030139430319,6512.675487707419,622.603548770742,0.02343819349900301,0.9765618065009969,42.8,52.0,52.0,2225.6,377.83,840898.45,3.5664800999322503,148.59883503341868,152.16531513335093
Sonora,Baviácora,14,Ures,142,Avena forrajera en verde,2015,2016,29.71336,-110.161881,558.0,0,0.0,0.0,634.3508180871142,4.040451070618562,1.1443311512019532,7.277409791121315,17.663949044585987,7.04,24.805,25.236687898089173,12.41,35.05,10.091210191082801,-0.8,18.29,44.571019108280254,16.55,87.59,16.414331210191083,3.05,26.78,2.0319745222929937,0.95,5.43,134.27,0.8552229299363058,0.0,27.47,107.416,0.6841783439490445,0.0,21.976,8.67809244558618,3.332482962628824,15.968548725963458,0.21166521138081193,15,9,1,9,589.9401507279796,3.7575805778852205,0.8965647187635447,7.997594021681719,31.40013146772401,0.20000083737403826,0.0,3.4438873422383693,558.5400192602556,3.557579740511182,0.0,7.997594021681719,314.0013146772401,5585.400192602556,5899.401507279796,482.5241507279796,0.05322596102159956,0.9467740389784004,44.5,55.0,55.0,2447.5,375.82,919819.45,7.056209318589665,125.51461106972036,132.57082038831
Sonora,Baviácora,14,Ures,142,Avena forrajera en verde,2016,2017,29.71336,-110.161881,558.0,2,1.3333333333333333,0.0,685.0961703003079,4.336051710761442,1.629307326559225,8.574930644695618,16.654810126582277,4.930000000000001,23.715,25.07905063291139,11.46,34.62,8.230569620253164,-2.1,16.81,38.674620253164555,12.74,83.14,17.58740506329114,4.6,28.16,2.1174050632911388,1.09,4.21,83.56,0.528860759493671,0.0,12.54,66.848,0.4230886075949367,0.0,10.032,8.89686299979015,3.952535123266563,15.249119629591135,0.12196827777240671,13,6,0,34,635.9338306709094,4.02489766247411,0.5400090728935582,7.717437580226056,27.738553737598405,0.1755604666936608,0.0,2.9237004921863234,608.1952769333109,3.8493371957804485,0.0,7.717437580226056,277.38553737598403,6081.952769333109,6359.338306709094,569.0858306709094,0.043618616277002066,0.9563813837229977,45.0,80.0,80.0,3600.0,408.23,1469628.0,6.164123052799645,135.1545059851802,141.31862903797986
Sonora,Baviácora,14,Ures,142,Avena forrajera en verde,2017,2018,29.71336,-110.161881,558.0,0,0.0,0.0,678.8044949923635,4.3235955095055,1.235082070285048,8.075584004078873,18.190700636942676,8.995,27.315,26.01433121019108,13.67,36.55,10.367070063694268,1.5,20.19,40.62394904458599,16.27,84.58,16.935095541401274,3.27,27.76,2.077324840764331,0.88,5.44,83.51,0.5319108280254777,0.0,17.73,66.808,0.42552866242038223,0.0,14.184000000000001,8.75205330614166,3.349934974661628,15.605301423440155,0.12302511343997433,12,6,8,15,612.9804911035612,3.9043343382392437,1.1110471938151285,7.268025603670986,22.421351723631403,0.14281115747535925,0.0,3.1895242261018684,590.5591393799298,3.761523180763884,0.0,7.268025603670986,224.21351723631403,5905.591393799297,6129.804911035611,546.1724911035612,0.036577594310164406,0.9634224056898355,45.5,84.0,84.0,3822.0,397.76,1520238.72,4.927769609589319,129.7932174461384,134.72098705572773
Sonora,Baviácora,14,Ures,142,Avena forrajera en verde,2018,2019,29.71336,-110.161881,558.0,4,2.272727272727273,0.45454545454545453,719.1662305296567,4.580676627577431,1.424410822437367,8.413251916129099,19.19254777070064,9.095,27.17,27.18961783439491,14.62,35.78,11.19547770700637,1.09,19.07,33.57273885350318,12.12,83.84,16.6159872611465,4.44,27.88,2.0836942675159236,0.9,5.47,43.42,0.27656050955414013,0.0,26.74,34.736,0.22124840764331208,0.0,21.392,8.372279012868372,3.760220584663315,15.098889817255394,0.06037547114527573,5,1,5,13,665.7756766873467,4.24060940565189,1.0982292801847278,8.103550226328474,13.652150975592326,0.08695637564071546,0.0,2.1978597127302844,652.1235257117544,4.153653030011174,0.0,8.103550226328474,136.52150975592326,6521.235257117543,6657.756766873466,631.0396766873467,0.020505631932245368,0.9794943680677546,47.69,77.5,77.5,3696.0,426.32,1575678.72,2.8626863022839855,136.7421945296193,139.60488083190327
Sonora,Baviácora,14,Ures,142,Avena forrajera en verde,2019,2020,29.71336,-110.161881,558.0,0,0.0,0.0,577.0018053748568,3.675170734871699,0.9602563727309451,6.980708593941447,15.882611464968154,6.39,22.775,23.298726114649682,10.42,32.7,8.466496815286625,-0.82,16.38,47.61668789808917,28.0,88.4,16.07910828025478,2.93,27.08,1.941146496815287,0.87,5.5,122.96,0.7831847133757961,0.0,31.18,98.36800000000001,0.626547770700637,0.0,24.944000000000003,8.613709817026425,3.2793422785425825,15.632151523781513,0.2131015862595394,14,7,0,27,529.0133007957118,3.3695114700363806,0.7482858234211454,6.282637734547302,30.570917523351095,0.19471921989395602,0.0,3.95525046751855,498.4423832723607,3.174792250142425,0.0,6.282637734547302,305.70917523351096,4984.423832723607,5290.133007957118,430.64530079571176,0.057788561227795326,0.9422114387722047,44.3,83.0,83.0,3676.9,431.98,1588347.26,6.900884316783544,112.51521067096179,119.41609498774534
Sonora,Baviácora,14,Ures,142,Avena forrajera en verde,2020,2021,29.71336,-110.161881,558.0,1,1.0,0.0,508.1971935997593,3.216437934175692,0.7119954917704052,6.176287109496656,15.538227848101265,4.885,23.895,22.360632911392404,11.78,31.97,8.715822784810126,-3.1,18.5,57.22544303797469,28.42,95.6,15.4026582278481,2.18,27.53,1.924556962025316,0.83,5.52,348.53,2.205886075949367,0.0,85.34,209.118,1.3235316455696202,0.0,51.204,8.52604808297047,2.827657305295626,15.998899781629941,0.6858164594165225,26,16,0,29,458.4374075818104,2.9015025796317113,0.8187948155359659,5.55865839854699,41.04500452142325,0.2597785096292611,0.0,2.311028557833518,417.39240306038715,2.6417240700024505,0.0,5.55865839854699,410.45004521423255,4173.924030603872,4584.374075818105,249.31940758181042,0.08953240691663794,0.910467593083362,40.5,70.0,56.0,2268.0,425.0,963900.0,10.134569017635371,103.059852607503,113.19442162513838
Sonora,Baviácora,14,Ures,142,Avena forrajera en verde,2021,2022,29.71336,-110.161881,558.0,4,3.1818181818181817,0.9090909090909091,718.0816653208165,4.5737685689223975,1.561956415987579,9.749355277601762,16.942101910828026,6.555,28.090000000000003,25.43980891719745,11.62,37.89,8.444394904458598,0.09,19.93,32.06560509554139,10.35,87.22,17.611656050955414,5.16,27.75,2.1645859872611464,1.17,4.33,73.53999999999999,0.4684076433121019,0.0,21.44,58.831999999999994,0.3747261146496815,0.0,17.152,8.61894752220367,4.156907987863624,15.173535328942073,0.10241175001612751,7,3,11,36,659.6173321767942,4.201384281380855,0.9865649329896345,8.774419749841586,17.0946300383482,0.1088829938748293,0.0,2.712,642.522702138446,4.092501287506026,0.0,8.774419749841586,170.946300383482,6425.22702138446,6596.173321767942,600.7853321767942,0.025915980682215314,0.9740840193177847,42.1,80.0,80.0,3368.0,528.86,1781200.48,4.060482194381995,152.61821903526032,156.67870122964231
Sonora,Baviácora,14,Ures,142,Avena forrajera en verde,2022,2023,29.71336,-110.161881,558.0,2,1.0909090909090908,0.0,682.3174619472697,4.34597109520554,1.4261864880488235,8.302848248521473,17.39735668789809,7.484999999999999,24.849999999999998,25.54210191082803,14.95,35.59,9.252611464968155,-0.63,16.93,36.42936305732484,7.92,86.77,17.361337579617835,5.5,27.35,2.0227388535031845,1.24,4.5,68.60000000000001,0.43694267515923574,0.0,34.09,54.879999999999995,0.3495541401273885,0.0,27.272000000000006,8.755621832046304,4.111146596980504,15.513146713844046,0.10053971036329933,7,3,1,17,617.7129214085542,3.934477206423912,0.9761343532061485,7.4725634236693255,14.325035186242426,0.0912422623327543,0.0,3.504,603.3878862223119,3.8432349440911584,0.0,7.4725634236693255,143.25035186242425,6033.878862223119,6177.129214085543,562.8329214085542,0.02319044120621183,0.9768095587937884,46.02,88.0,88.0,4050.0,659.87,2672473.5,3.112784699313869,131.1142734077166,134.22705810703047
Sonora,Baviácora,14,Ures,142,Avena forrajera en verde,2023,2024,29.71336,-110.161881,558.0,2,1.6666666666666667,0.0,612.6268633181203,3.9020819319625497,1.2157950578395995,8.467834290757175,15.52203821656051,6.295000000000001,22.134999999999998,23.288343949044584,12.46,32.25,7.755732484076434,-2.49,16.32,42.46789808917198,15.03,82.75,16.5143949044586,2.41,28.75,2.1077070063694268,0.97,4.62,64.03,0.4078343949044586,0.0,21.01,51.224000000000004,0.3262675159235669,0.0,16.808000000000003,8.57582518634903,3.262474578033875,16.028750409023736,0.10451712752718613,10,4,0,30,569.6891925862675,3.628593583352022,0.7765670596042314,7.621050861681457,17.008272538080686,0.10833294610242475,0.0,2.1653086935745542,552.6809200481867,3.520260637249597,0.0,7.621050861681457,170.08272538080686,5526.809200481867,5696.891925862674,518.4651925862674,0.029855354041151375,0.9701446459588485,44.5,90.0,90.0,4005.0,665.38,2664846.9,3.8220837164226262,124.19795956139028,128.0200432778129
Sonora,Baviácora,14,Ures,142,Cebada forrajera en verde,2010,2011,29.71336,-110.161881,558.0,1,1.0,0.0,382.7061687786254,4.071342221049206,1.1151023637234492,8.201620385930973,14.23723404255319,7.3100000000000005,21.24,22.178829787234047,10.99,32.11,6.295638297872342,0.22,12.11,47.50851063829787,19.58,89.33,18.675319148936172,5.65,27.59,2.344255319148936,1.07,7.51,112.0,1.1914893617021276,0.0,34.93,89.6,0.9531914893617021,0.0,27.944000000000003,10.145980222709774,4.364715845140082,15.967667104529134,0.29265271672374293,14,8,0,23,378.7533439928537,4.029290893540996,0.3997351464489461,9.431863443820617,26.805679000000794,0.2851667978723489,0.0,3.228842388946493,351.9476649928529,3.7441240956686475,0.0,9.431863443820617,268.05679000000794,3519.476649928529,3787.5334399285366,289.1533439928537,0.07077344510655083,0.9292265548934492,38.4,168.0,168.0,6451.2,500.0,3225600.0,6.980645572916874,91.65303775855544,98.63368333147231
Sonora,Baviácora,14,Ures,142,Cebada forrajera en verde,2011,2012,29.71336,-110.161881,558.0,4,2.0,0.25,742.2955196078353,4.727996940177295,1.5737227989609797,8.610803870621787,16.94264331210191,-0.18999999999999995,25.39,25.608089171974523,5.12,35.26,8.277197452229299,-5.5,16.71,29.14031847133758,10.03,78.69,18.216687898089173,6.94,26.9,2.1556050955414015,1.16,6.71,7.74,0.049299363057324845,0.0,4.43,6.192,0.03943949044585987,0.0,3.544,8.779487386047245,4.598054952695688,14.961986623883405,0.010427113993748939,3,0,2,27,679.3658685516805,4.32717113727185,1.0132671149610786,7.749723483559609,4.457781218805127,0.028393510947803353,0.0,1.8097812188051265,674.9080873328754,4.298777626324047,0.0,7.749723483559609,44.57781218805127,6749.080873328754,6793.658685516805,673.1738685516805,0.0065616796856582385,0.9934383203143419,32.0,155.0,155.0,4960.0,378.0,1874880.0,1.3930566308766021,210.90877729152356,212.30183392240016
Sonora,Baviácora,14,Ures,142,Cebada forrajera en verde,2012,2013,29.71336,-110.161881,558.0,3,1.6666666666666667,0.16666666666666666,650.7606683916013,4.11873840754178,1.0174312855484255,8.535958059662711,15.32344936708861,5.1000000000000005,24.125,23.510379746835444,10.23,34.4,7.136518987341773,-0.94,16.41,40.922784810126586,9.13,89.37,17.348987341772155,2.71,28.61,2.164620253164557,1.04,5.41,121.25000000000001,0.7674050632911393,0.0,41.12,97.00000000000001,0.6139240506329114,0.0,32.896,8.820591964162471,3.1156082740678177,15.332957672835931,0.18632041838004368,12,8,0,38,595.8525454874127,3.771218642325397,0.3946846197020836,7.68236225369644,19.78427706056471,0.12521694342129563,0.0,3.192,576.068268426848,3.6460016989041013,0.0,7.68236225369644,197.84277060564708,5760.68268426848,5958.525454874128,498.8525454874127,0.03320331046732542,0.9667966895326746,36.0,150.0,150.0,5400.0,415.0,2241000.0,5.49563251682353,160.01896345190224,165.51459596872576
Sonora,Baviácora,14,Ures,142,Cebada forrajera en verde,2013,2014,29.71336,-110.161881,558.0,2,1.3333333333333333,0.0,690.7618395902432,4.399756940065243,1.5647134775493712,7.804239515646826,16.7656050955414,3.75,24.990000000000002,25.001910828025476,11.7,35.55,8.529299363057325,-4.48,18.71,33.62133757961784,11.16,81.24,17.05,4.56,27.99,2.0886624203821658,0.82,4.56,42.269999999999996,0.26923566878980887,0.0,13.95,33.816,0.21538853503184716,0.0,11.16,8.530384342679001,3.7907313664124143,15.08469420279653,0.061193305097853076,6,4,1,46,630.6054670791283,4.016595331714193,0.7607726261873604,7.023815564082144,17.499521192753708,0.11146191842518285,0.0,3.272192605359219,613.1059458863747,3.9051334132890108,0.0,7.023815564082144,174.99521192753707,6131.059458863747,6306.054670791284,596.7894670791283,0.027750348048533283,0.9722496519514668,36.2,132.0,132.0,4778.4,384.0,1834905.6,4.8341218764513,169.36628339402614,174.20040527047743
Sonora,Baviácora,14,Ures,142,Cebada forrajera en verde,2014,2015,29.71336,-110.161881,558.0,2,1.6,0.0,704.506522833271,4.487302693205548,1.2551843776254707,8.389443689239698,17.951751592356686,7.595000000000001,24.955,25.888917197452233,11.23,34.29,10.014585987261146,2.9,18.23,35.949999999999996,12.5,84.5,16.9887898089172,5.6,27.85,2.1239490445859874,1.03,5.15,35.83,0.22821656050955413,0.0,8.56,28.664,0.18257324840764333,0.0,6.848000000000001,8.593291060426184,4.176530107681162,15.560899904469832,0.05085829419421792,9,3,0,10,651.267548770742,4.1482009475843435,0.7086541764323229,7.550499320315729,15.26453482771003,0.09722633648222949,0.0,2.2800000000000002,636.0030139430319,4.050974611102114,0.0,7.550499320315729,152.6453482771003,6360.030139430319,6512.675487707419,622.603548770742,0.02343819349900301,0.9765618065009969,36.5,124.0,124.0,4526.0,380.21,1720830.46,4.182064336358913,174.2474010802827,178.42946541664162
Sonora,Baviácora,14,Ures,142,Cebada forrajera en verde,2015,2016,29.71336,-110.161881,558.0,0,0.0,0.0,634.3508180871142,4.040451070618562,1.1443311512019532,7.277409791121315,17.663949044585987,7.04,24.805,25.236687898089173,12.41,35.05,10.091210191082801,-0.8,18.29,44.571019108280254,16.55,87.59,16.414331210191083,3.05,26.78,2.0319745222929937,0.95,5.43,134.27,0.8552229299363058,0.0,27.47,107.416,0.6841783439490445,0.0,21.976,8.67809244558618,3.332482962628824,15.968548725963458,0.21166521138081193,15,9,1,9,589.9401507279796,3.7575805778852205,0.8965647187635447,7.997594021681719,31.40013146772401,0.20000083737403826,0.0,3.4438873422383693,558.5400192602556,3.557579740511182,0.0,7.997594021681719,314.0013146772401,5585.400192602556,5899.401507279796,482.5241507279796,0.05322596102159956,0.9467740389784004,38.4,110.0,110.0,4224.0,386.79,1633800.96,8.177117569719794,145.45313001569156,153.63024758541135
Sonora,Baviácora,14,Ures,142,Cebada forrajera en verde,2016,2017,29.71336,-110.161881,558.0,2,1.3333333333333333,0.0,685.0961703003079,4.336051710761442,1.629307326559225,8.574930644695618,16.654810126582277,4.930000000000001,23.715,25.07905063291139,11.46,34.62,8.230569620253164,-2.1,16.81,38.674620253164555,12.74,83.14,17.58740506329114,4.6,28.16,2.1174050632911388,1.09,4.21,83.56,0.528860759493671,0.0,12.54,66.848,0.4230886075949367,0.0,10.032,8.89686299979015,3.952535123266563,15.249119629591135,0.12196827777240671,13,6,0,34,635.9338306709094,4.02489766247411,0.5400090728935582,7.717437580226056,27.738553737598405,0.1755604666936608,0.0,2.9237004921863234,608.1952769333109,3.8493371957804485,0.0,7.717437580226056,277.38553737598403,6081.952769333109,6359.338306709094,569.0858306709094,0.043618616277002066,0.9563813837229977,38.54,124.5,124.5,4798.8,417.55,2003738.94,7.197341395329113,157.80884196505212,165.00618336038124
Sonora,Baviácora,14,Ures,142,Cebada forrajera en verde,2017,2018,29.71336,-110.161881,558.0,0,0.0,0.0,678.8044949923635,4.3235955095055,1.235082070285048,8.075584004078873,18.190700636942676,8.995,27.315,26.01433121019108,13.67,36.55,10.367070063694268,1.5,20.19,40.62394904458599,16.27,84.58,16.935095541401274,3.27,27.76,2.077324840764331,0.88,5.44,83.51,0.5319108280254777,0.0,17.73,66.808,0.42552866242038223,0.0,14.184000000000001,8.75205330614166,3.349934974661628,15.605301423440155,0.12302511343997433,12,6,8,15,612.9804911035612,3.9043343382392437,1.1110471938151285,7.268025603670986,22.421351723631403,0.14281115747535925,0.0,3.1895242261018684,590.5591393799298,3.761523180763884,0.0,7.268025603670986,224.21351723631403,5905.591393799297,6129.804911035611,546.1724911035612,0.036577594310164406,0.9634224056898355,39.3,120.0,120.0,4716.0,427.0,2013732.0,5.7051785556314005,150.26950111448593,155.97467967011733
Sonora,Baviácora,14,Ures,142,Cebada forrajera en verde,2018,2019,29.71336,-110.161881,558.0,4,2.272727272727273,0.45454545454545453,719.1662305296567,4.580676627577431,1.424410822437367,8.413251916129099,19.19254777070064,9.095,27.17,27.18961783439491,14.62,35.78,11.19547770700637,1.09,19.07,33.57273885350318,12.12,83.84,16.6159872611465,4.44,27.88,2.0836942675159236,0.9,5.47,43.42,0.27656050955414013,0.0,26.74,34.736,0.22124840764331208,0.0,21.392,8.372279012868372,3.760220584663315,15.098889817255394,0.06037547114527573,5,1,5,13,665.7756766873467,4.24060940565189,1.0982292801847278,8.103550226328474,13.652150975592326,0.08695637564071546,0.0,2.1978597127302844,652.1235257117544,4.153653030011174,0.0,8.103550226328474,136.52150975592326,6521.235257117543,6657.756766873466,631.0396766873467,0.020505631932245368,0.9794943680677546,39.8,115.0,115.0,4577.0,430.0,1968110.0,3.4301886873347556,163.8501320883805,167.28032077571524
Sonora,Baviácora,14,Ures,142,Cebada forrajera en verde,2019,2020,29.71336,-110.161881,558.0,0,0.0,0.0,577.0018053748568,3.675170734871699,0.9602563727309451,6.980708593941447,15.882611464968154,6.39,22.775,23.298726114649682,10.42,32.7,8.466496815286625,-0.82,16.38,47.61668789808917,28.0,88.4,16.07910828025478,2.93,27.08,1.941146496815287,0.87,5.5,122.96,0.7831847133757961,0.0,31.18,98.36800000000001,0.626547770700637,0.0,24.944000000000003,8.613709817026425,3.2793422785425825,15.632151523781513,0.2131015862595394,14,7,0,27,529.0133007957118,3.3695114700363806,0.7482858234211454,6.282637734547302,30.570917523351095,0.19471921989395602,0.0,3.95525046751855,498.4423832723607,3.174792250142425,0.0,6.282637734547302,305.70917523351096,4984.423832723607,5290.133007957118,430.64530079571176,0.057788561227795326,0.9422114387722047,38.6,110.0,110.0,4246.0,448.0,1902208.0,7.9199268195210095,129.1301511068292,137.0500779263502
Sonora,Baviácora,14,Ures,142,Cebada forrajera en verde,2022,2023,29.71336,-110.161881,558.0,2,1.0909090909090908,0.0,682.3174619472697,4.34597109520554,1.4261864880488235,8.302848248521473,17.39735668789809,7.484999999999999,24.849999999999998,25.54210191082803,14.95,35.59,9.252611464968155,-0.63,16.93,36.42936305732484,7.92,86.77,17.361337579617835,5.5,27.35,2.0227388535031845,1.24,4.5,68.60000000000001,0.43694267515923574,0.0,34.09,54.879999999999995,0.3495541401273885,0.0,27.272000000000006,8.755621832046304,4.111146596980504,15.513146713844046,0.10053971036329933,7,3,1,17,617.7129214085542,3.934477206423912,0.9761343532061485,7.4725634236693255,14.325035186242426,0.0912422623327543,0.0,3.504,603.3878862223119,3.8432349440911584,0.0,7.4725634236693255,143.25035186242425,6033.878862223119,6177.129214085543,562.8329214085542,0.02319044120621183,0.9768095587937884,41.0,50.0,50.0,2050.0,650.0,1332500.0,3.4939110210347377,147.16777712739315,150.66168814842788
Sonora,Baviácora,14,Ures,142,Cebada forrajera en verde,2023,2024,29.71336,-110.161881,558.0,2,1.6666666666666667,0.0,612.6268633181203,3.9020819319625497,1.2157950578395995,8.467834290757175,15.52203821656051,6.295000000000001,22.134999999999998,23.288343949044584,12.46,32.25,7.755732484076434,-2.49,16.32,42.46789808917198,15.03,82.75,16.5143949044586,2.41,28.75,2.1077070063694268,0.97,4.62,64.03,0.4078343949044586,0.0,21.01,51.224000000000004,0.3262675159235669,0.0,16.808000000000003,8.57582518634903,3.262474578033875,16.028750409023736,0.10451712752718613,10,4,0,30,569.6891925862675,3.628593583352022,0.7765670596042314,7.621050861681457,17.008272538080686,0.10833294610242475,0.0,2.1653086935745542,552.6809200481867,3.520260637249597,0.0,7.621050861681457,170.08272538080686,5526.809200481867,5696.891925862674,518.4651925862674,0.029855354041151375,0.9701446459588485,42.0,51.0,51.0,2142.0,684.39,1465963.38,4.049588699543021,131.59069524956826,135.64028394911128
Sonora,Baviácora,14,Ures,142,Maíz grano,2010,2011,29.71336,-110.161881,558.0,0,0.0,0.0,1280.384764662705,7.487630202705877,2.7021769828188504,11.110614248446774,26.562777777777775,14.15,34.815,34.09754385964912,19.94,43.06,19.028011695906432,5.84,26.57,41.09643274853801,10.21,87.52,26.907543859649127,11.68,32.38,2.1470760233918127,0.78,5.1,334.06999999999994,1.9536257309941516,0.0,31.28,200.442,1.1721754385964913,0.0,18.768,16.581341490899604,8.777129808902405,19.276335666786107,0.2609137575047645,42,19,77,0,1176.5115413367416,6.880184452261647,1.3930732515738597,13.332737098136128,125.07785410450084,0.7314494392076073,0.0,7.181472040463911,1051.4336872322406,6.148735013054038,0.0,13.290737098136129,1250.7785410450085,10514.336872322405,11765.115413367414,976.0695413367416,0.10631247523707972,0.8936875247629201,3.2,75.0,75.0,240.0,3150.0,756000.0,463.25131149815127,3894.1988416008903,4357.450153099042
Sonora,Baviácora,14,Ures,142,Maíz grano,2011,2012,29.71336,-110.161881,558.0,4,3.8,1.0,1322.4299765133733,7.73350863458113,3.2097768202588197,12.383870103205744,26.908216374269006,14.25,34.565,34.69982456140351,21.62,43.99,19.116608187134503,6.58,25.35,39.64421052631579,6.92,87.67,27.073859649122813,14.98,32.72,2.190175438596492,0.85,6.47,311.19999999999993,1.819883040935672,0.0,21.66,186.72,1.0919298245614035,0.0,12.996,16.57214838251582,10.759253713422796,19.86710949320066,0.2353243691741533,48,20,80,0,1191.321040055262,6.966789707925509,1.3949673844449941,14.860644123846892,140.7939051052191,0.8233561702059596,0.0,10.53,1050.527134950043,6.143433537719551,0.0,14.860644123846892,1407.939051052191,10505.271349500432,11913.210400552623,1004.601040055262,0.11818300892149781,0.8818169910785023,3.58,70.0,70.0,250.6,3080.0,771848.0,467.7538375588675,3490.123371927054,3957.8772094859214
Sonora,Baviácora,14,Ures,142,Maíz grano,2012,2013,29.71336,-110.161881,558.0,2,2.0,0.0,1253.3799661122075,7.329707404164957,3.230640627222863,11.315660977470609,26.464327485380114,15.18,34.6,33.827251461988304,22.25,44.31,19.10140350877193,5.03,24.89,43.22157894736842,6.52,89.72,26.59982456140351,13.32,32.48,1.9798830409356722,0.74,4.24,415.40000000000003,2.4292397660818716,0.0,20.75,249.23999999999998,1.4575438596491226,0.0,12.45,16.332439897438917,9.842844162828127,19.171657429601634,0.3314238389245259,65,34,65,0,1130.3190728079928,6.610053057356684,1.8017821918934551,13.57879317296473,192.47411301071773,1.1255796082498113,0.0,8.210203834095125,937.8449597972751,5.484473449106872,0.0,13.57879317296473,1924.7411301071772,9378.44959797275,11303.190728079928,881.0790728079928,0.1702829914499844,0.8297170085500156,3.54,52.0,52.0,184.08,3100.0,570648.0,624.915951333499,3044.951168172971,3669.86711950647
Sonora,Baviácora,14,Ures,142,Maíz grano,2013,2014,29.71336,-110.161881,558.0,2,1.75,0.0,1307.5917393715126,7.6467353179620625,2.404184069498421,12.028013974571037,27.101023391812863,15.280000000000001,33.885,34.77046783625731,22.19,45.72,19.431578947368422,8.37,25.61,40.46362573099415,5.07,85.38,26.642163742690055,9.48,32.47,2.2067836257309943,0.85,5.19,347.09,2.0297660818713448,0.0,25.08,208.254,1.2178596491228069,0.0,15.047999999999998,16.391305630654422,7.2071627242926795,19.172137417823315,0.2654421785861289,43,22,83,0,1177.2038835715402,6.884233237260469,1.4425104416990526,14.433616769485244,132.5715089631593,0.7752719822406976,0.0,8.487649413355337,1044.6323746083813,6.108961255019773,0.0,14.433616769485244,1325.715089631593,10446.323746083814,11772.038835715406,968.9498835715402,0.11261558920528547,0.8873844107947148,3.6,52.0,52.0,187.2,3060.0,572832.0,487.39525354102676,3840.5602007661078,4327.9554543071345
Sonora,Baviácora,14,Ures,142,Maíz grano,2014,2015,29.71336,-110.161881,558.0,3,2.0,0.2727272727272727,1264.4876935632842,7.394664874639089,1.9768146231099444,12.607177549130952,26.71868421052632,16.6,35.785,33.90964912280702,23.0,46.47,19.527719298245614,7.2,25.34,43.00473684210526,7.08,87.57,25.86111111111111,5.01,32.05,2.1210526315789475,0.6,4.48,428.21,2.504152046783626,0.0,37.55,256.926,1.5024912280701754,0.0,22.529999999999998,16.00332944685559,4.496532359962221,19.374938827937985,0.33864307432942936,56,28,67,0,1152.12228051982,6.737557196022339,1.1860887738659667,15.128613058957143,157.7005822753404,0.9222256273411719,0.0,7.691401299964465,994.4216982444794,5.815331568681167,0.0,15.128613058957143,1577.005822753404,9944.216982444794,11521.222805198198,895.19628051982,0.1368783374314993,0.8631216625685006,2.8,10.0,6.0,16.8,3230.0,54264.0,600.7641229536777,3788.273136169445,4389.037259123123
Sonora,Baviácora,14,Ures,142,Maíz grano,2015,2016,29.71336,-110.161881,558.0,0,0.0,0.0,1162.3522632024856,6.7973816561548865,2.0642930289577697,11.118669676875799,25.91877192982456,15.764999999999999,33.3,32.645087719298246,19.83,42.35,19.192456140350878,8.5,24.45,50.43292397660818,12.84,87.73,25.764502923976604,7.04,32.35,2.01046783625731,0.74,4.38,412.49999999999994,2.4122807017543857,0.0,32.56,247.50000000000003,1.4473684210526316,0.0,19.536,16.38841309675367,5.793727337292193,19.771665517919924,0.35488381023450644,53,27,42,0,1053.170373279148,6.158891071807883,1.1681786032341142,13.342403612250958,160.79156380891132,0.9403015427421715,0.0,7.6209200268965,892.3788094702365,5.218589529065711,0.0,13.342403612250958,1607.9156380891131,8923.788094702366,10531.703732791479,805.670373279148,0.1526738388094523,0.8473261611905476,3.54,56.0,56.0,198.24,3450.0,683928.0,584.6965956687684,3245.013852619042,3829.7104482878103
Sonora,Baviácora,14,Ures,142,Maíz grano,2016,2017,29.71336,-110.161881,558.0,2,1.7,0.0,1260.5465362427558,7.371617171010268,1.9435211118561055,11.736889471843721,26.72526315789474,16.23,34.455,34.36801169590643,24.54,45.66,19.082514619883042,7.22,26.11,42.236023391812864,8.99,83.58,26.819649122807018,6.52,32.57,2.0749122807017546,0.65,4.81,341.68999999999994,1.9981871345029236,0.0,22.51,205.014,1.1989122807017545,0.0,13.506,16.652457581567365,5.470433798270162,19.193296594910386,0.271064962836245,49,25,72,0,1133.7101299918866,6.629883801122143,1.1661126671136632,14.084267366212465,145.85422320057754,0.852948673687588,0.0,7.4108942957849315,987.855906791309,5.776935127434556,0.0,14.084267366212465,1458.5422320057753,9878.559067913091,11337.101299918866,928.6961299918866,0.12865213015395863,0.8713478698460414,3.62,50.0,50.0,181.0,3550.0,642550.0,476.6477882371815,3228.2872770957815,3704.935065332963
Sonora,Baviácora,14,Ures,142,Maíz grano,2017,2018,29.71336,-110.161881,558.0,1,1.0,0.0,1268.999321842889,7.421048665747889,2.6960946498466756,11.123744315053381,27.090672514619882,16.7,35.504999999999995,34.57561403508772,22.48,46.01,19.605730994152047,8.86,26.9,42.20128654970761,6.01,90.58,26.538596491228073,10.29,32.59,2.0406432748538013,0.51,4.68,325.34,1.9025730994152046,0.0,16.6,195.20399999999998,1.1415438596491227,0.0,9.96,16.32373476101818,7.746738169947605,19.54948922617827,0.25637523551039326,53,22,83,0,1123.4326547930268,6.569781606976765,1.6176567899080052,13.348493178064057,167.15543971009424,0.9775171912871008,0.0,8.873999999999999,956.2772150829326,5.592264415689664,0.0,13.348493178064057,1671.5543971009424,9562.772150829325,11234.326547930268,928.2286547930269,0.14878990653951552,0.8512100934604845,3.15,32.0,32.0,100.8,3685.0,371448.0,759.797453227701,4346.714614013329,5106.51206724103
Sonora,Baviácora,14,Ures,142,Maíz grano,2018,2019,29.71336,-110.161881,558.0,4,2.909090909090909,0.6363636363636364,1296.8825429218118,7.584108438139251,2.7965702077243657,11.554241797401522,27.70166666666667,18.625,34.815,34.976491228070174,24.74,43.95,20.426842105263155,9.5,27.89,41.4533918128655,6.64,87.38,26.469590643274856,7.59,32.56,2.075263157894737,0.73,4.52,318.88000000000005,1.8647953216374271,0.0,34.79,191.32799999999995,1.118877192982456,0.0,20.874,16.314635296135297,6.380054552878016,19.93352501383511,0.24588194338831895,50,20,86,0,1161.815469579803,6.79424251216259,1.7668059882713547,13.865090156881825,130.35361271870326,0.7623018287643466,0.0,6.521999999999999,1031.4618568610997,6.031940683398244,0.0,13.865090156881825,1303.5361271870327,10314.618568610997,11618.15469579803,970.487469579803,0.11219820714372879,0.8878017928562711,4.44,27.0,27.0,119.88,4700.0,563436.0,392.0409405073782,3102.140922890525,3494.1818633979033
Sonora,Baviácora,14,Ures,142,Maíz grano,2019,2020,29.71336,-110.161881,558.0,1,1.0,0.0,1267.850767069276,7.414331971165356,3.3218427499773093,11.396983462711908,26.67657894736842,16.89,35.085,33.94491228070176,22.51,43.89,19.408245614035085,8.46,27.06,43.05777777777777,11.34,87.77,26.731871345029237,13.47,32.63,2.155497076023392,0.8,4.18,269.7,1.5771929824561404,0.0,23.55,161.82000000000002,0.9463157894736843,0.0,14.13,16.627343492766354,9.6850030387746,19.229685375034308,0.21272219649590943,47,19,67,0,1150.6305931343786,6.728833877978822,1.6612999398478305,13.67638015525429,116.73930410793083,0.682685988935268,0.0,6.8840944396694805,1033.8912890264478,6.046147889043555,0.0,13.67638015525429,1167.3930410793084,10338.912890264477,11506.305931343786,988.8105931343786,0.10145680534177941,0.8985431946582206,3.75,14.0,9.0,33.75,5360.0,180900.0,432.36779299233643,3829.2269963942504,4261.594789386587
Sonora,Baviácora,14,Ures,142,Maíz grano,2020,2021,29.71336,-110.161881,558.0,2,1.25,0.0,1301.794320931332,7.612832286148141,3.1446410145650923,11.12617429225885,27.907017543859645,15.084999999999999,34.445,35.72520467836257,21.88,43.84,20.088830409356728,7.55,25.82,41.565672514619884,13.09,82.53,26.864152046783627,12.78,32.73,2.120760233918129,0.68,3.95,227.84,1.3323976608187136,0.0,26.94,182.272,1.0659181286549708,0.0,21.552000000000003,16.792180611396603,9.372039465768783,19.644017851231446,0.17501996769888986,47,17,111,0,1187.8242891200055,6.946340872046815,1.4174436770812708,13.351409150710621,141.21766840400474,0.8258343181520745,0.0,10.48138589798367,1046.6066207160009,6.120506553894742,0.0,13.351409150710621,1412.1766840400473,10466.066207160009,11878.242891200056,1005.5522891200055,0.11888767530475845,0.8811123246952417,3.91,11.0,11.0,43.0,5146.51,221299.93,722.3410148542441,5353.486550976986,6075.8275658312305
Sonora,Baviácora,14,Ures,142,Maíz grano,2021,2022,29.71336,-110.161881,558.0,3,2.9,0.9,1250.2635241335765,7.311482597272377,2.811290115567962,11.877749544339517,27.077192982456143,17.689999999999998,35.005,34.21035087719298,25.09,44.38,19.944035087719296,10.29,25.63,44.61052631578947,8.89,89.17,26.201520467836264,9.83,32.41,2.056023391812866,0.71,4.67,362.79999999999995,2.1216374269005844,0.0,34.63,217.67999999999998,1.2729824561403507,0.0,20.778000000000002,16.29413334455717,7.659596733171401,19.480615336838508,0.2901788247013106,61,26,72,0,1114.7180251878128,6.5188188607474435,1.6945773944074343,14.25329945320742,152.18228773269968,0.8899548990216355,0.0,6.957919036792379,962.5357374551131,5.628863961725807,0.0,14.25329945320742,1521.8228773269968,9625.357374551131,11147.180251878128,897.0380251878129,0.13652088177820512,0.8634791182217948,3.92,12.0,12.0,47.04,6000.0,282240.0,536.7981930606691,3395.187786437789,3931.9859794984577
Sonora,Baviácora,14,Ures,142,Maíz grano,2022,2023,29.71336,-110.161881,558.0,4,3.0,0.7142857142857143,1200.5920873385564,7.021006358705009,1.8708798437853043,11.465641181179244,26.687192982456143,19.425,33.620000000000005,33.76157894736843,25.81,43.74,19.612807017543858,9.5,24.65,47.82865497076024,3.08,91.62,25.744269005847954,7.09,32.26,1.9501754385964913,0.66,4.08,506.35,2.9611111111111112,0.0,43.79,303.81,1.7766666666666666,0.0,26.273999999999997,16.07585946994102,5.864258262257711,19.55613836347365,0.42175023918612065,70,34,68,0,1076.73677238527,6.296706271258889,1.1225279062711826,13.428482269226539,188.67517722982413,1.1033636095311352,0.0,7.710441166431805,888.0615951554456,5.193342661727752,0.0,13.428482269226539,1886.7517722982413,8880.615951554457,10767.367723852698,772.9267723852699,0.1752286929068619,0.824771307093138,9.4,8.0,5.0,47.0,9800.0,460600.0,200.71827364874906,944.7463778249422,1145.4646514736912
Sonora,Baviácora,14,Ures,142,Maíz grano,2023,2024,29.71336,-110.161881,558.0,4,2.142857142857143,0.14285714285714285,1403.883238708624,8.209843501220023,3.1350837724860248,11.305466140563347,28.665029239766078,16.01,36.504999999999995,36.965964912280704,24.39,46.78,20.364093567251462,5.46,29.32,31.976081871345027,10.06,78.47,27.1766081871345,8.92,32.04,2.256023391812865,0.55,3.93,156.89,0.917485380116959,0.0,15.38,125.512,0.7339883040935673,0.0,12.304000000000002,16.517887432427298,6.992293743889593,19.25631514900453,0.1117543081035121,32,9,115,0,1252.3412948906835,7.323633303454289,1.8810502634916149,13.566559368676016,98.38965670494039,0.5753781093856163,0.0,7.832,1153.951638185743,6.748255194068672,0.0,13.566559368676016,983.896567049404,11539.51638185743,12523.412948906833,1126.8292948906835,0.07856457110082664,0.9214354288991733,8.14,7.0,7.0,56.98,9200.0,524216.0,120.87181413383341,1417.6310051421901,1538.5028192760235
Sonora,Baviácora,14,Ures,142,Sorgo grano,2010,2011,29.71336,-110.161881,558.0,0,0.0,0.0,1278.471002523231,7.476438611246965,2.7021769828188504,11.110614248446774,24.462631578947367,10.665000000000001,34.815,32.59906432748538,17.9,43.06,16.326198830409357,2.46,26.57,36.57538011695906,10.21,87.52,27.019356725146196,11.68,32.38,2.362631578947368,0.85,5.1,261.90999999999997,1.5316374269005846,0.0,31.28,157.14600000000002,0.918982456140351,0.0,18.768,16.23479468557358,8.777129808902405,19.276335666786107,0.20486190103888635,31,16,66,7,971.0491489033484,5.678649993586832,0.9585614017105575,10.486015910394556,76.58032690124344,0.4478381690131195,0.0,3.856654305557546,894.4688220021051,5.230811824573714,0.0,10.486015910394556,765.8032690124344,8944.688220021051,9710.491489033486,813.9031489033484,0.07886349211852893,0.9211365078814712,3.2,4.0,4.0,12.8,2000.0,25600.0,288.98236566506955,3375.3540452909624,3664.336410956032
Sonora,Baviácora,14,Ures,142,Sorgo grano,2011,2012,29.71336,-110.161881,558.0,4,4.0,1.0,1349.6216931252457,7.892524521200267,3.2097768202588197,12.383870103205744,25.42599415204678,14.25,34.565,33.7987134502924,21.62,43.99,17.05327485380117,6.58,25.35,32.62760233918129,6.92,87.67,27.226023391812873,14.98,32.72,2.3630994152046787,0.85,6.47,274.28,1.6039766081871343,0.0,21.66,164.56799999999998,0.9623859649122806,0.0,12.996,16.095809956417895,10.709255404026223,19.86710949320066,0.20322732021657466,37,19,65,0,1020.550138482909,5.968129464812334,1.4303366464114526,12.383870103205744,93.16641497198994,0.5448328360935084,0.0,4.877768713177908,927.3837235109188,5.423296628718823,0.0,12.383870103205744,931.6641497198993,9273.837235109188,10205.501384829087,855.982138482909,0.09129038491973139,0.9087096150802684,3.32,6.0,6.0,19.92,2200.0,43824.0,350.2496803458268,3486.4049756049576,3836.654655950784
Sonora,Baviácora,14,Ures,142,Sorgo grano,2012,2013,29.71336,-110.161881,558.0,2,2.0,0.0,1295.647808671142,7.576887770006678,2.308071824480728,11.315660977470609,25.06570175438597,10.79,34.6,33.23222222222222,14.02,44.31,16.89918128654971,3.35,24.89,34.25538011695907,6.52,84.6,26.833274853801168,6.64,32.48,2.211345029239766,0.82,5.16,300.23,1.755730994152047,0.0,17.62,180.138,1.053438596491228,0.0,10.572000000000001,15.937948088792538,5.595630284300512,19.171657429601634,0.23172192164468333,48,24,64,6,996.265461492133,5.8261138098955145,0.6924215473442185,11.315660977470609,115.65229117132728,0.6763291881364168,0.0,4.527994962916167,880.6131703208059,5.149784621759099,0.0,11.315660977470609,1156.5229117132728,8806.131703208059,9962.654614921332,816.127461492133,0.11608581812934858,0.8839141818706516,3.36,7.0,7.0,23.52,3530.0,83025.6,423.63476619533805,3225.6892685743805,3649.3240347697188
Sonora,Baviácora,14,Ures,142,Sorgo grano,2013,2014,29.71336,-110.161881,558.0,2,2.0,0.0,1349.5172540545796,7.89191376640105,4.043736632833517,12.028013974571037,25.757602339181283,11.405,33.885,34.07385964912281,18.33,45.72,17.441345029239766,4.42,25.61,32.572105263157894,5.07,81.85,27.010584795321634,14.07,32.47,2.3974853801169593,0.85,5.19,188.11999999999998,1.1001169590643274,0.0,24.53,150.496,0.880093567251462,0.0,19.624000000000002,16.059237824085933,8.876615274570584,19.172137417823315,0.13939799542006573,26,10,73,3,1019.2099513222663,5.96029211299571,1.2337589996018021,12.028013974571037,78.78101438478097,0.4607076864607075,0.0,4.619445032722754,940.4289369374853,5.499584426535002,0.0,12.028013974571037,787.8101438478097,9404.289369374854,10192.099513222664,868.7139513222663,0.07729615893425576,0.9227038410657442,3.28,8.0,8.0,26.24,3040.0,79769.6,301.842966991498,3603.1760035918983,3905.0189705833964
Sonora,Baviácora,14,Ures,142,Sorgo grano,2014,2015,29.71336,-110.161881,558.0,3,2.090909090909091,0.2727272727272727,1304.8155522855025,7.630500305763173,3.5430350428315633,12.607177549130952,25.53154970760234,16.6,35.785,33.250994152046786,23.0,46.47,17.812105263157893,6.88,25.34,35.711345029239766,7.08,85.11,26.358479532163745,7.64,32.05,2.292105263157895,0.77,5.15,277.53999999999996,1.6230409356725144,0.0,19.3,166.524,0.9738245614035088,0.0,11.58,15.822148260372384,6.624401984238804,19.374938827937985,0.21270439298019062,40,20,58,0,999.7407166715168,5.8464369395995135,1.294841843581032,12.607177549130952,93.86777254088327,0.5489343423443466,0.0,3.9839999999999995,905.8729441306334,5.297502597255166,0.0,12.607177549130952,938.6777254088327,9058.729441306334,9997.407166715166,833.2167166715168,0.09389211720154962,0.9061078827984502,2.5,20.0,13.0,32.5,3220.0,104650.0,421.87762939722813,4071.3390747444196,4493.216704141648
Sonora,Baviácora,14,Ures,142,Sorgo grano,2015,2016,29.71336,-110.161881,558.0,0,0.0,0.0,1167.4654021004922,6.8272830532192526,1.5319655392733351,11.118669676875799,24.533859649122807,11.885000000000002,33.3,31.729064327485382,16.56,42.35,17.33865497076023,5.97,24.45,46.161052631578954,12.84,86.21,25.837251461988306,6.32,32.35,2.16,0.75,4.56,371.64000000000004,2.173333333333334,0.0,32.56,222.984,1.304,0.0,19.536,16.11640211925055,5.186062096973506,19.771665517919924,0.31833063260919686,44,24,41,0,888.734286414686,5.197276528740854,0.4595896617820005,11.118669676875799,112.67201365113401,0.6589006646265146,0.0,6.5950395742171946,776.062272763552,4.538375864114339,0.0,11.118669676875799,1126.7201365113401,7760.622727635519,8887.34286414686,665.750286414686,0.1267780655854667,0.8732219344145332,2.8,20.0,20.0,56.0,3475.0,194600.0,484.6108114027269,3337.9022484453844,3822.5130598481114
Sonora,Baviácora,14,Ures,142,Sorgo grano,2016,2017,29.71336,-110.161881,558.0,2,1.7272727272727273,0.0,1271.5691062059814,7.4360766444794235,2.1597484665426436,11.736889471843721,25.337222222222223,8.975000000000001,34.455,33.41695906432748,11.46,45.66,17.25748538011696,3.42,26.11,36.67111111111111,8.99,83.58,26.86251461988304,10.7,32.57,2.2091812865497076,0.74,4.03,273.69,1.6005263157894736,0.0,17.95,164.214,0.9603157894736842,0.0,10.77,16.242458505682773,7.7767009528335205,19.193296594910386,0.21523800685643976,40,20,59,1,962.9121052337034,5.631064942887154,0.6479245399627931,11.083038725093875,99.9749740950658,0.5846489713161743,0.0,4.52643420308207,862.9371311386376,5.04641597157098,0.0,10.967994900914258,999.7497409506581,8629.371311386376,9629.121052337034,798.6981052337035,0.1038256488330276,0.8961743511669724,2.85,18.0,18.0,51.3,3490.0,179037.0,403.1248955446202,3479.585206204184,3882.7101017488044
Sonora,Baviácora,14,Ures,142,Sorgo grano,2017,2018,29.71336,-110.161881,558.0,1,1.0,0.0,1289.5896887098536,7.541460167893881,2.732824956431129,11.123744315053381,25.953508771929826,16.665,35.504999999999995,33.87549707602339,22.48,46.01,18.031520467836256,6.85,26.9,36.63865497076023,6.01,90.58,26.757368421052632,10.77,32.59,2.1674269005847955,0.81,4.68,277.20000000000005,1.6210526315789477,0.0,16.6,166.32,0.9726315789473684,0.0,9.96,15.993807904504331,8.257600930490522,19.54948922617827,0.21495209090677495,41,20,73,0,983.4073399334786,5.75092011657005,1.2024239843619067,11.123744315053381,99.10974496814016,0.5795891518604688,0.0,4.467305640760585,884.2975949653385,5.171330964709582,0.0,11.123744315053381,991.0974496814016,8842.975949653384,9834.073399334786,817.0873399334787,0.10078198620608661,0.8992180137939134,2.66,12.0,12.0,31.92,3590.0,114592.8,505.66196412316407,4511.722423292543,5017.384387415706
Sonora,Baviácora,14,Ures,142,Sorgo grano,2018,2019,29.71336,-110.161881,558.0,4,3.3636363636363638,0.8181818181818182,1318.5346572556477,7.71072898979911,2.7965702077243657,11.554241797401522,26.401988304093567,14.91,34.815,34.254561403508774,20.73,43.95,18.549415204678365,3.53,27.89,33.87766081871345,6.64,82.04,26.222105263157896,7.59,32.56,2.2480116959064325,0.79,4.52,227.63,1.3311695906432748,0.0,26.24,182.104,1.06493567251462,0.0,20.992,15.693393920157462,6.380054552878016,19.93352501383511,0.17263861723117782,36,16,76,1,1015.2053302201591,5.936873276141282,1.5015901381679808,11.554241797401522,90.44956239452753,0.5289448093247224,0.0,4.186350492033523,924.7557678256316,5.407928466816559,0.0,11.554241797401522,904.4956239452754,9247.557678256315,10152.05330220159,833.1013302201591,0.08909484584257699,0.910905154157423,2.4,3.0,3.0,7.2,4085.0,29412.0,376.8731766438648,3853.149032606798,4230.022209250663
Sonora,Baviácora,14,Ures,142,Sorgo grano,2019,2020,29.71336,-110.161881,558.0,1,1.0,0.0,1253.5824860004968,7.330891730997058,2.262202836884255,11.396983462711908,24.955438596491227,11.705,35.085,32.62994152046783,15.24,43.89,17.280935672514623,4.77,27.06,38.774912280701756,11.34,84.76,26.465029239766086,4.35,32.63,2.2542105263157897,0.82,4.18,227.96000000000004,1.3330994152046787,0.0,31.18,182.368,1.0664795321637426,0.0,24.944000000000003,16.146164078226896,4.405884373569944,19.229685375034308,0.18184682902462765,33,14,57,2,947.0584753884254,5.538353657242254,0.6786608510652765,10.002057257370144,76.10625769924683,0.44506583449851944,0.0,4.184,870.9522176891785,5.093287822743734,0.0,10.002057257370144,761.0625769924683,8709.522176891785,9470.584753884254,764.6904753884255,0.08036067431636963,0.9196393256836303,1.33,6.0,6.0,7.98,4840.0,38623.2,572.2275014980964,6548.512914956229,7120.740416454326
Sonora,Baviácora,14,Ures,142,Sorgo grano,2020,2021,29.71336,-110.161881,558.0,1,1.0,0.0,1244.0872472145215,7.2753640187983715,1.3524258254118262,11.12617429225885,25.623216374269003,8.74,34.445,33.446257309941515,12.33,43.84,17.80017543859649,2.55,25.82,41.71660818713451,13.09,85.53,26.372397660818717,3.44,32.73,2.185497076023392,0.68,4.12,260.91999999999996,1.525847953216374,0.0,37.73,156.55199999999996,0.9155087719298244,0.0,22.637999999999998,16.32484993420573,3.8275206881208974,19.644017851231446,0.20972805611840564,44,17,91,2,939.0801020548865,5.491696503244951,0.40572774762354785,10.101333046898091,97.79060125754233,0.5718748611552184,0.0,8.664,841.2895007973441,4.919821642089731,0.0,10.01301342984171,977.9060125754233,8412.89500797344,9390.801020548864,782.5281020548866,0.10413446205872942,0.8958655379412704,0.0,7.0,0.0,0.0,0.0,0.0,,,
Sonora,Baviácora,14,Ures,142,Sorgo grano,2021,2022,29.71336,-110.161881,558.0,3,3.0,1.0,1269.8780218971651,7.426187262556521,2.811290115567962,11.877749544339517,25.261812865497077,10.685,35.005,32.994269005847954,16.57,44.38,17.5293567251462,1.81,25.63,37.04397660818714,8.89,83.81,26.28409356725146,9.83,32.41,2.2688888888888887,0.71,4.67,240.26999999999998,1.4050877192982456,0.0,19.66,192.216,1.1240701754385964,0.0,15.728000000000002,15.813714861497015,7.659596733171401,19.480615336838508,0.18920714892052606,47,17,64,6,976.8106773695404,5.712343142511932,1.2539681718344948,11.877749544339517,115.3806533359996,0.6747406627836233,0.0,4.42827704128759,861.4300240335408,5.037602479728309,0.0,11.877749544339517,1153.806533359996,8614.300240335408,9768.106773695403,784.5946773695404,0.1181197708103569,0.8818802291896432,1.49,5.0,5.0,7.45,5050.0,37622.5,774.3668009127489,5781.409557272085,6555.776358184834
Sonora,Baviácora,14,Ures,142,Sorgo forrajero en verde,2010,2011,29.71336,-110.161881,558.0,0,0.0,0.0,1160.7238366465624,7.686912825473923,3.1952046723685252,11.110614248446774,23.98483443708609,10.665000000000001,34.815,32.466754966887414,17.9,43.06,15.502913907284766,2.46,26.57,32.66059602649007,10.21,86.64,27.29900662251656,13.87,32.38,2.51317880794702,1.1,5.1,145.82999999999998,0.9657615894039734,0.0,22.78,116.66399999999999,0.7726092715231787,0.0,18.224,16.16464526708967,8.802735284624237,19.276335666786107,0.12563712004167696,19,9,57,7,1030.8564559274032,6.826863946539094,0.9585614017105575,10.486015910394556,64.68683878924529,0.42838966085592906,0.0,5.490739707193328,966.1696171381582,6.398474285683167,0.0,10.486015910394556,646.8683878924528,9661.696171381582,10308.564559274035,914.1924559274032,0.06275057833444929,0.9372494216655509,48.0,70.0,70.0,3360.0,501.5,1685040.0,13.476424747759433,201.28533690378296,214.7617616515424
Sonora,Baviácora,14,Ures,142,Sorgo forrajero en verde,2011,2012,29.71336,-110.161881,558.0,4,4.0,1.0,1241.031322750961,8.218750481794443,4.080788168510672,12.383870103205744,25.17864238410596,14.25,34.565,33.97695364238411,21.62,43.99,16.380331125827812,6.58,25.35,27.901920529801323,6.92,78.89,27.77543046357616,17.38,32.72,2.508940397350993,0.96,6.47,159.5,1.0562913907284768,0.0,19.43,127.60000000000004,0.8450331125827817,0.0,15.544,16.156210398334867,10.709255404026223,19.86710949320066,0.12852213886627825,25,12,61,0,1084.568547299787,7.182573160925742,1.4303366464114526,12.383870103205744,89.49753151523515,0.5926988842068553,0.0,7.538369829456767,995.0710157845518,6.589874276718886,0.0,12.383870103205744,894.9753151523515,9950.710157845519,10845.68547299787,956.968547299787,0.08251901803537828,0.9174809819646217,49.4,108.0,108.0,5335.2,373.23,1991256.7,18.116909213610356,201.43137971347204,219.5482889270824
Sonora,Baviácora,14,Ures,142,Sorgo forrajero en verde,2012,2013,29.71336,-110.161881,558.0,2,2.0,0.0,1181.263324738125,7.822935925418046,2.308071824480728,11.315660977470609,24.741622516556294,10.79,34.6,33.26317880794702,14.02,44.31,16.220066225165564,3.35,24.89,30.06920529801325,6.52,83.94,27.184834437086092,6.64,32.48,2.3416556291390727,0.82,5.16,228.31,1.5119867549668875,0.0,17.62,182.64800000000005,1.2095894039735102,0.0,14.096000000000002,15.897715347049424,5.595630284300512,19.171657429601634,0.19327612668463587,37,19,58,6,1043.7413729720543,6.912194522993737,0.6924215473442185,11.315660977470609,128.8070737848217,0.8530269787074285,0.0,6.786652152480076,914.9342991872325,6.059167544286308,0.0,11.315660977470609,1288.070737848217,9149.342991872325,10437.413729720542,861.0933729720542,0.12340899491034209,0.8765910050896578,50.2,104.0,104.0,5220.8,376.0,1963020.8,25.658779638410696,182.25782852335308,207.91660816176378
Sonora,Baviácora,14,Ures,142,Sorgo forrajero en verde,2013,2014,29.71336,-110.161881,558.0,2,2.0,0.0,1220.3415353681312,8.081732022305504,4.043736632833517,12.028013974571037,25.282483443708607,11.405,33.885,33.78615894039736,18.33,45.72,16.778807947019867,4.42,25.61,29.81370860927153,5.07,81.85,27.363443708609267,14.07,32.47,2.5121854304635765,0.85,5.19,156.20000000000002,1.0344370860927155,0.0,24.53,124.96,0.8275496688741721,0.0,19.624000000000002,16.05102652404921,8.876615274570584,19.172137417823315,0.12799695451886783,20,9,57,3,1069.7825473232076,7.08465263127952,1.2337589996018021,12.028013974571037,73.60640113067626,0.4874596101369289,0.0,6.012085001126697,996.1761461925314,6.597193021142592,0.0,12.028013974571037,736.0640113067626,9961.761461925315,10697.825473232077,944.8225473232076,0.06880501211657733,0.9311949878834227,50.4,106.0,106.0,5342.4,372.0,1987372.8,14.604444668784973,197.65399726042293,212.2584419292079
Sonora,Baviácora,14,Ures,142,Sorgo forrajero en verde,2014,2015,29.71336,-110.161881,558.0,3,2.111111111111111,0.2222222222222222,1198.6154957167848,7.93785096501182,4.229050212399056,12.607177549130952,25.386158940397355,16.6,35.785,33.495827814569545,23.0,46.47,17.276490066225165,6.88,25.34,30.997947019867553,7.08,82.38,26.771125827814572,7.64,32.05,2.43,0.84,5.15,170.27000000000004,1.1276158940397354,0.0,19.3,136.216,0.9020927152317881,0.0,15.440000000000001,15.829355236011889,6.624401984238804,19.374938827937985,0.1420555637804238,24,13,57,0,1058.3688193434978,7.009065028764886,1.294841843581032,12.607177549130952,84.0576409525127,0.5566731188908126,0.0,5.448075920808162,974.3111783909851,6.452391909874073,0.0,12.607177549130952,840.576409525127,9743.111783909852,10583.688193434979,922.1528193434978,0.07942187960965567,0.9205781203903444,39.0,100.0,100.0,3900.0,375.0,1462500.0,21.553241269875052,249.82337907461158,271.37662034448664
Sonora,Baviácora,14,Ures,142,Sorgo forrajero en verde,2015,2016,29.71336,-110.161881,558.0,0,0.0,0.0,1053.7726394410683,6.978626751265353,1.5319655392733351,11.118669676875799,24.115198675496686,11.885000000000002,33.3,31.583178807947018,16.56,42.35,16.647218543046353,5.97,24.45,43.243708609271515,12.84,86.21,26.030728476821196,6.32,32.35,2.2825165562913905,0.79,4.56,281.31999999999994,1.8630463576158935,0.0,32.56,168.79199999999997,1.1178278145695362,0.0,19.536,16.06814647254043,5.186062096973506,19.771665517919924,0.2669646083705636,34,18,37,0,937.4236137504704,6.208103402320996,0.4595896617820005,11.118669676875799,100.4114171279532,0.664976272370551,0.0,6.5950395742171946,837.0121966225172,5.543127129950445,0.0,11.118669676875799,1004.114171279532,8370.121966225171,9374.236137504704,768.6316137504705,0.10711423912848154,0.8928857608715185,50.0,113.0,113.0,5650.0,395.5,2234575.0,20.08228342559064,167.40243932450343,187.48472275009408
Sonora,Baviácora,14,Ures,142,Sorgo forrajero en verde,2016,2017,29.71336,-110.161881,558.0,2,1.8888888888888888,0.0,1158.6527234127068,7.67319684379276,2.1597484665426436,11.736889471843721,25.125794701986756,8.975000000000001,34.455,33.55059602649006,11.46,45.66,16.700993377483446,3.42,26.11,32.5076821192053,8.99,79.12,27.211192052980127,10.7,32.57,2.317682119205298,0.96,4.03,181.94,1.2049006622516556,0.0,16.22,145.552,0.9639205298013245,0.0,12.975999999999999,16.238970475713515,7.7767009528335205,19.193296594910386,0.15702720610202528,28,14,56,1,1018.281396479782,6.743585407150874,0.6479245399627931,11.083038725093875,102.27253917424481,0.6773015839353961,0.0,6.995398313854109,916.0088573055372,6.066283823215478,0.0,10.935994900914258,1022.7253917424481,9160.088573055371,10182.813964797819,872.7293964797819,0.10043642113840331,0.8995635788615967,51.0,115.0,115.0,5865.0,421.41,2471569.65,20.05343905377349,179.60957986383082,199.66301891760432
Sonora,Baviácora,14,Ures,142,Sorgo forrajero en verde,2017,2018,29.71336,-110.161881,558.0,1,1.0,0.0,1173.8523833530508,7.773856843397687,2.732824956431129,11.123744315053381,25.752649006622516,16.665,35.504999999999995,34.044172185430455,22.48,46.01,17.46112582781457,6.85,26.9,32.26768211920529,6.01,90.58,26.96456953642384,10.77,32.59,2.2950993377483444,1.0,4.68,212.25000000000003,1.405629139072848,0.0,16.6,169.79999999999998,1.124503311258278,0.0,13.280000000000001,15.859092474845616,8.257600930490522,19.54948922617827,0.180814898883383,29,17,70,0,1032.4706278697245,6.837553826951818,1.2024239843619067,11.123744315053381,107.70120244523136,0.7132529963260354,0.0,6.904017808448176,924.7694254244931,6.124300830625782,0.0,11.123744315053381,1077.0120244523137,9247.69425424493,10324.706278697244,862.6706278697245,0.10431405943958817,0.8956859405604118,49.6,135.0,135.0,6696.0,412.91,2764845.36,21.71395210589342,186.44544867429295,208.15940078018636
Sonora,Baviácora,14,Ures,142,Sorgo forrajero en verde,2018,2019,29.71336,-110.161881,558.0,4,3.6666666666666665,1.0,1211.876573197338,8.025672670181047,2.7965702077243657,11.554241797401522,26.261059602649006,14.91,34.815,34.53735099337749,20.73,43.95,17.984768211920528,3.53,27.89,28.984172185430467,6.64,80.86,26.70721854304636,7.59,32.56,2.379139072847682,0.79,4.52,151.50000000000003,1.0033112582781458,0.0,26.24,121.2,0.8026490066225166,0.0,20.992,15.728952212761763,6.380054552878016,19.93352501383511,0.12501273095847712,21,11,71,1,1072.5066868289841,7.102693290258173,1.5015901381679808,11.554241797401522,70.37215974950328,0.4660407930430681,0.0,6.46981439677908,1002.1345270794809,6.636652497215105,0.0,11.554241797401522,703.7215974950328,10021.345270794809,10725.066868289841,951.3066868289841,0.06561465827086674,0.9343853417291333,47.55,143.0,143.0,6799.65,701.46,4769682.49,18.385933311431295,261.82482745381606,280.21076076524736
Sonora,Baviácora,14,Ures,142,Sorgo forrajero en verde,2019,2020,29.71336,-110.161881,558.0,1,1.0,0.0,1136.4590385492584,7.5262187983394595,2.262202836884255,11.396983462711908,24.511920529801323,11.705,35.085,32.50549668874172,15.24,43.89,16.518344370860923,4.77,27.06,35.09556291390729,11.34,77.99,26.765099337748335,4.35,32.63,2.3750993377483445,0.89,4.18,165.22,1.0941721854304636,0.0,31.18,132.17600000000002,0.875337748344371,0.0,24.944000000000003,16.115203189037608,4.405884373569944,19.229685375034308,0.14538139466153646,23,11,51,2,1012.0277399526692,6.70217046326271,0.6786608510652765,10.002057257370144,66.35144225880133,0.439413524892724,0.0,5.460294441931155,945.676297693868,6.262756938369987,0.0,10.002057257370144,663.5144225880133,9456.76297693868,10120.277399526694,879.8517399526692,0.06556286911849321,0.9344371308815069,39.2,96.0,74.0,2900.8,692.0,2007353.6,20.67023123327144,294.60320800432027,315.27343923759173
Sonora,Baviácora,14,Ures,142,Sorgo forrajero en verde,2020,2021,29.71336,-110.161881,558.0,0,0.0,0.0,1104.8146669346115,7.316653423408023,1.3524258254118262,11.12617429225885,24.882086092715234,8.74,34.445,32.80562913907285,12.33,43.84,16.95854304635762,2.55,25.63,40.06079470198676,13.09,85.53,26.434569536423837,3.44,32.73,2.272980132450331,0.96,4.12,223.84000000000003,1.4823841059602652,0.0,37.73,179.072,1.185907284768212,0.0,30.183999999999997,16.1982659565169,3.8275206881208974,19.644017851231446,0.20260411696113734,36,14,74,2,990.3025791541419,6.55829522618637,0.40572774762354785,10.101333046898091,98.56170618444672,0.652726531022826,0.0,8.734488248319725,891.7408729696953,5.905568695163545,0.0,10.01301342984171,985.6170618444672,8917.408729696952,9903.025791541419,811.2305791541419,0.09952686003164035,0.9004731399683598,42.65,102.0,102.0,4350.0,764.6,3326010.0,46.218854013808546,418.16688064229555,464.3857346561041
Sonora,Baviácora,14,Ures,142,Sorgo forrajero en verde,2021,2022,29.71336,-110.161881,558.0,3,3.0,1.0,1162.8737238735287,7.701150489228667,2.811290115567962,11.877749544339517,25.01278145695364,10.685,35.005,33.11794701986754,16.57,44.38,16.907615894039733,1.81,25.63,32.41781456953642,8.89,83.81,26.720529801324503,9.83,32.41,2.396291390728477,0.81,4.67,169.68999999999997,1.123774834437086,0.0,19.66,135.75199999999995,0.8990198675496686,0.0,15.728000000000002,15.827786615560315,7.659596733171401,19.480615336838508,0.14592298072981055,30,11,61,6,1026.9573869459196,6.801042297655096,1.2539681718344948,11.877749544339517,95.07559387943004,0.6296396945657619,0.0,6.04,931.8817930664892,6.171402603089333,0.0,11.877749544339517,950.7559387943004,9318.817930664893,10269.573869459193,891.2053869459196,0.09257988217230362,0.907420117827696,41.05,143.0,143.0,5870.15,791.31,4645108.4,32.6776401029146,320.28932568018195,352.96696578309655
Sonora,Baviácora,14,Ures,142,Sorgo forrajero en verde,2022,2023,29.71336,-110.161881,558.0,4,2.6666666666666665,0.5555555555555556,1162.1576764968631,7.69640845362161,3.8413134764881924,11.465641181179244,25.384271523178807,13.49,33.620000000000005,33.772582781456954,22.0,43.74,16.995960264900663,3.59,24.65,31.937417218543047,3.08,81.02,27.033245033112586,10.46,32.26,2.260596026490066,0.77,4.31,209.26999999999998,1.3858940397350992,0.0,15.56,167.41599999999997,1.1087152317880793,0.0,12.448,15.977400543552557,6.966270493767561,19.55613836347365,0.18007022991132376,36,18,69,1,1023.9575443288628,6.78117579025737,1.1523940429464576,11.465641181179244,125.3716597921607,0.8302758926633159,0.0,6.166123685090894,898.585884536702,5.950899897594053,0.0,11.465641181179244,1253.716597921607,8985.85884536702,10239.575443288628,856.5415443288629,0.12243833788473488,0.877561662115265,45.67,90.0,90.0,4110.3,870.0,3575961.0,38.211417187491826,273.87561247689786,312.08702966438966
Sonora,Baviácora,14,Ures,142,Sorgo forrajero en verde,2023,2024,29.71336,-110.161881,558.0,2,1.5,0.0,1219.982051045622,8.07935133142796,3.393408368823173,11.305466140563347,25.679403973509938,8.935,36.504999999999995,34.29463576158941,15.3,46.78,17.064172185430465,1.37,29.32,28.165364238410596,10.06,64.52,27.191059602649002,10.08,32.04,2.4498013245033112,1.0,3.93,64.01,0.42390728476821193,0.0,9.79,51.208,0.3391258278145695,0.0,7.832,16.050739985305714,7.252183768340324,19.25631514900453,0.05246798503727028,16,3,70,3,1081.0793165964137,7.159465672823932,1.0180225106469518,9.99144300177654,49.273464426676824,0.32631433395150217,0.0,6.185807687895492,1031.8058521697367,6.833151338872429,0.0,9.99144300177654,492.7346442667682,10318.058521697367,10810.793165964134,1029.8713165964136,0.045578028984779376,0.9544219710152204,43.39,75.0,75.0,3254.25,950.65,3093652.76,15.807977037753231,331.02529745580256,346.8332744935558
Sonora,Baviácora,14,Ures,142,Trigo grano,2010,2011,29.71336,-110.161881,558.0,1,1.0,0.0,490.91776323063453,4.5038326901893075,1.1151023637234492,8.201620385930973,15.215733944954131,7.3100000000000005,23.045,23.312293577981645,10.99,33.45,7.119174311926606,0.22,15.07,44.42330275229358,17.94,89.33,19.790000000000006,5.65,29.01,2.3398165137614675,1.07,7.51,112.19,1.0292660550458714,0.0,34.93,89.752,0.8234128440366972,0.0,27.944000000000003,10.856322248912623,4.364715845140082,16.650631092050077,0.2285311479904483,14,8,0,23,480.9524760306637,4.412408036978566,0.3997351464489461,9.431863443820617,19.52713575410415,0.1791480344413225,0.0,3.228842388946493,461.4253402765596,4.233260002537244,0.0,9.431863443820617,195.2713575410415,4614.253402765597,4809.524760306638,391.2004760306637,0.04060096730401108,0.959399032695989,5.8,20.0,20.0,116.0,2750.0,319000.0,33.66747543811061,795.5609315113097,829.2284069494203
Sonora,Baviácora,14,Ures,142,Trigo grano,2011,2012,29.71336,-110.161881,558.0,4,2.0,0.25,859.6211955609626,4.997797648610248,1.5737227989609797,10.452221759993256,17.314534883720928,-0.18999999999999995,25.835,26.02732558139535,5.12,36.24,8.601744186046512,-5.5,16.71,28.74151162790697,8.95,78.69,18.984418604651164,6.94,29.49,2.225639534883721,1.16,6.71,10.129999999999999,0.058895348837209295,0.0,4.43,8.104,0.04711627906976744,0.0,3.544,9.34394388680858,4.598054952695688,16.677265332045003,0.01178426038388859,4,0,5,27,666.4971772031784,3.8749835883905717,0.8800524117275546,9.066971474319121,5.628254039175955,0.03272240720451137,0.0,1.8097812188051265,660.8689231640024,3.84226118118606,0.0,9.066971474319121,56.282540391759554,6608.6892316400235,6664.971772031783,658.3931772031783,0.008444527946530537,0.9915554720534694,4.6,35.0,35.0,161.0,3485.0,561085.0,12.235334867773817,1436.6715720956574,1448.9069069634313
Sonora,Baviácora,14,Ures,142,Trigo grano,2012,2013,29.71336,-110.161881,558.0,3,1.6666666666666667,0.16666666666666666,764.9059780202681,4.421421838267445,1.0174312855484255,8.962704622669593,15.837254335260115,5.1000000000000005,24.54,24.11722543352601,10.23,35.16,7.557283236994219,-0.94,16.41,39.07260115606936,9.13,89.37,18.263815028901732,2.71,29.75,2.1894219653179188,1.04,5.41,121.26,0.7009248554913295,0.0,41.12,97.00800000000001,0.5607398843930637,0.0,32.896,9.395805769091774,3.1156082740678177,16.826853963494216,0.15852928789214787,12,8,1,38,574.5126473902867,3.3208823548571487,0.3946846197020836,9.816351768612117,17.46389326995976,0.10094735994196394,0.0,3.192,557.048754120327,3.2199349949151848,0.0,9.816351768612117,174.6389326995976,5570.48754120327,5745.1264739028675,477.50464739028666,0.030397752511261814,0.9696022474887382,5.04,23.0,23.0,116.0,3450.0,400200.0,34.6505818848408,1105.2554645244584,1139.9060464092993
Sonora,Baviácora,14,Ures,142,Trigo grano,2013,2014,29.71336,-110.161881,558.0,2,1.3333333333333333,0.0,803.6654998252914,4.6724738361935545,1.5647134775493712,9.568690948026756,17.05218023255814,3.75,24.990000000000002,25.352441860465117,11.7,35.55,8.751918604651163,-4.48,18.71,33.058662790697674,6.03,81.24,18.001918604651163,4.56,30.91,2.169709302325581,0.82,5.19,42.75,0.24854651162790697,0.0,13.95,34.2,0.1988372093023256,0.0,11.16,9.169961355812243,3.7907313664124143,16.936600269325517,0.053193772793896726,6,4,1,46,607.3195242551267,3.530927466599574,0.7607726261873604,8.974875442993849,18.43840606981891,0.10720003528964482,0.0,3.272192605359219,588.8811181853077,3.4237274313099286,0.0,8.974875442993849,184.3840606981891,5888.811181853078,6073.195242551267,573.1195242551266,0.030360305133337335,0.9696396948666626,4.45,20.0,20.0,89.0,3788.31,337160.0,41.434620381615524,1323.3283554726017,1364.7629758542173
Sonora,Baviácora,14,Ures,142,Trigo grano,2014,2015,29.71336,-110.161881,558.0,2,1.6666666666666667,0.0,816.3577960630271,4.74626625618039,1.2551843776254707,9.486211414795177,18.366656976744185,7.595000000000001,25.945,26.39906976744186,11.23,37.47,10.334244186046512,2.9,18.96,34.53081395348838,7.08,84.5,17.674593023255813,5.6,29.3,2.1424418604651163,1.03,5.15,36.83,0.21412790697674416,0.0,8.56,29.464000000000002,0.17130232558139535,0.0,6.848000000000001,9.066733556802072,4.176530107681162,16.304526751410663,0.04511502208665933,9,3,4,10,640.8152271779281,3.7256699254530705,0.5504083520869311,9.647860242625653,13.94314228344814,0.08106478071772175,0.0,2.2800000000000002,626.8720848944799,3.6446051447353485,0.0,9.647860242625653,139.4314228344814,6268.720848944799,6408.15227177928,611.3512271779281,0.02175844407576273,0.9782415559242372,4.1,6.0,6.0,24.6,3300.0,81180.0,34.007664105971074,1528.9563046206829,1562.963968726654
Sonora,Baviácora,14,Ures,142,Alfalfa achicalada,2010,2011,29.71336,-110.161881,558.0,1,1.0,0.0,267.5438159870981,3.520313368251291,1.1151023637234492,7.0935725147050945,13.290855263157894,7.3100000000000005,18.525,20.88105263157895,10.99,29.45,5.7006578947368425,0.22,9.95,50.978026315789464,24.17,89.33,17.040394736842103,5.65,25.78,2.288947368421052,1.07,7.51,111.88,1.4721052631578946,0.0,34.93,89.504,1.1776842105263159,0.0,27.944000000000003,9.120862549381462,4.364715845140082,14.363704666899096,0.41817449447381444,14,8,0,22,227.59297316373647,2.9946443837333745,1.0593472455372768,6.384215263234585,24.282912016689135,0.31951200021959386,0.0,2.6673045821731898,203.31006114704735,2.675132383513781,0.0,6.384215263234585,242.82912016689136,2033.1006114704735,2275.929731637365,138.08897316373645,0.10669447162245804,0.893305528377542,12.36,240.0,240.0,2966.4,2220.0,6585408.0,19.646368945541372,164.4903407338571,184.13670967939848
Sonora,Baviácora,14,Ures,142,Alfalfa achicalada,2011,2012,29.71336,-110.161881,558.0,2,1.5,0.0,364.5808151698076,4.797115989076415,2.4870693964991455,7.884323021147063,15.921973684210526,-0.18999999999999995,23.015,24.871315789473684,5.12,33.63,6.972631578947368,-5.5,13.24,26.46078947368421,10.35,55.49,18.75236842105263,9.01,25.06,2.217236842105263,1.27,6.71,2.76,0.03631578947368421,0.0,1.44,2.208,0.02905263157894737,0.0,1.152,9.019886443559825,4.91528139193079,13.088795089920266,0.0075703380023287815,2,0,0,19,321.08905356203843,4.224855967921559,0.9948277585996582,7.095890719032357,2.208,0.02905263157894737,0.0,1.152,318.88105356203835,4.1958033363426095,0.9948277585996582,7.095890719032357,22.080000000000002,3188.8105356203832,3210.890535620383,318.8810535620384,0.00687659693005818,0.9931234030699415,11.6,235.0,235.0,2726.0,2260.0,6160760.0,1.9034482758620692,274.8974599672744,276.80090824313646
Sonora,Baviácora,14,Ures,142,Alfalfa achicalada,2012,2013,29.71336,-110.161881,558.0,1,1.0,0.0,333.65498920358436,4.3331816779686285,1.7786712098027924,8.535958059662711,15.460974025974027,9.21,22.47,24.15038961038961,13.51,32.49,6.771558441558441,1.67,13.2,37.01844155844156,12.04,68.37,18.33675324675325,5.92,25.94,2.1061038961038965,1.04,5.16,13.92,0.1807792207792208,0.0,5.55,11.136000000000001,0.14462337662337663,0.0,4.44,9.288334560484088,4.733486262793421,13.578156407218072,0.0417197418004336,3,1,0,18,288.4208124385723,3.745724836864575,1.2067921914450603,7.68236225369644,7.3688753630672075,0.09569968003983387,0.0,2.7807422141744484,281.0519370755051,3.650025156824742,0.0,7.68236225369644,73.68875363067207,2810.519370755051,2884.2081243857233,277.28481243857226,0.025549041696277124,0.9744509583037231,12.6,230.0,230.0,2898.0,2296.2,6654387.6,5.848313780212069,223.05709291706756,228.90540669727963
Sonora,Baviácora,14,Ures,142,Alfalfa achicalada,2013,2014,29.71336,-110.161881,558.0,2,1.5,0.0,328.97051383398644,4.328559392552453,1.9503604249817288,7.804239515646826,14.417763157894736,3.75,23.419999999999998,23.00763157894737,11.7,35.55,5.827894736842106,-4.48,14.42,34.395921052631586,11.88,81.24,17.604342105263157,6.29,25.18,2.2688157894736842,1.1,4.56,20.34,0.26763157894736844,0.0,7.65,16.272000000000002,0.21410526315789477,0.0,6.120000000000001,8.876944242656988,5.107677292304907,13.247477928720807,0.06182924956692165,3,2,1,39,288.1146301779989,3.790981976026301,0.9321252147556696,7.023815564082144,8.788494744289249,0.11563808874064802,0.0,2.7031156305141377,279.3261354337097,3.6753438872856536,0.0,7.023815564082144,87.8849474428925,2793.2613543370967,2881.1463017799892,271.8426301779989,0.03050346571730726,0.9694965342826929,10.6,225.0,225.0,2385.0,2650.0,6320250.0,8.291032777631369,263.5152221072733,271.80625488490466
Sonora,Baviácora,14,Ures,142,Alfalfa achicalada,2014,2015,29.71336,-110.161881,558.0,2,1.5,0.0,360.6202153357467,4.745002833365088,2.327387788844637,8.389443689239698,18.22631578947368,11.66,23.565,26.72092105263158,18.74,34.27,9.73171052631579,3.95,15.29,28.720657894736842,12.5,51.01,17.78986842105263,6.52,25.72,1.9877631578947375,1.03,5.15,3.0,0.039473684210526314,0.0,1.75,2.4000000000000004,0.03157894736842106,0.0,1.4000000000000001,8.801610688771845,4.4342736251463934,13.2078139723689,0.008319001188568763,1,0,0,2,316.30461732829104,4.161902859582777,0.9309551155378548,7.550499320315729,2.4000000000000004,0.03157894736842106,0.0,1.4000000000000001,313.904617328291,4.130323912214355,0.9309551155378548,7.550499320315729,24.000000000000004,3139.04617328291,3163.04617328291,313.90461732829107,0.00758762240106363,0.9924123775989363,12.8,228.0,228.0,2918.4,2150.91,6277215.74,1.8750000000000002,245.23798228772733,247.11298228772733
Sonora,Baviácora,14,Ures,142,Alfalfa achicalada,2015,2016,29.71336,-110.161881,558.0,0,0.0,0.0,296.12632067771864,3.8963989562857715,1.1443311512019532,7.277409791121315,16.86578947368421,7.04,20.525,24.36184210526316,12.41,30.56,9.369736842105263,-0.8,14.7,47.215131578947364,20.35,87.59,16.505131578947367,3.05,24.09,2.0580263157894736,0.95,4.56,107.97999999999999,1.4207894736842104,0.0,27.47,86.384,1.1366315789473684,0.0,21.976,8.89262408469633,3.332482962628824,13.609391054354838,0.36464168316033346,9,7,0,5,256.6686785499277,3.3772194546043117,0.91561580892963,6.549668812009183,17.866104147540614,0.23508031773079754,0.0,2.8449504131534358,238.80257440238705,3.1421391368735136,0.0,6.549668812009183,178.66104147540614,2388.0257440238706,2566.686785499277,170.28467854992766,0.06960765235741558,0.9303923476425844,12.5,235.0,235.0,2937.5,2465.76,7243170.0,14.29288331803249,191.04205952190966,205.33494283994216
Sonora,Baviácora,14,Ures,142,Alfalfa achicalada,2016,2017,29.71336,-110.161881,558.0,1,1.0,0.0,358.44380034123617,4.655114290145924,1.629307326559225,7.03520775133546,16.865194805194808,7.765,23.715,25.801298701298705,11.46,34.62,7.9290909090909105,-1.19,16.81,33.871038961038956,14.02,83.14,18.347402597402596,9.55,25.53,2.1615584415584412,1.2,4.21,43.550000000000004,0.5655844155844156,0.0,12.54,34.84,0.4524675324675325,0.0,10.032,9.137490233913415,5.654267593287672,13.567132730028435,0.12149742849099548,6,4,0,20,319.5188629398574,4.149595622595551,0.65172293062369,6.331686976201914,8.511314795829808,0.1105365557899975,0.0,2.4152308413713106,311.0075481440275,4.039059066805552,0.0,6.331686976201914,85.11314795829807,3110.0754814402753,3195.1886293985735,284.67886293985737,0.02663791025518228,0.9733620897448174,12.88,238.0,238.0,3065.44,2750.94,8432841.51,6.608163661358546,241.46548768946235,248.0736513508209
Sonora,Baviácora,14,Ures,142,Alfalfa achicalada,2017,2018,29.71336,-110.161881,558.0,0,0.0,0.0,312.3838692289971,4.110314068802594,1.235082070285048,7.2754097790340895,16.985723684210527,8.995,26.885,24.908289473684206,13.67,35.79,9.06315789473684,1.5,18.18,45.04578947368421,18.45,84.58,17.192894736842106,4.19,24.77,2.125526315789474,1.12,5.44,56.52,0.7436842105263158,0.0,17.73,45.215999999999994,0.5949473684210526,0.0,14.184000000000001,9.105668990875362,4.067696283669575,13.147397636271911,0.18093123738910882,7,4,4,14,272.6891143600438,3.588014662632155,0.4940328281140192,6.54786880113068,11.351127458864838,0.14935694024822155,0.0,2.28659501127573,261.3379869011789,3.438657722383933,0.0,6.54786880113068,113.51127458864838,2613.379869011789,2726.8911436004378,227.47311436004378,0.041626624830639294,0.9583733751693605,12.85,240.0,240.0,3084.0,2837.98,8752330.32,8.83356222479754,203.37586529274625,212.2094275175438
Sonora,Baviácora,14,Ures,142,Alfalfa achicalada,2018,2019,29.71336,-110.161881,558.0,3,2.8,0.8,344.0242639791783,4.526635052357609,1.8268128295802404,7.046565414198675,17.895131578947364,10.52,24.215,25.94960526315789,14.62,33.04,9.840657894736841,2.47,16.42,34.617894736842096,15.74,77.9,16.998815789473685,6.38,24.3,2.158552631578947,0.99,4.18,10.94,0.14394736842105263,0.0,3.47,8.751999999999999,0.11515789473684208,0.0,2.7760000000000002,8.647306811347091,4.9738841285020445,13.690111971096286,0.03180008256819389,3,0,0,8,302.20881067693574,3.976431719433365,1.0954772722294759,6.69423714348874,8.16334208467346,0.10741239585096657,0.0,2.1873420846734613,294.04546859226224,3.869019323582398,0.0,6.69423714348874,81.6334208467346,2940.4546859226225,3022.088106769357,293.45681067693573,0.02701225707611865,0.9729877429238812,12.1,245.0,245.0,2964.5,3018.97,8949736.57,6.7465637063417025,243.01278396054732,249.75934766688903
Sonora,Baviácora,14,Ures,142,Alfalfa achicalada,2019,2020,29.71336,-110.161881,558.0,0,0.0,0.0,268.8384894673114,3.537348545622518,0.9602563727309451,5.710822220712112,14.838026315789474,6.39,22.085,22.189736842105265,10.42,30.21,7.486315789473685,-0.82,14.18,48.373026315789474,28.0,88.4,15.572763157894734,2.93,25.01,2.050394736842105,0.96,4.59,99.78,1.3128947368421053,0.0,31.18,79.824,1.050315789473684,0.0,24.944000000000003,8.486891660704089,3.2793422785425825,14.174165882383104,0.37115221186411423,9,6,0,20,237.02368610902187,3.118732711960814,0.38410254909237806,5.139739998640901,18.51598547690463,0.24363138785400826,0.0,3.95525046751855,218.5077006321172,2.8751013241068053,0.0,5.139739998640901,185.1598547690463,2185.077006321172,2370.2368610902186,157.19968610902185,0.07811871370689924,0.9218812862931006,12.84,247.0,247.0,3171.48,3229.36,10241850.65,14.420549436841611,170.17733694090126,184.59788637774287
Sonora,Baviácora,14,Ures,142,Alfalfa achicalada,2020,2021,29.71336,-110.161881,558.0,0,0.0,0.0,253.00221401665067,3.2857430391772815,1.2625963681292915,6.176287109496656,14.647142857142859,4.885,21.06,21.944415584415584,12.33,28.26,7.349870129870129,-3.1,16.28,55.30116883116884,31.25,82.83,15.897142857142859,3.24,24.88,1.9110389610389606,0.83,4.33,93.21999999999998,1.2106493506493505,0.0,37.73,74.576,0.9685194805194804,0.0,30.183999999999997,8.75893116020126,3.43386279734713,14.438954884543007,0.3684552736517355,12,6,0,19,220.2713193904881,2.8606664855907544,0.7978988852398793,5.55865839854699,22.066810357448404,0.2865819526941351,0.0,3.0,198.20450903303976,2.57408453289662,0.0,5.55865839854699,220.66810357448404,1982.0450903303977,2202.713193904882,145.6953193904881,0.10018013429305907,0.8998198657069413,13.21,248.0,248.0,3275.0,3351.69,10976784.75,16.704625554465103,150.0412634618015,166.7458890162666
Sonora,Baviácora,14,Ures,142,Alfalfa achicalada,2021,2022,29.71336,-110.161881,558.0,4,3.2,1.0,325.8740279246942,4.287816156903871,1.561956415987579,6.659105222421323,15.253618421052632,6.555,21.08,23.670131578947366,11.62,31.46,6.837105263157893,0.09,13.77,36.407236842105256,15.62,87.22,17.812763157894732,5.16,25.8,2.163552631578947,1.17,3.69,48.53,0.6385526315789474,0.0,21.44,38.824,0.5108421052631579,0.0,17.152,9.000642013045553,4.156907987863624,13.861673887719409,0.14892257695116082,4,2,0,22,282.7237487918856,3.720049326209021,0.8311029244788583,5.993194700179191,9.30320585078967,0.12241060329986408,0.0,2.712,273.4205429410959,3.5976387229091564,0.0,5.993194700179191,93.03205850789669,2734.205429410959,2827.2374879188555,243.8997487918856,0.03290563983585902,0.9670943601641409,13.25,250.0,250.0,3312.5,3509.34,11624688.75,7.021287434558241,206.3551267479969,213.37641418255515
Sonora,Baviácora,14,Ures,142,Alfalfa achicalada,2022,2023,29.71336,-110.161881,558.0,1,1.0,0.0,327.2943414683346,4.306504493004403,1.6546441725935248,8.171485463893386,15.476184210526316,7.484999999999999,22.545,23.992105263157896,14.95,33.07,6.960263157894737,-0.63,14.98,36.5953947368421,11.95,79.17,18.25815789473684,6.24,25.51,2.1,1.25,4.14,1.6,0.021052631578947368,0.0,1.04,1.28,0.016842105263157894,0.0,0.8320000000000001,9.21036588582892,4.744788917562766,13.157453620490074,0.0048885660314869775,1,0,0,16,286.88407663611315,3.7747904820541205,0.66185766903741,7.354336917504048,1.28,0.016842105263157894,0.0,0.8320000000000001,285.6040766361132,3.7579483767909627,0.5178576690374099,7.354336917504048,12.8,2856.040766361132,2868.840766361132,285.6040766361132,0.0044617324705113065,0.9955382675294888,13.5,238.0,238.0,3213.0,3437.88,11045908.44,0.9481481481481482,211.55857528600976,212.5067234341579
Sonora,Baviácora,14,Ures,142,Alfalfa achicalada,2023,2024,29.71336,-110.161881,558.0,2,1.6,0.0,291.9100926522748,3.8409222717404576,1.2157950578395995,6.60403969772394,14.602631578947365,6.295000000000001,21.93,22.374473684210525,12.46,30.96,6.830789473684212,-2.49,13.57,43.33381578947369,21.49,82.75,16.219473684210524,2.41,24.31,2.278026315789474,0.97,4.37,61.68000000000001,0.8115789473684212,0.0,21.01,49.344,0.6492631578947369,0.0,16.808000000000003,8.567177808811701,3.262474578033875,13.54390982938963,0.2112979357430907,9,4,0,25,253.93363120951653,3.3412319895989016,0.8629111518469943,6.273837712837743,14.72462690040474,0.1937450907947992,0.0,1.936,239.2090043091118,3.1474868988041025,0.0,6.273837712837743,147.2462690040474,2392.090043091118,2539.3363120951653,204.58963120951654,0.0579861235011273,0.9420138764988727,13.64,230.0,230.0,3137.2,3360.91,10543846.85,10.795181012026935,175.37317031459807,186.16835132662501
Sonora,Baviácora,14,Ures,142,Pastos y praderas,2010,2011,29.71336,-110.161881,558.0,0,0.0,0.0,1657.4402630654117,6.76506229822617,1.81648236767811,11.110614248446774,24.895285714285713,10.665000000000001,34.815,32.54261224489796,17.9,43.06,17.24795918367347,2.46,26.57,43.063755102040815,10.21,87.52,25.13983673469388,5.15,32.38,2.1302448979591837,0.78,5.1,385.96000000000004,1.5753469387755104,0.0,31.28,231.576,0.9452081632653061,0.0,18.768,15.25641240248572,4.530836505444366,19.276335666786107,0.23286510446305475,55,21,85,7,1391.2029761447905,5.678379494468532,1.2780818689474103,9.444022111179757,146.85842478187024,0.5994221419668173,0.0,5.647741550982098,1244.3445513629201,5.078957352501715,0.0,9.402022111179758,1468.5842478187024,12443.445513629202,13912.029761447904,1159.6269761447904,0.10556218416728419,0.8944378158327158,46.0,135.0,135.0,6210.0,648.05,4024390.5,31.925744517797877,270.5096850788957,302.43542959669355
Sonora,Baviácora,14,Ures,142,Pastos y praderas,2011,2012,29.71336,-110.161881,558.0,4,3.625,1.0,1783.3475362878376,7.2789695358687245,3.2097768202588197,12.383870103205744,25.92789795918367,14.25,34.565,34.11248979591836,21.62,43.99,17.74330612244898,6.58,25.35,35.96502040816326,6.92,87.67,25.608693877551016,14.98,32.72,2.1311428571428572,0.85,6.47,321.8,1.313469387755102,0.0,21.66,193.07999999999998,0.7880816326530612,0.0,12.996,15.161422009911986,8.492097469079813,19.86710949320066,0.18044716100028893,50,21,106,0,1486.2174576403645,6.066193704654549,1.9071155285486037,10.526289587724882,146.97621227576818,0.5999029072480334,0.0,7.538369829456767,1339.2412453645966,5.466290797406517,0.0,10.526289587724882,1469.7621227576817,13392.412453645966,14862.174576403648,1293.1374576403646,0.09889280436062106,0.9011071956393791,41.2,130.0,130.0,5356.0,454.0,2431624.0,35.67383793101169,325.0585547001448,360.7323926311565
Sonora,Baviácora,14,Ures,142,Pastos y praderas,2012,2013,29.71336,-110.161881,558.0,2,1.75,0.0,1669.136890482344,6.812803634621812,2.2725226592400856,11.315660977470609,25.11465306122449,10.79,34.6,32.84608163265307,14.02,44.31,17.383224489795914,3.35,24.89,40.68048979591836,6.52,89.72,24.98028571428571,6.64,32.48,1.982204081632653,0.74,5.16,417.17999999999995,1.7027755102040814,0.0,20.75,250.308,1.021665306122449,0.0,12.45,14.950761933890472,5.595630284300512,19.171657429601634,0.24993755897363462,66,34,76,6,1389.9474246537234,5.673254794504993,1.9316442603540727,9.618311830850017,194.98889406192114,0.7958730369874333,0.0,6.101999999999999,1194.9585305918022,4.8773817575175595,0.0,9.618311830850017,1949.8889406192116,11949.585305918023,13899.474246537235,1139.6394246537234,0.14028508604237214,0.8597149139576278,41.4,175.0,175.0,7245.0,460.0,3332700.0,47.09876668162347,288.6373262299039,335.7360929115274
Sonora,Baviácora,14,Ures,142,Pastos y praderas,2013,2014,29.71336,-110.161881,558.0,2,1.8,0.0,1730.0206892525307,7.0613089357246155,2.030834051412018,12.028013974571037,25.502755102040812,11.405,33.885,33.425551020408165,18.33,45.72,17.57995918367347,4.42,25.61,39.25975510204081,5.07,85.38,25.181061224489795,8.24,32.47,2.1526122448979597,0.85,5.19,366.28,1.4950204081632652,0.0,25.08,219.768,0.8970122448979592,0.0,15.047999999999998,15.081316369186986,6.083289397043293,19.172137417823315,0.21172001137064678,47,23,84,3,1444.2939856540193,5.895077492465385,1.6450119994690695,10.223811878385382,145.79482953305816,0.5950809368696252,0.0,6.012085001126697,1298.4991561209608,5.299996555595759,0.0,10.223811878385382,1457.9482953305817,12984.991561209608,14442.93985654019,1224.5259856540192,0.10094539683832993,0.8990546031616699,42.2,183.0,183.0,7722.6,452.0,3490615.2,34.54853780404222,307.70122182961154,342.24975963365375
Sonora,Baviácora,14,Ures,142,Pastos y praderas,2014,2015,29.71336,-110.161881,558.0,3,1.9230769230769231,0.23076923076923078,1656.3450918364074,6.760592211577173,1.9768146231099444,12.607177549130952,25.50657142857143,16.6,35.785,32.78269387755102,23.0,46.47,18.230448979591838,6.88,25.34,43.99281632653061,7.08,87.57,24.47383673469388,5.01,32.05,2.031795918367347,0.6,5.15,450.0999999999999,1.8371428571428567,0.0,37.55,270.05999999999995,1.102285714285714,0.0,22.529999999999998,14.87705212846193,4.496532359962221,19.374938827937985,0.27174288873641017,62,28,70,0,1384.6881546107838,5.651788386166465,1.6802924296434527,10.71610091676131,171.0630275076055,0.6982164388065532,0.0,5.448075920808162,1213.6251271031786,4.9535719473599125,0.0,10.71610091676131,1710.630275076055,12136.251271031786,13846.881546107841,1114.628154610784,0.12353902713617775,0.8764609728638224,41.93,166.0,166.0,6959.55,454.09,3160262.06,40.79728774328775,289.44076487077956,330.2380526140673
Sonora,Baviácora,14,Ures,142,Pastos y praderas,2015,2016,29.71336,-110.161881,558.0,0,0.0,0.0,1493.7454313866658,6.09692012810884,1.5319655392733351,11.118669676875799,24.646285714285714,11.885000000000002,33.3,31.369183673469387,16.56,42.35,17.92338775510204,5.97,24.45,52.467183673469385,12.84,91.26,23.804816326530613,4.51,32.35,1.9491020408163267,0.74,4.56,573.65,2.341428571428571,0.0,50.47,344.19,1.4048571428571428,0.0,30.281999999999996,14.947278665481349,4.239902101560157,19.771665517919924,0.38403464736790677,68,34,48,0,1252.5149780817787,5.112306032986852,0.6127862157093341,9.450869225344428,191.99438110076966,0.7836505351051822,0.0,5.605783638084615,1060.520596981009,4.32865549788167,0.0,9.450869225344428,1919.9438110076967,10605.20596981009,12525.149780817786,908.3249780817787,0.15328709393544196,0.846712906064558,44.7,122.0,122.0,5453.4,446.68,2435924.71,42.95176310979187,237.25292997338005,280.20469308317195
Sonora,Baviácora,14,Ures,142,Pastos y praderas,2016,2017,29.71336,-110.161881,558.0,2,1.6666666666666667,0.0,1680.384531499078,6.858712373465625,1.9435211118561055,11.736889471843721,25.84257142857143,8.975000000000001,34.455,33.70563265306123,11.46,45.66,17.97951020408163,3.42,26.11,40.35669387755102,8.99,83.58,25.186204081632656,6.52,32.57,2.0093877551020407,0.65,4.81,365.16999999999996,1.4904897959183672,0.0,22.51,219.102,0.8942938775510204,0.0,13.506,15.224658481222379,5.470433798270162,19.193296594910386,0.21731335486302666,54,26,95,1,1403.1209017135277,5.727024088626644,0.8638993866170575,9.976356051067162,154.17428093704854,0.629282779334892,0.0,6.54,1248.946620776479,5.097741309291751,0.0,9.976356051067162,1541.7428093704852,12489.46620776479,14031.209017135276,1184.0189017135276,0.10987954120615472,0.8901204587938452,45.0,184.0,184.0,8280.0,450.32,3728649.6,34.260951319344116,277.5436935058842,311.80464482522837
Sonora,Baviácora,14,Ures,142,Pastos y praderas,2017,2018,29.71336,-110.161881,558.0,1,1.0,0.0,1726.1834109102674,7.045646575143949,2.6960946498466756,11.123744315053381,26.372877551020405,16.665,35.504999999999995,34.181551020408165,22.48,46.01,18.564204081632653,6.85,26.9,39.55114285714285,6.01,90.58,25.22595918367347,10.29,32.59,2.035265306122449,0.51,4.68,337.46,1.3773877551020408,0.0,16.6,202.476,0.8264326530612245,0.0,9.96,15.091564101835155,7.746738169947605,19.54948922617827,0.1954948691240448,55,23,112,0,1443.3200723253676,5.891102336021909,1.603231979149209,9.455182667795373,161.24676337930683,0.6581500546094157,0.0,6.904017808448176,1282.073308946061,5.232952281412493,0.0,9.455182667795373,1612.4676337930682,12820.73308946061,14433.200723253678,1240.8440723253675,0.11171933826120653,0.8882806617387936,44.75,185.0,185.0,8278.75,457.0,3783388.75,36.03279628587862,286.49682881476224,322.5296251006408
Sonora,Baviácora,14,Ures,142,Pastos y praderas,2018,2019,29.71336,-110.161881,558.0,4,3.0,0.6923076923076923,1663.1403564673465,6.788327985581006,1.3949120713119916,11.554241797401522,25.98024489795918,14.91,34.815,33.211551020408166,20.73,43.95,18.748938775510204,3.53,27.89,43.5882857142857,6.64,88.03,24.443551020408165,3.16,32.56,2.0080816326530613,0.59,4.52,441.90000000000003,1.8036734693877552,0.0,56.35,265.14,1.082204081632653,0.0,33.81,14.868802984679677,3.459411495610208,19.93352501383511,0.26570216896103327,57,24,88,1,1387.6390424235674,5.663832826218642,1.1856752606151928,9.821105527791293,147.46449139177207,0.6018958832317227,0.0,5.560172459966752,1240.1745510317955,5.061936942986921,0.0,9.821105527791293,1474.6449139177207,12401.745510317956,13876.390424235677,1122.4990424235675,0.10627006511305664,0.8937299348869435,45.1,190.0,190.0,8569.0,460.0,3941740.0,32.69722647267673,274.9832707387573,307.68049721143404
Sonora,Baviácora,14,Ures,142,Pastos y praderas,2019,2020,29.71336,-110.161881,558.0,1,1.0,0.0,1620.7143067256588,6.615160435614934,2.262202836884255,11.396983462711908,25.179040816326534,11.705,35.085,32.53077551020409,15.24,43.89,17.82730612244898,4.77,27.06,45.31461224489796,11.34,87.77,24.62926530612245,4.35,32.63,2.048938775510204,0.8,4.18,369.72,1.509061224489796,0.0,31.18,221.832,0.9054367346938775,0.0,18.708,15.13237155202218,4.405884373569944,19.229685375034308,0.22812163653133172,57,24,71,2,1359.419015801804,5.548649044088997,0.919942477304764,9.687435943305122,140.50767059225862,0.5735006962949332,0.0,5.460294441931155,1218.9113452095457,4.975148347794065,0.0,9.687435943305122,1405.0767059225861,12189.113452095458,13594.190158018044,1137.5870158018042,0.1033586178794073,0.8966413821205929,43.7,185.0,185.0,8084.5,472.0,3815884.0,32.15278503255346,278.92708128364893,311.0798663162024
Sonora,Baviácora,14,Ures,142,Pastos y praderas,2022,2023,29.71336,-110.161881,558.0,4,2.6666666666666665,0.5555555555555556,1581.697281918407,6.455907273136355,1.8708798437853043,11.465641181179244,25.040081632653063,13.49,33.620000000000005,32.28673469387755,22.0,43.74,17.79342857142857,3.59,24.65,46.56587755102041,3.08,91.62,24.33559183673469,7.09,32.26,1.922857142857143,0.66,4.31,554.7,2.2640816326530615,0.0,43.79,332.82000000000005,1.3584489795918369,0.0,26.273999999999997,14.814876925422185,5.537597202038269,19.55613836347365,0.35069921807491267,78,37,69,1,1320.32882353732,5.389097238927836,1.5365253905952772,9.745795004002357,218.83349635220756,0.8931979442947248,0.0,5.574334401425553,1101.4953271851123,4.495899294633111,0.0,9.745795004002357,2188.3349635220757,11014.953271851122,13203.288235373198,987.5088235373199,0.16574166408480448,0.8342583359151954,44.4,187.5,187.5,8325.0,685.0,5702625.0,49.286823502749456,248.08453314980005,297.3713566525495
Sonora,Baviácora,14,Ures,142,Pastos y praderas,2023,2024,29.71336,-110.161881,558.0,4,2.5454545454545454,0.36363636363636365,1827.2949382415823,7.458346686700335,2.9045001255645864,11.305466140563347,27.13018367346939,8.935,36.504999999999995,35.37910204081632,15.3,46.78,18.881265306122447,1.37,29.32,33.398979591836735,10.06,78.47,25.317020408163266,8.92,32.04,2.189591836734694,0.55,3.93,179.71,0.7335102040816327,0.0,18.66,143.768,0.5868081632653062,0.0,14.928,15.102829761765744,6.992293743889593,19.25631514900453,0.09834756077906948,34,10,143,3,1531.1473939271918,6.249581199702824,1.3968756517084393,9.609646219478844,109.37618775411929,0.4464334194045685,0.0,6.185807687895492,1421.7712061730726,5.803147780298255,0.0,9.609646219478844,1093.761877541193,14217.712061730726,15311.47393927192,1387.3793939271918,0.07143413376656295,0.9285658662334371,45.29,170.0,170.0,7699.3,678.05,5220510.37,24.150184975517618,313.9260777595656,338.0762627350832
Sonora,Baviácora,14,Ures,142,Frijol,2010,2011,29.71336,-110.161881,558.0,0,0.0,0.0,1073.3388269719285,7.61233210618389,2.7021769828188504,11.110614248446774,27.908475177304965,16.86,34.815,35.189078014184396,24.85,43.06,20.627872340425533,8.02,26.57,43.354680851063826,10.21,87.52,27.055390070921984,11.68,32.38,2.0443971631205673,0.78,4.59,331.69,2.3524113475177306,0.0,31.28,199.01399999999998,1.4114468085106382,0.0,18.768,16.85284326731766,8.777129808902405,19.276335666786107,0.30902636862187677,42,19,77,0,863.0665347351935,6.121039253441088,0.9457619439865976,12.77720638571379,104.82054884903206,0.7434081478654756,0.0,6.882244038777914,758.2459858861614,5.377631105575613,0.0,12.73520638571379,1048.2054884903207,7582.459858861614,8630.665347351935,664.0525347351935,0.12145129561904884,0.8785487043809511,1.3,6.0,6.0,7.8,12200.0,95160.0,806.3119142233236,5832.661429893548,6638.973344116872
Sonora,Baviácora,14,Ures,142,Frijol,2011,2012,29.71336,-110.161881,558.0,4,3.75,1.0,1076.2541667346575,7.633008274713883,3.2097768202588197,12.383870103205744,27.823900709219863,19.09,34.565,35.277801418439715,25.53,43.99,20.370000000000005,9.95,25.35,43.28858156028369,6.92,87.67,26.90851063829787,14.98,32.72,2.0508510638297874,0.85,6.47,308.81,2.1901418439716314,0.0,21.66,185.28599999999997,1.3140851063829786,0.0,12.996,16.75983345854268,10.759253713422796,19.86710949320066,0.28693036416939127,47,20,73,0,868.7276515854776,6.161189018336721,1.1234218870905868,13.448922735134506,124.41678126815474,0.8823885196323031,0.0,10.198970945735626,744.3108703173228,5.278800498704418,0.0,13.448922735134506,1244.1678126815473,7443.108703173229,8687.276515854775,683.4416515854776,0.14321724540606828,0.8567827545939317,1.4,3.0,3.0,4.2,11100.0,46620.0,888.6912947725339,5316.506216552307,6205.197511324841
Sonora,Baviácora,14,Ures,142,Frijol,2012,2013,29.71336,-110.161881,558.0,2,2.0,0.0,1016.2343858941097,7.2073360701709905,3.230640627222863,11.315660977470609,27.33241134751773,22.165,34.6,34.262695035461,25.03,44.31,20.40212765957447,12.8,24.89,48.461489361702114,6.52,89.72,26.264326241134754,13.32,32.48,1.8860283687943258,0.74,4.24,415.39,2.9460283687943263,0.0,20.75,249.23399999999998,1.7676170212765956,0.0,12.45,16.47526027278887,9.842844162828127,19.171657429601634,0.40875412775422765,65,34,59,0,810.3597154107729,5.747232024189879,1.130724219528002,12.76420747596351,169.8002377166317,1.2042570050824943,0.0,7.868112007674494,640.5594776941413,4.542975019107385,0.0,12.76420747596351,1698.002377166317,6405.594776941412,8103.59715410773,561.125715410773,0.20953686922919118,0.7904631307708089,1.28,11.0,11.0,14.08,12000.0,168960.0,1326.5643571611852,5004.370919485478,6330.935276646664
Sonora,Baviácora,14,Ures,142,Frijol,2013,2014,29.71336,-110.161881,558.0,2,1.6666666666666667,0.0,1067.6329079823906,7.571864595619791,2.404184069498421,12.028013974571037,28.212021276595745,21.69,33.885,35.523546099290776,27.29,45.72,20.900496453900704,12.68,25.61,44.62078014184397,8.39,85.38,26.226241134751774,9.48,32.47,2.09822695035461,0.85,4.32,346.60999999999996,2.4582269503546095,0.0,25.08,207.966,1.474936170212766,0.0,15.047999999999998,16.49855842016007,7.2071627242926795,19.172137417823315,0.3246527878716501,43,22,81,0,856.7859869541866,6.07649636137721,0.8414644243244473,13.271426263911135,113.31752040292035,0.8036703574675202,0.0,8.13399735446553,743.4684665512661,5.272826003909689,0.0,13.271426263911135,1133.1752040292035,7434.684665512661,8567.859869541864,648.8199869541866,0.13225883957994702,0.8677411604200529,1.8,8.0,8.0,14.4,13070.0,188208.0,629.5417800162242,4130.380369729256,4759.92214974548
Sonora,Baviácora,14,Ures,142,Frijol,2016,2017,29.71336,-110.161881,558.0,2,1.625,0.0,1033.7261302541006,7.331390994709933,1.9435211118561055,11.736889471843721,27.78301418439716,18.94,34.455,35.09581560283688,26.25,45.66,20.47021276595745,10.21,26.11,45.92099290780141,8.99,83.58,26.715744680851063,6.52,32.57,1.9643971631205674,0.65,4.81,341.66,2.4231205673758867,0.0,22.51,204.99600000000004,1.4538723404255323,0.0,13.506,16.862905155904745,5.470433798270162,19.193296594910386,0.3305130730477099,49,25,69,0,827.3993165411292,5.868080259156945,0.6802323891496369,13.497422892620278,129.16994649131232,0.9160989112859029,0.0,7.102107033460559,698.2293700498168,4.951981347871041,0.0,13.497422892620278,1291.6994649131232,6982.293700498168,8273.993165411292,622.4033165411292,0.15611560694937002,0.8438843930506299,1.42,8.0,8.0,11.36,9000.0,102240.0,909.6475105021995,4917.1082397874425,5826.755750289642
Sonora,Baviácora,14,Ures,142,Frijol,2017,2018,29.71336,-110.161881,558.0,1,1.0,0.0,1022.8060099692959,7.253943333115574,2.6960946498466756,11.123744315053381,27.78241134751773,16.7,35.504999999999995,34.84226950354609,22.48,46.01,20.72255319148936,10.44,26.9,47.25212765957447,6.01,90.58,26.142340425531913,10.29,32.59,1.9506382978723407,0.51,4.23,325.12,2.3058156028368795,0.0,16.6,195.07199999999995,1.3834893617021273,0.0,9.96,16.475918907162967,7.746738169947605,19.54948922617827,0.3178706390371718,53,22,72,0,814.2031426251282,5.774490373227859,0.9436331274463364,12.792305962311387,154.45478176976118,1.0954239841827034,0.0,8.873999999999999,659.7483608553671,4.679066389045157,0.0,12.792305962311387,1544.547817697612,6597.483608553671,8142.031426251283,619.1311426251282,0.1897005473004844,0.8102994526995156,1.33,7.0,7.0,9.31,9865.0,91843.15,1161.314148644821,4960.513991393737,6121.828140038559
Sonora,Baviácora,14,Ures,142,Frijol,2018,2019,29.71336,-110.161881,558.0,4,2.6666666666666665,0.5555555555555556,1043.024192610774,7.397334699367192,2.7965702077243657,11.554241797401522,28.45985815602837,18.625,34.815,35.34645390070922,24.74,43.95,21.573262411347518,10.04,27.89,46.576453900709225,6.64,87.38,26.209148936170212,7.59,32.56,1.949078014184397,0.73,4.52,318.88000000000005,2.2615602836879436,0.0,34.79,191.32799999999997,1.3569361702127658,0.0,20.874,16.518354932515457,6.380054552878016,19.93352501383511,0.30572636978037643,50,20,80,0,834.7837392871522,5.920452051681931,1.0692592673108177,13.28737806701175,116.23332728646545,0.8243498389111025,0.0,6.521999999999999,718.5504120006868,5.096102212770829,0.0,13.28737806701175,1162.3332728646546,7185.504120006868,8347.837392871523,643.4557392871523,0.13923765140145244,0.8607623485985476,1.38,6.0,6.0,8.28,13100.0,108468.0,842.2704875830832,5206.887043483238,6049.157531066321
Sonora,Baviácora,14,Ures,142,Frijol,2019,2020,29.71336,-110.161881,558.0,1,1.0,0.0,1043.2440456359145,7.398893940680245,3.3218427499773093,11.396983462711908,27.685,19.895,35.085,34.643333333333324,25.95,43.89,20.726666666666667,10.64,27.06,46.14503546099291,11.34,87.77,26.618368794326237,13.47,32.63,2.0651063829787235,0.8,4.18,269.08000000000004,1.9083687943262415,0.0,23.55,161.448,1.1450212765957448,0.0,14.13,16.797943442727224,9.6850030387746,19.229685375034308,0.25792622649092717,47,19,60,0,853.7447497354526,6.054927303088316,1.1626449624920583,13.106530982118693,103.08650342390128,0.7311099533610019,0.0,6.597257171349918,750.658246311551,5.323817349727312,0.0,13.106530982118693,1030.8650342390129,7506.58246311551,8537.447497354522,692.2967497354526,0.12074628096494226,0.8792537190350573,1.36,2.0,2.0,2.72,17950.0,48824.0,757.98899576398,5519.545928761404,6277.534924525384
Sonora,Baviácora,14,Ures,142,Frijol,2020,2021,29.71336,-110.161881,558.0,2,1.25,0.0,1102.0440561985668,7.815915292188417,3.1446410145650923,11.12617429225885,29.366702127659575,23.939999999999998,34.445,37.03148936170213,28.43,43.84,21.701914893617023,14.35,25.82,41.81716312056737,13.09,82.53,26.749007092198582,12.78,32.73,2.0875886524822698,0.68,3.95,227.65000000000003,1.6145390070921988,0.0,26.94,182.12,1.2916312056737589,0.0,21.552000000000003,16.86368950087085,9.372039465768783,19.644017851231446,0.20657068900245668,47,17,104,0,872.5228320940873,6.188105192156648,1.1006243550977821,12.795100436097677,128.15338110292154,0.9088892276802947,0.0,10.044661485567682,744.3694509911659,5.279215964476354,0.0,12.795100436097677,1281.5338110292155,7443.694509911658,8725.228320940874,690.4028320940873,0.14687682246130873,0.8531231775386914,1.5,5.0,5.0,7.5,19850.0,148875.0,854.355874019477,4962.4630066077725,5816.818880627249
Sonora,Baviácora,14,Ures,142,Frijol,2021,2022,29.71336,-110.161881,558.0,3,2.875,0.875,1005.5957827870832,7.131884984305555,2.811290115567962,11.877749544339517,27.907836879432626,20.03,35.005,34.67028368794326,26.56,44.38,21.145390070921987,10.77,25.63,49.69985815602837,8.89,89.17,25.923971631205678,9.83,32.41,1.8953191489361703,0.71,4.37,362.57000000000005,2.5714184397163122,0.0,34.63,217.542,1.5428510638297872,0.0,20.778000000000002,16.47679105498245,7.659596733171401,19.480615336838508,0.36055242693551326,61,26,65,0,798.3513768110093,5.66206650220574,0.9885034800710033,13.659411975990444,131.58964078746072,0.9332598637408562,0.0,6.668005743592697,666.7617360235487,4.728806638464884,0.0,13.659411975990444,1315.8964078746071,6667.617360235487,7983.513768110093,580.8093768110093,0.16482672243028076,0.8351732775697193,1.33,6.0,6.0,7.98,19500.0,155610.0,989.3957953944414,5013.246135515403,6002.641930909844
Sonora,Baviácora,14,Ures,142,Haba grano,2012,2013,29.71336,-110.161881,558.0,3,1.75,0.25,589.9763929877682,3.907128430382571,1.0174312855484255,7.641130830658906,16.547251655629136,5.1000000000000005,29.604999999999997,24.543112582781454,10.23,38.33,8.55139072847682,-0.94,23.3,43.28900662251655,16.78,89.37,16.35569536423841,2.71,22.75,2.02682119205298,1.04,5.41,122.28999999999998,0.809867549668874,0.0,41.12,97.83200000000001,0.6478940397350994,0.0,32.896,8.237784640428004,3.1156082740678177,12.628617400353594,0.20727948008342661,12,8,14,32,389.0099867581471,2.5762250778685236,0.5336013629408377,6.657971929071665,19.384103417376807,0.12837154581044244,0.0,2.701686654135873,369.6258833407703,2.4478535320580814,0.0,6.657971929071665,193.84103417376807,3696.258833407703,3890.0998675814712,291.1779867581471,0.049829320781494935,0.9501706792185052,2.38,1.0,1.0,2.38,4120.0,9805.6,81.44581267805381,1553.0499300032368,1634.4957426812907
Sonora,Baviácora,14,Ures,142,Haba grano,2013,2014,29.71336,-110.161881,558.0,2,1.2,0.0,603.0894355148112,3.993969771621266,1.5647134775493712,7.221779426662755,17.351655629139074,3.75,27.09,25.30423841059603,11.7,36.13,9.39907284768212,-4.48,20.3,37.84695364238411,15.04,81.24,15.87887417218543,4.56,23.17,1.9350993377483447,0.82,4.56,41.309999999999995,0.27357615894039733,0.0,13.95,33.048,0.2188609271523179,0.0,11.16,7.982002255850704,3.7907313664124143,13.169264751537401,0.06849730333070222,6,4,4,43,423.2070304583841,2.8026955659495636,0.46941404326481134,6.433853541464785,10.828915039328024,0.07171466913462267,0.0,3.1898739348478617,412.3781154190561,2.730980896814941,0.0,6.433853541464785,108.28915039328024,4123.781154190561,4232.070304583842,390.1590304583841,0.02558774845398718,0.9744122515460129,2.56,2.0,2.0,5.12,3500.0,17920.0,42.30044937237509,1610.8520133556879,1653.152462728063
Sonora,Baviácora,14,Ures,142,Haba grano,2014,2015,29.71336,-110.161881,558.0,2,1.6666666666666667,0.0,629.0019803721295,4.1655760289545,1.2551843776254707,6.808148819705481,18.348509933774835,7.595000000000001,24.955,26.250728476821195,11.23,34.29,10.446291390728476,2.9,18.23,39.28245033112582,12.5,84.5,16.05430463576159,5.6,22.95,1.9933774834437086,1.03,4.11,40.629999999999995,0.2690728476821192,0.0,8.56,32.504000000000005,0.2152582781456954,0.0,6.848000000000001,8.06950894542008,4.176530107681162,13.462502861062056,0.06459439122268346,10,3,0,10,414.6293075179541,2.7458894537612855,0.6982163366533911,6.880263941005058,19.941244925575234,0.13206122467268366,0.0,3.0444312800032587,394.68806259237886,2.6138282290886017,0.0,6.880263941005058,199.41244925575234,3946.8806259237886,4146.293075179541,382.12530751795407,0.04809415196660151,0.9519058480333985,2.44,2.0,2.0,4.88,3330.0,16250.4,81.7264136294067,1617.5740270179463,1699.3004406473528
Sonora,Baviácora,14,Ures,142,Haba verde,2015,2016,29.71336,-110.161881,558.0,0,0.0,0.0,1050.224601256198,4.977367778465394,1.1443311512019532,9.623201739063994,18.783767772511847,7.04,29.335,26.587535545023695,12.41,38.62,10.979999999999999,-0.8,20.05,41.20279620853081,15.91,87.59,19.518246445497628,3.05,31.94,2.2082938388625593,0.95,5.43,153.87,0.7292417061611375,0.0,27.47,123.09600000000002,0.58339336492891,0.0,21.976,10.815570449255548,3.332482962628824,18.991551050052138,0.14651151745631605,17,11,5,9,978.2841228442185,4.636417643811462,0.9760339683156158,10.585521912970394,46.08707618664419,0.21842216202201037,0.0,7.584295510349773,932.1970466575742,4.417995481789451,0.0,10.585521912970394,460.8707618664419,9321.970466575742,9782.841228442183,855.1881228442185,0.04711011362696221,0.9528898863730377,12.32,2.0,2.0,24.64,3315.0,81681.6,37.408341060587816,756.6534469623167,794.0617880229045
Sonora,Baviácora,14,Ures,142,Cacahuate,2010,2011,29.71336,-110.161881,558.0,0,0.0,0.0,1223.6246460619038,7.155699684572537,1.81648236767811,11.110614248446774,27.5706432748538,16.86,34.815,34.79608187134503,24.85,43.06,20.34520467836257,8.02,26.57,45.50502923976609,10.21,87.52,25.744269005847954,5.15,32.38,1.9964912280701752,0.78,4.59,378.40999999999997,2.2129239766081867,0.0,31.28,227.046,1.3277543859649121,0.0,18.768,15.999636816200857,4.530836505444366,19.276335666786107,0.3092533328891906,53,21,85,0,968.1202925009418,5.661522178368081,1.089889420606866,12.77720638571379,148.50721238471533,0.8684632303199727,0.0,7.641062098387543,819.6130801162265,4.793058948048108,0.0,12.73520638571379,1485.0721238471533,8196.130801162264,9681.202925009417,741.0742925009417,0.15339747915114677,0.8466025208488532,1.98,6.0,6.0,11.9,12004.03,142848.0,750.036426185431,4139.4600005870025,4889.496426772434
Sonora,Baviácora,14,Ures,142,Cacahuate,2011,2012,29.71336,-110.161881,558.0,4,3.6,1.0,1260.4980148954214,7.3713334204410605,3.2097768202588197,12.383870103205744,27.60415204678363,19.09,34.565,35.27222222222222,25.53,43.99,19.93608187134503,9.95,25.35,41.42584795321638,6.92,87.67,25.948654970760234,14.98,32.72,2.007017543859649,0.85,6.47,319.06,1.8658479532163743,0.0,21.66,191.43599999999998,1.1195087719298245,0.0,12.996,15.91014310659191,10.07635101036665,19.86710949320066,0.2531221757032844,49,21,95,0,987.160056817461,5.772865829341877,2.2600417280796825,13.448922735134506,157.7899121043478,0.9227480240020338,0.0,10.198970945735626,829.3701447131132,4.850117805339843,0.0,13.448922735134506,1577.8991210434779,8293.701447131132,9871.60056817461,795.7240568174611,0.15984227787037095,0.8401577221296289,2.34,14.0,14.0,32.76,14000.0,458640.0,674.315863693794,3544.3168577483475,4218.632721442142
Sonora,Baviácora,14,Ures,142,Cacahuate,2012,2013,29.71336,-110.161881,558.0,2,1.8,0.0,1172.32213189919,6.855684981866609,2.2725226592400856,11.315660977470609,26.94350877192983,21.86,34.6,34.016666666666666,25.03,44.31,19.870350877192983,11.82,24.89,48.242748538011696,6.52,89.72,25.1612865497076,7.35,32.48,1.8397076023391814,0.74,4.24,416.81999999999994,2.4375438596491223,0.0,20.75,250.09199999999998,1.4625263157894737,0.0,12.45,15.66427853487888,5.819863955801663,19.171657429601634,0.3555507387075782,66,34,70,0,911.9969018693434,5.333315215610195,1.3635135955440514,12.76420747596351,197.62867538193845,1.1557232478475932,0.0,7.868112007674494,714.368226487405,4.177591967762602,0.0,12.76420747596351,1976.2867538193846,7143.68226487405,9119.969018693435,661.9049018693435,0.21669884511323875,0.7833011548867612,2.52,30.0,30.0,75.6,14300.0,1081080.0,784.2407753251526,2834.7945495531944,3619.035324878347
Sonora,Baviácora,14,Ures,142,Cacahuate,2013,2014,29.71336,-110.161881,558.0,2,1.6666666666666667,0.0,1220.5799607633453,7.137894507387984,2.030834051412018,12.028013974571037,27.38824561403509,19.48,33.885,34.734269005847956,23.62,45.72,20.042222222222225,10.12,25.61,46.06947368421053,8.39,85.38,25.364210526315794,8.24,32.47,2.032397660818713,0.85,4.32,363.75,2.1271929824561404,0.0,25.08,218.25000000000003,1.2763157894736843,0.0,15.047999999999998,15.823438159634986,6.083289397043293,19.172137417823315,0.29801406846996925,47,23,81,0,964.9430809175603,5.642941993669943,1.2185004308472107,13.271426263911135,139.82474636608535,0.8176885752402652,0.0,8.13399735446553,825.1183345514751,4.8252534184296785,0.0,13.271426263911135,1398.2474636608536,8251.18334551475,9649.430809175603,746.6930809175603,0.14490465720851284,0.8550953427914872,2.5,20.0,20.0,50.0,14080.0,704000.0,559.2989854643414,3300.4733382059,3859.7723236702413
Sonora,Baviácora,14,Ures,142,Cacahuate,2014,2015,29.71336,-110.161881,558.0,3,2.0,0.3333333333333333,1173.9060469102658,6.864947642750092,1.9768146231099444,12.607177549130952,27.184678362573106,19.62,35.785,33.93777777777778,25.66,46.47,20.431578947368422,11.53,25.34,50.37350877192982,7.12,87.57,24.8419298245614,5.01,32.05,1.9232163742690058,0.6,4.48,446.26000000000005,2.6097076023391814,0.0,37.55,267.75600000000003,1.565824561403509,0.0,22.529999999999998,15.61288889779503,4.496532359962221,19.374938827937985,0.3801496731144383,61,28,64,0,918.3460527891718,5.370444753153052,1.1860887738659667,12.654278594318216,176.76604109727828,1.0337195385805746,0.0,7.370926245799279,741.5800116918936,4.336725214572477,0.0,12.654278594318216,1767.6604109727828,7415.800116918936,9183.460527891719,650.5900527891718,0.1924830411808381,0.8075169588191619,1.4,5.0,5.0,7.0,14180.0,99260.0,1262.6145792662735,5297.000083513526,6559.6146627798
Sonora,Baviácora,14,Ures,142,Cacahuate,2015,2016,29.71336,-110.161881,558.0,0,0.0,0.0,1085.241055585852,6.34643892155469,1.5800408215205646,11.118669676875799,26.50418128654971,19.105,33.3,32.82105263157895,24.16,42.35,20.18730994152047,10.09,24.45,56.06719298245614,12.84,91.26,24.301754385964916,4.51,32.35,1.894327485380117,0.74,4.38,482.58,2.8221052631578947,0.0,50.47,289.548,1.6932631578947368,0.0,30.281999999999996,15.650116116836157,4.239902101560157,19.771665517919924,0.44467539954935265,59,27,47,0,858.5426048708412,5.020716987548779,0.9480244929123387,12.044302162079987,174.22661039438256,1.018869066633816,0.0,7.303381692442479,684.3159944764586,4.001847920914963,0.0,12.044302162079987,1742.2661039438256,6843.159944764586,8585.426048708412,568.9946048708412,0.2029329813173257,0.7970670186826743,1.85,30.0,30.0,55.5,14850.0,824175.0,941.765461591257,3699.0053755484246,4640.770837139682
Sonora,Baviácora,14,Ures,142,Cacahuate,2016,2017,29.71336,-110.161881,558.0,2,1.625,0.0,1194.7514639116746,6.9868506661501435,1.9435211118561055,11.736889471843721,27.557251461988308,18.94,34.455,34.935087719298245,26.25,45.66,20.17941520467836,10.21,26.11,45.82175438596491,8.99,83.58,25.58432748538012,6.52,32.57,1.9025146198830405,0.65,4.81,352.16,2.0594152046783627,0.0,22.51,211.296,1.2356491228070174,0.0,13.506,15.98435728776437,5.470433798270162,19.193296594910386,0.2947558639911693,53,25,83,0,937.6455130779566,5.483307094023138,1.1661126671136632,13.497422892620278,163.3160383810893,0.9550645519361948,0.0,7.102107033460559,774.3294746968672,4.528242542086943,0.0,13.497422892620278,1633.160383810893,7743.294746968672,9376.455130779566,726.3495130779565,0.17417673961343969,0.8258232603865603,2.42,25.0,25.0,60.5,14900.0,901450.0,674.859662731774,3199.7085731275506,3874.568235859325
Sonora,Baviácora,14,Ures,142,Cacahuate,2017,2018,29.71336,-110.161881,558.0,1,1.0,0.0,1202.23668371568,7.030623881378246,2.6960946498466756,11.123744315053381,27.67543859649123,16.7,35.504999999999995,34.89228070175439,22.48,46.01,20.45859649122807,10.44,26.9,46.140116959064336,6.01,90.58,25.359239766081874,10.29,32.59,1.9245029239766083,0.51,4.23,337.24,1.9721637426900585,0.0,16.6,202.34400000000002,1.1832982456140353,0.0,9.96,15.78588045144931,7.746738169947605,19.54948922617827,0.2805104889643799,55,23,89,0,934.1435647485216,5.462827864026442,1.6176567899080052,12.646043573799219,180.2122506262852,1.0538728106800304,0.0,8.873999999999999,753.9313141222364,4.4089550533464115,0.0,12.646043573799219,1802.1225062628519,7539.313141222364,9341.435647485216,731.7995647485216,0.1929170819421099,0.80708291805789,1.98,12.0,12.0,23.76,16900.0,401544.0,910.1628819509353,3807.7339097082645,4717.8967916592
Sonora,Baviácora,14,Ures,142,Cacahuate,2018,2019,29.71336,-110.161881,558.0,4,2.6666666666666665,0.5555555555555556,1168.1794508860266,6.8314587771112665,1.3949120713119916,11.554241797401522,27.570994152046786,18.11,34.815,34.25730994152047,21.45,43.95,20.884678362573098,10.04,27.89,50.16497076023391,6.64,88.03,24.861520467836257,3.16,32.56,1.8959064327485382,0.59,4.52,438.53999999999996,2.5645614035087716,0.0,56.35,263.124,1.5387368421052634,0.0,33.81,15.65971391285622,3.459411495610208,19.93352501383511,0.37540465180018484,56,24,81,0,911.3963133609159,5.329803002110619,0.8369472427871949,11.990683926310544,148.6768694379329,0.8694553768300171,0.0,6.521999999999999,762.7194439229829,4.460347625280602,0.0,11.990683926310544,1486.7686943793292,7627.194439229829,9113.963133609159,648.2723133609159,0.16313086552837128,0.8368691344716287,2.13,11.0,11.0,23.43,19522.51,457412.41,698.0134715395913,3580.842459732314,4278.855931271905
Sonora,Baviácora,14,Ures,142,Cacahuate,2019,2020,29.71336,-110.161881,558.0,1,1.0,0.0,1181.9460536397385,6.911965225963383,2.2767594999072265,11.396983462711908,27.272953216374265,19.895,35.085,34.18309941520467,25.95,43.89,20.362807017543858,10.64,27.06,48.9146783625731,11.34,87.77,25.27017543859649,9.51,32.63,1.9907602339181285,0.8,4.18,327.95,1.9178362573099415,0.0,23.55,196.76999999999998,1.1507017543859648,0.0,14.13,15.924123098110677,6.822954631705167,19.229685375034308,0.2774661322232904,54,22,64,0,955.6788923240988,5.588765452187713,1.3660556999443358,13.106530982118693,132.37458566376998,0.7741203839986548,0.0,6.597257171349918,823.3043066603288,4.814645068189058,0.0,13.106530982118693,1323.7458566376997,8233.043066603288,9556.788923240987,758.9088923240988,0.13851366471205673,0.8614863352879433,2.14,6.0,4.0,8.56,26800.0,229408.0,618.5728302045326,3847.2163862632183,4465.7892164677505
Sonora,Baviácora,14,Ures,142,Cacahuate,2022,2023,29.71336,-110.161881,558.0,4,3.0,0.6,1082.773151896156,6.33200673623483,1.8708798437853043,11.190401891022116,26.79026315789474,19.945,33.620000000000005,33.22397660818714,25.54,43.74,20.356549707602337,13.42,24.65,55.75561403508772,3.08,91.62,24.181578947368422,7.09,32.26,1.734561403508772,0.66,3.96,553.6599999999999,3.2377777777777768,0.0,43.79,332.196,1.9426666666666668,0.0,26.273999999999997,15.443336713392219,5.864258262257711,19.55613836347365,0.5113351758218503,78,37,57,0,844.2868926768275,4.9373502495720905,1.1225279062711826,11.908575787161192,221.20486196722047,1.2935956840188332,0.0,7.389172784497146,623.0820307096069,3.6437545655532566,0.0,11.87930660364019,2212.0486196722045,6230.820307096069,8442.868926768273,512.0908926768275,0.2620020088975754,0.7379979911024244,1.2,11.0,5.0,6.0,30000.0,180000.0,1843.373849726837,5192.350255913391,7035.724105640228
Sonora,Baviácora,14,Ures,142,Cacahuate,2023,2024,29.71336,-110.161881,558.0,4,2.5555555555555554,0.3333333333333333,1353.811044873788,7.917023654232678,3.1350837724860248,11.305466140563347,29.794619883040937,22.05,36.504999999999995,37.775964912280706,28.87,46.78,21.813274853801172,13.32,29.32,34.81152046783626,10.06,78.47,25.90391812865497,8.92,32.04,2.159298245614035,0.55,3.62,158.26,0.9254970760233917,0.0,15.38,126.608,0.7403976608187135,0.0,12.304000000000002,15.872547724696993,6.992293743889593,19.25631514900453,0.11689962243937382,32,9,133,0,1086.4257223672791,6.3533667974694685,1.8810502634916149,13.001286061647848,100.54285376431085,0.5879699050544495,0.0,7.832,985.8828686029685,5.765396892415021,0.0,13.001286061647848,1005.4285376431085,9858.828686029685,10864.257223672794,959.8177223672792,0.09254461827839634,0.9074553817216039,2.25,12.0,12.0,27.0,31500.0,850500.0,446.85712784138155,4381.701638235416,4828.558766076798
Sonora,Baviácora,14,Ures,142,Papa,2010,2011,29.71336,-110.161881,558.0,1,1.0,0.0,656.950926697894,5.053468666906877,1.1151023637234492,10.3985293931284,16.257115384615386,7.3100000000000005,27.965000000000003,24.486076923076922,10.99,38.66,8.028153846153847,0.22,18.8,41.536,10.21,89.33,21.01269230769231,5.65,31.59,2.447230769230769,1.07,7.51,114.66,0.882,0.0,34.93,91.728,0.7056,0.0,27.944000000000003,11.679097704998712,4.364715845140082,17.95487367225924,0.17453358438251756,14,8,5,23,609.111324595568,4.685471727658215,0.6662252440815768,9.431863443820617,25.795410643204647,0.19842623571695883,0.0,3.228842388946493,583.3159139523634,4.487045491941257,0.0,9.431863443820617,257.9541064320465,5833.159139523634,6091.11324595568,517.3833245955681,0.042349254728324154,0.9576507452716759,30.0,1.0,1.0,30.0,7500.0,225000.0,8.59847021440155,194.43863798412113,203.03710819852267
Sonora,Baviácora,14,Ures,142,Papa,2013,2014,29.71336,-110.161881,558.0,2,1.75,0.0,756.1841456490531,5.816801120377332,1.9503604249817288,12.028013974571037,17.597961538461536,3.75,27.185000000000002,26.405076923076923,11.7,37.69,8.790846153846154,-4.48,17.76,29.04646153846154,5.07,81.24,21.814,6.29,30.91,2.451692307692308,1.1,5.19,20.820000000000004,0.16015384615384617,0.0,7.65,16.656000000000002,0.12812307692307695,0.0,6.120000000000001,11.617854369677252,5.107677292304907,17.769062004040023,0.02753297608762961,3,2,5,39,712.9399058828604,5.48415312217585,1.165156518444587,9.788412342263706,8.837649808235202,0.06798192160180924,0.0,2.5524704344999414,704.1022560746253,5.416171200574041,0.0,9.788412342263706,88.37649808235201,7041.022560746253,7129.399058828604,696.2839058828605,0.0123960655523851,0.987603934447615,30.0,5.0,5.0,150.0,7500.0,1125000.0,2.9458832694117336,234.70075202487507,237.6466352942868
Sonora,Baviácora,14,Ures,142,Nuez,2010,2011,29.71336,-110.161881,558.0,0,0.0,0.0,1472.702577042906,6.979633066554056,1.81648236767811,11.110614248446774,26.18516587677725,14.15,34.815,33.638720379146925,19.94,43.06,18.73161137440758,5.84,26.57,43.59943127962085,10.21,87.52,25.44099526066351,5.15,32.38,2.075687203791469,0.78,5.1,380.79,1.8046919431279622,0.0,31.28,228.474,1.0828151658767773,0.0,18.768,15.614279593801738,4.530836505444366,19.276335666786107,0.25856544691094546,53,21,85,0,1423.9062680435636,6.748370938595088,1.1807135389907717,12.221675673291452,159.40840906290953,0.7554900903455428,0.0,7.308842007153304,1264.4978589806542,5.992880848249546,0.0,12.179675673291452,1594.0840906290953,12644.978589806542,14239.062680435638,1195.4322680435637,0.11195147647038275,0.8880485235296173,2.48,20.0,20.0,49.5,40320.0,1995840.0,642.7758429956029,5098.781689438122,5741.557532433725
Sonora,Baviácora,14,Ures,142,Nuez,2011,2012,29.71336,-110.161881,558.0,4,3.6666666666666665,1.0,1558.408443536572,7.385822007282331,3.2097768202588197,12.383870103205744,26.770236966824648,14.25,34.565,34.71151658767773,21.62,43.99,18.828957345971567,6.58,25.35,38.42890995260664,6.92,87.67,25.87611374407583,14.98,32.72,2.111421800947867,0.85,6.47,321.79999999999995,1.5251184834123221,0.0,21.66,193.07999999999998,0.9150710900473933,0.0,12.996,15.59320092097432,9.181415697462619,19.86710949320066,0.20649272104155417,50,21,105,0,1486.562443100941,7.045319635549483,2.324945640741657,13.62225711352632,161.44506554239626,0.7651424907222572,0.0,9.755537426355817,1325.1173775585448,6.280177144827227,0.0,13.62225711352632,1614.4506554239626,13251.173775585448,14865.624431009412,1293.482443100941,0.10860294923476267,0.8913970507652375,1.76,20.0,20.0,35.2,50000.0,1760000.0,917.3015087636152,7529.076008855368,8446.377517618983
Sonora,Baviácora,14,Ures,142,Nuez,2012,2013,29.71336,-110.161881,558.0,2,1.8333333333333333,0.0,1459.079707052663,6.9150697016713885,2.2725226592400856,11.315660977470609,26.153270142180094,15.18,34.6,33.62090047393365,22.25,44.31,18.68563981042654,5.03,24.89,43.46146919431279,6.52,89.72,25.29672985781991,7.35,32.48,1.9103791469194313,0.74,4.24,416.84000000000003,1.9755450236966827,0.0,20.75,250.10399999999998,1.1853270142180095,0.0,12.45,15.39344033773729,5.819863955801663,19.171657429601634,0.28568692853799993,66,34,76,0,1396.2506465500473,6.617301642417286,1.4771397285060557,12.44722707521767,214.87934832792894,1.0183855370991892,0.0,7.526020181253865,1181.3712982221184,5.5989161053180965,0.0,12.44722707521767,2148.7934832792894,11813.712982221185,13962.506465500473,1146.1466465500473,0.15389740291892984,0.8461025970810702,2.08,20.0,20.0,41.6,51000.0,2121600.0,1033.0737900381198,5679.669702990954,6712.743493029074
Sonora,Baviácora,14,Ures,142,Nuez,2013,2014,29.71336,-110.161881,558.0,2,1.75,0.0,1511.7276178618058,7.1645858666436295,2.030834051412018,12.028013974571037,26.36127962085308,15.280000000000001,33.885,34.08805687203792,22.19,45.72,18.634502369668244,8.37,25.61,41.70990521327015,5.07,85.38,25.558815165876776,8.24,32.47,2.1103317535545023,0.85,5.19,364.23,1.7262085308056874,0.0,25.08,218.53799999999995,1.0357251184834122,0.0,15.047999999999998,15.555005260941398,6.083289397043293,19.172137417823315,0.2409362610674326,47,23,83,0,1454.5329300627322,6.893520995557973,1.3200421334178116,13.230815372028141,155.09830114292774,0.7350630385920746,0.0,7.780345295575726,1299.4346289198047,6.158457956965899,0.0,13.230815372028141,1550.9830114292774,12994.346289198047,14545.329300627325,1235.9949300627322,0.10663100019072001,0.8933689998092801,2.0,20.0,20.0,40.0,51500.0,2060000.0,775.4915057146387,6497.1731445990235,7272.664650313663
Sonora,Baviácora,14,Ures,142,Nuez,2014,2015,29.71336,-110.161881,558.0,3,2.0,0.2727272727272727,1450.3732390503856,6.873806820144007,1.9768146231099444,12.607177549130952,26.326611374407584,16.6,35.785,33.432369668246444,23.0,46.47,19.220853080568723,7.2,25.34,46.31947867298578,7.08,87.57,24.766161137440758,5.01,32.05,1.9918957345971569,0.6,4.48,447.27,2.119763033175355,0.0,37.55,268.36199999999997,1.271857819905213,0.0,22.529999999999998,15.278558537719649,4.496532359962221,19.374938827937985,0.3083826893364667,61,28,70,0,1402.746949765367,6.648089809314535,1.284929505021464,13.86789530404405,190.77170445869203,0.9041313007520949,0.0,7.050451191634093,1211.9752453066749,5.74395850856244,0.0,13.86789530404405,1907.7170445869203,12119.752453066749,14027.469497653668,1134.3849497653669,0.13599865926680632,0.8640013407331937,1.19,20.0,20.0,23.8,52500.0,1249500.0,1603.1235668797651,10184.665926946847,11787.789493826613
Sonora,Baviácora,14,Ures,142,Nuez,2015,2016,29.71336,-110.161881,558.0,0,0.0,0.0,1330.8724454171888,6.307452347948762,1.5800408215205646,11.118669676875799,25.566919431279626,15.764999999999999,33.3,32.19,19.83,42.35,18.943838862559243,8.5,24.45,52.99454976303318,12.84,91.26,24.324739336492893,4.51,32.35,1.9424170616113745,0.74,4.38,503.78999999999996,2.3876303317535545,0.0,50.47,302.274,1.4325781990521327,0.0,30.281999999999996,15.40799471843129,4.239902101560157,19.771665517919924,0.37854116052577585,62,29,47,0,1286.5786064462732,6.097528940503664,1.027026533988367,12.23053664456338,189.45415258225813,0.8978869790628348,0.0,6.985843357988459,1097.124453864015,5.19964196144083,0.0,12.23053664456338,1894.5415258225812,10971.24453864015,12865.786064462733,984.3046064462732,0.1472542382043484,0.8527457617956516,1.8,20.0,20.0,36.0,52600.0,1893600.0,1052.523069901434,6095.1358548000835,7147.658924701517
Sonora,Baviácora,14,Ures,142,Nuez,2016,2017,29.71336,-110.161881,558.0,2,1.7,0.0,1474.6523891656127,6.988873882301482,1.9435211118561055,11.736889471843721,26.72315165876777,16.23,34.455,34.40526066350711,24.54,45.66,19.041042654028434,7.22,26.11,42.24298578199053,8.99,83.58,25.505071090047398,6.52,32.57,1.9818957345971562,0.65,4.81,352.19,1.6691469194312796,0.0,22.51,211.31400000000002,1.001488151658768,0.0,13.506,15.649510215770789,5.470433798270162,19.193296594910386,0.23882916583431302,53,25,93,0,1411.3690282602906,6.688952740570098,1.951550461191559,12.910578419028095,166.93918007496654,0.7911809482225902,0.0,6.793319771136188,1244.4298481853243,5.897771792347509,0.0,12.910578419028095,1669.3918007496654,12444.298481853242,14113.690282602907,1200.0550282602906,0.11828173690387864,0.8817182630961216,1.7,20.0,20.0,34.0,59000.0,2006000.0,981.9951769115679,7320.175577560731,8302.1707544723
Sonora,Baviácora,14,Ures,142,Nuez,2017,2018,29.71336,-110.161881,558.0,1,1.0,0.0,1510.042766772176,7.15660079038946,2.6960946498466756,11.123744315053381,27.065663507109008,16.7,35.504999999999995,34.68838862559242,22.48,46.01,19.442938388625592,8.86,26.9,41.20654028436019,6.01,90.58,25.522322274881514,10.29,32.59,2.0045023696682462,0.51,4.68,337.46000000000004,1.5993364928909954,0.0,16.6,202.476,0.9596018957345972,0.0,9.96,15.471707457485463,7.746738169947605,19.54948922617827,0.22347711430805686,55,23,105,0,1428.1890690122664,6.76866857351785,2.4039887219047795,12.23611874655872,179.45259031344952,0.8504862100163484,0.0,8.873999999999999,1248.7364786988169,5.918182363501502,0.0,12.23611874655872,1794.5259031344951,12487.364786988168,14281.890690122664,1225.7130690122663,0.12565044377321744,0.8743495562267826,1.25,20.0,20.0,25.0,71000.0,1775000.0,1435.6207225075962,9989.891829590535,11425.512552098131
Sonora,Baviácora,14,Ures,142,Nuez,2018,2019,29.71336,-110.161881,558.0,4,2.909090909090909,0.6363636363636364,1461.750426911678,6.927727141761507,1.3949120713119916,11.554241797401522,26.855829383886256,18.11,34.815,33.88843601895734,21.45,43.95,19.823222748815166,9.5,27.89,46.12658767772513,6.64,88.03,24.947582938388628,3.16,32.56,1.9852606635071088,0.59,4.52,441.56,2.092701421800948,0.0,56.35,264.936,1.2556208530805686,0.0,33.81,15.379896329611945,3.459411495610208,19.93352501383511,0.30207619021046467,57,24,87,0,1406.2254814937828,6.664575741676696,0.9066928463527946,12.709665977141675,156.95367879225623,0.7438562975936314,0.0,6.521999999999999,1249.2718027015267,5.920719444083065,0.0,12.709665977141675,1569.5367879225623,12492.718027015268,14062.25481493783,1141.289481493783,0.11161345094211347,0.8883865490578866,1.75,20.0,20.0,35.0,91700.0,3209500.0,896.8781645271785,7138.6960154372955,8035.574179964474
Sonora,Baviácora,14,Ures,142,Nuez,2019,2020,29.71336,-110.161881,558.0,1,1.0,0.0,1457.1803135698867,6.906067836824108,2.2767594999072265,11.396983462711908,26.261682464454978,16.89,35.085,33.528625592417065,22.51,43.89,18.994739336492888,8.46,27.06,45.647867298578205,11.34,87.77,25.29706161137441,9.51,32.63,2.0711374407582936,0.8,4.18,328.57,1.5572037914691943,0.0,23.55,197.14200000000002,0.9343222748815168,0.0,14.13,15.655526463270707,6.822954631705167,19.229685375034308,0.22548341954678877,54,22,71,0,1406.4146714281085,6.665472376436533,1.4798936749396974,12.5366818089831,138.9402371427802,0.6584845362217071,0.0,6.492,1267.4744342853282,6.006987840214826,0.0,12.5366818089831,1389.402371427802,12674.744342853282,14064.146714281085,1209.2726714281084,0.09879037809076383,0.9012096219092361,2.0,20.0,20.0,40.0,90000.0,3600000.0,694.701185713901,6337.372171426641,7032.073357140543
Sonora,Baviácora,14,Ures,142,Nuez,2020,2021,29.71336,-110.161881,558.0,2,1.5,0.0,1548.3995339336584,7.338386416747197,3.1446410145650923,11.12617429225885,27.812274881516586,11.115,34.445,35.799289099526064,17.89,43.84,19.825260663507112,4.34,25.82,38.92364928909953,13.09,82.53,25.683127962085308,12.76,32.73,2.057203791469194,0.68,3.95,231.21,1.095781990521327,0.0,26.94,184.96800000000002,0.8766255924170617,0.0,21.552000000000003,15.700017463119982,7.762969603218414,19.644017851231446,0.1493219255966957,49,17,140,1,1492.7034747408238,7.074424050904378,2.3412789565804317,12.238791721484736,153.3566604467378,0.7268088172831175,0.0,9.607937073151698,1339.3468142940862,6.347615233621262,0.0,12.238791721484736,1533.566604467378,13393.468142940863,14927.034747408241,1307.7354747408237,0.1027375249282949,0.8972624750717052,1.79,20.0,20.0,35.8,88300.0,3161140.0,856.7411198141776,7482.38443739713,8339.125557211308
Sonora,Baviácora,14,Ures,142,Nuez,2021,2022,29.71336,-110.161881,558.0,3,2.9,0.9,1449.5514213161805,6.869911949365784,2.664156240632517,11.877749544339517,26.47457345971564,17.689999999999998,35.005,33.64691943127962,25.09,44.38,19.302227488151658,9.86,25.63,45.91748815165876,8.89,89.17,25.026018957345972,9.62,32.41,1.9997156398104268,0.7,4.67,377.78,1.79042654028436,0.0,34.63,226.668,1.0742559241706162,0.0,20.778000000000002,15.42727951985661,7.128631938745271,19.480615336838508,0.2606185571926651,67,27,74,0,1379.55036468002,6.5381533871091,1.7317015564111362,13.06552449877347,177.89600942606342,0.8431090494126228,0.0,6.564622611584907,1201.6543552539565,5.695044337696476,0.0,13.06552449877347,1778.9600942606342,12016.543552539566,13795.5036468002,1152.8823646800201,0.12895216730077522,0.8710478326992247,1.5,20.0,20.0,30.0,93833.33,2814999.9,1185.973396173756,8011.029035026378,9197.002431200133
Sonora,Baviácora,14,Ures,142,Nuez,2022,2023,29.71336,-110.161881,558.0,4,3.0,0.7142857142857143,1371.900371705445,6.501897496234337,1.8708798437853043,11.465641181179244,26.06921800947868,17.845,33.620000000000005,33.00473933649289,24.23,43.74,19.133696682464457,8.7,24.65,50.60312796208532,3.08,91.62,24.451563981042657,7.09,32.26,1.8632701421800946,0.66,4.08,554.67,2.628767772511848,0.0,43.79,332.802,1.5772606635071091,0.0,26.273999999999997,15.218422606455132,5.537597202038269,19.55613836347365,0.40430778461738826,78,37,68,0,1311.8841895376509,6.2174606139225155,1.5171981174942792,12.30944208012433,235.8386449794151,1.1177186965849057,0.0,7.067904402562489,1076.0455445582356,5.099741917337609,0.0,12.30944208012433,2358.3864497941513,10760.455445582356,13118.841895376507,979.0821895376508,0.179770933181634,0.8202290668183659,1.25,20.0,20.0,25.0,75000.0,1875000.0,1886.709159835321,8608.364356465885,10495.073516301207
Sonora,Baviácora,14,Ures,142,Nuez,2023,2024,29.71336,-110.161881,558.0,4,2.5555555555555554,0.3333333333333333,1646.925158902412,7.8053325066465025,2.9045001255645864,11.305466140563347,28.562654028436015,16.01,36.504999999999995,36.79568720379147,24.39,46.78,20.32962085308057,5.46,29.32,32.78350710900474,10.06,78.47,25.87943127962085,8.92,32.04,2.18303317535545,0.55,3.93,177.75,0.8424170616113744,0.0,18.66,142.20000000000002,0.6739336492890996,0.0,14.928,15.558772809825577,6.992293743889593,19.25631514900453,0.10792840162722447,33,10,143,0,1572.020240261197,7.450332892233161,1.8879250816169812,12.436012754619682,111.18463557295749,0.5269414008197038,0.0,7.832,1460.8356046882395,6.923391491413457,0.0,12.436012754619682,1111.846355729575,14608.356046882396,15720.20240261197,1429.820240261197,0.07072722903013243,0.9292727709698676,1.05,20.0,20.0,21.0,70500.0,1480500.0,1058.9012911710238,13912.720044649901,14971.621335820924
