Estado,Municipio,IdMunicipio,DDR,IdDDR,Cultivo,Anio,AnioFin,Lat,Lon,Z_m,max_intensidad_sequia,indice_estres_sequia_acumulado,fraccion_quincenas_sequia_severa,ET0_total_mm,ET0_mean_mm_d,ET0_min_mm_d,ET0_max_mm_d,Tmean_ciclo_mean_C,Tmean_ciclo_min_C,Tmean_ciclo_max_C,Tmax_ciclo_mean_C,Tmax_ciclo_min_C,Tmax_ciclo_max_C,Tmin_ciclo_mean_C,Tmin_ciclo_min_C,Tmin_ciclo_max_C,RH_mean_pct,RH_min_pct,RH_max_pct,Rs_mean_MJ_m2_d,Rs_min_MJ_m2_d,Rs_max_MJ_m2_d,Ws_mean_m_s,Ws_min_m_s,Ws_max_m_s,Ptot_total_mm,Ptot_mean_mm_d,Ptot_min_mm_d,Ptot_max_mm_d,Pef_total_mm,Pef_mean_mm_d,Pef_min_mm_d,Pef_max_mm_d,Rn_mean_MJ_m2_d,Rn_min_MJ_m2_d,Rn_max_MJ_m2_d,ratio_Ptot_ET0,dias_lluvia_ge_1mm,dias_lluvia_ge_5mm,dias_estres_calor,dias_riesgo_helada,ETc_total_mm,ETc_mean_mm_d,ETc_min_mm_d,ETc_max_mm_d,ETverde_total_mm,ETverde_mean_mm_d,ETverde_min_mm_d,ETverde_max_mm_d,ETazul_total_mm,ETazul_mean_mm_d,ETazul_min_mm_d,ETazul_max_mm_d,UACverde_m3_ha,UACazul_m3_ha,UACtotal_m3_ha,deficit_hidrico_mm,frac_verde,frac_azul,Rend_t_ha,SupSembradaTotal_ha,SupCosechadaTotal_ha,VolumenTotal_t,PMR,Valorproduccion,HHverde_m3_ton,HHazul_m3_ton,HHtotal_m3_ton
Sonora,Cananea,19,Agua Prieta,141,Ajo,2011,2012,30.986517,-110.288893,1591.0,4,2.8,0.6,909.6217717061377,4.290668734462914,1.162652077329371,9.912563651302154,12.598349056603771,-8.885,24.235,20.91797169811321,-5.1,32.77,4.27872641509434,-12.67,15.99,39.355094339622646,10.97,78.39,19.315283018867927,7.01,31.15,2.6842924528301886,0.98,8.42,32.3,0.15235849056603773,0.0,8.3,25.840000000000003,0.12188679245283021,0.0,6.640000000000001,9.937845440161267,4.477338637943189,17.30782298310985,0.035509264404936465,9,1,0,112,784.452843424504,3.7002492614363396,1.162652077329371,6.938794555911508,18.940223664563824,0.08934067766303691,0.0,2.876392707158546,765.5126197599401,3.6109085837733024,0.0,6.938794555911508,189.40223664563825,7655.126197599401,7844.5284342450395,758.6128434245039,0.02414450253233946,0.9758554974676605,4.0,24.0,24.0,96.0,14500.0,1392000.0,47.350559161409564,1913.7815493998503,1961.1321085612599
Sonora,Cananea,19,Agua Prieta,141,Ajo,2012,2013,30.986517,-110.288893,1591.0,4,2.7142857142857144,0.42857142857142855,858.2352923941787,4.029273673212106,0.7761048862555123,8.844360035036797,12.169788732394366,-1.335,24.705,20.220892018779345,2.91,34.73,4.1186854460093905,-5.58,18.0,42.45488262910798,11.76,88.69,18.785446009389673,2.47,30.89,2.5710798122065732,0.88,6.89,112.28,0.5271361502347418,0.0,25.52,89.82400000000001,0.4217089201877935,0.0,20.416,9.807514353958535,3.017885074432848,17.579837373454858,0.13082659381995088,18,4,0,132,736.1496218712716,3.4561015111327307,0.7761048862555123,6.311633928697425,29.552019927512823,0.13874187759395692,0.0,2.318760873187106,706.5976019437587,3.317359633538773,0.0,6.311633928697425,295.5201992751282,7065.976019437587,7361.496218712715,646.3256218712716,0.04014404008303695,0.9598559599169629,3.69,26.0,26.0,96.0,20000.0,1920000.0,80.08677487130846,1914.8986502540886,1994.9854251253971
Sonora,Cananea,19,Agua Prieta,141,Ajo,2013,2014,30.986517,-110.288893,1591.0,3,2.142857142857143,0.14285714285714285,864.1602876782325,4.076227772067135,1.1657108799926972,9.15668712646014,12.499316037735847,-1.3749999999999998,23.240000000000002,20.45551886792453,3.64,32.14,4.54311320754717,-6.39,15.47,40.103113207547175,10.05,87.74,18.6175,6.21,31.28,2.5450943396226413,0.81,7.31,77.82,0.36707547169811316,0.0,14.56,62.256,0.29366037735849054,0.0,11.648000000000001,9.714358184727175,4.366014755934374,17.181803565371403,0.09005273802743413,12,6,0,104,742.564268183745,3.5026616423761556,1.1657108799926972,6.409680988522098,27.11319331508622,0.12789242129757653,0.0,2.8075141807883135,715.4510748686587,3.3747692210785787,0.0,6.409680988522098,271.1319331508622,7154.510748686587,7425.642681837449,680.308268183745,0.036512924842725065,0.9634870751572748,7.0,25.0,25.0,175.0,16882.29,2954400.75,38.73313330726603,1022.0729640980838,1060.8060974053499
Sonora,Cananea,19,Agua Prieta,141,Ajo,2014,2015,30.986517,-110.288893,1591.0,3,2.0,0.3,892.5614994601186,4.210195752170371,1.023987137370504,8.904633371957523,13.252948113207546,3.38,22.55,21.22985849056604,7.49,30.95,5.276037735849057,-3.92,14.83,40.616745283018865,10.44,87.94,18.593254716981136,5.74,31.49,2.6283962264150946,0.97,6.37,67.32,0.3175471698113207,0.0,19.05,53.855999999999995,0.2540377358490566,0.0,15.240000000000002,9.698713222406537,4.053940173992721,17.52728649130817,0.07542337423328216,9,5,0,93,772.4121314413626,3.6434534501951066,1.023987137370504,6.233243360370266,20.94405726096747,0.09879272292909183,0.0,3.552160130057332,751.4680741803952,3.5446607272660153,0.0,6.233243360370266,209.4405726096747,7514.680741803952,7724.121314413626,718.5561314413626,0.027115132464173925,0.9728848675358261,3.5,20.0,20.0,70.0,17737.14,1241599.8,59.8401636027642,2147.051640515415,2206.891804118179
Sonora,Cananea,19,Agua Prieta,141,Ajo,2015,2016,30.986517,-110.288893,1591.0,1,1.0,0.0,756.7473460823849,3.5695629532187967,0.8918706740762432,7.333784950217332,12.77551886792453,0.8449999999999998,21.695,20.164198113207544,6.27,29.91,5.38683962264151,-5.28,15.01,55.09589622641509,22.53,90.7,17.955707547169812,2.62,30.77,2.489764150943396,1.06,6.55,187.47,0.8842924528301886,0.0,45.62,149.976,0.7074339622641509,0.0,36.496,9.831467214410905,3.1751551460557237,17.791903072433634,0.24773129495665347,23,11,0,97,653.0644695870876,3.080492781071168,0.8918706740762432,5.3425937523949125,44.82545771007648,0.21144083825507773,0.0,3.0399894221077726,608.2390118770113,2.869051942816091,0.0,5.3425937523949125,448.2545771007648,6082.390118770113,6530.6446958708775,503.0884695870876,0.06863864104935646,0.9313613589506438,4.0,10.0,10.0,40.0,18000.0,720000.0,112.0636442751912,1520.5975296925283,1632.6611739677194
Sonora,Cananea,19,Agua Prieta,141,Ajo,2016,2017,30.986517,-110.288893,1591.0,2,1.4,0.0,837.5532332941848,3.9321748041980507,0.7527200301998297,8.205888219242848,12.561267605633804,-0.7150000000000003,25.72,20.409014084507046,4.26,32.96,4.713521126760564,-5.69,18.48,46.265023474178406,17.13,91.18,18.526103286384977,5.57,30.93,2.6309859154929582,0.97,6.54,113.00999999999999,0.5305633802816901,0.0,14.52,90.40800000000002,0.4244507042253522,0.0,11.616,9.83543922318769,4.096467283399964,17.990843729008137,0.13492873707324823,25,8,0,111,726.3496107263047,3.4100920691375807,0.7527200301998297,5.745774917613142,43.21164640416793,0.20287157936229075,0.0,2.825435706220314,683.1379643221367,3.2072204897752896,0.0,5.745774917613142,432.1164640416793,6831.379643221367,7263.496107263046,635.9416107263047,0.05949152552165472,0.9405084744783451,5.0,10.0,10.0,50.0,19900.0,995000.0,86.42329280833586,1366.2759286442733,1452.6992214526092
Sonora,Cananea,19,Agua Prieta,141,Ajo,2017,2018,30.986517,-110.288893,1591.0,1,1.0,0.0,881.8882678014118,4.15985031981798,0.8788804518723429,9.57197462592653,14.204905660377356,2.33,23.380000000000003,21.9297641509434,7.48,32.85,6.4800471698113205,-4.52,16.34,45.32528301886793,16.81,90.27,18.47518867924528,3.82,31.48,2.642311320754717,1.05,7.04,119.08000000000001,0.5616981132075473,0.0,18.22,95.26400000000001,0.44935849056603777,0.0,14.576,9.82658957812503,3.5285431673065477,17.606023280932863,0.1350284433388279,17,9,0,88,757.3318586184544,3.572320087822898,0.8788804518723429,6.7003822381485705,28.301287443237385,0.1334966388831952,0.0,2.104,729.0305711752169,3.4388234489397025,0.0,6.7003822381485705,283.01287443237385,7290.305711752169,7573.318586184543,662.0678586184544,0.0373697304836289,0.962630269516371,6.0,15.0,15.0,90.0,15600.0,1404000.0,47.16881240539564,1215.050951958695,1262.2197643640905
Sonora,Cananea,19,Agua Prieta,141,Ajo,2018,2019,30.986517,-110.288893,1591.0,4,3.357142857142857,0.9285714285714286,936.8530086693496,4.41911796542146,0.852284092938046,9.174890138805987,15.000966981132075,2.675,25.740000000000002,22.858301886792454,7.16,33.23,7.143632075471698,-5.49,18.48,37.90929245283019,15.57,92.09,18.278160377358493,3.84,30.26,2.558537735849057,0.83,6.51,105.41999999999999,0.49726415094339615,0.0,26.24,84.336,0.397811320754717,0.0,20.992,9.533494850134211,3.810727371995812,17.28343475032748,0.11252565666596118,13,5,0,73,811.2785620716131,3.8267856701491185,0.852284092938046,7.013248598440044,24.315640629495043,0.11469641806365587,0.0,2.984,786.9629214421182,3.712089252085463,0.0,7.013248598440044,243.15640629495044,7869.629214421182,8112.785620716132,726.9425620716131,0.029971999466378917,0.9700280005336211,6.5,12.0,12.0,78.0,11104.04,866115.12,37.408677891530836,1210.712186834028,1248.120864725559
Sonora,Cananea,19,Agua Prieta,141,Ajo,2019,2020,30.986517,-110.288893,1591.0,2,1.5,0.0,741.4422259538187,3.4973689903482015,0.7584871176514911,8.370507707762759,11.79502358490566,-0.7650000000000001,22.75,19.0913679245283,3.03,31.6,4.498679245283019,-5.74,17.68,53.60575471698114,26.08,91.18,17.35872641509434,2.64,30.56,2.5972169811320756,0.97,6.69,215.61,1.0170283018867925,0.0,30.96,172.488,0.813622641509434,0.0,24.768,9.53006366705903,3.1106029802560577,18.51908474151317,0.2907981127223114,32,11,0,110,637.4872623406951,3.0070153883995054,0.7584871176514911,5.859355395433931,57.08568326856498,0.2692720908894574,0.0,3.565548184940456,580.4015790721301,2.7377432975100473,0.0,5.859355395433931,570.8568326856498,5804.015790721301,6374.872623406951,464.9992623406951,0.08954795905875909,0.9104520409412408,6.8,15.0,15.0,102.0,12013.73,1225400.46,83.94953421847792,853.5317339296031,937.481268148081
Sonora,Cananea,19,Agua Prieta,141,Ajo,2020,2021,30.986517,-110.288893,1591.0,0,0.0,0.0,719.4614473897382,3.3777532741302263,0.6734275641454617,8.084962816433826,12.021901408450704,0.1299999999999999,23.805,19.18399061032864,5.77,33.57,4.85981220657277,-6.2,17.99,57.6737558685446,28.67,94.86,17.492159624413148,2.38,30.17,2.5746009389671363,0.83,6.92,356.03,1.6715023474178403,0.0,69.04,213.618,1.0029014084507042,0.0,41.424,9.691352940923567,2.9603106575427622,17.78924008874059,0.4948562585135095,26,18,0,108,616.8904976513836,2.896199519490064,0.6734275641454617,5.659473971503678,39.02620728328925,0.1832216304379777,0.0,2.49,577.8642903680943,2.712977889052086,0.0,5.659473971503678,390.2620728328925,5778.642903680943,6168.904976513835,403.2724976513836,0.06326277910240027,0.9367372208975997,7.1,13.5,13.5,95.9,12899.89,1237099.45,54.96648913139331,813.8933667156258,868.8598558470192
Sonora,Cananea,19,Agua Prieta,141,Ajo,2021,2022,30.986517,-110.288893,1591.0,5,4.0,1.0,949.3057319832151,4.47785722633592,1.0859017708059253,8.819943862578526,13.2051179245283,0.45999999999999996,25.8,21.57146226415094,3.27,34.07,4.8387735849056615,-5.36,17.89,34.2988679245283,11.58,84.39,18.936839622641507,7.63,30.2,2.7793867924528297,0.73,6.97,71.83000000000001,0.3388207547169812,0.0,15.58,57.464,0.2710566037735849,0.0,12.464,9.601665550757465,4.575516893688015,18.109385796081376,0.07566582353815395,11,6,0,120,822.7446317360625,3.880870904415389,1.0859017708059253,6.443459231675278,18.72744332849141,0.08833699683250666,0.0,2.176,804.0171884075712,3.7925339075828832,0.0,6.443459231675278,187.2744332849141,8040.171884075712,8227.446317360625,765.2806317360626,0.022762158033137064,0.977237841966863,7.62,21.0,21.0,160.02,24925.0,3988498.5,24.57669728148479,1055.140667201537,1079.7173644830218
Sonora,Cananea,19,Agua Prieta,141,Ajo,2022,2023,30.986517,-110.288893,1591.0,3,1.7857142857142858,0.14285714285714285,903.8353181189395,4.26337414207047,0.9009156704510175,9.660150250229519,13.283962264150942,0.8299999999999996,23.335,21.37929245283019,7.89,34.53,5.188632075471698,-6.23,16.62,40.1425,7.43,88.96,18.851462264150943,4.6,31.38,2.7041981132075477,0.85,6.23,65.28,0.3079245283018868,0.0,27.99,52.224000000000004,0.24633962264150946,0.0,22.392,9.820352149406142,3.7151078252546665,17.253755919767677,0.07222554672444159,12,3,0,110,777.4791490198663,3.6673544765088035,0.9009156704510175,6.762105175160663,21.215922971850222,0.10007510835778406,0.0,2.5484191038027,756.2632260480161,3.5672793681510195,0.0,6.762105175160663,212.15922971850222,7562.632260480161,7774.791490198663,725.2551490198663,0.027288092547042838,0.9727119074529572,8.13,16.0,16.0,130.0,27869.23,3622999.9,26.09584621383791,930.2130701697614,956.3089163835994
Sonora,Cananea,19,Agua Prieta,141,Ajo,2023,2024,30.986517,-110.288893,1591.0,2,1.8181818181818181,0.0,769.9536841996946,3.631857000941956,1.0188628931712738,8.013816398918236,11.513915094339621,0.645,23.21,19.13867924528302,5.95,32.04,3.889150943396226,-5.92,16.0,49.96188679245282,18.68,86.4,17.93231132075472,1.66,30.36,2.674952830188679,0.84,7.46,127.98,0.6036792452830189,0.0,14.99,102.384,0.4829433962264151,0.0,11.992,9.664391833912129,2.832362034748602,17.503519573281313,0.16621779027270323,28,9,0,128,664.1047225427576,3.132569445956404,1.0188628931712738,5.609671479242764,46.018146860437476,0.21706673047376168,0.0,2.210851283921569,618.0865756823202,2.9155027154826425,0.0,5.609671479242764,460.18146860437474,6180.865756823203,6641.047225427577,561.7207225427576,0.06929350943965716,0.930706490560343,7.94,17.0,17.0,134.98,29748.15,4015405.29,57.957363804077424,778.446568869421,836.4039326734984
Sonora,Cananea,19,Agua Prieta,141,Calabacita,2010,2011,30.986517,-110.288893,1591.0,0,0.0,0.0,740.9344818738405,7.718067519519171,2.8692894139118286,10.63297326332961,20.170885416666668,7.22,29.985,29.186562499999997,12.13,39.41,11.155208333333334,0.76,21.98,29.466458333333332,10.09,67.44,29.350937500000004,13.92,33.19,3.040104166666667,1.15,7.01,13.29,0.1384375,0.0,7.53,10.632000000000001,0.11075000000000002,0.0,6.024000000000001,17.30861397250061,9.628730226630728,19.382365200116496,0.017936808618205055,1,1,22,19,623.5201681425265,6.495001751484651,1.4346447069559143,10.10132460016313,6.042644706955915,0.06294421569745745,0.0,1.4346447069559143,617.4775234355707,6.4320575357871945,0.0,10.10132460016313,60.42644706955915,6174.775234355707,6235.201681425266,612.8881681425265,0.00969117763256483,0.9903088223674353,11.5,5.0,5.0,57.5,5000.0,287500.0,5.254473658222535,536.9369769004962,542.1914505587188
Sonora,Cananea,19,Agua Prieta,141,Calabacita,2011,2012,30.986517,-110.288893,1591.0,5,4.333333333333333,1.0,821.3736731678573,8.55597576216518,3.5328968571985304,12.105793636161367,21.666979166666668,7.539999999999999,31.835,31.024583333333336,15.13,41.49,12.309374999999998,-1.12,23.56,21.396770833333335,7.04,62.63,29.733541666666667,16.64,33.27,3.3070833333333334,1.49,6.34,23.18,0.24145833333333333,0.0,6.09,18.544000000000004,0.1931666666666667,0.0,4.872,17.0590188125512,10.43757193518345,19.007108892161337,0.028221016520531814,7,1,22,6,681.08112055398,7.094595005770625,1.7664484285992652,11.500503954353299,17.398448428599266,0.18123383779790903,0.0,4.872,663.6826721253806,6.913361167972714,0.0,11.500503954353299,173.98448428599266,6636.826721253806,6810.811205539799,662.53712055398,0.025545339466241053,0.9744546605337587,10.0,15.0,15.0,150.0,5980.0,897000.0,17.398448428599266,663.6826721253806,681.0811205539799
Sonora,Cananea,19,Agua Prieta,141,Calabacita,2012,2013,30.986517,-110.288893,1591.0,3,3.0,1.0,790.1334786434338,8.230557069202435,4.355835771676963,11.695433620549634,22.25447916666667,8.56,29.32,31.4325,15.18,38.97,13.076458333333335,-0.28,22.17,23.33927083333333,6.21,70.46,29.45958333333333,18.14,33.15,2.861354166666667,1.27,6.32,51.769999999999996,0.5392708333333333,0.0,11.23,41.416000000000004,0.4314166666666667,0.0,8.984,17.024550565384544,12.445163937547697,19.095311466592946,0.06552057519304585,13,4,28,9,658.3105818755976,6.857401894537475,2.2297089260043355,11.110661939522153,34.38918675446966,0.358220695359059,0.0,6.144838917234163,623.921395121128,6.499181199178416,0.0,11.110661939522153,343.89186754469665,6239.213951211279,6583.105818755976,616.8945818755975,0.05223854469495413,0.947761455305046,11.0,20.0,20.0,220.0,6300.0,1386000.0,31.26289704951788,567.2012682919344,598.4641653414523
Sonora,Cananea,19,Agua Prieta,141,Calabacita,2013,2014,30.986517,-110.288893,1591.0,3,3.0,1.0,802.6113986692534,8.360535402804723,3.750158540240953,11.276812775864522,21.967760416666668,8.605,30.49,30.9459375,13.38,40.95,12.989583333333334,0.58,22.06,23.111354166666672,9.32,61.95,29.537916666666664,19.14,32.78,3.1008333333333336,1.39,7.31,29.76,0.31,0.0,13.05,23.808,0.248,0.0,10.440000000000001,17.061608944067757,12.084177517013575,19.156552836263238,0.03707896505001388,6,2,27,6,667.2455704283228,6.950474691961696,1.8750792701204766,10.712972137071295,18.09137782186393,0.1884518523110826,0.0,4.723377821863927,649.154192606459,6.762022839650615,0.0,10.712972137071295,180.9137782186393,6491.54192606459,6672.455704283229,643.4375704283228,0.027113522552499807,0.9728864774475003,10.0,25.0,25.0,250.0,5600.0,1400000.0,18.09137782186393,649.154192606459,667.2455704283229
Sonora,Cananea,19,Agua Prieta,141,Calabacita,2014,2015,30.986517,-110.288893,1591.0,4,3.1666666666666665,1.0,789.1834322157408,8.2206607522473,3.6980210889180967,10.782318064455154,21.854010416666668,9.57,30.35,30.480416666666667,18.45,40.39,13.227604166666667,0.69,20.85,22.7571875,7.77,73.74,28.790833333333335,11.06,32.5,3.024479166666667,1.17,6.37,23.21,0.24177083333333335,0.0,9.45,18.567999999999998,0.19341666666666665,0.0,7.56,16.683292595103648,8.400777675683951,18.861344540208897,0.029410146047839272,5,2,26,7,656.430018826231,6.837812696106574,1.8490105444590483,10.243202161232396,13.74149777805699,0.14314060185476032,0.0,4.541329182805274,642.688521048174,6.694672094251813,0.0,10.243202161232396,137.4149777805699,6426.885210481741,6564.30018826231,637.8620188262311,0.020933682774941183,0.9790663172250588,9.3,28.0,28.0,260.4,5840.0,1520736.0,14.77580406242687,691.0629258582517,705.8387299206786
Sonora,Cananea,19,Agua Prieta,141,Calabacita,2015,2016,30.986517,-110.288893,1591.0,1,1.0,0.0,676.4934059197303,7.0468063116638575,2.626482699465698,10.60150532842009,20.280989583333334,10.805,31.075,28.35604166666667,15.61,40.04,12.2059375,2.0,22.17,36.826770833333335,15.06,75.0,27.781562499999996,9.51,33.09,2.9029166666666666,1.31,6.06,76.13,0.7930208333333333,0.0,12.56,60.90400000000001,0.6344166666666667,0.0,10.048000000000002,16.848195763110827,7.515873259851831,19.864966820444554,0.11253620409868893,15,5,13,7,560.573452373364,5.839306795555875,1.313241349732849,10.071430061999086,47.00457049233164,0.4896309426284546,0.0,6.985538678982684,513.5688818810324,5.3496758529274215,0.0,10.071430061999086,470.0457049233164,5135.688818810324,5605.73452373364,499.66945237336404,0.08385086788060156,0.9161491321193985,12.19,25.0,25.0,304.79,5900.0,1798261.0,38.55994297976345,421.3034305832916,459.863373563055
Sonora,Cananea,19,Agua Prieta,141,Calabacita,2016,2017,30.986517,-110.288893,1591.0,2,2.0,0.0,721.9978958648101,7.520811415258438,3.485030442609777,10.96740969327472,21.071770833333332,10.825,30.935000000000002,29.47322916666667,18.24,41.42,12.6703125,2.25,22.97,30.410104166666667,9.99,80.87,28.209374999999994,9.99,33.04,2.8465624999999997,1.18,5.39,68.6,0.7145833333333332,0.0,15.13,54.88000000000001,0.5716666666666668,0.0,12.104000000000001,16.757502313265956,7.468418371402776,19.07650084974576,0.09501412731657731,12,5,12,8,602.2039057460483,6.272957351521337,1.980781844131894,10.419039208610982,41.65656664860265,0.4339225692562776,0.0,6.538429001652811,560.5473390974457,5.83903478226506,0.0,10.419039208610982,416.5656664860265,5605.473390974457,6022.0390574604835,547.3239057460484,0.06917352453401288,0.9308264754659872,12.53,15.0,15.0,187.9,6192.52,1163574.51,33.24546420479062,447.3641972046654,480.609661409456
Sonora,Cananea,19,Agua Prieta,141,Calabacita,2017,2018,30.986517,-110.288893,1591.0,2,1.6666666666666667,0.0,776.3634639012967,8.087119415638506,3.554421975784793,10.965997012704987,22.325625,10.620000000000001,32.475,31.348958333333332,16.51,42.31,13.302291666666667,1.82,23.41,24.230312499999997,5.44,57.91,28.995520833333334,16.26,33.34,2.8662499999999995,1.26,6.4,22.160000000000004,0.23083333333333336,0.0,4.26,17.728,0.18466666666666667,0.0,3.408,16.849589255818582,11.110943144476101,18.995162551926583,0.02854333186758171,8,0,28,6,639.2276676947383,6.658621538486858,2.3319091773805525,10.417697162069738,17.728,0.18466666666666667,0.0,3.408,621.4996676947383,6.47395487182019,1.3159091773805525,10.417697162069738,177.28000000000003,6214.996676947383,6392.276676947383,621.4996676947384,0.027733467895613626,0.9722665321043863,12.72,16.0,16.0,203.49,5763.34,1172782.06,13.937106918238996,488.6003676845427,502.5374746027817
Sonora,Cananea,19,Agua Prieta,141,Calabacita,2018,2019,30.986517,-110.288893,1591.0,4,4.0,1.0,804.9434823001484,8.384827940626545,2.9418334109978406,10.68737993521363,22.923125,10.565000000000001,30.12,31.603020833333332,17.42,38.86,14.243229166666666,1.17,21.93,23.116666666666664,7.1,63.1,29.18645833333333,7.32,32.98,2.9963541666666664,1.44,6.18,30.549999999999997,0.3182291666666666,0.0,9.17,24.44,0.25458333333333333,0.0,7.336,16.92883260038317,6.292726923487972,19.739658182525787,0.037952975173738315,7,2,24,4,664.6045803545321,6.922964378693043,2.6007423661309805,10.153010938452947,19.403263766435085,0.20211733090036546,0.0,4.792522025987134,645.201316588097,6.720847047792677,0.0,10.153010938452947,194.03263766435086,6452.0131658809705,6646.045803545321,640.1645803545321,0.02919520018367079,0.9708047998163292,12.67,10.0,10.0,126.65,6494.38,822513.23,15.314336042963761,509.2354511350411,524.5497871780049
Sonora,Cananea,19,Agua Prieta,141,Calabacita,2019,2020,30.986517,-110.288893,1591.0,1,1.0,0.0,727.4599637337017,7.577707955559393,3.592391684837266,11.445004722059254,20.432083333333335,9.925,30.119999999999997,28.769166666666667,14.11,38.85,12.094999999999999,2.51,23.37,31.0384375,12.82,55.31,28.812083333333334,15.91,32.89,3.008645833333334,0.72,6.02,22.71,0.2365625,0.0,8.41,18.168,0.18925,0.0,6.728000000000001,17.131946522017618,10.489036502260518,19.489429200834593,0.031218212866919174,5,2,11,3,604.35427219881,6.295357002070937,1.796195842418633,10.87275448595629,14.897979996152925,0.15518729162659298,0.0,4.024,589.4562922026571,6.1401697104443445,0.0,10.87275448595629,148.97979996152924,5894.562922026571,6043.5427219881,586.18627219881,0.02465107087263552,0.9753489291273645,15.49,15.0,15.0,232.37,6632.45,1541182.41,9.617805033023192,380.5398916737618,390.15769670678503
Sonora,Cananea,19,Agua Prieta,141,Calabacita,2020,2021,30.986517,-110.288893,1591.0,0,0.0,0.0,738.349530087123,7.691140938407531,3.316849564722956,10.402123028361737,21.83515625,8.98,30.27,30.52333333333333,15.95,39.47,13.146979166666666,1.76,22.03,32.854479166666664,12.28,69.02,28.945520833333337,16.82,33.85,2.8011458333333334,1.04,4.93,29.62,0.30854166666666666,0.0,7.34,23.696000000000005,0.24683333333333338,0.0,5.872,17.31669039051498,11.53287017452503,19.320000280502942,0.04011650145765642,7,2,23,8,620.1380882147515,6.459771752236995,1.658424782361478,9.88201687694365,23.696000000000005,0.24683333333333338,0.0,5.872,596.4420882147516,6.212938418903662,0.5464247823614781,9.818011162843407,236.96000000000004,5964.420882147516,6201.380882147516,596.4420882147515,0.03821084440759937,0.9617891555924007,14.67,15.0,15.0,220.0,6350.0,1397000.0,16.152692569870485,406.5726572697693,422.7253498396398
Sonora,Cananea,19,Agua Prieta,141,Calabacita,2021,2022,30.986517,-110.288893,1591.0,5,4.833333333333333,1.0,775.6674629264428,8.079869405483779,3.491156695853555,11.804425613429293,22.373124999999998,10.915,31.494999999999997,30.909479166666667,17.41,40.55,13.836770833333333,4.42,23.08,25.504479166666666,7.67,76.18,28.1484375,14.15,32.88,3.032083333333333,1.04,6.02,40.970000000000006,0.4267708333333334,0.0,9.78,32.776,0.3414166666666667,0.0,7.824,16.429540856201513,10.322951039587402,19.00061728661035,0.05281902613966576,6,4,18,1,640.6577625774352,6.673518360181617,2.6183675218901663,11.214204332757829,18.33466061421689,0.19098604806475927,0.0,3.1951181834672093,622.3231019632182,6.482532312116856,0.0,11.214204332757829,183.3466061421689,6223.231019632181,6406.57762577435,607.8817625774352,0.028618494436802852,0.971381505563197,14.2,15.0,15.0,213.0,5300.0,1128900.0,12.911732826913303,438.2557056079001,451.1674384348134
Sonora,Cananea,19,Agua Prieta,141,Calabacita,2022,2023,30.986517,-110.288893,1591.0,4,3.6666666666666665,1.0,771.1903373430644,8.033232680656921,4.750351020681491,11.218382309407172,22.403177083333333,12.334999999999999,29.985,31.15427083333334,22.4,39.13,13.652083333333332,2.27,21.82,25.644791666666666,3.98,60.37,28.455,15.6,32.92,2.836666666666666,0.97,6.23,64.3,0.6697916666666667,0.0,7.9,51.440000000000005,0.5358333333333334,0.0,6.32,16.56647324420665,10.816111002892006,19.246530379944492,0.08337760068614049,17,5,17,2,635.1405239185626,6.616047124151694,2.71938886807126,10.657463193936813,46.89147179326733,0.488452831179868,0.0,5.648,588.2490521252953,6.127594292971826,0.0,10.657463193936813,468.9147179326733,5882.490521252953,6351.405239185626,583.7005239185626,0.07382849940666,0.92617150059334,14.47,15.0,15.0,217.05,7650.0,1660432.5,32.405992946280115,406.5300982206602,438.9360911669403
Sonora,Cananea,19,Agua Prieta,141,Calabacita,2023,2024,30.986517,-110.288893,1591.0,2,2.0,0.0,778.6987723452148,8.111445545262654,4.18397892215402,11.10701532174402,21.574375000000003,7.295,31.275,30.437187499999997,15.48,40.68,12.7115625,-3.16,23.85,24.439791666666668,9.05,59.1,29.03833333333333,16.14,32.48,2.957395833333333,1.5,5.06,10.940000000000001,0.11395833333333334,0.0,4.21,8.752,0.09116666666666667,0.0,3.3680000000000003,16.919965699871867,11.253226091686614,19.316365453702204,0.014049078268162533,3,0,17,6,642.6600042548246,6.694375044321089,2.468647787013971,10.551664555656819,8.752,0.09116666666666667,0.0,3.3680000000000003,633.9080042548246,6.603208377654423,1.4947799760463178,10.551664555656819,87.52000000000001,6339.080042548247,6426.600042548247,633.9080042548246,0.013618398440942496,0.9863816015590576,17.38,8.0,8.0,139.04,6644.32,923826.25,5.0356731875719225,364.7341796633053,369.76985285087727
Sonora,Cananea,19,Agua Prieta,141,Cebolla,2011,2012,30.986517,-110.288893,1591.0,4,2.8,0.6,909.6217717061377,4.290668734462914,1.162652077329371,9.912563651302154,12.598349056603771,-8.885,24.235,20.91797169811321,-5.1,32.77,4.27872641509434,-12.67,15.99,39.355094339622646,10.97,78.39,19.315283018867927,7.01,31.15,2.6842924528301886,0.98,8.42,32.3,0.15235849056603773,0.0,8.3,25.840000000000003,0.12188679245283021,0.0,6.640000000000001,9.937845440161267,4.477338637943189,17.30782298310985,0.035509264404936465,9,1,0,112,825.5714920057461,3.8942051509705005,1.2207846811958396,7.4344227384766155,19.27880866529207,0.09093777672307579,0.0,2.876392707158546,806.292683340454,3.8032673742474246,0.0,7.4344227384766155,192.7880866529207,8062.92683340454,8255.71492005746,799.7314920057461,0.02335207653361883,0.9766479234663811,15.0,10.0,10.0,150.0,5000.0,750000.0,12.852539110194714,537.5284555603026,550.3809946704973
Sonora,Cananea,19,Agua Prieta,141,Cebolla,2012,2013,30.986517,-110.288893,1591.0,4,2.7142857142857144,0.42857142857142855,858.2352923941787,4.029273673212106,0.7761048862555123,8.844360035036797,12.169788732394366,-1.335,24.705,20.220892018779345,2.91,34.73,4.1186854460093905,-5.58,18.0,42.45488262910798,11.76,88.69,18.785446009389673,2.47,30.89,2.5710798122065732,0.88,6.89,112.28,0.5271361502347418,0.0,25.52,89.82400000000001,0.4217089201877935,0.0,20.416,9.807514353958535,3.017885074432848,17.579837373454858,0.13082659381995088,18,4,0,132,774.0509118228921,3.634041839544094,0.814910130568288,6.633270026277597,30.332090548450658,0.14240418097864158,0.0,2.4346989168464614,743.7188212744413,3.4916376585654523,0.0,6.633270026277597,303.32090548450657,7437.188212744413,7740.50911822892,684.2269118228921,0.03918616990840887,0.960813830091591,15.5,10.0,10.0,155.0,5400.0,837000.0,19.56909067641978,479.8185943706073,499.38768504702705
Sonora,Cananea,19,Agua Prieta,141,Cebolla,2013,2014,30.986517,-110.288893,1591.0,3,2.142857142857143,0.14285714285714285,864.1602876782325,4.076227772067135,1.1657108799926972,9.15668712646014,12.499316037735847,-1.3749999999999998,23.240000000000002,20.45551886792453,3.64,32.14,4.54311320754717,-6.39,15.47,40.103113207547175,10.05,87.74,18.6175,6.21,31.28,2.5450943396226413,0.81,7.31,77.82,0.36707547169811316,0.0,14.56,62.256,0.29366037735849054,0.0,11.648000000000001,9.714358184727175,4.366014755934374,17.181803565371403,0.09005273802743413,12,6,0,104,780.8950444517116,3.68346719080996,1.223996423992332,6.8675153448451045,27.809652980840532,0.1311776084001912,0.0,2.9478898898277293,753.0853914708712,3.5522895824097698,0.0,6.8675153448451045,278.0965298084053,7530.853914708712,7808.950444517118,718.6390444517116,0.03561253612560248,0.9643874638743977,14.2,15.0,15.0,213.0,5200.0,1107600.0,19.584262662563756,530.3418249794868,549.9260876420506
Sonora,Cananea,19,Agua Prieta,141,Cebolla,2014,2015,30.986517,-110.288893,1591.0,3,2.0,0.3,892.5614994601186,4.210195752170371,1.023987137370504,8.904633371957523,13.252948113207546,3.38,22.55,21.22985849056604,7.49,30.95,5.276037735849057,-3.92,14.83,40.616745283018865,10.44,87.94,18.593254716981136,5.74,31.49,2.6283962264150946,0.97,6.37,67.32,0.3175471698113207,0.0,19.05,53.855999999999995,0.2540377358490566,0.0,15.240000000000002,9.698713222406537,4.053940173992721,17.52728649130817,0.07542337423328216,9,5,0,93,812.2051422758726,3.8311563314899653,1.0751864942390292,6.678475028968142,21.494860124015844,0.10139084964158417,0.0,3.729768136560199,790.7102821518567,3.7297654818483807,0.0,6.678475028968142,214.94860124015844,7907.102821518567,8122.0514227587255,758.3491422758726,0.026464816590283203,0.9735351834097168,14.5,12.0,12.0,174.0,4120.0,716880.0,14.824041464838514,545.3174359667977,560.1414774316362
Sonora,Cananea,19,Agua Prieta,141,Cebolla,2015,2016,30.986517,-110.288893,1591.0,1,1.0,0.0,756.7473460823849,3.5695629532187967,0.8918706740762432,7.333784950217332,12.77551886792453,0.8449999999999998,21.695,20.164198113207544,6.27,29.91,5.38683962264151,-5.28,15.01,55.09589622641509,22.53,90.7,17.955707547169812,2.62,30.77,2.489764150943396,1.06,6.55,187.47,0.8842924528301886,0.0,45.62,149.976,0.7074339622641509,0.0,36.496,9.831467214410905,3.1751551460557237,17.791903072433634,0.24773129495665347,23,11,0,97,686.7715373538831,3.2394883837447317,0.9364642077800555,5.609723440014658,46.00547127584396,0.21700693998039602,0.0,3.1919888932131615,640.7660660780391,3.0224814437643355,0.0,5.609723440014658,460.05471275843956,6407.6606607803915,6867.715373538831,536.7955373538831,0.06698802843970808,0.9330119715602918,14.8,10.0,10.0,148.0,6000.0,888000.0,31.084777889083753,432.95004464732375,464.0348225364075
Sonora,Cananea,19,Agua Prieta,141,Cebolla,2016,2017,30.986517,-110.288893,1591.0,2,1.4,0.0,837.5532332941848,3.9321748041980507,0.7527200301998297,8.205888219242848,12.561267605633804,-0.7150000000000003,25.72,20.409014084507046,4.26,32.96,4.713521126760564,-5.69,18.48,46.265023474178406,17.13,91.18,18.526103286384977,5.57,30.93,2.6309859154929582,0.97,6.54,113.00999999999999,0.5305633802816901,0.0,14.52,90.40800000000002,0.4244507042253522,0.0,11.616,9.83543922318769,4.096467283399964,17.990843729008137,0.13492873707324823,25,8,0,111,764.3121114918845,3.5883197722623685,0.7903560317098212,6.154416164432136,44.15154665621189,0.20728425660193375,0.0,2.825435706220314,720.1605648356726,3.381035515660435,0.0,6.154416164432136,441.51546656211895,7201.605648356726,7643.121114918846,673.9041114918845,0.057766383644020924,0.9422336163559791,14.0,8.0,8.0,112.0,5350.0,599200.0,31.536819040151354,514.4004034540519,545.9372224942033
Sonora,Cananea,19,Agua Prieta,141,Cebolla,2017,2018,30.986517,-110.288893,1591.0,1,1.0,0.0,881.8882678014118,4.15985031981798,0.8788804518723429,9.57197462592653,14.204905660377356,2.33,23.380000000000003,21.9297641509434,7.48,32.85,6.4800471698113205,-4.52,16.34,45.32528301886793,16.81,90.27,18.47518867924528,3.82,31.48,2.642311320754717,1.05,7.04,119.08000000000001,0.5616981132075473,0.0,18.22,95.26400000000001,0.44935849056603777,0.0,14.576,9.82658957812503,3.5285431673065477,17.606023280932863,0.1350284433388279,17,9,0,88,796.3495236918925,3.756365677791946,0.92282447446596,7.178980969444897,28.945951815399255,0.13653750856320404,0.0,2.132811459348931,767.4035718764933,3.6198281692287417,0.0,7.178980969444897,289.4595181539926,7674.035718764933,7963.495236918926,701.0855236918925,0.036348300531662575,0.9636516994683375,14.5,11.0,11.0,159.5,4655.17,742499.62,19.962725389930522,529.2438426734436,549.2065680633741
Sonora,Cananea,19,Agua Prieta,141,Cebolla,2018,2019,30.986517,-110.288893,1591.0,4,3.357142857142857,0.9285714285714286,936.8530086693496,4.41911796542146,0.852284092938046,9.174890138805987,15.000966981132075,2.675,25.740000000000002,22.858301886792454,7.16,33.23,7.143632075471698,-5.49,18.48,37.90929245283019,15.57,92.09,18.278160377358493,3.84,30.26,2.558537735849057,0.83,6.51,105.41999999999999,0.49726415094339615,0.0,26.24,84.336,0.397811320754717,0.0,20.992,9.533494850134211,3.810727371995812,17.28343475032748,0.11252565666596118,13,5,0,73,852.5839319259635,4.021622320405489,0.8948982975849483,7.363911028362047,24.848622660969795,0.11721048424985753,0.0,2.984,827.7353092649937,3.9044118361556306,0.0,7.363911028362047,248.48622660969795,8277.353092649937,8525.839319259634,768.2479319259635,0.02914507502485702,0.970854924975143,20.0,5.0,5.0,100.0,4350.0,435000.0,12.424311330484898,413.86765463249685,426.29196596298175
Sonora,Cananea,19,Agua Prieta,141,Cebolla,2019,2020,30.986517,-110.288893,1591.0,2,1.5,0.0,741.4422259538187,3.4973689903482015,0.7584871176514911,8.370507707762759,11.79502358490566,-0.7650000000000001,22.75,19.0913679245283,3.03,31.6,4.498679245283019,-5.74,17.68,53.60575471698114,26.08,91.18,17.35872641509434,2.64,30.56,2.5972169811320756,0.97,6.69,215.61,1.0170283018867925,0.0,30.96,172.488,0.813622641509434,0.0,24.768,9.53006366705903,3.1106029802560577,18.51908474151317,0.2907981127223114,32,11,0,110,670.8712480091219,3.1644870189109526,0.7964114735340657,6.277880780822069,58.54085963552032,0.2761361303562279,0.0,3.743825594187479,612.3303883736016,2.888350888554725,0.0,6.277880780822069,585.4085963552031,6123.303883736016,6708.71248009122,498.3832480091219,0.0872609458360993,0.9127390541639008,22.0,7.0,7.0,154.0,4300.0,662200.0,26.609481652509235,278.3319947152735,304.94147636778274
Sonora,Cananea,19,Agua Prieta,141,Cebolla,2020,2021,30.986517,-110.288893,1591.0,0,0.0,0.0,719.4614473897382,3.3777532741302263,0.6734275641454617,8.084962816433826,12.021901408450704,0.1299999999999999,23.805,19.18399061032864,5.77,33.57,4.85981220657277,-6.2,17.99,57.6737558685446,28.67,94.86,17.492159624413148,2.38,30.17,2.5746009389671363,0.83,6.92,356.03,1.6715023474178403,0.0,69.04,213.618,1.0029014084507042,0.0,41.424,9.691352940923567,2.9603106575427622,17.78924008874059,0.4948562585135095,26,18,0,108,648.3184924696529,3.0437487909373377,0.7070989423527347,6.06372211232537,40.415026638131856,0.1897419090992106,0.0,2.49,607.903465831521,2.8540068818381266,0.0,6.06372211232537,404.15026638131854,6079.0346583152095,6483.1849246965285,434.70049246965294,0.0623382289839953,0.9376617710160046,19.0,10.0,10.0,190.0,4607.37,875400.3,21.271066651648344,319.9491925429058,341.22025919455416
Sonora,Cananea,19,Agua Prieta,141,Cebolla,2021,2022,30.986517,-110.288893,1591.0,5,4.0,1.0,949.3057319832151,4.47785722633592,1.0859017708059253,8.819943862578526,13.2051179245283,0.45999999999999996,25.8,21.57146226415094,3.27,34.07,4.8387735849056615,-5.36,17.89,34.2988679245283,11.58,84.39,18.936839622641507,7.63,30.2,2.7793867924528297,0.73,6.97,71.83000000000001,0.3388207547169812,0.0,15.58,57.464,0.2710566037735849,0.0,12.464,9.601665550757465,4.575516893688015,18.109385796081376,0.07566582353815395,11,6,0,120,864.3724371073147,4.077228476921296,1.1401968593462217,6.765632193259042,19.274164626383275,0.09091587087916639,0.0,2.176,845.0982724809314,3.9863126060421292,0.0,6.765632193259042,192.74164626383276,8450.982724809313,8643.724371073145,806.9084371073147,0.02229844890807216,0.9777015510919279,22.86,7.0,7.0,160.02,4750.0,760095.0,8.431393099905195,369.6842836749481,378.11567677485334
Sonora,Cananea,19,Agua Prieta,141,Cebolla,2022,2023,30.986517,-110.288893,1591.0,3,1.7857142857142858,0.14285714285714285,903.8353181189395,4.26337414207047,0.9009156704510175,9.660150250229519,13.283962264150942,0.8299999999999996,23.335,21.37929245283019,7.89,34.53,5.188632075471698,-6.23,16.62,40.1425,7.43,88.96,18.851462264150943,4.6,31.38,2.7041981132075477,0.85,6.23,65.28,0.3079245283018868,0.0,27.99,52.224000000000004,0.24633962264150946,0.0,22.392,9.820352149406142,3.7151078252546665,17.253755919767677,0.07222554672444159,12,3,0,110,817.8196108019597,3.8576396735941496,0.9459614539735685,7.245112687672139,21.835171811099798,0.10299609344858396,0.0,2.730449039788607,795.98443899086,3.754643580145566,0.0,7.245112687672139,218.35171811099798,7959.8443899086,8178.196108019598,765.5956108019597,0.02669925191655416,0.9733007480834459,23.0,5.0,5.0,115.0,5100.0,586500.0,9.493552961347739,346.0801908655913,355.57374382693905
Sonora,Cananea,19,Agua Prieta,141,Cebolla,2023,2024,30.986517,-110.288893,1591.0,2,1.8181818181818181,0.0,769.9536841996946,3.631857000941956,1.0188628931712738,8.013816398918236,11.513915094339621,0.645,23.21,19.13867924528302,5.95,32.04,3.889150943396226,-5.92,16.0,49.96188679245282,18.68,86.4,17.93231132075472,1.66,30.36,2.674952830188679,0.84,7.46,127.98,0.6036792452830189,0.0,14.99,102.384,0.4829433962264151,0.0,11.992,9.664391833912129,2.832362034748602,17.503519573281313,0.16621779027270323,28,9,0,128,698.9602021058387,3.2969820854048995,1.0698060378298375,6.010362299188676,46.966444070151134,0.22153983051958082,0.0,2.265455603930767,651.9937580356875,3.0754422548853184,0.0,6.010362299188676,469.66444070151135,6519.937580356875,6989.602021058386,596.5762021058387,0.06719473287413198,0.932805267125868,21.85,6.0,6.0,131.1,5500.0,721050.0,21.49494007787237,298.3953126021453,319.8902526800176
Sonora,Cananea,19,Agua Prieta,141,Chile verde,2023,2024,30.986517,-110.288893,1591.0,2,1.5,0.0,1290.5134627986747,7.129908634246822,2.1575767656483493,11.10701532174402,21.96124309392265,1.8349999999999997,32.074999999999996,30.214861878453036,7.39,40.68,13.707624309392266,-4.77,23.85,34.05674033149172,9.05,74.81,26.304033149171268,10.48,32.48,2.6899447513812156,0.86,6.44,139.71,0.7718784530386741,0.0,12.36,111.768,0.6175027624309393,0.0,9.888,15.742713770855561,7.9201011690864975,19.316365453702204,0.10825923481419375,39,7,51,24,1296.4375121277517,7.162638188551115,1.2945460593890095,11.662366087831222,104.32939085510036,0.576405474337571,0.0,7.148160678710727,1192.1081212726513,6.586232714213543,0.0,11.662366087831222,1043.2939085510036,11921.081212726513,12964.375121277517,1184.6695121277517,0.080473906284825,0.9195260937151749,18.5,20.0,20.0,370.08,10376.91,3840288.0,56.39426532708128,644.3827682554871,700.7770335825684
Sonora,Cananea,19,Agua Prieta,141,Hortalizas,2010,2011,30.986517,-110.288893,1591.0,3,2.0,0.2,77.17192741208277,2.2697625709436107,0.8557842945869528,3.1965488348129294,7.160882352941176,1.8250000000000002,12.45,13.790882352941177,6.76,18.92,0.5308823529411765,-4.93,7.16,57.38441176470589,28.87,91.62,12.875588235294117,4.23,17.2,2.808235294117647,1.06,8.95,116.9,3.4382352941176473,0.0,38.5,93.52000000000001,2.750588235294118,0.0,30.8,6.46140604161851,3.755391313890244,8.377998729307654,1.5147995381244947,8,6,0,31,59.606075813592064,1.7531198768703549,0.8357877380769094,2.6428539151648605,10.32172388211038,0.30358011417971703,0.0,2.179169994254083,49.28435193148168,1.4495397626906377,0.0,2.6428539151648605,103.21723882110379,492.84351931481683,596.0607581359207,-33.91392418640795,0.1731656335570526,0.8268343664429473,10.0,25.0,25.0,250.0,2000.0,500000.0,10.32172388211038,49.28435193148168,59.60607581359206
Sonora,Cananea,19,Agua Prieta,141,Tomate verde,2023,2024,30.986517,-110.288893,1591.0,2,1.6,0.0,617.9083403578445,4.543443679101798,1.1425721372886564,8.622006903161315,11.997941176470587,0.645,23.21,20.103749999999998,5.95,32.04,3.892132352941177,-5.92,14.62,43.4625,16.93,86.4,20.94,1.66,31.95,3.011985294117647,0.84,7.46,90.24000000000001,0.6635294117647059,0.0,14.99,72.19200000000001,0.5308235294117648,0.0,11.992,11.69760784756628,2.832362034748602,18.525021118140042,0.1460410777879127,18,6,0,76,582.6945480725622,4.284518735827663,0.8126965124414746,8.869674851187488,31.115062047559583,0.2287872209379381,0.0,3.3680000000000003,551.5794860250026,4.055731514889724,0.0,8.86167485118749,311.1506204755958,5515.7948602500255,5826.945480725622,510.50254807256215,0.05339858104127116,0.9466014189587288,16.0,10.0,10.0,160.0,7500.0,1200000.0,19.44691377972474,344.7371787656266,364.18409254535135
Sonora,Cananea,19,Agua Prieta,141,Avena forrajera en verde,2010,2011,30.986517,-110.288893,1591.0,3,1.8333333333333333,0.16666666666666666,290.8298615688646,3.093934697541113,0.8557842945869528,6.536896023968935,8.226968085106384,1.8250000000000002,16.22,15.642021276595743,6.76,25.42,0.8119148936170212,-4.93,7.16,56.62968085106384,26.24,91.62,18.05191489361702,4.23,27.7,2.8067021276595745,1.06,8.95,170.61,1.8150000000000002,0.0,38.5,136.488,1.452,0.0,30.8,9.876879277291286,3.755391313890244,16.14547788181629,0.586631644631175,19,11,0,88,289.6092762515277,3.080949747356678,0.46690530458045676,7.517430427564275,37.52161823800117,0.39916615146809753,0.0,3.6568396519269215,252.08765801352664,2.6817835958885814,0.0,7.517430427564275,375.2161823800117,2520.8765801352665,2896.092762515278,153.12127625152772,0.12955944893634339,0.8704405510636569,20.0,25.0,25.0,500.0,850.0,425000.0,18.760809119000584,126.04382900676333,144.80463812576392
Sonora,Cananea,19,Agua Prieta,141,Avena forrajera en verde,2011,2012,30.986517,-110.288893,1591.0,4,2.5,0.5,594.0161687175386,3.783542475907889,1.162652077329371,8.337936030319428,10.77127388535032,-8.885,20.97,19.099171974522292,-5.1,31.2,2.443375796178344,-12.67,12.12,39.052547770700635,15.48,78.39,17.943184713375796,7.01,27.46,2.63484076433121,1.12,8.42,16.36,0.10420382165605095,0.0,8.3,13.088,0.08336305732484076,0.0,6.640000000000001,8.816157159233763,4.477338637943189,15.268557857089972,0.027541337865130345,3,1,0,108,539.6560961815516,3.4372999756786724,0.9128804669977565,7.504142427287485,7.349585860962019,0.046812648795936426,0.0,1.8685359720332424,532.3065103205895,3.390487326882736,0.0,7.504142427287485,73.4958586096202,5323.065103205895,5396.560961815515,526.5680961815516,0.013619017579835632,0.9863809824201643,20.0,25.0,25.0,500.0,800.0,400000.0,3.67479293048101,266.15325516029475,269.8280480907758
Sonora,Cananea,19,Agua Prieta,141,Avena forrajera en verde,2012,2013,30.986517,-110.288893,1591.0,4,2.6666666666666665,0.3333333333333333,535.082932331442,3.386600837540772,0.7761048862555123,7.096778889363083,9.884367088607593,-1.335,18.965,17.711202531645565,2.91,27.54,2.0575316455696204,-5.58,10.45,46.0570253164557,18.8,88.69,17.075189873417724,2.47,28.7,2.6241772151898735,0.88,6.89,108.57,0.6871518987341771,0.0,25.52,86.85600000000001,0.5497215189873418,0.0,20.416,8.66281229165503,3.017885074432848,15.95049575955983,0.2029031266741085,17,4,0,124,488.5601445452464,3.0921528135775085,0.3823251687695854,6.387101000426775,25.592745312256795,0.16197940071048605,0.0,2.4777908341144768,462.9673992329896,2.9301734128670227,0.0,6.387101000426775,255.92745312256795,4629.673992329896,4885.601445452464,401.7041445452464,0.05238402190190651,0.9476159780980935,18.0,30.0,30.0,540.0,900.0,486000.0,14.218191840142664,257.2041106849942,271.42230252513684
Sonora,Cananea,19,Agua Prieta,141,Avena forrajera en verde,2013,2014,30.986517,-110.288893,1591.0,2,2.0,0.0,543.6962851923943,3.4630336636458234,1.1657108799926972,6.758411438955644,10.552452229299362,-1.3749999999999998,19.56,18.31452229299363,3.64,29.03,2.7903821656050956,-6.39,13.16,42.39783439490446,20.07,87.74,16.727579617834394,6.21,27.97,2.516687898089172,0.81,5.87,75.4,0.48025477707006375,0.0,14.56,60.32000000000001,0.384203821656051,0.0,11.648000000000001,8.474408370095645,4.366014755934374,15.521562044179818,0.13868036632495787,11,6,0,98,495.8655076687613,3.158379029737333,0.6109842346401712,6.08257029506008,24.978986894312442,0.15910182735230854,0.0,2.747640505055804,470.88652077444885,2.9992772023850245,0.0,6.08257029506008,249.78986894312442,4708.8652077444885,4958.655076687613,435.54550766876133,0.05037451992123322,0.9496254800787667,19.0,40.0,40.0,760.0,877.96,667249.6,13.146835207532865,247.83501093392044,260.98184614145333
Sonora,Cananea,19,Agua Prieta,141,Avena forrajera en verde,2014,2015,30.986517,-110.288893,1591.0,3,1.75,0.125,573.9191421751999,3.6555359374216554,1.023987137370504,7.256021713863686,11.767356687898088,3.38,19.330000000000002,19.564140127388537,7.49,28.6,3.9705732484076433,-3.92,10.94,43.43866242038217,18.09,87.94,16.87624203821656,5.74,28.29,2.6368789808917197,0.97,5.73,64.36,0.4099363057324841,0.0,19.05,51.488,0.3279490445859873,0.0,15.240000000000002,8.559887335282337,4.053940173992721,16.033557946429063,0.11214123257166576,8,5,0,88,527.2123386523315,3.358040373581729,0.6433630880837441,6.5304195424773175,17.7562794168142,0.11309732112620509,0.0,3.196944117051599,509.45605923551716,3.244943052455523,0.0,6.5304195424773175,177.56279416814198,5094.560592355172,5272.123386523314,475.7243386523315,0.03367955966698936,0.9663204403330105,16.0,50.0,50.0,800.0,870.25,696200.0,11.097674635508874,318.41003702219825,329.50771165770715
Sonora,Cananea,19,Agua Prieta,141,Avena forrajera en verde,2015,2016,30.986517,-110.288893,1591.0,1,1.0,0.0,482.13804844036,3.0709429836965607,0.8918706740762432,6.541175124083228,11.304585987261147,0.8449999999999998,20.845,18.537707006369427,6.27,29.29,4.071464968152866,-5.28,13.35,56.74821656050956,29.3,90.7,16.090891719745223,2.62,27.18,2.505987261146497,1.06,6.55,141.27,0.8998089171974523,0.0,45.62,113.01600000000002,0.7198471337579619,0.0,36.496,8.529999199839054,3.1751551460557237,15.587949629483344,0.2930073667842354,18,7,0,92,443.2713297143972,2.8233842656967973,0.5728746086898253,5.887057611674906,35.70610909381926,0.2274274464574475,0.0,2.735990479896995,407.565220620578,2.5959568192393503,0.0,5.887057611674906,357.0610909381926,4075.6522062057797,4432.713297143972,330.2553297143972,0.08055136143550036,0.9194486385644997,18.0,60.0,60.0,1080.0,920.0,993600.0,19.83672727434403,226.42512256698777,246.2618498413318
Sonora,Cananea,19,Agua Prieta,141,Avena forrajera en verde,2016,2017,30.986517,-110.288893,1591.0,1,1.0,0.0,556.9709213682924,3.5251324137233695,0.7527200301998297,7.5655156991486585,10.728227848101266,-0.7150000000000003,19.35,18.720949367088608,4.26,28.02,2.7355063291139237,-5.69,11.78,45.80512658227848,21.57,91.18,17.32221518987342,5.57,27.99,2.6348734177215185,0.97,6.54,88.71000000000001,0.5614556962025317,0.0,14.52,70.968,0.44916455696202534,0.0,11.616,8.779210385067666,4.096467283399964,15.701679511919652,0.1592722287584943,17,7,0,107,512.2609614217346,3.2421579836818646,0.48683422160243967,6.808964129233793,22.72264316962513,0.14381419727610842,0.0,2.1986059288823543,489.53831825210943,3.098343786405756,0.0,6.808964129233793,227.2264316962513,4895.383182521095,5122.609614217346,441.29296142173456,0.044357553826784815,0.9556424461732151,18.5,70.0,70.0,1295.0,940.0,1217300.0,12.282509821418989,264.6153071633024,276.89781698472143
Sonora,Cananea,19,Agua Prieta,141,Avena forrajera en verde,2017,2018,30.986517,-110.288893,1591.0,1,1.0,0.0,549.24215135336,3.498357651932229,0.8788804518723429,7.352267085587935,12.140859872611463,2.33,22.72,19.64910828025478,7.48,29.77,4.632611464968153,-4.52,15.75,49.465859872611475,24.11,90.27,16.570127388535035,3.82,27.96,2.707707006369426,1.05,7.04,117.27999999999999,0.7470063694267515,0.0,18.22,93.824,0.5976050955414013,0.0,14.576,8.61517209015008,3.5285431673065477,15.997248642315046,0.21353058885050288,17,9,0,86,496.7157049387127,3.163794298972692,0.8787230920852435,6.6170403770291415,28.41150085148859,0.18096497357636043,0.0,2.3359363602393053,468.30420408722404,2.9828293253963314,0.0,6.6170403770291415,284.1150085148859,4683.04204087224,4967.157049387126,402.8917049387127,0.05719871662804409,0.9428012833719558,19.3,50.0,50.0,965.0,889.82,858676.3,14.720984897144348,242.64466533016787,257.36565022731224
Sonora,Cananea,19,Agua Prieta,141,Avena forrajera en verde,2018,2019,30.986517,-110.288893,1591.0,4,3.4545454545454546,1.0,582.659528019595,3.7112071848381847,0.852284092938046,6.896705007670573,13.134140127388537,2.675,21.965,20.74738853503185,7.16,29.78,5.520891719745224,-5.49,15.22,40.82636942675159,18.73,92.09,16.33031847133758,3.84,27.64,2.5018471337579617,0.83,6.51,104.94,0.6684076433121019,0.0,26.24,83.952,0.5347261146496816,0.0,20.992,8.278856487603548,3.810727371995812,15.649259637030529,0.1801051814198958,13,5,0,69,538.4555723823726,3.4296533272762586,0.8766848236474539,6.207034506903516,20.988312540759537,0.13368351936789513,0.0,2.0988952637317495,517.467259841613,3.295969807908363,0.0,6.207034506903516,209.88312540759537,5174.672598416129,5384.555723823725,454.50357238237257,0.03897872659743809,0.9610212734025618,18.8,55.0,55.0,1034.0,800.09,827293.06,11.163996032318902,275.248542468943,286.4125385012619
Sonora,Cananea,19,Agua Prieta,141,Avena forrajera en verde,2019,2020,30.986517,-110.288893,1591.0,2,1.4,0.0,472.0552090107078,3.0067210765013237,0.7584871176514911,6.382114237011541,9.961146496815287,-0.7650000000000001,18.04,17.23095541401274,3.03,27.35,2.691337579617834,-5.74,11.72,54.09305732484076,30.6,91.18,15.72828025477707,2.64,27.23,2.5652229299363056,1.11,6.69,134.76000000000002,0.8583439490445861,0.0,30.96,107.80799999999999,0.6866751592356688,0.0,24.768,8.333574896372541,3.1106029802560577,15.684375479093946,0.28547508305737856,21,6,0,107,427.9970172506121,2.726095651277784,0.6826384058863421,5.743902813310386,37.7952700083805,0.24073420387503502,0.0,3.2089933664464105,390.20174724223165,2.4853614474027492,0.0,5.743902813310386,377.952700083805,3902.0174724223166,4279.970172506121,320.1890172506121,0.08830732104436517,0.911692678955635,18.2,80.0,80.0,1456.0,779.38,1134777.28,20.76663187273654,214.39656441880862,235.16319629154515
Sonora,Cananea,19,Agua Prieta,141,Avena forrajera en verde,2020,2021,30.986517,-110.288893,1591.0,0,0.0,0.0,429.5731818803272,2.7188176068375136,0.6734275641454617,5.741677484132207,10.094050632911392,0.1299999999999999,19.32,16.922784810126583,5.77,26.3,3.265316455696203,-6.2,13.33,61.9793670886076,28.67,94.86,15.375569620253165,2.38,28.03,2.587278481012658,0.85,6.92,352.59000000000003,2.231582278481013,0.0,69.04,211.55399999999997,1.3389493670886075,0.0,41.424,8.343688166506658,2.9603106575427622,16.423752987177487,0.8207914620196809,24,18,0,99,384.6030191870711,2.4341963239688043,0.6852513760879493,5.167509735718987,38.6729721398646,0.24476564645483923,0.0,2.450195519193288,345.9300470472065,2.189430677513965,0.0,5.167509735718987,386.729721398646,3459.3004704720647,3846.030191870711,173.0490191870711,0.10055296035274763,0.8994470396472524,18.0,75.0,75.0,1350.0,804.21,1085683.5,21.484984522147002,192.18335947067027,213.66834399281726
Sonora,Cananea,19,Agua Prieta,141,Avena forrajera en verde,2021,2022,30.986517,-110.288893,1591.0,4,4.0,1.0,603.9181663466754,3.8466125245011176,1.0859017708059253,7.70179719402863,11.046942675159235,0.45999999999999996,22.405,19.33019108280255,3.27,31.36,2.7636942675159233,-5.36,15.29,37.03834394904459,18.24,84.39,17.30541401273885,7.63,27.7,2.781910828025478,0.73,6.97,71.21000000000001,0.45356687898089176,0.0,15.58,56.968,0.3628535031847134,0.0,12.464,8.499393902809206,4.575516893688015,15.573106778652015,0.11791332661969031,11,6,0,115,547.7868172094219,3.489088007703324,0.7842835825614382,6.931617474625766,19.230460408415453,0.12248700897079906,0.0,2.180947888037684,528.5563568010065,3.366600998732525,0.0,6.931617474625766,192.30460408415453,5285.563568010065,5477.8681720942195,490.81881720942187,0.03510573786054355,0.9648942621394565,22.0,70.0,70.0,1540.0,847.27,1304795.8,8.741118367461569,240.25288945500296,248.99400782246454
Sonora,Cananea,19,Agua Prieta,141,Avena forrajera en verde,2022,2023,30.986517,-110.288893,1591.0,2,1.6363636363636365,0.0,561.4164851119237,3.575901179056839,0.9009156704510175,7.19466846341592,11.504840764331211,0.8299999999999996,20.295,19.325286624203823,7.89,28.34,3.684394904458599,-6.23,12.84,42.86050955414013,15.86,88.96,16.94140127388535,4.6,27.28,2.6512101910828028,0.85,6.15,63.73,0.40592356687898085,0.0,27.99,50.984,0.3247388535031847,0.0,22.392,8.59425512396592,3.7151078252546665,15.33657995186238,0.11351643866904765,11,3,0,105,508.73051067070855,3.240321724017252,0.7818620036001653,6.475201617074328,21.476982082864637,0.13679606422206775,0.0,3.056,487.25352858784396,3.1035256597951846,0.0,6.475201617074328,214.76982082864637,4872.53528587844,5087.305106707086,457.7465106707086,0.04221681545018689,0.9577831845498131,23.33,90.0,90.0,2099.7,860.0,1805742.0,9.205735997798817,208.85277693435233,218.05851293215116
Sonora,Cananea,19,Agua Prieta,141,Avena forrajera en verde,2023,2024,30.986517,-110.288893,1591.0,2,1.8,0.0,483.0723557798689,3.0768939858590376,1.0188628931712738,7.5135382457121,9.477547770700637,0.645,16.945,16.985668789808916,5.95,26.28,1.9694267515923567,-5.92,9.93,51.56649681528663,23.93,86.4,16.120063694267518,1.66,29.04,2.765859872611465,0.84,7.46,102.53,0.6530573248407643,0.0,14.99,82.024,0.5224458598726115,0.0,11.992,8.405177965694808,2.832362034748602,16.54341418549534,0.21224563726996185,20,8,0,121,443.9573053913176,2.827753537524316,0.6624996499449654,6.762184421140891,32.61131818349749,0.20771540244265915,0.0,2.2239999999999998,411.34598720782003,2.620038135081656,0.0,6.762184421140891,326.11318183497485,4113.4598720782005,4439.5730539131755,361.9333053913176,0.07345597828321097,0.9265440217167888,24.96,130.0,130.0,3244.8,869.68,2821937.66,13.065431964542261,164.80207820826124,177.8675101728035
Sonora,Cananea,19,Agua Prieta,141,Cebada forrajera en verde,2010,2011,30.986517,-110.288893,1591.0,3,1.8333333333333333,0.16666666666666666,290.8298615688646,3.093934697541113,0.8557842945869528,6.536896023968935,8.226968085106384,1.8250000000000002,16.22,15.642021276595743,6.76,25.42,0.8119148936170212,-4.93,7.16,56.62968085106384,26.24,91.62,18.05191489361702,4.23,27.7,2.8067021276595745,1.06,8.95,170.61,1.8150000000000002,0.0,38.5,136.488,1.452,0.0,30.8,9.876879277291286,3.755391313890244,16.14547788181629,0.586631644631175,19,11,0,88,289.6092762515277,3.080949747356678,0.46690530458045676,7.517430427564275,37.52161823800117,0.39916615146809753,0.0,3.6568396519269215,252.08765801352664,2.6817835958885814,0.0,7.517430427564275,375.2161823800117,2520.8765801352665,2896.092762515278,153.12127625152772,0.12955944893634339,0.8704405510636569,20.0,40.0,40.0,800.0,850.0,680000.0,18.760809119000584,126.04382900676333,144.80463812576392
Sonora,Cananea,19,Agua Prieta,141,Cebada forrajera en verde,2011,2012,30.986517,-110.288893,1591.0,4,2.5,0.5,594.0161687175386,3.783542475907889,1.162652077329371,8.337936030319428,10.77127388535032,-8.885,20.97,19.099171974522292,-5.1,31.2,2.443375796178344,-12.67,12.12,39.052547770700635,15.48,78.39,17.943184713375796,7.01,27.46,2.63484076433121,1.12,8.42,16.36,0.10420382165605095,0.0,8.3,13.088,0.08336305732484076,0.0,6.640000000000001,8.816157159233763,4.477338637943189,15.268557857089972,0.027541337865130345,3,1,0,108,539.6560961815516,3.4372999756786724,0.9128804669977565,7.504142427287485,7.349585860962019,0.046812648795936426,0.0,1.8685359720332424,532.3065103205895,3.390487326882736,0.0,7.504142427287485,73.4958586096202,5323.065103205895,5396.560961815515,526.5680961815516,0.013619017579835632,0.9863809824201643,20.0,220.0,220.0,4400.0,700.0,3080000.0,3.67479293048101,266.15325516029475,269.8280480907758
Sonora,Cananea,19,Agua Prieta,141,Cebada forrajera en verde,2012,2013,30.986517,-110.288893,1591.0,4,2.6666666666666665,0.3333333333333333,535.082932331442,3.386600837540772,0.7761048862555123,7.096778889363083,9.884367088607593,-1.335,18.965,17.711202531645565,2.91,27.54,2.0575316455696204,-5.58,10.45,46.0570253164557,18.8,88.69,17.075189873417724,2.47,28.7,2.6241772151898735,0.88,6.89,108.57,0.6871518987341771,0.0,25.52,86.85600000000001,0.5497215189873418,0.0,20.416,8.66281229165503,3.017885074432848,15.95049575955983,0.2029031266741085,17,4,0,124,488.5601445452464,3.0921528135775085,0.3823251687695854,6.387101000426775,25.592745312256795,0.16197940071048605,0.0,2.4777908341144768,462.9673992329896,2.9301734128670227,0.0,6.387101000426775,255.92745312256795,4629.673992329896,4885.601445452464,401.7041445452464,0.05238402190190651,0.9476159780980935,13.0,225.0,225.0,2925.0,950.0,2778750.0,19.68672716327446,356.1287686407612,375.81549580403566
Sonora,Cananea,19,Agua Prieta,141,Cebada forrajera en verde,2013,2014,30.986517,-110.288893,1591.0,2,2.0,0.0,543.6962851923943,3.4630336636458234,1.1657108799926972,6.758411438955644,10.552452229299362,-1.3749999999999998,19.56,18.31452229299363,3.64,29.03,2.7903821656050956,-6.39,13.16,42.39783439490446,20.07,87.74,16.727579617834394,6.21,27.97,2.516687898089172,0.81,5.87,75.4,0.48025477707006375,0.0,14.56,60.32000000000001,0.384203821656051,0.0,11.648000000000001,8.474408370095645,4.366014755934374,15.521562044179818,0.13868036632495787,11,6,0,98,495.8655076687613,3.158379029737333,0.6109842346401712,6.08257029506008,24.978986894312442,0.15910182735230854,0.0,2.747640505055804,470.88652077444885,2.9992772023850245,0.0,6.08257029506008,249.78986894312442,4708.8652077444885,4958.655076687613,435.54550766876133,0.05037451992123322,0.9496254800787667,19.5,230.0,230.0,4485.0,939.14,4212042.9,12.809736868878176,241.48026706381992,254.29000393269808
Sonora,Cananea,19,Agua Prieta,141,Cebada forrajera en verde,2014,2015,30.986517,-110.288893,1591.0,3,1.75,0.125,573.9191421751999,3.6555359374216554,1.023987137370504,7.256021713863686,11.767356687898088,3.38,19.330000000000002,19.564140127388537,7.49,28.6,3.9705732484076433,-3.92,10.94,43.43866242038217,18.09,87.94,16.87624203821656,5.74,28.29,2.6368789808917197,0.97,5.73,64.36,0.4099363057324841,0.0,19.05,51.488,0.3279490445859873,0.0,15.240000000000002,8.559887335282337,4.053940173992721,16.033557946429063,0.11214123257166576,8,5,0,88,527.2123386523315,3.358040373581729,0.6433630880837441,6.5304195424773175,17.7562794168142,0.11309732112620509,0.0,3.196944117051599,509.45605923551716,3.244943052455523,0.0,6.5304195424773175,177.56279416814198,5094.560592355172,5272.123386523314,475.7243386523315,0.03367955966698936,0.9663204403330105,11.0,240.0,240.0,2640.0,895.0,2362800.0,16.142072197103815,463.14187203228835,479.28394422939215
Sonora,Cananea,19,Agua Prieta,141,Cebada forrajera en verde,2015,2016,30.986517,-110.288893,1591.0,1,1.0,0.0,482.13804844036,3.0709429836965607,0.8918706740762432,6.541175124083228,11.304585987261147,0.8449999999999998,20.845,18.537707006369427,6.27,29.29,4.071464968152866,-5.28,13.35,56.74821656050956,29.3,90.7,16.090891719745223,2.62,27.18,2.505987261146497,1.06,6.55,141.27,0.8998089171974523,0.0,45.62,113.01600000000002,0.7198471337579619,0.0,36.496,8.529999199839054,3.1751551460557237,15.587949629483344,0.2930073667842354,18,7,0,92,443.2713297143972,2.8233842656967973,0.5728746086898253,5.887057611674906,35.70610909381926,0.2274274464574475,0.0,2.735990479896995,407.565220620578,2.5959568192393503,0.0,5.887057611674906,357.0610909381926,4075.6522062057797,4432.713297143972,330.2553297143972,0.08055136143550036,0.9194486385644997,15.0,210.0,210.0,3150.0,990.0,3118500.0,23.80407272921284,271.7101470803853,295.51421980959816
Sonora,Cananea,19,Agua Prieta,141,Cebada forrajera en verde,2016,2017,30.986517,-110.288893,1591.0,1,1.0,0.0,556.9709213682924,3.5251324137233695,0.7527200301998297,7.5655156991486585,10.728227848101266,-0.7150000000000003,19.35,18.720949367088608,4.26,28.02,2.7355063291139237,-5.69,11.78,45.80512658227848,21.57,91.18,17.32221518987342,5.57,27.99,2.6348734177215185,0.97,6.54,88.71000000000001,0.5614556962025317,0.0,14.52,70.968,0.44916455696202534,0.0,11.616,8.779210385067666,4.096467283399964,15.701679511919652,0.1592722287584943,17,7,0,107,512.2609614217346,3.2421579836818646,0.48683422160243967,6.808964129233793,22.72264316962513,0.14381419727610842,0.0,2.1986059288823543,489.53831825210943,3.098343786405756,0.0,6.808964129233793,227.2264316962513,4895.383182521095,5122.609614217346,441.29296142173456,0.044357553826784815,0.9556424461732151,15.5,220.0,220.0,3410.0,425.0,1449250.0,14.659769786854921,315.83117306587707,330.49094285273196
Sonora,Cananea,19,Agua Prieta,141,Cebada forrajera en verde,2017,2018,30.986517,-110.288893,1591.0,1,1.0,0.0,549.24215135336,3.498357651932229,0.8788804518723429,7.352267085587935,12.140859872611463,2.33,22.72,19.64910828025478,7.48,29.77,4.632611464968153,-4.52,15.75,49.465859872611475,24.11,90.27,16.570127388535035,3.82,27.96,2.707707006369426,1.05,7.04,117.27999999999999,0.7470063694267515,0.0,18.22,93.824,0.5976050955414013,0.0,14.576,8.61517209015008,3.5285431673065477,15.997248642315046,0.21353058885050288,17,9,0,86,496.7157049387127,3.163794298972692,0.8787230920852435,6.6170403770291415,28.41150085148859,0.18096497357636043,0.0,2.3359363602393053,468.30420408722404,2.9828293253963314,0.0,6.6170403770291415,284.1150085148859,4683.04204087224,4967.157049387126,402.8917049387127,0.05719871662804409,0.9428012833719558,18.1,130.0,130.0,2353.0,552.0,1298856.0,15.696961796402535,258.7316044680795,274.4285662644821
Sonora,Cananea,19,Agua Prieta,141,Cebada forrajera en verde,2018,2019,30.986517,-110.288893,1591.0,4,3.4545454545454546,1.0,582.659528019595,3.7112071848381847,0.852284092938046,6.896705007670573,13.134140127388537,2.675,21.965,20.74738853503185,7.16,29.78,5.520891719745224,-5.49,15.22,40.82636942675159,18.73,92.09,16.33031847133758,3.84,27.64,2.5018471337579617,0.83,6.51,104.94,0.6684076433121019,0.0,26.24,83.952,0.5347261146496816,0.0,20.992,8.278856487603548,3.810727371995812,15.649259637030529,0.1801051814198958,13,5,0,69,538.4555723823726,3.4296533272762586,0.8766848236474539,6.207034506903516,20.988312540759537,0.13368351936789513,0.0,2.0988952637317495,517.467259841613,3.295969807908363,0.0,6.207034506903516,209.88312540759537,5174.672598416129,5384.555723823725,454.50357238237257,0.03897872659743809,0.9610212734025618,20.0,125.0,125.0,2500.0,659.3,1648250.0,10.494156270379769,258.7336299208065,269.2277861911863
Sonora,Cananea,19,Agua Prieta,141,Cebada forrajera en verde,2019,2020,30.986517,-110.288893,1591.0,2,1.4,0.0,472.0552090107078,3.0067210765013237,0.7584871176514911,6.382114237011541,9.961146496815287,-0.7650000000000001,18.04,17.23095541401274,3.03,27.35,2.691337579617834,-5.74,11.72,54.09305732484076,30.6,91.18,15.72828025477707,2.64,27.23,2.5652229299363056,1.11,6.69,134.76000000000002,0.8583439490445861,0.0,30.96,107.80799999999999,0.6866751592356688,0.0,24.768,8.333574896372541,3.1106029802560577,15.684375479093946,0.28547508305737856,21,6,0,107,427.9970172506121,2.726095651277784,0.6826384058863421,5.743902813310386,37.7952700083805,0.24073420387503502,0.0,3.2089933664464105,390.20174724223165,2.4853614474027492,0.0,5.743902813310386,377.952700083805,3902.0174724223166,4279.970172506121,320.1890172506121,0.08830732104436517,0.911692678955635,20.5,140.0,140.0,2870.0,724.89,2080434.3,18.43671707725878,190.34231572791788,208.77903280517666
Sonora,Cananea,19,Agua Prieta,141,Cebada forrajera en verde,2022,2023,30.986517,-110.288893,1591.0,2,1.6363636363636365,0.0,561.4164851119237,3.575901179056839,0.9009156704510175,7.19466846341592,11.504840764331211,0.8299999999999996,20.295,19.325286624203823,7.89,28.34,3.684394904458599,-6.23,12.84,42.86050955414013,15.86,88.96,16.94140127388535,4.6,27.28,2.6512101910828028,0.85,6.15,63.73,0.40592356687898085,0.0,27.99,50.984,0.3247388535031847,0.0,22.392,8.59425512396592,3.7151078252546665,15.33657995186238,0.11351643866904765,11,3,0,105,508.73051067070855,3.240321724017252,0.7818620036001653,6.475201617074328,21.476982082864637,0.13679606422206775,0.0,3.056,487.25352858784396,3.1035256597951846,0.0,6.475201617074328,214.76982082864637,4872.53528587844,5087.305106707086,457.7465106707086,0.04221681545018689,0.9577831845498131,22.5,100.0,100.0,2250.0,830.0,1867500.0,9.545325370162061,216.55712381681954,226.1024491869816
Sonora,Cananea,19,Agua Prieta,141,Cebada forrajera en verde,2023,2024,30.986517,-110.288893,1591.0,2,1.8,0.0,483.0723557798689,3.0768939858590376,1.0188628931712738,7.5135382457121,9.477547770700637,0.645,16.945,16.985668789808916,5.95,26.28,1.9694267515923567,-5.92,9.93,51.56649681528663,23.93,86.4,16.120063694267518,1.66,29.04,2.765859872611465,0.84,7.46,102.53,0.6530573248407643,0.0,14.99,82.024,0.5224458598726115,0.0,11.992,8.405177965694808,2.832362034748602,16.54341418549534,0.21224563726996185,20,8,0,121,443.9573053913176,2.827753537524316,0.6624996499449654,6.762184421140891,32.61131818349749,0.20771540244265915,0.0,2.2239999999999998,411.34598720782003,2.620038135081656,0.0,6.762184421140891,326.11318183497485,4113.4598720782005,4439.5730539131755,361.9333053913176,0.07345597828321097,0.9265440217167888,23.75,72.0,72.0,1710.0,880.0,1504800.0,13.731081340419994,173.19831040329265,186.92939174371264
Sonora,Cananea,19,Agua Prieta,141,Maíz grano,2010,2011,30.986517,-110.288893,1591.0,0,0.0,0.0,1176.407398590784,6.8795754303554615,2.8692894139118286,10.63297326332961,22.354532163742686,7.22,29.985,30.135204678362573,12.13,39.41,14.573859649122808,0.76,22.35,41.6991812865497,10.09,78.61,26.72105263157895,11.4,33.19,2.5312865497076023,0.61,7.01,283.73,1.6592397660818714,0.0,18.86,170.238,0.9955438596491228,0.0,11.315999999999999,16.367452903035783,8.590056993820655,19.382365200116496,0.24118345425222557,45,22,34,19,1088.4331711410446,6.3651062639827165,0.8607868241735486,12.759567915995532,122.2197237295326,0.7147352264884947,0.0,7.304877967019068,966.2134474115121,5.650371037494223,0.0,12.759567915995532,1222.197237295326,9662.13447411512,10884.331711410447,918.1951711410445,0.11228959845224597,0.8877104015477542,5.0,25.0,25.0,125.0,3465.0,433125.0,244.4394474590652,1932.4268948230242,2176.8663422820896
Sonora,Cananea,19,Agua Prieta,141,Sorgo forrajero en verde,2010,2011,30.986517,-110.288893,1591.0,1,1.0,0.0,1020.3680795111741,6.757404500074,2.069996075540293,10.63297326332961,18.993278145695363,4.105,29.985,27.395165562913906,11.95,39.41,10.591390728476819,-3.76,22.35,37.56576158940398,10.09,80.29,27.14655629139073,10.87,33.19,2.8611920529801322,0.98,7.01,152.02999999999997,1.00682119205298,0.0,17.82,121.624,0.8054569536423841,0.0,14.256,16.16054026639798,7.691281469025851,19.382365200116496,0.14899525284330015,23,12,28,48,909.3620553094484,6.022265266949989,0.6209988226620878,10.515461594439625,73.71308521165517,0.4881661272295044,0.0,5.333801928099073,835.6489700977929,5.534099139720483,0.0,10.515461594439625,737.1308521165518,8356.489700977929,9093.62055309448,787.7380553094483,0.08106021664448185,0.9189397833555178,22.0,20.0,20.0,440.0,600.0,264000.0,33.50594782347962,379.8404409535422,413.34638877702184
Sonora,Cananea,19,Agua Prieta,141,Sorgo forrajero en verde,2011,2012,30.986517,-110.288893,1591.0,5,4.25,1.0,1153.5524504840319,7.639420201881006,3.5328968571985304,12.105793636161367,20.9391059602649,7.539999999999999,31.835,29.77490066225165,15.13,41.49,12.103311258278145,-1.94,23.56,27.00920529801324,7.04,74.62,27.720000000000002,16.24,33.27,2.971192052980132,1.37,6.65,103.58000000000003,0.6859602649006624,0.0,16.85,82.86400000000002,0.5487682119205299,0.0,13.480000000000002,15.999834373870982,10.43757193518345,19.101176755910856,0.08979218929883748,24,5,28,18,1013.1261588689517,6.709444760721535,1.3543965732381704,10.773390135039174,68.03854211443726,0.45058637161878984,0.0,4.872,945.0876167545146,6.258858389102746,0.0,10.773390135039174,680.3854211443727,9450.876167545146,10131.261588689518,930.2621588689517,0.06715702829191095,0.9328429717080892,25.0,30.0,30.0,750.0,900.0,675000.0,27.215416845774907,378.03504670180587,405.25046354758075
Sonora,Cananea,19,Agua Prieta,141,Sorgo forrajero en verde,2012,2013,30.986517,-110.288893,1591.0,3,2.75,0.75,1083.7882980942682,7.17740594764416,1.7632790191426289,11.695433620549634,20.563245033112583,2.6750000000000003,29.32,29.054437086092715,6.74,38.97,12.072052980132451,-5.45,22.17,30.81470198675497,6.21,73.8,27.04754966887417,6.84,33.15,2.7603973509933772,1.27,6.89,174.98999999999998,1.1588741721854303,0.0,22.11,139.992,0.9270993377483443,0.0,17.688,15.791176445643481,5.670473756376509,19.095311466592946,0.16146142222397322,32,12,29,25,964.0130117577976,6.384192130846341,0.5289837057427886,11.695433620549634,90.31252468468904,0.598096189964828,0.0,6.4,873.7004870731087,5.7860959408815145,0.0,11.695433620549634,903.1252468468904,8737.004870731087,9640.130117577977,824.0210117577976,0.09368392706651506,0.906316072933485,25.2,35.0,35.0,882.0,950.0,837900.0,35.838303446305176,346.70654248932885,382.54484593563404
Sonora,Cananea,19,Agua Prieta,141,Sorgo forrajero en verde,2013,2014,30.986517,-110.288893,1591.0,3,2.75,0.75,1097.8954678444697,7.270830912877283,2.742202093324531,11.276812775864522,20.676688741721858,5.795,30.49,29.06192052980132,11.41,40.95,12.291456953642385,-2.31,22.27,31.71509933774834,9.32,77.49,27.219006622516556,10.5,32.78,2.837549668874172,1.03,7.31,189.61,1.2556953642384108,0.0,30.44,151.68800000000002,1.0045562913907287,0.0,24.352000000000004,15.920247207034723,7.2117693732378605,19.156552836263238,0.17270314483788413,26,12,28,20,969.6318483186773,6.421402968997863,0.8226606279973593,10.328541511320163,82.60349826141356,0.5470430348437985,0.0,5.353161531445783,887.0283500572638,5.874359934154064,0.0,10.328541511320163,826.0349826141356,8870.283500572637,9696.318483186773,817.9438483186773,0.08519057867648058,0.9148094213235195,26.0,40.0,40.0,1040.0,915.0,951600.0,31.77057625438983,341.1647500220245,372.93532627641434
Sonora,Cananea,19,Agua Prieta,141,Sorgo forrajero en verde,2014,2015,30.986517,-110.288893,1591.0,4,2.888888888888889,0.7777777777777778,1089.0504967376319,7.21225494528233,2.2860379554711994,10.782318064455154,20.724172185430465,9.57,30.35,28.790463576158945,16.74,40.39,12.657880794701985,0.69,20.85,31.407880794701995,7.77,75.04,26.807152317880796,7.15,32.5,2.795496688741722,0.93,6.37,167.16999999999996,1.1070860927152315,0.0,19.05,133.736,0.8856688741721853,0.0,15.240000000000002,15.728070225736714,5.549870862386529,18.861344540208897,0.1535006875262219,22,12,28,18,964.9073852178375,6.390115133892963,0.6858113866413598,10.782318064455154,71.21803169036319,0.4716425939759152,0.0,5.697537989741311,893.6893535274742,5.9184725399170475,0.0,10.782318064455154,712.1803169036319,8936.893535274741,9649.073852178373,831.1713852178375,0.07380815276306027,0.9261918472369396,23.5,43.0,43.0,1010.5,930.0,939765.0,30.30554540015455,380.29334192658473,410.59888732673926
Sonora,Cananea,19,Agua Prieta,141,Sorgo forrajero en verde,2015,2016,30.986517,-110.288893,1591.0,1,1.0,0.0,948.8963491711435,6.284081782590354,1.560735011949128,10.60150532842009,19.611953642384105,5.8500000000000005,31.075,27.129933774834438,10.73,40.04,12.093973509933779,-0.59,22.17,43.316887417218545,15.06,84.92,25.689470198675497,6.35,33.09,2.671788079470199,1.05,6.06,195.37000000000003,1.2938410596026493,0.0,16.23,156.296,1.0350728476821192,0.0,12.984000000000002,15.696371255475995,5.179747651599485,19.864966820444554,0.20589182387586885,37,12,13,19,845.7691107991527,5.601119939067236,0.4682205035847383,10.190653968975527,99.26001741497787,0.6573511087084627,0.0,6.250218818037139,746.509093384175,4.943768830358775,0.0,10.190653968975527,992.6001741497787,7465.09093384175,8457.691107991528,689.4731107991527,0.1173606557009262,0.882639344299074,25.26,38.0,38.0,960.0,1300.0,1248000.0,39.29533547703004,295.5301240634105,334.82545954044053
Sonora,Cananea,19,Agua Prieta,141,Sorgo forrajero en verde,2016,2017,30.986517,-110.288893,1591.0,2,1.7777777777777777,0.0,1056.6314124403625,6.997559022783857,1.8997084922669625,10.96740969327472,20.625695364238407,5.135,30.935000000000002,28.783245033112586,8.12,41.42,12.468145695364239,0.57,22.97,33.75238410596027,9.99,80.87,27.00781456953642,9.99,33.04,2.677086092715232,0.97,5.63,141.32,0.9358940397350993,0.0,15.13,113.05600000000001,0.7487152317880795,0.0,12.104000000000001,16.040154727499267,7.468418371402776,19.07650084974576,0.1337457871649034,27,11,23,20,929.5670557485868,6.156073216878058,0.5699125476800887,10.71880418537936,84.30088851199883,0.558284029880787,0.0,5.850173317268305,845.266167236588,5.597789186997272,0.0,10.71880418537936,843.0088851199883,8452.66167236588,9295.67055748587,816.5110557485867,0.09068833495192098,0.909311665048079,20.0,60.0,60.0,1200.0,950.0,1140000.0,42.15044425599942,422.63308361829405,464.78352787429344
Sonora,Cananea,19,Agua Prieta,141,Sorgo forrajero en verde,2017,2018,30.986517,-110.288893,1591.0,2,1.5555555555555556,0.0,1072.0625471789976,7.099751968072832,2.8509481258093103,10.965997012704987,21.401092715231787,9.795,32.475,29.64443708609271,16.51,42.31,13.157748344370862,0.18,23.41,33.29774834437086,5.44,86.02,26.757284768211917,10.51,33.34,2.6641059602649007,0.94,6.4,162.90000000000006,1.078807947019868,0.0,12.94,130.32,0.863046357615894,0.0,10.352,15.73681184289482,7.028260178543455,18.995162551926583,0.15195008950611288,27,14,30,15,944.1785218575999,6.252837893096688,1.0547748287947882,10.503599586786569,80.83615392161235,0.535338767692797,0.0,5.296730232022773,863.3423679359876,5.717499125403891,0.0,10.503599586786569,808.3615392161234,8633.423679359876,9441.785218575998,813.8585218576,0.08561532808707968,0.9143846719129204,21.5,80.0,80.0,1720.0,870.23,1496795.6,37.59821112633132,401.55458973766866,439.15280086399997
Sonora,Cananea,19,Agua Prieta,141,Sorgo forrajero en verde,2018,2019,30.986517,-110.288893,1591.0,4,4.0,1.0,1100.7881633984257,7.2899878370756666,2.9418334109978406,10.68737993521363,21.581920529801323,8.299999999999999,31.85,29.725099337748343,16.32,39.87,13.438741721854301,-3.53,24.13,31.654503311258278,7.1,79.21,26.58523178807947,7.32,32.98,2.773046357615894,0.97,6.18,108.96000000000001,0.72158940397351,0.0,12.04,87.16799999999999,0.5772715231788079,0.0,9.632,15.66098175832272,6.292726923487972,19.739658182525787,0.09898362248337729,25,7,32,20,981.1928253237298,6.497965730620727,1.1284978523840217,10.68737993521363,69.2165031978479,0.4583874383963437,0.0,5.8878335637029195,911.976322125882,6.039578292224384,0.0,10.68737993521363,692.165031978479,9119.76322125882,9811.928253237298,894.0248253237298,0.07054322189423975,0.9294567781057603,21.0,85.0,85.0,1785.0,822.69,1468501.65,32.96023961802281,434.27443910756284,467.23467872558564
Sonora,Cananea,19,Agua Prieta,141,Sorgo forrajero en verde,2019,2020,30.986517,-110.288893,1591.0,1,1.0,0.0,1024.9190525951758,6.787543394670038,1.593379694360554,11.445004722059254,19.937417218543043,6.83,31.665,27.919403973509933,9.87,39.1,11.955430463576157,-1.52,24.23,37.05311258278146,12.82,81.61,26.415430463576158,7.17,32.89,2.8143708609271525,0.72,6.07,119.54,0.7916556291390728,0.0,30.96,95.63199999999999,0.6333245033112582,0.0,24.768,15.870170086089448,5.679005147363326,19.489429200834593,0.11663360115836983,22,9,18,18,910.5671360610353,6.0302459341790415,0.4780139083081662,9.728254013750366,62.51797323590678,0.4140263128205747,0.0,5.413690333639958,848.0491628251286,5.616219621358468,0.0,9.728254013750366,625.1797323590678,8480.491628251286,9105.671360610353,814.9351360610353,0.06865827983464165,0.9313417201653585,21.3,90.0,90.0,1917.0,818.91,1569850.47,29.351161143618203,398.14514686625756,427.49630800987575
Sonora,Cananea,19,Agua Prieta,141,Sorgo forrajero en verde,2020,2021,30.986517,-110.288893,1591.0,0,0.0,0.0,1010.2385131757881,6.690321279309854,1.1066195580848537,10.402123028361737,20.453973509933775,5.935,31.85,28.34046357615894,9.92,40.08,12.56748344370861,-3.0,23.62,41.32801324503312,12.28,88.28,26.35344370860927,4.01,33.85,2.677880794701987,1.04,5.32,188.70999999999998,1.2497350993377483,0.0,24.06,150.96800000000002,0.9997880794701988,0.0,19.248,15.977243286191133,4.121046583446654,19.320000280502942,0.18679747162555782,29,11,32,23,906.206865474865,6.0013699700322185,0.3319858674254561,9.786408850613102,77.7976180815104,0.5152160137848371,0.0,6.982456062153379,828.4092473933547,5.4861539562473824,0.0,9.786408850613102,777.9761808151039,8284.092473933546,9062.06865474865,755.238865474865,0.0858497337037315,0.9141502662962686,22.31,65.0,65.0,1450.0,850.0,1232500.0,34.871186948234154,371.31745737039654,406.1886443186307
Sonora,Cananea,19,Agua Prieta,141,Sorgo forrajero en verde,2021,2022,30.986517,-110.288893,1591.0,5,4.666666666666667,1.0,1068.9926446278018,7.079421487601337,2.423275431152982,11.804425613429293,20.60109271523179,4.11,31.494999999999997,28.81602649006622,8.63,40.55,12.386158940397353,-4.49,23.08,33.11794701986754,7.67,85.76,26.28562913907285,10.48,32.88,2.8816556291390727,0.8,6.02,175.80000000000004,1.1642384105960268,0.0,16.93,140.64000000000001,0.9313907284768213,0.0,13.544,15.503993035746525,8.052472917336239,19.00061728661035,0.1644538911315049,26,17,23,27,949.9609317956008,6.291131998646363,0.8245436053775546,11.171733558490875,91.4713406617869,0.6057704679588536,0.0,6.098344358810333,858.4895911338142,5.685361530687511,0.0,11.171733558490875,914.7134066178689,8584.895911338142,9499.609317956012,809.3209317956008,0.09628958160299209,0.9037104183970083,24.0,90.0,90.0,2160.0,870.0,1879200.0,38.113058609077875,357.70399630575594,395.8170549148338
Sonora,Cananea,19,Agua Prieta,141,Sorgo forrajero en verde,2022,2023,30.986517,-110.288893,1591.0,4,3.3333333333333335,0.7777777777777778,1079.9526530638618,7.152004324926237,3.147519365591954,11.218382309407172,20.993079470198676,6.485,29.985,29.370794701986753,14.61,39.13,12.615364238410596,-2.91,22.49,31.401324503311262,3.98,81.02,26.731854304635764,11.31,32.92,2.6969536423841056,0.97,6.23,175.22999999999996,1.1604635761589401,0.0,19.57,140.18400000000003,0.9283708609271525,0.0,15.656,15.67274310835339,7.390587713618658,19.246530379944492,0.1622571133122055,35,14,25,25,960.8749441631114,6.363410226245771,1.0455179817186835,11.218382309407172,109.83952206096536,0.7274140533838765,0.0,6.271789500925152,851.035422102146,5.635996172861894,0.0,11.218382309407172,1098.3952206096537,8510.35422102146,9608.749441631113,820.6909441631115,0.11431198485108982,0.88568801514891,23.24,85.0,85.0,1975.4,880.85,1740031.09,47.26313341693863,366.1942435895637,413.4573770065023
Sonora,Cananea,19,Agua Prieta,141,Sorgo forrajero en verde,2023,2024,30.986517,-110.288893,1591.0,2,1.5,0.0,1100.3756051060996,7.287255662954301,2.1575767656483493,11.10701532174402,20.87337748344371,1.8349999999999997,32.074999999999996,29.388807947019867,7.39,40.68,12.357947019867549,-4.77,23.85,31.4658940397351,9.05,74.81,27.037350993377483,12.05,32.48,2.839205298013245,1.31,6.44,88.79999999999997,0.5880794701986752,0.0,12.36,71.04,0.47046357615894047,0.0,9.888,15.96703853209382,8.165486722487257,19.316365453702204,0.0806997170674624,25,4,37,24,975.9629152989875,6.4633305648939565,0.6472730296945047,9.568873625548562,61.84083509823904,0.4095419542929738,0.0,5.786606263718206,914.1220802007483,6.053788610600982,0.0,9.568873625548562,618.4083509823904,9141.220802007483,9759.629152989874,904.9229152989875,0.063363918985891,0.9366360810141089,21.25,80.0,80.0,1700.0,910.0,1547000.0,29.10156945799484,430.175096565058,459.2766660230529
Sonora,Cananea,19,Agua Prieta,141,Alfalfa achicalada,2010,2011,30.986517,-110.288893,1591.0,2,1.5,0.0,200.61995053462374,2.639736191245049,0.8557842945869528,5.348832813447356,7.399013157894737,1.8250000000000002,12.58,14.432105263157897,6.76,23.23,0.36592105263157904,-4.93,7.16,59.96552631578949,28.87,91.62,16.397894736842105,4.23,25.47,2.7593421052631575,1.06,8.95,163.98000000000002,2.1576315789473686,0.0,38.5,131.18400000000003,1.726105263157895,0.0,30.8,8.812440379308839,3.755391313890244,14.409595976914922,0.81736636642077,18,10,0,72,171.03175180024422,2.250417786845319,0.8129950798576051,4.813949532102621,28.85350830702216,0.37965142509239685,0.0,2.2282645425772882,142.17824349322206,1.8707663617529218,0.0,4.813949532102621,288.5350830702216,1421.7824349322204,1710.317518002442,39.8477518002442,0.16870264148800562,0.8312973585119944,10.0,75.0,75.0,750.0,1800.0,1350000.0,28.85350830702216,142.17824349322206,171.03175180024422
Sonora,Cananea,19,Agua Prieta,141,Alfalfa achicalada,2011,2012,30.986517,-110.288893,1591.0,3,2.5,0.5,285.28843509384353,3.7537951986032043,1.7605019896365588,6.916661659058829,9.554210526315789,-8.885,19.915,18.08828947368421,-5.1,28.32,1.0201315789473682,-12.67,11.62,36.67960526315789,15.48,62.99,18.270789473684207,7.99,25.02,2.65828947368421,1.12,8.42,3.41,0.04486842105263158,0.0,2.88,2.7279999999999998,0.03589473684210526,0.0,2.304,9.017996820181935,4.696809030764015,13.09591503896619,0.011952815398487169,1,0,0,58,251.32718891897122,3.306936696302253,0.7386869684242322,6.224995493152947,2.2925359720332423,0.030164947000437398,0.0,1.8685359720332424,249.03465294693797,3.2767717493018154,0.0,6.224995493152947,22.925359720332423,2490.3465294693797,2513.271889189712,248.5991889189712,0.009121718911089894,0.9908782810889101,16.0,105.0,105.0,1680.0,2200.0,3696000.0,1.4328349825207765,155.64665809183623,157.079493074357
Sonora,Cananea,19,Agua Prieta,141,Alfalfa achicalada,2012,2013,30.986517,-110.288893,1591.0,2,2.0,0.0,276.4892138342062,3.590769010833847,1.677072809283151,6.519073030627081,9.905584415584414,4.265000000000001,17.575,18.094285714285718,9.1,26.65,1.7168831168831167,-3.94,8.99,41.72545454545454,18.8,76.7,18.24207792207792,6.55,26.01,2.556493506493507,0.88,6.04,11.109999999999998,0.14428571428571427,0.0,3.67,8.887999999999998,0.11542857142857141,0.0,2.936,9.175864453395898,4.921721008179001,13.8135759681095,0.04018239932738204,4,0,0,67,239.89682426009216,3.115543172208989,0.7665104990350059,5.867165727564373,7.49769351857884,0.0973726430984265,0.0,2.2028228295277503,232.39913074151337,3.0181705291105634,0.0,5.867165727564373,74.9769351857884,2323.9913074151336,2398.968242600922,231.00882426009215,0.031253825646520295,0.96874617435348,15.0,115.0,115.0,1725.0,2300.0,3967500.0,4.998462345719227,154.93275382767558,159.9312161733948
Sonora,Cananea,19,Agua Prieta,141,Alfalfa achicalada,2013,2014,30.986517,-110.288893,1591.0,2,2.0,0.0,249.13689104355058,3.2781169874151392,1.1906593813010131,6.758411438955644,8.039276315789474,-1.3749999999999998,18.39,15.9775,3.64,29.03,0.10105263157894744,-6.39,10.11,44.34828947368421,20.07,87.74,17.246315789473684,7.8,25.2,2.7221052631578946,0.95,5.87,36.1,0.47500000000000003,0.0,14.56,28.88,0.38,0.0,11.648000000000001,8.852810887085992,5.120819397050142,13.631479095441478,0.14490025884480318,5,3,0,64,218.2122916679191,2.871214364051567,0.6461523296499795,6.08257029506008,12.5191377094637,0.16472549617715396,0.0,2.5267627627094824,205.6931539584554,2.7064888678744135,0.0,6.08257029506008,125.191377094637,2056.9315395845542,2182.1229166791913,189.3322916679191,0.05737136810109504,0.9426286318989051,11.0,125.0,125.0,1375.0,2400.0,3300000.0,11.381034281330637,186.99377632586857,198.3748106071992
Sonora,Cananea,19,Agua Prieta,141,Alfalfa achicalada,2014,2015,30.986517,-110.288893,1591.0,2,2.0,0.0,290.2210239282531,3.818697683266488,2.2860379554711994,6.19088870585445,12.102434210526315,5.605,19.330000000000002,20.183157894736848,11.75,28.6,4.021710526315789,-2.88,10.06,38.44315789473685,18.09,75.04,17.48723684210526,6.9,25.63,2.415657894736842,1.33,5.66,29.0,0.3815789473684211,0.0,19.05,23.200000000000003,0.3052631578947369,0.0,15.240000000000002,8.80248169687784,4.715644283521373,13.687689549526628,0.09992384289557613,2,2,0,44,253.75048205528157,3.3388221323063365,0.9258714463867537,5.571799835269005,6.078378276975679,0.07997866153915367,0.0,3.196944117051599,247.67210377830588,3.2588434707671827,0.0,5.571799835269005,60.78378276975678,2476.721037783059,2537.5048205528155,230.55048205528158,0.023954154599995815,0.9760458454000042,12.5,145.0,145.0,1812.5,1681.03,3046866.88,4.862702621580542,198.1376830226447,203.00038564422525
Sonora,Cananea,19,Agua Prieta,141,Alfalfa achicalada,2015,2016,30.986517,-110.288893,1591.0,1,1.0,0.0,229.28800105270543,3.01694738227244,0.8918706740762432,5.3425937523949125,10.734013157894736,0.8449999999999998,16.05,18.023289473684212,6.27,24.31,3.444736842105263,-5.28,11.19,57.77105263157894,35.18,90.7,16.232236842105266,2.62,24.5,2.6367105263157895,1.06,6.55,101.45999999999998,1.3349999999999997,0.0,45.62,81.16800000000002,1.0680000000000003,0.0,36.496,8.717901623913809,3.1751551460557237,13.796030048683598,0.44250025964803025,9,5,0,51,200.6856501518142,2.640600659892292,0.5875202631008696,4.808334377155421,17.81880478990344,0.23445795776188735,0.0,2.735990479896995,182.86684536191075,2.4061427021304045,0.0,4.808334377155421,178.1880478990344,1828.6684536191074,2006.8565015181418,119.51765015181418,0.08878963083022584,0.911210369169774,12.4,165.0,165.0,2046.0,1955.0,3999930.0,14.370003862825353,147.4732623886377,161.84326625146304
Sonora,Cananea,19,Agua Prieta,141,Alfalfa achicalada,2016,2017,30.986517,-110.288893,1591.0,1,1.0,0.0,285.9425136939796,3.713539138882852,0.7527200301998297,5.845158631231003,10.842077922077921,1.5350000000000001,19.35,19.121428571428577,6.39,27.45,2.562727272727273,-5.45,11.78,42.992727272727265,22.87,91.18,18.047272727272727,5.57,25.44,2.6211688311688315,1.41,6.54,49.84,0.6472727272727273,0.0,14.52,39.872,0.5178181818181818,0.0,11.616,9.116457452975336,4.096467283399964,13.679628082176283,0.1743007689067866,8,4,0,54,256.3148967243335,3.328764892523812,0.3010880120799319,5.260642768107903,7.429529452120609,0.09648739548208583,0.0,1.8162396803810752,248.88536727221287,3.232277497041726,0.0,5.260642768107903,74.29529452120609,2488.853672722129,2563.148967243335,216.44289672433348,0.02898594481658654,0.9710140551834134,12.6,175.0,175.0,2205.0,1966.77,4336727.85,5.896451946127468,197.52806926366102,203.42452120978848
Sonora,Cananea,19,Agua Prieta,141,Alfalfa achicalada,2017,2018,30.986517,-110.288893,1591.0,1,1.0,0.0,254.80228740186715,3.3526616763403574,0.8788804518723429,5.813139309471674,11.30013157894737,2.33,20.84,18.833815789473686,7.48,28.79,3.7664473684210527,-4.52,13.76,50.70657894736842,26.52,90.27,16.690263157894737,5.04,25.0,2.635131578947368,1.05,7.04,77.91,1.0251315789473683,0.0,18.22,62.328,0.8201052631578948,0.0,14.576,8.787208449841136,3.8747144806725484,13.539617140513782,0.3057664858287653,9,6,0,49,222.76928432574056,2.931174793759744,0.37287616215568403,5.231825378524507,12.497357784851353,0.16443891822172832,0.0,2.104,210.2719265408892,2.766735875538016,0.0,5.231825378524507,124.97357784851353,2102.719265408892,2227.692843257406,160.44128432574055,0.056100004193474474,0.9438999958065255,12.9,180.0,180.0,2322.0,2881.63,6691144.86,9.687874251822754,163.0014934425498,172.68936769437255
Sonora,Cananea,19,Agua Prieta,141,Alfalfa achicalada,2018,2019,30.986517,-110.288893,1591.0,4,3.8,1.0,275.86262823792543,3.6297714241832293,0.974094248497171,5.556753990391279,11.504802631578947,3.215,17.685,19.125657894736843,7.16,25.79,3.883947368421052,-5.03,10.54,42.493815789473686,18.73,92.09,16.744473684210526,3.84,25.13,2.762105263157895,1.12,6.51,74.07,0.9746052631578946,0.0,26.24,59.256,0.7796842105263158,0.0,20.992,8.552067725178121,3.810727371995812,14.18754986350702,0.2685032056466752,8,4,0,45,240.630366230179,3.1661890293444603,0.7896952529307381,5.278916290871715,14.006369666338518,0.1842943377149805,0.0,2.215500556161291,226.62399656384048,2.98189469162948,0.0,5.278916290871715,140.06369666338517,2266.239965638405,2406.30366230179,181.374366230179,0.05820699143573796,0.9417930085642621,13.24,185.0,185.0,2450.0,2448.37,5998506.5,10.578829053125768,171.16616054670732,181.74498959983308
Sonora,Cananea,19,Agua Prieta,141,Alfalfa achicalada,2019,2020,30.986517,-110.288893,1591.0,0,0.0,0.0,212.28235317286016,2.7931888575376336,0.7584871176514911,5.504056482074432,8.75875,-0.7650000000000001,17.22,15.932500000000001,4.04,25.67,1.585,-5.74,8.79,57.48223684210526,33.05,91.18,15.25947368421053,2.64,25.45,2.7513157894736837,1.11,6.07,104.95,1.380921052631579,0.0,30.96,83.96,1.104736842105263,0.0,24.768,8.289723316289805,3.1106029802560577,14.063646205944679,0.4943887159312762,14,5,0,57,187.54450204435832,2.467690816373136,0.33327262242937317,4.953650833866989,22.480317213899998,0.29579364755131576,0.0,3.2089933664464105,165.06418483045832,2.17189716882182,0.0,4.953650833866989,224.80317213899997,1650.6418483045832,1875.4450204435832,103.58450204435833,0.11986657549994677,0.8801334245000532,14.23,185.0,185.0,2632.5,2265.63,5964265.85,15.797833600773012,115.99731892512882,131.79515252590184
Sonora,Cananea,19,Agua Prieta,141,Alfalfa achicalada,2020,2021,30.986517,-110.288893,1591.0,0,0.0,0.0,205.847333073364,2.6733419879657663,1.0530039243753022,4.541328992916724,9.075064935064935,0.1299999999999999,14.634999999999998,16.062077922077922,6.46,21.88,2.088051948051948,-6.2,10.44,62.54311688311688,38.0,88.28,16.10948051948052,3.34,24.99,2.5209090909090905,1.26,5.89,115.44000000000001,1.4992207792207795,0.0,24.06,92.35199999999999,1.1993766233766232,0.0,19.248,8.713783565620107,3.4310923169884284,14.348193178041527,0.5608039622201818,11,7,0,58,179.5304376804532,2.3315641257201714,0.6359392268730899,4.087196093625051,18.72351362834554,0.24316251465383817,0.0,2.2668420451581586,160.80692405210766,2.0884016110663333,0.0,4.087196093625051,187.2351362834554,1608.0692405210766,1795.304376804532,87.1784376804532,0.10429158347885044,0.8957084165211496,14.05,200.0,200.0,2810.0,2602.42,7312800.2,13.326344219463017,114.45332672747875,127.77967094694176
Sonora,Cananea,19,Agua Prieta,141,Alfalfa achicalada,2021,2022,30.986517,-110.288893,1591.0,4,4.0,1.0,275.1593959918236,3.6205183683134683,1.0859017708059253,5.63585396482708,9.649605263157895,0.45999999999999996,16.45,17.863815789473684,3.27,25.84,1.4353947368421052,-5.36,9.09,40.290921052631575,19.67,84.39,17.44171052631579,7.63,25.66,2.843026315789474,0.73,5.52,43.28,0.5694736842105264,0.0,15.58,34.623999999999995,0.455578947368421,0.0,12.464,8.793362408955412,5.004366235338966,13.99580591434169,0.15729064909448368,7,4,0,65,239.90329329826133,3.156622280240281,0.7023567664402602,5.072268568344372,9.937375168415041,0.1307549364265137,0.0,2.128,229.9659181298463,3.025867343813767,0.0,5.072268568344372,99.37375168415042,2299.659181298463,2399.0329329826136,205.27929329826134,0.041422420808789544,0.9585775791912104,14.1,200.0,200.0,2820.0,3057.04,8620852.8,7.047783807386555,163.09639583677043,170.144179644157
Sonora,Cananea,19,Agua Prieta,141,Alfalfa achicalada,2022,2023,30.986517,-110.288893,1591.0,2,1.4,0.0,270.32605361978665,3.5569217581550876,1.6283252230068637,7.19466846341592,9.24671052631579,0.8299999999999996,16.825,17.491184210526313,7.89,26.63,1.002236842105263,-6.23,9.11,41.91263157894737,21.21,79.74,17.978815789473682,7.41,25.68,2.84078947368421,1.09,6.15,10.29,0.13539473684210526,0.0,5.82,8.232000000000001,0.10831578947368423,0.0,4.656000000000001,9.095904525937062,4.960823048843666,13.75883326527472,0.03806514341556169,3,1,0,69,236.12007119821922,3.106843042081832,0.6774022861162711,6.475201617074328,4.2534022861162715,0.05596581955416147,0.0,1.152,231.86666891210297,3.050877222527671,0.0,6.475201617074328,42.53402286116271,2318.66668912103,2361.2007119821924,227.88807119821922,0.01801372608661296,0.9819862739133871,29.36,200.0,200.0,5872.0,4760.05,27951013.6,1.4487065007208009,78.97366107360456,80.42236757432536
Sonora,Cananea,19,Agua Prieta,141,Alfalfa achicalada,2023,2024,30.986517,-110.288893,1591.0,2,1.6,0.0,230.4189641393141,3.031828475517291,1.1425721372886564,5.443836809172976,8.607500000000002,0.645,16.945,16.00921052631579,5.95,25.07,1.2057894736842103,-5.92,9.93,51.96605263157895,28.43,86.4,15.852368421052631,1.66,23.45,3.0298684210526314,0.84,7.46,82.76,1.0889473684210527,0.0,14.99,66.208,0.8711578947368421,0.0,11.992,8.403515821946776,2.832362034748602,13.257590388465601,0.3591718255879421,16,6,0,59,201.1767942386535,2.6470630820875463,0.5417976749609831,4.899453128255678,23.880310509799763,0.3142146119710495,0.0,2.2239999999999998,177.29648372885376,2.3328484701164967,0.0,4.899453128255678,238.80310509799762,1772.9648372885376,2011.7679423865352,134.96879423865352,0.11870310688752128,0.8812968931124787,28.2,230.0,230.0,6486.0,4050.0,26268300.0,8.46819521624105,62.87109352087013,71.33928873711119
Sonora,Cananea,19,Agua Prieta,141,Pastos y praderas,2010,2011,30.986517,-110.288893,1591.0,1,1.0,0.0,1495.3810804543623,6.103596246752499,1.9504513135330674,10.63297326332961,20.325857142857146,4.105,29.985,28.04457142857143,11.95,39.41,12.607142857142858,-3.76,22.35,44.99204081632653,10.09,88.93,24.925061224489795,8.01,33.19,2.519591836734694,0.61,7.01,356.93000000000006,1.456857142857143,0.0,18.86,214.158,0.8741142857142856,0.0,11.315999999999999,15.014118525860086,6.210776191212443,19.382365200116496,0.2386883214354625,58,26,34,48,1256.9824506709124,5.130540614983316,0.8279984302161172,9.038027273830169,148.59385744825266,0.6065055406051129,0.0,5.533555595039937,1108.3885932226597,4.524035074378203,0.0,9.038027273830169,1485.9385744825267,11083.885932226596,12569.824506709123,1042.8244506709125,0.11821474306895925,0.8817852569310407,20.0,8.0,8.0,160.0,600.0,96000.0,74.29692872412633,554.1942966113298,628.4912253354562
Sonora,Cananea,19,Agua Prieta,141,Pastos y praderas,2011,2012,30.986517,-110.288893,1591.0,5,4.125,1.0,1658.4213673357108,6.769066805451881,3.345748904307244,12.105793636161367,21.81416326530612,7.539999999999999,31.835,30.024612244897963,15.13,41.49,13.603714285714284,-1.94,23.56,34.48416326530613,7.04,77.08,25.262081632653057,13.27,33.27,2.5471836734693873,0.69,6.65,235.98999999999998,0.9632244897959182,0.0,16.85,188.792,0.7705795918367347,0.0,13.480000000000002,14.769990520815863,8.570326742625376,19.101176755910856,0.14229797363207092,62,11,42,21,1385.9112324287737,5.656780540525607,1.8058620976508941,10.289924590737161,162.88066284194161,0.6648190320079249,0.0,5.128,1223.030569586832,4.991961508517681,0.0,10.289924590737161,1628.806628419416,12230.30569586832,13859.112324287735,1197.1192324287738,0.11752604281624693,0.882473957183753,18.0,116.0,116.0,2088.0,950.0,1983600.0,116.34333060138685,873.5932639905942,989.936594591981
Sonora,Cananea,19,Agua Prieta,141,Pastos y praderas,2012,2013,30.986517,-110.288893,1591.0,3,2.625,0.625,1572.9283282781944,6.420115625625283,1.7632790191426289,11.695433620549634,21.281632653061223,2.6750000000000003,29.32,29.18269387755102,6.74,38.97,13.380571428571429,-5.45,22.57,38.52187755102041,6.21,80.12,24.861755102040817,6.84,33.15,2.440081632653061,0.88,6.89,305.69,1.2477142857142858,0.0,22.11,183.414,0.7486285714285714,0.0,13.266,14.676609380147134,5.670473756376509,19.095311466592946,0.19434451939372438,61,20,33,25,1315.7198125078116,5.370284949011476,1.4486422867239668,9.941118577467188,143.74233568600076,0.5867034109632684,0.0,5.267586655585737,1171.9774768218106,4.783581538048207,0.0,9.941118577467188,1437.4233568600075,11719.774768218105,13157.198125078114,1132.3058125078117,0.10924995908667093,0.8907500409133289,19.0,220.0,220.0,4180.0,900.0,3762000.0,102.67309691857197,837.1267691584361,939.7998660770081
Sonora,Cananea,19,Agua Prieta,141,Pastos y praderas,2013,2014,30.986517,-110.288893,1591.0,3,2.0,0.42857142857142855,1582.5806725518023,6.45951294919103,2.655157968713224,11.276812775864522,21.06448979591837,5.795,30.49,28.969265306122445,11.41,40.95,13.159714285714287,-2.31,22.27,39.3950612244898,9.32,83.6,24.96677551020408,10.5,32.78,2.5341632653061223,0.96,7.31,307.48999999999995,1.2550612244897956,0.0,30.44,184.494,0.7530367346938776,0.0,18.264,14.753290536522908,7.2117693732378605,19.156552836263238,0.1942965722589001,52,19,29,22,1325.2928113894209,5.409358413834371,1.0968808373298125,9.585290859484845,130.54257153443697,0.5328268225895386,0.0,5.353161531445783,1194.7502398549839,4.876531591244832,0.0,9.585290859484845,1305.4257153443698,11947.50239854984,13252.92811389421,1140.798811389421,0.09850092780445835,0.9014990721955416,19.5,230.0,230.0,4485.0,870.0,3901950.0,85.60168625208982,783.4427802327764,869.0444664848662
Sonora,Cananea,19,Agua Prieta,141,Pastos y praderas,2014,2015,30.986517,-110.288893,1591.0,4,2.3125,0.4375,1512.1547047357221,6.172060019329478,1.1229584362784002,10.782318064455154,21.005081632653056,9.57,30.35,28.35963265306122,16.74,40.39,13.650530612244898,0.69,20.85,44.45293877551021,7.77,90.96,24.36779591836735,2.56,32.5,2.41334693877551,0.93,6.37,515.16,2.10269387755102,0.0,70.01,309.096,1.2616163265306122,0.0,42.006,14.607200937193705,3.2006047866073897,18.861344540208897,0.3406794280946499,62,33,28,18,1266.7228453974476,5.170297328152848,0.9144151821884798,9.164970354786881,167.26563745326553,0.6827168875643491,0.0,5.697537989741311,1099.4572079441818,4.487580440588498,0.0,9.164970354786881,1672.6563745326553,10994.57207944182,12667.228453974474,957.6268453974476,0.1320459625884336,0.8679540374115662,15.0,200.0,200.0,3000.0,957.92,2873760.0,126.23821694586077,829.7790248635336,956.0172418093944
Sonora,Cananea,19,Agua Prieta,141,Pastos y praderas,2015,2016,30.986517,-110.288893,1591.0,1,1.0,0.0,1384.4666848618515,5.650884428007557,1.560735011949128,10.60150532842009,20.681979591836733,5.8500000000000005,31.075,27.62469387755102,10.73,40.04,13.73926530612245,-0.59,22.75,50.56742857142857,15.06,88.68,23.42322448979592,6.35,33.09,2.3798367346938774,0.6,6.06,427.43999999999994,1.7446530612244895,0.0,38.7,256.46399999999994,1.0467918367346936,0.0,23.220000000000002,14.467465085366705,5.179747651599485,19.864966820444554,0.30873982355353813,81,24,17,20,1161.8168160070131,4.742109453089849,0.6242940047796512,9.011279529157077,179.19043866738667,0.7313895455811701,0.0,5.586,982.6263773396265,4.01071990750868,0.0,9.011279529157077,1791.9043866738666,9826.263773396266,11618.168160070132,905.3528160070132,0.1542329532492367,0.8457670467507634,19.0,180.0,180.0,3420.0,980.0,3351600.0,117.11793376953376,642.2394623134813,759.3573960830151
Sonora,Cananea,19,Agua Prieta,141,Pastos y praderas,2016,2017,30.986517,-110.288893,1591.0,2,1.8333333333333333,0.0,1541.8725987038638,6.293357545730056,1.8997084922669625,10.96740969327472,21.4065306122449,5.135,30.935000000000002,28.998367346938778,8.12,41.42,13.814693877551022,0.57,22.97,41.064,9.99,88.58,24.79461224489796,7.23,33.04,2.4142448979591835,0.95,5.87,324.18,1.3231836734693878,0.0,38.99,194.508,0.7939102040816327,0.0,23.394000000000002,14.824250565841776,5.894631123272324,19.07650084974576,0.21025083413020876,52,19,24,20,1289.571036528552,5.263555251136947,0.7598833969067851,9.322298239283512,123.14132067735616,0.5026176354177803,0.0,5.261838239596719,1166.429715851196,4.760937615719167,0.0,9.322298239283512,1231.4132067735616,11664.297158511961,12895.710365285522,1095.063036528552,0.09549014144179697,0.9045098585582032,18.5,200.0,200.0,3700.0,750.0,2775000.0,82.64518166265513,782.8387354706014,865.4839171332565
Sonora,Cananea,19,Agua Prieta,141,Pastos y praderas,2017,2018,30.986517,-110.288893,1591.0,3,1.5833333333333333,0.08333333333333333,1605.6663111138025,6.553740045362459,2.8509481258093103,10.965997012704987,21.971816326530615,9.795,32.475,29.878734693877547,16.51,42.31,14.064897959183675,0.18,23.41,38.901102040816326,5.44,86.02,24.975999999999996,10.51,33.34,2.482367346938776,0.68,6.4,248.33999999999995,1.0136326530612243,0.0,14.28,198.67200000000003,0.8109061224489797,0.0,11.424,14.7791766933765,7.028260178543455,18.995162551926583,0.15466476333288326,43,20,30,15,1344.1422780696348,5.486295012529122,1.406366438393051,9.321097460799239,128.18295638241761,0.5231957403363984,0.0,5.296730232022773,1215.9593216872167,4.963099272192721,0.0,9.321097460799239,1281.8295638241761,12159.593216872167,13441.422780696343,1145.4702780696348,0.09536412809401786,0.9046358719059818,18.8,161.0,161.0,3026.8,895.71,2711135.03,80.61821156126894,764.7542903693186,845.3725019305875
Sonora,Cananea,19,Agua Prieta,141,Pastos y praderas,2018,2019,30.986517,-110.288893,1591.0,4,3.25,0.6875,1540.2207981260283,6.286615502555217,1.2989564448798487,10.68737993521363,21.68457142857143,8.299999999999999,31.85,29.077877551020407,16.32,39.87,14.29126530612245,-3.53,24.13,43.31428571428572,7.1,88.41,24.182000000000002,4.48,32.98,2.45465306122449,0.97,6.18,389.73,1.590734693877551,0.0,45.49,233.838,0.9544408163265306,0.0,27.294,14.533461589014431,4.1976245857736,19.739658182525787,0.25303514955399947,65,24,35,21,1288.9468291286541,5.261007465831241,1.1041129781478713,9.084272944931584,147.6259474544937,0.602554887569362,0.0,5.3799228875308165,1141.3208816741603,4.658452578261879,0.0,9.084272944931584,1476.2594745449371,11413.208816741604,12889.468291286541,1055.1088291286542,0.11453222438530757,0.8854677756146924,22.5,180.0,180.0,4050.0,748.93,3033166.5,85.5802593939094,661.635293724151,747.2155531180604
Sonora,Cananea,19,Agua Prieta,141,Pastos y praderas,2019,2020,30.986517,-110.288893,1591.0,1,1.0,0.0,1491.3834598523722,6.087279427968866,1.593379694360554,11.445004722059254,20.88287755102041,6.83,31.665,28.318122448979587,9.87,39.1,13.447632653061223,-1.52,24.23,44.336897959183666,12.82,82.08,24.217714285714283,4.78,32.89,2.494081632653061,0.72,6.07,338.75000000000006,1.38265306122449,0.0,30.96,203.25000000000003,0.8295918367346939,0.0,18.576,14.66911086310982,4.458301562371425,19.489429200834593,0.2271380963508419,55,21,24,22,1250.0950916921404,5.102428945682206,1.0108724862775722,9.728254013750366,129.31293851817324,0.5278079123190744,0.0,5.375265659850742,1120.7821531739671,4.574621033363131,0.0,9.728254013750366,1293.1293851817325,11207.821531739672,12500.950916921403,1046.8450916921404,0.1034424815980471,0.8965575184019529,22.0,220.0,220.0,4840.0,783.16,3790494.4,71.84052139898513,622.6567517633151,694.4972731623003
Sonora,Cananea,19,Agua Prieta,141,Pastos y praderas,2022,2023,30.986517,-110.288893,1591.0,4,2.8125,0.5,1494.243363995002,6.098952506102049,2.343539653306169,11.218382309407172,21.08022448979592,6.485,29.985,28.523510204081635,14.61,39.13,13.636938775510204,-2.91,22.49,44.40489795918368,3.98,86.28,24.043142857142858,8.33,32.92,2.405510204081633,0.69,6.23,435.38,1.7770612244897959,0.0,19.57,261.22799999999995,1.0662367346938773,0.0,11.741999999999999,14.428416603388634,6.143302151473962,19.246530379944492,0.29137154662408543,85,34,25,29,1250.810151519165,5.105347557221082,1.3940239756249115,9.535624962996096,211.45692444220523,0.863089487519205,0.0,6.172736929535114,1039.3532270769597,4.242258069701876,0.0,9.535624962996096,2114.569244422052,10393.532270769596,12508.101515191647,989.582151519165,0.16905597079251503,0.830944029207485,22.25,200.0,200.0,4450.0,870.0,3871500.0,114.7663090595415,564.0994448178885,678.86575387743
Sonora,Cananea,19,Agua Prieta,141,Pastos y praderas,2023,2024,30.986517,-110.288893,1591.0,4,2.5555555555555554,0.4444444444444444,1665.2137456656233,6.796790798635197,2.1575767656483493,11.10701532174402,22.42161224489796,1.8349999999999997,32.074999999999996,30.504979591836733,7.39,40.68,14.338244897959184,-4.77,23.85,34.95877551020408,9.05,74.81,24.93914285714286,10.48,32.48,2.5846938775510204,0.86,6.44,175.07999999999998,0.7146122448979592,0.0,12.36,140.06400000000002,0.5716897959183674,0.0,9.888,14.736289126638258,7.098948097082157,19.316365453702204,0.10513965576834497,45,10,60,25,1397.1008287753261,5.70245236234827,0.8630307062593398,9.440963023482418,120.61802629926233,0.49231847469086665,0.0,5.786606263718206,1276.482802476064,5.210133887657404,0.0,9.440963023482418,1206.1802629926233,12764.828024760642,13971.008287753266,1257.036828775326,0.08633451774915483,0.9136654822508453,24.22,230.0,230.0,5570.6,865.8,4823025.48,62.48020010321799,661.2187529013542,723.6989530045721
Sonora,Cananea,19,Agua Prieta,141,Papa,2011,2012,30.986517,-110.288893,1591.0,4,3.25,0.75,680.6506974080735,5.235774595446719,1.7605019896365588,9.912563651302154,12.688615384615385,-8.885,24.125,21.57676923076923,-5.1,32.4,3.800461538461538,-12.67,16.19,31.407846153846155,7.04,62.99,22.25084615384615,7.99,32.7,3.003615384615385,1.12,8.42,8.24,0.06338461538461539,0.0,3.64,6.5920000000000005,0.050707692307692315,0.0,2.9120000000000004,11.759124617804593,4.696809030764015,18.526058446665864,0.012106062671173371,2,0,0,69,639.7217370853069,4.920936439117746,0.9233587105302902,9.588626434867342,6.5920000000000005,0.050707692307692315,0.0,2.9120000000000004,633.1297370853069,4.870228746810054,0.08357374204247625,9.588626434867342,65.92,6331.29737085307,6397.21737085307,633.1297370853069,0.010304480241728845,0.9896955197582712,20.0,20.0,20.0,400.0,8000.0,3200000.0,3.2960000000000003,316.56486854265347,319.86086854265346
Sonora,Cananea,19,Agua Prieta,141,Papa,2012,2013,30.986517,-110.288893,1591.0,3,2.25,0.25,639.2859395262553,4.880045339895079,1.677072809283151,9.07592867630223,12.775,2.6750000000000003,24.705,21.3224427480916,6.74,34.73,4.227557251908396,-5.45,15.58,35.803816793893134,9.74,76.7,21.97862595419847,6.55,31.47,2.689770992366412,0.88,6.89,23.339999999999996,0.17816793893129768,0.0,5.55,18.672,0.14253435114503818,0.0,4.44,11.787210994631005,4.921721008179001,18.000059451677224,0.036509484343259874,7,1,0,80,596.2472855272902,4.551505996391528,0.9581381237937573,8.703842758443237,15.815978928737758,0.12073266357815082,0.0,4.1454323454791915,580.4313065985525,4.430773332813378,0.0,8.703842758443237,158.15978928737758,5804.313065985525,5962.472855272903,577.5752855272901,0.026525871584892714,0.9734741284151075,21.0,25.0,25.0,525.0,7000.0,3675000.0,7.5314185374941705,276.395860285025,283.92727882251916
Sonora,Cananea,19,Agua Prieta,141,Papa,2013,2014,30.986517,-110.288893,1591.0,3,2.25,0.25,616.3829305507451,4.741407158082654,1.1906593813010131,9.264247893501334,11.630423076923078,-1.3749999999999998,21.925,19.97607692307692,3.64,32.14,3.2847692307692307,-6.39,13.54,36.91953846153846,10.05,87.74,21.53369230769231,7.8,31.28,2.876,0.95,7.31,37.97,0.29207692307692307,0.0,14.56,30.375999999999998,0.23366153846153845,0.0,11.648000000000001,11.668565076281254,5.120819397050142,18.021901524034767,0.06160131651613612,6,3,0,74,578.4883888287111,4.4499106832977775,0.8076904120624743,8.6292643305813,14.862429142536191,0.11432637801950916,0.0,3.2286413079065603,563.6259596861748,4.335584305278268,0.0,8.6292643305813,148.62429142536192,5636.259596861748,5784.88388828711,548.1123888287111,0.025691836568455167,0.9743081634315447,19.5,30.0,30.0,585.0,6550.0,3831750.0,7.621758534633945,289.03895368521785,296.6607122198518
Sonora,Cananea,19,Agua Prieta,141,Papa,2014,2015,30.986517,-110.288893,1591.0,3,2.4285714285714284,0.42857142857142855,657.4329340918139,5.057176416090876,2.2860379554711994,9.50029147073575,14.03842307692308,5.605,22.55,22.39976923076923,11.75,30.95,5.677076923076923,-2.88,14.83,32.72430769230769,10.44,75.04,21.479846153846154,6.9,31.49,2.6446153846153844,1.17,6.37,31.950000000000003,0.2457692307692308,0.0,19.05,25.560000000000002,0.19661538461538464,0.0,15.240000000000002,11.507326202770736,4.715644283521373,18.250283411330994,0.04859811296818608,3,2,0,55,616.2537693128186,4.740413610098605,1.157339307983442,8.616008695059158,9.89792779835781,0.07613790614121392,0.0,4.084984149565932,606.3558415144608,4.664275703957391,0.0,8.616008695059158,98.9792779835781,6063.558415144608,6162.537693128186,590.6937693128186,0.016061447882736585,0.9839385521172636,20.0,30.5,30.5,610.0,5200.0,3172000.0,4.948963899178905,303.1779207572304,308.12688465640935
Sonora,Cananea,19,Agua Prieta,141,Papa,2015,2016,30.986517,-110.288893,1591.0,1,1.0,0.0,544.8514924772636,4.191165326748181,0.8918706740762432,7.461096051527369,12.88026923076923,0.8449999999999998,21.04,20.538615384615383,6.27,30.1,5.221923076923076,-5.28,13.35,50.51,22.53,90.7,20.404999999999998,2.62,31.59,2.6931538461538462,1.06,6.55,132.82999999999998,1.0217692307692305,0.0,45.62,106.26400000000002,0.8174153846153848,0.0,36.496,11.553891330581745,3.1751551460557237,18.87177097053219,0.2437912015181695,13,8,0,59,511.88391732681185,3.9375685948216295,0.734400328876087,7.973622597789686,29.961033147418814,0.23046948574937548,0.0,3.495987835423938,481.922884179393,3.707099109072254,0.0,7.973622597789686,299.6103314741881,4819.22884179393,5118.8391732681175,405.61991732681184,0.05853091322712961,0.9414690867728703,20.1,30.0,30.0,603.0,6100.0,3678300.0,14.905986640506871,239.76262894497162,254.6686155854785
Sonora,Cananea,19,Agua Prieta,141,Papa,2016,2017,30.986517,-110.288893,1591.0,2,1.4,0.0,630.8955244476995,4.815996369829767,0.7527200301998297,9.327347271299322,12.92209923664122,1.5350000000000001,21.46,21.405419847328247,6.39,32.62,4.438778625954199,-5.45,13.73,38.543129770992365,17.13,91.18,21.90480916030534,5.57,31.53,2.766488549618321,1.3,6.54,54.99,0.41977099236641224,0.0,14.52,43.992000000000004,0.3358167938931298,0.0,11.616,11.886490848116523,4.096467283399964,18.724555476366806,0.08716181660686137,10,4,0,67,600.6921920523164,4.585436580552034,0.37636001509991485,8.700343054020957,13.022710855863446,0.09941000653330875,0.0,2.1986059288823543,587.6694811964529,4.486026574018725,0.0,8.700343054020957,130.22710855863446,5876.694811964529,6006.921920523164,556.7001920523164,0.021679507455174732,0.9783204925448252,18.15,30.0,30.0,544.5,6336.67,3450316.82,7.175047303506031,323.7848381247675,330.9598854282735
Sonora,Cananea,19,Agua Prieta,141,Papa,2017,2018,30.986517,-110.288893,1591.0,1,1.0,0.0,624.1022664384238,4.8007866649109525,0.8788804518723429,9.57197462592653,13.919769230769232,2.33,24.46,21.973538461538457,7.48,34.6,5.866000000000001,-4.52,14.32,41.89430769230769,11.27,90.27,21.208,5.04,31.48,2.812923076923077,1.05,7.04,82.77,0.6366923076923077,0.0,18.22,66.21600000000001,0.5093538461538463,0.0,14.576,11.66160903306728,3.8747144806725484,17.606023280932863,0.13262249546431729,11,6,0,60,591.3200476488353,4.548615751144887,0.43944022593617144,9.645218634914842,14.28003294244285,0.10984640724956038,0.0,2.104,577.0400147063924,4.438769343895326,0.0,9.645218634914842,142.8003294244285,5770.400147063924,5913.200476488352,525.1040476488353,0.024149414516254103,0.9758505854837459,21.0,60.0,60.0,1260.0,6841.27,8620000.2,6.800015686877548,274.7809593839964,281.58097507087393
Sonora,Cananea,19,Agua Prieta,141,Papa,2018,2019,30.986517,-110.288893,1591.0,4,3.875,1.0,653.7498474130209,5.0288449801001605,0.974094248497171,9.926160513672178,14.34373076923077,3.215,27.155,22.430307692307696,7.16,35.21,6.257153846153846,-5.03,19.19,35.75584615384615,11.17,92.09,20.986538461538462,3.84,31.32,2.8494615384615387,1.12,6.51,74.94,0.5764615384615385,0.0,26.24,59.952000000000005,0.46116923076923083,0.0,20.992,11.372135381692859,3.810727371995812,18.134526821027908,0.11463100189858247,8,4,2,56,605.4615654469263,4.657396657284049,0.9871190661634225,8.358113310421963,16.302143822376703,0.12540110632597465,0.0,2.6819217258794574,589.1594216245496,4.531995550958074,0.0,8.358113310421963,163.02143822376703,5891.594216245496,6054.615654469263,545.5095654469263,0.026925150583824664,0.9730748494161753,25.0,65.0,65.0,1625.0,6379.08,10366005.0,6.520857528950682,235.66376864981984,242.18462617877051
Sonora,Cananea,19,Agua Prieta,141,Papa,2019,2020,30.986517,-110.288893,1591.0,0,0.0,0.0,541.7401132866444,4.167231640666495,0.7584871176514911,8.399133706796086,11.936807692307696,-0.7650000000000001,22.75,19.606384615384616,4.04,31.6,4.267230769230769,-5.74,13.9,49.015076923076926,24.5,91.18,19.904153846153847,2.64,30.98,2.754,0.97,6.07,106.9,0.8223076923076924,0.0,30.96,85.52,0.6578461538461539,0.0,24.768,11.302571862669863,3.1106029802560577,18.51908474151317,0.19732708983179414,15,5,0,64,508.1786905991522,3.9090668507627093,0.4165907780367164,8.802248542663895,27.52372095510181,0.21172093042386006,0.0,4.100380412681524,480.65496964405037,3.697345920338849,0.0,8.802248542663895,275.23720955101805,4806.549696440504,5081.786905991522,422.65869059915224,0.05416150158254535,0.9458384984174546,28.0,75.0,75.0,2100.0,6732.86,14139006.0,9.829900341107788,171.6624891585894,181.4923894996972
Sonora,Cananea,19,Agua Prieta,141,Papa,2020,2021,30.986517,-110.288893,1591.0,0,0.0,0.0,518.7413009075638,3.9598572588363647,1.0530039243753022,9.045654924282664,12.004503816793893,0.1299999999999999,25.365,19.495343511450383,6.46,35.44,4.513664122137405,-6.2,16.45,55.10251908396946,23.2,88.28,20.310992366412215,3.34,31.23,2.629160305343511,1.13,5.89,136.60000000000002,1.0427480916030536,0.0,24.06,109.28,0.8341984732824428,0.0,19.248,11.600199138430963,3.4310923169884284,18.392502046030398,0.2633297170690121,13,8,1,72,477.2445871488559,3.643088451517984,0.5265019621876511,6.784241193211997,23.654000746674207,0.18056489119598632,0.0,2.8965203910354242,453.59058640218154,3.4625235603219964,0.0,6.784241193211997,236.54000746674205,4535.905864021815,4772.445871488558,367.9645871488559,0.04956368575699814,0.9504363142430016,28.29,41.0,41.0,1160.0,7094.16,8229225.6,8.361258659128387,160.33601498839928,168.69727364752768
Sonora,Cananea,19,Agua Prieta,141,Papa,2021,2022,30.986517,-110.288893,1591.0,5,4.125,1.0,650.535277676148,5.004117520585754,1.0859017708059253,9.880155237890557,12.675192307692308,0.45999999999999996,23.685000000000002,21.206692307692308,3.27,33.21,4.143692307692307,-5.36,14.16,34.44884615384615,11.58,84.39,21.486692307692312,7.63,31.45,3.019846153846154,0.73,6.02,53.45,0.4111538461538462,0.0,15.58,42.760000000000005,0.328923076923077,0.0,12.464,11.541968811041569,5.004366235338966,18.352761704947312,0.08216310757340464,9,5,0,76,612.6952697353265,4.713040536425589,0.5765306213753266,10.033322420540758,12.849958248647171,0.09884583268190132,0.0,2.786766745825929,599.8453114866793,4.614194703743687,0.0,10.033322420540758,128.49958248647172,5998.453114866793,6126.952697353265,569.9352697353265,0.020972837368563535,0.9790271626314364,29.14,35.0,35.0,1019.9,7465.2,7613757.48,4.409731725685371,205.8494548684555,210.25918659414086
Sonora,Cananea,19,Agua Prieta,141,Papa,2022,2023,30.986517,-110.288893,1591.0,3,1.875,0.25,664.9958956533478,5.115353043487291,1.6283252230068637,10.233320401381311,12.721307692307692,0.8299999999999996,23.775000000000002,21.44030769230769,7.89,34.53,4.002307692307692,-6.23,14.06,33.698307692307694,7.43,79.74,21.973769230769232,7.41,31.68,2.9933076923076922,1.09,6.23,15.96,0.12276923076923077,0.0,5.82,12.768,0.09821538461538462,0.0,4.656000000000001,11.703687126243516,4.960823048843666,17.963465881353628,0.02400014812771071,5,1,0,80,622.8436736678997,4.791105182060766,0.8141626115034318,10.001075058326466,8.826804845746327,0.06789849881343328,0.0,3.056,614.0168688221535,4.7232066832473345,0.0,10.001075058326466,88.26804845746327,6140.1686882215345,6228.4367366789975,610.0756736678997,0.014171782132369833,0.9858282178676303,30.0,6.0,6.0,180.0,13000.0,2340000.0,2.942268281915442,204.67228960738447,207.6145578892999
Sonora,Cananea,19,Agua Prieta,141,Papa,2023,2024,30.986517,-110.288893,1591.0,2,1.6,0.0,575.010726596041,4.423159435354162,1.1425721372886564,8.622006903161315,11.58826923076923,0.645,23.21,19.64953846153846,5.95,32.04,3.527,-5.92,14.62,44.06553846153846,17.81,86.4,20.595384615384617,1.66,31.95,3.048307692307692,0.84,7.46,83.2,0.64,0.0,14.99,66.56,0.512,0.0,11.992,11.453043186064024,2.832362034748602,18.525021118140042,0.14469295293416332,16,6,0,76,534.4409318379022,4.111084091060786,0.6772470937012288,8.640568982568915,24.847203162860467,0.19113233202200358,0.0,2.4812132804956017,509.5937286750417,3.9199517590387822,0.0,8.640568982568915,248.47203162860467,5095.937286750417,5344.409318379022,467.8809318379022,0.0464919538954713,0.9535080461045286,28.5,6.0,6.0,171.0,14300.0,2445300.0,8.718316899249286,178.804817078962,187.5231339782113
Sonora,Cananea,19,Agua Prieta,141,Nuez,2015,2016,30.986517,-110.288893,1591.0,1,1.0,0.0,1246.0256085506694,5.905334637680897,2.1170228252684264,10.60150532842009,21.80710900473934,10.805,31.075,28.721848341232235,15.61,40.04,14.892369668246445,2.0,22.75,50.14369668246445,15.06,88.68,23.973696682464453,8.82,33.09,2.3580568720379147,0.6,6.06,372.28000000000003,1.7643601895734597,0.0,38.7,223.368,1.0586161137440757,0.0,23.220000000000002,14.917912840578559,6.676485993670689,19.864966820444554,0.2987739557239295,74,19,17,7,1202.728090405905,5.700133129885806,1.313241349732849,11.661655861262101,176.95717273184943,0.8386595864068693,0.0,6.336342623639384,1025.7709176740555,4.861473543478936,0.0,11.661655861262101,1769.5717273184941,10257.709176740555,12027.28090405905,979.3600904059051,0.1471298243912543,0.8528701756087456,2.3,15.0,15.0,34.5,53500.0,1845750.0,769.3790118776062,4459.873555104589,5229.252566982195
Sonora,Cananea,19,Agua Prieta,141,Nuez,2016,2017,30.986517,-110.288893,1591.0,2,2.0,0.0,1366.625997431183,6.47690046175916,1.9629374062018574,10.96740969327472,22.443459715639815,10.825,30.935000000000002,29.92658767772512,18.24,41.42,14.960331753554502,2.25,22.97,41.96597156398105,9.99,88.58,25.088104265402844,7.23,33.04,2.3828909952606634,0.95,5.87,314.55,1.4907582938388626,0.0,38.99,188.73,0.8944549763033175,0.0,23.394000000000002,15.178508170562536,5.894631123272324,19.07650084974576,0.2301653858416661,50,18,24,8,1320.330144309801,6.257488835591474,1.9458597297174303,12.064150662602191,132.92213567653766,0.629962728324823,0.0,6.809437721831049,1187.4080086332633,5.627526107266651,0.0,12.064150662602191,1329.2213567653766,11874.080086332633,13203.30144309801,1131.600144309801,0.10067340827549033,0.8993265917245097,2.11,15.0,15.0,31.71,83500.0,2647785.0,629.962728324823,5627.526107266651,6257.488835591474
Sonora,Cananea,19,Agua Prieta,141,Nuez,2017,2018,30.986517,-110.288893,1591.0,2,1.5555555555555556,0.0,1426.286705480286,6.75965263260799,2.8509481258093103,10.965997012704987,22.9128672985782,10.620000000000001,32.475,30.741516587677722,16.51,42.31,15.084218009478674,1.82,23.41,39.06630331753555,5.44,86.02,25.263459715639808,11.39,33.34,2.453507109004739,0.68,6.4,246.72,1.1692890995260663,0.0,14.28,197.37599999999998,0.9354312796208529,0.0,11.424,15.095457983354256,8.405479881826354,18.995162551926583,0.17298064901819288,42,20,30,6,1359.296119184562,6.442161702296502,2.3319091773805525,12.062596713975486,145.05293532984257,0.6874546698096804,0.0,6.854592064970648,1214.2431838547195,5.754707032486823,0.0,12.062596713975486,1450.5293532984256,12142.431838547196,13592.961191845621,1161.920119184562,0.10671179979301304,0.893288200206987,2.0,15.0,15.0,30.0,80000.0,2400000.0,725.2646766492128,6071.215919273598,6796.480595922811
Sonora,Cananea,19,Agua Prieta,141,Nuez,2018,2019,30.986517,-110.288893,1591.0,4,3.230769230769231,0.6923076923076923,1379.1085810570216,6.536059625862662,1.2989564448798487,10.68737993521363,22.889289099526064,10.565000000000001,31.85,30.164597156398102,16.89,39.87,15.613981042654029,1.17,24.13,43.73654028436019,7.1,88.41,24.65009478672986,4.48,32.98,2.4273459715639816,0.97,6.18,388.84000000000003,1.8428436018957348,0.0,45.49,233.304,1.1057061611374408,0.0,27.294,14.939869181125081,4.1976245857736,19.739658182525787,0.2819502433245485,65,24,35,5,1332.4331366329045,6.314848988781538,0.8443216891719018,11.756117928734993,155.3225536796137,0.7361258468228137,0.0,6.9622531485692924,1177.1105829532908,5.578723141958724,0.0,11.756117928734993,1553.225536796137,11771.105829532908,13324.331366329045,1099.1291366329044,0.11657061762372414,0.8834293823762758,2.1,15.0,15.0,31.5,84125.0,2649937.5,739.6312079981604,5605.288490253765,6344.919698251926
Sonora,Cananea,19,Agua Prieta,141,Nuez,2019,2020,30.986517,-110.288893,1591.0,1,1.0,0.0,1344.812506810148,6.373518989621555,1.929360842145011,11.445004722059254,22.17627962085308,9.925,31.665,29.519952606635066,14.11,39.1,14.83260663507109,1.9,24.23,43.873649289099525,12.82,82.08,24.848578199052128,4.78,32.89,2.442274881516588,0.72,6.02,299.51000000000005,1.4194786729857822,0.0,30.7,179.70600000000002,0.8516872037914692,0.0,18.419999999999998,15.149537997538745,4.458301562371425,19.489429200834593,0.2227150613808821,52,19,24,5,1303.346468810789,6.176997482515588,1.2540845473942572,12.58950519426518,129.49809825693546,0.6137350628290781,0.0,6.956226148042137,1173.8483705538536,5.5632624196865095,0.0,12.58950519426518,1294.9809825693546,11738.483705538536,13033.464688107892,1123.6404688107891,0.09935815330446499,0.900641846695535,2.15,15.0,15.0,32.25,85000.0,2741250.0,602.3167360787696,5459.759863041179,6062.076599119949
Sonora,Cananea,19,Agua Prieta,141,Nuez,2020,2021,30.986517,-110.288893,1591.0,3,2.3333333333333335,0.5,1450.781864292724,6.875743432666939,2.5096779400176854,10.402123028361737,23.639407582938393,4.875,31.85,31.683364928909945,11.2,40.08,15.595450236966826,-1.59,23.62,37.27568720379146,12.28,81.32,25.489573459715636,9.03,33.85,2.3986255924170616,0.76,4.93,193.31,0.9161611374407583,0.0,13.08,154.64800000000002,0.7329289099526067,0.0,10.464,15.286432963940419,6.9954162913151015,19.320000280502942,0.13324539323093984,43,12,56,11,1402.7117121424797,6.6479228063624625,1.658424782361478,11.442335331197912,135.24282045472057,0.6409612343825619,0.0,8.272,1267.4688916877592,6.006961571979901,0.0,11.37580239908184,1352.4282045472057,12674.688916877592,14027.117121424799,1248.0637121424797,0.09641526429415266,0.9035847357058474,1.73,15.0,15.0,26.0,88000.0,2288000.0,781.75040725272,7326.409778541961,8108.160185794681
Sonora,Cananea,19,Agua Prieta,141,Nuez,2021,2022,30.986517,-110.288893,1591.0,5,3.1538461538461537,0.5384615384615384,1374.049162379954,6.512081338293621,2.4635797244804705,11.804425613429293,22.6418009478673,10.915,31.494999999999997,30.065924170616114,17.41,40.55,15.217677725118481,3.01,23.08,42.87388625592417,7.67,86.13,24.62137440758294,7.82,32.88,2.4322748815165878,0.8,6.02,332.11999999999995,1.5740284360189571,0.0,16.93,199.272,0.9444170616113744,0.0,10.158,14.882270516806383,6.106104445798175,19.00061728661035,0.24170896434647487,59,25,26,4,1311.6523187970895,6.21636170046014,1.7116758338729374,12.984868174772224,165.2187612675279,0.7830273045854402,0.0,7.032,1146.4335575295615,5.4333343958747,0.0,12.984868174772224,1652.187612675279,11464.335575295616,13116.523187970895,1112.3803187970896,0.12596231402163743,0.8740376859783625,1.53,15.0,15.0,22.95,92847.83,2130857.7,1079.8611847550844,7493.029787774913,8572.890972529996
Sonora,Cananea,19,Agua Prieta,141,Nuez,2022,2023,30.986517,-110.288893,1591.0,4,3.0,0.6153846153846154,1325.990874489845,6.284316940710166,2.343539653306169,11.218382309407172,22.445805687203794,10.285,29.985,29.678625592417063,16.53,39.13,15.21298578199052,1.54,22.49,46.20985781990522,3.98,86.28,24.196255924170615,8.33,32.92,2.3439810426540286,0.69,6.23,429.63,2.036161137440758,0.0,19.57,257.778,1.221696682464455,0.0,11.741999999999999,14.734676872999353,6.143302151473962,19.246530379944492,0.3240067546960258,83,34,25,5,1275.9942562954825,6.0473661435804855,1.5768261398698542,12.34022054034789,219.8553364327731,1.0419684191126688,0.0,7.98824779116309,1056.1389198627096,5.005397724467818,0.0,12.34022054034789,2198.553364327731,10561.389198627096,12759.942562954826,1018.2162562954825,0.17230119598740665,0.8276988040125935,2.13,15.0,15.0,32.0,80000.0,2560000.0,1032.1846780881365,4958.398684801454,5990.583362889591
Sonora,Cananea,19,Agua Prieta,141,Nuez,2023,2024,30.986517,-110.288893,1591.0,4,2.5714285714285716,0.42857142857142855,1519.5816702259162,7.201808863629934,2.4870344412111636,11.10701532174402,24.120568720379143,7.295,32.074999999999996,32.23616113744076,15.48,40.68,16.004976303317537,-3.16,23.85,33.032417061611376,9.05,73.22,25.5818009478673,10.48,32.48,2.4981990521327013,0.86,5.06,163.74,0.7760189573459716,0.0,12.36,130.992,0.6208151658767772,0.0,9.888,15.184755258219056,7.098948097082157,19.316365453702204,0.10775333975676134,41,9,60,6,1459.5878713752845,6.917478063389974,1.6165723867872563,12.217716853918423,116.89552139129621,0.5540072103852901,0.0,7.488549282458856,1342.6923499839882,6.363470853004683,0.0,12.217716853918423,1168.955213912962,13426.923499839882,14595.878713752845,1328.5958713752846,0.08008803285077477,0.9199119671492251,1.4,15.0,15.0,21.0,75051.43,1576080.03,834.9680099378302,9590.659642742774,10425.627652680603
Sonora,Cananea,19,Agua Prieta,141,Uva,2017,2018,30.986517,-110.288893,1591.0,2,1.5555555555555556,0.0,1370.8969025084975,6.786618329249988,2.8509481258093103,10.965997012704987,22.17292079207921,9.795,32.475,30.03287128712871,16.51,42.31,14.312970297029704,0.18,23.41,38.75336633663367,5.44,86.02,25.888960396039604,10.51,33.34,2.490247524752475,0.68,6.4,246.8,1.2217821782178218,0.0,14.28,197.43999999999997,0.9774257425742573,0.0,11.424,15.524660116941716,7.028260178543455,18.995162551926583,0.18002812578276303,42,20,30,15,1009.4871736250648,4.997461255569627,1.0547748287947882,9.321097460799239,119.43307967787864,0.5912528696924685,0.0,5.296730232022773,890.0540939471862,4.406208385877159,0.0,9.321097460799239,1194.3307967787864,8900.540939471863,10094.871736250649,812.0471736250648,0.11831064603722986,0.8816893539627702,18.0,22.11,22.11,397.98,4000.0,1591920.0,66.3517109321548,494.47449663732573,560.8262075694805
Sonora,Cananea,19,Agua Prieta,141,Uva,2018,2019,30.986517,-110.288893,1591.0,4,3.5384615384615383,0.8461538461538461,1373.8922612234603,6.801446837739903,2.855039168494217,10.68737993521363,22.33037128712871,8.299999999999999,31.85,29.935099009900995,16.32,39.87,14.725643564356435,-3.53,24.13,38.90326732673268,7.1,80.63,25.522722772277227,7.32,32.98,2.4833168316831684,0.97,6.18,289.44,1.4328712871287128,0.0,45.49,173.66400000000002,0.8597227722772278,0.0,27.294,15.369044476735443,6.292726923487972,19.739658182525787,0.210671541116515,52,18,35,20,1031.8015925936002,5.107928676205941,1.1284978523840217,9.084272944931584,114.0915617071128,0.5648097114213505,0.0,5.3799228875308165,917.7100308864872,4.54311896478459,0.0,9.084272944931584,1140.915617071128,9177.100308864872,10318.015925936,858.1375925936002,0.11057509750525313,0.8894249024947467,13.93,22.11,22.11,308.0,4155.0,1279740.0,81.90349009842987,658.8011707727834,740.7046608712133
Sonora,Cananea,19,Agua Prieta,141,Uva,2019,2020,30.986517,-110.288893,1591.0,1,1.0,0.0,1299.4570244785316,6.432955566725404,1.593379694360554,11.445004722059254,21.265891089108916,6.83,31.665,28.730940594059405,9.87,39.1,13.800841584158414,-1.52,24.23,42.79272277227722,12.82,82.08,25.304702970297026,7.17,32.89,2.54029702970297,0.72,6.07,276.14,1.367029702970297,0.0,30.96,165.68400000000003,0.8202178217821784,0.0,18.576,15.489816509342525,5.679005147363326,19.489429200834593,0.2125041419594574,49,18,24,18,974.8640726028156,4.826059765360473,0.4780139083081662,9.728254013750366,105.35445129282589,0.521556689568445,0.0,5.375265659850742,869.5096213099898,4.304503075792029,0.0,9.728254013750366,1053.5445129282589,8695.096213099898,9748.640726028156,809.1800726028155,0.10807091393935282,0.8919290860606474,13.0,25.0,25.0,325.0,5000.0,1625000.0,81.04188560986607,668.8535548538383,749.8954404637044
Sonora,Cananea,19,Agua Prieta,141,Uva,2020,2021,30.986517,-110.288893,1591.0,3,2.0,0.25,1335.8045875180496,6.6128939976141075,1.1066195580848537,10.402123028361737,21.99980198019802,5.935,31.85,29.765247524752475,9.92,40.08,14.234356435643566,-3.0,23.62,42.66658415841585,12.28,88.28,25.53821782178218,4.01,33.85,2.529306930693069,1.0,5.32,275.03000000000003,1.3615346534653467,0.0,24.06,165.01799999999997,0.8169207920792078,0.0,14.435999999999998,15.630506127147111,4.121046583446654,19.320000280502942,0.20589089345097325,49,16,56,23,995.1355649671173,4.926413687956026,0.3319858674254561,8.841804574107476,98.92997366309912,0.48975234486682734,0.0,6.204,896.2055913040182,4.436661343089199,0.0,8.791483672017785,989.2997366309912,8962.055913040182,9951.355649671174,830.1175649671172,0.09941356448894288,0.9005864355110572,15.4,25.0,25.0,385.0,5300.0,2040500.0,64.24024263837605,581.9516826649468,646.1919253033228
Sonora,Cananea,19,Agua Prieta,141,Uva,2021,2022,30.986517,-110.288893,1591.0,5,3.6153846153846154,0.6923076923076923,1341.9007162821586,6.643072852881973,2.423275431152982,11.804425613429293,21.616559405940595,4.11,31.494999999999997,29.286584158415838,8.63,40.55,13.946534653465346,-4.49,23.08,40.48009900990099,7.67,86.13,25.3470297029703,10.48,32.88,2.5834158415841584,0.8,6.02,319.19999999999993,1.5801980198019798,0.0,16.93,191.52,0.9481188118811882,0.0,10.158,15.29272118433833,8.052472917336239,19.00061728661035,0.23787154751982592,55,25,26,27,1001.8266350947897,4.9595377974989585,0.8245436053775546,10.033761771414898,131.54047849621074,0.6511904876050036,0.0,6.098344358810333,870.2861565985789,4.308347309893955,0.0,10.033761771414898,1315.4047849621074,8702.86156598579,10018.266350947897,810.3066350947897,0.13130064013896456,0.8686993598610354,15.44,34.0,25.0,386.0,5500.0,2123000.0,85.19461042500696,563.6568371752454,648.8514476002524
Sonora,Cananea,19,Agua Prieta,141,Uva,2022,2023,30.986517,-110.288893,1591.0,4,3.0,0.6153846153846154,1329.6932021466296,6.582639614587275,2.343539653306169,11.218382309407172,21.60381188118812,6.485,29.985,29.291138613861385,14.61,39.13,13.916485148514852,-2.91,22.49,40.723564356435645,3.98,86.28,25.318811881188118,8.33,32.92,2.4875742574257425,0.69,6.23,378.15,1.872029702970297,0.0,19.57,226.89,1.1232178217821782,0.0,11.741999999999999,15.236269013674903,6.6658771698691,19.246530379944492,0.28438890970452607,67,31,25,25,997.7942793720326,4.939575640455607,1.0455179817186835,9.535624962996096,165.87890622066232,0.8211827040626847,0.0,6.172736929535114,831.9153731513704,4.118392936392923,0.0,9.535624962996096,1658.7890622066232,8319.153731513705,9977.942793720327,770.9042793720326,0.16624559756451915,0.8337544024354809,15.5,34.0,34.0,527.0,5700.0,3003900.0,107.01864917462085,536.7195955815293,643.7382447561502
Sonora,Cananea,19,Agua Prieta,141,Uva,2023,2024,30.986517,-110.288893,1591.0,3,1.8333333333333333,0.16666666666666666,1426.9970694493763,7.0643419279672095,2.1575767656483493,11.10701532174402,22.454034653465342,1.8349999999999997,32.074999999999996,30.60207920792079,7.39,40.68,14.3059900990099,-4.77,23.85,34.726930693069306,9.05,74.81,25.987475247524753,10.48,32.48,2.62509900990099,0.86,6.44,162.54999999999998,0.8047029702970296,0.0,12.36,130.04000000000002,0.6437623762376239,0.0,9.888,15.566329503016641,7.9201011690864975,19.316365453702204,0.11391053526320262,43,9,58,24,1065.545988929634,5.27498014321601,0.6472730296945047,9.440963023482418,100.90724615964452,0.4995408225724976,0.0,5.786606263718206,964.6387427699893,4.775439320643511,0.0,9.440963023482418,1009.0724615964451,9646.387427699894,10655.459889296339,935.505988929634,0.09470003848544184,0.905299961514558,15.0,34.0,34.0,510.0,7500.0,3825000.0,67.27149743976301,643.092495179993,710.363992619756
