Estado,Municipio,IdMunicipio,DDR,IdDDR,Cultivo,Anio,AnioFin,Lat,Lon,Z_m,ET0_total_mm,ET0_mean_mm_d,ET0_min_mm_d,ET0_max_mm_d,Tmean_ciclo_mean_C,Tmean_ciclo_min_C,Tmean_ciclo_max_C,Tmax_ciclo_mean_C,Tmax_ciclo_min_C,Tmax_ciclo_max_C,Tmin_ciclo_mean_C,Tmin_ciclo_min_C,Tmin_ciclo_max_C,RH_mean_pct,RH_min_pct,RH_max_pct,Rs_mean_MJ_m2_d,Rs_min_MJ_m2_d,Rs_max_MJ_m2_d,Ws_mean_m_s,Ws_min_m_s,Ws_max_m_s,Ptot_total_mm,Ptot_mean_mm_d,Ptot_min_mm_d,Ptot_max_mm_d,Pef_total_mm,Pef_mean_mm_d,Pef_min_mm_d,Pef_max_mm_d,Rn_mean_MJ_m2_d,Rn_min_MJ_m2_d,Rn_max_MJ_m2_d,ratio_Ptot_ET0,dias_lluvia_ge_1mm,dias_lluvia_ge_5mm,dias_estres_calor,dias_riesgo_helada,ETc_total_mm,ETc_mean_mm_d,ETc_min_mm_d,ETc_max_mm_d,ETverde_total_mm,ETverde_mean_mm_d,ETverde_min_mm_d,ETverde_max_mm_d,ETazul_total_mm,ETazul_mean_mm_d,ETazul_min_mm_d,ETazul_max_mm_d,UACverde_m3_ha,UACazul_m3_ha,UACtotal_m3_ha,deficit_hidrico_mm,frac_verde,frac_azul,Rend_t_ha,SupSembradaTotal_ha,SupCosechadaTotal_ha,VolumenTotal_t,PMR,Valorproduccion,HHverde_m3_ton,HHazul_m3_ton,HHtotal_m3_ton
Sonora,Carbó,20,Hermosillo,144,Brócoli,2010,2011,29.738876,-111.043247,581.0,693.0539976506087,5.095985276842711,1.9290362144017916,9.864954360876922,21.658492647058825,11.1,32.345,28.834558823529413,16.35,40.55,14.482426470588235,2.87,24.91,40.35279411764706,17.46,77.51,17.314117647058826,7.48,24.65,2.4376470588235293,0.99,4.64,77.77,0.5718382352941176,0.0,16.21,62.215999999999994,0.4574705882352941,0.0,12.968000000000002,9.223569997149697,5.03294233211453,16.12852955389166,0.11221347869521475,15,5,29,2,641.1393679702876,4.714260058605056,1.9166401582531165,7.710089828060058,39.239383147402265,0.2885248760838402,0.0,4.201523956402637,601.8999848228854,4.4257351825212154,0.0,7.710089828060058,0.0,0.0,0.0,578.9233679702876,0.06120257951344635,0.9387974204865537,20.14,6.0,6.0,120.84,4723.5,570787.74,0.0,0.0,0.0
Sonora,Carbó,20,Hermosillo,144,Brócoli,2011,2012,29.738876,-111.043247,581.0,683.3906395521362,5.024931173177472,2.150823390213724,10.052934085249342,21.662573529411766,9.27,33.32,28.84470588235294,13.72,40.83,14.480441176470588,3.24,26.22,43.33588235294118,13.79,89.77,17.509191176470587,8.96,25.55,2.423014705882353,1.31,6.11,46.92,0.34500000000000003,0.0,13.86,37.536,0.276,0.0,11.088000000000001,9.410283050885944,4.859356926616812,16.713322388767693,0.06865765681360411,11,2,23,10,634.2931790721485,4.663920434354033,1.5730011695532884,10.55558078951181,24.6398248585895,0.1811751827837463,0.0,3.664,609.653354213559,4.482745251570287,0.0,10.55558078951181,0.0,0.0,0.0,596.7571790721486,0.03884611355057124,0.9611538864494288,19.0,18.0,18.0,342.0,4720.0,1614240.0,0.0,0.0,0.0
Sonora,Carbó,20,Hermosillo,144,Brócoli,2012,2013,29.738876,-111.043247,581.0,716.7747337311716,5.270402453905674,1.3665354827415797,9.890051311510119,21.472757352941176,7.41,33.775,28.631470588235295,13.1,41.16,14.314044117647057,1.72,26.39,42.44205882352941,14.29,84.02,17.374485294117648,3.75,24.77,2.666985294117647,1.31,6.89,120.93,0.8891911764705883,0.0,52.6,96.744,0.7113529411764706,0.0,42.080000000000005,9.24933896825361,3.482455060130232,16.448968178837198,0.16871409427408074,14,5,42,10,660.8207816810432,4.8589763358900235,1.4348622568786586,10.384553877085626,38.99306802112819,0.286713735449472,0.0,4.966987808925526,621.8277136599149,4.572262600440551,0.0,10.384553877085626,0.0,0.0,0.0,564.0767816810431,0.05900702444910227,0.9409929755508977,18.9,7.0,7.0,132.3,4735.0,626440.5,0.0,0.0,0.0
Sonora,Carbó,20,Hermosillo,144,Brócoli,2013,2014,29.738876,-111.043247,581.0,650.2224524044548,4.781047444150403,1.9045715761810849,8.43576622639293,21.561029411764704,5.785,31.185000000000002,28.434411764705878,12.21,39.41,14.68764705882353,-0.64,24.52,44.89176470588235,17.01,87.77,16.823676470588236,4.96,24.02,2.352794117647059,1.18,4.41,77.94,0.5730882352941177,0.0,17.38,62.352,0.4584705882352941,0.0,13.904,9.159559478752382,4.080917878738014,15.912738989348156,0.11986666980167482,14,6,20,9,605.9541364611694,4.45554512103801,1.7282151183145535,7.119897566931292,31.09547037195703,0.22864316449968405,0.0,4.48691730964737,574.8586660892124,4.226901956538327,0.0,7.119897566931292,0.0,0.0,0.0,543.6021364611694,0.051316541138835325,0.9486834588611648,18.9,6.0,6.0,113.4,4750.0,538650.0,0.0,0.0,0.0
Sonora,Carbó,20,Hermosillo,144,Brócoli,2014,2015,29.738876,-111.043247,581.0,670.6520034460144,4.931264731220694,1.7540281608213997,7.888935584826802,21.352683823529414,10.67,32.625,28.437867647058823,13.91,40.07,14.267500000000002,4.31,25.18,45.45779411764706,14.18,85.38,17.479485294117648,6.0,24.99,2.4461764705882354,0.91,4.98,131.74,0.9686764705882354,0.0,40.59,105.392,0.7749411764705882,0.0,32.472,9.479849312065502,4.278109880489341,16.411333637169296,0.19643570633216592,12,8,15,4,622.4051266232582,4.576508283994546,1.8417295688624697,8.283382364068142,37.30272536957976,0.27428474536455705,0.0,4.444092264544741,585.1024012536784,4.302223538629988,0.0,8.283382364068142,0.0,0.0,0.0,517.0131266232581,0.05993319105830422,0.9400668089416958,18.6,9.0,9.0,167.4,4751.0,795317.4,0.0,0.0,0.0
Sonora,Carbó,20,Hermosillo,144,Brócoli,2015,2016,29.738876,-111.043247,581.0,602.6077942237282,4.430939663409767,1.7340309120271464,8.528357338696347,21.609301470588235,6.805,32.235,28.146029411764708,13.44,40.73,15.072573529411764,0.17,24.78,53.93919117647059,22.25,90.73,16.701470588235296,4.1,25.84,2.373382352941176,1.11,5.71,200.19,1.471985294117647,0.0,70.55,160.152,1.1775882352941176,0.0,56.44,9.422880741691994,3.937041472540415,16.733618254423018,0.33220612464510557,20,7,12,5,561.3541176334124,4.1276038061280325,1.283174753937975,7.507990967094431,47.65962040376712,0.3504383853218171,0.0,3.971144001695153,513.6944972296454,3.7771654208062166,0.0,7.507990967094431,0.0,0.0,0.0,401.20211763341246,0.08490116827626236,0.9150988317237378,13.0,6.0,6.0,78.0,4675.0,364650.0,0.0,0.0,0.0
Sonora,Carbó,20,Hermosillo,144,Acelga,2010,2011,29.738876,-111.043247,581.0,732.1047866712177,4.980304671232773,1.9290362144017916,9.864954360876922,21.1256462585034,11.1,32.345,28.19952380952381,15.86,40.55,14.051768707482994,2.87,24.91,41.289523809523814,17.46,83.73,16.993877551020407,5.39,24.65,2.557891156462585,0.99,7.65,120.21,0.8177551020408163,0.0,22.71,96.168,0.6542040816326531,0.0,18.168000000000003,9.037173237686668,4.255877819143361,16.12852955389166,0.16419780636400255,19,7,29,3,681.8319957004668,4.638312895921543,1.840861547199873,9.493291064842195,49.04420475612807,0.33363404596005486,0.0,5.058057228465757,632.7877909443387,4.304678849961488,0.0,9.493291064842195,0.0,0.0,0.0,585.6639957004668,0.07193004298037299,0.9280699570196269,15.0,5.0,5.0,75.0,1850.0,138750.0,0.0,0.0,0.0
Sonora,Carbó,20,Hermosillo,144,Acelga,2011,2012,29.738876,-111.043247,581.0,740.2482702668915,5.035702518822391,2.150823390213724,10.052934085249342,21.44387755102041,9.27,33.32,28.689931972789115,13.72,40.83,14.1978231292517,3.24,26.22,42.09829931972789,13.79,89.77,17.418299319727893,8.96,25.55,2.444285714285714,1.31,6.11,46.92,0.31918367346938775,0.0,13.86,37.536,0.25534693877551023,0.0,11.088000000000001,9.24124825634301,4.859356926616812,16.713322388767693,0.06338414000357381,11,2,23,10,690.6020025978079,4.697972806787809,1.5730011695532884,10.55558078951181,24.6398248585895,0.16761785618088096,0.0,3.664,665.9621777392184,4.530354950606928,0.0,10.55558078951181,0.0,0.0,0.0,653.0660025978079,0.03567876253747155,0.9643212374625285,15.25,4.0,4.0,61.0,1882.0,114802.0,0.0,0.0,0.0
Sonora,Carbó,20,Hermosillo,144,Acelga,2012,2013,29.738876,-111.043247,581.0,762.104043996796,5.184381251678884,1.3665354827415797,9.890051311510119,21.102074829931972,7.41,33.775,28.30598639455782,13.1,41.16,13.89816326530612,1.72,26.39,42.30619047619047,14.29,84.02,17.26768707482993,3.75,24.77,2.651292517006803,1.31,6.89,120.95,0.8227891156462586,0.0,52.6,96.76,0.6582312925170068,0.0,42.080000000000005,9.123749683120389,3.482455060130232,16.448968178837198,0.15870536438264654,14,5,42,10,712.4839435371532,4.84682954787179,1.2982087086045007,10.384553877085626,38.534258386790725,0.26213781215503895,0.0,4.966987808925526,673.9496851503625,4.584691735716752,0.0,10.384553877085626,0.0,0.0,0.0,615.7239435371532,0.05408438847826655,0.9459156115217334,15.0,3.0,3.0,45.0,2050.0,92250.0,0.0,0.0,0.0
Sonora,Carbó,20,Hermosillo,144,Acelga,2013,2014,29.738876,-111.043247,581.0,702.083157595258,4.776075902008557,1.9045715761810849,8.43576622639293,21.283333333333335,5.785,31.185000000000002,28.24639455782313,12.21,39.41,14.32027210884354,-2.22,24.52,43.78687074829932,17.01,87.77,16.65285714285714,4.96,24.02,2.3834013605442177,1.18,4.81,90.47,0.6154421768707483,0.0,17.38,72.376,0.49235374149659866,0.0,13.904,8.98271297818062,4.080917878738014,15.912738989348156,0.12885937943572606,15,7,20,11,658.1381158056133,4.477130039493968,1.8093429973720305,8.857554537712577,33.94632143846634,0.23092735672426082,0.0,4.48691730964737,624.191794367147,4.246202682769708,0.0,8.857554537712577,0.0,0.0,0.0,585.7621158056133,0.05157932753509246,0.9484206724649077,14.6,5.0,5.0,73.0,1870.0,136510.0,0.0,0.0,0.0
Sonora,Carbó,20,Hermosillo,144,Acelga,2014,2015,29.738876,-111.043247,581.0,731.6889092873663,4.977475573383444,1.7540281608213997,7.917288833491849,21.32374149659864,10.67,32.625,28.44843537414966,13.91,40.07,14.19904761904762,4.31,25.18,43.637346938775515,13.85,85.38,17.245442176870746,5.95,24.99,2.465510204081633,0.91,4.98,131.74,0.8961904761904762,0.0,40.59,105.392,0.7169523809523809,0.0,32.472,9.241054958797278,4.278109880489341,16.411333637169296,0.18004919621961898,12,8,15,4,683.8257654480665,4.651875955429023,1.6663267527803296,8.283382364068142,36.57169295491202,0.24878702690416338,0.0,4.444092264544741,647.2540724931546,4.403088928524861,0.0,8.283382364068142,0.0,0.0,0.0,578.4337654480664,0.05348101051873787,0.9465189894812623,14.75,10.0,10.0,147.5,1969.0,290427.5,0.0,0.0,0.0
Sonora,Carbó,20,Hermosillo,144,Acelga,2015,2016,29.738876,-111.043247,581.0,653.2292742979796,4.443736559850201,1.7340309120271464,8.528357338696347,21.32795918367347,6.805,32.235,27.944149659863946,13.44,40.73,14.711768707482994,0.17,24.78,52.333061224489796,20.84,90.73,16.526802721088437,4.1,25.84,2.40156462585034,1.11,5.71,200.58,1.3644897959183675,0.0,70.55,160.464,1.091591836734694,0.0,56.44,9.23184925992369,3.937041472540415,16.733618254423018,0.30705911062476765,20,7,12,5,610.3801059129781,4.152245618455634,1.283174753937975,6.864368492914461,47.97162040376712,0.32633755376712326,0.0,3.971144001695153,562.408485509211,3.82590806468851,0.0,6.864368492914461,0.0,0.0,0.0,449.91610591297814,0.07859302742512128,0.9214069725748787,14.67,6.0,6.0,88.02,1955.0,172079.1,0.0,0.0,0.0
Sonora,Carbó,20,Hermosillo,144,Acelga,2016,2017,29.738876,-111.043247,581.0,650.2857383831706,4.423712506007964,1.7884958094124053,7.215146221407943,20.590272108843536,8.03,31.095,27.326326530612242,13.49,39.46,13.854217687074827,1.32,24.95,51.00108843537415,17.24,85.75,16.494081632653064,5.57,24.12,2.4442176870748296,1.04,5.1,168.31000000000003,1.144965986394558,0.0,44.57,134.648,0.9159727891156463,0.0,35.656,9.072516888216667,4.0790178489038444,16.26958144657086,0.25882468285168825,20,6,19,11,610.5562986771711,4.153444208688239,1.6821369087244227,7.575903532478341,42.20021056045731,0.2870762623160361,0.0,3.128,568.3560881167139,3.866367946372203,0.0,7.575903532478341,0.0,0.0,0.0,475.90829867717105,0.06911764017812627,0.9308823598218738,10.0,2.0,2.0,20.0,3000.0,60000.0,0.0,0.0,0.0
Sonora,Carbó,20,Hermosillo,144,Apio,2010,2011,29.738876,-111.043247,581.0,849.431446622636,4.6672057506738245,1.286968893945245,9.548252832738951,17.959945054945056,10.305,29.53,25.23038461538462,14.7,37.98,10.689505494505493,2.87,22.78,41.70923076923077,17.46,83.73,17.192637362637363,4.81,27.56,2.689340659340659,1.22,7.65,111.79,0.6142307692307692,0.0,22.71,89.43199999999999,0.4913846153846153,0.0,18.168000000000003,8.938622479841175,4.180233930823098,14.79029803126678,0.1316056762961629,18,6,6,8,836.0310559377781,4.5935772304273526,1.3513173386425075,9.548252832738951,38.96103982842601,0.2140716474089341,0.0,3.3720381523105045,797.0700161093522,4.379505583018418,0.0,9.548252832738951,0.0,0.0,0.0,746.5990559377781,0.0466023834302702,0.95339761656973,20.0,4.0,4.0,80.0,5150.0,412000.0,0.0,0.0,0.0
Sonora,Carbó,20,Hermosillo,144,Apio,2011,2012,29.738876,-111.043247,581.0,945.3164405952756,5.194046376897119,2.150823390213724,10.052934085249342,18.85230769230769,1.2999999999999998,30.85,26.719835164835168,6.06,38.13,10.98478021978022,-3.46,23.57,34.502967032967035,9.87,74.1,18.105934065934065,8.96,26.66,2.646153846153846,1.31,8.98,16.47,0.0904945054945055,0.0,2.61,13.176000000000002,0.07239560439560441,0.0,2.088,9.048410785210987,4.859356926616812,15.202428975537991,0.01742273728956694,7,0,5,17,939.3023241428957,5.161001781004922,2.074856497119457,10.55558078951181,13.176000000000002,0.07239560439560441,0.0,2.088,926.1263241428958,5.088606176609318,0.4103645597244101,10.55558078951181,0.0,0.0,0.0,926.1263241428957,0.014027432554287539,0.9859725674457125,20.0,9.0,9.0,180.0,5200.0,936000.0,0.0,0.0,0.0
Sonora,Carbó,20,Hermosillo,144,Apio,2012,2013,29.738876,-111.043247,581.0,921.7362676569471,5.036810205775668,1.3665354827415797,9.890051311510119,18.293169398907104,7.41,31.025,25.948797814207644,13.1,40.09,10.637540983606558,1.72,24.11,38.14737704918032,10.95,84.02,17.685792349726775,3.75,27.17,2.732295081967213,0.68,6.89,90.25,0.4931693989071038,0.0,52.6,72.20000000000002,0.39453551912568313,0.0,42.080000000000005,8.980881899461624,3.482455060130232,15.349674238879839,0.09791303995167233,10,3,17,12,898.0777529951209,4.907528704891371,1.4348622568786586,9.70030055265514,24.264821163319763,0.13259465116568175,0.0,4.336013617919714,873.812931831801,4.774934053725689,0.0,9.70030055265514,0.0,0.0,0.0,825.8777529951209,0.027018619582097128,0.9729813804179027,19.35,10.0,10.0,193.5,5239.83,1013907.11,0.0,0.0,0.0
Sonora,Carbó,20,Hermosillo,144,Apio,2013,2014,29.738876,-111.043247,581.0,912.5515384181442,5.014019441857935,1.9045715761810849,9.253284953645792,18.90274725274725,5.785,29.354999999999997,26.439175824175827,12.21,38.08,11.366318681318681,-2.22,21.33,36.9360989010989,12.33,81.07,17.346813186813186,4.96,26.76,2.6596153846153845,1.26,5.18,52.61,0.28906593406593406,0.0,12.99,42.08800000000001,0.2312527472527473,0.0,10.392000000000001,8.887459835601334,4.080917878738014,14.626769263922693,0.057651538335244515,7,5,7,22,901.2448389719399,4.951894719626043,1.9998001549901392,9.253284953645792,16.654278196650836,0.09150702305852107,0.0,3.1561309051059574,884.5905607752891,4.860387696567522,0.0,9.253284953645792,0.0,0.0,0.0,859.1568389719399,0.018479193973136708,0.9815208060268633,19.7,7.0,7.0,137.9,5235.0,721906.5,0.0,0.0,0.0
Sonora,Carbó,20,Hermosillo,144,Apio,2014,2015,29.738876,-111.043247,581.0,930.5468007270697,5.112894509489394,1.7540281608213997,9.518504023221864,19.782527472527473,10.67,26.384999999999998,27.311978021978025,13.91,35.25,12.253076923076923,4.31,19.52,36.70203296703297,11.8,85.38,17.47214285714286,5.95,26.98,2.5584615384615383,1.21,5.15,32.339999999999996,0.17769230769230768,0.0,8.92,25.872,0.14215384615384616,0.0,7.136,8.908077944047308,4.278109880489341,15.219799126167493,0.03475375980523665,7,3,2,4,919.4831364737073,5.05210514545993,1.8417295688624697,9.518504023221864,15.7231494048693,0.08639093079598517,0.0,2.936,903.759987068838,4.965714214663945,0.0,9.518504023221864,0.0,0.0,0.0,893.6111364737073,0.01709998670032042,0.9829000132996796,55.0,10.0,10.0,550.0,5800.0,3190000.0,0.0,0.0,0.0
Sonora,Carbó,20,Hermosillo,144,Apio,2015,2016,29.738876,-111.043247,581.0,828.6052248206547,4.552775960553048,1.2330080006160098,9.23189388854168,19.767417582417583,6.805,27.28,26.776373626373623,13.44,37.13,12.758461538461539,0.17,22.26,48.119780219780225,20.84,91.91,16.917307692307695,5.42,26.73,2.528351648351648,1.1,5.71,107.48000000000002,0.5905494505494506,0.0,21.05,85.98400000000001,0.4724395604395605,0.0,16.84,9.143628621978328,4.156508640178882,14.764914403784708,0.12971195061347005,17,7,5,5,819.5088149089462,4.502795686312891,1.2946584006468103,9.23189388854168,33.07900010987076,0.18175274785643275,0.0,3.2144770437701067,786.4298147990755,4.321042938456459,0.0,9.23189388854168,0.0,0.0,0.0,733.5248149089462,0.04036442257615752,0.9596355774238426,58.0,5.0,5.0,290.0,8000.0,2320000.0,0.0,0.0,0.0
Sonora,Carbó,20,Hermosillo,144,Betabel,2010,2011,29.738876,-111.043247,581.0,495.75999381749904,5.447912019972517,2.247144527933269,10.052934085249342,24.039340659340663,10.57,33.32,31.041538461538458,16.6,40.83,17.037142857142857,3.38,26.22,46.98428571428572,17.39,89.77,19.276043956043956,9.01,25.55,2.3792307692307695,1.38,6.11,44.5,0.489010989010989,0.0,13.86,35.6,0.3912087912087912,0.0,11.088000000000001,11.000460309074723,6.378418396739414,16.713322388767693,0.08976117588137114,10,2,23,3,450.67775840416505,4.952502839606209,2.3595017543299326,9.550287380986875,24.791737287884253,0.2724366734932335,0.0,3.904235533554319,425.88602111628074,4.680066166112975,0.0,9.550287380986875,247.9173728788425,4258.860211162808,4506.777584041651,415.077758404165,0.05500989748345019,0.9449901025165497,13.0,5.0,5.0,65.0,6500.0,422500.0,19.070567144526347,327.6046316279083,346.67519877243467
Sonora,Carbó,20,Hermosillo,144,Betabel,2011,2012,29.738876,-111.043247,581.0,553.1475130495053,6.0785440994451125,1.8500333410133516,9.890051311510119,25.010329670329664,14.16,33.775,32.20098901098901,16.01,41.16,17.81967032967033,7.1,26.39,40.314945054945056,14.29,78.64,19.233296703296705,6.31,24.77,2.563076923076923,1.31,5.6,104.47999999999999,1.148131868131868,0.0,52.6,83.584,0.9185054945054946,0.0,42.080000000000005,10.668954190045428,4.686685707394706,16.448968178837198,0.1888827076596642,10,4,42,0,514.9319380425561,5.658592725742375,1.7575316739626838,10.384553877085626,27.19292993814245,0.2988234059136533,0.0,3.5478484349468045,487.73900810441364,5.359769319828722,0.0,10.384553877085626,271.92929938142447,4877.390081044136,5149.319380425561,431.3479380425561,0.05280878486875893,0.947191215131241,14.2,14.0,14.0,198.8,6520.0,1296176.0,19.149950660663695,343.4781747214181,362.6281253820818
Sonora,Carbó,20,Hermosillo,144,Betabel,2012,2013,29.738876,-111.043247,581.0,484.57892407861453,5.3250431217430165,2.4688787404493624,8.43576622639293,24.983351648351643,15.95,31.185000000000002,31.862307692307695,21.88,39.41,18.104395604395602,8.87,24.52,46.78857142857142,18.35,87.77,18.396263736263737,4.96,24.02,2.1836263736263732,1.18,4.23,54.69,0.6009890109890109,0.0,17.38,43.751999999999995,0.48079120879120874,0.0,13.904,10.588515830027106,4.157234820825357,15.912738989348156,0.11286087215614746,10,4,20,0,451.6651492268002,4.963353288206596,1.8196121425390326,8.857554537712577,19.172482425532657,0.2106866200607984,0.0,3.2049409354624077,432.4926668012676,4.752666668145798,0.0,8.857554537712577,191.72482425532655,4324.926668012676,4516.651492268003,407.9131492268002,0.042448443184854495,0.9575515568151456,12.95,11.0,11.0,142.45,3583.78,510509.46,14.805005734002052,333.9711712751101,348.7761770091122
Sonora,Carbó,20,Hermosillo,144,Betabel,2013,2014,29.738876,-111.043247,581.0,478.76456082016705,5.261149020001835,1.8959678234287929,7.888935584826802,23.72708791208791,14.925,32.625,30.691428571428567,19.69,40.07,16.762747252747253,8.08,25.18,49.1965934065934,21.64,85.38,19.313846153846153,8.55,24.99,2.259010989010989,0.91,4.57,116.78,1.2832967032967033,0.0,40.59,93.424,1.0266373626373626,0.0,32.472,11.094224012590903,5.548817578679252,16.411333637169296,0.2439194743235491,10,6,15,0,440.3187036094821,4.838667072631671,1.8011694322573533,8.283382364068142,27.5211222235353,0.302429914544344,0.0,3.3029881449744796,412.79758138594684,4.536237158087328,0.0,8.283382364068142,275.21122223535303,4127.975813859468,4403.187036094821,346.8947036094821,0.06250273267506651,0.9374972673249335,11.1,12.0,12.0,133.2,6568.71,874952.17,24.793803804986762,371.88971296031247,396.6835167652992
Sonora,Carbó,20,Hermosillo,144,Betabel,2014,2015,29.738876,-111.043247,581.0,443.4968022973042,4.87359123403631,1.8331067913399643,8.528357338696347,24.229890109890114,15.815000000000001,32.235,30.68098901098901,22.79,40.73,17.77879120879121,7.44,24.78,57.10857142857143,22.25,90.73,18.50714285714286,4.1,25.84,2.282307692307692,1.11,5.71,194.83,2.1409890109890113,0.0,70.55,155.864,1.712791208791209,0.0,56.44,10.949917368835576,3.937041472540415,16.733618254423018,0.43930418210635264,18,7,12,0,402.0777083041361,4.418436354990506,1.7110544618883596,6.864368492914461,41.634311173800896,0.4575199030088011,0.0,4.369329242212452,360.4433971303352,3.9609164519817055,0.0,6.864368492914461,416.34311173800893,3604.433971303352,4020.777083041361,246.21370830413608,0.10354792199101034,0.8964520780089897,9.88,9.0,9.0,88.92,6578.0,584915.76,42.13999106660009,364.82125215620965,406.96124322280974
Sonora,Carbó,20,Hermosillo,144,Betabel,2015,2016,29.738876,-111.043247,581.0,434.53861388332865,4.775149603113501,2.4030527267491752,7.215146221407943,23.942747252747257,12.459999999999999,31.095,30.316923076923075,19.54,39.46,17.568571428571428,4.79,24.95,55.77395604395604,29.57,85.75,17.84285714285714,5.72,24.12,2.294835164835164,1.04,4.64,144.97,1.593076923076923,0.0,44.57,115.976,1.2744615384615385,0.0,35.656,10.58239648863816,4.770008542614873,16.26958144657086,0.33361822256588614,16,4,19,1,402.6257781346371,4.424459100380627,1.5561611202454422,7.575903532478341,32.93470327299621,0.36191981618677155,0.0,3.2487193517626136,369.69107486164086,4.062539284193855,0.0,7.575903532478341,329.3470327299621,3696.9107486164085,4026.2577813463704,286.6497781346371,0.0817997879459743,0.9182002120540257,12.8,8.0,8.0,102.4,5120.0,524288.0,25.730236932028287,288.8211522356569,314.55138916768516
Sonora,Carbó,20,Hermosillo,144,Betabel,2016,2017,29.738876,-111.043247,581.0,534.3086010952866,5.871523088959193,2.6565494158087195,8.906793728525098,26.11978021978022,14.65,31.415,33.3898901098901,21.52,40.63,18.84967032967033,7.28,24.39,40.722967032967034,17.57,78.7,19.087362637362638,8.56,26.11,2.33054945054945,1.56,6.46,60.720000000000006,0.6672527472527473,0.0,39.04,48.57599999999999,0.5338021978021977,0.0,31.232,10.675825351155545,5.380650472542343,16.512745463542736,0.11364219081543744,3,3,38,0,490.70090834921285,5.392317674167174,1.5972988520362235,8.461454042098843,10.453163342195598,0.11486992683731427,0.0,6.259235428797763,480.2477450070173,5.27744774732986,0.0,8.461454042098843,104.53163342195597,4802.477450070172,4907.009083492128,442.1249083492129,0.021302514758657194,0.9786974852413428,10.0,1.0,1.0,10.0,4500.0,45000.0,10.453163342195598,480.2477450070172,490.7009083492128
Sonora,Carbó,20,Hermosillo,144,Calabacita,2010,2011,29.738876,-111.043247,581.0,870.3458523627439,9.066102628778582,4.562040740288801,12.376394766058894,25.272499999999997,14.870000000000001,34.045,33.834062499999995,19.84,43.13,16.7109375,7.85,26.33,26.628541666666667,9.63,57.76,29.370729166666667,21.49,32.45,3.1430208333333334,2.07,5.26,1.25,0.013020833333333334,0.0,0.7,1.0,0.010416666666666666,0.0,0.5599999999999999,17.27760747492884,13.195882123187221,19.853432635085092,0.0014362106702830856,0,0,41,0,722.9796072415746,7.531037575433069,2.2810203701444003,11.35602173379909,1.0,0.010416666666666666,0.0,0.5599999999999999,721.9796072415746,7.520620908766403,2.2394786181093234,11.35602173379909,10.0,7219.7960724157465,7229.7960724157465,721.9796072415746,0.001383164877658662,0.9986168351223413,19.92,25.0,25.0,498.0,4150.0,2066700.0,0.502008032128514,362.43956186826034,362.94156990038886
Sonora,Carbó,20,Hermosillo,144,Calabacita,2011,2012,29.738876,-111.043247,581.0,916.0741435466126,9.542438995277214,4.064181291063644,13.79399480303426,26.36869791666666,14.82,37.445,35.14760416666667,20.0,45.33,17.589791666666667,6.96,29.56,24.361979166666668,5.51,71.4,29.375416666666666,16.5,32.46,3.1977083333333334,1.54,6.67,57.910000000000004,0.6032291666666667,0.0,20.55,46.328,0.48258333333333336,0.0,16.44,17.119681177945775,10.433785282792602,19.39048839796469,0.06321540718942185,6,4,50,0,758.3937115163843,7.899934494962337,2.032090645531822,12.66826888617079,26.021592590484495,0.27105825615088014,0.0,8.765941825489959,732.3721189258998,7.628876238811457,0.0,12.66826888617079,260.21592590484494,7323.7211892589985,7583.937115163843,712.0657115163843,0.034311456167608695,0.9656885438323913,20.5,20.0,20.0,410.0,4300.0,1763000.0,12.693459800236338,357.25469215897556,369.9481519592119
Sonora,Carbó,20,Hermosillo,144,Calabacita,2012,2013,29.738876,-111.043247,581.0,894.9416040679857,9.322308375708184,4.60394016850052,14.146809080047744,26.70630208333333,15.709999999999999,36.325,35.35145833333333,21.9,45.73,18.06114583333333,7.27,26.92,25.025937499999998,8.12,73.67,29.340208333333333,18.41,32.49,3.019375,2.14,4.35,56.989999999999995,0.5936458333333333,0.0,22.72,45.592,0.47491666666666665,0.0,18.176,17.165677730663692,11.631352029213348,19.568438069613162,0.06368013258177978,8,4,53,0,739.7720675104208,7.705959036566884,2.811584867773596,13.439468626045356,33.37988996570403,0.34770718714275034,0.0,5.96388996570403,706.3921775447168,7.358251849424133,0.0,13.439468626045356,333.7988996570403,7063.921775447168,7397.720675104209,694.1800675104208,0.04512185770684539,0.9548781422931546,19.0,5.0,5.0,95.0,4400.0,418000.0,17.34020257958651,366.95697534790486,384.29717792749136
Sonora,Carbó,20,Hermosillo,144,Calabacita,2013,2014,29.738876,-111.043247,581.0,901.0158586878413,9.38558186133168,5.797989754026748,12.819196316638946,26.788229166666667,16.985,35.32,35.327708333333334,23.92,46.8,18.24875,9.3,28.41,26.9871875,5.45,66.09,29.329687500000002,21.37,31.94,3.1505208333333337,1.91,4.97,17.38,0.18104166666666666,0.0,9.2,13.904,0.14483333333333334,0.0,7.359999999999999,17.317003190013168,13.529789884716353,19.644198025573708,0.01928933861975601,4,1,52,0,744.0688034353143,7.75071670245119,2.898994877013374,12.178236500806998,12.691104495336194,0.13219900515975203,0.0,6.147104495336193,731.3776989399782,7.61851769729144,0.0,12.178236500806998,126.91104495336194,7313.776989399783,7440.688034353145,730.1648034353143,0.01705635881620388,0.9829436411837963,19.6,15.0,15.0,294.0,4245.0,1248030.0,6.45857735131613,372.20239131805516,378.6609686693713
Sonora,Carbó,20,Hermosillo,144,Calabacita,2014,2015,29.738876,-111.043247,581.0,918.108998669953,9.563635402812011,4.266269426063563,16.34080633641291,27.323645833333334,15.815,37.355,35.682916666666664,22.33,46.66,18.964375,9.3,28.05,24.88864583333334,5.73,75.59,28.694583333333338,13.92,31.89,3.1392708333333332,1.32,5.34,27.08,0.2820833333333333,0.0,23.33,21.663999999999998,0.22566666666666665,0.0,18.663999999999998,16.852183199802223,9.61708210963434,19.582528819440107,0.02949540853997758,2,1,56,0,762.8562414779997,7.946419182062496,2.1331347130317817,15.523766019592264,6.908163627203963,0.0719600377833746,0.0,3.908163627203962,755.9480778507957,7.874459144279122,0.0,15.523766019592264,69.08163627203963,7559.480778507957,7628.562414779997,741.1922414779997,0.009055655904210348,0.9909443440957897,19.0,80.0,80.0,1520.0,4452.0,6767040.0,3.6358755932652436,397.8674093951557,401.50328498842094
Sonora,Carbó,20,Hermosillo,144,Calabacita,2015,2016,29.738876,-111.043247,581.0,794.9373939105398,8.28059785323479,4.179002570323445,12.53615654023267,25.660677083333336,17.84,34.015,33.262708333333336,22.51,42.42,18.058645833333333,10.84,27.21,35.55864583333334,11.61,71.91,27.836666666666662,11.01,31.79,2.9618750000000005,1.47,4.42,67.02000000000001,0.6981250000000001,0.0,18.0,53.616,0.5585,0.0,14.4,17.00985474373384,8.304237840714906,19.941162594320254,0.084308526071856,13,3,33,0,657.1150013582538,6.844947930815144,2.0895012851617225,11.909348713221036,39.81497671705361,0.4147393408026418,0.0,5.8760651177000245,617.3000246412003,6.430208590012502,0.0,11.909348713221036,398.1497671705361,6173.0002464120025,6571.150013582539,603.4990013582538,0.06059057643602144,0.9394094235639786,31.08,90.0,90.0,2796.86,5841.03,16336543.17,12.81048156919357,198.61648154478775,211.42696311398132
Sonora,Carbó,20,Hermosillo,144,Calabacita,2016,2017,29.738876,-111.043247,581.0,859.789800749825,8.956143757810677,4.812168303217072,17.17556573315525,26.297708333333333,18.005,36.79,34.548854166666665,23.91,47.15,18.046562500000004,9.11,28.34,29.639895833333338,8.24,65.67,28.921666666666663,13.79,32.09,2.998958333333333,1.7,5.61,23.68,0.24666666666666667,0.0,14.5,18.944,0.19733333333333333,0.0,11.600000000000001,17.27690651725496,9.279570820876852,19.429054114123225,0.027541615380118036,3,1,41,0,707.5662695147835,7.3704819741123275,2.406084151608536,16.316787446497486,12.017024847453845,0.12517734216097756,0.0,4.673024847453846,695.5492446673295,7.245304631951349,0.0,16.316787446497486,120.17024847453845,6955.4924466732955,7075.662695147834,688.6222695147835,0.01698360332480881,0.983016396675191,37.4,206.0,206.0,7705.3,3536.97,27253394.6,3.2131082479823116,185.97573386826994,189.18884211625226
Sonora,Carbó,20,Hermosillo,144,Calabacita,2017,2018,29.738876,-111.043247,581.0,898.7611324314028,9.36209512949378,5.0079414827149975,12.621672828018214,27.35354166666666,16.08,35.805,35.94479166666667,21.4,46.62,18.762291666666666,9.2,27.43,25.002499999999998,6.77,54.67,29.077187499999997,17.57,32.59,2.980104166666667,1.43,4.84,19.52,0.20333333333333334,0.0,11.99,15.616,0.16266666666666665,0.0,9.592,16.994912312878437,11.714056913961688,19.54475048569733,0.021718785220710295,3,1,62,0,731.8579975593999,7.623520807910416,3.2786559253489416,11.990589186617303,11.275763759053188,0.11745587249013738,0.0,5.251763759053188,720.5822338003468,7.506064935420279,0.0,11.990589186617303,112.75763759053189,7205.822338003468,7318.579975594,716.2419975593999,0.015407037699465751,0.9845929623005344,31.79,95.0,95.0,3020.48,5353.11,16168961.69,3.5790394410579873,228.7199599429763,232.2989993840343
Sonora,Carbó,20,Hermosillo,144,Calabacita,2018,2019,29.738876,-111.043247,581.0,915.6430398852483,9.537948332138003,3.9763063622161186,12.557740372266807,27.540833333333335,17.845,36.495000000000005,36.111979166666664,24.36,46.49,18.969687500000003,10.88,26.5,23.829687500000002,6.49,65.21,29.129791666666666,8.7,32.52,3.0648958333333334,2.1,5.18,9.190000000000001,0.09572916666666668,0.0,4.39,7.352,0.07658333333333334,0.0,3.512,17.032884451410094,7.030612916260273,20.01268584481656,0.0100366623232911,2,0,61,0,749.2175229555265,7.804349197453401,3.4063351177938475,11.929853353653465,7.352,0.07658333333333334,0.0,3.512,741.8655229555266,7.727765864120069,0.26549104410531266,11.929853353653465,73.52000000000001,7418.655229555266,7492.175229555266,741.8655229555266,0.00981290449667768,0.9901870955033224,29.31,89.0,89.0,2608.45,5398.56,14081873.83,2.5955869373345104,261.911923373531,264.50751031086554
Sonora,Carbó,20,Hermosillo,144,Calabacita,2019,2020,29.738876,-111.043247,581.0,850.7146123102491,8.861610544898427,5.685214455511119,12.910943943856564,25.65822916666667,17.945,36.815,33.904375,23.94,44.28,17.41208333333333,10.37,30.93,29.305729166666662,10.97,51.36,29.2375,22.08,32.23,2.9869791666666665,1.28,4.69,8.81,0.09177083333333334,0.0,5.76,7.048,0.07341666666666667,0.0,4.608,17.425090846127862,13.676597092503293,19.69534675823237,0.010355999382771928,2,1,40,0,697.3386375829338,7.263944141488893,3.0321715424316893,11.8721489752749,7.048,0.07341666666666667,0.0,4.608,690.2906375829338,7.190527474822226,0.7929537327355627,11.8721489752749,70.48,6902.906375829338,6973.386375829337,690.2906375829338,0.010106997691149429,0.9898930023088506,31.49,129.0,129.0,4061.68,5500.0,22339240.0,2.1019982105577095,205.87254326958956,207.97454148014725
Sonora,Carbó,20,Hermosillo,144,Calabacita,2020,2021,29.738876,-111.043247,581.0,865.3623649793008,9.014191301867717,4.207679998298008,12.069803282319887,26.69,14.835,34.519999999999996,35.060833333333335,20.94,43.5,18.319166666666664,7.22,27.63,30.786041666666666,10.57,66.44,29.411354166666666,19.71,32.83,2.9187499999999993,1.89,4.64,9.129999999999999,0.09510416666666666,0.0,2.48,7.304,0.07608333333333334,0.0,1.984,17.617828813329,13.330617480618946,19.58879564759004,0.01055049349207414,3,0,57,0,726.3382773861259,7.566023722772145,2.103839999149004,11.466313118203892,7.304,0.07608333333333334,0.0,1.984,719.034277386126,7.489940389438812,1.3278399991490042,11.466313118203892,73.04,7190.342773861259,7263.382773861259,719.034277386126,0.010055920536481858,0.9899440794635181,34.04,75.0,75.0,2553.2,6684.96,17068039.87,2.509534444253565,247.04836879784432,249.5579032420979
Sonora,Carbó,20,Hermosillo,144,Calabacita,2021,2022,29.738876,-111.043247,581.0,888.0881383942426,9.25091810827336,4.439055473686029,13.155889542374574,27.184427083333333,18.765,35.08,35.463541666666664,25.11,44.55,18.905312499999997,10.96,26.31,27.18958333333333,6.52,76.72,28.871145833333333,17.89,32.31,3.0149999999999992,0.9,6.06,66.45,0.6921875000000001,0.0,38.98,53.16,0.55375,0.0,31.183999999999997,17.04524883861833,12.703481767670244,19.17211796657422,0.07482365446311291,6,2,48,0,729.7688875021906,7.6017592448144855,3.3112785154543936,12.498095065255844,18.59703081178678,0.1937190709561123,0.0,4.955929622372704,711.1718566904038,7.408040173858374,0.0,12.498095065255844,185.9703081178678,7111.718566904038,7297.688875021906,676.6088875021907,0.025483452542680446,0.9745165474573195,25.78,75.0,75.0,1933.5,6500.0,12567750.0,6.861107106359262,262.37663039675476,269.23773750311403
Sonora,Carbó,20,Hermosillo,144,Calabacita,2022,2023,29.738876,-111.043247,581.0,870.6356413864328,9.069121264442009,6.040488969673495,12.889815812070335,27.310572916666672,20.145,36.045,35.845416666666665,28.41,44.8,18.775729166666668,11.03,28.4,28.41864583333333,4.55,65.76,28.846354166666668,17.59,32.09,2.849895833333333,1.23,4.55,58.68,0.61125,0.0,16.13,46.944,0.48900000000000005,0.0,12.904,17.139293416931043,11.51710095069001,19.320445251646333,0.0673990326269618,7,5,58,0,714.0379504569039,7.437895317259415,3.0202444848367476,12.245325021466817,35.58124176902601,0.37063793509402093,0.0,7.138532431393474,678.4567086878778,7.067257382165394,0.0,12.245325021466817,355.8124176902601,6784.567086878778,7140.3795045690385,667.0939504569039,0.049831023331824334,0.9501689766681756,27.5,70.0,70.0,1925.0,6625.19,12753490.75,12.938633370554912,246.71153043195557,259.65016380251046
Sonora,Carbó,20,Hermosillo,144,Calabacita,2023,2024,29.738876,-111.043247,581.0,890.1264669281484,9.272150697168213,5.543155001126422,14.578171274339963,26.398749999999996,15.995000000000001,37.625,35.016354166666666,23.66,47.24,17.781145833333333,7.11,28.9,23.390937500000003,6.61,44.55,29.069895833333334,18.69,31.87,2.970520833333333,2.12,4.89,5.239999999999999,0.054583333333333324,0.0,4.64,4.192,0.043666666666666666,0.0,3.7119999999999997,16.970235984768156,12.31952307547406,19.31612581921498,0.005886803948301175,1,0,42,0,725.9794154680111,7.562285577791783,3.199670335618394,12.783625905855772,4.192,0.043666666666666666,0.0,3.7119999999999997,721.7874154680112,7.518618911125117,2.5954046986699337,12.783625905855772,41.92,7217.874154680112,7259.794154680112,721.7874154680111,0.005774268403047735,0.9942257315969524,29.98,70.0,70.0,2098.6,6956.45,14598805.97,1.468044125372089,252.77093870355847,254.23898282893057
Sonora,Carbó,20,Hermosillo,144,Calabaza,2010,2011,29.738876,-111.043247,581.0,781.6166905180074,7.816166905180074,2.649277072835084,11.190140666146204,21.619249999999997,11.94,30.62,30.199399999999997,17.82,39.92,13.039099999999998,4.39,22.42,29.853500000000004,11.17,74.66,27.339799999999997,12.66,32.45,3.0814999999999997,1.82,5.63,5.0200000000000005,0.0502,0.0,3.85,4.016,0.04016,0.0,3.08,15.747164498333772,8.3769037842384,18.964873831434666,0.006422585470472814,1,0,17,2,687.8820635677273,6.878820635677273,1.324638536417542,11.190140666146204,2.260638536417542,0.022606385364175422,0.0,1.324638536417542,685.6214250313099,6.856214250313099,0.0,11.190140666146204,22.60638536417542,6856.214250313098,6878.8206356772735,683.8660635677273,0.003286375174099833,0.9967136248259003,17.2,50.0,50.0,860.0,3213.95,2764000.0,1.3532705994717404,410.4288686209577,411.7821392204294
Sonora,Carbó,20,Hermosillo,144,Calabaza,2011,2012,29.738876,-111.043247,581.0,864.1993802386851,8.641993802386851,4.064181291063644,13.335019880179779,23.347900000000003,14.82,32.79,32.396499999999996,20.0,42.35,14.2993,6.96,24.1,22.662000000000003,5.51,59.37,27.810699999999997,16.5,32.46,3.1217,1.92,6.67,4.35,0.0435,0.0,4.35,3.48,0.0348,0.0,3.48,15.585814263445108,10.433785282792602,19.34557630161116,0.00503356065679955,1,0,27,0,748.7618035306978,7.487618035306977,2.6036965913431174,13.328820420597296,3.48,0.0348,0.0,3.48,745.2818035306977,7.4528180353069775,0.5841812910636439,13.328820420597296,34.8,7452.818035306977,7487.618035306978,745.2818035306977,0.004647672976359734,0.9953523270236403,25.0,25.0,25.0,625.0,2100.0,1312500.0,1.392,298.1127214122791,299.5047214122791
Sonora,Carbó,20,Hermosillo,144,Calabaza,2012,2013,29.738876,-111.043247,581.0,844.0465976469801,8.4404659764698,2.5538392598742448,12.305220807462604,23.127799999999997,11.83,31.269999999999996,32.0577,14.25,41.77,14.197899999999999,5.9,22.56,22.442299999999996,8.12,66.59,27.5773,8.85,32.49,3.0361000000000007,1.96,5.21,0.17,0.0017000000000000001,0.0,0.1,0.136,0.00136,0.0,0.08000000000000002,15.503632255546776,6.683101286593165,19.568438069613162,0.0002014106809670501,0,0,29,0,739.349057452588,7.39349057452588,1.2769196299371224,12.305220807462604,0.136,0.00136,0.0,0.08000000000000002,739.213057452588,7.39213057452588,1.1969196299371223,12.305220807462604,1.36,7392.130574525881,7393.49057452588,739.213057452588,0.00018394559190835412,0.9998160544080917,16.79,497.0,497.0,8343.0,6087.37,50786915.0,0.08100059559261466,440.2698376727743,440.35083826836694
Sonora,Carbó,20,Hermosillo,144,Calabaza,2013,2014,29.738876,-111.043247,581.0,850.0652800803252,8.500652800803252,4.279675802647097,12.819196316638946,23.765050000000002,13.09,31.810000000000002,32.559,20.03,41.0,14.9711,6.15,23.37,25.151299999999996,5.45,58.41,27.602200000000003,18.98,31.94,3.105,2.0,4.97,1.0699999999999998,0.010699999999999998,0.0,0.57,0.856,0.00856,0.0,0.45599999999999996,15.688087690291843,10.12139388147445,19.644198025573708,0.001258726859070038,0,0,28,0,738.7713974032494,7.3877139740324935,2.1398379013235487,12.819196316638946,0.856,0.00856,0.0,0.45599999999999996,737.9153974032494,7.379153974032493,1.6838379013235487,12.819196316638946,8.56,7379.153974032493,7387.713974032494,737.9153974032494,0.0011586804835823426,0.9988413195164176,24.8,150.0,150.0,3720.0,2137.5,7951500.0,0.3974924541444161,342.658647505572,343.0561399597164
Sonora,Carbó,20,Hermosillo,144,Calabaza,2014,2015,29.738876,-111.043247,581.0,853.7568979008422,8.537568979008421,2.9607444587992204,16.34080633641291,24.23805,15.815,37.355,32.6606,22.33,46.66,15.8155,9.3,28.05,24.22,5.73,70.1,26.9045,8.46,31.89,3.007599999999999,1.32,5.34,3.4699999999999993,0.034699999999999995,0.0,1.73,2.776,0.027759999999999996,0.0,1.3840000000000001,15.231294965937474,6.234717896822864,19.582528819440107,0.004064388830745371,2,0,31,0,749.0641385305597,7.490641385305597,1.4803722293996102,13.32256469250024,2.776,0.027759999999999996,0.0,1.3840000000000001,746.2881385305596,7.462881385305597,0.5523722293996103,13.32256469250024,27.759999999999998,7462.881385305596,7490.6413853055965,746.2881385305598,0.0037059576840051153,0.9962940423159948,15.8,9.0,9.0,142.2,6520.0,927144.0,1.6968215158924205,456.16634384508535,457.86316536097775
Sonora,Carbó,20,Hermosillo,144,Calabaza,2015,2016,29.738876,-111.043247,581.0,752.6742543673555,7.526742543673555,1.8654228162410302,12.53615654023267,23.055350000000004,14.605,31.965,30.855600000000003,19.25,41.16,15.2551,9.25,25.31,34.742399999999996,11.61,86.05,25.888099999999994,8.25,31.79,2.9501999999999997,1.1,5.69,49.44,0.49439999999999995,0.0,18.0,39.55200000000001,0.3955200000000001,0.0,14.4,15.316070422769478,6.1568637109396995,19.136612565802693,0.06568578599988882,6,3,15,0,661.1949196560115,6.611949196560115,0.9327114081205151,10.028925232186136,15.072215292279273,0.15072215292279273,0.0,4.948265362273705,646.1227043637323,6.461227043637323,0.0,10.028925232186136,150.72215292279273,6461.227043637323,6611.9491965601155,621.6429196560115,0.022795419087794314,0.9772045809122057,12.0,294.0,294.0,3528.0,5690.07,20074566.96,12.560179410232728,538.4355869697769,550.9957663800096
Sonora,Carbó,20,Hermosillo,144,Calabaza,2016,2017,29.738876,-111.043247,581.0,812.7537742097774,8.127537742097774,3.5317519412537703,17.17556573315525,23.40935,11.855,36.79,32.0005,15.63,47.15,14.818199999999997,7.69,28.34,28.0906,8.24,60.5,27.407700000000006,13.79,32.08,2.9323,1.7,5.61,2.54,0.0254,0.0,1.95,2.032,0.02032,0.0,1.56,15.776852884682818,9.279570820876852,19.429054114123225,0.0031251777359872445,1,0,20,0,704.7364303169315,7.047364303169315,1.7658759706268852,13.7404525865242,2.032,0.02032,0.0,1.56,702.7044303169315,7.0270443031693155,0.20587597062688512,13.7404525865242,20.32,7027.044303169315,7047.364303169315,702.7044303169315,0.00288334746521643,0.9971166525347835,14.2,230.0,230.0,3266.0,13882.94,45341682.04,1.2307692307692308,425.62351927130925,426.8542885020785
Sonora,Carbó,20,Hermosillo,144,Calabaza,2017,2018,29.738876,-111.043247,581.0,842.3539922924668,8.423539922924668,4.302887801788949,12.414821553763721,24.65755,16.08,31.595,33.340799999999994,21.4,41.93,15.974300000000001,9.2,23.9,26.234199999999998,9.94,53.97,27.5739,13.04,32.04,2.9254999999999995,1.93,4.84,1.49,0.0149,0.0,0.97,1.1920000000000002,0.011920000000000002,0.0,0.776,15.708779774650216,8.196578425096174,19.117988655513024,0.0017688525413703615,0,0,43,0,735.8484458008793,7.3584844580087925,2.1514439008944746,12.414821553763721,1.1920000000000002,0.011920000000000002,0.0,0.776,734.6564458008793,7.3465644580087925,2.1514439008944746,12.414821553763721,11.920000000000002,7346.564458008793,7358.484458008793,734.6564458008793,0.0016198987805194816,0.9983801012194805,16.2,155.0,155.0,2511.0,6759.02,16971899.22,0.7290519877675842,449.33115951124114,450.06021149900874
Sonora,Carbó,20,Hermosillo,144,Calabaza,2018,2019,29.738876,-111.043247,581.0,856.119033156676,8.56119033156676,4.413467755555112,12.557740372266807,24.539699999999996,15.2,33.675,33.1646,21.79,42.05,15.9148,5.67,25.3,23.253200000000003,6.49,54.06,27.043099999999995,13.23,32.52,2.9680999999999993,1.89,5.18,0.01,0.0001,0.0,0.01,0.008,8e-05,0.0,0.008,15.330547608230859,8.253151852785859,18.75522579824194,1.1680618713881493e-05,0,0,38,0,753.2366829990175,7.532366829990175,2.206733877777556,12.051572146068784,0.008,8e-05,0.0,0.008,753.2286829990175,7.532286829990174,2.206733877777556,12.051572146068784,0.08,7532.286829990175,7532.366829990175,753.2286829990175,1.0620831646366373e-05,0.9999893791683536,15.0,210.0,210.0,3150.0,12022.3,37870245.0,0.005001562988433886,470.91508783933574,470.92008940232415
Sonora,Carbó,20,Hermosillo,144,Calabaza,2019,2020,29.738876,-111.043247,581.0,738.808427767956,7.38808427767956,2.628252038407128,10.84640191799145,22.062849999999997,12.77,29.009999999999998,30.19440000000001,16.48,38.12,13.931299999999998,7.25,20.58,34.2609,14.82,76.73,26.566600000000005,5.76,32.13,2.8314999999999997,1.28,4.69,29.0,0.29,0.0,19.71,23.2,0.23199999999999998,0.0,15.768,15.684553327172912,5.0581028160194,19.321561344075782,0.0392523946804628,3,2,13,0,655.3564240082579,6.553564240082579,1.314126019203564,10.84640191799145,8.803122265578349,0.08803122265578349,0.0,4.608,646.5533017426795,6.465533017426796,0.0,10.84640191799145,88.0312226557835,6465.533017426796,6553.564240082579,632.1564240082579,0.01343257186942204,0.9865674281305779,16.21,145.0,145.0,2350.0,11829.53,27799395.5,5.84730804754457,429.4608447311057,435.30815277865025
Sonora,Carbó,20,Hermosillo,144,Calabaza,2022,2023,29.738876,-111.043247,581.0,850.7149014920715,8.507149014920715,4.162199070891472,12.799964881904502,23.84445,14.37,31.165,32.920500000000004,23.33,41.02,14.768400000000002,5.41,23.3,23.178100000000008,4.55,52.47,27.689700000000002,10.94,32.09,2.9611000000000005,1.66,4.65,0.68,0.0068000000000000005,0.0,0.55,0.544,0.00544,0.0,0.44000000000000006,15.570846197522787,7.115172701578032,19.320445251646333,0.0007993277169676304,0,0,35,0,745.5450145503653,7.455450145503653,2.081099535445736,12.799964881904502,0.544,0.00544,0.0,0.44000000000000006,745.0010145503653,7.450010145503653,2.0730995354457358,12.799964881904502,5.44,7450.010145503653,7455.4501455036525,745.0010145503653,0.0007296675443911108,0.9992703324556089,20.29,70.0,70.0,1420.0,13200.0,18744000.0,0.25727122251123197,352.3296356350746,352.58690685758586
Sonora,Carbó,20,Hermosillo,144,Calabaza,2023,2024,29.738876,-111.043247,581.0,785.6887432052396,7.856887432052396,3.76401897188692,11.447688929722617,22.5691,10.355,29.005000000000003,31.079099999999997,17.07,39.84,14.0591,3.64,20.6,28.565399999999997,10.02,67.27,26.9623,10.92,31.71,2.9254000000000002,1.64,4.89,8.07,0.08070000000000001,0.0,4.64,6.4559999999999995,0.06455999999999999,0.0,3.7119999999999997,15.53765601614441,7.658839613593956,19.098948649429232,0.010271242995130879,2,0,17,2,692.5295719296332,6.925295719296332,1.88200948594346,11.447688929722617,6.4559999999999995,0.06455999999999999,0.0,3.7119999999999997,686.0735719296333,6.860735719296333,0.4038463049108818,11.447688929722617,64.56,6860.735719296334,6925.295719296334,686.0735719296332,0.009322345588811886,0.9906776544111883,21.3,46.0,46.0,979.8,13741.07,13463500.39,3.1135760790933205,330.8770542221526,333.9906303012459
Sonora,Carbó,20,Hermosillo,144,Cebolla,2010,2011,29.738876,-111.043247,581.0,1067.051065163983,5.033259741339542,1.286968893945245,9.77653771394855,18.33629716981132,10.305,29.53,25.74155660377358,14.7,37.98,10.931037735849056,2.87,22.78,40.50094339622641,13.01,83.73,18.541556603773586,4.81,29.68,2.740471698113207,1.22,7.65,112.62,0.5312264150943397,0.0,22.71,90.096,0.4249811320754717,0.0,18.168000000000003,9.890616616069133,4.180233930823098,18.046359088727495,0.10554321501257555,18,6,6,8,979.7049076351929,4.6212495643169476,1.3513173386425075,7.332403285461412,39.62503982842601,0.18691056522842459,0.0,3.3720381523105045,940.0798678067667,4.4343389990885225,0.0,7.332403285461412,0.0,0.0,0.0,889.6089076351928,0.04044589296186415,0.9595541070381357,24.83,4.0,4.0,99.3,2100.0,208530.0,0.0,0.0,0.0
Sonora,Carbó,20,Hermosillo,144,Cebolla,2011,2012,29.738876,-111.043247,581.0,1196.4359436193636,5.643565771789451,2.150823390213724,12.256268821427954,19.426863207547164,1.2999999999999998,30.85,27.426698113207546,6.06,38.13,11.427028301886796,-3.46,23.57,33.28297169811321,9.56,74.1,19.458584905660377,8.96,30.46,2.713632075471698,1.31,8.98,20.82,0.09820754716981132,0.0,4.35,16.656,0.07856603773584905,0.0,3.48,10.001143963243674,4.859356926616812,17.85627669293514,0.017401683818539404,8,0,12,17,1106.6362862275619,5.219982482205481,2.074856497119457,10.55558078951181,16.224135968297734,0.07652894324668742,0.0,3.048135968297733,1090.412150259264,5.143453538958793,0.0,10.55558078951181,0.0,0.0,0.0,1089.980286227562,0.014660766297122398,0.9853392337028776,24.0,4.0,4.0,96.0,2100.0,201600.0,0.0,0.0,0.0
Sonora,Carbó,20,Hermosillo,144,Cebolla,2012,2013,29.738876,-111.043247,581.0,1170.1648979580832,5.4937319152961654,1.3665354827415797,10.098017375216536,18.921760563380282,7.41,31.025,26.730985915492962,13.1,40.09,11.112535211267607,1.72,24.11,35.890422535211265,9.66,84.02,19.137276995305157,3.75,30.24,2.7622065727699527,0.68,6.89,90.25,0.42370892018779344,0.0,52.6,72.20000000000002,0.3389671361502348,0.0,42.080000000000005,9.93711366622353,3.482455060130232,17.717202080708663,0.07712588213634218,10,3,21,12,1067.0554774995603,5.009650129105917,1.4348622568786586,9.70030055265514,24.264821163319763,0.11391934818459983,0.0,4.336013617919714,1042.7906563362408,4.895730780921318,0.0,9.70030055265514,0.0,0.0,0.0,994.8554774995603,0.022739980886635543,0.9772600191133647,23.8,2.0,2.0,47.6,2150.0,102340.0,0.0,0.0,0.0
Sonora,Carbó,20,Hermosillo,144,Cebolla,2013,2014,29.738876,-111.043247,581.0,1161.4411611084536,5.478496042964403,1.9045715761810849,11.6079722889293,19.39676886792453,5.785,29.354999999999997,27.13867924528302,12.21,38.08,11.654858490566037,-2.22,21.33,35.3791037735849,5.45,81.07,18.905849056603774,4.96,30.83,2.7308962264150947,1.26,5.18,52.97,0.24985849056603773,0.0,12.99,42.376000000000005,0.1998867924528302,0.0,10.392000000000001,9.904398917468306,4.080917878738014,17.465422657714054,0.04560713170303574,7,5,10,22,1066.8996266781578,5.032545408859235,1.9998001549901392,9.715949201328083,16.942278196650832,0.07991640658797562,0.0,3.1561309051059574,1049.9573484815069,4.952629002271259,0.0,9.715949201328083,0.0,0.0,0.0,1024.5236266781578,0.01587991763517756,0.9841200823648224,23.5,5.0,5.0,117.5,2055.0,241462.5,0.0,0.0,0.0
Sonora,Carbó,20,Hermosillo,144,Cebolla,2014,2015,29.738876,-111.043247,581.0,1178.0421750300738,5.556802712406009,1.7540281608213997,12.415024467304699,20.23639150943396,10.67,28.380000000000003,27.90155660377358,13.91,38.89,12.571226415094339,4.31,19.52,34.774433962264155,5.73,85.38,18.719811320754715,5.95,31.06,2.6244339622641513,1.21,5.15,32.879999999999995,0.1550943396226415,0.0,8.92,26.304,0.1240754716981132,0.0,7.136,9.760283799270763,4.278109880489341,17.220366188401545,0.027910715504867737,7,3,7,4,1086.5230829712546,5.12510888193988,1.8417295688624697,9.311268350478525,16.1551494048693,0.07620353492862877,0.0,2.936,1070.3679335663853,5.048905347011251,0.0,9.311268350478525,0.0,0.0,0.0,1060.2190829712545,0.014868666536462995,0.9851313334635371,22.8,10.0,10.0,228.0,2113.0,481764.0,0.0,0.0,0.0
Sonora,Carbó,20,Hermosillo,144,Cebolla,2015,2016,29.738876,-111.043247,581.0,1055.9530726906348,4.980910720238843,1.2330080006160098,9.86597725286356,20.14433962264151,6.805,27.28,27.320613207547172,13.44,37.13,12.968066037735847,0.17,22.26,45.66231132075472,12.17,91.91,18.327641509433963,5.42,30.29,2.56377358490566,1.1,5.71,114.51,0.5401415094339623,0.0,21.05,91.608,0.4321132075471698,0.0,16.84,10.071105382008588,4.156508640178882,17.66374027443564,0.10844231904001314,19,7,6,5,972.5988955618648,4.587730639442758,1.2946584006468103,9.693488582968765,37.89938084892823,0.17877066438173694,0.0,3.376,934.6995147129367,4.4089599750610216,0.0,9.693488582968765,0.0,0.0,0.0,880.9908955618648,0.03896712305747991,0.9610328769425203,23.8,6.0,6.0,142.8,2090.0,298452.0,0.0,0.0,0.0
Sonora,Carbó,20,Hermosillo,144,Cebolla,2016,2017,29.738876,-111.043247,581.0,1165.0304409538307,5.469626483351318,1.7884958094124053,10.355550208755131,19.74854460093897,8.03,31.03,27.473708920187793,13.49,39.29,12.023380281690141,1.32,22.77,37.979436619718314,11.04,82.44,19.03173708920188,5.57,30.46,2.7431924882629106,1.35,5.1,51.029999999999994,0.23957746478873237,0.0,10.51,40.824,0.1916619718309859,0.0,8.408,10.020292620899488,4.0790178489038444,18.06386676746762,0.04380143059456956,12,3,12,14,1078.8044888037537,5.064809806590393,1.8779205998830255,9.624336023807166,28.493969744820284,0.13377450584422668,0.0,3.128,1050.3105190589333,4.931035300746166,0.0,9.624336023807166,0.0,0.0,0.0,1037.9804888037536,0.026412542810621963,0.973587457189378,8.0,2.0,2.0,16.0,6500.0,104000.0,0.0,0.0,0.0
Sonora,Carbó,20,Hermosillo,144,Chile verde,2010,2011,29.738876,-111.043247,581.0,1450.0825208056851,8.011505639810416,2.649277072835084,12.376394766058894,25.504226519337017,11.94,36.07,33.24740331491713,17.82,44.07,17.761049723756905,4.39,28.07,37.16624309392265,9.63,85.22,27.16060773480663,11.36,32.45,2.859502762430939,1.21,5.63,283.18999999999994,1.5645856353591157,0.0,50.25,169.91400000000002,0.9387513812154697,0.0,30.15,16.42184904836556,8.3769037842384,19.853432635085092,0.19529233401327795,31,12,75,2,1438.03645122349,7.944952769190553,1.5895662437010503,12.99521450436184,94.78232761994275,0.5236592686184682,0.0,7.597685433450577,1343.2541236035474,7.4212935005720855,0.0,12.99521450436184,947.8232761994275,13432.541236035475,14380.364512234903,1268.12245122349,0.06591093538644405,0.934089064613556,40.0,47.0,47.0,1880.0,6100.0,11468000.0,23.695581904985687,335.81353090088686,359.5091128058725
Sonora,Carbó,20,Hermosillo,144,Chile verde,2012,2013,29.738876,-111.043247,581.0,1454.668579167394,8.036842978825382,2.5538392598742448,14.146809080047744,26.158121546961326,11.83,36.325,33.88353591160221,14.25,45.73,18.432707182320442,5.9,27.84,35.5046408839779,8.12,86.01,26.824640883977903,8.85,32.49,2.683370165745856,1.12,5.21,277.39000000000004,1.5325414364640886,0.0,22.72,166.43400000000003,0.9195248618784532,0.0,13.632,16.127622144712987,6.683101286593165,19.568438069613162,0.1906894834827389,41,22,80,0,1436.5498998926664,7.936739778412521,1.5323035559245468,14.854149534050132,145.08351598730906,0.8015663866702157,0.0,8.349445951985642,1291.4663839053578,7.135173391742309,0.0,14.854149534050132,1450.8351598730906,12914.663839053577,14365.498998926669,1270.1158998926664,0.10099441446353458,0.8990055855364657,39.0,4.0,4.0,156.0,2290.0,357240.0,37.20090153520745,331.1452266423994,368.34612817760683
Sonora,Carbó,20,Hermosillo,144,Chile verde,2013,2014,29.738876,-111.043247,581.0,1508.5209082288115,8.334369658722716,3.935719363260441,12.819196316638946,26.759668508287294,13.09,35.32,34.555801104972375,20.03,46.8,18.963535911602207,6.15,28.41,34.25690607734806,5.45,86.36,26.954806629834252,11.71,31.94,2.829281767955801,0.85,4.97,182.91,1.0105524861878452,0.0,24.13,146.328,0.8084419889502763,0.0,19.304000000000002,16.187463166191723,8.625602586237875,19.644198025573708,0.12125121965645061,28,14,86,0,1485.7399733372854,8.208508139985002,2.5678054815882585,13.460156132470894,116.57539318873033,0.6440629457940902,0.0,7.359999999999999,1369.164580148555,7.564445194190911,0.0,13.460156132470894,1165.7539318873032,13691.645801485549,14857.399733372851,1339.4119733372854,0.0784628503511805,0.9215371496488194,39.6,5.0,5.0,198.0,2405.0,476190.0,29.438230603214727,345.74863135064516,375.1868619538599
Sonora,Carbó,20,Hermosillo,144,Cilantro,2010,2011,29.738876,-111.043247,581.0,519.9567893617952,5.416216555852034,2.247144527933269,10.052934085249342,23.757656249999997,10.57,33.32,30.862083333333334,16.6,40.83,16.653229166666666,3.38,26.22,45.29208333333333,13.79,89.77,19.000208333333333,9.01,25.55,2.3676041666666667,1.38,6.11,44.5,0.4635416666666667,0.0,13.86,35.6,0.37083333333333335,0.0,11.088000000000001,10.714705834246573,4.997803762103674,16.713322388767693,0.08558403488609147,10,2,23,3,472.5861082239238,4.922771960665873,2.247144527933269,10.052934085249342,24.493464083699287,0.2551402508718676,0.0,3.718319555766018,448.0926441402246,4.667631709794006,0.0,10.052934085249342,244.93464083699286,4480.9264414022455,4725.861082239238,436.9861082239238,0.051828574004747587,0.9481714259952525,9.0,4.0,4.0,36.0,1750.0,63000.0,27.214960092999206,497.8807157113606,525.0956758043599
Sonora,Carbó,20,Hermosillo,144,Cilantro,2011,2012,29.738876,-111.043247,581.0,565.2629447750578,5.888155674740186,1.6928843370910698,9.890051311510119,24.25630208333334,9.065,33.775,31.354479166666664,13.91,41.16,17.158125000000002,2.49,26.39,41.54208333333333,14.29,78.64,18.922083333333333,6.31,24.77,2.5784374999999997,1.31,5.6,105.06,1.094375,0.0,52.6,84.048,0.8755000000000001,0.0,42.080000000000005,10.459658771941283,4.686685707394706,16.448968178837198,0.18586040526998962,10,4,42,3,519.7412536646593,5.413971392340201,1.6082401202365162,9.890051311510119,30.235091934064464,0.3149488743131715,0.0,4.966987808925526,489.50616173059484,5.09902251802703,0.0,9.890051311510119,302.3509193406446,4895.061617305948,5197.412536646592,435.6932536646593,0.05817335399273954,0.9418266460072604,8.7,5.0,5.0,43.5,1850.0,80475.0,34.163945688208436,553.1143070402202,587.2782527284286
Sonora,Carbó,20,Hermosillo,144,Cilantro,2012,2013,29.738876,-111.043247,581.0,510.07814646612275,5.313314025688778,2.4688787404493624,8.43576622639293,24.831197916666667,15.95,31.185000000000002,31.769375,21.88,39.41,17.893020833333335,8.87,24.52,45.629999999999995,18.35,87.77,18.2221875,4.96,24.02,2.1914583333333333,1.18,4.23,54.69,0.5696875,0.0,17.38,43.751999999999995,0.45574999999999993,0.0,13.904,10.361952137308238,4.157234820825357,15.912738989348156,0.10721886514624927,10,4,20,0,469.5196472281756,4.890829658626829,2.4688787404493624,8.43576622639293,23.550162971798247,0.2453141976228984,0.0,4.48691730964737,445.9694842563773,4.645515461003931,0.0,8.43576622639293,235.50162971798247,4459.694842563773,4695.196472281756,425.7676472281756,0.05015799255862326,0.9498420074413767,8.9,6.0,6.0,53.4,2025.0,108135.0,26.460857271683423,501.0893081532329,527.5501654249163
Sonora,Carbó,20,Hermosillo,144,Cilantro,2013,2014,29.738876,-111.043247,581.0,496.39711936550907,5.1708033267240525,1.8959678234287929,7.888935584826802,23.43854166666667,10.925,32.625,30.31927083333333,15.82,40.07,16.5578125,6.03,25.18,49.3959375,21.64,85.38,18.855729166666666,8.55,24.99,2.2857291666666666,0.91,4.57,122.65,1.2776041666666667,0.0,40.59,98.12,1.0220833333333335,0.0,32.472,10.814553615462033,5.220090250371781,16.411333637169296,0.2470804023938944,11,7,15,0,453.8929454549328,4.72805151515555,1.8011694322573533,7.888935584826802,34.769366202131685,0.3621808979388717,0.0,4.444092264544741,419.12357925280116,4.365870617216679,0.0,7.888935584826802,347.69366202131687,4191.235792528012,4538.9294545493285,355.7729454549328,0.07660257016614934,0.9233974298338508,8.8,8.0,8.0,70.4,2060.0,145024.0,35.66088841244276,429.87033769518075,465.5312261076235
Sonora,Carbó,20,Hermosillo,144,Cilantro,2014,2015,29.738876,-111.043247,581.0,461.4692963700961,4.8069718371885015,1.8331067913399643,8.528357338696347,24.022343750000005,15.815000000000001,32.235,30.497395833333332,22.79,40.73,17.54729166666667,7.44,24.78,56.774791666666665,22.25,90.73,18.155729166666667,4.1,25.84,2.283541666666667,1.11,5.71,197.41,2.0563541666666665,0.0,70.55,157.928,1.6450833333333332,0.0,56.44,10.706142695882042,3.937041472540415,16.733618254423018,0.42778577372930604,19,7,12,0,421.97039897121783,4.395524989283519,1.283174753937975,6.792944208323531,45.28779427367708,0.4717478570174696,0.0,3.971144001695153,376.68260469754074,3.9237771322660495,0.0,6.792944208323531,452.8779427367708,3766.8260469754073,4219.703989712178,264.04239897121784,0.1073245762832907,0.8926754237167093,9.0,6.0,6.0,54.0,1419.0,76626.0,48.17850454646498,400.7261752101497,448.90467975661466
Sonora,Carbó,20,Hermosillo,144,Cilantro,2015,2016,29.738876,-111.043247,581.0,461.1543151398628,4.803690782706904,2.4030527267491752,7.215146221407943,23.627708333333334,12.459999999999999,31.095,30.099062500000002,19.54,39.46,17.156354166666667,4.79,24.95,54.31718750000001,21.84,85.75,17.719166666666666,5.72,24.12,2.3445833333333335,1.04,4.67,144.97,1.5101041666666666,0.0,44.57,115.976,1.2080833333333334,0.0,35.656,10.368355968086066,4.770008542614873,16.26958144657086,0.3143633166612184,16,4,19,1,424.3341348762175,4.420147238293932,1.6821369087244227,7.215146221407943,34.71444532038028,0.3616088054206279,0.0,3.128,389.6196895558372,4.058538432873305,0.0,7.215146221407943,347.14445320380275,3896.1968955583725,4243.341348762176,308.3581348762175,0.08180922171275905,0.9181907782872409,10.0,7.0,7.0,70.0,1400.43,98030.1,34.71444532038028,389.6196895558372,424.3341348762175
Sonora,Carbó,20,Hermosillo,144,Cilantro,2016,2017,29.738876,-111.043247,581.0,550.6089526249701,5.735509923176772,1.906369792841244,8.906793728525098,25.475156249999998,11.975,31.415,32.70104166666667,15.58,40.63,18.249270833333334,5.56,24.39,40.86885416666667,17.57,78.7,18.806041666666665,8.56,26.11,2.3211458333333335,1.3,6.46,61.09,0.6363541666666667,0.0,39.04,48.87199999999999,0.5090833333333332,0.0,31.232,10.450328932633381,5.380650472542343,16.512745463542736,0.11094988504774554,3,3,38,0,504.0017748157941,5.250018487664522,1.8110513031991817,8.461454042098843,11.907875677611983,0.12404037164179149,0.0,5.961176598855012,492.0938991381821,5.12597811602273,0.0,8.461454042098843,119.07875677611983,4920.938991381821,5040.017748157941,455.12977481579406,0.023626654255263592,0.9763733457447364,8.0,2.0,2.0,16.0,3500.0,56000.0,14.884844597014979,615.1173739227277,630.0022185197427
Sonora,Carbó,20,Hermosillo,144,Col (repollo),2010,2011,29.738876,-111.043247,581.0,789.2502679404006,4.7545196863879555,1.286968893945245,9.864954360876922,20.284397590361447,10.305,32.345,27.25524096385542,14.7,40.55,13.313554216867471,2.87,24.91,43.59253012048193,17.46,83.73,16.766265060240965,4.81,24.65,2.5103614457831327,0.99,7.65,152.82999999999998,0.9206626506024096,0.0,22.71,122.26400000000001,0.7365301204819278,0.0,18.168000000000003,8.950687307695743,4.180233930823098,16.12852955389166,0.19363946546235544,25,9,29,5,735.2829197094352,4.429415178972501,1.2226204492479826,7.710089828060058,58.67928560317134,0.35348967230826106,0.0,4.201523956402637,676.6036341062638,4.07592550666424,0.0,7.710089828060058,0.0,0.0,0.0,613.0189197094352,0.07980504378690025,0.9201949562130997,24.05,5.0,5.0,120.24,5952.0,715668.48,0.0,0.0,0.0
Sonora,Carbó,20,Hermosillo,144,Col (repollo),2011,2012,29.738876,-111.043247,581.0,841.1418377727211,5.067119504654947,2.150823390213724,10.052934085249342,20.65789156626506,1.2999999999999998,33.32,28.035421686746982,6.06,40.83,13.280361445783132,-3.46,26.22,39.92204819277108,9.87,89.77,17.53096385542169,8.96,25.55,2.552168674698795,1.31,8.98,47.06,0.28349397590361447,0.0,13.86,37.648,0.2267951807228916,0.0,11.088000000000001,9.142767000496187,4.859356926616812,16.713322388767693,0.05594775801975474,11,2,23,15,786.9705281484241,4.740786314147133,1.5730011695532884,10.55558078951181,24.7518248585895,0.1491073786662018,0.0,3.664,762.2187032898347,4.591678935480932,0.0,10.55558078951181,0.0,0.0,0.0,749.3225281484241,0.03145203533457006,0.96854796466543,29.5,5.0,5.0,147.5,6100.0,899750.0,0.0,0.0,0.0
Sonora,Carbó,20,Hermosillo,144,Col (repollo),2012,2013,29.738876,-111.043247,581.0,851.1996636772662,5.1277088173329295,1.3665354827415797,9.890051311510119,20.68882530120482,7.41,33.775,27.95933734939759,13.1,41.16,13.418313253012048,1.72,26.39,41.6132530120482,14.29,84.02,17.25680722891566,3.75,24.77,2.6371686746987946,1.31,6.89,124.47000000000001,0.7498192771084338,0.0,52.6,99.576,0.599855421686747,0.0,42.080000000000005,9.053938242012705,3.482455060130232,16.448968178837198,0.1462289111608402,15,5,42,10,790.770989276866,4.763680658294374,1.4348622568786586,10.384553877085626,42.2380216990253,0.25444591384955,0.0,4.966987808925526,748.5329675778407,4.509234744444823,0.0,10.384553877085626,0.0,0.0,0.0,691.194989276866,0.05341372188887529,0.9465862781111248,25.8,20.0,20.0,516.0,6134.73,3165520.68,0.0,0.0,0.0
Sonora,Carbó,20,Hermosillo,144,Col (repollo),2013,2014,29.738876,-111.043247,581.0,774.6559622104382,4.666602181990592,1.9045715761810849,8.43576622639293,20.52,5.785,31.185000000000002,27.480180722891568,12.21,39.41,13.559819277108435,-2.22,24.52,44.19825301204819,17.01,87.77,16.58620481927711,4.96,24.02,2.410361445783132,1.18,4.81,100.32999999999998,0.6043975903614457,0.0,17.38,80.264,0.4835180722891566,0.0,13.904,8.917083869066264,4.080917878738014,15.912738989348156,0.12951555902792491,16,8,20,18,725.8118552898835,4.372360574035443,1.7282151183145535,7.119897566931292,37.177022484122794,0.22395796677182406,0.0,4.48691730964737,688.6348328057607,4.148402607263618,0.0,7.119897566931292,0.0,0.0,0.0,645.5478552898835,0.05122129407665101,0.9487787059233489,26.0,6.0,6.0,156.0,6200.0,967200.0,0.0,0.0,0.0
Sonora,Carbó,20,Hermosillo,144,Col (repollo),2014,2015,29.738876,-111.043247,581.0,831.1266013649273,5.006786755210405,1.7540281608213997,8.626442073890388,20.997620481927708,10.67,32.625,28.21740963855422,13.91,40.07,13.777831325301204,4.31,25.18,42.19289156626506,12.44,85.38,17.300361445783132,5.95,24.99,2.4801807228915664,0.91,4.98,131.75,0.7936746987951807,0.0,40.59,105.4,0.6349397590361446,0.0,32.472,9.153845457333754,4.278109880489341,16.411333637169296,0.15851977278026239,12,8,15,4,779.5749883322374,4.69623486947131,1.8417295688624697,8.313153275166442,37.31072536957976,0.2247634058408419,0.0,4.444092264544741,742.2642629626575,4.4714714636304675,0.0,8.313153275166442,0.0,0.0,0.0,674.1749883322374,0.047860341760578344,0.9521396582394216,24.3,10.0,10.0,243.0,6190.0,1504170.0,0.0,0.0,0.0
Sonora,Carbó,20,Hermosillo,144,Col (repollo),2015,2016,29.738876,-111.043247,581.0,736.8418380735012,4.4388062534548265,1.2330080006160098,8.528357338696347,21.154759036144583,6.805,32.235,27.821927710843376,13.44,40.73,14.487590361445783,0.17,24.78,52.097771084337346,20.84,91.91,16.480843373493975,4.1,25.84,2.4323493975903614,1.11,5.71,255.07000000000002,1.5365662650602412,0.0,70.55,153.042,0.9219397590361446,0.0,42.33,9.157177448869055,3.937041472540415,16.733618254423018,0.3461665540964523,25,10,12,5,693.3768978855551,4.176969264370814,1.1713576005852093,7.507990967094431,48.68689125132119,0.2932945256103686,0.0,3.971144001695153,644.6900066342339,3.8836747387604453,0.0,7.507990967094431,0.0,0.0,0.0,540.334897885555,0.0702170657831135,0.9297829342168865,24.0,11.0,11.0,264.0,6181.0,1631784.0,0.0,0.0,0.0
Sonora,Carbó,20,Hermosillo,144,Col (repollo),2016,2017,29.738876,-111.043247,581.0,759.7358553754507,4.57672202033404,1.7884958094124053,7.320121189061188,20.26879518072289,8.03,31.095,27.200120481927712,13.49,39.46,13.337469879518073,1.32,24.95,48.419638554216874,17.24,85.75,16.620421686746987,5.57,24.12,2.557951807228916,1.04,5.1,175.81,1.0590963855421687,0.0,44.57,140.648,0.8472771084337349,0.0,35.656,8.991522824345383,4.0790178489038444,16.26958144657086,0.23140937571403314,21,7,19,14,715.7536696780463,4.3117690944460625,1.6821369087244227,7.196416572869978,45.8463246288604,0.27618267848711087,0.0,3.128,669.907345049186,4.035586415958952,0.0,7.196416572869978,0.0,0.0,0.0,575.1056696780463,0.06405321631041384,0.9359467836895863,24.5,2.0,2.0,49.0,1500.0,73500.0,0.0,0.0,0.0
Sonora,Carbó,20,Hermosillo,144,Coliflor,2011,2012,29.738876,-111.043247,581.0,806.2753594075175,5.039220996296985,2.150823390213724,10.052934085249342,20.79884375,1.2999999999999998,33.32,28.102437499999997,6.06,40.83,13.495249999999999,-3.46,26.22,40.618375,13.79,89.77,17.4629375,8.96,25.55,2.5425625,1.31,8.98,47.06,0.294125,0.0,13.86,37.648,0.2353,0.0,11.088000000000001,9.153149892048905,4.859356926616812,16.713322388767693,0.05836715639503298,11,2,23,15,752.7262708445886,4.704539192778679,1.5730011695532884,10.55558078951181,24.7518248585895,0.15469890536618439,0.0,3.664,727.9744459859991,4.549840287412494,0.0,10.55558078951181,0.0,0.0,0.0,715.0782708445886,0.032882902878913704,0.9671170971210863,29.8,3.0,3.0,89.4,2200.0,196680.0,0.0,0.0,0.0
Sonora,Carbó,20,Hermosillo,144,Coliflor,2013,2014,29.738876,-111.043247,581.0,750.9575378065531,4.693484611290957,1.9045715761810849,8.43576622639293,20.846562499999997,5.785,31.185000000000002,27.799874999999997,12.21,39.41,13.89325,-2.22,24.52,44.161812499999996,17.01,87.77,16.516437500000002,4.96,24.02,2.3865624999999997,1.18,4.81,100.32,0.627,0.0,17.38,80.256,0.5016,0.0,13.904,8.894994870895411,4.080917878738014,15.912738989348156,0.13358944407565485,16,8,20,13,703.1993093582021,4.394995683488763,1.7282151183145535,7.119897566931292,36.65382704486891,0.2290864190304307,0.0,4.48691730964737,666.5454823133332,4.165909264458333,0.0,7.119897566931292,0.0,0.0,0.0,622.9433093582021,0.052124378617951474,0.9478756213820486,24.8,4.0,4.0,99.2,2175.0,215760.0,0.0,0.0,0.0
Sonora,Carbó,20,Hermosillo,144,Ejote,2015,2016,29.738876,-111.043247,581.0,502.10188579340337,5.51760314058685,2.4030527267491752,8.502219120650516,27.807912087912094,20.18,34.67,33.51516483516484,25.12,42.62,22.100659340659337,14.87,26.8,62.01087912087913,38.88,85.75,20.968681318681316,5.72,26.92,2.032087912087912,0.79,4.64,230.49,2.532857142857143,0.0,44.57,184.392,2.0262857142857142,0.0,35.656,13.581168950519631,4.9046382083735836,18.114757068919822,0.45905025757030965,22,9,34,0,452.00614503065526,4.967100494842366,2.523205363086634,7.575903532478341,74.8972809000427,0.8230470428576121,0.0,6.975924648058459,377.1088641306126,4.144053451984753,0.0,7.575903532478341,748.972809000427,3771.0886413061257,4520.061450306553,267.61414503065527,0.1656996961732968,0.8343003038267033,6.0,20.0,20.0,120.0,8000.0,960000.0,124.82880150007117,628.514773551021,753.3435750510921
Sonora,Carbó,20,Hermosillo,144,Lechuga,2010,2011,29.738876,-111.043247,581.0,491.1111257940793,4.633123828246031,1.9290362144017916,7.342942693390531,19.428443396226413,11.1,29.53,26.6854716981132,16.35,37.98,12.171415094339622,2.87,22.78,37.56716981132075,17.46,77.51,15.76811320754717,7.48,22.48,2.48311320754717,1.22,4.64,29.460000000000004,0.27792452830188685,0.0,10.47,23.568,0.22233962264150944,0.0,8.376000000000001,7.793650100972577,5.03294233211453,12.978802625056563,0.05998642354592563,6,2,6,2,450.54914006363606,4.250463585506001,1.8843983054223974,6.91920501940327,13.320678310563622,0.12566677651475114,0.0,3.3720381523105045,437.2284617530725,4.12479680899125,0.0,6.91920501940327,0.0,0.0,0.0,426.9811400636361,0.02956542833192889,0.9704345716680712,24.93,10.0,10.0,249.25,2100.0,523425.0,0.0,0.0,0.0
Sonora,Carbó,20,Hermosillo,144,Lechuga,2011,2012,29.738876,-111.043247,581.0,491.98090447181994,4.64132928747,2.150823390213724,10.052934085249342,19.395283018867925,9.27,30.85,26.793396226415094,13.72,38.13,11.997169811320756,3.24,23.57,39.99688679245282,13.79,74.1,16.237452830188676,8.96,22.42,2.461132075471698,1.31,6.11,14.36,0.13547169811320753,0.0,2.61,11.488,0.10837735849056604,0.0,2.088,8.05987778837072,4.859356926616812,13.799835695532764,0.02918812472084986,6,0,4,10,451.0352559486057,4.255049584420808,2.0432822207030377,10.052934085249342,11.488,0.10837735849056604,0.0,2.088,439.54725594860565,4.146672225930242,0.19528222070303758,10.052934085249342,0.0,0.0,0.0,439.5472559486057,0.025470292728755173,0.9745297072712447,25.0,2.0,2.0,50.0,2150.0,107500.0,0.0,0.0,0.0
Sonora,Carbó,20,Hermosillo,144,Lechuga,2012,2013,29.738876,-111.043247,581.0,508.8797723566504,4.800752569402362,1.3665354827415797,9.890051311510119,19.02325471698113,7.41,31.025,26.269150943396227,13.1,40.09,11.777358490566039,1.72,24.11,41.20886792452831,14.29,84.02,15.935566037735848,3.75,22.82,2.7742452830188684,1.4,6.89,82.95,0.7825471698113208,0.0,52.6,66.36000000000001,0.6260377358490568,0.0,42.080000000000005,7.899981460570931,3.482455060130232,12.955536810129889,0.16300510357457118,8,3,17,10,456.7525567708903,4.308986384631041,1.2982087086045007,7.447697255880218,17.787719737884093,0.16780867677249145,0.0,3.923059940022598,438.96483703300623,4.141177707858549,0.0,7.447697255880218,0.0,0.0,0.0,390.3925567708903,0.03894388651842077,0.9610561134815793,23.5,3.0,3.0,70.5,2220.0,156510.0,0.0,0.0,0.0
Sonora,Carbó,20,Hermosillo,144,Lechuga,2013,2014,29.738876,-111.043247,581.0,481.63886493901657,4.543762876783175,1.9045715761810849,8.43576622639293,19.71212264150943,5.785,29.354999999999997,26.819716981132075,12.21,38.08,12.604528301886793,-0.64,21.33,40.36283018867925,17.01,73.46,15.678962264150941,4.96,23.18,2.4697169811320756,1.26,4.41,23.559999999999995,0.2222641509433962,0.0,12.99,18.848000000000003,0.177811320754717,0.0,10.392000000000001,7.925166868795603,4.080917878738014,13.220027841448257,0.048916318252230494,4,2,6,9,440.445422792406,4.155145498041566,1.8093429973720305,6.7808548256488494,7.308611457286517,0.06894916469138224,0.0,2.311640023589682,433.13681133511955,4.086196333350184,0.0,6.7808548256488494,0.0,0.0,0.0,421.597422792406,0.01659368239304252,0.9834063176069576,23.5,8.0,8.0,188.0,3800.0,714400.0,0.0,0.0,0.0
Sonora,Carbó,20,Hermosillo,144,Lechuga,2014,2015,29.738876,-111.043247,581.0,487.2362672689249,4.596568559140801,1.7540281608213997,7.888935584826802,19.382830188679243,10.67,26.384999999999998,26.613962264150942,13.91,35.06,12.151698113207548,4.31,19.52,42.21632075471698,14.18,85.38,15.965283018867925,6.0,22.83,2.560660377358491,1.21,4.98,29.4,0.27735849056603773,0.0,8.92,23.52,0.2218867924528302,0.0,7.136,8.041674067870012,4.278109880489341,13.462812942914228,0.060340335839107355,5,3,1,4,444.4749546238474,4.193159949281579,1.6663267527803296,7.437087745588325,12.880696379121652,0.12151600357661936,0.0,2.915619954973228,431.5942582447258,4.0716439457049605,0.0,7.437087745588325,0.0,0.0,0.0,420.9549546238474,0.028979577465781836,0.9710204225342183,24.0,9.0,9.0,216.0,2268.0,489888.0,0.0,0.0,0.0
Sonora,Carbó,20,Hermosillo,144,Lechuga,2015,2016,29.738876,-111.043247,581.0,442.0947161115648,4.170704868977027,1.7340309120271464,7.150467587708981,19.705000000000002,6.805,27.28,26.569716981132075,13.44,35.7,12.840283018867922,0.17,22.26,50.51820754716981,22.25,82.35,15.703867924528302,5.62,23.42,2.431603773584906,1.18,5.71,16.72,0.15773584905660376,0.0,6.84,13.376000000000001,0.12618867924528304,0.0,5.472,8.307772838018046,4.156508640178882,13.959067805837316,0.037819949867441124,6,1,3,5,405.3443613205547,3.824003408684478,1.647329366425789,7.150467587708981,9.973565821260582,0.09409024359679795,0.0,2.069565821260581,395.37079549929416,3.7299131650876807,0.0,7.150467587708981,0.0,0.0,0.0,391.9683613205547,0.024605167292245322,0.9753948327077548,23.8,5.0,5.0,119.0,2265.0,269535.0,0.0,0.0,0.0
Sonora,Carbó,20,Hermosillo,144,Melón,2010,2011,29.738876,-111.043247,581.0,1104.4608960350588,8.430999206374494,2.649277072835084,12.376394766058894,23.710801526717557,11.94,34.045,32.239236641221375,17.82,43.13,15.182366412213739,4.39,26.33,29.04351145038168,9.63,74.66,28.063358778625954,12.66,32.45,3.1314503816793895,1.82,5.63,5.48,0.04183206106870229,0.0,3.85,4.384,0.03346564885496184,0.0,3.08,16.34545072367199,8.3769037842384,19.853432635085092,0.004961696715268812,1,0,45,2,817.1357855743231,6.237677752475749,1.324638536417542,9.511619566224274,2.628638536417542,0.020065943026088107,0.0,1.324638536417542,814.5071470379055,6.21761180944966,0.0,9.511619566224274,26.28638536417542,8145.0714703790545,8171.35785574323,812.7517855743231,0.0032168931808193983,0.9967831068191805,29.84,55.0,55.0,1641.15,4207.58,6905266.2,0.880911037673439,272.95815919500853,273.839070232682
Sonora,Carbó,20,Hermosillo,144,Melón,2011,2012,29.738876,-111.043247,581.0,1170.6913589000287,8.936575258778845,4.064181291063644,13.79399480303426,25.192862595419847,14.82,37.445,34.01320610687023,20.0,45.33,16.37251908396947,6.96,29.56,25.35648854961832,5.51,71.4,28.13480916030534,16.5,32.46,3.092519083969466,1.54,6.67,76.99,0.5877099236641221,0.0,20.55,61.592,0.4701679389312977,0.0,16.44,16.189779739479512,10.433785282792602,19.691231312239797,0.0657645581943469,9,6,54,0,870.3940665431421,6.644229515596504,2.6036965913431174,11.334766898152811,34.6754893862549,0.2646983922614878,0.0,7.012753460391967,835.7185771568874,6.379531123335018,0.0,11.334766898152811,346.754893862549,8357.185771568873,8703.940665431423,808.8020665431421,0.03983883934775901,0.9601611606522411,31.25,20.0,20.0,625.0,4375.2,2734501.55,11.096156603601568,267.4299446902039,278.5261012938055
Sonora,Carbó,20,Hermosillo,144,Melón,2012,2013,29.738876,-111.043247,581.0,1135.313801388185,8.666517567848741,2.5538392598742448,14.146809080047744,24.92450381679389,11.83,36.325,33.56847328244275,14.25,45.73,16.28053435114504,5.9,26.92,25.74129770992366,8.12,73.67,27.871603053435116,8.85,32.49,3.0068702290076335,1.96,5.21,67.87,0.5180916030534352,0.0,22.72,54.29600000000001,0.4144732824427481,0.0,18.176,16.104683265201533,6.683101286593165,19.568438069613162,0.059780828804347444,11,4,57,0,849.0254695761587,6.481110454779837,1.2769196299371224,12.024787718040582,39.24526049306058,0.2995821411684014,0.0,4.8083279909384995,809.7802090830982,6.1815283136114365,0.0,12.024787718040582,392.4526049306058,8097.802090830982,8490.254695761587,794.7294695761586,0.04622389068334095,0.9537761093166591,29.0,5.0,5.0,145.0,4450.0,645250.0,13.472454683508609,277.9883999598689,291.4608546433775
Sonora,Carbó,20,Hermosillo,144,Melón,2013,2014,29.738876,-111.043247,581.0,1160.2844035084718,8.857132851209709,4.279675802647097,12.819196316638946,25.62763358778626,13.09,35.32,34.161450381679394,20.03,46.8,17.09381679389313,6.15,28.41,26.85580152671756,5.45,76.67,27.913282442748095,18.98,31.94,3.0961068702290073,1.91,4.97,51.49,0.39305343511450386,0.0,24.13,41.192,0.31444274809160305,0.0,19.304000000000002,16.204411589600305,10.12139388147445,19.644198025573708,0.04437705087158318,6,3,56,0,859.107446794003,6.55807211293132,2.1398379013235487,10.896316869143103,19.906359267076674,0.15195694097005094,0.0,4.9176835962689545,839.2010875269262,6.406115171961269,0.0,10.896316869143103,199.06359267076675,8392.010875269263,8591.07446794003,817.915446794003,0.023170977438692633,0.9768290225613073,29.7,25.0,25.0,742.5,4536.8,3368574.0,6.688964807485442,281.9896127442629,288.67857755174833
Sonora,Carbó,20,Hermosillo,144,Melón,2014,2015,29.738876,-111.043247,581.0,1142.7635550104903,8.723385916110614,2.9607444587992204,16.34080633641291,25.7818320610687,15.815,37.355,33.91534351145038,22.33,46.66,17.648320610687026,9.3,28.05,27.76480916030534,5.73,80.7,27.262519083969465,8.46,31.89,2.9958015267175577,1.32,5.34,55.949999999999996,0.42709923664122135,0.0,23.33,44.760000000000005,0.34167938931297714,0.0,18.663999999999998,15.886878735881927,6.234717896822864,19.582528819440107,0.048960259324586516,8,3,57,0,857.7457023508898,6.547677117182365,1.4803722293996102,13.889685385950974,18.13808830633952,0.13845868936137037,0.0,4.2010538341535755,839.6076140445505,6.409218427820996,0.0,13.889685385950974,181.38088306339517,8396.076140445504,8577.4570235089,812.9857023508898,0.021146230469738365,0.9788537695302618,29.07,26.0,26.0,755.8,4564.26,3449669.0,6.2394524617611,288.82270864965614,295.06216111141725
Sonora,Carbó,20,Hermosillo,144,Melón,2015,2016,29.738876,-111.043247,581.0,1015.9162267543021,7.7550857004145195,1.8654228162410302,12.53615654023267,24.739885496183206,14.605,34.015,32.2536641221374,19.25,42.42,17.22610687022901,9.25,27.21,37.52053435114504,11.61,86.05,26.4393893129771,8.25,31.79,2.9137404580152677,1.1,5.69,92.62,0.7070229007633588,0.0,18.0,74.096,0.5656183206106871,0.0,14.4,16.025496136804207,6.1568637109396995,19.941162594320254,0.09116893456452292,16,5,39,0,757.8289274764237,5.784953644858196,0.9327114081205151,10.655733059197768,43.40010974692796,0.331298547686473,0.0,5.257531947415812,714.4288177294958,5.4536550971717235,0.0,10.655733059197768,434.0010974692796,7144.288177294958,7578.289274764237,683.7329274764237,0.05726900646488999,0.94273099353511,34.0,18.0,18.0,612.0,2823.73,1728122.76,12.764738160861166,210.1261228616164,222.89086102247757
Sonora,Carbó,20,Hermosillo,144,Melón,2016,2017,29.738876,-111.043247,581.0,1104.410856879334,8.430617228086518,3.5317519412537703,17.17556573315525,25.22450381679389,11.855,36.79,33.52129770992367,15.63,47.15,16.927709923664125,7.69,28.34,29.861603053435115,8.24,65.67,27.695725190839692,13.79,32.09,2.9189312977099235,1.7,5.61,27.799999999999997,0.21221374045801525,0.0,14.5,22.240000000000002,0.16977099236641222,0.0,11.600000000000001,16.28734012830749,9.279570820876852,19.429054114123225,0.0251717916632518,5,1,47,0,819.4813012476076,6.255582452271813,1.7658759706268852,14.59923087318196,14.378419877963077,0.10975893036613037,0.0,3.738419877963077,805.1028813696444,6.145823521905682,0.0,14.59923087318196,143.78419877963077,8051.028813696444,8194.813012476074,797.2413012476076,0.01754575712230756,0.9824542428776922,26.0,20.0,20.0,520.0,4400.0,2288000.0,5.53016149152426,309.65495437294015,315.1851158644644
Sonora,Carbó,20,Hermosillo,144,Melón,2022,2023,29.738876,-111.043247,581.0,1126.4281613760763,8.598688254779209,4.162199070891472,12.889815812070335,25.680534351145035,14.37,36.045,34.26595419847328,23.33,44.8,17.095114503816795,5.41,28.4,27.10595419847328,4.55,65.76,27.719770992366414,10.94,32.09,2.8693893129770998,1.23,4.65,59.540000000000006,0.4545038167938932,0.0,16.13,47.632,0.3636030534351145,0.0,12.904,16.10474978002339,7.115172701578032,19.320445251646333,0.05285734327457178,7,5,63,0,840.1517070068014,6.413371809212225,2.081099535445736,10.956343440259785,30.525916051497806,0.23302225993509776,0.0,4.508546798774826,809.6257909553037,6.180349549277127,0.0,10.956343440259785,305.2591605149781,8096.257909553037,8401.517070068016,792.5197070068015,0.036333814234874466,0.9636661857651256,30.5,4.0,4.0,122.0,7450.0,908900.0,10.008497066064855,265.45107900173895,275.4595760678038
Sonora,Carbó,20,Hermosillo,144,Melón,2023,2024,29.738876,-111.043247,581.0,1114.7008316918004,8.509166654135882,3.76401897188692,14.578171274339963,24.84557251908397,10.355,37.625,33.274961832061074,17.07,47.24,16.41618320610687,3.64,28.9,27.177938931297714,6.61,67.27,27.439999999999994,10.92,31.87,2.9623664122137408,1.64,4.89,8.37,0.06389312977099236,0.0,4.64,6.696000000000001,0.051114503816793895,0.0,3.7119999999999997,15.978035300291907,7.658839613593956,19.31612581921498,0.007508741145636994,2,0,46,2,828.429057021063,6.323885931458497,1.88200948594346,9.730535590264223,6.696000000000001,0.051114503816793895,0.0,3.7119999999999997,821.733057021063,6.272771427641702,0.4038463049108818,9.730535590264223,66.96000000000001,8217.33057021063,8284.290570210629,821.733057021063,0.008082768154074722,0.9919172318459253,33.25,4.0,4.0,133.0,7822.5,1040392.5,2.174732055862293,266.8830974410728,269.0578294969351
Sonora,Carbó,20,Hermosillo,144,Pepino,2011,2012,29.738876,-111.043247,581.0,863.1185888111913,8.142628196331994,3.9555225437757833,13.79399480303426,30.48816037735849,26.23,37.445,37.41047169811321,29.33,45.33,23.565849056603778,17.45,29.56,45.5082075471698,8.85,78.66,26.364150943396226,14.02,32.08,2.448962264150943,1.27,4.74,249.0,2.349056603773585,0.0,26.82,199.2,1.8792452830188677,0.0,21.456000000000003,16.86284652266881,10.1475505014793,19.691231312239797,0.28848874676996344,36,17,85,0,749.0123434372917,7.066154183370677,3.9555225437757833,13.79399480303426,142.13901825992284,1.3409341345275738,0.0,11.687922433986612,606.8733251773689,5.725220048843103,0.0,13.76999480303426,1421.3901825992284,6068.733251773689,7490.1234343729175,549.8123434372917,0.1897685926077437,0.8102314073922563,18.5,5.0,5.0,92.5,2200.0,203500.0,77.884393567081,332.5333288643117,410.41772243139275
Sonora,Carbó,20,Hermosillo,144,Pepino,2012,2013,29.738876,-111.043247,581.0,777.6946553155014,7.336742031278315,2.953053779179479,14.146809080047744,29.47877358490566,24.354999999999997,36.325,35.662358490566035,26.77,45.73,23.29518867924528,18.15,27.84,52.71905660377359,10.29,87.77,25.371886792452834,12.26,31.87,2.220471698113207,0.97,4.24,337.6600000000001,3.1854716981132083,0.0,22.72,202.59599999999998,1.9112830188679244,0.0,13.632,16.497143224540856,9.06342304173744,19.54140127894236,0.43418068735860793,52,27,63,0,672.489538564341,6.344240929852274,2.729418213808549,10.125309753941579,167.53729360516846,1.5805405057091364,0.0,7.951853287605373,504.9522449591726,4.7637004241431375,0.0,9.93559968112139,1675.3729360516845,5049.522449591726,6724.895385643411,469.89353856434104,0.24912996262043588,0.7508700373795641,19.0,4.0,4.0,76.0,4150.0,315400.0,88.17752295008866,265.7643394521961,353.94186240228476
Sonora,Carbó,20,Hermosillo,144,Pepino,2013,2014,29.738876,-111.043247,581.0,843.991032850778,7.962179555196019,3.8662672771797433,12.081717622104623,30.241650943396223,24.73,35.32,36.88547169811321,27.32,46.8,23.597830188679243,19.23,28.41,46.248396226415096,11.14,86.36,25.879622641509428,11.71,31.94,2.439245283018868,0.85,3.66,293.81000000000006,2.7717924528301894,0.0,40.59,176.286,1.6630754716981133,0.0,24.354000000000003,16.560115918172503,8.625602586237875,19.265116999633275,0.348119812372399,37,20,75,0,734.9141399918518,6.9331522640740735,2.8997004578848076,11.814073881486008,121.16597497679463,1.143075235630138,0.0,6.873074600463191,613.7481650150572,5.790077028443936,0.0,11.814073881486008,1211.6597497679463,6137.481650150572,7349.141399918519,558.6281399918519,0.16487092625287905,0.835129073747121,18.5,15.0,15.0,277.5,4620.0,1282050.0,66.75811293487308,338.1532589614641,404.9113718963372
Sonora,Carbó,20,Hermosillo,144,Pepino,2014,2015,29.738876,-111.043247,581.0,827.0478316590426,7.80233803451927,3.7758044934269828,16.34080633641291,30.086226415094334,24.979999999999997,37.355,36.51009433962264,27.38,46.66,23.66235849056604,19.97,28.05,50.430566037735844,7.5,82.46,25.898867924528307,14.63,31.52,2.430849056603774,0.94,5.34,277.83,2.6210377358490566,0.0,23.33,166.698,1.572622641509434,0.0,13.998,16.78037848182073,10.573339389845696,19.582528819440107,0.33592978466877566,40,18,68,0,711.1733704706958,6.709182740289583,3.139063739133374,10.765147183549571,127.20601687130772,1.2000567629368653,0.0,7.59875398216221,583.967353599388,5.509125977352717,0.0,10.765147183549571,1272.0601687130772,5839.67353599388,7111.733704706958,544.4753704706958,0.1788678009514268,0.8211321990485732,18.2,10.0,10.0,182.0,6232.0,1134224.0,69.8934158633559,320.8611832963671,390.75459915972294
Sonora,Carbó,20,Hermosillo,144,Pepino,2015,2016,29.738876,-111.043247,581.0,761.7331009823159,7.186161330021848,3.1123222404908844,12.53615654023267,29.7013679245283,26.075000000000003,34.67,35.45358490566038,28.89,42.62,23.949150943396226,17.28,27.21,55.128113207547166,11.61,82.59,25.056792452830194,10.57,31.76,2.288396226415094,0.79,4.42,292.42,2.758679245283019,0.0,42.61,175.452,1.6552075471698113,0.0,25.566,16.548588110403813,7.903526335377586,19.941162594320254,0.3838877418125863,40,17,61,0,664.2476315069459,6.2664870896881695,2.334241680368163,9.992562391066524,116.23218256739591,1.096530024220716,0.0,6.944371209224997,548.0154489395502,5.169957065467455,0.0,9.572562391066525,1162.3218256739592,5480.1544893955015,6642.476315069461,488.79563150694594,0.17498320965587136,0.8250167903441289,42.93,12.0,12.0,515.21,5528.68,2848431.22,31.460869554038684,148.33277816742458,179.79364772146326
Sonora,Carbó,20,Hermosillo,144,Quelite,2010,2011,29.738876,-111.043247,581.0,519.9567893617952,5.416216555852034,2.247144527933269,10.052934085249342,23.757656249999997,10.57,33.32,30.862083333333334,16.6,40.83,16.653229166666666,3.38,26.22,45.29208333333333,13.79,89.77,19.000208333333333,9.01,25.55,2.3676041666666667,1.38,6.11,44.5,0.4635416666666667,0.0,13.86,35.6,0.37083333333333335,0.0,11.088000000000001,10.714705834246573,4.997803762103674,16.713322388767693,0.08558403488609147,10,2,23,3,472.5861082239238,4.922771960665873,2.247144527933269,10.052934085249342,24.493464083699287,0.2551402508718676,0.0,3.718319555766018,448.0926441402246,4.667631709794006,0.0,10.052934085249342,244.93464083699286,4480.9264414022455,4725.861082239238,436.9861082239238,0.051828574004747587,0.9481714259952525,10.0,7.0,7.0,70.0,1400.0,98000.0,24.493464083699287,448.09264414022454,472.5861082239238
Sonora,Carbó,20,Hermosillo,144,Quelite,2011,2012,29.738876,-111.043247,581.0,565.2629447750578,5.888155674740186,1.6928843370910698,9.890051311510119,24.25630208333334,9.065,33.775,31.354479166666664,13.91,41.16,17.158125000000002,2.49,26.39,41.54208333333333,14.29,78.64,18.922083333333333,6.31,24.77,2.5784374999999997,1.31,5.6,105.06,1.094375,0.0,52.6,84.048,0.8755000000000001,0.0,42.080000000000005,10.459658771941283,4.686685707394706,16.448968178837198,0.18586040526998962,10,4,42,3,519.7412536646593,5.413971392340201,1.6082401202365162,9.890051311510119,30.235091934064464,0.3149488743131715,0.0,4.966987808925526,489.50616173059484,5.09902251802703,0.0,9.890051311510119,302.3509193406446,4895.061617305948,5197.412536646592,435.6932536646593,0.05817335399273954,0.9418266460072604,9.5,5.0,5.0,47.5,1250.0,59375.0,31.010350701604576,502.05760177496904,533.0679524765736
Sonora,Carbó,20,Hermosillo,144,Quelite,2012,2013,29.738876,-111.043247,581.0,510.07814646612275,5.313314025688778,2.4688787404493624,8.43576622639293,24.831197916666667,15.95,31.185000000000002,31.769375,21.88,39.41,17.893020833333335,8.87,24.52,45.629999999999995,18.35,87.77,18.2221875,4.96,24.02,2.1914583333333333,1.18,4.23,54.69,0.5696875,0.0,17.38,43.751999999999995,0.45574999999999993,0.0,13.904,10.361952137308238,4.157234820825357,15.912738989348156,0.10721886514624927,10,4,20,0,469.5196472281756,4.890829658626829,2.4688787404493624,8.43576622639293,23.550162971798247,0.2453141976228984,0.0,4.48691730964737,445.9694842563773,4.645515461003931,0.0,8.43576622639293,235.50162971798247,4459.694842563773,4695.196472281756,425.7676472281756,0.05015799255862326,0.9498420074413767,9.87,8.0,8.0,78.96,1510.0,119229.6,23.860347489157295,451.8434490946072,475.7037965837645
Sonora,Carbó,20,Hermosillo,144,Quelite,2013,2014,29.738876,-111.043247,581.0,496.39711936550907,5.1708033267240525,1.8959678234287929,7.888935584826802,23.43854166666667,10.925,32.625,30.31927083333333,15.82,40.07,16.5578125,6.03,25.18,49.3959375,21.64,85.38,18.855729166666666,8.55,24.99,2.2857291666666666,0.91,4.57,122.65,1.2776041666666667,0.0,40.59,98.12,1.0220833333333335,0.0,32.472,10.814553615462033,5.220090250371781,16.411333637169296,0.2470804023938944,11,7,15,0,453.8929454549328,4.72805151515555,1.8011694322573533,7.888935584826802,34.769366202131685,0.3621808979388717,0.0,4.444092264544741,419.12357925280116,4.365870617216679,0.0,7.888935584826802,347.69366202131687,4191.235792528012,4538.9294545493285,355.7729454549328,0.07660257016614934,0.9233974298338508,9.85,5.0,5.0,49.25,4610.0,227042.5,35.56968409425237,428.77092506680435,464.3406091610567
Sonora,Carbó,20,Hermosillo,144,Quelite,2014,2015,29.738876,-111.043247,581.0,461.4692963700961,4.8069718371885015,1.8331067913399643,8.528357338696347,24.022343750000005,15.815000000000001,32.235,30.497395833333332,22.79,40.73,17.54729166666667,7.44,24.78,56.774791666666665,22.25,90.73,18.155729166666667,4.1,25.84,2.283541666666667,1.11,5.71,197.41,2.0563541666666665,0.0,70.55,157.928,1.6450833333333332,0.0,56.44,10.706142695882042,3.937041472540415,16.733618254423018,0.42778577372930604,19,7,12,0,421.97039897121783,4.395524989283519,1.283174753937975,6.792944208323531,45.28779427367708,0.4717478570174696,0.0,3.971144001695153,376.68260469754074,3.9237771322660495,0.0,6.792944208323531,452.8779427367708,3766.8260469754073,4219.703989712178,264.04239897121784,0.1073245762832907,0.8926754237167093,9.6,5.0,5.0,48.0,1530.0,73440.0,47.17478570174696,392.37771322660495,439.5524989283519
Sonora,Carbó,20,Hermosillo,144,Quelite,2015,2016,29.738876,-111.043247,581.0,461.1543151398628,4.803690782706904,2.4030527267491752,7.215146221407943,23.627708333333334,12.459999999999999,31.095,30.099062500000002,19.54,39.46,17.156354166666667,4.79,24.95,54.31718750000001,21.84,85.75,17.719166666666666,5.72,24.12,2.3445833333333335,1.04,4.67,144.97,1.5101041666666666,0.0,44.57,115.976,1.2080833333333334,0.0,35.656,10.368355968086066,4.770008542614873,16.26958144657086,0.3143633166612184,16,4,19,1,424.3341348762175,4.420147238293932,1.6821369087244227,7.215146221407943,34.71444532038028,0.3616088054206279,0.0,3.128,389.6196895558372,4.058538432873305,0.0,7.215146221407943,347.14445320380275,3896.1968955583725,4243.341348762176,308.3581348762175,0.08180922171275905,0.9181907782872409,9.2,7.0,7.0,64.4,1560.0,100464.0,37.73309273954378,423.4996625606927,461.2327553002365
Sonora,Carbó,20,Hermosillo,144,Rábano,2010,2011,29.738876,-111.043247,581.0,217.34053627240633,6.2097296077830375,2.649277072835084,9.548252832738951,17.841285714285714,11.94,22.935000000000002,26.234571428571428,17.82,33.35,9.448000000000002,4.39,13.8,37.68685714285715,18.27,74.66,24.056,12.66,27.56,3.0999999999999996,1.82,5.63,4.15,0.11857142857142858,0.0,3.85,3.3200000000000003,0.09485714285714286,0.0,3.08,13.495999403000612,8.3769037842384,15.879810265700762,0.019094459189143386,1,0,0,2,189.5003587078717,5.414295963082049,2.3843493655515755,8.593427549465057,2.6243493655515757,0.07498141044433074,0.0,2.3843493655515755,186.8760093423201,5.339314552637717,0.0,8.593427549465057,26.243493655515756,1868.760093423201,1895.0035870787167,186.1803587078717,0.013848783102290572,0.9861512168977092,10.0,5.0,5.0,50.0,1750.0,87500.0,2.4993803481443577,177.97715175459058,180.47653210273495
Sonora,Carbó,20,Hermosillo,144,Rábano,2011,2012,29.738876,-111.043247,581.0,256.50085559116735,7.328595874033353,5.207393182686235,10.01338561786424,21.243714285714287,16.73,26.725,30.443142857142863,24.34,36.46,12.044285714285715,7.91,17.71,24.34457142857143,10.15,56.26,24.522571428571425,20.56,26.79,2.874571428571428,1.92,4.96,0.0,0.0,0.0,0.0,0.0,0.0,0.0,0.0,13.164855942516821,10.731443368738397,15.202428975537991,0.0,0,0,2,0,220.81323203258702,6.308949486645344,3.7406471780542216,8.511377775184604,0.0,0.0,0.0,0.0,220.81323203258702,6.308949486645344,3.7406471780542216,8.511377775184604,0.0,2208.1323203258703,2208.1323203258703,220.81323203258702,0.0,1.0,10.8,4.0,4.0,43.2,1780.0,76896.0,0.0,202.58094681888718,202.58094681888718
Sonora,Carbó,20,Hermosillo,144,Rábano,2012,2013,29.738876,-111.043247,581.0,239.15992486463085,6.833140710418024,2.5538392598742448,9.23838147871918,18.766714285714286,11.83,22.785,27.600285714285715,14.25,33.29,9.933142857142858,5.9,13.62,24.610285714285713,9.66,66.59,23.976285714285716,8.85,28.47,3.0494285714285714,1.96,5.21,0.17,0.004857142857142858,0.0,0.1,0.136,0.003885714285714286,0.0,0.08000000000000002,12.894870193218836,6.683101286593165,15.775142050821128,0.00071082143087402,0,0,0,0,205.71515716766933,5.877575919076267,2.2984553338868206,7.5259150262474135,0.136,0.003885714285714286,0.0,0.08000000000000002,205.57915716766934,5.873690204790552,2.2184553338868205,7.5259150262474135,1.36,2055.7915716766934,2057.1515716766935,205.57915716766934,0.0006611083105031119,0.9993388916894969,10.5,2.0,2.0,21.0,1498.1,31460.1,0.12534562211981568,189.47387757388879,189.5992231960086
Sonora,Carbó,20,Hermosillo,144,Rábano,2013,2014,29.738876,-111.043247,581.0,260.44257811635345,7.441216517610099,4.279675802647097,9.253284953645792,21.604857142857142,13.09,25.82,30.50657142857143,20.03,36.09,12.703142857142858,6.15,17.11,23.325142857142858,12.33,58.41,24.13314285714286,18.98,27.69,2.9800000000000004,2.0,4.7,0.57,0.016285714285714285,0.0,0.57,0.45599999999999996,0.013028571428571428,0.0,0.45599999999999996,12.901164378975565,10.12139388147445,15.32114561388428,0.002188582236140171,0,0,1,0,224.87671012961198,6.425048860846057,3.8517082223823875,8.327956458281214,0.45599999999999996,0.013028571428571428,0.0,0.45599999999999996,224.420710129612,6.412020289417486,3.3957082223823876,8.327956458281214,4.56,2244.20710129612,2248.76710129612,224.420710129612,0.00202777779760819,0.9979722222023919,10.9,6.0,6.0,65.4,1498.0,97969.2,0.44487804878048776,218.9470342727922,219.39191232157268
Sonora,Carbó,20,Hermosillo,144,Rábano,2014,2015,29.738876,-111.043247,581.0,226.82532506993633,6.4807235734267525,2.9607444587992204,9.518504023221864,20.478857142857144,15.815,24.615000000000002,28.38257142857143,22.33,33.21,12.57514285714286,9.3,16.02,31.165999999999997,11.8,70.1,23.45057142857143,8.46,27.64,2.6925714285714286,1.48,5.15,2.9299999999999997,0.0837142857142857,0.0,1.73,2.3440000000000003,0.06697142857142858,0.0,1.3840000000000001,13.003286954269157,6.234717896822864,15.504283355638112,0.01291742885895392,2,0,0,0,197.4260728115978,5.640744937474223,2.072521121159454,8.566653620899677,2.3440000000000003,0.06697142857142858,0.0,1.3840000000000001,195.0820728115978,5.573773508902795,1.1445211211594541,8.566653620899677,23.440000000000005,1950.820728115978,1974.260728115978,195.0820728115978,0.011872798595537387,0.9881272014044626,20.1,15.0,15.0,301.5,1510.0,455265.0,1.166169154228856,97.05575761771034,98.2219267719392
Sonora,Carbó,20,Hermosillo,144,Rábano,2015,2016,29.738876,-111.043247,581.0,214.87458777909941,6.139273936545697,1.8654228162410302,9.23189388854168,21.42014285714286,14.605,27.11,28.869714285714288,19.25,37.13,13.970571428571427,9.25,19.16,40.560857142857145,20.69,86.05,22.036285714285718,8.25,26.73,2.7037142857142857,1.1,5.69,24.340000000000003,0.6954285714285715,0.0,12.73,19.472,0.5563428571428571,0.0,10.184000000000001,12.746465103734815,6.1568637109396995,15.757565486700994,0.11327537728669246,3,2,2,0,188.01226156142778,5.371778901755079,1.305795971368721,8.308704499687513,6.102825310761817,0.17436643745033764,0.0,2.893029339393096,181.90943625066598,5.197412464304742,0.0,8.308704499687513,61.02825310761817,1819.0943625066598,1880.122615614278,168.54026156142777,0.03245971970167429,0.9675402802983258,10.0,5.0,5.0,50.0,2545.0,127250.0,6.102825310761817,181.90943625066598,188.0122615614278
Sonora,Carbó,20,Hermosillo,144,Sandía,2010,2011,29.738876,-111.043247,581.0,989.6247415312201,8.996588559374729,4.562040740288801,12.376394766058894,26.056681818181822,14.870000000000001,36.07,34.36827272727273,19.84,44.07,17.745090909090905,7.85,28.07,28.407636363636364,9.63,57.76,29.006909090909094,20.01,32.45,3.075272727272727,1.75,5.26,27.669999999999998,0.2515454545454545,0.0,8.37,22.136,0.20123636363636363,0.0,6.696,17.247678445777332,13.195882123187221,19.853432635085092,0.027960093193695763,6,2,53,0,829.6162917462697,7.541966288602452,1.8248162961155203,11.190140666146204,19.74426988419654,0.1794933625836049,0.0,5.210490020663648,809.8720218620732,7.362472926018848,0.0,11.190140666146204,197.4426988419654,8098.720218620732,8296.162917462698,807.4802917462697,0.023799279354358605,0.9762007206456415,40.0,10.0,10.0,400.0,2350.0,940000.0,4.936067471049135,202.4680054655183,207.40407293656745
Sonora,Carbó,20,Hermosillo,144,Sandía,2011,2012,29.738876,-111.043247,581.0,1026.2635803081455,9.329668911892231,4.064181291063644,13.79399480303426,26.75145454545455,14.82,37.445,35.26154545454545,20.0,45.33,18.241363636363637,6.96,29.56,27.614272727272727,5.51,72.87,29.18209090909091,16.5,32.46,3.0948181818181824,1.54,6.67,107.99000000000001,0.9817272727272728,0.0,26.82,86.392,0.7853818181818182,0.0,21.456000000000003,17.25462716036727,10.433785282792602,19.691231312239797,0.10522637855625255,12,7,60,0,864.1985871435218,7.856350792213834,1.6256725164254577,13.335019880179779,46.649507722818996,0.42408643384380906,0.0,8.765941825489959,817.5490794207028,7.432264358370025,0.0,13.335019880179779,466.49507722819,8175.490794207028,8641.985871435218,777.8065871435217,0.053980078672671655,0.9460199213273284,30.5,40.0,40.0,1220.0,2531.0,3087820.0,15.294920564858687,268.0488784985911,283.34379906344975
Sonora,Carbó,20,Hermosillo,144,Sandía,2012,2013,29.738876,-111.043247,581.0,990.5199077740762,9.004726434309783,4.536710640073056,14.146809080047744,27.068545454545454,15.709999999999999,36.325,35.32745454545454,21.9,45.73,18.80963636363637,7.27,26.92,28.97445454545455,8.12,79.54,28.732272727272733,18.41,32.49,2.8868181818181817,1.13,4.35,113.01,1.0273636363636365,0.0,22.72,90.408,0.8218909090909091,0.0,18.176,17.08050094351483,11.631352029213348,19.568438069613162,0.11409159887958155,20,9,61,0,835.5702632295925,7.596093302087204,2.249267894218877,14.146809080047744,69.09140197551828,0.6281036543228935,0.0,5.96388996570403,766.4788612540741,6.96798964776431,0.0,14.146809080047744,690.9140197551828,7664.788612540741,8355.702632295925,745.1622632295924,0.08268772240466127,0.9173122775953386,30.01,8.0,8.0,240.08,2580.0,619406.4,23.45659547632602,260.22028900155294,283.67688447787896
Sonora,Carbó,20,Hermosillo,144,Sandía,2013,2014,29.738876,-111.043247,581.0,997.6229362032929,9.069299420029935,3.935719363260441,12.819196316638946,27.160772727272725,16.985,35.32,35.2959090909091,23.92,46.8,19.025636363636366,9.3,28.41,31.01390909090909,5.45,79.96,28.72136363636364,15.2,31.94,3.020909090909092,0.85,4.97,102.52999999999999,0.932090909090909,0.0,24.13,82.024,0.7456727272727273,0.0,19.304000000000002,17.217492568910185,11.003017407970262,19.644198025573708,0.10277430107030609,13,9,59,0,837.5514489185839,7.614104081078035,2.319195901610699,12.819196316638946,49.71114874574408,0.45191953405221896,0.0,6.147104495336193,787.8403001728399,7.162184547025817,0.0,12.819196316638946,497.11148745744083,7878.4030017283985,8375.51448918584,755.5274489185839,0.05935294937395108,0.940647050626049,29.65,30.0,30.0,889.5,2368.53,2106807.44,16.757508426005085,265.5790662979403,282.3365747239454
Sonora,Carbó,20,Hermosillo,144,Sandía,2014,2015,29.738876,-111.043247,581.0,1007.0603972165388,9.155094520150353,3.7758044934269828,16.34080633641291,27.429409090909093,15.815,37.355,35.33781818181818,22.33,46.66,19.521000000000004,9.3,28.05,29.639909090909093,5.73,80.7,28.178181818181812,13.92,31.89,2.9863636363636363,1.19,5.34,83.49,0.759,0.0,23.33,66.792,0.6072,0.0,18.663999999999998,16.822766984658994,9.61708210963434,19.582528819440107,0.08290466016811096,11,5,60,0,854.0274681418699,7.763886074016999,1.7065077704254255,16.34080633641291,33.86594381875412,0.30787221653412833,0.0,5.25131729269197,820.1615243231157,7.45601385748287,0.0,16.34080633641291,338.6594381875412,8201.615243231157,8540.2746814187,787.2354681418699,0.03965439647092048,0.9603456035290794,29.7,18.0,18.0,534.6,2268.0,1212472.8,11.538652067718608,279.4417459363256,290.9803980040442
Sonora,Carbó,20,Hermosillo,144,Sandía,2015,2016,29.738876,-111.043247,581.0,899.432877054688,8.176662518678981,4.179002570323445,12.53615654023267,26.12840909090909,17.84,34.015,33.46836363636364,22.51,42.42,18.788454545454545,10.84,27.21,38.12227272727272,11.61,75.73,27.690363636363635,11.01,31.79,2.908363636363636,1.47,4.42,101.78000000000002,0.9252727272727274,0.0,18.0,81.42399999999999,0.7402181818181818,0.0,14.4,17.104910408691403,8.304237840714906,19.941162594320254,0.11316019527025974,18,6,42,0,752.9676492291024,6.845160447537295,1.671601028129378,12.53615654023267,56.53184134551742,0.5139258304137947,0.0,6.185331702842132,696.435807883585,6.3312346171235,0.0,12.53615654023267,565.3184134551742,6964.3580788358495,7529.676492291023,671.5436492291025,0.0750787120846366,0.9249212879153633,35.0,35.0,35.0,1225.0,2871.33,3517379.25,14.132960336379355,174.10895197089624,188.24191230727558
Sonora,Carbó,20,Hermosillo,144,Sandía,2016,2017,29.738876,-111.043247,581.0,982.965910796456,8.936053734513237,4.812168303217072,17.17556573315525,27.062772727272726,18.005,36.79,35.16681818181818,23.91,47.15,18.958727272727277,9.11,28.34,31.36854545454545,8.24,65.67,28.74800000000001,13.79,32.09,2.955727272727273,1.7,5.61,35.1,0.3190909090909091,0.0,14.5,28.080000000000002,0.25527272727272726,0.0,11.600000000000001,17.368365901017192,9.279570820876852,19.429054114123225,0.03570825764604588,8,1,54,0,820.0030221827989,7.454572928934535,1.9248673212868288,17.17556573315525,21.153024847453846,0.19230022588594406,0.0,4.673024847453846,798.8499973353452,7.262272703048592,0.0,17.17556573315525,211.53024847453847,7988.499973353451,8200.03022182799,791.9230221827988,0.025796276690719704,0.9742037233092805,46.0,25.0,25.0,1150.0,3174.78,3650997.0,4.406880176552884,166.4270827781969,170.83396295474978
Sonora,Carbó,20,Hermosillo,144,Sandía,2017,2018,29.738876,-111.043247,581.0,989.4307875307733,8.994825341188848,3.8734481217489947,12.621672828018214,27.570681818181818,16.08,35.805,35.65927272727273,21.4,46.62,19.482090909090907,9.2,27.43,29.892636363636363,6.77,81.63,28.515454545454542,15.01,32.59,2.8499090909090916,1.43,4.84,108.2,0.9836363636363636,0.0,16.73,86.56,0.7869090909090909,0.0,13.384,16.965147099657223,10.895133237856113,19.54475048569733,0.10935580473498735,15,8,66,0,823.1962974922699,7.483602704475181,2.6229247402791533,12.621672828018214,56.27994493046709,0.5116358630042462,0.0,5.251763759053188,766.9163525618029,6.971966841470936,0.0,12.621672828018214,562.7994493046709,7669.163525618029,8231.9629749227,736.6362974922699,0.06836758753885865,0.9316324124611415,55.0,50.0,50.0,2750.0,4170.58,11469095.0,11.144543550587542,151.86462426966395,163.0091678202515
Sonora,Carbó,20,Hermosillo,144,Sandía,2018,2019,29.738876,-111.043247,581.0,1015.7363063490943,9.233966421355403,3.9763063622161186,12.557740372266807,27.924136363636357,17.845,36.495000000000005,36.08009090909091,24.36,46.49,19.76818181818182,10.88,28.03,27.822363636363637,6.49,71.05,28.556909090909084,8.7,32.52,2.9391818181818183,0.81,5.18,64.86,0.5896363636363636,0.0,16.83,51.888000000000005,0.47170909090909097,0.0,13.463999999999999,16.9749074253399,7.030612916260273,20.01268584481656,0.06385515570781274,9,4,68,0,845.7168303691554,7.688334821537777,2.7250680942350782,12.557740372266807,31.906188528720744,0.29005625935200674,0.0,4.956440690994781,813.8106418404348,7.39827856218577,0.0,12.557740372266807,319.0618852872074,8138.106418404348,8457.168303691555,793.8288303691554,0.03772679859616095,0.9622732014038391,52.0,160.0,160.0,8320.0,5907.69,49151980.8,6.318057134400147,161.15062214662075,167.46867928102088
Sonora,Carbó,20,Hermosillo,144,Sandía,2019,2020,29.738876,-111.043247,581.0,976.8468693791518,8.880426085265016,5.642826936029834,12.910943943856564,26.55627272727273,17.945,36.815,34.60618181818182,23.94,44.28,18.506363636363634,10.37,30.93,30.385,10.97,68.26,28.860181818181818,19.56,32.23,2.9487272727272726,1.28,4.69,30.590000000000003,0.2780909090909091,0.0,9.14,24.471999999999998,0.22247272727272724,0.0,7.312000000000001,17.339694648204464,13.676597092503293,19.69534675823237,0.03131504124023235,6,3,50,0,809.1273825012837,7.355703477284397,2.425737233945352,12.496998921342001,22.760120202022375,0.20691018365474886,0.0,7.312000000000001,786.3672622992614,7.148793293629649,0.0,12.496998921342001,227.60120202022375,7863.6726229926135,8091.273825012837,784.6553825012837,0.028129217591997963,0.9718707824080021,54.23,130.0,130.0,7050.0,4800.0,33840000.0,4.491390271736039,155.17854214094947,159.6699324126855
Sonora,Carbó,20,Hermosillo,144,Sandía,2020,2021,29.738876,-111.043247,581.0,996.6343898980421,9.060312635436746,4.207679998298008,12.069803282319887,27.515045454545458,14.835,35.989999999999995,35.67354545454546,20.94,45.44,19.356545454545458,7.22,27.91,32.214000000000006,10.57,66.44,29.220636363636363,19.71,32.83,2.919090909090909,1.71,4.64,32.01,0.291,0.0,12.76,25.608,0.2328,0.0,10.208,17.69054274678435,13.330617480618946,19.58879564759004,0.032118096991690895,6,2,70,0,850.0724752808177,7.727931593461979,1.6830719993192034,12.069803282319887,20.926700911004804,0.19024273555458912,0.0,5.6240000000000006,829.1457743698131,7.537688857907392,0.0,12.069803282319887,209.26700911004804,8291.45774369813,8500.724752808179,824.4644752808177,0.024617549114376115,0.9753824508856241,44.0,65.0,65.0,2860.0,4872.72,13935979.2,4.312116404493056,170.85220984335731,175.16432624785037
Sonora,Carbó,20,Hermosillo,144,Sandía,2021,2022,29.738876,-111.043247,581.0,982.0852979449231,8.928048163135665,4.439055473686029,13.155889542374574,27.473409090909087,18.765,35.08,35.32327272727273,25.11,44.55,19.623545454545457,10.96,26.31,31.88963636363637,6.52,76.72,28.50154545454545,17.89,32.31,2.9028181818181817,0.9,6.06,119.85999999999999,1.0896363636363635,0.0,38.98,95.88800000000002,0.8717090909090911,0.0,31.183999999999997,17.128798826417103,12.703481767670244,19.568106022713078,0.12204642534697828,14,5,55,0,820.5481674536153,7.459528795032866,2.649022812363515,13.155889542374574,43.638377902468534,0.39671252638607757,0.0,5.548213072477175,776.9097895511467,7.062816268646788,0.0,13.155889542374574,436.38377902468534,7769.097895511467,8205.481674536153,724.6601674536153,0.053181982037557064,0.9468180179624428,52.88,106.0,106.0,5605.28,4950.0,27746136.0,8.683390290014632,154.59353090262593,163.27692119264057
Sonora,Carbó,20,Hermosillo,144,Sandía,2022,2023,29.738876,-111.043247,581.0,981.0692795842574,8.918811632584157,5.828824356737323,12.889815812070335,27.806181818181816,20.145,36.045,36.00963636363635,28.41,44.8,19.602727272727275,11.03,28.4,31.049636363636367,4.55,69.48,28.637545454545457,17.59,32.09,2.766909090909091,1.23,4.55,95.17999999999999,0.8652727272727272,0.0,16.13,76.14399999999998,0.6922181818181816,0.0,12.904,17.24018750580142,11.51710095069001,19.320445251646333,0.09701659401702388,14,8,68,0,818.9015253513819,7.444559321376199,2.416195587869398,12.889815812070335,58.52673952099798,0.5320612683727088,0.0,5.647852882303825,760.3747858303839,6.91249805300349,0.0,12.889815812070335,585.2673952099798,7603.747858303839,8189.015253513819,742.7575253513819,0.07146981377997162,0.9285301862200283,60.48,62.0,62.0,3750.0,5600.24,21000900.0,9.677040264715275,125.72334421798676,135.40038448270204
Sonora,Carbó,20,Hermosillo,144,Sandía,2023,2024,29.738876,-111.043247,581.0,1027.6342082590068,9.34212916599097,5.543155001126422,14.578171274339963,27.42027272727273,15.995000000000001,37.625,35.859818181818184,23.66,47.24,18.980727272727275,7.11,29.54,25.212545454545452,6.61,52.48,28.87581818181818,18.69,31.87,2.975818181818182,2.12,4.89,12.500000000000002,0.11363636363636365,0.0,4.64,10.0,0.09090909090909091,0.0,3.7119999999999997,17.085043165819172,12.31952307547406,19.31612581921498,0.012163861322967442,4,0,56,0,849.465741295539,7.722415829959446,2.5597362684947154,11.447688929722617,10.0,0.09090909090909091,0.0,3.7119999999999997,839.465741295539,7.631506739050355,2.5597362684947154,11.447688929722617,100.0,8394.65741295539,8494.65741295539,839.465741295539,0.011772105117210234,0.9882278948827897,65.92,62.0,62.0,4087.04,5880.25,24032816.96,1.694053870913095,142.21001885406386,143.90407272497697
Sonora,Carbó,20,Hermosillo,144,Tomate verde,2010,2011,29.738876,-111.043247,581.0,794.1071214887019,5.839022952122808,1.286968893945245,11.190140666146204,18.046286764705883,10.305,27.64,25.86727941176471,14.7,38.99,10.225294117647058,3.6,19.02,38.39492647058824,11.17,83.73,21.70625,4.81,31.97,2.987279411764706,1.46,7.65,83.2,0.611764705882353,0.0,22.71,66.56000000000002,0.4894117647058825,0.0,18.168000000000003,12.004167282960324,4.180233930823098,18.527255026519253,0.10477175905944036,12,4,4,6,745.5298665525727,5.481837254063034,1.0858007171112172,11.243018371040831,23.368835540010238,0.17182967308831057,0.0,3.406777217433952,722.1610310125625,5.310007580974724,0.0,11.243018371040831,233.68835540010238,7221.610310125625,7455.298665525727,678.9698665525726,0.03134527077777686,0.9686547292222232,9.0,7.0,7.0,63.0,5000.0,315000.0,25.965372822233597,802.4011455695139,828.3665183917475
Sonora,Carbó,20,Hermosillo,144,Tomate verde,2012,2013,29.738876,-111.043247,581.0,882.9166264538425,6.444646908422208,2.3336823333538237,12.305220807462604,19.530109489051096,11.215,30.97,27.92445255474453,14.25,41.2,11.135766423357664,3.89,22.29,29.435401459854013,8.66,68.38,22.41029197080292,7.34,31.1,2.8013138686131387,0.68,5.21,15.629999999999999,0.1140875912408759,0.0,8.33,12.504000000000001,0.09127007299270073,0.0,6.664000000000001,11.989508271041473,5.306488383070415,17.741270928508726,0.017702690754365483,3,1,12,2,826.1857389332408,6.030552838928765,1.664737449899205,11.612719981499016,8.14545675073959,0.05945588869152986,0.0,2.7840000000000003,818.0402821825012,5.971096950237235,0.0,11.612719981499016,81.45456750739591,8180.402821825011,8261.857389332406,813.6817389332408,0.009859110811155961,0.990140889188844,8.9,11.0,11.0,97.9,4200.0,411180.0,9.152198596336618,919.1463844747203,928.2985830710569
Sonora,Carbó,20,Hermosillo,144,Tomate verde,2013,2014,29.738876,-111.043247,581.0,877.792793820055,6.45435877808864,1.9670496726752487,12.819196316638946,19.015588235294118,5.785,29.380000000000003,27.249558823529412,12.21,39.43,10.781617647058823,-2.22,21.94,31.19338235294117,5.45,81.07,22.14963235294118,9.39,30.9,3.043235294117647,1.46,5.18,29.59,0.2175735294117647,0.0,11.93,23.672000000000004,0.1740588235294118,0.0,9.544,11.982345618353149,5.556275472120389,18.377567873770765,0.03370954991693161,3,3,12,21,838.6316188937632,6.166408962454141,1.180229803605149,13.349168132268694,7.1943454802616085,0.05289959911957065,0.0,2.5271728447383155,831.4372734135017,6.113509363334571,0.0,13.349168132268694,71.94345480261609,8314.372734135017,8386.316188937633,814.9596188937631,0.008578671872343248,0.9914213281276568,9.6,7.0,7.0,67.2,5220.0,350784.0,7.572995242380641,875.1971299089491,882.7701251513298
Sonora,Carbó,20,Hermosillo,144,Tomate verde,2014,2015,29.738876,-111.043247,581.0,914.9742701059877,6.7277519860734385,2.9607444587992204,13.32256469250024,21.239375000000003,12.895,29.985,29.423014705882352,19.03,39.46,13.055735294117646,5.38,20.51,26.360294117647058,5.73,70.1,21.792279411764707,5.95,31.89,2.7516911764705885,1.29,5.15,3.48,0.025588235294117648,0.0,1.73,2.7840000000000003,0.02047058823529412,0.0,1.3840000000000001,11.612012150246656,4.278109880489341,18.77806475969482,0.0038033856401195718,2,0,13,0,855.9332354328867,6.293626731124167,1.7982115663197116,12.167393862823847,2.7840000000000003,0.02047058823529412,0.0,1.3840000000000001,853.1492354328868,6.273156142888873,1.7982115663197116,12.167393862823847,27.840000000000003,8531.492354328868,8559.332354328868,853.1492354328867,0.003252590137584735,0.9967474098624154,9.5,7.0,7.0,66.5,1552.0,103208.0,2.930526315789474,898.0518267714598,900.9823530872493
Sonora,Carbó,20,Hermosillo,144,Tomate verde,2015,2016,29.738876,-111.043247,581.0,788.0913157754156,5.794789086583939,1.2330080006160098,9.86597725286356,20.295661764705883,6.805,27.11,27.738014705882353,13.44,37.13,12.853308823529414,0.17,19.16,41.242573529411764,12.17,91.91,21.022279411764703,5.42,31.24,2.7547794117647055,1.1,5.7,98.31000000000002,0.7228676470588237,0.0,21.05,78.64800000000001,0.5782941176470588,0.0,16.84,11.923472409020237,4.358875874307491,18.93665450560018,0.12474442749476466,13,6,3,3,751.8933720633472,5.528627735759906,0.7398048003696058,10.669931050165548,27.467666892982336,0.20196813891898777,0.0,3.6966486003356223,724.4257051703648,5.326659596840918,0.0,10.669931050165548,274.67666892982334,7244.257051703648,7518.933720633471,673.2453720633472,0.03653133265107194,0.963468667348928,10.0,8.0,8.0,80.0,1785.0,142800.0,54.935333785964666,1448.8514103407297,1503.7867441266944
Sonora,Carbó,20,Hermosillo,144,Zanahoria,2013,2014,29.738876,-111.043247,581.0,686.8101086436026,4.548411315520547,1.9045715761810849,8.43576622639293,18.4058940397351,5.785,29.354999999999997,25.674039735099335,12.21,38.08,11.137748344370861,-2.22,21.33,39.67059602649007,15.36,81.07,16.02218543046358,4.96,23.18,2.599536423841059,1.26,5.18,52.040000000000006,0.344635761589404,0.0,12.99,41.632,0.2757086092715232,0.0,10.392000000000001,8.111942128372997,4.080917878738014,13.220027841448257,0.0757705795897137,7,5,6,22,659.1015937344578,4.364911216784488,1.868697189041486,7.786018959546609,15.463328596984924,0.10240614964890678,0.0,2.8555470093815805,643.6382651374727,4.262505067135581,0.0,7.786018959546609,0.0,0.0,0.0,617.4695937344578,0.023461221675053132,0.9765387783249466,19.5,2.0,2.0,39.0,3640.0,141960.0,0.0,0.0,0.0
Sonora,Carbó,20,Hermosillo,144,Zanahoria,2014,2015,29.738876,-111.043247,581.0,730.0299511674294,4.834635438194897,1.7540281608213997,8.626442073890388,19.59033112582781,10.67,26.384999999999998,27.030066225165562,13.91,35.25,12.150596026490065,4.31,19.52,37.772781456953645,12.06,85.38,16.2758940397351,5.95,22.83,2.53523178807947,1.21,4.98,29.409999999999997,0.1947682119205298,0.0,8.92,23.528000000000002,0.15581456953642386,0.0,7.136,8.095762676190823,4.278109880489341,13.462812942914228,0.04028601833797218,5,3,2,4,699.5681104483792,4.632901393697876,1.8417295688624697,8.195119970195869,13.379149404869299,0.08860363844284304,0.0,2.936,686.18896104351,4.544297755255033,0.0,8.195119970195869,0.0,0.0,0.0,676.0401104483792,0.0191248703379205,0.9808751296620796,19.88,8.0,8.0,159.04,3664.0,582722.56,0.0,0.0,0.0
Sonora,Carbó,20,Hermosillo,144,Zanahoria,2015,2016,29.738876,-111.043247,581.0,641.5834500174947,4.248897019983408,1.2330080006160098,7.150467587708981,19.47943708609272,6.805,27.28,26.417549668874173,13.44,35.7,12.54132450331126,0.17,22.26,49.490198675496686,20.84,91.91,15.918278145695364,5.42,23.42,2.4882781456953644,1.18,5.71,83.14,0.5505960264900662,0.0,21.05,66.512,0.440476821192053,0.0,16.84,8.443047467561321,4.156508640178882,13.959067805837316,0.12958563690776773,14,5,3,5,617.3010051528863,4.088086126840307,1.1713576005852093,7.507990967094431,24.95674921107752,0.16527648484157298,0.0,2.4777428403130908,592.3442559418088,3.9228096419987337,0.0,7.507990967094431,0.0,0.0,0.0,550.7890051528864,0.04042881674054055,0.9595711832594594,19.5,12.0,12.0,234.0,2220.0,519480.0,0.0,0.0,0.0
Sonora,Carbó,20,Hermosillo,144,Avena forrajera en verde,2010,2011,29.738876,-111.043247,581.0,713.1340984549051,4.54225540417137,1.286968893945245,9.548252832738951,16.906273885350316,10.305,25.869999999999997,24.20949044585987,14.7,35.37,9.603057324840764,2.87,17.96,41.102038216560516,17.46,83.73,17.06821656050956,4.81,27.56,2.7110828025477707,1.22,7.65,85.38,0.5438216560509553,0.0,22.71,68.304,0.43505732484076437,0.0,18.168000000000003,8.761612694259599,4.180233930823098,15.879810265700762,0.11972502813283858,13,4,1,8,654.9093532486952,4.171397154450288,0.5787108643205374,8.593427549465057,27.416318779257285,0.17462623426278526,0.0,2.7287017090513106,627.493034469438,3.9967709201875037,0.0,8.593427549465057,0.0,0.0,0.0,586.6053532486952,0.041862768707238505,0.9581372312927617,37.96,60.0,60.0,2277.72,600.0,1366632.0,0.0,0.0,0.0
Sonora,Carbó,20,Hermosillo,144,Avena forrajera en verde,2011,2012,29.738876,-111.043247,581.0,829.441971171632,5.2830698800740885,2.150823390213724,10.052934085249342,17.99668789808917,1.2999999999999998,26.725,26.05955414012739,6.06,36.46,9.933821656050956,-3.46,18.52,31.065414012738856,9.87,74.1,18.107834394904458,8.96,26.79,2.733375796178344,1.31,8.98,4.529999999999999,0.028853503184713372,0.0,2.31,3.6240000000000006,0.023082802547770703,0.0,1.848,8.803044252528588,4.859356926616812,15.202428975537991,0.00546150322439209,2,0,2,17,762.5590202157314,4.857063823030137,1.0670813450824228,9.012047056077815,3.6240000000000006,0.023082802547770703,0.0,1.848,758.9350202157314,4.833981020482366,0.6254468987457822,9.012047056077815,0.0,0.0,0.0,758.9350202157314,0.00475241903108661,0.9952475809689134,38.5,60.0,60.0,2310.0,742.0,1714020.0,0.0,0.0,0.0
Sonora,Carbó,20,Hermosillo,144,Avena forrajera en verde,2012,2013,29.738876,-111.043247,581.0,750.0299640332601,4.747025088818102,1.3665354827415797,9.23838147871918,16.783924050632915,7.41,26.5,24.428037974683544,13.1,35.05,9.13981012658228,1.72,18.19,39.07582278481012,9.66,84.02,17.410443037974687,3.75,28.47,2.748291139240506,0.68,6.89,89.74,0.5679746835443038,0.0,52.6,71.79200000000002,0.45437974683544313,0.0,42.080000000000005,8.800184704310933,3.482455060130232,15.775142050821128,0.11964855312903269,10,3,1,12,691.4622376602453,4.376343276330666,0.6733930777965801,8.314543330847263,19.68741675116849,0.12460390348840818,0.0,4.748967295816829,671.7748209090768,4.251739372842258,0.0,8.314543330847263,0.0,0.0,0.0,619.6702376602452,0.028472150290934674,0.9715278497090654,38.0,60.0,60.0,2280.0,800.0,1824000.0,0.0,0.0,0.0
Sonora,Carbó,20,Hermosillo,144,Avena forrajera en verde,2013,2014,29.738876,-111.043247,581.0,784.8827141085075,4.999252956105143,1.9045715761810849,9.253284953645792,17.911592356687898,5.785,26.089999999999996,25.48764331210191,12.21,36.09,10.335541401273884,-2.22,20.1,34.96643312101911,12.33,81.07,17.15191082802548,4.96,27.69,2.742292993630573,1.26,5.18,52.36,0.3335031847133758,0.0,12.99,41.888000000000005,0.26680254777070067,0.0,10.392000000000001,8.624574697105608,4.080917878738014,15.32114561388428,0.06671060409257708,7,5,1,22,719.7256748075434,4.584239966927028,1.0930367195160926,8.327956458281214,17.124538338158942,0.10907349259973849,0.0,3.456714800830334,702.6011364693845,4.47516647432729,0.0,8.327956458281214,0.0,0.0,0.0,677.8376748075434,0.02379314638558377,0.9762068536144163,37.5,60.0,60.0,2250.0,850.0,1912500.0,0.0,0.0,0.0
Sonora,Carbó,20,Hermosillo,144,Avena forrajera en verde,2014,2015,29.738876,-111.043247,581.0,794.1798480422488,5.0584703696958515,1.7540281608213997,9.518504023221864,19.10643312101911,10.67,26.17,26.58044585987261,13.91,35.25,11.632420382165606,4.31,19.52,35.78968152866242,11.8,85.38,17.158980891719747,5.95,27.64,2.6279617834394906,1.21,5.15,31.029999999999998,0.1976433121019108,0.0,8.92,24.824,0.15811464968152866,0.0,7.136,8.646961321331961,4.278109880489341,15.504283355638112,0.03907175443508517,7,3,2,4,742.05833575319,4.726486214988472,0.796542314191511,9.104882158515625,13.178706763253585,0.08394080740925851,0.0,2.2985253948738937,728.8796289899365,4.642545407579213,0.0,9.104882158515625,0.0,0.0,0.0,717.2343357531901,0.0177596640699106,0.9822403359300894,38.0,60.0,60.0,2280.0,838.19,1911073.2,0.0,0.0,0.0
Sonora,Carbó,20,Hermosillo,144,Avena forrajera en verde,2015,2016,29.738876,-111.043247,581.0,716.9892771039604,4.56681068219083,1.2330080006160098,9.23189388854168,18.889490445859877,6.805,27.11,25.97643312101911,13.44,37.13,11.802547770700636,0.17,19.41,45.8028025477707,20.69,91.91,16.643312101910826,5.42,26.73,2.6397452229299363,1.1,5.71,96.31,0.6134394904458599,0.0,21.05,77.048,0.4907515923566879,0.0,16.84,8.829831602203893,4.156508640178882,15.757565486700994,0.1343255793015653,13,6,2,5,665.1371714689069,4.236542493432528,0.8825541984645956,8.308704499687513,27.183292042260575,0.17314198753032214,0.0,2.999372911957952,637.9538794266464,4.063400505902206,0.0,8.308704499687513,0.0,0.0,0.0,588.0891714689069,0.04086870078577665,0.9591312992142235,37.8,65.0,65.0,2457.0,849.0,2085993.0,0.0,0.0,0.0
Sonora,Carbó,20,Hermosillo,144,Avena forrajera en verde,2016,2017,29.738876,-111.043247,581.0,817.3111593083277,5.172855438660302,1.7884958094124053,9.317348758077564,18.28518987341772,8.03,25.625,26.176962025316456,13.49,35.37,10.393417721518986,1.32,17.35,35.61120253164557,11.7,82.44,17.757341772151896,5.57,27.84,2.7819620253164556,1.35,5.1,45.739999999999995,0.2894936708860759,0.0,10.51,36.592000000000006,0.2315949367088608,0.0,8.408,8.842724736857507,4.0790178489038444,15.518953315037322,0.05596399789611186,11,3,3,14,759.8259181345331,4.80902479831983,0.7485709133373429,8.385613882269809,20.791074402745707,0.13158907849839055,0.0,3.2416764335489145,739.0348437317873,4.677435719821439,0.0,8.385613882269809,0.0,0.0,0.0,723.2339181345332,0.027362944467320058,0.9726370555326798,41.5,145.0,145.0,6017.5,863.96,5198879.3,0.0,0.0,0.0
Sonora,Carbó,20,Hermosillo,144,Avena forrajera en verde,2017,2018,29.738876,-111.043247,581.0,753.9961935213857,4.802523525613922,1.3371988867735471,8.906793728525098,19.2334076433121,10.835,29.14,26.533248407643306,15.0,37.09,11.933566878980892,4.3,21.39,41.612611464968154,17.57,87.73,16.956815286624202,2.79,27.55,2.601847133757962,1.3,7.01,91.86,0.5850955414012738,0.0,20.3,73.488,0.4680764331210191,0.0,16.240000000000002,8.802058245543558,3.4157688059045146,16.139160359511028,0.12183085377525125,11,8,8,5,678.0089890805474,4.318528592869729,1.1600377675924332,7.838111296240389,22.306066659827586,0.1420768577059082,0.0,3.611369405040045,655.7029224207198,4.176451735163821,0.0,7.838111296240389,0.0,0.0,0.0,604.5209890805475,0.03289936714567309,0.9671006328543269,42.0,140.0,140.0,5880.0,860.0,5056800.0,0.0,0.0,0.0
Sonora,Carbó,20,Hermosillo,144,Avena forrajera en verde,2018,2019,29.738876,-111.043247,581.0,818.4148831310348,5.212833650516145,1.450458227669314,8.90009078646516,20.354777070063697,11.14,28.655,27.78675159235669,16.07,37.01,12.9228025477707,2.57,21.54,33.366433121019114,11.84,84.04,16.745668789808914,4.94,27.82,2.6020382165605094,1.15,5.56,50.260000000000005,0.32012738853503186,0.0,19.71,40.208000000000006,0.2561019108280255,0.0,15.768,8.414452990737868,3.997404610604455,15.848105115526742,0.06141139541319042,7,3,9,5,760.6340205807369,4.844802678858197,1.095967359425416,9.581570886899224,14.465998607808372,0.09214011852107243,0.0,2.285944266955883,746.1680219729285,4.752662560337124,0.0,9.581570886899224,0.0,0.0,0.0,720.4260205807369,0.019018342877647938,0.9809816571223521,43.0,150.0,150.0,6450.0,970.0,6256500.0,0.0,0.0,0.0
Sonora,Carbó,20,Hermosillo,144,Avena forrajera en verde,2019,2020,29.738876,-111.043247,581.0,663.6262059984018,4.22691850954396,1.434738711504054,9.211759089344195,17.03372611464968,7.215,23.615,24.13343949044586,11.41,33.51,9.934012738853502,1.58,18.87,46.51197452229299,22.15,85.4,16.315859872611465,4.22,27.17,2.554904458598726,1.06,6.53,81.93,0.5218471337579619,0.0,21.16,65.544,0.4174777070063694,0.0,16.928,8.682682368606278,3.719657091714982,15.804154587024343,0.12345805403621646,11,3,0,14,610.5200438274935,3.888662699538175,0.8183242596472463,8.290583180409776,24.956318489219278,0.15895744260649222,0.0,2.7251012230884886,585.5637253382743,3.729705256931683,0.0,8.290583180409776,0.0,0.0,0.0,544.9760438274935,0.040877148492557684,0.9591228515074424,41.64,140.0,140.0,5829.0,928.82,5414091.78,0.0,0.0,0.0
Sonora,Carbó,20,Hermosillo,144,Avena forrajera en verde,2020,2021,29.738876,-111.043247,581.0,586.8992330925421,3.714552108180646,0.8413745920632801,7.615643320471816,16.890063291139242,7.300000000000001,24.875,23.678227848101265,13.68,31.46,10.101898734177215,-0.04,19.66,54.708924050632916,25.58,93.38,15.730886075949368,2.67,27.31,2.428924050632911,0.77,6.36,282.37,1.7871518987341772,0.0,88.66,169.422,1.0722911392405063,0.0,53.196,8.644963443416318,3.0389277458401116,16.03409881646102,0.48112177368525544,23,14,0,10,536.321281581739,3.3944384910236645,0.8191770158357451,7.064515344844722,40.01499625885518,0.2532594699927543,0.0,3.0,496.30628532288375,3.1411790210309096,0.0,7.064515344844722,0.0,0.0,0.0,366.89928158173893,0.0746101220164925,0.9253898779835075,46.2,175.0,175.0,8085.0,957.93,7744864.05,0.0,0.0,0.0
Sonora,Carbó,20,Hermosillo,144,Avena forrajera en verde,2021,2022,29.738876,-111.043247,581.0,843.5326940034059,5.372819707028063,1.8809258840895895,10.817985810530516,18.396815286624204,8.57,30.04,26.314458598726112,12.92,39.7,10.479171974522293,3.23,22.61,30.881464968152862,10.33,79.87,17.780127388535035,7.0,27.4,2.8331847133757964,1.49,6.07,59.67,0.38006369426751596,0.0,27.19,47.736000000000004,0.3040509554140128,0.0,21.752000000000002,8.60820261547677,4.402526263512065,15.2435064465101,0.07073821847592676,7,4,16,5,778.4161471146904,4.958064631303761,1.086196443735751,9.736187229477464,20.524956880033518,0.1307322094269651,0.0,5.30028115549652,757.891190234657,4.827332421876796,0.0,9.736187229477464,0.0,0.0,0.0,730.6801471146904,0.02636758879695928,0.9736324112030409,45.0,210.0,210.0,9450.0,970.0,9166500.0,0.0,0.0,0.0
Sonora,Carbó,20,Hermosillo,144,Avena forrajera en verde,2022,2023,29.738876,-111.043247,581.0,763.1788452557553,4.861011753221371,1.626406912938338,9.66731161676177,18.364617834394902,8.799999999999999,25.64,26.00949044585987,16.43,36.13,10.719745222929935,0.33,18.7,37.60261146496814,8.64,83.36,17.481974522292994,5.86,27.01,2.57,1.21,5.38,68.39,0.43560509554140125,0.0,34.66,54.712,0.348484076433121,0.0,27.727999999999998,8.837983425740994,4.201413017412738,15.813407202723063,0.08961202269316211,7,4,1,5,694.1561649534235,4.421376846837092,1.0222884483404757,8.700580455085593,16.497106627018077,0.10507711227400049,0.0,3.6664072067242177,677.6590583264054,4.316299734563092,0.0,8.700580455085593,0.0,0.0,0.0,639.4441649534235,0.0237656992185973,0.9762343007814027,45.8,205.0,205.0,9389.0,980.0,9201220.0,0.0,0.0,0.0
Sonora,Carbó,20,Hermosillo,144,Avena forrajera en verde,2023,2024,29.738876,-111.043247,581.0,662.5395602587197,4.219997199100125,1.5227981315374295,8.126863894376983,16.22076433121019,8.79,23.759999999999998,23.453821656050955,14.82,32.53,8.987707006369428,1.43,17.52,45.54484076433121,15.36,81.49,16.70955414012739,3.62,28.53,2.6044585987261146,1.19,4.92,52.96999999999999,0.33738853503184707,0.0,13.61,42.376000000000005,0.2699108280254777,0.0,10.888,8.739671423427,3.814899171465062,15.91703509313789,0.07994994288237726,11,4,0,16,613.4319120765123,3.9072096310605877,0.8323353437646649,7.314177504939285,22.56620730619297,0.1437338044980444,0.0,2.8705969609280406,590.8657047703193,3.7634758265625434,0.0,7.314177504939285,0.0,0.0,0.0,571.0559120765123,0.03678681669788697,0.963213183302113,43.5,140.0,140.0,6090.0,985.0,5998650.0,0.0,0.0,0.0
Sonora,Carbó,20,Hermosillo,144,Cebada forrajera en verde,2010,2011,29.738876,-111.043247,581.0,713.1340984549051,4.54225540417137,1.286968893945245,9.548252832738951,16.906273885350316,10.305,25.869999999999997,24.20949044585987,14.7,35.37,9.603057324840764,2.87,17.96,41.102038216560516,17.46,83.73,17.06821656050956,4.81,27.56,2.7110828025477707,1.22,7.65,85.38,0.5438216560509553,0.0,22.71,68.304,0.43505732484076437,0.0,18.168000000000003,8.761612694259599,4.180233930823098,15.879810265700762,0.11972502813283858,13,4,1,8,654.9093532486952,4.171397154450288,0.5787108643205374,8.593427549465057,27.416318779257285,0.17462623426278526,0.0,2.7287017090513106,627.493034469438,3.9967709201875037,0.0,8.593427549465057,0.0,0.0,0.0,586.6053532486952,0.041862768707238505,0.9581372312927617,40.32,80.0,80.0,3225.6,600.0,1935360.0,0.0,0.0,0.0
Sonora,Carbó,20,Hermosillo,144,Cebada forrajera en verde,2011,2012,29.738876,-111.043247,581.0,829.441971171632,5.2830698800740885,2.150823390213724,10.052934085249342,17.99668789808917,1.2999999999999998,26.725,26.05955414012739,6.06,36.46,9.933821656050956,-3.46,18.52,31.065414012738856,9.87,74.1,18.107834394904458,8.96,26.79,2.733375796178344,1.31,8.98,4.529999999999999,0.028853503184713372,0.0,2.31,3.6240000000000006,0.023082802547770703,0.0,1.848,8.803044252528588,4.859356926616812,15.202428975537991,0.00546150322439209,2,0,2,17,762.5590202157314,4.857063823030137,1.0670813450824228,9.012047056077815,3.6240000000000006,0.023082802547770703,0.0,1.848,758.9350202157314,4.833981020482366,0.6254468987457822,9.012047056077815,0.0,0.0,0.0,758.9350202157314,0.00475241903108661,0.9952475809689134,39.0,80.0,80.0,3120.0,760.0,2371200.0,0.0,0.0,0.0
Sonora,Carbó,20,Hermosillo,144,Cebada forrajera en verde,2012,2013,29.738876,-111.043247,581.0,750.0299640332601,4.747025088818102,1.3665354827415797,9.23838147871918,16.783924050632915,7.41,26.5,24.428037974683544,13.1,35.05,9.13981012658228,1.72,18.19,39.07582278481012,9.66,84.02,17.410443037974687,3.75,28.47,2.748291139240506,0.68,6.89,89.74,0.5679746835443038,0.0,52.6,71.79200000000002,0.45437974683544313,0.0,42.080000000000005,8.800184704310933,3.482455060130232,15.775142050821128,0.11964855312903269,10,3,1,12,691.4622376602453,4.376343276330666,0.6733930777965801,8.314543330847263,19.68741675116849,0.12460390348840818,0.0,4.748967295816829,671.7748209090768,4.251739372842258,0.0,8.314543330847263,0.0,0.0,0.0,619.6702376602452,0.028472150290934674,0.9715278497090654,40.0,80.0,80.0,3200.0,780.0,2496000.0,0.0,0.0,0.0
Sonora,Carbó,20,Hermosillo,144,Cebada forrajera en verde,2013,2014,29.738876,-111.043247,581.0,784.8827141085075,4.999252956105143,1.9045715761810849,9.253284953645792,17.911592356687898,5.785,26.089999999999996,25.48764331210191,12.21,36.09,10.335541401273884,-2.22,20.1,34.96643312101911,12.33,81.07,17.15191082802548,4.96,27.69,2.742292993630573,1.26,5.18,52.36,0.3335031847133758,0.0,12.99,41.888000000000005,0.26680254777070067,0.0,10.392000000000001,8.624574697105608,4.080917878738014,15.32114561388428,0.06671060409257708,7,5,1,22,719.7256748075434,4.584239966927028,1.0930367195160926,8.327956458281214,17.124538338158942,0.10907349259973849,0.0,3.456714800830334,702.6011364693845,4.47516647432729,0.0,8.327956458281214,0.0,0.0,0.0,677.8376748075434,0.02379314638558377,0.9762068536144163,39.5,80.0,80.0,3160.0,950.0,3002000.0,0.0,0.0,0.0
Sonora,Carbó,20,Hermosillo,144,Cebada forrajera en verde,2014,2015,29.738876,-111.043247,581.0,794.1798480422488,5.0584703696958515,1.7540281608213997,9.518504023221864,19.10643312101911,10.67,26.17,26.58044585987261,13.91,35.25,11.632420382165606,4.31,19.52,35.78968152866242,11.8,85.38,17.158980891719747,5.95,27.64,2.6279617834394906,1.21,5.15,31.029999999999998,0.1976433121019108,0.0,8.92,24.824,0.15811464968152866,0.0,7.136,8.646961321331961,4.278109880489341,15.504283355638112,0.03907175443508517,7,3,2,4,742.05833575319,4.726486214988472,0.796542314191511,9.104882158515625,13.178706763253585,0.08394080740925851,0.0,2.2985253948738937,728.8796289899365,4.642545407579213,0.0,9.104882158515625,0.0,0.0,0.0,717.2343357531901,0.0177596640699106,0.9822403359300894,39.0,80.0,80.0,3120.0,923.77,2882162.4,0.0,0.0,0.0
Sonora,Carbó,20,Hermosillo,144,Cebada forrajera en verde,2015,2016,29.738876,-111.043247,581.0,716.9892771039604,4.56681068219083,1.2330080006160098,9.23189388854168,18.889490445859877,6.805,27.11,25.97643312101911,13.44,37.13,11.802547770700636,0.17,19.41,45.8028025477707,20.69,91.91,16.643312101910826,5.42,26.73,2.6397452229299363,1.1,5.71,96.31,0.6134394904458599,0.0,21.05,77.048,0.4907515923566879,0.0,16.84,8.829831602203893,4.156508640178882,15.757565486700994,0.1343255793015653,13,6,2,5,665.1371714689069,4.236542493432528,0.8825541984645956,8.308704499687513,27.183292042260575,0.17314198753032214,0.0,2.999372911957952,637.9538794266464,4.063400505902206,0.0,8.308704499687513,0.0,0.0,0.0,588.0891714689069,0.04086870078577665,0.9591312992142235,39.7,87.0,87.0,3453.9,953.0,3291566.7,0.0,0.0,0.0
Sonora,Carbó,20,Hermosillo,144,Cebada forrajera en verde,2016,2017,29.738876,-111.043247,581.0,817.3111593083277,5.172855438660302,1.7884958094124053,9.317348758077564,18.28518987341772,8.03,25.625,26.176962025316456,13.49,35.37,10.393417721518986,1.32,17.35,35.61120253164557,11.7,82.44,17.757341772151896,5.57,27.84,2.7819620253164556,1.35,5.1,45.739999999999995,0.2894936708860759,0.0,10.51,36.592000000000006,0.2315949367088608,0.0,8.408,8.842724736857507,4.0790178489038444,15.518953315037322,0.05596399789611186,11,3,3,14,759.8259181345331,4.80902479831983,0.7485709133373429,8.385613882269809,20.791074402745707,0.13158907849839055,0.0,3.2416764335489145,739.0348437317873,4.677435719821439,0.0,8.385613882269809,0.0,0.0,0.0,723.2339181345332,0.027362944467320058,0.9726370555326798,39.5,110.0,110.0,4345.0,476.69,2071218.05,0.0,0.0,0.0
Sonora,Carbó,20,Hermosillo,144,Cebada forrajera en verde,2017,2018,29.738876,-111.043247,581.0,753.9961935213857,4.802523525613922,1.3371988867735471,8.906793728525098,19.2334076433121,10.835,29.14,26.533248407643306,15.0,37.09,11.933566878980892,4.3,21.39,41.612611464968154,17.57,87.73,16.956815286624202,2.79,27.55,2.601847133757962,1.3,7.01,91.86,0.5850955414012738,0.0,20.3,73.488,0.4680764331210191,0.0,16.240000000000002,8.802058245543558,3.4157688059045146,16.139160359511028,0.12183085377525125,11,8,8,5,678.0089890805474,4.318528592869729,1.1600377675924332,7.838111296240389,22.306066659827586,0.1420768577059082,0.0,3.611369405040045,655.7029224207198,4.176451735163821,0.0,7.838111296240389,0.0,0.0,0.0,604.5209890805475,0.03289936714567309,0.9671006328543269,41.0,115.0,115.0,4715.0,934.62,4406733.3,0.0,0.0,0.0
Sonora,Carbó,20,Hermosillo,144,Cebada forrajera en verde,2018,2019,29.738876,-111.043247,581.0,818.4148831310348,5.212833650516145,1.450458227669314,8.90009078646516,20.354777070063697,11.14,28.655,27.78675159235669,16.07,37.01,12.9228025477707,2.57,21.54,33.366433121019114,11.84,84.04,16.745668789808914,4.94,27.82,2.6020382165605094,1.15,5.56,50.260000000000005,0.32012738853503186,0.0,19.71,40.208000000000006,0.2561019108280255,0.0,15.768,8.414452990737868,3.997404610604455,15.848105115526742,0.06141139541319042,7,3,9,5,760.6340205807369,4.844802678858197,1.095967359425416,9.581570886899224,14.465998607808372,0.09214011852107243,0.0,2.285944266955883,746.1680219729285,4.752662560337124,0.0,9.581570886899224,0.0,0.0,0.0,720.4260205807369,0.019018342877647938,0.9809816571223521,43.0,120.0,120.0,5160.0,961.88,4963300.8,0.0,0.0,0.0
Sonora,Carbó,20,Hermosillo,144,Cebada forrajera en verde,2019,2020,29.738876,-111.043247,581.0,663.6262059984018,4.22691850954396,1.434738711504054,9.211759089344195,17.03372611464968,7.215,23.615,24.13343949044586,11.41,33.51,9.934012738853502,1.58,18.87,46.51197452229299,22.15,85.4,16.315859872611465,4.22,27.17,2.554904458598726,1.06,6.53,81.93,0.5218471337579619,0.0,21.16,65.544,0.4174777070063694,0.0,16.928,8.682682368606278,3.719657091714982,15.804154587024343,0.12345805403621646,11,3,0,14,610.5200438274935,3.888662699538175,0.8183242596472463,8.290583180409776,24.956318489219278,0.15895744260649222,0.0,2.7251012230884886,585.5637253382743,3.729705256931683,0.0,8.290583180409776,0.0,0.0,0.0,544.9760438274935,0.040877148492557684,0.9591228515074424,44.57,115.0,115.0,5125.0,903.11,4628438.75,0.0,0.0,0.0
Sonora,Carbó,20,Hermosillo,144,Cebada forrajera en verde,2022,2023,29.738876,-111.043247,581.0,763.1788452557553,4.861011753221371,1.626406912938338,9.66731161676177,18.364617834394902,8.799999999999999,25.64,26.00949044585987,16.43,36.13,10.719745222929935,0.33,18.7,37.60261146496814,8.64,83.36,17.481974522292994,5.86,27.01,2.57,1.21,5.38,68.39,0.43560509554140125,0.0,34.66,54.712,0.348484076433121,0.0,27.727999999999998,8.837983425740994,4.201413017412738,15.813407202723063,0.08961202269316211,7,4,1,5,694.1561649534235,4.421376846837092,1.0222884483404757,8.700580455085593,16.497106627018077,0.10507711227400049,0.0,3.6664072067242177,677.6590583264054,4.316299734563092,0.0,8.700580455085593,0.0,0.0,0.0,639.4441649534235,0.0237656992185973,0.9762343007814027,46.0,30.0,30.0,1380.0,950.0,1311000.0,0.0,0.0,0.0
Sonora,Carbó,20,Hermosillo,144,Cebada forrajera en verde,2023,2024,29.738876,-111.043247,581.0,662.5395602587197,4.219997199100125,1.5227981315374295,8.126863894376983,16.22076433121019,8.79,23.759999999999998,23.453821656050955,14.82,32.53,8.987707006369428,1.43,17.52,45.54484076433121,15.36,81.49,16.70955414012739,3.62,28.53,2.6044585987261146,1.19,4.92,52.96999999999999,0.33738853503184707,0.0,13.61,42.376000000000005,0.2699108280254777,0.0,10.888,8.739671423427,3.814899171465062,15.91703509313789,0.07994994288237726,11,4,0,16,613.4319120765123,3.9072096310605877,0.8323353437646649,7.314177504939285,22.56620730619297,0.1437338044980444,0.0,2.8705969609280406,590.8657047703193,3.7634758265625434,0.0,7.314177504939285,0.0,0.0,0.0,571.0559120765123,0.03678681669788697,0.963213183302113,41.07,28.0,28.0,1149.96,984.39,1132009.12,0.0,0.0,0.0
Sonora,Carbó,20,Hermosillo,144,Maíz forrajero en verde,2017,2018,29.738876,-111.043247,581.0,1318.4925773256207,8.189394890221246,3.2248266766290876,12.621672828018214,28.24819875776398,16.08,35.805,35.65006211180124,21.4,46.62,20.846335403726705,9.2,27.43,39.459006211180125,6.77,81.63,27.07844720496894,6.13,32.59,2.5564596273291924,0.82,5.0,263.99999999999994,1.6397515527950306,0.0,16.73,158.4,0.9838509316770186,0.0,10.038,16.678131664486845,5.219383415060492,19.54475048569733,0.20022865849991156,42,23,102,0,1301.3156071619826,8.082705634546477,1.967193555209365,15.146007393621856,145.49520372700883,0.903696917559061,0.0,7.802817764781094,1155.8204034349737,7.179008716987415,0.0,15.146007393621856,1454.9520372700883,11558.204034349737,13013.156071619826,1142.9156071619825,0.11180623895252965,0.8881937610474703,45.0,50.0,50.0,2250.0,950.0,2137500.0,32.33226749489085,256.8489785411053,289.18124603599614
Sonora,Carbó,20,Hermosillo,144,Maíz forrajero en verde,2019,2020,29.738876,-111.043247,581.0,1310.60039471268,8.140375122439007,3.6004310777597337,12.910943943856564,27.75509316770186,17.945,36.815,34.976211180124224,23.94,44.52,20.533975155279506,10.37,30.93,39.98664596273292,10.97,83.32,27.336024844720498,11.34,32.23,2.6447826086956527,1.13,4.69,228.76999999999998,1.4209316770186333,0.0,31.83,183.01599999999996,1.1367453416149067,0.0,25.464,16.967766489825717,8.456938174478717,19.69534675823237,0.1745535869841949,30,17,77,0,1317.8925730174892,8.185668155388132,1.8193029254590134,15.493132732627876,132.02166261022825,0.820010326771604,0.0,7.4498130604708885,1185.8709104072607,7.365657828616526,0.0,15.493132732627876,1320.2166261022826,11858.709104072606,13178.92573017489,1134.8765730174891,0.10017634617057383,0.899823653829426,40.0,35.0,35.0,1400.0,850.0,1190000.0,33.00541565255706,296.46772760181517,329.47314325437225
Sonora,Carbó,20,Hermosillo,144,Maíz forrajero en verde,2020,2021,29.738876,-111.043247,581.0,1380.0489307358039,8.57173248904226,3.2321285567284193,12.069803282319887,28.992795031055902,14.835,36.385,36.59366459627329,20.94,45.44,21.391925465838508,7.22,28.26,38.12801242236025,10.57,76.67,27.727577639751548,11.44,32.83,2.72416149068323,1.38,4.64,113.47,0.7047826086956521,0.0,12.76,90.77600000000001,0.5638260869565218,0.0,10.208,17.218620055685413,8.487017405066707,19.58879564759004,0.0822217223410339,24,8,110,0,1421.2005348124399,8.82733251436298,1.2623039994894025,14.483763938783863,84.98860039155372,0.5278795055376008,0.0,8.842721457607686,1336.2119344208863,8.299453008825381,0.0,14.483763938783863,849.8860039155372,13362.119344208862,14212.0053481244,1330.4245348124398,0.05980056882174613,0.940199431178254,52.13,54.0,54.0,2815.0,1100.0,3096500.0,16.30320360474846,256.32302597753426,272.6262295822827
Sonora,Carbó,20,Hermosillo,144,Maíz forrajero en verde,2021,2022,29.738876,-111.043247,581.0,1294.771322020265,8.042057900746988,3.5481715228845125,13.155889542374574,28.097018633540372,18.765,35.08,35.1811801242236,25.11,44.55,21.012857142857143,10.96,26.31,41.946645962732916,6.52,82.79,26.82863354037267,12.42,32.31,2.5949068322981366,0.81,6.06,338.2899999999999,2.101180124223602,0.0,38.98,202.974,1.2607080745341614,0.0,23.387999999999998,16.677246976975244,9.245472342559276,19.568106022713078,0.2612739363675103,46,18,82,0,1282.9930013966502,7.968900629792858,1.986767109272636,15.787067450849488,139.29915196870533,0.8652121240292256,0.0,7.929487395796325,1143.6938494279452,7.1036885057636345,0.0,15.787067450849488,1392.9915196870534,11436.938494279453,12829.930013966507,1080.0190013966503,0.10857358677488187,0.8914264132251184,58.67,30.0,30.0,1760.1,1100.0,1936110.0,23.742824606903927,194.9367392923036,218.67956389920752
Sonora,Carbó,20,Hermosillo,144,Sorgo forrajero en verde,2010,2011,29.738876,-111.043247,581.0,1251.1679022733588,8.285880147505686,2.649277072835084,12.376394766058894,24.609105960264902,11.94,36.07,32.75006622516556,17.82,44.07,16.46814569536424,4.39,28.07,32.223377483443706,9.63,78.46,27.650066225165567,12.66,32.45,3.024701986754967,1.48,5.63,119.30999999999999,0.7901324503311258,0.0,30.5,95.44800000000001,0.6321059602649007,0.0,24.400000000000002,16.384418308341473,8.3769037842384,19.853432635085092,0.09535890409529767,15,6,57,2,1104.0769263058223,7.311767723879618,0.7947831218505251,11.190140666146204,47.29606187570827,0.31321895281926004,0.0,5.9052220234188,1056.780864430114,6.998548771060357,0.0,11.190140666146204,472.96061875708267,10567.80864430114,11040.769263058222,1008.6289263058223,0.042837650845542224,0.9571623491544577,16.0,300.0,300.0,4800.0,500.0,2400000.0,29.560038672317667,660.4880402688212,690.0480789411389
Sonora,Carbó,20,Hermosillo,144,Sorgo forrajero en verde,2011,2012,29.738876,-111.043247,581.0,1315.5198919099448,8.71205226430427,4.064181291063644,13.79399480303426,25.700827814569536,14.82,37.445,34.14324503311258,20.0,45.33,17.258410596026494,6.96,29.56,29.002715231788077,5.51,72.87,27.893973509933772,16.5,32.46,2.9736423841059607,1.32,6.67,130.67999999999998,0.8654304635761588,0.0,26.82,104.54400000000001,0.6923443708609273,0.0,21.456000000000003,16.336003038283103,10.433785282792602,19.691231312239797,0.09933715240920568,15,9,66,0,1144.658709210641,7.580521253050603,1.5622179548058703,13.335019880179779,66.66738080024993,0.44150583311423797,0.0,9.93473406888862,1077.9913284103914,7.139015419936366,0.0,13.335019880179779,666.6738080024993,10779.913284103914,11446.587092106412,1040.114709210641,0.05824214699438568,0.9417578530056145,16.5,320.0,320.0,5280.0,550.0,2904000.0,40.404473212272684,653.3280778244796,693.7325510367523
Sonora,Carbó,20,Hermosillo,144,Sorgo forrajero en verde,2012,2013,29.738876,-111.043247,581.0,1258.3173851398678,8.333227716158065,2.5538392598742448,14.146809080047744,25.439602649006623,11.83,36.325,33.57119205298013,14.25,45.73,17.308013245033113,5.9,26.92,30.585894039735102,8.12,79.54,27.284701986754964,8.85,32.49,2.846622516556291,1.13,5.21,147.60999999999999,0.977549668874172,0.0,22.72,118.08800000000001,0.7820397350993378,0.0,18.176,16.081118777269563,6.683101286593165,19.568438069613162,0.1173074470266438,27,11,63,0,1106.3067027115542,7.326534455043405,0.7661517779622734,12.305220807462604,94.22208549632721,0.6239873211677299,0.0,6.759075294464567,1012.0846172152269,6.702547133875675,0.0,12.305220807462604,942.2208549632721,10120.846172152269,11063.067027115541,988.2187027115542,0.08516814122646928,0.9148318587735307,15.8,300.0,300.0,4740.0,455.46,2158880.4,59.634231326789376,640.5598843134347,700.1941156402241
Sonora,Carbó,20,Hermosillo,144,Sorgo forrajero en verde,2013,2014,29.738876,-111.043247,581.0,1295.0152876543489,8.576260183141382,3.935719363260441,12.819196316638946,26.124039735099338,13.09,35.32,34.25397350993378,20.03,46.8,17.9941059602649,6.15,28.41,30.959602649006627,5.45,79.96,27.580331125827808,15.2,31.94,2.9319867549668874,0.85,4.97,108.16000000000001,0.7162913907284769,0.0,24.13,86.528,0.5730331125827814,0.0,19.304000000000002,16.311731975894897,10.12139388147445,19.644198025573708,0.08352024955312255,14,9,67,0,1128.3586669667473,7.472573953422168,1.2839027407941292,12.819196316638946,58.688435064461665,0.3886651328772296,0.0,6.9667184280476855,1069.6702319022854,7.083908820544937,0.0,12.819196316638946,586.8843506446167,10696.702319022854,11283.586669667471,1041.8306669667472,0.052012216312591335,0.9479877836874085,15.85,300.0,300.0,4755.0,653.8,3108819.0,37.02740382615878,674.870808771158,711.8982125973167
Sonora,Carbó,20,Hermosillo,144,Sorgo forrajero en verde,2014,2015,29.738876,-111.043247,581.0,1278.098469361907,8.464228273919915,2.9607444587992204,16.34080633641291,26.24437086092715,15.815,37.355,34.01139072847682,22.33,46.66,18.477350993377485,9.3,28.05,31.802582781456955,5.73,80.7,27.070397350993378,8.46,31.89,2.8406622516556297,0.94,5.34,119.54999999999998,0.7917218543046356,0.0,23.33,95.64,0.6333774834437086,0.0,18.663999999999998,16.07520496178603,6.234717896822864,19.582528819440107,0.09353739392214869,19,6,67,0,1128.124449463096,7.4710228441264634,0.8882233376397661,16.34080633641291,54.03416721706564,0.3578421670004347,0.0,6.458940884837878,1074.0902822460303,7.113180677126028,0.0,16.34080633641291,540.3416721706564,10740.902822460303,11281.244494630959,1032.4844494630959,0.04789734611529953,0.9521026538847004,17.8,215.0,215.0,3827.0,855.9,3275529.3,30.356273717452602,603.4215068797922,633.7777805972448
Sonora,Carbó,20,Hermosillo,144,Sorgo forrajero en verde,2015,2016,29.738876,-111.043247,581.0,1153.7474778334856,7.6407117737316925,1.8654228162410302,12.53615654023267,25.281092715231786,14.605,34.015,32.47543046357616,19.25,42.42,18.08675496688742,9.25,27.21,40.381192052980126,11.61,86.05,26.331059602649006,8.25,31.79,2.816887417218543,1.1,5.69,189.87,1.2574172185430463,0.0,32.26,151.89600000000002,1.0059337748344372,0.0,25.808,16.172463268563806,6.1568637109396995,19.941162594320254,0.1645680737318179,27,12,47,0,1018.4957671263505,6.7450050803069574,0.5596268448723091,12.53615654023267,85.68201753696692,0.5674305797150128,0.0,6.185331702842132,932.8137495893835,6.177574500591944,0.0,12.53615654023267,856.8201753696692,9328.137495893836,10184.957671263504,866.5997671263506,0.08412604185750883,0.9158739581424911,42.0,122.0,122.0,5124.0,840.68,4307644.32,20.400480365944503,222.0985118069961,242.4989921729406
Sonora,Carbó,20,Hermosillo,144,Sorgo forrajero en verde,2016,2017,29.738876,-111.043247,581.0,1267.5813629725767,8.394578562732296,3.5317519412537703,17.17556573315525,26.109503311258276,11.855,36.79,34.17145695364239,15.63,47.15,18.047549668874172,7.69,28.39,32.44582781456953,8.24,78.31,27.547417218543046,13.79,32.09,2.85523178807947,1.13,5.61,109.29,0.7237748344370861,0.0,18.28,87.432,0.5790198675496689,0.0,14.624000000000002,16.45607342824573,9.279570820876852,19.429054114123225,0.08621931750693027,17,5,61,0,1105.0563001360526,7.318253643285117,1.0595255823761311,17.17556573315525,54.564876487567474,0.3613567979309104,0.0,5.944497503869462,1050.4914236484851,6.956896845354206,0.0,17.17556573315525,545.6487648756747,10504.914236484852,11050.563001360526,1017.6243001360526,0.04937746292279365,0.9506225370772063,42.0,250.0,250.0,10500.0,750.0,7875000.0,12.991637258944635,250.1170056305917,263.1086428895363
Sonora,Carbó,20,Hermosillo,144,Sorgo forrajero en verde,2017,2018,29.738876,-111.043247,581.0,1263.7584117517304,8.369261004978346,3.6433818451155418,12.621672828018214,26.64817880794702,16.08,35.805,34.62311258278146,21.4,46.62,18.673245033112583,9.2,27.43,32.48112582781457,6.77,81.63,27.201324503311255,13.04,32.59,2.7597350993377487,1.43,4.84,158.44000000000005,1.0492715231788083,0.0,16.73,126.75200000000001,0.8394172185430464,0.0,13.384,16.111961838993366,8.196578425096174,19.54475048569733,0.12537206362122805,22,13,77,0,1107.3042074326115,7.333140446573586,1.2908663405366847,12.414821553763721,85.39068584181413,0.565501230740491,0.0,5.9519989269269455,1021.9135215907974,6.767639215833095,0.0,12.414821553763721,853.9068584181414,10219.135215907974,11073.042074326117,980.5522074326116,0.07711583254957591,0.9228841674504241,45.0,50.0,50.0,2250.0,888.48,1999080.0,18.975707964847587,227.09189368684386,246.06760165169146
Sonora,Carbó,20,Hermosillo,144,Sorgo forrajero en verde,2018,2019,29.738876,-111.043247,581.0,1301.0050665417962,8.615927592992028,3.9763063622161186,12.557740372266807,26.810430463576164,15.2,36.495000000000005,34.854238410596025,21.79,46.49,18.766622516556293,5.67,28.03,29.52251655629139,6.49,71.05,27.011986754966888,8.7,32.52,2.867218543046358,0.81,5.18,95.66,0.6335099337748344,0.0,16.83,76.528,0.5068079470198675,0.0,13.463999999999999,15.99271999746953,7.030612916260273,20.01268584481656,0.0735277689996043,13,7,78,0,1148.292794738204,7.604588044623868,1.3240403266665335,12.557740372266807,55.02504945678558,0.3644043010383151,0.0,7.377286866355714,1093.2677452814185,7.240183743585552,0.0,12.557740372266807,550.2504945678559,10932.677452814185,11482.92794738204,1071.764794738204,0.04791900611840953,0.9520809938815904,45.18,55.0,55.0,2485.0,980.0,2435300.0,12.17907247826153,241.9804659764096,254.15953845467112
Sonora,Carbó,20,Hermosillo,144,Sorgo forrajero en verde,2019,2020,29.738876,-111.043247,581.0,1215.054529071717,8.046718735574284,2.628252038407128,12.910943943856564,25.197847682119203,12.77,36.815,32.94562913907284,16.48,44.28,17.45006622516556,7.25,30.93,34.930993377483446,10.97,76.73,27.041655629139072,5.76,32.23,2.8250331125827817,1.27,4.69,92.64999999999999,0.6135761589403973,0.0,19.71,74.12,0.49086092715231794,0.0,15.768,16.289509371673564,5.0581028160194,19.69534675823237,0.07625172186369542,13,6,52,0,1075.5012697858674,7.122524965469321,0.7884756115221384,10.974302352278078,45.41803710138083,0.3007817026581512,0.0,7.312000000000001,1030.0832326844866,6.821743262811169,0.0,10.974302352278078,454.1803710138083,10300.832326844866,10755.012697858674,1001.3812697858674,0.04222964526152868,0.9577703547384713,48.37,115.0,115.0,5563.0,961.33,5347893.01,9.389712032536869,212.95911364161395,222.34882567415082
Sonora,Carbó,20,Hermosillo,144,Sorgo forrajero en verde,2020,2021,29.738876,-111.043247,581.0,1206.9900208624304,7.993311396439936,1.7327697609530444,12.069803282319887,25.624403973509935,11.774999999999999,35.989999999999995,33.375033112582784,16.88,45.44,17.873774834437086,5.17,27.91,38.216821192052976,10.57,83.29,27.029668874172184,5.35,32.83,2.734437086092715,0.77,4.64,141.24,0.9353642384105961,0.0,28.94,112.99200000000002,0.748291390728477,0.0,23.152,16.459523673787313,4.768905247225195,19.58879564759004,0.11701836598373848,18,8,77,0,1079.5411106453898,7.149278878446291,0.5198309282859133,12.069803282319887,46.54835823370194,0.30826727307087376,0.0,6.263594365805444,1032.992752411688,6.841011605375416,0.0,12.069803282319887,465.4835823370194,10329.92752411688,10795.4111064539,966.5491106453899,0.04311865270779137,0.9568813472922086,43.0,110.0,110.0,4730.0,889.93,4209368.9,10.82519958923301,240.23087265388094,251.05607224311396
Sonora,Carbó,20,Hermosillo,144,Sorgo forrajero en verde,2021,2022,29.738876,-111.043247,581.0,1252.353391129824,8.293731067084927,3.6829481047387653,13.155889542374574,25.82980132450331,12.45,35.08,33.64470198675497,19.58,44.55,18.014900662251655,5.32,26.31,32.777549668874165,6.52,76.72,27.092980132450332,12.42,32.31,2.8742384105960266,0.9,6.06,157.01999999999998,1.039867549668874,0.0,38.98,125.616,0.8318940397350993,0.0,31.183999999999997,16.114034943373174,8.093363593071077,19.568106022713078,0.12537994555861162,20,7,63,0,1101.310227626837,7.293445216071769,1.361481977336849,13.10537245075877,62.399428077626204,0.4132412455471934,0.0,6.287974815474131,1038.9107995492109,6.880203970524575,0.0,13.10537245075877,623.994280776262,10389.107995492108,11013.10227626837,975.6942276268371,0.05665926503932309,0.9433407349606769,48.16,125.0,125.0,6020.0,870.0,5237400.0,12.956691876583514,215.72068096952052,228.67737284610402
Sonora,Carbó,20,Hermosillo,144,Sorgo forrajero en verde,2022,2023,29.738876,-111.043247,581.0,1265.603974815307,8.381483276922564,4.162199070891472,12.889815812070335,26.28956953642384,14.37,36.045,34.44092715231788,23.33,44.8,18.138211920529802,5.41,28.4,31.244569536423842,4.55,77.87,27.29324503311258,10.94,32.09,2.78682119205298,1.23,4.65,148.98999999999995,0.986688741721854,0.0,19.69,119.19200000000002,0.7893509933774836,0.0,15.752000000000002,16.169131808206007,7.115172701578032,19.320445251646333,0.11772244949036482,20,11,73,0,1107.8386305959643,7.336679672820956,1.2486597212674415,12.799964881904502,84.32596616088252,0.5584501070257121,0.0,6.5840000000000005,1023.5126644350819,6.778229565795244,0.0,12.799964881904502,843.2596616088251,10235.12664435082,11078.386305959644,988.6466305959643,0.07611755343422098,0.9238824465657791,45.67,150.0,150.0,6850.5,880.0,6028440.0,18.464192283968142,224.11050239436872,242.57469467833687
Sonora,Carbó,20,Hermosillo,144,Sorgo forrajero en verde,2023,2024,29.738876,-111.043247,581.0,1301.420312603575,8.618677566911092,3.76401897188692,14.578171274339963,26.084370860927155,10.355,37.72,34.32079470198675,17.07,47.25,17.84794701986755,3.64,29.54,29.096688741721856,6.61,67.27,27.362913907284774,10.92,31.87,2.955430463576159,1.64,4.89,37.13999999999999,0.2459602649006622,0.0,7.49,29.712,0.1967682119205298,0.0,5.992000000000001,16.20061141154584,7.658839613593956,19.31612581921498,0.02853805157359119,10,2,66,2,1145.1106933229858,7.583514525317787,1.129205691566076,12.391445583188968,29.30470778294653,0.19407091246984456,0.0,5.992000000000001,1115.8059855400393,7.389443612847942,0.0,12.391445583188968,293.0470778294653,11158.059855400392,11451.106933229858,1115.3986933229858,0.025591157216345153,0.9744088427836549,40.74,115.0,115.0,4685.1,1050.05,4919589.26,7.193104512259826,273.8846307167499,281.0777352290097
Sonora,Carbó,20,Hermosillo,144,Alfalfa achicalada,2010,2011,29.738876,-111.043247,581.0,326.2527365666933,4.292799165351227,1.286968893945245,8.57676958182965,15.510657894736845,10.305,20.96,22.679868421052632,14.7,30.48,8.341447368421052,3.6,12.9,46.31723684210527,17.46,83.73,17.215657894736843,4.81,25.58,2.893026315789474,1.46,7.65,82.12,1.0805263157894738,0.0,22.71,65.696,0.8644210526315789,0.0,18.168000000000003,9.056526261100492,4.180233930823098,14.017427158411817,0.25170670095885267,12,4,0,6,275.35313825549235,3.623067608624899,1.2226204492479826,7.719092623646685,23.532279799064195,0.3096352605140026,0.0,2.8142942230976127,251.82085845642814,3.3134323481108967,0.0,7.719092623646685,235.32279799064196,2518.2085845642814,2753.5313825549233,209.65713825549236,0.08546218121265522,0.9145378187873447,14.94,400.0,400.0,5976.0,1700.0,10159200.0,15.75119129790107,168.5547914701661,184.30598276806717
Sonora,Carbó,20,Hermosillo,144,Alfalfa achicalada,2011,2012,29.738876,-111.043247,581.0,417.5870789973523,5.4945668289125305,2.8502457438438746,9.415992346309435,17.16171052631579,1.2999999999999998,25.055,25.481842105263155,6.06,34.43,8.841578947368422,-3.46,15.68,26.898552631578948,9.87,57.76,18.60473684210526,8.96,24.65,2.8925,1.63,8.98,2.11,0.02776315789473684,0.0,1.97,1.6880000000000002,0.022210526315789476,0.0,1.576,8.94929106265039,4.859356926616812,13.24899754941056,0.005052838332704682,1,0,0,12,368.12741158040916,4.843781731321173,1.14009829753755,8.474393111678491,1.6880000000000002,0.022210526315789476,0.0,1.576,366.43941158040917,4.821571205005384,1.14009829753755,8.474393111678491,16.880000000000003,3664.3941158040916,3681.2741158040917,366.43941158040917,0.004585368942652874,0.9954146310573472,15.0,400.0,400.0,6000.0,1800.0,10800000.0,1.1253333333333335,244.2929410536061,245.41827438693946
Sonora,Carbó,20,Hermosillo,144,Alfalfa achicalada,2012,2013,29.738876,-111.043247,581.0,386.6452944694473,5.021367460642173,2.3336823333538237,9.23838147871918,17.056038961038965,11.215,22.29,25.142987012987014,16.03,33.29,8.969090909090909,3.89,13.32,34.71999999999999,10.95,68.38,18.34649350649351,7.34,25.48,2.692077922077922,0.68,5.21,15.459999999999999,0.20077922077922078,0.0,8.33,12.368000000000002,0.16062337662337664,0.0,6.664000000000001,9.214883757850261,5.306488383070415,14.147306061946871,0.039984968706819855,3,1,0,2,332.03207887563946,4.31210492046285,1.3813680087330586,8.314543330847263,8.988058156708732,0.11672802800920432,0.0,3.923059940022598,323.0440207189307,4.195376892453646,0.0,8.314543330847263,89.88058156708732,3230.4402071893073,3320.3207887563944,319.66407887563946,0.02706984875420773,0.9729301512457922,14.8,400.0,400.0,5920.0,2392.66,14164547.2,6.0730122680464405,218.2729869722505,224.34599924029692
Sonora,Carbó,20,Hermosillo,144,Alfalfa achicalada,2013,2014,29.738876,-111.043247,581.0,375.88632789711363,4.945872735488337,1.9670496726752487,9.253284953645792,15.760855263157895,5.785,25.82,23.616842105263153,12.21,36.09,7.90486842105263,-2.22,15.96,35.3125,14.06,81.07,17.76513157894737,9.39,25.06,2.970657894736842,1.46,5.18,29.09,0.38276315789473686,0.0,11.93,23.272000000000002,0.3062105263157895,0.0,9.544,8.955760290516523,5.556275472120389,13.692027298617873,0.07739041790304865,3,3,1,21,328.0786722173786,4.316824634439192,1.2193215103907762,8.327956458281214,8.048144116620128,0.10589663311342273,0.0,2.8555470093815805,320.03052810075843,4.210928001325769,0.0,8.327956458281214,80.48144116620128,3200.305281007584,3280.7867221737856,304.8066722173786,0.024531140845655407,0.9754688591543444,14.5,400.0,400.0,5800.0,2429.78,14092724.0,5.550444218358709,220.7107090350058,226.2611532533645
Sonora,Carbó,20,Hermosillo,144,Alfalfa achicalada,2014,2015,29.738876,-111.043247,581.0,414.79937314659327,5.457886488770964,2.9607444587992204,9.518504023221864,19.69506578947369,12.895,25.73,27.57263157894737,19.03,35.25,11.8175,5.38,16.41,28.955657894736845,11.8,70.1,17.673815789473682,5.95,25.48,2.5809210526315787,1.29,5.15,2.94,0.038684210526315786,0.0,1.73,2.3520000000000003,0.030947368421052637,0.0,1.3840000000000001,8.72963533172266,4.278109880489341,13.547561784293883,0.007087763845199885,2,0,1,0,362.96017665511306,4.775791798093593,1.1988077108798076,8.566653620899677,2.3520000000000003,0.030947368421052637,0.0,1.3840000000000001,360.60817665511297,4.744844429672539,1.1988077108798076,8.566653620899677,23.520000000000003,3606.0817665511295,3629.6017665511295,360.6081766551131,0.006480049744506502,0.9935199502554932,15.2,280.0,280.0,4256.0,2497.5,10629360.0,1.547368421052632,237.24222148362696,238.7895899046796
Sonora,Carbó,20,Hermosillo,144,Alfalfa achicalada,2015,2016,29.738876,-111.043247,581.0,344.97299917393735,4.539118410183386,1.2330080006160098,9.23189388854168,18.471513157894737,6.805,23.115,25.501184210526315,13.44,32.61,11.44184210526316,0.17,16.79,46.59565789473684,20.84,91.91,16.77894736842105,5.42,24.16,2.7102631578947367,1.21,5.7,81.98,1.078684210526316,0.0,21.05,65.584,0.8629473684210527,0.0,16.84,9.00670574499826,4.358875874307491,13.764726486295533,0.23764178702770075,10,5,0,3,299.83857257095565,3.945244375933627,1.0018473158907315,8.308704499687513,18.926063924433866,0.2490271569004456,0.0,2.4777428403130908,280.9125086465218,3.6962172190331817,0.0,8.308704499687513,189.26063924433865,2809.1250864652184,2998.385725709557,234.25457257095565,0.06312084453362012,0.93687915546638,15.8,300.0,300.0,4740.0,1881.77,8919589.8,11.978521471160674,177.79272699146952,189.77124846263018
Sonora,Carbó,20,Hermosillo,144,Alfalfa achicalada,2016,2017,29.738876,-111.043247,581.0,430.60116845257573,5.592222966916568,1.7884958094124053,9.166034308387776,18.69298701298701,10.07,25.625,27.00714285714286,15.03,35.37,10.378831168831168,2.82,17.35,31.845974025974023,13.51,81.17,18.46545454545455,9.25,25.42,2.8972727272727274,1.52,5.04,32.18,0.4179220779220779,0.0,10.51,25.744,0.3343376623376623,0.0,8.408,9.082282159869347,5.459861011457667,13.970924511457877,0.07473272800360305,6,3,3,5,385.0404372886726,5.000525159593151,0.7153983237649622,8.249430877548999,8.332743351351992,0.10821744612145444,0.0,2.6779066190186684,376.7076939373206,4.892307713471696,0.0,8.249430877548999,83.32743351351992,3767.0769393732057,3850.4043728867255,359.29643728867256,0.0216412162058313,0.9783587837941686,16.2,300.0,300.0,4860.0,2185.4,10621044.0,5.143668735402464,232.53561354155593,237.6792822769584
Sonora,Carbó,20,Hermosillo,144,Alfalfa achicalada,2017,2018,29.738876,-111.043247,581.0,349.60526386476784,4.600069261378525,1.3371988867735471,8.09432320150074,18.154539473684213,10.835,28.035000000000004,25.59263157894737,15.0,36.95,10.716447368421052,4.3,19.12,45.70526315789473,21.2,87.73,17.18763157894737,2.79,24.63,2.71921052631579,1.39,7.01,67.17,0.8838157894736842,0.0,20.3,53.736000000000004,0.7070526315789474,0.0,16.240000000000002,9.131046754513216,3.4157688059045146,13.137943530320758,0.19213097439511748,8,6,5,5,304.7158835288006,4.009419520115797,0.6362867842797248,7.284890881350667,12.925222781646605,0.17006872081113955,0.0,2.2121662623170164,291.79066074715394,3.839350799304657,0.0,7.284890881350667,129.25222781646605,2917.9066074715392,3047.1588352880053,250.9798835288006,0.04241729256763526,0.9575827074323646,17.1,350.0,350.0,5985.0,2256.34,13504194.9,7.558609813828423,170.63781330242918,178.1964231162576
Sonora,Carbó,20,Hermosillo,144,Alfalfa achicalada,2018,2019,29.738876,-111.043247,581.0,387.4107102861947,5.097509345870983,1.450458227669314,8.331800771216717,19.002763157894737,11.37,25.315,26.502105263157894,16.48,33.63,11.503421052631579,3.84,17.77,34.9971052631579,14.0,84.04,17.199342105263153,5.6,24.76,2.6789473684210527,1.15,4.45,26.81,0.35276315789473683,0.0,12.86,21.448,0.28221052631578947,0.0,10.288,8.712028821078242,4.638130724281267,14.025822981189162,0.0692030428900493,5,2,0,4,338.4970443221481,4.453908477923001,1.19448804900596,7.91521073265588,9.730092125936318,0.1280275279728463,0.0,2.412941170675654,328.7669521962117,4.325880949950154,0.0,7.91521073265588,97.30092125936318,3287.669521962117,3384.9704432214803,317.0490443221481,0.028744984008416262,0.9712550159915836,17.8,410.0,410.0,7300.0,3990.49,29130577.0,5.466343890975459,184.70053494169196,190.1668788326674
Sonora,Carbó,20,Hermosillo,144,Alfalfa achicalada,2019,2020,29.738876,-111.043247,581.0,305.44618488831975,4.019028748530523,1.434738711504054,6.5647919818317915,15.70375,7.215,21.065,22.72026315789474,11.41,30.03,8.687236842105264,1.58,14.56,48.33473684210526,22.15,85.4,15.991184210526315,4.22,24.95,2.6615789473684215,1.06,4.72,75.45,0.9927631578947369,0.0,21.16,60.36000000000001,0.7942105263157896,0.0,16.928,8.651385503620789,3.719657091714982,14.035455260334917,0.24701568961349699,8,3,0,10,268.51347899178626,3.5330720919971874,0.5738954846016217,6.139091569339022,15.756333359952857,0.20732017578885337,0.0,2.4680200780410293,252.75714563183342,3.3257519162083344,0.0,6.139091569339022,157.56333359952856,2527.571456318334,2685.1347899178627,208.15347899178624,0.05867986001713842,0.9413201399828617,17.67,390.0,390.0,6890.0,3240.72,22328538.5,8.916996808122725,143.04309317025093,151.96008997837365
Sonora,Carbó,20,Hermosillo,144,Alfalfa achicalada,2020,2021,29.738876,-111.043247,581.0,294.23825673200406,3.821276061454598,1.5848134713916522,7.615643320471816,16.123506493506493,7.300000000000001,23.02,23.24194805194805,14.63,29.44,9.005064935064937,-0.04,17.04,52.6351948051948,25.58,84.75,16.2574025974026,3.5,24.65,2.449090909090909,0.77,5.7,72.00000000000001,0.9350649350649353,0.0,25.46,57.6,0.7480519480519481,0.0,20.368000000000002,8.876884106520613,3.6075690861751366,14.397952868081944,0.2446996553054572,9,5,0,6,255.65062380220195,3.3201379714571684,0.9617910688110833,6.854078988424634,16.82434544764332,0.21849799282653665,0.0,2.7823322733565146,238.82627835455867,3.101639978630632,0.0,6.854078988424634,168.24345447643321,2388.262783545587,2556.50623802202,198.05062380220195,0.06580991353520182,0.9341900864647983,18.06,355.0,355.0,6410.0,2727.4,17482634.0,9.31580589570505,132.240464205182,141.55627010088705
Sonora,Carbó,20,Hermosillo,144,Alfalfa achicalada,2021,2022,29.738876,-111.043247,581.0,375.3793779494655,4.939202341440335,1.8809258840895895,7.672322287976942,16.647302631578945,8.57,22.05,24.650263157894734,12.92,30.91,8.644342105263158,3.23,13.99,35.19618421052631,10.7,79.87,18.01723684210526,7.0,25.82,2.7449999999999997,1.5,4.51,42.669999999999995,0.5614473684210526,0.0,27.19,34.136,0.44915789473684214,0.0,21.752000000000002,8.998427891779015,4.889096962430732,14.134907461113729,0.11367166793521709,5,2,0,4,323.22077577371493,4.252904944390986,1.0891562827959025,6.905090059179248,9.838474915705472,0.1294536173119141,0.0,2.108158459479676,313.38230085800944,4.123451327079072,0.0,6.905090059179248,98.38474915705473,3133.823008580094,3232.2077577371488,289.0847757737149,0.030438869197546056,0.9695611308024539,18.1,340.0,340.0,6154.0,2918.49,17960387.46,5.435621500389764,173.1393927392317,178.57501423962148
Sonora,Carbó,20,Hermosillo,144,Alfalfa achicalada,2022,2023,29.738876,-111.043247,581.0,383.58252714971997,5.0471385151278945,2.045406560255538,8.984479987993996,16.80723684210526,8.799999999999999,24.36,24.919210526315787,17.27,34.02,8.695263157894736,0.33,15.08,35.463421052631574,11.0,71.39,18.346447368421053,7.25,25.39,2.8240789473684216,1.21,5.38,2.9199999999999995,0.03842105263157894,0.0,2.14,2.3360000000000003,0.030736842105263163,0.0,1.7120000000000002,9.205053992308622,5.019732464189493,13.221894069379424,0.007612442677453514,1,0,0,5,336.6564667633306,4.429690352149088,0.8181626241022152,8.086031989194597,2.3360000000000003,0.030736842105263163,0.0,1.7120000000000002,334.3204667633306,4.398953510043824,0.5478780043268479,8.086031989194597,23.360000000000003,3343.204667633306,3366.5646676333063,334.3204667633306,0.006938824085153271,0.9930611759148467,54.53,330.0,330.0,17994.9,10137.6,182425098.2,0.4283880432789291,61.30945658597664,61.73784462925557
Sonora,Carbó,20,Hermosillo,144,Alfalfa achicalada,2023,2024,29.738876,-111.043247,581.0,319.7885542200574,4.2077441344744395,1.5227981315374295,7.716499620324895,15.40236842105263,8.79,23.759999999999998,22.677500000000002,14.82,32.46,8.127236842105264,1.43,16.07,45.410000000000004,19.16,81.49,16.530789473684212,3.62,24.06,2.7482894736842107,1.19,4.81,41.10000000000001,0.5407894736842106,0.0,13.61,32.88,0.4326315789473685,0.0,10.888,8.743667304377698,3.814899171465062,13.232561649580783,0.1285224235127493,7,3,0,13,280.9858664089258,3.697182452749024,0.6800566561381318,7.107383075292052,14.403381413235863,0.18951817648994557,0.0,2.3713627068535987,266.5824849956899,3.507664276259078,0.0,7.107383075292052,144.03381413235863,2665.824849956899,2809.8586640892577,248.1058664089258,0.05126016335737777,0.9487398366426222,43.04,270.0,270.0,11620.8,10644.48,123697373.18,3.3465105514023845,61.938309710894494,65.28482026229688
Sonora,Carbó,20,Hermosillo,144,Pastos y praderas,2010,2011,29.738876,-111.043247,581.0,1817.0530917340097,7.4165432315673865,2.247144527933269,12.376394766058894,25.888632653061226,11.94,36.07,33.341346938775516,17.82,44.07,18.43591836734694,4.39,28.07,41.5090612244898,9.63,89.77,25.44779591836735,9.01,32.45,2.6953469387755105,1.17,5.63,335.04,1.3675102040816327,0.0,50.25,201.024,0.8205061224489796,0.0,30.15,15.448278709874263,6.821166927951702,19.853432635085092,0.18438646703507827,43,14,99,2,1525.4146655943205,6.226182308548247,1.0597108291340336,10.51993555115006,109.34440022390267,0.44630367438327617,0.0,6.48,1416.070265370418,5.779878634164971,0.0,10.51993555115006,1093.4440022390268,14160.702653704178,15254.146655943205,1324.3906655943206,0.07168175492878243,0.9283182450712176,37.73,210.0,210.0,7924.14,600.0,4754484.0,44.86844490106799,581.0710978130562,625.9395427141242
Sonora,Carbó,20,Hermosillo,144,Pastos y praderas,2011,2012,29.738876,-111.043247,581.0,1971.170885131411,8.045595449515963,3.9555225437757833,13.79399480303426,27.06555102040816,14.82,37.445,34.970448979591836,20.0,45.33,19.160653061224487,6.96,29.56,34.74257142857143,5.51,78.66,25.849510204081632,14.02,32.46,2.720897959183673,1.27,6.67,258.24,1.0540408163265307,0.0,26.82,154.944,0.6324244897959184,0.0,16.092,15.334578179065922,8.238405837103814,19.691231312239797,0.1310084285172384,37,17,135,0,1641.5626469711679,6.700255701923134,2.082957273074494,11.72489558257912,121.04461727794663,0.4940596623589658,0.0,9.93473406888862,1520.518029693221,6.206196039564167,0.0,11.706895582579119,1210.4461727794662,15205.18029693221,16415.62646971168,1486.618646971168,0.07373743396347678,0.9262625660365231,38.0,210.0,210.0,7980.0,760.0,6064800.0,49.40596623589658,620.6196039564168,670.0255701923134
Sonora,Carbó,20,Hermosillo,144,Pastos y praderas,2012,2013,29.738876,-111.043247,581.0,1811.8914031274355,7.395475114805859,2.4688787404493624,14.146809080047744,26.261204081632652,11.83,36.325,33.71612244897959,14.25,45.73,18.806285714285714,5.9,27.84,40.207510204081636,8.12,87.77,25.116775510204086,6.95,32.49,2.522,0.97,5.21,340.49000000000007,1.3897551020408165,0.0,22.72,204.294,0.8338530612244899,0.0,13.632,15.13798473351158,5.599513716241163,19.568438069613162,0.1879196509306758,53,27,100,0,1507.6977773433237,6.153868478952341,2.0232880904915986,12.024787718040582,159.942946019595,0.6528283511003878,0.0,6.759075294464567,1347.7548313237285,5.501040127851953,0.0,12.024787718040582,1599.42946019595,13477.548313237285,15076.977773433235,1303.4037773433236,0.10608422219831513,0.8939157778016847,38.69,200.0,200.0,7738.0,800.0,6190400.0,64.46712858508465,543.2304842094835,607.6976127945682
Sonora,Carbó,20,Hermosillo,144,Pastos y praderas,2013,2014,29.738876,-111.043247,581.0,1880.3108022241943,7.674737968262018,2.7691413804524423,12.819196316638946,26.517510204081635,13.09,35.32,34.12702040816327,20.03,46.8,18.908,6.15,28.41,38.21865306122449,5.45,86.36,25.491755102040816,9.94,31.94,2.6446530612244894,0.85,4.97,297.9200000000001,1.2160000000000002,0.0,40.59,178.75199999999998,0.7295999999999999,0.0,24.354000000000003,15.29554170190388,6.937547748851354,19.644198025573708,0.1584418914402845,37,20,101,0,1569.6680548492097,6.406808387139631,1.711870321058839,10.896316869143103,122.7728644258181,0.501113732350278,0.0,5.842113410393712,1446.8951904233913,5.905694654789352,0.0,10.896316869143103,1227.728644258181,14468.951904233913,15696.680548492093,1390.9160548492098,0.07821581387640095,0.9217841861235989,37.9,210.0,210.0,7959.0,840.0,6685560.0,50.26524643841069,592.3828824660764,642.6481289044871
Sonora,Carbó,20,Hermosillo,144,Pastos y praderas,2014,2015,29.738876,-111.043247,581.0,1802.5866894626388,7.35749669168424,1.8331067913399643,16.34080633641291,26.756408163265306,15.815,37.355,33.81808163265306,22.33,46.66,19.694734693877546,9.3,28.05,43.21897959183674,5.73,90.73,24.817020408163266,4.1,31.89,2.546775510204082,0.94,5.34,435.16,1.7761632653061226,0.0,70.55,261.096,1.0656979591836735,0.0,42.33,15.141666417013063,3.937041472540415,19.582528819440107,0.24140863934245718,53,22,94,0,1507.5878783677142,6.153419911704956,1.1842977835196882,13.889685385950974,143.1905033630344,0.5844510341348342,0.0,6.458940884837878,1364.3973750046796,5.5689688775701205,0.0,13.889685385950974,1431.905033630344,13643.973750046796,15075.87878367714,1246.4918783677142,0.0949798717657963,0.9050201282342035,35.34,208.0,208.0,7350.0,817.55,6008992.5,60.81567354556567,579.4849755806666,640.3006491262323
Sonora,Carbó,20,Hermosillo,144,Pastos y praderas,2015,2016,29.738876,-111.043247,581.0,1674.6012719159758,6.835107232310105,1.8654228162410302,12.53615654023267,26.247673469387756,14.605,34.67,32.88526530612245,19.25,42.62,19.61008163265306,9.25,27.21,48.54342857142857,11.61,86.05,24.299183673469393,5.72,31.79,2.5153061224489797,0.79,5.69,420.69999999999993,1.7171428571428569,0.0,44.57,252.42,1.0302857142857142,0.0,26.742,15.19004117287196,4.9046382083735836,19.941162594320254,0.25122398212361374,49,21,83,0,1402.7215883212248,5.725394238045816,0.7461691264964121,10.655733059197768,131.55430990940948,0.5369563669771815,0.0,5.902715527841247,1271.1672784118155,5.1884378710686345,0.0,10.655733059197768,1315.543099094095,12711.672784118155,14027.21588321225,1150.3015883212247,0.09378504687224035,0.9062149531277598,37.4,218.0,218.0,8153.2,854.04,6963158.93,53.4230700139734,516.2100622992144,569.6331323131878
Sonora,Carbó,20,Hermosillo,144,Pastos y praderas,2016,2017,29.738876,-111.043247,581.0,1870.0175242441155,7.632724588751492,3.194597704072447,17.17556573315525,27.118857142857145,11.855,36.79,34.75873469387755,15.63,47.15,19.478979591836733,7.69,28.39,38.76714285714285,8.24,78.71,25.50620408163265,8.56,32.09,2.5884897959183677,1.13,6.46,246.48,1.0060408163265306,0.0,39.04,197.184,0.8048326530612245,0.0,31.232,15.42929349060573,6.672774300756093,19.429054114123225,0.13180625144121594,32,14,121,0,1560.1812036164465,6.368086545373251,1.4127007765015083,14.59923087318196,108.81036887161852,0.4441239545780348,0.0,5.944497503869462,1451.3708347448282,5.923962590795218,0.0,14.59923087318196,1088.1036887161852,14513.708347448282,15601.812036164467,1362.9972036164465,0.0697421354772124,0.9302578645227878,38.5,205.0,205.0,7892.5,831.88,6565612.9,40.883099331812325,545.32062173392,586.2037210657323
Sonora,Carbó,20,Hermosillo,144,Pastos y praderas,2017,2018,29.738876,-111.043247,581.0,1892.0246666473872,7.722549659785254,3.2248266766290876,12.621672828018214,27.53869387755102,16.08,35.805,35.16110204081632,21.4,46.62,19.916285714285713,9.2,27.43,37.815632653061215,6.77,81.63,25.500938775510207,6.13,32.59,2.520816326530612,0.82,5.0,265.58,1.0839999999999999,0.0,16.73,159.348,0.6504000000000001,0.0,10.038,15.27252237343689,5.219383415060492,19.54475048569733,0.1403681488310615,42,23,142,0,1581.8865562211029,6.456679821310624,1.7211551207155797,10.728421903815482,131.16830283822173,0.5353808279111091,0.0,5.9519989269269455,1450.7182533828811,5.921298993399515,0.0,10.728421903815482,1311.6830283822173,14507.18253382881,15818.865562211027,1422.538556221103,0.08291890611395279,0.9170810938860472,40.0,220.0,220.0,8800.0,868.0,7638400.0,40.03916448053167,442.83218967731415,482.8713541578458
Sonora,Carbó,20,Hermosillo,144,Pastos y praderas,2018,2019,29.738876,-111.043247,581.0,1817.7633143830662,7.419442099522719,2.087919953940904,12.557740372266807,27.0404693877551,15.2,36.495000000000005,34.184122448979586,21.79,46.49,19.896816326530608,5.67,28.03,42.080081632653055,6.49,86.4,24.86991836734694,6.35,32.52,2.499265306122449,0.81,5.18,396.24,1.6173061224489795,0.0,39.19,237.744,0.9703836734693878,0.0,23.514,15.168008360186606,5.132390564043792,20.01268584481656,0.21798217450244922,45,26,111,0,1518.0017675756005,6.195925581941227,1.7747319608497683,10.674079316426786,143.47601025666387,0.5856163683945464,0.0,6.114,1374.5257573189365,5.61030921354668,0.0,10.674079316426786,1434.7601025666386,13745.257573189365,15180.017675756004,1280.2577675756006,0.0945163657390263,0.9054836342609736,41.0,230.0,230.0,9430.0,1050.0,9901500.0,35.721650754802404,342.21978272598943,377.94143348079183
Sonora,Carbó,20,Hermosillo,144,Pastos y praderas,2019,2020,29.738876,-111.043247,581.0,1768.730629406995,7.2193086914571225,2.628252038407128,12.910943943856564,26.2164693877551,12.77,36.815,33.4355918367347,16.48,44.52,18.997346938775507,7.25,30.93,43.65053061224489,10.97,84.48,25.04187755102041,5.76,32.23,2.550612244897959,1.02,4.69,368.08000000000004,1.5023673469387757,0.0,57.82,220.84799999999998,0.9014204081632653,0.0,34.692,15.35993785557187,5.0581028160194,19.69534675823237,0.20810404585089748,42,24,88,0,1483.779148370818,6.056241421921706,1.0513008153628511,10.974302352278078,134.40623117301365,0.5485968619306679,0.0,6.010211883137271,1349.3729171978043,5.507644559991038,0.0,10.974302352278078,1344.0623117301366,13493.729171978044,14837.79148370818,1262.931148370818,0.0905837174761426,0.9094162825238574,42.66,235.0,235.0,10025.0,1147.26,11501250.0,31.565578011510958,316.9029866598883,348.4685646713993
Sonora,Carbó,20,Hermosillo,144,Pastos y praderas,2022,2023,29.738876,-111.043247,581.0,1733.3947148269444,7.0750804686814055,2.17610829294076,12.889815812070335,26.288142857142855,14.37,36.045,33.41665306122449,23.33,44.8,19.159632653061223,5.41,28.4,44.77779591836735,4.55,88.48,24.63248979591837,6.12,32.09,2.4146938775510205,0.54,4.81,502.04999999999995,2.0491836734693876,0.0,41.26,301.23,1.2295102040816328,0.0,24.755999999999997,15.038854668715624,5.1956123963517,19.320445251646333,0.28963397413503866,57,30,89,0,1447.4424734487627,5.907928463056174,1.6648796283565888,10.956343440259785,175.36075439438014,0.7157581812015515,0.0,6.387107964931004,1272.0817190543826,5.192170281854623,0.0,10.956343440259785,1753.6075439438014,12720.817190543825,14474.424734487626,1146.2124734487627,0.12115214083538337,0.8788478591646166,63.75,232.5,232.5,14821.88,990.0,14673661.2,38.696746096589955,280.7094635647773,319.40620966136726
Sonora,Carbó,20,Hermosillo,144,Pastos y praderas,2023,2024,29.738876,-111.043247,581.0,1989.8102040845106,8.121674302385758,3.5684692698291776,14.578171274339963,27.765448979591834,10.355,37.72,35.61269387755102,17.07,47.25,19.918204081632652,3.64,29.86,33.30489795918367,6.61,75.97,25.540897959183674,9.96,31.87,2.7456734693877554,1.48,5.91,121.16000000000003,0.4945306122448981,0.0,23.52,96.92799999999998,0.3956244897959183,0.0,18.816,15.237523768806799,7.632217226871919,19.31612581921498,0.06089022950595652,24,9,139,2,1667.7912385000293,6.80731117755114,1.505607588754768,12.391445583188968,77.55109620711409,0.31653508655964935,0.0,5.992000000000001,1590.2401422929154,6.490776090991491,0.0,12.391445583188968,775.5109620711409,15902.401422929153,16677.912385000294,1570.8632385000294,0.0464992826541418,0.9535007173458583,43.57,210.0,210.0,9149.7,872.3,7981283.31,20.98811805334617,430.37622254206104,451.3643405954072
Sonora,Carbó,20,Hermosillo,144,Nopalitos,2010,2011,29.738876,-111.043247,581.0,1393.4426144657305,8.148787219097839,2.838668509670992,12.376394766058894,27.396549707602343,14.870000000000001,36.07,34.86269005847954,19.84,44.07,19.93040935672515,7.85,28.07,39.42058479532164,9.63,85.22,27.301345029239766,11.36,32.45,2.7150292397660816,1.17,5.26,291.83000000000004,1.7066081871345031,0.0,50.25,175.09799999999998,1.0239649122807017,0.0,30.15,16.838207790073536,8.582755675969045,19.853432635085092,0.2094309424517583,33,12,87,0,662.1318450071485,3.872116052673383,1.2774008293519463,6.188197383029447,68.1914970030358,0.39878068422827956,0.0,3.683583555384188,593.9403480041126,3.473335368445103,0.0,6.188197383029447,681.9149700303581,5939.403480041126,6621.318450071484,487.03384500714856,0.10298779241209823,0.8970122075879016,14.0,1.0,1.0,14.0,3100.0,43400.0,48.70821214502558,424.24310571722333,472.9513178622489
Sonora,Carbó,20,Hermosillo,144,Nopalitos,2011,2012,29.738876,-111.043247,581.0,1437.4149211486356,8.40593521139553,3.9555225437757833,13.79399480303426,28.033625730994153,14.82,37.445,35.6846783625731,20.0,45.33,20.382573099415207,6.96,29.56,37.712631578947374,5.51,78.66,27.334152046783622,14.02,32.46,2.7139766081871346,1.27,6.67,255.21999999999997,1.4925146198830408,0.0,26.82,153.13199999999998,0.8955087719298245,0.0,16.092,16.771001426634726,10.1475505014793,19.691231312239797,0.17755485646138566,37,17,105,0,682.2664732277215,3.9898624165363827,1.6256725164254577,6.89699740151713,85.34572372786019,0.4990977995781298,0.0,5.843961216993306,596.9207494998612,3.490764616958253,0.0,6.87899740151713,853.457237278602,5969.207494998613,6822.664732277215,529.1344732277215,0.12509148122741504,0.8749085187725849,11.6,1.0,1.0,11.6,3200.0,37120.0,73.57389976539672,514.5868530171218,588.1607527825186
Sonora,Carbó,20,Hermosillo,144,Nopalitos,2012,2013,29.738876,-111.043247,581.0,1357.953331483734,7.941247552536456,2.953053779179479,14.146809080047744,27.736959064327483,15.709999999999999,36.325,34.93695906432749,21.9,45.73,20.536959064327483,7.27,27.84,41.38684210526316,8.12,87.77,26.726491228070177,12.26,32.49,2.505263157894737,0.97,4.35,338.27000000000004,1.9781871345029243,0.0,22.72,202.96200000000002,1.1869122807017545,0.0,13.632,16.505720161478905,9.06342304173744,19.568438069613162,0.2491028168327388,52,27,86,0,644.5419213986554,3.769251002331318,1.3288742006307654,7.073404540023872,117.02423507889527,0.6843522519233641,0.0,4.00693999244875,527.5176863197601,3.0848987504079535,0.0,7.073404540023872,1170.2423507889528,5275.176863197601,6445.419213986554,441.5799213986554,0.18156186772918165,0.8184381322708182,14.0,1.0,1.0,14.0,3800.0,53200.0,83.58873934206805,376.7983473712572,460.38708671332523
Sonora,Carbó,20,Hermosillo,144,Nopalitos,2013,2014,29.738876,-111.043247,581.0,1409.8921288137706,8.244983209437255,3.8662672771797433,12.819196316638946,28.092192982456137,16.985,35.32,35.477134502923974,23.92,46.8,20.707251461988307,9.3,28.41,39.468830409356734,5.45,86.36,26.96169590643275,11.71,31.94,2.7045029239766083,0.85,4.97,294.33,1.7212280701754386,0.0,40.59,176.598,1.0327368421052632,0.0,24.354000000000003,16.651031332584434,8.625602586237875,19.644198025573708,0.20876065195685434,37,20,97,0,668.3542800717594,3.9085045618231544,1.7398202747308844,6.409598158319473,88.07479698816014,0.5150572923284219,0.0,4.098069663557462,580.2794830835992,3.393447269494732,0.0,6.409598158319473,880.7479698816014,5802.794830835992,6683.542800717593,491.75628007175936,0.13177860846302022,0.8682213915369797,13.6,1.0,1.0,13.6,2368.24,32208.06,64.76088013835304,426.67609050264645,491.4369706409995
Sonora,Carbó,20,Hermosillo,144,Nopalitos,2014,2015,29.738876,-111.043247,581.0,1392.7751253984782,8.144883774260107,1.8331067913399643,16.34080633641291,28.12026315789474,15.815,37.355,35.20573099415205,22.33,46.66,21.034795321637432,9.3,28.05,40.72479532163743,5.73,90.73,26.334385964912283,4.1,31.89,2.7030409356725142,0.94,5.34,411.67,2.4074269005847952,0.0,70.55,247.002,1.4444561403508773,0.0,42.33,16.30342121670044,3.937041472540415,19.582528819440107,0.295575353474395,44,21,91,0,661.5094686202121,3.8684764246796033,0.824898056102984,8.170403168206455,93.0674663846576,0.5442541893839626,0.0,3.5008781951279797,568.4420022355546,3.324222235295641,0.0,8.170403168206455,930.6746638465761,5684.420022355545,6615.094686202121,414.50746862021214,0.14068954534963699,0.859310454650363,12.9,1.0,1.0,12.9,2841.78,36658.96,72.14532277880434,440.6527149112826,512.798037690087
Sonora,Carbó,20,Hermosillo,144,Nopalitos,2015,2016,29.738876,-111.043247,581.0,1272.4364385092672,7.441148763212089,3.1123222404908844,12.53615654023267,27.29722222222222,17.84,34.67,33.90298245614034,22.51,42.62,20.69146198830409,10.84,27.21,47.08725146198831,11.61,82.59,26.10976608187135,10.57,31.79,2.5315204678362573,0.79,4.42,299.53,1.7516374269005845,0.0,42.61,179.71800000000002,1.050982456140351,0.0,25.566,16.58213125633957,7.903526335377586,19.941162594320254,0.23539879158987043,42,17,69,0,602.7503094944221,3.524855611078492,1.400545008220898,6.268078270116335,88.76993118270256,0.5191224045772079,0.0,3.3059999999999996,513.9803783117196,3.0057332065012843,0.0,6.268078270116335,887.6993118270257,5139.803783117196,6027.503094944222,423.0323094944221,0.14727479983736788,0.8527252001626322,15.0,1.0,1.0,15.0,5000.0,75000.0,59.179954121801714,342.6535855411464,401.8335396629481
Sonora,Carbó,20,Hermosillo,144,Naranja,2010,2011,29.738876,-111.043247,581.0,2324.060472670728,6.367288966221173,1.286968893945245,12.376394766058894,22.859821917808215,9.27,36.07,30.22575342465753,13.72,44.07,15.493890410958905,3.38,28.07,41.58843835616439,9.63,89.77,22.16123287671233,4.81,32.45,2.693205479452055,1.17,7.65,415.64,1.1387397260273973,0.0,50.25,249.384,0.6832438356164383,0.0,30.15,12.830419843298959,4.180233930823098,19.853432635085092,0.1788421621931211,55,18,99,11,1545.0773738619755,4.2330886955122615,0.9008782257616714,8.044656597938282,115.35188765031927,0.3160325689049843,0.0,5.320731802221605,1429.725486211656,3.9170561266072768,0.0,8.044656597938282,1153.5188765031926,14297.25486211656,15450.773738619753,1295.6933738619755,0.07465767708577153,0.9253423229142284,30.15,22.0,22.0,663.3,1600.0,1061280.0,38.25933255400307,474.20414136373336,512.4634739177365
Sonora,Carbó,20,Hermosillo,144,Naranja,2011,2012,29.738876,-111.043247,581.0,2489.409847865729,6.820300953056791,1.3665354827415797,13.79399480303426,23.327000000000005,1.2999999999999998,37.445,31.060657534246573,6.06,45.33,15.593342465753423,-3.46,29.56,36.10586301369863,5.51,84.02,22.489178082191778,3.75,32.46,2.7538082191780826,1.27,8.98,334.46,0.9163287671232876,0.0,52.6,200.67600000000002,0.5497972602739727,0.0,31.56,12.745798344694343,3.482455060130232,19.691231312239797,0.13435312802620508,45,19,135,22,1656.228250830663,4.537611646111405,0.9565748379191057,8.96609662197227,116.60806925020316,0.31947416232932374,0.0,7.597149582091299,1539.62018158046,4.218137483782082,0.0,8.948096621972269,1166.0806925020315,15396.2018158046,16562.28250830663,1455.552250830663,0.07040579653904568,0.9295942034609544,30.5,22.0,22.0,671.0,1650.0,1107150.0,38.23215385252563,504.7935021575278,543.0256560100535
Sonora,Carbó,20,Hermosillo,144,Naranja,2012,2013,29.738876,-111.043247,581.0,2340.152581493903,6.393859512278424,1.9045715761810849,14.146809080047744,23.47427595628415,9.695,36.325,30.881256830601096,14.0,45.73,16.067295081967213,3.89,27.84,39.63360655737704,8.12,87.77,21.928169398907105,4.96,32.49,2.5143989071038253,0.68,5.21,379.22,1.036120218579235,0.0,22.72,227.532,0.621672131147541,0.0,13.632,12.626495558000995,4.080917878738014,19.568438069613162,0.16204926251343582,60,30,100,3,1557.2334962212453,4.2547363284733475,1.3332001033267593,9.195425902031033,153.3864912221615,0.41908877383104237,0.0,5.168704636943493,1403.8470049990838,3.8356475546423052,0.0,9.195425902031033,1533.8649122216152,14038.470049990838,15572.334962212453,1329.7014962212454,0.09849935259828818,0.9015006474017118,0.0,22.0,0.0,0.0,0.0,0.0,,,
Sonora,Carbó,20,Hermosillo,144,Nuez,2010,2011,29.738876,-111.043247,581.0,1608.2211492430697,7.621901181246776,2.247144527933269,12.376394766058894,27.09265402843602,14.870000000000001,36.07,34.39582938388625,19.84,44.07,19.78947867298578,7.85,28.07,42.15592417061612,9.63,89.77,25.795592417061616,9.01,32.45,2.6381990521327014,1.17,5.26,330.89000000000004,1.5681990521327016,0.0,50.25,198.534,0.9409194312796209,0.0,30.15,15.852010703326094,6.821166927951702,19.853432635085092,0.2057490663866333,42,14,99,0,1554.5369285699403,7.3674735951182,1.460643943156625,13.614034242664784,117.2674921438006,0.5557701049469222,0.0,7.959479977900605,1437.26943642614,6.811703490171279,0.0,13.614034242664784,1172.6749214380059,14372.694364261399,15545.369285699404,1356.0029285699402,0.07543564259465876,0.9245643574053414,2.0,134.0,134.0,268.54,39999.4,10741440.0,586.3374607190029,7186.347182130699,7772.684642849702
Sonora,Carbó,20,Hermosillo,144,Nuez,2011,2012,29.738876,-111.043247,581.0,1726.515647476848,8.182538613634351,3.9555225437757833,13.79399480303426,27.996445497630333,14.82,37.445,35.69606635071089,20.0,45.33,20.296824644549762,6.96,29.56,36.503033175355455,5.51,78.66,26.17341232227488,14.02,32.46,2.6994786729857823,1.27,6.67,258.24,1.2238862559241706,0.0,26.82,154.944,0.7343317535545023,0.0,16.092,15.778317008456838,9.154048973386828,19.691231312239797,0.14957292763456576,37,17,133,0,1642.3568661141055,7.783681829924671,2.032090645531822,15.173394283337686,132.932206172367,0.6300104557932085,0.0,12.33,1509.4246599417386,7.153671374131463,0.0,15.155394283337685,1329.3220617236698,15094.246599417385,16423.568661141057,1487.4128661141056,0.08093990344917601,0.919060096550824,2.0,134.0,134.0,268.0,45000.0,12060000.0,664.6610308618349,7547.123299708693,8211.784330570528
Sonora,Carbó,20,Hermosillo,144,Nuez,2012,2013,29.738876,-111.043247,581.0,1586.4942569853722,7.51893012789276,2.4688787404493624,14.146809080047744,27.39936018957346,15.709999999999999,36.325,34.63928909952606,21.9,45.73,20.15943127962085,7.27,27.84,42.49582938388626,8.12,87.77,25.45056872037915,6.95,32.49,2.44824644549763,0.97,4.35,340.32000000000005,1.6128909952606638,0.0,22.72,204.192,0.9677345971563981,0.0,13.632,15.58988195129968,5.599513716241163,19.568438069613162,0.2145107040265434,53,27,100,0,1517.2292675985532,7.1906600360121,1.6047711812920855,15.56148998805252,176.78420182360563,0.837839819069221,0.0,8.747038616365911,1340.4450657749476,6.352820216942879,0.0,15.56148998805252,1767.8420182360562,13404.450657749476,15172.292675985533,1313.0372675985532,0.1165177904216262,0.8834822095783739,2.5,206.0,134.0,335.0,48000.0,16080000.0,707.1368072944225,5361.78026309979,6068.917070394213
Sonora,Carbó,20,Hermosillo,144,Nuez,2013,2014,29.738876,-111.043247,581.0,1641.596270218251,7.780077110039104,2.7691413804524423,12.819196316638946,27.361113744075826,16.985,35.32,34.80156398104265,23.92,46.8,19.920663507109005,9.3,28.41,40.22658767772511,5.45,86.36,25.87132701421801,9.94,31.94,2.6057345971563985,0.85,4.97,296.28,1.404170616113744,0.0,40.59,177.76799999999997,0.8425023696682463,0.0,24.354000000000003,15.772873435415233,6.937547748851354,19.644198025573708,0.1804828662047395,37,20,100,0,1575.563277296013,7.467124536947929,1.7999418972940875,14.101115948302843,129.9734766291134,0.615988040896272,0.0,7.505999999999999,1445.5898006668995,6.851136496051656,0.0,14.101115948302843,1299.734766291134,14455.898006668995,15755.632772960129,1397.795277296013,0.08249333968495022,0.9175066603150497,2.1,206.0,134.0,281.4,44662.86,12568128.8,618.9213172814924,6883.760955556664,7502.682272838157
Sonora,Carbó,20,Hermosillo,144,Nuez,2014,2015,29.738876,-111.043247,581.0,1589.8311293710183,7.534744688962172,1.8331067913399643,16.34080633641291,27.68473933649289,15.815,37.355,34.62251184834123,22.33,46.66,20.74696682464455,9.3,28.05,44.774502369668255,5.73,90.73,25.154454976303317,4.1,31.89,2.542322274881517,0.94,5.34,432.23,2.048483412322275,0.0,70.55,259.33799999999997,1.2290900473933648,0.0,42.33,15.555388503965801,3.937041472540415,19.582528819440107,0.2718716422234117,51,22,94,0,1540.7583116663145,7.302172093205282,1.1915194143709769,17.974886970054204,153.49819601179706,0.7274796019516448,0.0,8.358629380378432,1387.2601156545174,6.5746924912536375,0.0,17.974886970054204,1534.9819601179706,13872.601156545174,15407.583116663143,1281.4203116663145,0.09962509684324877,0.9003749031567512,1.8,206.0,134.0,241.2,52226.87,12597121.04,852.7677556210948,7707.000642525096,8559.76839814619
Sonora,Carbó,20,Hermosillo,144,Nuez,2015,2016,29.738876,-111.043247,581.0,1473.8145793408232,6.984903219624755,2.4030527267491752,12.53615654023267,27.064597156398104,17.84,34.67,33.60322274881517,22.51,42.62,20.52597156398104,10.84,27.21,49.514123222748815,11.61,85.75,24.760473933649283,5.72,31.79,2.4828436018957345,0.79,4.64,395.53,1.8745497630331753,0.0,44.57,237.31799999999998,1.1247298578199052,0.0,26.742,15.653960425546012,4.9046382083735836,19.941162594320254,0.26837161576791047,46,19,81,0,1415.4054875767492,6.70808287951066,1.561984272386964,13.789772194255937,135.76506246868092,0.6434363150174451,0.0,7.308111536061243,1279.6404251080683,6.064646564493215,0.0,13.789772194255937,1357.6506246868094,12796.404251080683,14154.054875767491,1178.0874875767493,0.09591955355572208,0.9040804464442779,2.0,206.0,134.0,268.0,65200.0,17473600.0,678.8253123434047,6398.2021255403415,7077.027437883746
Sonora,Carbó,20,Hermosillo,144,Nuez,2016,2017,29.738876,-111.043247,581.0,1640.351220218357,7.774176399139132,3.194597704072447,17.17556573315525,27.98355450236967,18.005,36.79,35.480521327014216,23.91,47.15,20.48658767772512,9.11,28.39,40.35867298578199,8.24,78.71,25.864312796208534,8.56,32.09,2.5694786729857824,1.13,6.46,244.29,1.1577725118483413,0.0,39.04,195.43200000000002,0.926218009478673,0.0,31.232,15.881726147014138,6.672774300756093,19.429054114123225,0.14892542340260587,31,14,116,0,1566.737615797292,7.425296757333137,2.13522163917492,18.893122306470776,118.9920424270922,0.5639433290383516,0.0,7.692879122654598,1447.7455733702,6.861353428294787,0.0,18.893122306470776,1189.920424270922,14477.455733702,15667.376157972922,1371.305615797292,0.07594892803192112,0.924051071968079,2.1,429.0,134.0,281.4,70050.0,19712070.0,566.6287734623438,6894.026539858095,7460.655313320439
Sonora,Carbó,20,Hermosillo,144,Nuez,2017,2018,29.738876,-111.043247,581.0,1661.9919068570905,7.876738895057301,3.2248266766290876,12.621672828018214,28.287464454976302,16.08,35.805,35.77687203791469,21.4,46.62,20.79805687203791,9.2,27.43,38.66616113744075,6.77,81.63,25.84559241706161,6.13,32.59,2.4934597156398106,0.82,5.0,265.58,1.2586729857819905,0.0,16.73,159.34799999999998,0.7552037914691943,0.0,10.038,15.653507316102093,5.219383415060492,19.54475048569733,0.15979620532703134,42,23,135,0,1565.3428801708505,7.418686635880809,3.214535948274215,13.883840110820037,143.1984560975822,0.6786656687089204,0.0,7.194,1422.1444240732683,6.740020967171888,0.0,13.883840110820037,1431.9845609758222,14221.444240732682,15653.428801708505,1405.9948801708506,0.09148056819471571,0.9085194318052843,1.8,274.0,274.0,493.2,78100.0,38518920.0,795.5469783199012,7900.802355962601,8696.349334282502
Sonora,Carbó,20,Hermosillo,144,Nuez,2018,2019,29.738876,-111.043247,581.0,1600.0243972560781,7.58305401543165,2.087919953940904,12.557740372266807,27.993791469194306,17.845,36.495000000000005,35.000236966824644,22.11,46.49,20.98734597156398,10.88,28.03,43.79502369668246,6.49,86.4,25.404976303317536,6.35,32.52,2.463601895734597,0.81,5.18,396.23,1.8778672985781992,0.0,39.19,237.738,1.1267203791469194,0.0,23.514,15.683914917492263,5.132390564043792,20.01268584481656,0.24763997391508827,45,26,109,0,1539.9619669382446,7.298397947574619,1.3571479700615876,13.813514409493488,150.62810702852016,0.7138772844953563,0.0,6.743939717575965,1389.3338599097247,6.584520663079264,0.0,13.813514409493488,1506.2810702852016,13893.338599097246,15399.619669382448,1302.2239669382445,0.09781287477378371,0.9021871252262165,1.6,314.0,274.0,438.4,87281.02,38263999.17,941.425668928251,8683.336624435779,9624.762293364029
Sonora,Carbó,20,Hermosillo,144,Nuez,2019,2020,29.738876,-111.043247,581.0,1578.7444995127717,7.482201419491809,2.6726849593388877,12.910943943856564,27.340379146919435,17.945,36.815,34.46222748815166,23.94,44.52,20.2185308056872,10.37,30.93,44.05720379146919,10.97,84.48,25.688341232227486,7.85,32.23,2.5349289099526064,1.02,4.69,345.45,1.6372037914691944,0.0,57.82,207.26999999999998,0.9823222748815165,0.0,34.692,15.887347873184128,6.107292339637206,19.69534675823237,0.21881311390577254,40,23,88,0,1519.2842661616273,7.200399365694916,1.737245223570277,14.202038338242222,138.1533144747594,0.654755044904073,0.0,6.828995305431649,1381.130951686868,6.545644320790844,0.0,14.202038338242222,1381.5331447475942,13811.30951686868,15192.842661616274,1312.0142661616273,0.09093315685009676,0.9090668431499033,2.2,378.0,314.0,691.0,94400.0,65230400.0,627.9696112489064,6277.867962213036,6905.837573461942
Sonora,Carbó,20,Hermosillo,144,Nuez,2020,2021,29.738876,-111.043247,581.0,1763.2905314214972,8.356827163135058,3.2321285567284193,12.069803282319887,29.204502369668244,13.709999999999999,36.385,36.87341232227489,20.15,45.44,21.53559241706161,7.22,28.26,35.53502369668246,10.57,76.67,26.153507109004746,11.44,32.83,2.6868246445497634,1.38,4.64,121.63,0.5764454976303317,0.0,12.76,97.304,0.4611563981042654,0.0,10.208,15.85399927111053,7.88404877494595,19.58879564759004,0.06897899003741972,26,8,150,0,1691.2197680170023,8.015259564061623,2.103839999149004,13.276783610551878,90.3499680354744,0.4281989006420588,0.0,8.105828002807046,1600.8697999815279,7.587060663419563,0.0,13.276783610551878,903.499680354744,16008.697999815278,16912.197680170022,1593.9157680170022,0.05342296119292173,0.9465770388070783,1.82,378.0,314.0,570.0,89657.89,51104997.3,496.42839579930984,8795.987911986416,9292.416307785727
Sonora,Carbó,20,Hermosillo,144,Nuez,2021,2022,29.738876,-111.043247,581.0,1568.4982909717578,7.43364118943961,3.5481715228845125,13.155889542374574,27.521895734597155,18.765,35.08,34.57781990521327,25.11,44.55,20.465971563981043,10.58,26.31,44.5903317535545,6.52,82.79,25.388530805687207,12.34,32.31,2.457725118483412,0.81,6.06,356.24,1.6883412322274882,0.0,38.98,213.744,1.013004739336493,0.0,23.387999999999998,15.688237638040365,8.618152268793306,19.568106022713078,0.22712170108855695,51,20,93,0,1493.9826813191503,7.080486641322987,2.5590575639287043,14.471478496612033,145.85765336726848,0.6912684993709407,0.0,7.373999999999999,1348.1250279518817,6.389218141952046,0.0,14.471478496612033,1458.576533672685,13481.250279518817,14939.826813191503,1280.2386813191504,0.09763008312685374,0.9023699168731463,2.21,398.0,314.0,693.94,93911.69,65169078.16,659.9893817523462,6100.113248651049,6760.102630403395
Sonora,Carbó,20,Hermosillo,144,Nuez,2022,2023,29.738876,-111.043247,581.0,1499.6133954195261,7.107172490139934,2.17610829294076,12.889815812070335,27.329170616113743,18.94,36.045,34.184028436018956,25.24,44.8,20.47431279620853,10.32,28.4,48.15649289099526,4.55,88.48,24.807203791469192,6.12,32.09,2.3320379146919428,0.54,4.81,501.3900000000001,2.3762559241706165,0.0,41.26,300.834,1.4257535545023696,0.0,24.755999999999997,15.473047036540944,5.1956123963517,19.320445251646333,0.3343461731746756,57,30,88,0,1436.805333725502,6.809503951305696,1.414470390411494,14.17879739327737,192.3319280578247,0.9115257253925342,0.0,8.265669131087183,1244.473405667677,5.897978225913161,0.0,14.17879739327737,1923.3192805782471,12444.73405667677,14368.053337255018,1135.9713337255018,0.13386081158198793,0.866139188418012,2.41,398.0,336.0,810.0,87281.48,70697998.8,798.0577927710568,5163.790065011108,5961.847857782164
Sonora,Carbó,20,Hermosillo,144,Nuez,2023,2024,29.738876,-111.043247,581.0,1790.358274160401,8.485110304077729,3.5684692698291776,14.578171274339963,29.1346682464455,15.995000000000001,37.72,36.96597156398104,23.66,47.25,21.303364928909954,7.11,29.86,32.6267298578199,6.61,75.97,26.13298578199052,9.96,31.87,2.731611374407583,1.48,5.91,118.33000000000001,0.5608056872037915,0.0,23.52,94.664,0.4486445497630332,0.0,18.816,15.713322059445831,7.632217226871919,19.31612581921498,0.0660929165451488,23,9,139,0,1709.0053488122173,8.099551416171646,2.586374324621648,16.03598840177396,80.0584718582399,0.3794240372428431,0.0,6.742441277207252,1628.9468769539776,7.720127378928804,0.0,16.03598840177396,800.584718582399,16289.468769539777,17090.053488122176,1614.3413488122173,0.04684506804726016,0.9531549319527399,1.92,398.0,336.0,645.12,79576.74,51336546.51,416.9712075949995,8484.098317468633,8901.069525063633
Sonora,Carbó,20,Hermosillo,144,Persimonio,2010,2011,29.738876,-111.043247,581.0,1801.4014375839974,7.443807593322304,2.247144527933269,12.376394766058894,25.9123347107438,11.94,36.07,33.36223140495868,17.82,44.07,18.462438016528925,4.39,28.07,41.540454545454544,9.63,89.77,25.541198347107443,9.01,32.45,2.702107438016529,1.17,5.63,335.04,1.3844628099173555,0.0,50.25,201.024,0.8306776859504132,0.0,30.15,15.522896680710787,6.821166927951702,19.853432635085092,0.18598852704888966,43,14,99,2,1461.267589561413,6.038295824633938,1.0597108291340336,11.138755289453005,108.48060557520812,0.4482669651868104,0.0,6.512301800100494,1352.7869839862046,5.590028859447127,0.0,11.138755289453005,1084.8060557520812,13527.869839862047,14612.675895614128,1260.243589561413,0.07423733089691509,0.9257626691030848,10.1,1.0,1.0,10.1,10030.0,101303.0,107.40654017347339,1339.3930534516878,1446.7995936251612
Sonora,Carbó,20,Hermosillo,144,Persimonio,2011,2012,29.738876,-111.043247,581.0,1949.934509359169,8.057580617186648,3.9555225437757833,13.79399480303426,27.07776859504132,14.82,37.445,34.97421487603306,20.0,45.33,19.181322314049584,6.96,29.56,34.956239669421485,5.51,78.66,25.937314049586778,14.02,32.46,2.7212396694214873,1.27,6.67,258.24,1.0671074380165289,0.0,26.82,154.944,0.6402644628099173,0.0,16.092,15.420037846762526,9.154048973386828,19.691231312239797,0.13243521706011993,37,17,134,0,1554.3708876870953,6.423020197054113,2.082957273074494,12.414595322730834,122.32777901879749,0.5054866901603202,0.0,10.519130190587951,1432.0431086682975,5.9175335068937915,0.0,12.396595322730834,1223.277790187975,14320.431086682975,15543.70887687095,1399.4268876870954,0.07869922165154629,0.9213007783484535,10.0,1.0,1.0,10.0,10100.0,101000.0,122.32777901879749,1432.0431086682975,1554.3708876870949
Sonora,Carbó,20,Hermosillo,144,Persimonio,2012,2013,29.738876,-111.043247,581.0,1794.3432619799587,7.414641578429581,2.4688787404493624,14.146809080047744,26.274855371900827,11.83,36.325,33.715206611570245,14.25,45.73,18.834504132231405,5.9,27.84,40.3204958677686,8.12,87.77,25.196528925619837,6.95,32.49,2.525743801652893,0.97,5.21,340.49000000000007,1.4069834710743805,0.0,22.72,204.294,0.8441900826446281,0.0,13.632,15.210098911265161,5.599513716241163,19.568438069613162,0.18975744898681657,53,27,100,0,1449.3239065429893,5.988941762574336,1.021535703949698,12.73212817204297,155.11244508438517,0.6409605168776247,0.0,7.156667958844836,1294.211461458604,5.347981245696711,0.0,12.73212817204297,1551.1244508438517,12942.11461458604,14493.239065429892,1245.0299065429892,0.107024002284188,0.8929759977158118,19.5,1.0,1.0,19.5,10050.0,195975.0,79.54484363301803,663.6981853633866,743.2430289964046
Sonora,Carbó,20,Hermosillo,144,Persimonio,2013,2014,29.738876,-111.043247,581.0,1867.3376999927923,7.716271487573522,2.7691413804524423,12.819196316638946,26.58762396694215,13.09,35.32,34.20776859504132,20.03,46.8,18.967479338842974,6.15,28.41,38.098842975206615,5.45,86.36,25.605867768595036,9.94,31.94,2.6501239669421484,0.85,4.97,296.85,1.2266528925619835,0.0,40.59,178.10999999999999,0.73599173553719,0.0,24.354000000000003,15.374755056065018,6.937547748851354,19.644198025573708,0.15896963896843394,37,20,101,0,1503.5131037834199,6.212864065220743,1.711870321058839,11.537276684975051,114.72172408495899,0.47405671109487185,0.0,5.52,1388.7913796984608,5.738807354125871,0.0,11.537276684975051,1147.2172408495899,13887.913796984609,15035.131037834199,1325.40310378342,0.07630244378733701,0.9236975562126629,9.8,1.0,1.0,9.8,10103.0,99009.4,117.06298376016223,1417.1340609167967,1534.197044676959
Sonora,Carbó,20,Hermosillo,144,Persimonio,2014,2015,29.738876,-111.043247,581.0,1790.3479789306584,7.398132144341564,1.8331067913399643,16.34080633641291,26.792396694214876,15.815,37.355,33.861942148760335,22.33,46.66,19.722851239669424,9.3,28.05,43.07231404958678,5.73,90.73,24.916776859504136,4.1,31.89,2.5588842975206614,0.94,5.34,435.16,1.7981818181818183,0.0,70.55,261.096,1.0789090909090908,0.0,42.33,15.2107313886305,3.937041472540415,19.582528819440107,0.24305889420441773,53,22,94,0,1451.8944703981506,5.999563927265085,1.1842977835196882,14.70672570277162,139.99657469625254,0.5784982425464981,0.0,6.838878583945989,1311.897895701898,5.421065684718587,0.0,14.70672570277162,1399.9657469625254,13118.97895701898,14518.944703981506,1190.7984703981506,0.09642338169237707,0.9035766183076229,12.4,1.0,1.0,12.4,10425.0,129270.0,112.90046346471979,1057.9821739531435,1170.8826374178634
Sonora,Carbó,20,Hermosillo,144,Persimonio,2015,2016,29.738876,-111.043247,581.0,1660.8363541439835,6.8629601410908405,1.8654228162410302,12.53615654023267,26.30952479338843,14.605,34.67,32.952603305785125,19.25,42.62,19.666446280991735,9.25,27.21,48.48041322314049,11.61,86.05,24.37913223140496,5.72,31.79,2.5136776859504133,0.79,5.69,419.87,1.735,0.0,44.57,251.92199999999997,1.041,0.0,26.742,15.25713178259713,4.9046382083735836,19.941162594320254,0.25280636406613727,49,21,83,0,1346.3534936030217,5.563444188442238,0.7461691264964121,11.282540886209402,128.2942558553074,0.530141553121105,0.0,6.249934088302497,1218.0592377477142,5.0333026353211325,0.0,11.282540886209402,1282.942558553074,12180.592377477142,13463.534936030215,1094.4314936030216,0.0952901719086975,0.9047098280913024,0.0,1.0,0.0,0.0,0.0,0.0,,,
Sonora,Carbó,20,Hermosillo,144,Uva,2010,2011,29.738876,-111.043247,581.0,1586.6229028066582,7.8545688257755355,2.649277072835084,12.376394766058894,25.935866336633662,11.94,36.07,33.552772277227724,17.82,44.07,18.318960396039603,4.39,28.07,39.1030198019802,9.63,85.22,26.765495049504953,11.36,32.45,2.7798019801980196,1.17,5.63,295.97999999999996,1.465247524752475,0.0,50.25,177.588,0.8791485148514852,0.0,30.15,16.29257559620188,8.3769037842384,19.853432635085092,0.1865471621999316,34,12,87,2,1178.4024582614704,5.833675535947873,0.7947831218505251,10.51993555115006,81.52355484600487,0.4035819546831924,0.0,5.884414636922251,1096.8789034154654,5.43009358126468,0.0,10.51993555115006,815.2355484600487,10968.789034154654,11784.024582614702,1000.8144582614705,0.06918141953495142,0.9308185804650484,13.0,369.0,369.0,4797.0,18400.0,88264800.0,62.71042680461913,843.753002627281,906.4634294319002
Sonora,Carbó,20,Hermosillo,144,Uva,2011,2012,29.738876,-111.043247,581.0,1660.8337830309567,8.22194942094533,3.9555225437757833,13.79399480303426,26.927326732673265,14.82,37.445,34.821633663366335,20.0,45.33,19.0330198019802,6.96,29.56,35.67391089108911,5.51,78.66,26.87316831683168,14.02,32.46,2.7378217821782176,1.27,6.67,255.21999999999997,1.2634653465346533,0.0,26.82,153.132,0.7580792079207921,0.0,16.092,16.189433238052857,10.1475505014793,19.691231312239797,0.15366980284699738,37,17,106,0,1217.0026353551816,6.024765521560305,1.5622179548058703,11.72489558257912,113.93542660800186,0.5640367653861478,0.0,9.93473406888862,1103.06720874718,5.460728756174158,0.0,11.706895582579119,1139.3542660800185,11030.672087471801,12170.02635355182,1063.8706353551815,0.09361970409764139,0.9063802959023589,12.0,369.0,369.0,4428.0,24000.0,106272000.0,94.94618884000154,919.2226739559834,1014.168862795985
Sonora,Carbó,20,Hermosillo,144,Uva,2012,2013,29.738876,-111.043247,581.0,1565.8023364783207,7.751496715239211,2.5538392598742448,14.146809080047744,26.337970297029706,11.83,36.325,33.78420792079208,14.25,45.73,18.891732673267324,5.9,27.84,38.95094059405941,8.12,87.77,26.22633663366336,8.85,32.49,2.5893564356435643,0.97,5.21,338.44,1.6754455445544554,0.0,22.72,203.064,1.0052673267326733,0.0,13.632,15.91018313076648,6.683101286593165,19.568438069613162,0.21614477901546156,52,27,86,0,1163.6255746249878,5.760522646658356,0.7661517779622734,12.024787718040582,131.47586967864552,0.6508706419734926,0.0,6.759075294464567,1032.1497049463424,5.109652004684863,0.0,12.024787718040582,1314.7586967864552,10321.497049463424,11636.255746249879,960.5615746249879,0.11298812310911734,0.8870118768908827,20.0,369.0,369.0,7380.0,24230.0,178817400.0,65.73793483932276,516.0748524731712,581.8127873124939
Sonora,Carbó,20,Hermosillo,144,Uva,2013,2014,29.738876,-111.043247,581.0,1635.633558588312,8.097195834595604,3.8662672771797433,12.819196316638946,27.053341584158414,13.09,35.32,34.66207920792079,20.03,46.8,19.44460396039604,6.15,28.41,37.0360396039604,5.45,86.36,26.47633663366336,11.71,31.94,2.7425247524752474,0.85,4.97,294.90000000000003,1.45990099009901,0.0,40.59,176.94,0.8759405940594059,0.0,24.354000000000003,16.0393108245894,8.625602586237875,19.644198025573708,0.18029710777915517,37,20,98,0,1201.8777054241996,5.949889630812869,1.2839027407941292,10.896316869143103,100.18207556916087,0.49595086915426173,0.0,5.52,1101.695629855039,5.453938761658609,0.0,10.896316869143103,1001.8207556916087,11016.95629855039,12018.777054242,1024.9377054241995,0.08335463343485673,0.9166453665651435,18.0,369.0,369.0,6642.0,18700.0,124205400.0,55.65670864953382,612.0531276972439,667.7098363467777
Sonora,Carbó,20,Hermosillo,144,Uva,2014,2015,29.738876,-111.043247,581.0,1593.2919749581183,7.88758403444613,1.8331067913399643,16.34080633641291,26.984381188118817,15.815,37.355,34.2050495049505,22.33,46.66,19.763712871287126,9.3,28.05,39.3070297029703,5.73,90.73,25.868564356435648,4.1,31.89,2.698217821782178,0.94,5.34,414.6000000000001,2.052475247524753,0.0,70.55,248.75999999999996,1.2314851485148512,0.0,42.33,15.77571806815629,3.937041472540415,19.582528819440107,0.26021595948281756,46,21,91,0,1185.9060817873105,5.870822187065894,0.824898056102984,13.889685385950974,112.33991415613431,0.556138188891754,0.0,6.458940884837878,1073.5661676311763,5.31468399817414,0.0,13.889685385950974,1123.3991415613432,10735.661676311764,11859.060817873107,937.1460817873105,0.09472918292722123,0.9052708170727789,15.0,369.0,369.0,5535.0,16549.54,91601703.9,74.89327610408955,715.7107784207842,790.6040545248737
Sonora,Carbó,20,Hermosillo,144,Uva,2015,2016,29.738876,-111.043247,581.0,1459.4582133124275,7.225040659962512,1.8654228162410302,12.53615654023267,26.35693069306931,14.605,34.67,33.07752475247525,19.25,42.62,19.63633663366337,9.25,27.21,46.22128712871287,11.61,86.05,25.445841584158412,8.25,31.79,2.5609900990099006,0.79,5.69,323.87,1.6033168316831683,0.0,42.61,194.322,0.961990099009901,0.0,25.566,15.964280625902786,6.1568637109396995,19.941162594320254,0.22191111540284222,45,19,71,0,1083.0106868903429,5.361439044011599,0.5596268448723091,10.655733059197768,106.97206517109956,0.5295646790648493,0.0,5.902715527841247,976.0386217192433,4.831874364946749,0.0,10.655733059197768,1069.7206517109955,9760.386217192434,10830.10686890343,888.6886868903429,0.09877286204649494,0.9012271379535051,15.6,369.0,369.0,5756.4,27617.7,158978528.3,68.57183664814075,625.6657831533612,694.237619801502
Sonora,Carbó,20,Hermosillo,144,Uva,2016,2017,29.738876,-111.043247,581.0,1613.0765086993722,7.985527270788971,3.194597704072447,17.17556573315525,26.99049504950495,11.855,36.79,34.69668316831683,15.63,47.15,19.28430693069307,7.69,28.39,38.01237623762376,8.24,78.71,26.74430693069307,8.56,32.09,2.6816336633663367,1.13,6.46,235.98,1.1682178217821781,0.0,39.04,188.78400000000002,0.9345742574257426,0.0,31.232,16.30190918925808,6.672774300756093,19.429054114123225,0.14629188307395988,31,13,97,0,1182.9219376399951,5.8560491962376,1.0595255823761311,14.59923087318196,94.48742077140355,0.4677595087693245,0.0,5.944497503869462,1088.4345168685916,5.3882896874682755,0.0,14.59923087318196,944.8742077140355,10884.345168685915,11829.219376399951,994.1379376399951,0.07987629425481109,0.9201237057451889,16.0,369.0,369.0,5904.0,21052.56,124294314.2,59.05463798212722,680.2715730428697,739.326211024997
Sonora,Carbó,20,Hermosillo,144,Uva,2017,2018,29.738876,-111.043247,581.0,1600.3897107540001,7.922721340366337,3.2248266766290876,12.621672828018214,27.51346534653465,16.08,35.805,35.07841584158416,21.4,46.62,19.94851485148515,9.2,27.43,38.844603960396036,6.77,81.63,26.42039603960396,6.13,32.59,2.557475247524752,0.82,5.0,265.51,1.3144059405940594,0.0,16.73,159.30599999999998,0.7886435643564356,0.0,10.038,16.073410117644066,5.219383415060492,19.54475048569733,0.16590334105241708,42,23,116,0,1176.0545599552918,5.822052277006395,1.2908663405366847,10.728421903815482,122.82097460623675,0.6080246267635483,0.0,5.9519989269269455,1053.233585349055,5.214027650242846,0.0,10.728421903815482,1228.2097460623675,10532.33585349055,11760.545599552917,1016.7485599552917,0.10443475905650657,0.8955652409434933,17.0,926.0,717.0,12189.0,20464.89,249446544.2,72.24763212131573,619.5491678523853,691.796799973701
Sonora,Carbó,20,Hermosillo,144,Uva,2018,2019,29.738876,-111.043247,581.0,1618.3714701462477,8.011739951219049,3.2222263754316383,12.557740372266807,27.552252475247517,15.2,36.495000000000005,34.93262376237624,21.79,46.49,20.17188118811881,5.67,28.03,37.72866336633663,6.49,82.71,26.167920792079205,8.7,32.52,2.5869306930693066,0.81,5.18,277.41,1.3733168316831685,0.0,24.44,166.446,0.823990099009901,0.0,14.664,15.9468522880243,7.030612916260273,20.01268584481656,0.17141305634542067,36,23,106,0,1207.1583745450844,5.976031557153883,1.3240403266665335,10.674079316426786,100.6521808987913,0.4982781232613431,0.0,6.114,1106.5061936462928,5.477753433892539,0.0,10.674079316426786,1006.521808987913,11065.061936462927,12071.58374545084,1040.7123745450845,0.08337943307291548,0.9166205669270843,16.13,929.0,929.0,14988.0,22255.33,333562886.0,62.400608120763366,685.9926804998715,748.3932886206348
Sonora,Carbó,20,Hermosillo,144,Uva,2019,2020,29.738876,-111.043247,581.0,1540.3725654466127,7.625606759636697,2.628252038407128,12.910943943856564,26.47923267326733,12.77,36.815,33.720544554455444,16.48,44.52,19.237920792079205,7.25,30.93,41.57207920792079,10.97,83.32,26.133613861386138,5.76,32.23,2.6213861386138615,1.13,4.69,282.67999999999995,1.399405940594059,0.0,31.83,169.60800000000003,0.8396435643564358,0.0,19.098,16.136501007122153,5.0581028160194,19.69534675823237,0.18351404481034772,37,21,81,0,1153.2133520052762,5.708976990125129,0.7884756115221384,10.974302352278078,92.48329083844578,0.4578380734576524,0.0,5.568704825915796,1060.7300611668306,5.251138916667478,0.0,10.974302352278078,924.8329083844578,10607.300611668306,11532.133520052765,983.6053520052761,0.08019616723794458,0.9198038327620556,18.5,1099.0,929.0,17186.0,28360.69,487406818.34,49.9909680207815,573.3676006307193,623.3585686515007
Sonora,Carbó,20,Hermosillo,144,Uva,2020,2021,29.738876,-111.043247,581.0,1596.812323716399,7.90501150354653,1.7327697609530444,12.069803282319887,27.285816831683167,11.774999999999999,36.385,34.78059405940594,16.88,45.44,19.791039603960396,5.17,28.26,40.303118811881184,10.57,83.29,26.270049504950496,5.35,32.83,2.6431683168316824,0.77,4.64,193.24,0.9566336633663367,0.0,28.94,154.59199999999998,0.7653069306930692,0.0,23.152,16.224535432314358,4.768905247225195,19.58879564759004,0.12101610009512946,30,12,119,0,1186.3579491220949,5.873059154069776,0.5198309282859133,10.259332789971904,78.53584103566098,0.38879129225574743,0.0,6.263594365805444,1107.8221080864337,5.484267861814028,0.0,10.259332789971904,785.3584103566097,11078.221080864336,11863.579491220946,1031.7659491220948,0.0661991105583079,0.9338008894416919,16.25,1249.0,1099.0,17858.0,29490.54,526642063.32,48.329748329637525,681.7366818993437,730.0664302289812
Sonora,Carbó,20,Hermosillo,144,Uva,2021,2022,29.738876,-111.043247,581.0,1559.9714548025818,7.722630964369217,3.5481715228845125,13.155889542374574,26.741584158415836,12.45,35.08,34.014455445544556,19.58,44.55,19.468712871287128,5.32,26.31,40.797227722772284,6.52,82.79,26.12935643564356,12.42,32.31,2.6107920792079207,0.81,6.06,342.42999999999995,1.69519801980198,0.0,38.98,205.458,1.017118811881188,0.0,23.387999999999998,15.997870321687659,8.093363593071077,19.568106022713078,0.21951042690286618,47,18,90,0,1156.9896986509907,5.727671775499954,1.361481977336849,11.182506111018387,109.14432077380592,0.5403184196723065,0.0,6.287974815474131,1047.8453778771845,5.187353355827646,0.0,11.182506111018387,1091.443207738059,10478.453778771845,11569.896986509904,951.5316986509907,0.09433473859020902,0.9056652614097908,17.22,1249.0,1249.0,21507.78,30439.44,654684778.8,63.38230010093259,608.5048652016171,671.8871653025498
Sonora,Carbó,20,Hermosillo,144,Uva,2022,2023,29.738876,-111.043247,581.0,1535.108074882935,7.599544925163045,2.206915951132644,12.889815812070335,26.67141089108911,14.37,36.045,33.97519801980198,23.33,44.8,19.36762376237624,5.41,28.4,41.21643564356435,4.55,88.48,25.86534653465346,6.12,32.09,2.526881188118812,0.54,4.81,422.36,2.090891089108911,0.0,41.26,253.416,1.2545346534653465,0.0,24.755999999999997,15.789424829515408,5.1956123963517,19.320445251646333,0.2751337230977751,48,27,82,0,1145.512396430749,5.670853447676976,0.9931121780096899,10.956343440259785,133.38390284599714,0.6603163507227581,0.0,6.387107964931004,1012.1284935847518,5.010537096954217,0.0,10.956343440259785,1333.8390284599714,10121.284935847518,11455.12396430749,892.0963964307491,0.11644038358869105,0.8835596164113089,18.98,1249.0,1249.0,23700.0,32012.35,758692695.0,70.27602889673189,533.2605340277934,603.5365629245252
Sonora,Carbó,20,Hermosillo,144,Uva,2023,2024,29.738876,-111.043247,581.0,1700.6598302385405,8.419108070487825,3.5684692698291776,14.578171274339963,27.617029702970296,10.355,37.72,35.5179702970297,17.07,47.25,19.716089108910893,3.64,29.86,32.88816831683168,6.61,75.97,26.60806930693069,9.96,31.87,2.8301980198019803,1.53,5.91,118.88,0.5885148514851485,0.0,23.52,95.104,0.4708118811881188,0.0,18.816,16.05113065804547,7.632217226871919,19.31612581921498,0.06990228021280745,23,9,111,2,1256.1851371129706,6.2187383025394585,1.129205691566076,12.391445583188968,64.32935054736498,0.31846213142259894,0.0,5.992000000000001,1191.8557865656057,5.90027617111686,0.0,12.391445583188968,643.2935054736498,11918.557865656057,12561.851371129707,1161.0811371129705,0.051210087308635105,0.948789912691365,19.4,1249.0,1249.0,24230.6,32764.15,793895012.99,33.1594590450335,614.358652868869,647.5181119139024
