Estado,Municipio,IdMunicipio,DDR,IdDDR,Cultivo,Anio,AnioFin,Lat,Lon,Z_m,max_intensidad_sequia,indice_estres_sequia_acumulado,fraccion_quincenas_sequia_severa,ET0_total_mm,ET0_mean_mm_d,ET0_min_mm_d,ET0_max_mm_d,Tmean_ciclo_mean_C,Tmean_ciclo_min_C,Tmean_ciclo_max_C,Tmax_ciclo_mean_C,Tmax_ciclo_min_C,Tmax_ciclo_max_C,Tmin_ciclo_mean_C,Tmin_ciclo_min_C,Tmin_ciclo_max_C,RH_mean_pct,RH_min_pct,RH_max_pct,Rs_mean_MJ_m2_d,Rs_min_MJ_m2_d,Rs_max_MJ_m2_d,Ws_mean_m_s,Ws_min_m_s,Ws_max_m_s,Ptot_total_mm,Ptot_mean_mm_d,Ptot_min_mm_d,Ptot_max_mm_d,Pef_total_mm,Pef_mean_mm_d,Pef_min_mm_d,Pef_max_mm_d,Rn_mean_MJ_m2_d,Rn_min_MJ_m2_d,Rn_max_MJ_m2_d,ratio_Ptot_ET0,dias_lluvia_ge_1mm,dias_lluvia_ge_5mm,dias_estres_calor,dias_riesgo_helada,ETc_total_mm,ETc_mean_mm_d,ETc_min_mm_d,ETc_max_mm_d,ETverde_total_mm,ETverde_mean_mm_d,ETverde_min_mm_d,ETverde_max_mm_d,ETazul_total_mm,ETazul_mean_mm_d,ETazul_min_mm_d,ETazul_max_mm_d,UACverde_m3_ha,UACazul_m3_ha,UACtotal_m3_ha,deficit_hidrico_mm,frac_verde,frac_azul,Rend_t_ha,SupSembradaTotal_ha,SupCosechadaTotal_ha,VolumenTotal_t,PMR,Valorproduccion,HHverde_m3_ton,HHazul_m3_ton,HHtotal_m3_ton
Sonora,Empalme,25,Guaymas,147,Berenjena,2016,2017,28.003091,-110.661588,26.0,0,0.0,0.0,719.4633599509077,7.123399603474334,3.291968645368569,10.475008211734,24.385940594059406,14.155,33.86,31.59138613861386,16.74,44.08,17.18049504950495,9.5,25.68,44.319108910891096,20.2,63.86,27.157128712871287,12.05,32.04,2.581584158415841,1.59,3.74,12.16,0.12039603960396039,0.0,10.94,9.728,0.09631683168316832,0.0,8.752,16.648647655848418,8.694393122781513,20.149288010455166,0.01690148613103763,1,1,13,0,674.0267902070277,6.673532576307205,1.9751811872211413,10.9987586223207,2.9511811872211413,0.029219615715060807,0.0,1.9751811872211413,671.0756090198066,6.644312960592145,0.0,10.9987586223207,29.511811872211414,6710.756090198066,6740.267902070277,664.2987902070278,0.004378433068386917,0.9956215669316132,13.1,11.0,11.0,144.1,12260.0,1766666.0,2.252810066581024,512.2714572670279,514.5242673336089
Sonora,Empalme,25,Guaymas,147,Berenjena,2017,2018,28.003091,-110.661588,26.0,1,1.0,0.0,758.1915531321107,7.506847060713968,3.4183931412506023,11.972786456551962,25.300445544554453,19.445,31.075000000000003,32.79287128712872,22.92,39.56,17.808019801980198,11.81,23.86,40.840891089108915,18.45,62.62,27.410693069306927,13.28,31.84,2.5832673267326736,1.31,5.09,0.8200000000000001,0.008118811881188119,0.0,0.46,0.6560000000000001,0.0064950495049504965,0.0,0.36800000000000005,16.635809003235302,8.63196745340343,20.052610058942655,0.0010815208856027965,0,0,35,0,708.2114378305974,7.011994433966311,2.051035884750361,12.57142577937956,0.6560000000000001,0.0064950495049504965,0.0,0.36800000000000005,707.5554378305975,7.005499384461362,2.051035884750361,12.57142577937956,6.560000000000001,7075.554378305975,7082.114378305975,707.5554378305975,0.0009262770480090917,0.9990737229519909,10.0,8.0,8.0,80.0,7947.5,635800.0,0.38095238095238104,410.89165959965015,411.27261198060256
Sonora,Empalme,25,Guaymas,147,Berenjena,2018,2019,28.003091,-110.661588,26.0,4,4.0,1.0,794.8301949162795,7.8696058902601935,3.8718544134139043,13.40947590512976,25.466534653465345,18.325,33.165,32.870198019801975,23.64,41.92,18.062871287128715,10.49,26.4,35.81257425742574,14.0,58.85,26.78336633663366,8.6,31.77,2.7595049504950495,1.52,5.06,0.02,0.00019801980198019803,0.0,0.02,0.016,0.00015841584158415842,0.0,0.016,16.081046285444284,6.696164031049393,19.655478820157576,2.5162607218396662e-05,0,0,28,0,747.33014691416,7.3993083852887125,2.3231126480483426,14.07994970038625,0.016,0.00015841584158415842,0.0,0.016,747.3141469141599,7.399149969447127,2.3071126480483426,14.07994970038625,0.16,7473.141469141599,7473.301469141599,747.31414691416,2.1409547127285627e-05,0.9999785904528726,12.75,26.0,26.0,331.5,8407.09,2786948.78,0.009770992366412214,456.375051550632,456.3848225429984
Sonora,Empalme,25,Guaymas,147,Berenjena,2019,2020,28.003091,-110.661588,26.0,1,1.0,0.0,700.823489776764,6.938846433433307,2.786415983379047,9.836846686761426,23.54123762376238,17.01,31.335,30.632277227722778,20.27,39.81,16.45019801980198,10.17,23.13,44.31851485148514,22.66,69.88,26.36435643564356,5.59,31.53,2.6177227722772276,1.46,4.67,18.289999999999996,0.18108910891089106,0.0,17.49,14.632,0.14487128712871286,0.0,13.991999999999999,16.205912671193243,5.032018813816755,19.981454949213393,0.026097869530352046,1,1,9,0,661.1437073174874,6.545977300173142,1.6718495900274282,10.328689021099498,2.679794796198511,0.02653262174453971,0.0,2.039794796198511,658.4639125212889,6.519444678428603,0.0,10.328689021099498,26.79794796198511,6584.639125212889,6611.437073174874,646.5117073174874,0.004053271273005777,0.9959467287269942,13.36,27.0,27.0,360.6,8053.8,2904199.75,1.70905280369803,419.93871972020975,421.6477725239078
Sonora,Empalme,25,Guaymas,147,Berenjena,2020,2021,28.003091,-110.661588,26.0,0,0.0,0.0,699.6657342219765,6.927383507148282,1.965438627984318,11.521781418644204,24.43420792079208,14.17,33.465,31.249306930693066,17.61,41.95,17.61910891089109,8.71,25.33,46.529207920792075,25.14,81.08,25.73445544554455,4.88,31.51,2.5539603960396042,1.35,4.99,59.78,0.5918811881188119,0.0,29.1,47.824,0.4735049504950495,0.0,23.28,16.008767252686187,4.483520978908895,20.0213595734099,0.08544079990779446,6,2,28,0,670.4599957604315,6.6382177798062525,1.1792631767905908,12.097870489576415,10.222239700956012,0.1012102940688714,0.0,2.584,660.2377560594755,6.537007485737381,0.0,12.097870489576415,102.22239700956011,6602.377560594755,6704.599957604315,622.6359957604316,0.015246606457648545,0.9847533935423514,12.78,29.0,29.0,370.5,8023.75,2972799.97,7.998622614206582,516.6179624878525,524.6165851020592
Sonora,Empalme,25,Guaymas,147,Berenjena,2021,2022,28.003091,-110.661588,26.0,4,3.3333333333333335,1.0,770.6240835738213,7.629941421522983,4.618488492828547,11.436189963532083,24.534108910891085,15.485000000000001,31.705,31.879999999999995,21.67,39.78,17.188217821782178,9.3,25.29,37.796039603960395,16.25,57.5,27.11900990099009,12.64,31.89,2.7609900990099008,1.65,4.45,0.12,0.001188118811881188,0.0,0.08,0.096,0.0009504950495049505,0.0,0.064,16.31841317126354,8.231936130581337,20.3910268239308,0.0001557179467367434,0,0,24,0,724.7565024372856,7.175806954824609,2.771093095697128,12.007999461708687,0.096,0.0009504950495049505,0.0,0.064,724.6605024372856,7.174856459775104,2.739093095697128,12.007999461708687,0.96,7246.605024372856,7247.565024372856,724.6605024372856,0.00013245828037025036,0.9998675417196298,13.13,18.0,18.0,236.36,8135.37,1922876.0,0.0731150038080731,551.9120353673158,551.9851503711238
Sonora,Empalme,25,Guaymas,147,Berenjena,2022,2023,28.003091,-110.661588,26.0,3,2.5,0.6666666666666666,759.96377901514,7.524393851635049,4.430170556255878,11.727615620357914,24.618019801980193,16.095,30.85,32.266039603960394,23.84,40.55,16.97,7.9,24.18,40.62811881188119,17.7,66.31,27.6790099009901,13.24,32.1,2.6848514851485143,1.39,4.37,0.06,0.000594059405940594,0.0,0.06,0.048,0.00047524752475247524,0.0,0.048,16.73700896324441,8.068246132286623,20.12064546020473,7.895113116806148e-05,0,0,22,0,710.8874521021294,7.038489624773558,2.658102333753527,12.31399640137581,0.048,0.00047524752475247524,0.0,0.048,710.8394521021294,7.038014377248806,2.658102333753527,12.31399640137581,0.48,7108.394521021293,7108.874521021293,710.8394521021294,6.75212368119055e-05,0.9999324787631881,14.0,10.0,10.0,140.0,7771.0,1087939.3,0.03428571428571429,507.74246578723523,507.77675150152095
Sonora,Empalme,25,Guaymas,147,Berenjena,2023,2024,28.003091,-110.661588,26.0,2,2.0,0.0,735.2390279337815,7.279594335978034,3.3816948696814872,9.98597253821024,23.960346534653468,15.015,29.71,31.190693069306928,20.15,37.98,16.729999999999997,7.64,22.56,39.383465346534656,19.33,68.28,26.57910891089109,10.64,31.51,2.6590099009900996,1.56,5.0,10.55,0.10445544554455446,0.0,3.6,8.440000000000001,0.08356435643564358,0.0,2.8800000000000003,16.05639720222151,7.5881317599486104,19.97523334682412,0.014349075061546073,3,0,11,0,690.9110220928218,6.840703189037839,2.0290169218088923,10.485271165120752,8.032485640887682,0.07952956080086813,0.0,2.8800000000000003,682.8785364519341,6.761173628236971,0.0,10.485271165120752,80.32485640887683,6828.785364519341,6909.110220928218,682.4710220928217,0.011625933563133318,0.9883740664368666,14.5,4.0,4.0,58.0,8694.83,504299.85,5.539645269577712,470.9507147944373,476.490360064015
Sonora,Empalme,25,Guaymas,147,Calabacita,2010,2011,28.003091,-110.661588,26.0,1,1.0,0.0,772.9934517525782,8.05201512242269,5.023333096752553,10.649724512246678,26.277760416666666,18.59,33.775,33.2675,22.75,41.27,19.288020833333334,11.88,27.85,42.0615625,22.08,67.5,28.913749999999997,15.81,31.9,2.8632291666666667,1.95,5.59,0.51,0.0053125,0.0,0.17,0.40800000000000003,0.00425,0.0,0.136,18.036471288282765,10.940660032072014,20.215894463924307,0.0006597727300841899,0,0,32,0,638.5491577640319,6.6515537267086655,2.5116665483762763,10.117238286634343,0.40800000000000003,0.00425,0.0,0.136,638.141157764032,6.6473037267086665,2.4956665483762763,10.117238286634343,4.08,6381.41157764032,6385.4915776403195,638.1411577640318,0.0006389484584533294,0.9993610515415469,22.0,1150.0,1140.0,25080.0,4500.0,112860000.0,0.18545454545454546,290.06416262001454,290.2496171654691
Sonora,Empalme,25,Guaymas,147,Calabacita,2011,2012,28.003091,-110.661588,26.0,3,3.0,1.0,810.3652902072768,8.4413051063258,5.263000564336997,14.165390457472167,26.954114583333336,17.775,35.765,34.2309375,23.14,43.73,19.677291666666665,11.4,28.8,39.75729166666667,11.81,72.17,28.997083333333336,18.19,32.54,2.8630208333333336,1.55,5.11,48.75000000000001,0.5078125000000001,0.0,21.64,39.00000000000001,0.40625000000000006,0.0,17.312,17.965346465508357,11.831669267591153,20.01959098187152,0.06015805537220213,5,3,43,0,670.5423415713151,6.984816058034532,2.6315002821684983,13.457120934598558,18.756136738506076,0.19537642435943828,0.0,4.642149570639694,651.7862048328091,6.789439633675094,0.0,13.457120934598558,187.56136738506075,6517.86204832809,6705.4234157131505,631.5423415713151,0.027971591912531416,0.9720284080874686,25.0,890.0,690.0,17250.0,5000.0,86250000.0,8.154842060220032,283.3853064490474,291.5401485092674
Sonora,Empalme,25,Guaymas,147,Calabacita,2012,2013,28.003091,-110.661588,26.0,1,1.0,0.0,804.1193281825033,8.376243001901075,5.9910171784581,10.756779302500071,27.46291666666666,18.740000000000002,34.215,34.67729166666667,24.5,42.75,20.248541666666668,10.95,28.42,39.66395833333333,18.2,61.62,28.94395833333333,20.16,31.96,2.811458333333333,2.06,5.05,16.790000000000003,0.17489583333333336,0.0,6.2,13.432000000000002,0.1399166666666667,0.0,4.960000000000001,17.994177293460368,13.965608144512357,20.572881404155144,0.020879985608540597,5,1,48,0,661.3597997650261,6.889164580885688,3.0536981347965697,10.218940337375066,13.432000000000002,0.1399166666666667,0.0,4.960000000000001,647.9277997650261,6.749247914219022,1.0119957801646908,10.218940337375066,134.32000000000002,6479.277997650261,6613.59799765026,647.9277997650261,0.02030967108187139,0.9796903289181286,25.11,873.0,873.0,21921.03,6603.67,144759248.18,5.702398641477394,275.0701760836451,280.77257472512247
Sonora,Empalme,25,Guaymas,147,Calabacita,2013,2014,28.003091,-110.661588,26.0,1,1.0,0.0,786.1187039680576,8.188736499667266,5.886566355027395,12.100008451090064,27.387447916666662,19.015,34.26,34.4,24.42,41.78,20.37489583333333,12.07,28.69,44.46385416666667,17.14,60.68,28.983958333333334,20.74,31.99,2.814270833333333,1.93,4.48,9.96,0.10375000000000001,0.0,5.87,7.968000000000001,0.083,0.0,4.696000000000001,18.27495527909082,13.984069042654278,20.316598664792068,0.012669842289370977,2,1,45,0,647.1080995614249,6.740709370431509,2.9432831775136976,11.49500802853556,7.968000000000001,0.083,0.0,4.696000000000001,639.1400995614249,6.657709370431509,1.30336471352466,11.49500802853556,79.68,6391.400995614249,6471.080995614249,639.1400995614249,0.012313244117018908,0.9876867558829812,22.0,984.0,739.0,16258.0,6000.0,97548000.0,3.3906382978723406,271.9745104516702,275.3651487495425
Sonora,Empalme,25,Guaymas,147,Calabacita,2014,2015,28.003091,-110.661588,26.0,1,1.0,0.0,803.6289107161801,8.371134486626877,4.258177590530865,11.999711441283607,28.182708333333334,18.695,35.83,35.079479166666665,22.37,44.0,21.2859375,11.73,28.33,41.400312500000005,12.22,75.6,28.029062499999995,8.87,31.68,2.827916666666667,1.54,4.52,25.679999999999996,0.26749999999999996,0.0,11.81,20.544,0.214,0.0,9.448,17.63712312374849,7.181360005138695,20.53300145685372,0.03195504748219477,5,2,50,0,664.7220467083703,6.924187986545523,2.1290887952654325,11.399725869219425,16.825717107979003,0.17526788654144795,0.0,5.729717107979004,647.8963296003913,6.748920100004075,0.0,11.399725869219425,168.25717107979003,6478.963296003913,6647.220467083703,644.1780467083703,0.025312410189037786,0.9746875898109622,22.1,997.0,997.0,22033.7,6953.62,153213976.99,7.993214778137293,307.7892302139626,315.7824449920999
Sonora,Empalme,25,Guaymas,147,Calabacita,2015,2016,28.003091,-110.661588,26.0,0,0.0,0.0,707.2697432168109,7.367393158508446,4.549339336307045,11.923679243279768,26.83203125,20.225,33.775,32.8603125,24.52,41.32,20.80375,14.42,28.13,49.33562499999999,21.26,77.06,27.00572916666667,7.03,31.98,2.628125,1.21,6.02,98.69,1.0280208333333334,0.0,37.53,78.952,0.8224166666666667,0.0,30.024,17.293557218818133,6.143765085781366,20.269483115456435,0.13953657843630807,15,4,26,0,585.6744185082896,6.100775192794683,2.45203987648717,11.327495281115779,37.81202030702528,0.39387521153151334,0.0,4.852430923144338,547.8623982012643,5.70689998126317,0.0,11.327495281115779,378.1202030702528,5478.623982012643,5856.7441850828955,506.7224185082896,0.06456150228198859,0.9354384977180115,25.7,1195.0,1149.0,29526.56,6272.96,185218929.82,14.543084733471261,210.71630700048627,225.25939173395753
Sonora,Empalme,25,Guaymas,147,Calabacita,2016,2017,28.003091,-110.661588,26.0,0,0.0,0.0,750.7104489633972,7.819900510035388,5.046863204627168,10.475008211734,26.93078125,19.869999999999997,33.86,33.71927083333333,26.05,44.08,20.142291666666665,11.18,27.77,45.241458333333334,24.74,62.72,28.374062499999997,12.05,32.04,2.661770833333333,1.79,4.41,23.880000000000003,0.24875000000000003,0.0,9.07,19.104,0.19899999999999998,0.0,7.256,17.945732541127892,8.694393122781513,20.149288010455166,0.03180986761670122,4,2,31,0,616.4656449571897,6.421517134970727,2.523431602313584,9.9512578011473,15.660870998097527,0.16313407289684925,0.0,5.254142177636497,600.8047739590921,6.258383062073876,0.0,9.9512578011473,156.60870998097528,6008.047739590921,6164.656449571897,597.3616449571897,0.02540428834308373,0.9745957116569162,26.84,1022.0,1022.0,27433.82,8063.6,221215350.95,5.452000347466502,209.15744959411387,214.60944994158038
Sonora,Empalme,25,Guaymas,147,Calabacita,2017,2018,28.003091,-110.661588,26.0,1,1.0,0.0,786.0652767867241,8.188179966528375,5.114773658011667,11.972786456551962,27.528645833333332,19.445,33.97,34.66635416666667,22.92,40.83,20.390937500000003,12.75,28.56,42.03885416666666,18.45,62.62,28.736354166666672,19.12,31.84,2.7057291666666665,1.89,4.54,6.0600000000000005,0.063125,0.0,3.26,4.848000000000001,0.05050000000000001,0.0,2.608,18.001205870945427,12.658198730061034,20.061268813029635,0.007709283413169012,1,0,54,0,638.9268993397111,6.655488534788657,2.9594996116807346,10.141030141589281,4.848000000000001,0.05050000000000001,0.0,2.608,634.078899339711,6.6049885347886566,2.9594996116807346,10.141030141589281,48.480000000000004,6340.78899339711,6389.26899339711,634.0788993397111,0.007587722484387635,0.9924122775156122,25.44,918.0,538.0,13684.37,7759.62,106185511.14,1.8592521572387344,243.1750333038201,245.03428546105883
Sonora,Empalme,25,Guaymas,147,Calabacita,2018,2019,28.003091,-110.661588,26.0,4,4.0,1.0,807.8266290583222,8.414860719357522,3.0533531712420174,13.40947590512976,27.950885416666665,21.564999999999998,35.015,34.900625,25.86,43.48,21.001145833333336,14.33,27.71,40.72552083333334,14.0,77.8,28.44583333333333,7.83,31.77,2.8559374999999996,1.52,5.06,40.760000000000005,0.42458333333333337,0.0,38.71,32.608000000000004,0.33966666666666673,0.0,30.968000000000004,17.76035621436861,6.415826901402757,20.293603974695785,0.05045637087689676,1,1,46,0,662.4912885264748,6.90095092215078,2.6645794035017216,12.73900210987327,4.540685512679916,0.047298807423749124,0.0,2.9006855126799165,657.9506030137948,6.853652114727029,0.0,12.73900210987327,45.40685512679916,6579.506030137947,6624.912885264746,629.8832885264749,0.006853955050155288,0.9931460449498445,24.6,851.2,851.2,20937.92,7499.68,157027699.9,1.8224706051294064,264.0781067685309,265.9005773736603
Sonora,Empalme,25,Guaymas,147,Calabacita,2019,2020,28.003091,-110.661588,26.0,1,1.0,0.0,758.0761035321286,7.896626078459673,4.985105484062903,10.799641119852748,26.446874999999995,20.645,35.055,33.37489583333333,25.45,42.59,19.518854166666667,13.22,28.19,44.22572916666667,22.66,61.32,28.72927083333333,15.62,32.21,2.7258333333333327,1.67,4.67,5.57,0.058020833333333334,0.0,4.47,4.456,0.04641666666666667,0.0,3.576,18.048201796758086,11.278599564343047,20.43333814596469,0.007347547263457479,1,0,35,0,616.787732747624,6.424872216121083,2.895802595023771,9.83243981387356,4.456,0.04641666666666667,0.0,3.576,612.3317327476241,6.378455549454418,0.16282911304717773,9.83243981387356,44.56,6123.317327476241,6167.877327476242,612.331732747624,0.0072245276023077095,0.9927754723976925,32.12,870.0,870.0,27940.58,7343.5,205181649.23,1.5069327020629018,207.07870569753945,208.58563839960235
Sonora,Empalme,25,Guaymas,147,Calabacita,2020,2021,28.003091,-110.661588,26.0,0,0.0,0.0,787.7807626858419,8.206049611310853,3.713113691629362,11.521781418644204,28.066093750000004,17.635,34.7,34.938541666666666,23.26,41.95,21.193645833333335,11.74,29.07,42.6840625,23.68,62.94,28.644166666666663,15.52,32.03,2.6024999999999996,1.35,4.84,3.16,0.03291666666666667,0.0,1.43,2.5280000000000005,0.026333333333333337,0.0,1.144,18.052797647377805,10.436875472509305,20.350774261677344,0.004011268299096779,1,0,54,0,656.0783860834708,6.834149855036155,1.856556845814681,10.945692347711994,2.5280000000000005,0.026333333333333337,0.0,1.144,653.5503860834709,6.807816521702822,1.856556845814681,10.945692347711994,25.280000000000005,6535.5038608347095,6560.783860834709,653.5503860834708,0.003853198114163101,0.996146801885837,35.46,890.0,890.0,31560.35,7066.21,223012060.77,0.8836071303739953,228.434248893209,229.317856023583
Sonora,Empalme,25,Guaymas,147,Calabacita,2021,2022,28.003091,-110.661588,26.0,4,3.6666666666666665,1.0,792.51589414399,8.255373897333229,4.926475415708366,12.557701293071153,27.87453125,21.235,34.31,34.66520833333333,26.82,41.0,21.083854166666665,15.28,28.05,42.266354166666666,16.25,72.49,28.250520833333336,16.74,31.89,2.8110416666666667,1.56,5.61,35.82,0.373125,0.0,20.94,28.656000000000006,0.29850000000000004,0.0,16.752000000000002,17.72239421378753,12.095439596712298,20.41531595212013,0.04519783169609462,4,2,44,0,652.8777898659032,6.800810311103159,2.900253086050285,11.929816228417595,14.3183076563337,0.14914903808680938,0.0,3.9514510945524233,638.5594822095694,6.651661273016348,0.0,11.929816228417595,143.18307656333698,6385.594822095694,6528.777898659031,624.2217898659032,0.021931068690933087,0.9780689313090668,25.5,970.0,970.0,24735.0,7584.48,187602112.8,4.917001255609099,219.28553647306643,224.20253772867554
Sonora,Empalme,25,Guaymas,147,Calabacita,2022,2023,28.003091,-110.661588,26.0,4,3.3333333333333335,1.0,766.299279652568,7.982284163047583,5.0202648464110275,11.727615620357914,27.7634375,20.28,34.64,34.68875,26.84,42.48,20.838125,13.72,28.53,46.41739583333333,17.7,75.4,28.3084375,19.77,32.1,2.710625,1.76,4.37,32.72,0.3408333333333333,0.0,16.04,26.176000000000002,0.27266666666666667,0.0,12.832,17.970924321226295,14.058851293946038,20.12064546020473,0.042698722116553345,8,2,42,0,627.879029282861,6.540406555029802,2.7629111733356204,11.141234839340019,17.109198634808273,0.17822081911258617,0.0,4.016,610.7698306480527,6.362185735917215,0.0,11.141234839340019,171.09198634808274,6107.698306480526,6278.790292828609,601.7030292828609,0.027249195843265756,0.9727508041567342,28.5,850.0,850.0,24225.0,7091.02,171779959.5,6.754519792660195,241.12508118754548,247.87960098020568
Sonora,Empalme,25,Guaymas,147,Calabacita,2023,2024,28.003091,-110.661588,26.0,3,2.2,0.2,813.1865829089797,8.470693571968539,4.756251262369271,14.180379957508446,27.355625,19.47,36.235,34.49104166666667,26.07,45.35,20.220208333333336,10.56,29.6,37.470104166666665,18.71,61.13,28.374583333333334,15.84,31.51,2.7853125,1.85,5.07,6.59,0.06864583333333334,0.0,3.6,5.272,0.05491666666666667,0.0,2.8800000000000003,17.540395191012067,11.0013796265693,19.97523334682412,0.008103921213783258,2,0,35,0,663.5495977953685,6.911974977035089,3.107495332151851,13.471360959633023,5.272,0.05491666666666667,0.0,2.8800000000000003,658.2775977953686,6.857058310368423,2.5980635198597617,13.471360959633023,52.72,6582.775977953686,6635.495977953687,658.2775977953685,0.007945148361955345,0.9920548516380447,28.0,598.0,598.0,16744.0,7431.75,124437222.0,2.1088,263.31103911814745,265.4198391181474
Sonora,Empalme,25,Guaymas,147,Calabaza,2010,2011,28.003091,-110.661588,26.0,1,1.0,0.0,720.192922047268,7.20192922047268,2.9777742067768,10.204508310738492,23.175749999999994,14.93,29.849999999999998,30.4965,20.93,37.66,15.855000000000002,8.3,25.04,41.4524,22.08,69.85,27.1073,10.5,31.86,2.7809999999999997,1.62,4.24,0.77,0.0077,0.0,0.34,0.6160000000000001,0.006160000000000001,0.0,0.272,16.36363305858935,7.3781184209055946,19.843803662479218,0.0010691579664670228,0,0,12,0,632.5055487272012,6.325055487272013,1.4888871033884,10.204508310738492,0.6160000000000001,0.006160000000000001,0.0,0.272,631.8895487272011,6.318895487272012,1.4328871033883999,10.204508310738492,6.160000000000001,6318.895487272011,6325.055487272011,631.8895487272013,0.0009739044997148002,0.9990260955002851,22.29,35.0,35.0,780.15,3000.0,2340450.0,0.2763571108120234,283.48566564701713,283.76202275782913
Sonora,Empalme,25,Guaymas,147,Calabaza,2011,2012,28.003091,-110.661588,26.0,3,3.0,1.0,780.3468946221735,7.803468946221735,4.72015365850204,14.165390457472167,24.14575,17.775,33.435,31.887900000000005,23.14,42.29,16.403599999999997,10.0,25.16,36.115300000000005,11.81,59.77,27.7596,18.19,32.54,2.7910999999999997,1.56,5.11,2.19,0.0219,0.0,2.01,1.7519999999999998,0.017519999999999997,0.0,1.6079999999999999,16.481992562512666,11.831669267591153,19.82814570693827,0.0028064441789831802,1,0,19,0,676.6752936482623,6.766752936482622,2.36007682925102,12.83590200019704,1.7519999999999998,0.017519999999999997,0.0,1.6079999999999999,674.9232936482622,6.749232936482622,2.36007682925102,12.83590200019704,17.519999999999996,6749.232936482622,6766.752936482622,674.9232936482623,0.002589129552158135,0.9974108704478417,20.0,317.0,317.0,6340.0,4200.0,26628000.0,0.9470270270270268,364.8234019720336,365.77042899906064
Sonora,Empalme,25,Guaymas,147,Calabaza,2012,2013,28.003091,-110.661588,26.0,1,1.0,0.0,763.0463004039198,7.630463004039197,2.7049895004983955,10.290881073420707,24.187400000000004,14.97,30.494999999999997,31.8656,19.29,40.54,16.5092,9.36,22.19,35.81759999999999,17.78,70.37,27.48379999999999,9.96,31.96,2.6763000000000003,1.67,4.87,0.06,0.0006,0.0,0.03,0.048,0.00048,0.0,0.024,16.38562915033776,7.306107416995999,19.868589221880914,7.863218780857584e-05,0,0,24,0,665.8541327294605,6.658541327294605,1.3524947502491977,10.290881073420707,0.048,0.00048,0.0,0.024,665.8061327294604,6.658061327294604,1.3364947502491977,10.290881073420707,0.48,6658.061327294604,6658.541327294603,665.8061327294605,7.208786074997993e-05,0.9999279121392498,20.0,359.0,359.0,7179.09,3869.12,27776750.2,0.025945945945945945,359.8952068807894,359.9211528267353
Sonora,Empalme,25,Guaymas,147,Calabaza,2013,2014,28.003091,-110.661588,26.0,1,1.0,0.0,759.0564325124969,7.590564325124969,3.9374192436560738,11.574533936407628,24.651650000000004,15.559999999999999,31.520000000000003,32.1786,21.08,40.15,17.124700000000004,9.55,23.02,39.687000000000005,16.19,65.85,27.612899999999996,16.8,31.99,2.7089000000000003,1.59,5.16,0.22999999999999998,0.0023,0.0,0.18,0.184,0.00184,0.0,0.144,16.65896799524907,10.22671672891626,20.28495022022384,0.000303007774057976,0,0,19,0,657.9409617275908,6.579409617275908,1.9687096218280369,11.01480299520107,0.184,0.00184,0.0,0.144,657.7569617275908,6.577569617275908,1.824709621828037,11.01480299520107,1.8399999999999999,6577.569617275908,6579.409617275908,657.7569617275908,0.0002796603505531277,0.999720339649447,18.0,679.0,606.0,10908.0,5451.32,59462998.56,0.10222222222222221,365.420534293106,365.52275651532824
Sonora,Empalme,25,Guaymas,147,Calabaza,2014,2015,28.003091,-110.661588,26.0,1,1.0,0.0,761.1611830439405,7.611611830439404,4.133415998125588,11.999711441283607,25.284650000000003,18.695,35.83,32.513,22.37,44.0,18.0563,11.73,28.18,38.955999999999996,12.22,68.52,26.367600000000003,8.87,31.68,2.7039999999999997,1.51,5.82,0.29000000000000004,0.0029000000000000002,0.0,0.28,0.23200000000000004,0.0023200000000000004,0.0,0.22400000000000003,15.976274961575168,7.181360005138695,20.53300145685372,0.0003809968328130822,0,0,27,0,664.9200566413678,6.649200566413677,2.132308474761714,10.968954640521476,0.23200000000000004,0.0023200000000000004,0.0,0.22400000000000003,664.6880566413677,6.646880566413676,2.132308474761714,10.968954640521476,2.3200000000000003,6646.880566413676,6649.200566413676,664.6880566413678,0.0003489141253639938,0.9996510858746359,17.1,382.0,382.0,6532.2,6668.27,43558473.29,0.13567251461988306,388.70646587214475,388.84213838676465
Sonora,Empalme,25,Guaymas,147,Calabaza,2015,2016,28.003091,-110.661588,26.0,0,0.0,0.0,674.4614778793318,6.744614778793318,1.7825666910354283,11.923679243279768,24.493349999999996,17.560000000000002,33.775,31.013,20.46,41.32,17.9737,11.77,27.22,47.851499999999994,21.26,87.29,25.307399999999998,7.03,31.62,2.5428,1.5,6.02,95.29,0.9529000000000001,0.0,37.53,76.232,0.76232,0.0,30.024,15.745801603801816,5.959268449439018,19.63067319006828,0.14128308750799906,8,5,11,0,592.832521327093,5.92832521327093,0.8912833455177142,9.538943394623814,24.046701425686752,0.24046701425686753,0.0,5.807090010326958,568.7858199014062,5.6878581990140615,0.0,9.538943394623814,240.46701425686751,5687.858199014062,5928.325213270929,516.600521327093,0.04056238576766452,0.9594376142323353,18.0,374.0,374.0,6732.0,6775.4,45611992.8,13.547437422922114,320.44271543741195,333.99015286033404
Sonora,Empalme,25,Guaymas,147,Calabaza,2016,2017,28.003091,-110.661588,26.0,0,0.0,0.0,713.1193129111999,7.131193129111999,3.291968645368569,10.475008211734,24.3402,14.155,33.86,31.5688,16.74,44.08,17.1116,9.5,25.68,44.1351,20.2,63.86,27.2212,12.05,32.04,2.5747999999999998,1.59,3.74,12.09,0.1209,0.0,10.94,9.672,0.09672,0.0,8.752,16.671076087561588,8.694393122781513,20.149288010455166,0.016953684721627345,1,1,13,0,619.8797980760922,6.198797980760922,1.6459843226842845,8.943606296996535,2.5659843226842844,0.025659843226842845,0.0,1.6459843226842845,617.3138137534079,6.173138137534079,0.0,8.943606296996535,25.659843226842845,6173.138137534079,6198.797980760922,610.2077980760922,0.0041394869306086044,0.9958605130693913,17.0,163.0,163.0,2771.0,8000.0,22168000.0,1.5094025427554616,363.1257727961223,364.6351753388778
Sonora,Empalme,25,Guaymas,147,Calabaza,2017,2018,28.003091,-110.661588,26.0,1,1.0,0.0,749.55916114047,7.4955916114047,3.4183931412506023,11.972786456551962,25.256349999999998,19.445,31.075000000000003,32.749500000000005,22.92,39.56,17.763199999999998,11.81,23.86,40.8129,18.45,62.62,27.371399999999994,13.28,31.84,2.5869,1.31,5.09,0.8200000000000001,0.0082,0.0,0.46,0.6560000000000001,0.006560000000000002,0.0,0.36800000000000005,16.601640992678227,8.63196745340343,19.88590064868921,0.001093976356385736,0,0,34,0,654.1422486206121,6.541422486206121,1.7091965706253012,11.972786456551962,0.6560000000000001,0.006560000000000002,0.0,0.36800000000000005,653.4862486206122,6.534862486206122,1.7091965706253012,11.972786456551962,6.560000000000001,6534.8624862061215,6541.422486206122,653.4862486206122,0.0010028399807279005,0.9989971600192722,17.15,192.0,156.0,2676.0,5893.41,15770760.0,0.3914081145584727,389.9082629001266,390.2996710146851
Sonora,Empalme,25,Guaymas,147,Calabaza,2018,2019,28.003091,-110.661588,26.0,4,4.0,1.0,785.489334804907,7.85489334804907,3.8718544134139043,13.40947590512976,25.395599999999998,18.325,33.165,32.8117,23.64,41.92,17.9795,10.49,25.25,35.76669999999999,14.0,58.85,26.773299999999995,8.6,31.77,2.7573999999999996,1.52,5.06,0.02,0.0002,0.0,0.02,0.016,0.00016,0.0,0.016,16.061491976996656,6.696164031049393,19.655478820157576,2.5461835207434645e-05,0,0,27,0,685.9812818550295,6.859812818550295,1.9359272067069522,13.163311506768274,0.016,0.00016,0.0,0.016,685.9652818550294,6.859652818550294,1.9199272067069522,13.163311506768274,0.16,6859.652818550294,6859.812818550294,685.9652818550295,2.332425158414356e-05,0.9999766757484158,17.01,406.2,406.2,6907.5,7778.03,53726725.98,0.009501187648456056,407.34280395191763,407.3523051395661
Sonora,Empalme,25,Guaymas,147,Calabaza,2019,2020,28.003091,-110.661588,26.0,1,1.0,0.0,691.8030196349986,6.918030196349986,2.786415983379047,9.836846686761426,23.463300000000004,17.01,29.6,30.540500000000005,20.27,38.42,16.386100000000003,10.17,23.13,44.423599999999986,22.66,69.88,26.3541,5.59,31.53,2.6197,1.46,4.67,18.289999999999996,0.18289999999999995,0.0,17.49,14.632,0.14632,0.0,13.991999999999999,16.194014496345556,5.032018813816755,19.981454949213393,0.026438161558835,1,1,8,0,612.2942547754357,6.122942547754357,1.3932079916895235,9.836846686761426,2.3398289968320922,0.023398289968320923,0.0,1.6998289968320923,609.9544257786036,6.099544257786037,0.0,9.836846686761426,23.398289968320924,6099.544257786037,6122.942547754357,597.6622547754357,0.0038214126273163306,0.9961785873726838,17.63,528.0,528.0,9307.5,7565.89,70419523.47,1.4069927822201398,366.7795705223113,368.18656330453143
Sonora,Empalme,25,Guaymas,147,Calabaza,2022,2023,28.003091,-110.661588,26.0,3,2.5,0.6666666666666666,751.5309085594358,7.5153090855943585,4.430170556255878,11.727615620357914,24.559149999999995,16.095,30.85,32.2188,23.84,40.55,16.8995,7.9,24.18,40.5114,17.7,66.31,27.671599999999998,13.24,32.1,2.6814,1.39,4.37,0.06,0.0006,0.0,0.06,0.048,0.00048,0.0,0.048,16.715630206824287,8.068246132286623,20.12064546020473,7.983703573151818e-05,0,0,21,0,657.5035928664067,6.575035928664067,2.215085278127939,11.727615620357914,0.048,0.00048,0.0,0.048,657.4555928664067,6.574555928664068,2.215085278127939,11.727615620357914,0.48,6574.555928664067,6575.035928664067,657.4555928664067,7.300340335897261e-05,0.999926996596641,17.68,520.0,520.0,9195.0,7500.0,68962500.0,0.025276461295418638,346.21147596967177,346.23675243096716
Sonora,Empalme,25,Guaymas,147,Calabaza,2023,2024,28.003091,-110.661588,26.0,2,2.0,0.0,726.9452963352334,7.269452963352333,3.3816948696814872,9.98597253821024,23.902850000000004,15.015,28.765,31.1314,20.15,37.98,16.674299999999995,7.64,22.56,39.361799999999995,19.33,68.28,26.566300000000002,10.64,31.51,2.6621000000000006,1.56,5.0,10.55,0.10550000000000001,0.0,3.6,8.440000000000001,0.08440000000000002,0.0,2.8800000000000003,16.037517635299345,7.5881317599486104,19.97523334682412,0.01451278390985672,3,0,10,0,637.8278195666089,6.3782781956660894,1.6908474348407436,9.98597253821024,7.693738034073068,0.07693738034073068,0.0,2.8800000000000003,630.1340815325359,6.301340815325359,0.0,9.98597253821024,76.93738034073067,6301.340815325359,6378.278195666089,629.3878195666089,0.012062405868876662,0.9879375941311234,18.77,710.0,710.0,13326.4,7453.19,99324141.7,3.981235722676878,326.07196974516734,330.05320546784424
Sonora,Empalme,25,Guaymas,147,Cebolla,2014,2015,28.003091,-110.661588,26.0,1,1.0,0.0,1099.9595685762072,5.188488531019845,2.03371123593299,10.968954640521476,22.23785377358491,14.190000000000001,28.67,28.98698113207547,17.58,39.13,15.488726415094341,8.0,22.88,45.911650943396225,12.22,80.63,18.568349056603772,5.54,30.22,2.3870754716981133,1.1,5.82,48.970000000000006,0.23099056603773588,0.0,26.79,39.176,0.1847924528301887,0.0,21.432000000000002,10.467397775462775,4.270099759624174,18.008984712576435,0.04451981818148735,5,3,5,0,1016.6464757176487,4.795502243951173,1.6210966134547051,8.39491540712199,13.00995671252113,0.06136772034208081,0.0,2.9194697730464316,1003.6365190051275,4.734134523609092,0.0,8.39491540712199,130.0995671252113,10036.365190051276,10166.464757176487,977.4704757176487,0.012796932880072621,0.9872030671199273,45.0,15.0,15.0,675.0,4000.0,2700000.0,2.891101491671362,223.03033755669503,225.92143904836638
Sonora,Empalme,25,Guaymas,147,Cebolla,2018,2019,28.003091,-110.661588,26.0,4,2.5454545454545454,0.36363636363636365,1144.5071025948232,5.398618408466147,2.6047074155909193,11.315835776613085,23.38667452830189,14.2,33.114999999999995,30.350424528301886,19.74,39.89,16.422924528301888,5.74,26.36,43.06514150943396,14.0,73.79,18.747783018867924,3.7,29.68,2.3447169811320756,0.89,6.58,15.700000000000001,0.07405660377358492,0.0,12.31,12.56,0.059245283018867924,0.0,9.848,10.542771092499905,3.574090786105792,18.703093615555773,0.013717695560302777,2,1,33,0,1055.9661877312992,4.980972583638204,2.7349427863704654,8.717218712828728,5.779049909581489,0.027259669384818344,0.0,3.0670499095814887,1050.187137821718,4.953712914253386,0.0,8.717218712828728,57.79049909581489,10501.87137821718,10559.661877312994,1043.4061877312993,0.005472760375024455,0.9945272396249757,38.5,24.0,24.0,924.0,5550.88,5129013.12,1.5010519245666205,272.775879953693,274.27693187825963
Sonora,Empalme,25,Guaymas,147,Cebolla,2019,2020,28.003091,-110.661588,26.0,1,1.0,0.0,999.9847815205441,4.716909346795019,1.3164616123276673,9.836846686761426,21.140212264150946,11.95,30.02,27.58183962264151,16.3,38.42,14.698584905660375,4.55,26.53,51.93292452830188,22.66,84.44,18.02367924528302,3.87,30.02,2.380188679245283,1.11,6.81,107.38999999999999,0.5065566037735848,0.0,30.36,85.912,0.405245283018868,0.0,24.288,10.416265191616404,3.5911374942896925,18.736268258618317,0.10739163433738089,12,6,9,1,916.5418272885006,4.323310506077833,1.3822846929440509,7.3776350150710694,25.74668234940269,0.12144661485567307,0.0,3.569640893347394,890.795144939098,4.20186389122216,0.0,7.3776350150710694,257.4668234940269,8907.951449390981,9165.418272885008,830.6298272885006,0.028091115520141326,0.9719088844798588,28.4,30.0,30.0,852.0,5795.42,4937697.84,9.065733221620667,313.66026230249935,322.72599552412004
Sonora,Empalme,25,Guaymas,147,Cebolla,2020,2021,28.003091,-110.661588,26.0,1,1.0,0.0,942.7844440723061,4.426218047287822,0.9593777628656506,9.409727950456997,21.266267605633804,10.675,31.810000000000002,27.575727699530514,17.61,39.03,14.956807511737088,3.73,24.78,56.080751173708926,23.24,93.31,17.474507042253524,2.07,29.78,2.317183098591549,1.24,5.27,170.61,0.8009859154929578,0.0,36.96,136.488,0.6407887323943662,0.0,29.568,10.280237414822778,2.6696849297050402,18.234076543050804,0.1809639531843137,16,7,14,1,865.2915734989645,4.062401753516265,1.007346651008933,8.168654581894529,34.299287249923985,0.16102951760527692,0.0,2.584,830.9922862490405,3.9013722359109884,0.0,8.168654581894529,342.99287249923987,8309.922862490404,8652.915734989645,728.8035734989644,0.039638993722345583,0.9603610062776544,28.0,33.0,33.0,924.0,4771.43,4408801.32,12.249745446401423,296.7829593746573,309.03270482105876
Sonora,Empalme,25,Guaymas,147,Cebolla,2021,2022,28.003091,-110.661588,26.0,3,2.857142857142857,0.8571428571428571,1155.795461663376,5.451865385204604,1.9245036289774669,11.436189963532083,21.97134433962264,13.58,33.21,29.15179245283019,17.7,41.72,14.790896226415095,6.74,25.92,41.58433962264151,16.25,83.23,19.26325471698113,6.27,30.05,2.4994811320754717,1.32,5.13,35.94,0.16952830188679244,0.0,11.51,28.752,0.13562264150943396,0.0,9.208,10.603929104110273,4.70933367367852,18.294131560207074,0.031095467314153098,6,3,33,0,1065.8902373581082,5.027784138481643,2.0207288104263403,8.577142472649061,12.886049926454909,0.06078325437007032,0.0,2.6673598680316104,1053.0041874316532,4.967000884111572,0.0,8.577142472649061,128.8604992645491,10530.041874316532,10658.90237358108,1037.1382373581082,0.012089471762490278,0.9879105282375097,26.8,20.0,20.0,536.0,5108.4,2738102.4,4.808227584498101,392.91201023569147,397.7202378201896
Sonora,Empalme,25,Guaymas,147,Cebolla,2022,2023,28.003091,-110.661588,26.0,3,2.0,0.4,1103.419276205546,5.204807906629934,2.024918649225768,10.677149564301212,21.9638679245283,12.14,30.575000000000003,28.954103773584905,19.6,40.55,14.973632075471697,4.68,25.01,46.371179245283024,17.7,82.7,19.44811320754717,7.49,30.68,2.3800943396226417,1.32,4.77,44.16,0.20830188679245282,0.0,29.64,35.328,0.16664150943396228,0.0,23.712000000000003,10.91544282110606,5.059199338549035,18.686542480306223,0.040021051790809774,4,3,15,1,1015.4358417385649,4.789791706313985,2.1261645816870565,8.00786217322591,9.438613287011883,0.0445217607877919,0.0,3.1256207442480273,1005.997228451553,4.745269945526194,0.0,8.00786217322591,94.38613287011883,10059.97228451553,10154.358417385649,980.107841738565,0.00929513505338918,0.9907048649466108,27.0,18.0,18.0,486.0,5727.99,2783803.14,3.49578269889329,372.5915660931678,376.08734879206105
Sonora,Empalme,25,Guaymas,147,Cebolla,2023,2024,28.003091,-110.661588,26.0,2,1.8,0.0,1055.481426034665,4.978685971861627,2.1133322544487587,9.98597253821024,20.808797169811317,12.865,28.625,27.528396226415087,16.99,37.98,14.089198113207546,5.55,24.2,47.38287735849056,19.33,78.75,18.657688679245286,3.4,29.82,2.4366981132075467,1.3,5.02,17.56,0.08283018867924527,0.0,4.01,14.048000000000002,0.06626415094339623,0.0,3.208,10.511089000559597,3.788839199300112,18.03028052654145,0.016636957853413972,5,0,4,0,972.7741087682818,4.5885571168315185,2.2189988671711967,8.83596621680638,13.186588277950474,0.06220088810353997,0.0,2.44,959.5875204903314,4.526356228727979,0.0,8.83596621680638,131.86588277950474,9595.875204903314,9727.741087682818,958.7261087682818,0.013555653012442135,0.9864443469875579,32.0,20.0,20.0,640.0,6108.28,3909299.2,4.120808836859523,299.87110015322855,303.99190899008806
Sonora,Empalme,25,Guaymas,147,Chile verde,2010,2011,28.003091,-110.661588,26.0,1,1.0,0.0,1341.2081955338313,7.4099900305736535,2.9777742067768,10.649724512246678,26.864861878453038,14.93,36.14,33.35585635359116,20.93,43.22,20.373867403314918,8.3,29.06,47.8060773480663,22.08,79.61,26.701546961325963,10.5,31.9,2.692817679558011,1.28,5.59,140.32999999999998,0.7753038674033148,0.0,27.46,112.26400000000001,0.620243093922652,0.0,21.968000000000004,16.88550117925325,7.3781184209055946,20.215894463924307,0.10462954257757534,15,8,69,0,1324.618124665696,7.318332180473459,1.78666452406608,11.182210737859013,65.01727542022985,0.35921146641010965,0.0,7.012436167914793,1259.6008492454662,6.959120714063349,0.0,11.182210737859013,650.1727542022985,12596.00849245466,13246.181246656959,1212.354124665696,0.04908378815716322,0.9509162118428367,78.03,195.0,195.0,15215.0,8032.21,122210000.0,13.977700832039094,270.79454998290146,284.77225081494055
Sonora,Empalme,25,Guaymas,147,Chile verde,2011,2012,28.003091,-110.661588,26.0,3,2.8,0.8,1379.5320902649844,7.621724255607648,3.1988951295925205,14.165390457472167,27.418176795580113,17.775,35.765,34.1392817679558,23.14,43.73,20.69707182320442,10.0,29.02,45.48082872928177,11.81,78.23,26.823425414364642,11.39,32.54,2.586243093922652,1.07,5.11,154.26999999999998,0.8523204419889502,0.0,25.16,123.416,0.6818563535911603,0.0,20.128,16.84443108521597,8.56378692373596,20.01959098187152,0.11182777195880045,23,10,83,0,1359.8189904859446,7.5128121021322904,2.832092195101224,14.873659980345776,88.40895370904045,0.4884472580609969,0.0,7.4887759691970315,1271.4100367769042,7.024364844071294,0.0,14.873659980345776,884.0895370904045,12714.100367769042,13598.189904859446,1236.4029904859447,0.06501523682754765,0.9349847631724524,25.44,202.0,172.0,4376.0,7507.31,32852000.0,47.22700518645323,679.1720281927908,726.399033379244
Sonora,Empalme,25,Guaymas,147,Chile verde,2012,2013,28.003091,-110.661588,26.0,1,1.0,0.0,1328.2516973913548,7.338407167908038,2.7049895004983955,10.756779302500071,27.276215469613255,14.97,34.260000000000005,33.68911602209945,19.29,42.75,20.863314917127074,9.36,28.42,46.66624309392265,17.78,82.56,26.23110497237569,8.7,31.96,2.4859116022099443,0.73,5.05,181.26,1.0014364640883977,0.0,31.53,145.00800000000004,0.8011491712707185,0.0,25.224000000000004,16.549798900216985,6.942619222628836,20.572881404155144,0.13646509946570293,30,9,77,0,1309.4524834655585,7.234544107544522,1.6229937002990373,11.294618267625076,104.49354303592227,0.577312392463659,0.0,7.039254521248241,1204.9589404296362,6.657231715080863,0.0,11.294618267625076,1044.9354303592227,12049.589404296363,13094.524834655585,1164.4444834655585,0.07979941567591115,0.9202005843240888,52.42,170.0,170.0,8912.0,5860.34,52227354.4,17.071318908008866,196.85654965359194,213.9278685616008
Sonora,Empalme,25,Guaymas,147,Chile verde,2013,2014,28.003091,-110.661588,26.0,1,1.0,0.0,1355.5091539245152,7.489000850411686,3.242163840285387,12.100008451090064,27.646408839779006,15.559999999999999,35.71,34.094917127071824,21.08,42.83,21.19790055248619,9.55,29.21,47.58756906077349,16.19,85.34,26.535138121546964,12.05,31.99,2.595524861878453,1.31,5.16,160.40000000000003,0.8861878453038676,0.0,20.45,128.32000000000002,0.708950276243094,0.0,16.36,16.8046316654054,8.921283683920594,20.316598664792068,0.11833191943824549,24,11,78,0,1333.1685926761106,7.365572335227131,2.362451546193644,12.705008873644568,91.04979095763159,0.5030375191029369,0.0,7.432418581390967,1242.1188017184793,6.862534816124195,0.0,12.705008873644568,910.4979095763158,12421.188017184793,13331.685926761109,1204.8485926761107,0.06829578153717566,0.9317042184628245,55.47,175.0,175.0,9707.75,8197.44,79578700.0,16.414240302439442,223.92623070461138,240.34047100705084
Sonora,Empalme,25,Guaymas,147,Chile verde,2014,2015,28.003091,-110.661588,26.0,1,1.0,0.0,1318.7607299777833,7.285970883855156,4.133415998125588,11.999711441283607,27.819254143646408,18.695,35.83,33.84845303867404,22.37,44.0,21.790055248618785,11.73,28.54,49.83292817679558,12.22,83.51,25.76408839779006,8.87,31.68,2.5197237569060777,0.96,5.82,232.3,1.2834254143646409,0.0,24.13,185.84000000000003,1.026740331491713,0.0,19.304000000000002,16.472989977933185,7.181360005138695,20.53300145685372,0.17615022552568235,34,14,71,0,1302.530887008365,7.196303243140138,2.4800495988753526,12.599697013347788,127.98831011732317,0.7071177354548241,0.0,8.021603951170606,1174.5425768910418,6.489185507685313,0.0,12.599697013347788,1279.8831011732316,11745.425768910418,13025.308870083649,1116.6908870083648,0.0982612476939299,0.9017387523060701,37.25,80.0,80.0,2980.0,9815.44,29250000.0,34.32242159220251,314.9752150418455,349.297636634048
Sonora,Empalme,25,Guaymas,147,Chile verde,2015,2016,28.003091,-110.661588,26.0,0,0.0,0.0,1220.128702460211,6.741042555028789,1.7825666910354283,11.923679243279768,27.31273480662983,17.560000000000002,34.49,32.86906077348066,20.46,41.32,21.756408839779006,11.77,28.77,54.962872928176786,21.26,87.29,25.14375690607735,7.03,31.98,2.3912707182320445,0.98,6.02,261.46000000000004,1.4445303867403316,0.0,37.53,156.87599999999998,0.8667182320441987,0.0,22.518,16.330369354661194,5.959268449439018,20.269483115456435,0.21428886925846777,39,15,53,0,1207.2963410136651,6.670145530462238,1.069540014621257,12.519863205443757,108.45841769344587,0.5992177773118557,0.0,6.3856555777245285,1098.8379233202195,6.070927753150384,0.0,12.519863205443757,1084.5841769344586,10988.379233202195,12072.963410136654,1050.4203410136652,0.08983578762641031,0.9101642123735899,34.81,168.0,163.0,5674.0,10191.22,57825006.78,31.569907638901427,319.848034731544,351.4179423704454
Sonora,Empalme,25,Guaymas,147,Chile verde,2016,2017,28.003091,-110.661588,26.0,1,1.0,0.0,1314.3715159275089,7.261721082472425,3.291968645368569,10.475008211734,27.510082872928177,14.155,35.53,33.87955801104973,16.74,44.08,21.140607734806633,9.5,28.94,50.33917127071823,20.2,80.9,26.555359116022103,12.05,32.04,2.545635359116022,1.42,4.41,158.57999999999998,0.8761325966850828,0.0,27.97,126.864,0.7009060773480663,0.0,22.376,16.988076535459708,8.694393122781513,20.149288010455166,0.12065081910124573,27,10,71,0,1297.4269414165683,7.168104648710322,1.9751811872211413,10.9987586223207,93.01177333352513,0.5138772007377079,0.0,6.897387466899946,1204.4151680830432,6.654227447972614,0.0,10.9987586223207,930.1177333352513,12044.151680830433,12974.269414165685,1170.5629414165683,0.07168941106770312,0.9283105889322969,37.07,220.0,220.0,8155.0,11265.29,91868461.0,25.2783729673937,327.3312048058278,352.6095777732215
Sonora,Empalme,25,Guaymas,147,Chile verde,2017,2018,28.003091,-110.661588,26.0,1,1.0,0.0,1330.1720879835361,7.34901706068252,3.3896692478640915,11.972786456551962,27.996353591160215,19.445,34.235,34.46453038674033,22.92,40.83,21.52817679558011,11.81,28.56,48.94397790055249,18.45,80.69,26.339116022099443,11.4,31.84,2.4445303867403316,1.22,5.09,206.29000000000002,1.1397237569060774,0.0,25.49,165.03199999999998,0.9117790055248618,0.0,20.392,16.77278580337345,8.554602732432565,20.061268813029635,0.15508519676782853,28,12,99,0,1307.8233811227556,7.225543542114671,2.051035884750361,12.57142577937956,105.5762054415324,0.5832939527156485,0.0,7.396589281111952,1202.2471756812233,6.642249589399024,0.0,12.57142577937956,1055.762054415324,12022.471756812232,13078.233811227556,1142.7913811227556,0.08072665389335378,0.9192733461066463,38.41,160.0,160.0,6145.2,13494.97,82929308.61,22.619433410076574,257.57839864621815,280.1978320562947
Sonora,Empalme,25,Guaymas,147,Chile verde,2018,2019,28.003091,-110.661588,26.0,4,4.0,1.0,1354.9739933316741,7.486044162053449,3.0533531712420174,13.40947590512976,28.011491712707183,18.325,36.34,34.24480662983425,23.64,43.72,21.77817679558011,10.49,29.72,46.93955801104972,14.0,79.86,25.841602209944757,7.83,31.77,2.5752486187845305,1.01,5.06,193.93000000000004,1.071436464088398,0.0,38.71,155.144,0.8571491712707182,0.0,30.968000000000004,16.397096752007567,6.415826901402757,20.293603974695785,0.1431245182227858,28,14,76,0,1334.63216919872,7.373658393363094,2.3231126480483426,14.07994970038625,100.49469085947872,0.555219286516457,0.0,7.0741603404941795,1234.1374783392416,6.818439106846639,0.0,14.07994970038625,1004.9469085947873,12341.374783392417,13346.321691987205,1179.48816919872,0.07529766866013221,0.924702331339868,51.6,483.4,483.4,24944.88,7913.23,197394618.6,18.296712036318386,224.6950347454241,242.99174678174248
Sonora,Empalme,25,Guaymas,147,Chile verde,2019,2020,28.003091,-110.661588,26.0,2,1.2857142857142858,0.0,1313.3790153533469,7.256237653885894,2.786415983379047,10.799641119852748,27.20232044198895,17.01,35.265,33.48022099447514,20.27,42.59,20.92441988950276,10.17,29.67,49.38453038674033,22.66,84.79,26.080994475138127,5.59,32.21,2.6109392265193367,1.3,5.15,136.72,0.7553591160220995,0.0,17.49,109.37600000000003,0.6042872928176798,0.0,13.991999999999999,16.67846384750212,5.032018813816755,20.43333814596469,0.1040979019778364,19,11,72,0,1303.5852711985685,7.2021285701578375,1.6718495900274282,11.339623175845386,79.82154141337065,0.441002991234092,0.0,6.9374876568591235,1223.763729785198,6.761125578923745,0.0,11.339623175845386,798.2154141337065,12237.63729785198,13035.852711985686,1194.2092711985686,0.06123231304997757,0.9387676869500224,49.29,430.0,430.0,21193.0,8106.98,171811166.14,13.770644598183498,211.12114720696937,224.89179180515288
Sonora,Empalme,25,Guaymas,147,Chile verde,2020,2021,28.003091,-110.661588,26.0,1,1.0,0.0,1339.2316445772763,7.399069859542963,1.965438627984318,11.521781418644204,28.071104972375696,14.17,35.965,34.29635359116022,17.61,42.89,21.845856353591163,8.71,29.21,49.8767955801105,23.68,81.08,26.00193370165746,4.88,32.03,2.589558011049724,1.35,4.99,154.54,0.8538121546961326,0.0,29.1,123.63199999999999,0.683049723756906,0.0,23.28,16.760816699113544,4.483520978908895,20.350774261677344,0.11539452538009584,23,6,102,0,1340.8337242546863,7.40792112847893,1.1792631767905908,12.097870489576415,73.14874950185282,0.40413673757929736,0.0,7.792735527013217,1267.6849747528333,7.003784390899631,0.0,12.097870489576415,731.4874950185282,12676.849747528333,13408.33724254686,1217.2017242546863,0.054554676078507176,0.9454453239214927,49.42,435.0,435.0,21497.0,7928.37,170436063.76,12.48485227886206,216.36541641113385,228.85026868999591
Sonora,Empalme,25,Guaymas,147,Chile verde,2021,2022,28.003091,-110.661588,26.0,4,3.5454545454545454,1.0,1342.900059628892,7.419337346015978,4.278886215522355,12.557701293071153,27.656436464088397,15.485000000000001,34.31,33.90613259668508,21.67,41.0,21.406740331491708,9.3,28.73,47.79204419889503,16.25,78.39,26.08734806629834,12.64,31.89,2.618508287292818,1.29,5.61,154.03,0.8509944751381215,0.0,20.94,123.22400000000002,0.6807955801104973,0.0,16.752000000000002,16.575010328259243,8.231936130581337,20.41531595212013,0.11469952577302432,26,11,80,0,1324.630417792313,7.318400098300072,2.771093095697128,13.185586357724711,99.07118914032726,0.5473546361344047,0.0,6.762487322542981,1225.5592286519857,6.771045462165667,0.0,13.185586357724711,990.7118914032726,12255.592286519857,13246.30417792313,1201.406417792313,0.07479157039549465,0.9252084296045053,47.58,370.0,370.0,17605.0,8426.65,148351239.2,17.100403752537716,211.54038640752321,228.64079016006093
Sonora,Empalme,25,Guaymas,147,Chile verde,2022,2023,28.003091,-110.661588,26.0,4,2.9,0.7,1287.428975425551,7.11286726754448,2.986396843749642,11.727615620357914,27.46220994475138,16.095,34.64,33.69011049723757,23.84,42.48,21.234309392265192,7.9,28.53,50.7224861878453,17.7,83.35,25.78082872928177,7.64,32.1,2.5004419889502763,1.06,4.37,239.31000000000003,1.322154696132597,0.0,22.84,191.448,1.0577237569060773,0.0,18.272000000000002,16.44407325028385,6.177077651450488,20.12064546020473,0.18588209879375886,39,17,65,0,1263.9420013706472,6.983104979948327,2.658102333753527,12.31399640137581,129.862080485833,0.717470057932779,0.0,6.640954193417452,1134.079920884814,6.265634922015548,0.0,12.31399640137581,1298.6208048583298,11340.79920884814,12639.42001370647,1072.494001370647,0.10274370212004003,0.8972562978799599,34.86,151.0,151.0,5264.0,8804.85,46348737.18,26.37864726504834,230.36358336071785,256.7422306257662
Sonora,Empalme,25,Guaymas,147,Chile verde,2023,2024,28.003091,-110.661588,26.0,3,2.4,0.4,1425.350090489601,7.874862378395585,3.3816948696814872,14.180379957508446,28.12093922651934,15.015,36.56,34.70138121546962,20.15,45.35,21.54049723756906,7.64,30.37,43.896187845303864,18.71,77.64,26.44154696132597,10.64,31.51,2.761767955801105,1.36,5.28,130.4,0.7204419889502762,0.0,23.96,104.32,0.576353591160221,0.0,19.168000000000003,16.703545746958188,7.5881317599486104,19.97523334682412,0.09148629580204273,27,5,86,0,1414.4889870447878,7.814856282015402,2.0290169218088923,14.88939895538387,69.4759732648326,0.38384515615929615,0.0,7.504000000000001,1345.0130137799551,7.431011125856106,0.0,14.88939895538387,694.759732648326,13450.130137799551,14144.889870447878,1310.1689870447879,0.0491173659895259,0.950882634010474,38.89,102.0,102.0,3966.6,9535.58,37823826.25,13.252450789667641,256.5594685321803,269.81191932184794
Sonora,Empalme,25,Guaymas,147,Col de bruselas,2010,2011,28.003091,-110.661588,26.0,0,0.0,0.0,606.6506015302696,4.460666187722571,1.607024554806152,7.00530467602428,23.394485294117647,14.315,31.625,29.45279411764706,17.97,39.95,17.33617647058824,7.68,26.88,56.54955882352941,29.34,88.49,16.99970588235294,2.51,24.57,2.2097794117647056,1.18,5.43,180.54000000000002,1.3275000000000001,0.0,57.67,144.432,1.0619999999999998,0.0,46.136,9.91671156021127,2.901135886805371,16.508052152106643,0.2976012873713301,15,8,21,0,563.3045835167607,4.141945467035005,1.1249171883643063,6.518816448525271,39.25125330396125,0.28861215664677387,0.0,4.062835586232839,524.0533302127994,3.8533333103882312,0.0,6.518816448525271,392.5125330396125,5240.533302127995,5633.045835167607,418.87258351676064,0.06968033716131365,0.9303196628386864,11.82,33.0,33.0,390.0,15000.0,5850000.0,33.207490104874154,443.36153148290987,476.56902158778405
Sonora,Empalme,25,Guaymas,147,Col de bruselas,2011,2012,28.003091,-110.661588,26.0,2,1.5,0.0,644.635656653652,4.739968063629794,1.8145672298528788,7.4925846208237585,23.66279411764706,13.71,34.275,29.870367647058828,18.2,41.3,17.455220588235292,6.32,28.47,53.166029411764704,20.31,86.24,17.501691176470587,2.6,25.35,2.205808823529412,0.94,4.69,87.99000000000001,0.6469852941176472,0.0,22.03,70.39200000000001,0.5175882352941177,0.0,17.624000000000002,10.046561454948327,2.9101965134686814,17.5702462911914,0.1364957074462219,14,7,27,0,602.1620648543407,4.4276622415760345,1.270197060897015,7.867213851864947,45.07024130435476,0.3313988331202556,0.0,4.243275907275337,557.091823549986,4.096263408455779,0.0,7.867213851864947,450.7024130435476,5570.918235499859,6021.620648543407,531.7700648543406,0.07484736076035772,0.9251526392396424,12.3,27.0,27.0,332.1,8950.0,2972295.0,36.64247260516647,452.920181747956,489.56265435312247
Sonora,Empalme,25,Guaymas,147,Col de bruselas,2012,2013,28.003091,-110.661588,26.0,1,1.0,0.0,661.9181497161002,4.867045218500737,1.2268241843109835,8.795486124355516,23.467683823529416,10.885,35.085,29.92669117647059,15.83,42.91,17.008676470588235,4.84,29.08,52.87882352941176,21.7,86.18,17.519264705882353,3.29,24.52,2.319779411764706,1.3,5.37,121.25999999999999,0.8916176470588235,0.0,31.37,97.00800000000001,0.7132941176470589,0.0,25.096000000000004,10.062976252294655,3.3232894754763898,16.58163989649317,0.18319485581715653,13,7,47,2,608.2121006911232,4.472147799199435,1.2881653935265327,9.216113270564541,37.31902373618729,0.2744045862954948,0.0,4.167261770289791,570.893076954936,4.197743212903941,0.0,9.216113270564541,373.1902373618729,5708.93076954936,6082.121006911233,511.20410069112313,0.061358568324735664,0.9386414316752645,12.0,36.0,36.0,432.0,7500.0,3240000.0,31.099186446822742,475.74423079577997,506.8434172426027
Sonora,Empalme,25,Guaymas,147,Col de bruselas,2013,2014,28.003091,-110.661588,26.0,0,0.0,0.0,632.988190643364,4.654324931201206,2.1616340025422143,7.251055114651895,23.90180147058824,10.485,31.755000000000003,30.02404411764706,16.37,39.27,17.779558823529413,4.6,27.14,53.90963235294117,30.47,83.37,16.76036764705882,5.77,24.52,2.2702941176470586,1.06,4.53,111.27000000000001,0.8181617647058824,0.0,17.95,89.016,0.6545294117647059,0.0,14.36,9.799656477065746,4.658139431664793,16.4248403691194,0.1757852700014926,13,7,23,2,590.9184712988758,4.344988759550557,1.51314380177955,6.541932229859613,41.02041783838632,0.30162071939989943,0.0,4.188438066575902,549.8980534604896,4.043368040150659,0.0,6.541932229859613,410.2041783838632,5498.980534604896,5909.184712988759,501.9024712988758,0.06941806667207555,0.9305819333279246,12.5,41.0,41.0,512.5,5200.0,2665000.0,32.816334270709056,439.9184427683917,472.7347770391007
Sonora,Empalme,25,Guaymas,147,Col de bruselas,2014,2015,28.003091,-110.661588,26.0,1,1.0,0.0,640.4130369353525,4.708919389230533,2.03371123593299,7.141751787852685,23.831654411764706,14.190000000000001,33.36,29.96433823529412,17.58,40.51,17.698970588235294,8.0,27.25,54.27698529411765,20.51,80.63,17.186176470588236,5.54,24.93,2.2238970588235296,0.97,4.48,94.83000000000001,0.697279411764706,0.0,26.79,75.864,0.5578235294117647,0.0,21.432000000000002,10.023864659267996,4.270099759624174,16.904417961686047,0.14807631095987944,14,7,17,0,593.4836443861157,4.363850326368498,2.0171851626524617,7.124627563554828,37.053249634194145,0.2724503649573099,0.0,4.379204659569648,556.4303947519215,4.091399961411188,0.0,7.124627563554828,370.53249634194145,5564.303947519215,5934.836443861157,517.6196443861156,0.062433480660652546,0.9375665193393475,10.43,46.0,46.0,480.0,7975.0,3828000.0,34.580727610073865,519.3004150741218,553.8811426841957
Sonora,Empalme,25,Guaymas,147,Col de bruselas,2015,2016,28.003091,-110.661588,26.0,0,0.0,0.0,640.251672507232,4.707732886082589,2.2499626537463526,8.790979237745569,24.651727941176468,10.379999999999999,33.245,30.53661764705882,16.08,39.37,18.766838235294117,4.68,27.12,54.305294117647065,19.18,81.03,16.69816176470588,6.37,24.67,2.308897058823529,1.03,6.55,61.089999999999996,0.4491911764705882,0.0,13.36,48.872,0.3593529411764706,0.0,10.688,9.750539168779014,4.759736050902355,16.96709082976295,0.09541560393082761,16,3,27,1,600.8198350865465,4.417792905048136,1.917200621894823,9.230528199632849,35.50636878975333,0.2610762411011274,0.0,3.4104575223952884,565.3134662967931,4.156716663947008,0.0,9.230528199632849,355.0636878975333,5653.134662967931,6008.198350865465,551.9478350865465,0.059096532298469694,0.9409034677015301,12.0,34.0,34.0,408.0,11354.78,4632750.24,29.588640658127776,471.0945552473276,500.68319590545536
Sonora,Empalme,25,Guaymas,147,Col de bruselas,2016,2017,28.003091,-110.661588,26.0,0,0.0,0.0,588.282736216597,4.325608354533801,1.6096987381323544,7.463849753824685,23.541617647058825,11.05,33.035,29.362573529411765,17.44,39.93,17.720661764705884,4.41,27.86,59.407647058823535,36.08,86.71,16.34661764705882,3.07,23.77,2.2786029411764703,1.11,5.07,183.73,1.350955882352941,0.0,35.67,146.984,1.080764705882353,0.0,28.536,9.705417678856023,3.2217998011684417,15.820898928724198,0.3123158112400452,22,8,23,1,547.8078139603335,4.027998632061276,1.126789116692648,6.480520137838504,56.83550357194551,0.4179081144995993,0.0,4.657686088376835,490.97231038838794,3.610090517561676,0.0,6.480520137838504,568.3550357194551,4909.723103883879,5478.078139603334,400.8238139603335,0.10375080844695826,0.8962491915530416,12.2,33.0,33.0,402.6,16443.67,6620221.54,49.42217701908306,426.9324438159895,476.3546208350725
Sonora,Empalme,25,Guaymas,147,Col de bruselas,2017,2018,28.003091,-110.661588,26.0,1,1.0,0.0,673.2030690930485,4.950022566860651,1.9541238713980629,8.01653207709701,25.270220588235293,14.419999999999998,33.43,31.572794117647057,19.15,40.46,18.96764705882353,8.99,27.42,51.878602941176474,26.73,79.37,17.066617647058823,3.04,26.03,2.1975000000000002,1.1,5.99,105.35000000000002,0.7746323529411766,0.0,67.14,84.28,0.6197058823529412,0.0,53.712,9.954173438821645,3.2717656948751155,16.975530710616084,0.156490670997578,8,5,47,0,627.2001601396803,4.611765883380002,1.9455912163453801,8.310244048232569,24.561148055186223,0.1805966768763693,0.0,4.1966986216857345,602.6390120844941,4.4311692065036326,0.0,8.310244048232569,245.61148055186223,6026.390120844941,6272.0016013968025,542.9201601396803,0.03915998371192435,0.9608400162880757,11.8,41.0,41.0,483.8,12091.98,5850099.92,20.5274952404398,503.6682090133674,524.1957042538072
Sonora,Empalme,25,Guaymas,147,Col de bruselas,2018,2019,28.003091,-110.661588,26.0,2,1.3333333333333333,0.0,687.2991528962518,5.0536702418842046,2.6047074155909193,8.302113059836884,25.694191176470586,14.330000000000002,33.114999999999995,32.133382352941176,20.75,39.89,19.255,5.74,27.45,50.560367647058825,24.29,80.54,17.551029411764702,3.7,25.21,2.1652205882352944,0.89,6.58,103.01,0.7574264705882353,0.0,39.34,82.408,0.6059411764705882,0.0,31.472000000000005,10.200649313172539,3.574090786105792,16.999801962220054,0.14987651238317387,9,4,43,0,642.8130034510007,4.726566201845593,2.446228305584599,8.717218712828728,21.071619317418268,0.15493837733395785,0.0,4.082048765545745,621.7413841335824,4.571627824511635,0.0,8.717218712828728,210.71619317418268,6217.413841335824,6428.130034510007,560.4050034510007,0.03278032523345568,0.9672196747665444,12.0,74.0,74.0,888.0,8819.06,7831325.28,17.201321891770014,507.5439870478224,524.7453089395924
Sonora,Empalme,25,Guaymas,147,Col de bruselas,2019,2020,28.003091,-110.661588,26.0,0,0.0,0.0,581.5721129929998,4.276265536713233,1.3164616123276673,7.482279869295656,23.551139705882353,11.95,33.365,29.189411764705884,16.89,39.59,17.912867647058825,4.55,27.96,60.36904411764705,36.59,90.27,16.632867647058823,3.87,25.18,2.145661764705882,1.11,6.81,154.10999999999999,1.1331617647058823,0.0,41.84,123.28799999999998,0.9065294117647058,0.0,33.472,9.964820012135833,3.5911374942896925,16.854102695520698,0.26498863435333764,19,7,25,1,534.5844375672077,3.930767923288292,1.2506385317112838,6.43298094045484,44.3294188738585,0.3259516093666066,0.0,3.354006607027098,490.25501869334926,3.6048163139216856,0.0,6.43298094045484,443.29418873858504,4902.550186933493,5345.844375672078,411.2964375672077,0.08292313759748277,0.9170768624025173,13.23,60.0,60.0,794.0,8974.93,7126094.42,35.14024484649901,388.6286315444703,423.7688763909693
Sonora,Empalme,25,Guaymas,147,Col de bruselas,2022,2023,28.003091,-110.661588,26.0,0,0.0,0.0,629.6704043249653,4.629929443565921,2.024918649225768,7.642934194640162,24.50610294117647,15.41,32.21,30.47125,20.18,38.88,18.540955882352943,9.82,27.44,55.36602941176471,28.91,82.7,17.04970588235294,7.49,24.28,2.101838235294118,0.87,4.77,151.76000000000002,1.1158823529411765,0.0,29.64,121.408,0.8927058823529412,0.0,23.712000000000003,9.996618411062805,5.059199338549035,16.469206811184492,0.24101498015091483,19,9,20,0,590.3074328770165,4.340495829978062,1.9236727167644794,8.025080904372171,49.39030704756497,0.36316402240856593,0.0,3.9920329040463107,540.9171258294515,3.977331807569496,0.0,8.025080904372171,493.90307047564966,5409.171258294515,5903.074328770164,468.89943287701647,0.08366878730773977,0.9163312126922601,13.2,65.0,65.0,858.0,9500.0,8151000.0,38.81360082323376,425.082220691121,463.89582151435474
Sonora,Empalme,25,Guaymas,147,Col de bruselas,2023,2024,28.003091,-110.661588,26.0,2,1.3333333333333333,0.0,600.904199639464,4.418413232643117,2.1271535559636274,7.157514906926678,23.348014705882353,14.884999999999998,32.315,29.28360294117647,20.26,38.64,17.412426470588237,7.76,27.29,56.66580882352941,30.25,84.14,16.878676470588236,4.87,24.84,2.185073529411765,1.0,6.64,66.22999999999999,0.48698529411764696,0.0,10.86,52.983999999999995,0.3895882352941176,0.0,8.688,9.855336210873013,4.0148581093660125,16.799796692217797,0.11021723602487264,14,5,15,0,561.5826036894491,4.129283850657714,1.8948183957892204,6.548079799584276,33.466478507022906,0.24607704784575665,0.0,4.242526307972741,528.1161251824262,3.8832068028119577,0.0,6.548079799584276,334.6647850702291,5281.161251824262,5615.826036894491,508.59860368944913,0.0595931538604597,0.9404068461395403,11.57,70.0,70.0,810.0,10354.94,8387502.9,27.94695491191892,441.01555338824727,468.9625083001662
Sonora,Empalme,25,Guaymas,147,Ejote,2010,2011,28.003091,-110.661588,26.0,1,1.0,0.0,522.4603833343419,5.741322893783978,1.8145672298528788,8.591633218020004,29.62736263736264,20.380000000000003,34.275,34.72186813186813,25.77,41.3,24.53285714285714,14.46,28.87,63.93384615384615,43.59,86.24,21.538241758241757,2.6,28.46,2.018131868131868,0.94,4.38,162.51000000000002,1.785824175824176,0.0,27.46,130.008,1.4286593406593409,0.0,21.968000000000004,14.25391820568157,2.9101965134686814,19.206818932873396,0.31104750749302995,25,11,45,0,470.4762240548375,5.1700683962070055,1.9052955913455227,7.847974160247972,82.4589756257111,0.9061425892935286,0.0,5.824000000000001,388.0172484291264,4.263925806913477,0.0,7.847974160247972,824.589756257111,3880.1724842912645,4704.762240548375,340.4682240548375,0.17526704094636653,0.8247329590536336,12.0,33.0,33.0,396.0,5000.0,1980000.0,68.71581302142592,323.34770702427204,392.06352004569794
Sonora,Empalme,25,Guaymas,147,Ejote,2011,2012,28.003091,-110.661588,26.0,2,1.5,0.0,592.9456881295038,6.5158866827418,3.1988951295925205,8.795486124355516,30.908021978021974,24.395000000000003,35.685,36.893516483516485,28.35,42.91,24.922527472527477,15.45,29.08,53.77692307692308,24.87,78.23,21.963956043956046,11.39,27.38,2.136703296703297,1.14,3.71,101.99000000000001,1.120769230769231,0.0,25.16,81.592,0.8966153846153846,0.0,20.128,14.124756457877233,8.56378692373596,18.79239868593472,0.1720056356624093,19,7,70,0,545.4746152762747,5.9942265414975235,1.5994475647962603,9.235260430573293,60.567187329875324,0.6655734871414871,0.0,6.261146419862768,484.9074279463994,5.328653054356038,0.0,9.235260430573293,605.6718732987532,4849.074279463995,5454.746152762747,463.8826152762747,0.11103575791368211,0.888964242086318,12.0,9.0,9.0,108.0,4200.0,453600.0,50.47265610822944,404.0895232886662,454.56217939689566
Sonora,Empalme,25,Guaymas,147,Ejote,2013,2014,28.003091,-110.661588,26.0,1,1.0,0.0,539.4301463776847,5.927803806348183,2.315852304935293,10.930366236169792,29.066373626373636,23.155,35.71,34.635384615384616,26.78,42.83,23.497362637362635,15.41,28.59,59.64417582417583,32.02,85.34,21.745164835164836,6.84,28.5,2.0734065934065935,0.97,3.53,196.68,2.1613186813186815,0.0,26.79,157.34400000000002,1.7290549450549453,0.0,21.432000000000002,14.106584158924946,5.391015587836261,18.578325570194966,0.364606986318287,26,12,37,0,482.04420517708644,5.297189067880071,2.084267074441764,7.6245535906635835,88.59742871741278,0.9735981177737668,0.0,6.394219002554223,393.4467764596737,4.323590950106304,0.0,7.498839377245319,885.9742871741278,3934.4677645967367,4820.442051770864,324.70020517708645,0.18379523654861724,0.8162047634513828,12.0,20.0,12.0,144.0,9000.0,1296000.0,73.83119059784399,327.87231371639473,401.7035043142387
Sonora,Empalme,25,Guaymas,147,Ejote,2014,2015,28.003091,-110.661588,26.0,0,0.0,0.0,503.64500880805025,5.534560536352201,2.7388580312783186,7.700947566206926,29.69510989010989,24.9,33.96,34.60593406593407,28.61,41.41,24.784285714285712,19.49,27.48,65.40703296703296,47.21,81.03,20.453736263736264,6.37,26.87,2.173076923076923,1.03,6.55,176.74,1.9421978021978024,0.0,24.13,141.392,1.5537582417582416,0.0,19.304000000000002,13.603771785023655,5.184019179406328,18.380764376211456,0.35092177408504677,31,9,39,0,460.40484663261265,5.0593939190396995,2.420670952038816,8.085994944517273,83.98538095330096,0.9229162742120984,0.0,6.342051756616381,376.4194656793117,4.136477644827601,0.0,8.085994944517273,839.8538095330096,3764.1946567931172,4604.048466326127,319.01284663261265,0.18241637021757598,0.817583629782424,11.5,18.0,18.0,207.0,9100.0,1883700.0,78.12593577051251,350.157642492383,428.2835782628955
Sonora,Empalme,25,Guaymas,147,Ejote,2015,2016,28.003091,-110.661588,26.0,0,0.0,0.0,484.9373650467802,5.328982033481101,1.6096987381323544,7.463849753824685,29.66587912087912,23.604999999999997,34.49,34.24362637362638,27.59,40.87,25.088131868131864,17.71,28.77,67.3554945054945,49.57,86.71,20.175934065934065,3.07,26.08,1.971098901098901,0.98,4.08,242.26999999999998,2.6623076923076923,0.0,35.67,193.816,2.1298461538461537,0.0,28.536,13.53625326215601,3.2217998011684417,17.8447295583068,0.49959029240122393,30,14,36,0,441.7095637555556,4.85395125006105,1.6901836750389723,7.8370422415159195,101.88694710307477,1.1196367813524701,0.0,6.986529132565254,339.8226166524808,3.7343144687085803,0.0,7.8370422415159195,1018.8694710307477,3398.226166524808,4417.095637555556,247.89356375555562,0.2306650239510312,0.7693349760489687,11.2,38.0,38.0,425.6,10200.0,4341120.0,90.16543991422546,300.7279793384786,390.893419252704
Sonora,Empalme,25,Guaymas,147,Ejote,2016,2017,28.003091,-110.661588,26.0,1,1.0,0.0,575.7848307904117,6.327305832861667,3.1990164123730374,8.356083772604691,30.518626373626365,27.034999999999997,34.205,36.502857142857145,30.13,40.51,24.53439560439561,20.74,28.09,57.24615384615385,35.84,80.9,22.045714285714283,4.62,27.07,2.2383516483516486,1.28,5.99,138.36,1.5204395604395606,0.0,67.14,110.688,1.2163516483516483,0.0,53.712,14.311707460671984,4.270471887353048,18.37508953192321,0.24029809852764894,16,7,70,0,525.5016003599433,5.774742861098278,1.8777136236616143,8.773887961234927,45.65692411336836,0.5017244408062458,0.0,6.483292066178323,479.84467624657475,5.27301842029203,0.0,8.773887961234927,456.5692411336836,4798.446762465747,5255.01600359943,414.8136003599433,0.08688255960038099,0.9131174403996187,11.52,31.0,31.0,357.0,11949.14,4265844.36,39.63274662618781,416.53183701959614,456.164583645784
Sonora,Empalme,25,Guaymas,147,Ejote,2017,2018,28.003091,-110.661588,26.0,0,0.0,0.0,554.6341701965961,6.094880991171386,3.3896692478640915,8.017566958516724,30.27467032967033,25.62,33.29,36.012857142857136,31.26,39.89,24.536483516483514,18.79,27.97,59.769999999999996,32.49,80.54,22.193076923076923,9.4,27.5,2.01967032967033,1.22,5.27,178.72,1.963956043956044,0.0,39.34,142.976,1.571164835164835,0.0,31.472000000000005,14.480185289853523,7.2252459351583775,18.716824256926014,0.32223041709934813,20,8,62,0,506.89986650005017,5.5703282032972545,2.478692702211615,8.381884287140597,61.06233024122372,0.6710146180354255,0.0,6.199971307660251,445.8375362588264,4.899313585261829,0.0,8.381884287140597,610.6233024122372,4458.375362588264,5068.998665000501,363.92386650005017,0.12046231273019614,0.8795376872698037,11.88,32.5,32.5,386.0,14434.46,5571700.0,50.716221130584486,370.2969570256033,421.0131781561878
Sonora,Empalme,25,Guaymas,147,Ejote,2018,2019,28.003091,-110.661588,26.0,0,0.0,0.0,495.3811224749024,5.443748598625301,2.30982509369428,7.482279869295656,29.379670329670333,23.655,33.365,33.995934065934065,27.22,39.59,24.7634065934066,16.75,28.04,67.20307692307692,49.67,90.27,20.81351648351648,4.05,27.04,2.0646153846153847,1.01,6.81,221.41000000000003,2.433076923076923,0.0,41.84,177.12800000000001,1.9464615384615387,0.0,33.472,13.912185774822502,3.7993093689380917,18.52688384375461,0.4469488035673329,32,13,36,0,451.6260105241333,4.962923192572894,2.1571070873792166,7.352658805042294,84.09725754604607,0.9241456873191876,0.0,4.464,367.5287529780872,4.038777505253705,0.0,7.352658805042294,840.9725754604607,3675.287529780872,4516.260105241333,274.4980105241333,0.1862099515668888,0.8137900484331112,12.17,51.81,51.81,630.62,8094.83,5104763.59,69.58813201989744,304.1197790468243,373.70791106672175
Sonora,Empalme,25,Guaymas,147,Ejote,2019,2020,28.003091,-110.661588,26.0,2,1.75,0.0,498.2416360056007,5.4751828132483595,2.271689116260181,8.09655002497897,29.48967032967033,22.3,35.165,34.49747252747253,28.37,42.32,24.48186813186814,15.78,29.36,66.65989010989011,49.02,89.92,20.641868131868133,8.16,27.3,2.148241758241758,1.12,3.92,217.14999999999998,2.3862637362637362,0.0,29.48,173.72000000000003,1.9090109890109892,0.0,23.584000000000003,13.75447382613239,6.150139173721136,18.708910821732275,0.4358327050723617,30,13,36,0,449.42696050674095,4.938757807766384,2.044520204634163,8.50137752622792,89.6557849332183,0.9852284058595417,0.0,5.936150992702396,359.7711755735226,3.953529401906842,0.0,8.48537752622792,896.557849332183,3597.7117557352262,4494.269605067409,275.7069605067409,0.19948911127211638,0.8005108887278836,12.41,55.0,55.0,682.5,9090.07,6203972.25,75.62698012080834,303.47631849306,379.10329861386833
Sonora,Empalme,25,Guaymas,147,Ejote,2022,2023,28.003091,-110.661588,26.0,0,0.0,0.0,464.90438830360364,5.108839431907732,2.706883422556029,7.413520635549989,28.68489010989011,22.86,32.315,33.357032967032964,28.36,38.64,24.012747252747246,16.02,27.9,68.74142857142857,46.84,84.14,20.088461538461537,7.25,27.4,1.9728571428571426,1.0,6.64,222.60000000000002,2.4461538461538463,0.0,22.84,178.07999999999998,1.9569230769230768,0.0,18.272000000000002,13.392270951017307,5.8685341438004635,18.52598013657253,0.47880812829547253,34,15,23,0,420.4557643379531,4.620393014702781,2.1500980845462214,7.515390652273012,103.65102651386263,1.1390222693831058,0.0,6.363789461959112,316.8047378240904,3.481370745319675,0.0,7.515390652273012,1036.5102651386264,3168.047378240904,4204.55764337953,242.37576433795311,0.2465206457023389,0.753479354297661,12.48,48.0,48.0,599.16,9478.04,5678865.0,82.954002812215,253.54520834260933,336.4992111548243
Sonora,Empalme,25,Guaymas,147,Ejote,2023,2024,28.003091,-110.661588,26.0,4,3.2,0.8,634.4859768089489,6.972373371526911,4.15010922478868,10.294397875941575,32.03027472527473,24.165,36.425,38.021318681318675,27.81,43.57,26.03923076923077,18.71,30.34,52.85076923076923,29.96,77.64,22.29945054945055,9.87,28.01,2.444725274725275,1.36,5.28,81.22999999999999,0.8926373626373625,0.0,23.96,64.98400000000001,0.7141098901098902,0.0,19.168000000000003,14.461079665363881,6.94387302702775,19.10032931499469,0.1280248941174933,13,3,76,0,578.8087028048011,6.360535195657155,2.4740465731812886,10.809117769738654,36.858182856137184,0.40503497644106795,0.0,7.504000000000001,541.950519948664,5.955500219216088,0.0,10.809117769738654,368.5818285613718,5419.50519948664,5788.087028048012,513.8247028048011,0.06367938608650694,0.9363206139134932,12.66,34.0,34.0,430.5,10179.45,4382255.14,30.186881946058296,443.85791969587547,474.04480164193376
Sonora,Empalme,25,Guaymas,147,Elote,2022,2023,28.003091,-110.661588,26.0,4,2.7142857142857144,0.7142857142857143,839.059922358606,7.627817475987327,4.430170556255878,11.727615620357914,25.230818181818186,16.095,34.23,32.764545454545456,23.84,42.48,17.69709090909091,7.9,27.92,41.220454545454544,17.7,66.31,27.690545454545454,13.24,32.1,2.70409090909091,1.39,4.37,0.37,0.003363636363636364,0.0,0.14,0.29600000000000004,0.0026909090909090915,0.0,0.11200000000000002,16.875196992473366,8.068246132286623,20.12064546020473,0.0004409696973249851,0,0,30,0,838.40391037624,7.621853730693091,1.7720682225023514,12.31399640137581,0.29600000000000004,0.0026909090909090915,0.0,0.11200000000000002,838.10791037624,7.619162821602182,1.7720682225023514,12.31399640137581,2.9600000000000004,8381.0791037624,8384.0391037624,838.1079103762399,0.0003530517884478471,0.9996469482115522,13.5,100.0,100.0,1350.0,3407.41,4600003.5,0.2192592592592593,620.8206743527704,621.0399336120297
Sonora,Empalme,25,Guaymas,147,Elote,2023,2024,28.003091,-110.661588,26.0,2,2.0,0.0,819.3965070416149,7.449059154923772,3.3816948696814872,11.505419903684938,24.46813636363637,15.015,33.485,31.689454545454538,20.15,42.04,17.24681818181818,7.64,26.93,38.87690909090909,19.33,68.28,26.748181818181816,10.64,31.51,2.674636363636364,1.56,5.0,10.55,0.09590909090909092,0.0,3.6,8.440000000000001,0.07672727272727274,0.0,2.8800000000000003,16.20707466728504,7.5881317599486104,19.97523334682412,0.012875329476434045,3,0,18,0,823.2502277271351,7.484092979337592,1.352677947872595,12.080690898869186,7.354990427258455,0.06686354933871323,0.0,2.8800000000000003,815.8952372998767,7.417229429998879,0.0,12.080690898869186,73.54990427258456,8158.952372998767,8232.502277271351,814.810227727135,0.00893408854263476,0.9910659114573653,14.0,25.0,25.0,350.0,4158.57,1455499.5,5.253564590898897,582.7823123570548,588.0358769479537
Sonora,Empalme,25,Guaymas,147,Hortalizas,2014,2015,28.003091,-110.661588,26.0,1,1.0,0.0,730.9868411885064,4.685813084541708,2.03371123593299,7.141751787852685,23.419102564102566,14.190000000000001,33.36,29.65307692307693,17.58,40.51,17.185128205128205,8.0,27.25,52.406282051282055,20.51,80.63,16.951858974358974,5.54,24.93,2.226794871794872,0.97,4.48,94.83000000000001,0.6078846153846155,0.0,26.79,75.864,0.48630769230769233,0.0,21.432000000000002,9.753430624486096,4.270099759624174,16.904417961686047,0.12972873745007032,14,7,17,0,677.9606788672236,4.345901787610408,1.8600372043592628,7.124627563554828,36.72553627300981,0.23542010431416543,0.0,4.379204659569648,641.2351425942138,4.110481683296243,0.0,7.124627563554828,367.2553627300981,6412.351425942138,6779.606788672236,602.0966788672235,0.05417059929548272,0.9458294007045174,12.0,2.0,2.0,24.0,6000.0,144000.0,30.60461356084151,534.3626188285115,564.967232389353
Sonora,Empalme,25,Guaymas,147,Melón,2010,2011,28.003091,-110.661588,26.0,1,1.0,0.0,999.0907594661537,7.626647018825601,2.9777742067768,10.649724512246678,24.98416030534351,14.93,33.775,32.14274809160305,20.93,41.27,17.82557251908397,8.3,27.85,42.32916030534351,22.08,69.85,27.717557251908396,10.5,31.9,2.846564885496183,1.62,5.59,1.1800000000000002,0.00900763358778626,0.0,0.34,0.9440000000000002,0.007206106870229009,0.0,0.272,17.03766422818138,7.3781184209055946,20.215894463924307,0.0011810738802453863,0,0,36,0,736.2850760366143,5.620496763638277,1.4888871033884,8.673832064127717,0.9440000000000002,0.007206106870229009,0.0,0.272,735.3410760366144,5.613290656768049,1.4328871033883999,8.673832064127717,9.440000000000001,7353.410760366143,7362.850760366143,735.3410760366144,0.001282112093160308,0.9987178879068398,35.0,682.0,682.0,23870.0,6000.0,143220000.0,0.26990707648320234,210.24762717272745,210.51753424921066
Sonora,Empalme,25,Guaymas,147,Melón,2011,2012,28.003091,-110.661588,26.0,3,3.0,1.0,1043.0292337717829,7.96205521963193,4.72015365850204,14.165390457472167,25.85713740458015,17.775,35.765,33.24709923664121,23.14,43.73,18.467175572519082,10.0,28.8,39.6954961832061,11.81,72.17,27.927786259541985,18.19,32.54,2.7770229007633587,1.55,5.11,49.5,0.37786259541984735,0.0,21.64,39.6,0.3022900763358779,0.0,17.312,17.042716155210655,11.831669267591153,20.01959098187152,0.047457921980766565,5,3,47,0,775.0491273583921,5.916405552354138,2.36007682925102,12.040581888851342,17.58410939080486,0.1342298426778997,0.0,4.136,757.4650179675871,5.782175709676237,0.0,12.040581888851342,175.84109390804858,7574.650179675871,7750.49127358392,735.449127358392,0.022687735228780863,0.9773122647712189,35.73,476.0,461.0,16471.5,5064.66,83422575.0,4.972178535502576,214.1849336823377,219.15711221784025
Sonora,Empalme,25,Guaymas,147,Melón,2012,2013,28.003091,-110.661588,26.0,1,1.0,0.0,1029.8293689298255,7.861292892594087,2.7049895004983955,10.756779302500071,25.956106870229007,14.97,34.215,33.23099236641222,19.29,42.75,18.6812213740458,9.36,28.42,38.990992366412215,17.78,70.37,27.640534351145035,9.96,31.96,2.7311450381679387,1.67,5.05,20.129999999999995,0.15366412213740455,0.0,6.2,16.104,0.12293129770992366,0.0,4.960000000000001,16.91149400429973,7.306107416995999,20.572881404155144,0.019546927488500954,7,1,52,0,766.3308133878948,5.849853537312174,1.3524947502491977,9.14326240712506,15.921596624131752,0.1215389055277233,0.0,4.7775966241317525,750.4092167637631,5.728314631784451,0.0,9.14326240712506,159.21596624131752,7504.092167637631,7663.308133878949,750.2268133878947,0.020776401452192023,0.979223598547808,35.0,404.0,404.0,14140.0,6977.72,98664973.75,4.245759099768467,200.10912447033684,204.3548835701053
Sonora,Empalme,25,Guaymas,147,Melón,2013,2014,28.003091,-110.661588,26.0,1,1.0,0.0,1025.0281555224929,7.824642408568648,3.9374192436560738,12.100008451090064,26.366679389312974,15.559999999999999,34.26,33.50946564885496,21.08,41.78,19.223893129770993,9.55,29.21,42.33480916030534,16.19,72.6,27.650763358778626,16.49,31.99,2.7707633587786256,1.59,5.16,31.91,0.243587786259542,0.0,14.85,25.528,0.19487022900763357,0.0,11.88,17.08363429993893,10.22671672891626,20.316598664792068,0.031130852189844828,4,3,48,0,757.9583924324537,5.785941926965296,1.9687096218280369,10.285007183426554,15.177961910206369,0.11586230465806388,0.0,4.696000000000001,742.7804305222475,5.670079622307233,0.0,10.285007183426554,151.7796191020637,7427.804305222475,7579.583924324538,732.4303924324537,0.02002479563752435,0.9799752043624758,36.81,372.0,372.0,13693.0,5500.0,75311500.0,3.9520796537446605,193.40722054999281,197.35930020373746
Sonora,Empalme,25,Guaymas,147,Melón,2014,2015,28.003091,-110.661588,26.0,1,1.0,0.0,1011.7137741151997,7.723005909276334,4.133415998125588,11.999711441283607,26.806908396946564,18.695,35.83,33.563816793893125,22.37,44.0,20.05,11.73,28.33,42.913282442748084,12.22,79.84,26.58450381679389,8.87,31.68,2.732824427480916,1.51,5.82,34.150000000000006,0.2606870229007634,0.0,11.81,27.320000000000004,0.20854961832061072,0.0,9.448,16.53896352399177,7.181360005138695,20.53300145685372,0.03375460616800052,7,3,51,0,756.819285776187,5.777246456306771,2.066707999062794,10.199754725091065,21.166529725834696,0.16157656279263127,0.0,4.5837736863832035,735.6527560503523,5.61566989351414,0.0,10.199754725091065,211.66529725834695,7356.527560503523,7568.19285776187,729.499285776187,0.02796774622904396,0.972032253770956,32.73,260.0,260.0,8510.0,7094.96,60378068.9,5.706033084198597,198.3158797817367,204.0219128659353
Sonora,Empalme,25,Guaymas,147,Melón,2015,2016,28.003091,-110.661588,26.0,0,0.0,0.0,905.4094517079257,6.91152253212157,1.7825666910354283,11.923679243279768,25.91320610687023,17.560000000000002,33.775,32.07175572519084,20.46,41.32,19.754656488549617,11.77,28.13,50.62221374045801,21.26,87.29,25.6581679389313,7.03,31.98,2.565343511450381,1.21,6.02,128.38,0.98,0.0,37.53,102.70400000000001,0.784,0.0,30.024,16.305622710321515,5.959268449439018,20.269483115456435,0.1417922021443773,18,6,30,0,676.1019968791356,5.161083945642257,0.8912833455177142,10.135127356787802,44.70510041716825,0.3412603085280019,0.0,4.936026508777914,631.3968964619675,4.819823637114255,0.0,10.135127356787802,447.05100417168245,6313.968964619675,6761.019968791357,573.3979968791357,0.06612182869378512,0.933878171306215,36.0,313.0,313.0,11268.0,6226.75,70162975.8,11.571140265864692,163.4261411833745,174.9972814492392
Sonora,Empalme,25,Guaymas,147,Melón,2016,2017,28.003091,-110.661588,26.0,0,0.0,0.0,966.8135445724333,7.380256065438422,3.291968645368569,10.475008211734,25.9580534351145,14.155,33.86,32.87343511450382,16.74,44.08,19.04267175572519,9.5,27.77,45.63740458015267,20.2,63.86,27.18213740458015,12.05,32.04,2.6157251908396946,1.59,4.41,37.71,0.2878625954198473,0.0,10.94,30.168000000000003,0.2302900763358779,0.0,8.752,16.972913690186562,8.694393122781513,20.149288010455166,0.03900441839245952,6,3,36,0,716.6592105628978,5.470680996663342,1.6459843226842845,8.903756979973899,17.694681121162308,0.1350739016882619,0.0,4.203313742109198,698.9645294417355,5.335607094975081,0.0,8.903756979973899,176.94681121162307,6989.645294417355,7166.592105628978,686.4912105628978,0.024690509603949796,0.9753094903960503,46.75,499.0,499.0,23330.0,6867.45,160217549.5,3.869804509822265,152.8626636285917,156.73246813841396
Sonora,Empalme,25,Guaymas,147,Melón,2017,2018,28.003091,-110.661588,26.0,1,1.0,0.0,1020.1414464772399,7.787339286085801,3.4183931412506023,11.972786456551962,26.815763358778625,19.445,34.235,34.05725190839695,22.92,40.83,19.574274809160304,11.81,28.56,42.274045801526725,18.45,62.62,27.505648854961834,13.28,31.84,2.653282442748092,1.31,5.09,8.11,0.06190839694656488,0.0,3.26,6.488000000000001,0.049526717557251916,0.0,2.608,17.025770054853492,8.63196745340343,20.061268813029635,0.007949877958596342,2,0,64,0,754.0360700015628,5.756000534363075,1.7091965706253012,10.176868488069168,6.488000000000001,0.049526717557251916,0.0,2.608,747.5480700015629,5.706473816805824,1.7091965706253012,10.176868488069168,64.88000000000001,7475.480700015629,7540.360700015629,747.5480700015628,0.008604362918588966,0.9913956370814111,45.15,219.0,219.0,9888.0,6508.26,64353690.9,1.5265882352941178,175.8936635297795,177.42025176507363
Sonora,Empalme,25,Guaymas,147,Melón,2018,2019,28.003091,-110.661588,26.0,4,4.0,1.0,1040.751716289664,7.944669589997435,3.0533531712420174,13.40947590512976,26.753320610687023,18.325,35.015,33.7806106870229,23.64,43.48,19.726030534351143,10.49,29.0,39.67923664122138,14.0,77.8,26.86885496183206,7.83,31.77,2.8054198473282446,1.52,5.06,52.07000000000001,0.3974809160305344,0.0,38.71,41.656,0.31798473282442746,0.0,30.968000000000004,16.54382359688816,6.415826901402757,20.293603974695785,0.05003114497435792,2,2,50,0,773.1013308281899,5.901536876551068,1.9359272067069522,11.398054519360295,8.515623645019867,0.06500476064900662,0.0,3.544273449464152,764.5857071831701,5.836532115902062,0.0,11.398054519360295,85.15623645019866,7645.857071831701,7731.0133082819,731.44533082819,0.01101488680131678,0.9889851131986833,43.08,498.0,498.0,21452.0,5315.64,114031097.5,2.035526149162153,182.76221039396918,184.79773654313135
Sonora,Empalme,25,Guaymas,147,Melón,2019,2020,28.003091,-110.661588,26.0,1,1.0,0.0,969.6184288448981,7.401667395762581,2.786415983379047,10.799641119852748,25.39870229007634,17.01,35.055,32.36763358778626,20.27,42.59,18.429770992366414,10.17,28.19,44.11877862595419,22.66,69.88,26.91854961832061,5.59,32.21,2.651984732824427,1.46,4.67,23.72,0.18106870229007632,0.0,17.49,18.976,0.14485496183206106,0.0,13.991999999999999,16.767591792498184,5.032018813816755,20.43333814596469,0.024463231405633994,2,1,39,0,718.8540987612093,5.487435868406179,1.3932079916895235,8.79744614925529,6.098892287269834,0.04655642967381553,0.0,2.991063290437742,712.7552064739396,5.440879438732363,0.0,8.79744614925529,60.98892287269834,7127.552064739395,7188.540987612093,699.8780987612093,0.008484186565507472,0.9915158134344926,41.23,700.0,700.0,28860.0,5217.05,150564026.2,1.4751220914910712,172.39211669462802,173.8672387861191
Sonora,Empalme,25,Guaymas,147,Melón,2020,2021,28.003091,-110.661588,26.0,0,0.0,0.0,968.2611933264227,7.39130681928567,1.965438627984318,11.521781418644204,26.28053435114504,14.17,34.7,32.96763358778625,17.61,41.95,19.593435114503816,8.71,29.07,46.03557251908397,23.68,81.08,26.336946564885498,4.88,32.03,2.5973282442748094,1.35,4.99,88.77000000000001,0.6776335877862596,0.0,29.1,71.01599999999999,0.5421068702290076,0.0,23.28,16.585496062469794,4.483520978908895,20.350774261677344,0.09167980769221393,8,3,57,0,726.8701033775162,5.548626743339819,0.982719313992159,9.793514205847574,17.259361460503047,0.13175085084353472,0.0,4.4529917297218375,709.6107419170132,5.416875892496284,0.0,9.793514205847574,172.59361460503047,7096.107419170132,7268.701033775163,655.8541033775163,0.023744767297904687,0.9762552327020954,40.5,700.0,700.0,28351.0,5134.27,145561567.82,4.1957849666957685,172.50777729841087,176.70356226510665
Sonora,Empalme,25,Guaymas,147,Melón,2021,2022,28.003091,-110.661588,26.0,4,3.5,1.0,1016.3499597806433,7.758396639546896,4.618488492828547,12.557701293071153,26.207404580152673,15.485000000000001,34.31,33.12725190839695,21.67,41.0,19.287557251908396,9.3,28.05,41.443969465648856,16.25,72.49,26.946412213740455,12.64,31.89,2.795801526717557,1.56,5.61,43.14999999999999,0.32938931297709917,0.0,20.94,34.519999999999996,0.26351145038167934,0.0,16.752000000000002,16.63261262685497,8.231936130581337,20.41531595212013,0.0424558485832114,6,2,48,0,758.7462344122282,5.7919559878796045,2.3092442464142735,10.67404609911048,18.65304612506696,0.14238966507684703,0.0,3.7200000000000006,740.0931882871612,5.649566322802757,0.0,10.67404609911048,186.53046125066962,7400.931882871611,7587.462344122281,724.2262344122282,0.02458403782328721,0.9754159621767127,38.15,165.0,165.0,6295.0,5412.59,34072232.75,4.650472731255787,184.5158784061733,189.16635113742907
Sonora,Empalme,25,Guaymas,147,Melón,2022,2023,28.003091,-110.661588,26.0,4,2.875,0.75,995.8916547039742,7.602226371786062,4.430170556255878,11.727615620357914,26.276717557251906,16.095,34.64,33.399465648854964,23.84,42.48,19.153969465648856,7.9,28.53,43.83847328244275,17.7,75.4,27.3612213740458,13.24,32.1,2.665267175572519,1.39,4.37,34.32000000000001,0.2619847328244275,0.0,16.04,27.456000000000003,0.209587786259542,0.0,12.832,16.969550035510903,8.068246132286623,20.12064546020473,0.03446158007037575,9,2,47,0,739.5753499624391,5.645613358491901,2.215085278127939,9.968473277304227,17.47293719162807,0.13338119993609213,0.0,3.8527782837814493,722.102412770811,5.512232158555809,0.0,9.968473277304227,174.72937191628068,7221.02412770811,7395.753499624391,712.1193499624391,0.02362563488969105,0.976374365110309,37.0,120.0,120.0,4440.0,5708.17,25344261.3,4.415145215825159,182.46428623393834,186.8794314497635
Sonora,Empalme,25,Guaymas,147,Melón,2023,2024,28.003091,-110.661588,26.0,3,2.142857142857143,0.14285714285714285,1038.3566779859946,7.92638685485492,3.3816948696814872,14.180379957508446,26.029618320610687,15.015,36.235,33.08435114503816,20.15,45.35,18.974885496183205,7.64,29.6,38.96229007633588,18.71,68.28,26.92541984732824,10.64,31.51,2.8253435114503818,1.56,5.07,16.6,0.12671755725190842,0.0,3.6,13.280000000000001,0.10137404580152673,0.0,2.8800000000000003,16.50634741397976,7.5881317599486104,19.97523334682412,0.015986799480307193,6,0,39,0,764.7931668116071,5.8381157771878405,1.6908474348407436,9.779606918132197,12.533738034073068,0.09567738957307685,0.0,2.8800000000000003,752.2594287775341,5.742438387614764,0.0,9.779606918132197,125.33738034073068,7522.594287775341,7647.931668116072,751.5131668116071,0.016388402221643446,0.9836115977783567,36.96,260.0,260.0,9610.0,5779.19,55537986.3,3.2096640292120533,192.6400585857962,195.84972261500826
Sonora,Empalme,25,Guaymas,147,Pepino,2010,2011,28.003091,-110.661588,26.0,1,1.0,0.0,782.4915212704436,7.38199548368343,4.115640499234913,10.649724512246678,31.130943396226417,26.5,36.14,36.501698113207546,30.74,43.22,25.76018867924528,19.42,29.06,57.25292452830188,25.61,79.61,25.788490566037733,15.04,31.9,2.4543396226415095,0.94,5.59,161.35,1.5221698113207547,0.0,27.46,129.08,1.217735849056604,0.0,21.968000000000004,17.267076094752557,10.928325925543634,20.215894463924307,0.20620031733766792,22,10,70,0,692.8469004740367,6.536291513906007,3.5835236747412784,10.649724512246678,79.2876952014276,0.7479971245417698,0.0,6.856000000000001,613.5592052726092,5.788294389364238,0.0,10.649724512246678,792.876952014276,6135.592052726092,6928.469004740368,563.7669004740367,0.11443754045400217,0.885562459545998,58.81,57.0,57.0,3352.0,8150.36,27320000.0,13.482009046323345,104.32906058027703,117.81106962660037
Sonora,Empalme,25,Guaymas,147,Pepino,2011,2012,28.003091,-110.661588,26.0,3,2.3333333333333335,0.3333333333333333,794.4112385107459,7.494445646327791,3.1988951295925205,14.165390457472167,31.548537735849052,26.53,35.765,37.13075471698113,28.35,43.73,25.96632075471698,19.85,29.08,55.519245283018876,16.31,78.23,25.375566037735847,11.39,32.13,2.3690566037735854,1.07,4.88,166.54999999999998,1.5712264150943394,0.0,25.16,133.24,1.2569811320754718,0.0,20.128,16.974297785714658,8.56378692373596,20.01959098187152,0.20965211961530814,25,10,88,0,691.8523282148379,6.5269087567437545,3.1988951295925205,10.51586777081689,96.80869797697858,0.9132896035564017,0.0,7.132167589711458,595.0436302378595,5.613619153187353,0.0,10.49186777081689,968.0869797697858,5950.4363023785945,6918.5232821483805,558.6123282148379,0.13992682257320813,0.860073177426792,66.53,38.0,38.0,2528.0,5969.15,15090000.0,14.551134522317538,89.43989632314135,103.9910308454589
Sonora,Empalme,25,Guaymas,147,Pepino,2012,2013,28.003091,-110.661588,26.0,0,0.0,0.0,723.6487309276877,6.8268748200725256,3.2255241333086384,10.756779302500071,30.73584905660378,27.244999999999997,34.260000000000005,35.65235849056604,29.45,42.75,25.819339622641504,21.17,28.42,60.7367924528302,20.25,83.37,24.39235849056604,8.7,31.16,2.2267924528301886,0.73,5.05,261.05,2.462735849056604,0.0,31.53,156.63,1.4776415094339623,0.0,18.918,16.493463366475286,6.942619222628836,20.572881404155144,0.3607413221955696,38,15,65,0,630.1990923894184,5.945274456503947,2.7351575956158687,9.158324007740367,112.10048013997842,1.0575516994337586,0.0,6.704051924998324,518.0986122494398,4.887722757070187,0.0,8.896145484320865,1121.0048013997841,5180.986122494398,6301.990923894182,473.5690923894184,0.1778810561515507,0.8221189438484491,240.0,43.0,43.0,10320.0,4500.0,46440000.0,6.227804452221023,28.78325623607999,35.011060688301015
Sonora,Empalme,25,Guaymas,147,Pepino,2013,2014,28.003091,-110.661588,26.0,1,1.0,0.0,766.3386764416153,7.229610155109579,3.242163840285387,12.100008451090064,31.158160377358488,27.299999999999997,35.71,36.42896226415094,29.02,42.83,25.88735849056604,21.75,29.21,57.90584905660378,22.19,85.34,25.03509433962264,12.05,31.99,2.369811320754717,0.97,5.15,228.60000000000002,2.156603773584906,0.0,20.45,182.88000000000002,1.7252830188679247,0.0,16.36,16.814678362037334,8.921283683920594,20.316598664792068,0.29830153041664503,35,16,76,0,670.3585903703799,6.324137645003584,2.8089166244817507,10.930366236169792,118.17115176355914,1.1148221864486711,0.0,7.0784938870390155,552.187438606821,5.209315458554916,0.0,10.930366236169792,1181.7115176355915,5521.874386068211,6703.585903703803,487.47859037037995,0.17628050637535408,0.8237194936246462,90.0,23.0,18.0,1620.0,6333.33,10259994.6,14.67964618180859,68.59471287041255,83.27435905222114
Sonora,Empalme,25,Guaymas,147,Pepino,2014,2015,28.003091,-110.661588,26.0,1,1.0,0.0,735.2076742586707,6.935921455270479,4.002997933257956,11.999711441283607,31.112783018867923,26.915,35.83,35.93716981132075,28.67,44.0,26.28839622641509,22.95,28.54,62.460094339622636,17.27,83.51,24.748584905660373,11.27,31.21,2.369150943396227,0.96,4.34,244.09,2.302735849056604,0.0,24.13,195.27200000000005,1.8421886792452835,0.0,19.304000000000002,16.829741195269285,8.34686444465556,20.53300145685372,0.3320014310869679,39,14,63,0,637.3818929078764,6.013036725546003,3.002248449943467,9.363153414166568,134.28639058792683,1.2668527413955362,0.0,7.639622810638673,503.0955023199495,4.746183984150467,0.0,9.158414840218672,1342.8639058792683,5030.955023199495,6373.818929078763,442.1098929078763,0.2106843512219696,0.7893156487780304,114.5,43.0,43.0,4923.5,6719.53,33083605.96,13.444772786136047,50.369994225065035,63.814767011201084
Sonora,Empalme,25,Guaymas,147,Pepino,2015,2016,28.003091,-110.661588,26.0,0,0.0,0.0,706.3442516330963,6.663625015406569,2.727516603815211,11.923679243279768,30.891792452830185,27.1,34.49,35.3511320754717,30.48,41.32,26.43245283018868,19.6,28.77,62.9411320754717,21.26,82.8,24.058396226415095,8.59,31.98,2.2316037735849057,0.98,6.02,238.66,2.2515094339622643,0.0,37.53,190.928,1.8012075471698112,0.0,30.024,16.38658181015506,6.713729891490153,20.269483115456435,0.3378805723246257,41,13,58,0,616.6015882821359,5.816996115869207,2.0456374528614085,9.593704025701514,123.04934249262278,1.1608428537039885,0.0,6.081576740690027,493.5522457895132,4.656153262165219,0.0,9.593704025701514,1230.4934249262278,4935.522457895132,6166.01588282136,425.67358828213594,0.19956053443754607,0.800439465562454,52.98,97.0,97.0,5138.58,6566.09,33740371.3,18.79476744961399,75.38601585298812,94.18078330260211
Sonora,Empalme,25,Guaymas,147,Pepino,2016,2017,28.003091,-110.661588,26.0,1,1.0,0.0,785.3523822981809,7.408984738662085,3.1990164123730374,10.475008211734,31.31485849056604,27.65,35.53,36.88622641509434,30.13,44.08,25.743490566037735,19.58,28.94,57.24556603773584,28.07,80.9,25.60075471698113,4.62,31.46,2.531132075471698,1.28,5.99,226.01000000000002,2.132169811320755,0.0,67.14,180.80800000000002,1.705735849056604,0.0,53.712,17.184491834415216,4.270471887353048,20.149288010455166,0.2877816443857033,32,11,79,0,688.2490754805241,6.492915806420038,2.399262309279778,9.387058426986721,100.08291683118915,0.9441784606715957,0.0,6.568940444666615,588.166158649335,5.548737345748443,0.0,9.371058426986721,1000.8291683118915,5881.66158649335,6882.4907548052415,507.4410754805241,0.1454167108925107,0.8545832891074894,77.12,128.0,128.0,9871.58,6463.78,63807758.18,10.662431878888738,62.660859601484574,73.32329148037331
Sonora,Empalme,25,Guaymas,147,Pepino,2017,2018,28.003091,-110.661588,26.0,1,1.0,0.0,750.725614008253,7.082317113285406,3.3896692478640915,10.674768570093981,31.108632075471697,26.66,34.235,36.49707547169811,28.94,40.83,25.720188679245286,20.22,28.56,59.143018867924525,24.75,80.69,24.973490566037732,9.4,31.8,2.2932075471698115,1.22,5.27,292.08000000000004,2.755471698113208,0.0,39.34,175.248,1.6532830188679244,0.0,23.604000000000003,16.853904954097118,7.2252459351583775,20.061268813029635,0.38906358668187,34,15,82,0,656.6065383093094,6.194401304804805,2.6209588988406423,9.340578708947564,101.51815955789479,0.9577184863952338,0.0,7.0443707439161445,555.0883787514146,5.236682818409571,0.0,9.340578708947564,1015.181595578948,5550.883787514145,6566.065383093093,481.3585383093094,0.15461033912225888,0.845389660877741,129.77,66.0,66.0,8564.94,6735.71,57690952.01,9.586681104669228,52.41875241998343,62.00543352465266
Sonora,Empalme,25,Guaymas,147,Pepino,2018,2019,28.003091,-110.661588,26.0,0,0.0,0.0,754.2619189886457,7.115678481024959,3.0533531712420174,13.40947590512976,31.256132075471694,26.98,36.34,36.22367924528302,29.28,43.72,26.288584905660375,21.21,29.72,59.9066037735849,16.34,79.86,24.846037735849055,7.83,31.52,2.37,1.01,4.65,212.63,2.005943396226415,0.0,38.71,170.104,1.6047547169811323,0.0,30.968000000000004,16.78926884002549,6.415826901402757,20.293603974695785,0.2819047265240509,33,15,68,0,658.8041708706178,6.215133687458659,1.8320119027452104,9.982919417114509,112.32103097862577,1.0596323677228847,0.0,6.737295562375409,546.4831398919921,5.155501319735775,0.0,9.95891941711451,1123.2103097862578,5464.831398919921,6588.04170870618,488.70017087061774,0.17049228882414658,0.8295077111758535,83.15,257.77,257.77,21432.72,6661.72,142778740.7,13.82157521425285,67.2470485315932,81.06862374584604
Sonora,Empalme,25,Guaymas,147,Pepino,2019,2020,28.003091,-110.661588,26.0,2,1.5,0.0,769.1469794106492,7.256103579345748,3.281299291058094,10.799641119852748,31.159716981132078,25.375,35.265,36.330566037735856,28.37,42.59,25.988867924528304,18.5,29.67,58.065000000000005,30.72,89.92,25.122924528301887,12.44,32.21,2.492358490566038,1.12,5.15,189.84999999999997,1.7910377358490563,0.0,26.59,151.88,1.4328301886792452,0.0,21.272000000000002,16.870346779176653,9.207839479887324,20.43333814596469,0.2468318865991914,30,13,74,0,681.7825053954383,6.431910428258852,2.4609744682935704,10.799641119852748,102.98122897939301,0.9715210281074812,0.0,6.607131101770594,578.8012764160453,5.460389400151371,0.0,10.799641119852748,1029.8122897939302,5788.012764160453,6817.825053954383,529.9025053954383,0.15104703943622494,0.8489529605637751,128.19,280.0,280.0,35892.03,7125.08,255733745.46,7.16067371132309,40.24623832117966,47.40691203250275
Sonora,Empalme,25,Guaymas,147,Pepino,2020,2021,28.003091,-110.661588,26.0,2,1.25,0.0,826.7215126344058,7.799259553154772,3.7947965838700672,11.521781418644204,32.27028301886792,28.06,35.965,37.725566037735845,31.53,42.89,26.814999999999998,22.22,29.21,54.74094339622641,23.68,79.31,25.78424528301887,12.46,32.03,2.627169811320755,1.49,4.84,125.01999999999998,1.1794339622641508,0.0,24.98,100.01599999999999,0.9435471698113207,0.0,19.984,17.286028003750655,9.190950147504143,20.350774261677344,0.15122383788177354,22,5,90,0,726.5447678934119,6.854195923522753,3.4927310647541034,10.249635523639785,78.7370848162357,0.7428026869456198,0.0,7.42165288286973,647.8076830771762,6.1113932365771335,0.0,10.219561717687847,787.3708481623569,6478.076830771762,7265.447678934119,626.5287678934119,0.10837196590725,0.89162803409275,134.78,295.0,295.0,39758.86,6759.09,268733596.67,5.3730779866408955,44.20688433718958,49.57996232383047
Sonora,Empalme,25,Guaymas,147,Pepino,2021,2022,28.003091,-110.661588,26.0,4,3.3333333333333335,0.8333333333333334,750.470503601401,7.079910411333971,3.1997435235501346,12.557701293071153,31.28108490566038,28.22,34.31,36.2745283018868,31.06,41.0,26.28764150943396,20.67,28.73,59.87528301886793,24.09,78.39,24.66311320754717,11.54,30.94,2.3566037735849057,0.87,5.61,266.38000000000005,2.513018867924529,0.0,20.94,159.82799999999997,1.5078113207547168,0.0,12.564,16.68003524226168,8.550776572393225,20.41531595212013,0.35495065924867186,37,18,70,0,651.8509706646462,6.1495374591004355,2.399807642662601,9.26192750697905,112.27457732657464,1.0591941257224022,0.0,6.4404641167076,539.5763933380716,5.090343333378034,0.0,9.26192750697905,1122.7457732657465,5395.7639333807165,6518.509706646463,492.0229706646462,0.172239641235935,0.8277603587640652,89.76,180.0,180.0,16157.5,6884.87,111242268.3,10.378017038089814,49.87534254638551,60.25335958447533
Sonora,Empalme,25,Guaymas,147,Pepino,2022,2023,28.003091,-110.661588,26.0,4,3.5,0.75,682.84443697832,6.441928650738868,2.706883422556029,9.872361080742563,30.536084905660385,26.78,34.64,35.068773584905664,28.36,42.48,26.003396226415095,20.15,28.53,64.45198113207547,32.5,84.14,23.15867924528302,7.25,30.92,2.3591509433962266,1.05,6.64,290.2,2.7377358490566035,0.0,22.84,174.12,1.6426415094339624,0.0,13.703999999999999,15.860739336529035,5.8685341438004635,20.12064546020473,0.4249869872033734,48,21,52,0,596.8818581915069,5.630960926334971,2.030162566917022,9.391545884853022,128.84017062710572,1.215473307802884,0.0,6.311999999999999,468.04168756440123,4.4154876185320875,0.0,9.391545884853022,1288.4017062710573,4680.416875644012,5968.818581915069,422.7618581915069,0.21585539727657113,0.7841446027234289,82.54,205.0,205.0,16920.0,6866.02,116172976.8,14.32910756015189,52.05379386803105,66.38290142818295
Sonora,Empalme,25,Guaymas,147,Pepino,2023,2024,28.003091,-110.661588,26.0,3,2.6666666666666665,0.6666666666666666,880.1329052738695,8.303140615791222,4.325283908298707,14.180379957508446,32.76551886792453,25.200000000000003,36.56,38.59415094339623,31.19,45.35,26.936886792452828,18.98,30.37,50.52226415094339,18.71,77.64,26.02490566037736,12.38,31.51,2.769056603773585,1.36,5.28,126.34,1.1918867924528302,0.0,23.96,101.072,0.9535094339622642,0.0,19.168000000000003,17.305338191830195,9.172944868988466,19.78406849232317,0.1435465021736541,26,5,93,0,780.9506253578136,7.367458729790694,3.4091190690754343,14.180379957508446,65.52191138403286,0.6181312394720081,0.0,7.2058279326567485,715.4287139737809,6.749327490318687,0.0,14.180379957508446,655.2191138403286,7154.2871397378085,7809.506253578137,679.8786253578136,0.08390019708866003,0.9160998029113402,82.63,160.0,160.0,13220.0,6931.13,91629535.2,7.345094040023863,80.20051723264176,87.54561127266562
Sonora,Empalme,25,Guaymas,147,Sandía,2010,2011,28.003091,-110.661588,26.0,1,1.0,0.0,887.2595858286753,8.06599623480614,5.023333096752553,10.649724512246678,27.040545454545462,18.59,36.14,33.859272727272725,22.75,43.22,20.221818181818186,11.88,29.06,42.983090909090905,22.08,67.5,28.53654545454545,15.81,31.9,2.8378181818181814,1.95,5.59,3.9499999999999997,0.035909090909090904,0.0,0.99,3.1600000000000006,0.028727272727272733,0.0,0.792,17.94565319011504,10.940660032072014,20.215894463924307,0.004451910199776328,0,0,44,0,740.4066959008151,6.730969962734682,2.009333238701021,10.204508310738492,3.1600000000000006,0.028727272727272733,0.0,0.792,737.246695900815,6.702242690007409,1.993333238701021,10.204508310738492,31.600000000000005,7372.46695900815,7404.066959008151,737.2466959008151,0.004267924665585837,0.9957320753344141,35.0,1002.0,1002.0,35070.0,1400.0,49098000.0,0.902857142857143,210.6419131145186,211.54477025737572
Sonora,Empalme,25,Guaymas,147,Sandía,2011,2012,28.003091,-110.661588,26.0,3,3.0,1.0,917.9828056949334,8.345298233590304,5.263000564336997,14.165390457472167,27.479863636363635,17.775,35.765,34.560272727272725,23.14,43.73,20.399454545454542,11.4,28.8,41.857000000000006,11.81,72.17,28.743181818181817,18.19,32.54,2.8155454545454552,1.55,5.11,59.989999999999995,0.5453636363636363,0.0,21.64,47.992000000000004,0.4362909090909091,0.0,17.312,17.987293438957522,11.831669267591153,20.01959098187152,0.06534980789164807,7,4,54,0,771.4641733493919,7.013310666812654,2.105200225734799,14.165390457472167,26.78804272526063,0.243527661138733,0.0,5.175905986754558,744.6761306241312,6.76978300567392,0.0,14.165390457472167,267.8804272526063,7446.761306241313,7714.64173349392,723.4721733493919,0.03472363805172904,0.9652763619482709,35.0,1167.0,1092.0,38220.0,1200.0,45864000.0,7.653726492931608,212.7646087497518,220.4183352426834
Sonora,Empalme,25,Guaymas,147,Sandía,2012,2013,28.003091,-110.661588,26.0,1,1.0,0.0,894.5577926173731,8.132343569248846,4.4140766602264945,10.756779302500071,27.909045454545453,18.740000000000002,34.215,34.73345454545454,24.5,42.75,21.08463636363636,10.95,28.42,42.1971818181818,18.2,74.31,28.166090909090908,14.84,31.96,2.709727272727273,1.44,5.05,32.94,0.2994545454545454,0.0,6.2,26.352,0.23956363636363637,0.0,4.960000000000001,17.696934508149877,10.789574039810175,20.572881404155144,0.03682266285291792,11,1,55,0,751.2331285783016,6.82939207798456,2.4429585078372558,10.756779302500071,26.352,0.23956363636363637,0.0,4.960000000000001,724.8811285783014,6.589828441620922,1.0119957801646908,10.756779302500071,263.52,7248.811285783014,7512.331285783013,724.8811285783016,0.03507832521959035,0.9649216747804094,40.0,1045.0,1045.0,41800.0,1633.25,68269850.0,6.587999999999999,181.22028214457535,187.80828214457534
Sonora,Empalme,25,Guaymas,147,Sandía,2013,2014,28.003091,-110.661588,26.0,1,1.0,0.0,877.2490202568655,7.974991093244232,4.519692084568564,12.100008451090064,27.798363636363632,19.015,34.26,34.463,24.42,41.78,21.133727272727274,12.07,29.21,46.915,17.14,77.57,28.183909090909093,14.82,31.99,2.7692727272727273,1.65,5.15,62.13,0.5648181818181819,0.0,14.85,49.704,0.45185454545454545,0.0,11.88,17.94172264603571,10.784759716850242,20.316598664792068,0.07082367556455958,10,6,51,0,734.9019060852607,6.680926418956916,2.354626542010958,12.100008451090064,34.64791812095167,0.3149810738268334,0.0,5.308870415279261,700.2539879643091,6.365945345130083,0.0,12.100008451090064,346.4791812095167,7002.539879643091,7349.019060852607,685.1979060852608,0.04714631685406452,0.9528536831459355,41.0,966.0,920.0,37720.0,2407.88,90825233.6,8.152451322576864,164.76564422689626,172.91809554947312
Sonora,Empalme,25,Guaymas,147,Sandía,2014,2015,28.003091,-110.661588,26.0,1,1.0,0.0,887.1894626850482,8.065358751682256,4.258177590530865,11.999711441283607,28.369318181818183,18.695,35.83,34.87563636363637,22.37,44.0,21.863,11.73,28.33,44.868818181818185,12.22,83.51,27.419090909090908,8.87,31.68,2.730545454545455,1.54,4.52,87.89999999999999,0.799090909090909,0.0,24.11,70.32,0.6392727272727272,0.0,19.288,17.440608727520697,7.181360005138695,20.53300145685372,0.0990769206545507,13,6,54,0,749.1625260965691,6.810568419059719,1.703271036212346,11.999711441283607,43.0684464829506,0.39153133166318727,0.0,5.729717107979004,706.0940796136182,6.4190370873965295,0.0,11.999711441283607,430.684464829506,7060.940796136182,7491.6252609656885,678.8425260965691,0.05748878912477659,0.942511210875223,30.0,1563.0,1563.0,46890.0,2149.42,100786303.8,12.483607676217565,204.66495061264297,217.14855828886053
Sonora,Empalme,25,Guaymas,147,Sandía,2015,2016,28.003091,-110.661588,26.0,0,0.0,0.0,808.9495402864133,7.354086729876484,4.549339336307045,11.923679243279768,27.405409090909085,20.225,33.775,33.22445454545454,24.52,41.32,21.586363636363643,14.42,28.26,50.81972727272726,21.26,77.06,26.842272727272736,7.03,31.98,2.624090909090909,1.21,6.02,110.01999999999998,1.000181818181818,0.0,37.53,88.016,0.8001454545454546,0.0,30.024,17.32849645491007,6.143765085781366,20.269483115456435,0.13600353856564004,18,4,34,0,678.9000079192971,6.171818253811792,1.961631901189736,11.923679243279768,46.06029443191327,0.41872994938102975,0.0,5.107822024362461,632.8397134873837,5.7530883044307615,0.0,11.923679243279768,460.6029443191327,6328.397134873838,6789.000079192971,590.8840079192971,0.0678454763508982,0.9321545236491017,36.0,1422.0,1422.0,51192.0,2419.86,123877473.1,14.326685670890598,196.8397242573511,211.1664099282417
Sonora,Empalme,25,Guaymas,147,Sandía,2016,2017,28.003091,-110.661588,26.0,0,0.0,0.0,861.5672689827655,7.832429718025141,5.046863204627168,10.475008211734,27.614818181818187,19.869999999999997,34.195,34.22663636363637,26.05,44.08,21.002999999999997,11.18,28.43,46.53463636363636,24.74,63.19,28.140818181818176,12.05,32.04,2.6569090909090916,1.79,4.41,33.56,0.30509090909090913,0.0,9.07,26.847999999999995,0.24407272727272722,0.0,7.256,17.951440467464533,8.694393122781513,20.149288010455166,0.038952268973290495,8,2,42,0,716.4772266326156,6.513429333023779,2.018745281850867,10.475008211734,23.404870998097525,0.21277155452815932,0.0,5.254142177636497,693.0723556345182,6.30065777849562,0.0,10.475008211734,234.04870998097525,6930.723556345182,7164.7722663261575,689.6292266326157,0.032666594454227815,0.9673334055457723,48.0,1576.0,1576.0,75648.0,2553.47,193164898.6,4.860320007911437,143.92531525999755,148.785635267909
Sonora,Empalme,25,Guaymas,147,Sandía,2017,2018,28.003091,-110.661588,26.0,1,1.0,0.0,880.9496715637043,8.008633377851858,4.3919154779484675,11.972786456551962,27.994954545454544,19.445,34.235,34.76772727272728,22.92,40.83,21.222181818181824,12.75,28.56,44.611090909090905,18.45,76.28,28.087636363636364,13.82,31.84,2.663272727272727,1.52,4.54,59.93,0.5448181818181819,0.0,23.32,47.944,0.4358545454545455,0.0,18.656000000000002,17.78533321289055,10.168608280995585,20.061268813029635,0.06802885787291682,10,3,63,0,728.1890638776437,6.619900580705852,2.367599689344588,10.674768570093981,29.431090346138873,0.2675553667830807,0.0,5.582441459858876,698.757973531505,6.3523452139227725,0.0,10.674768570093981,294.31090346138876,6987.579735315049,7281.890638776438,680.2450638776437,0.04041682552799794,0.9595831744720023,41.5,1416.0,1416.0,58764.0,2512.21,147627508.4,6.8780299944236685,163.29936282577822,170.17739282020187
Sonora,Empalme,25,Guaymas,147,Sandía,2018,2019,28.003091,-110.661588,26.0,4,4.0,1.0,903.4000560786515,8.212727782533195,3.0533531712420174,13.40947590512976,28.401090909090907,21.564999999999998,35.015,35.044,25.86,43.48,21.758181818181814,14.33,29.0,43.16536363636365,14.0,77.8,27.78418181818181,7.83,31.77,2.794363636363636,1.39,5.06,75.14,0.6830909090909091,0.0,38.71,60.112,0.5464727272727273,0.0,30.968000000000004,17.532644266155938,6.415826901402757,20.293603974695785,0.0831746682927571,7,4,57,0,755.3683226592832,6.866984751448029,2.1316635228013774,13.40947590512976,22.94973918397561,0.20863399258159646,0.0,4.430341811830191,732.4185834753075,6.658350758866432,0.0,13.40947590512976,229.4973918397561,7324.185834753075,7553.6832265928315,695.2563226592832,0.030382183757959,0.9696178162420409,42.0,900.0,900.0,37800.0,2398.39,90659142.0,5.171189541229295,165.03347982769435,170.20466936892365
Sonora,Empalme,25,Guaymas,147,Sandía,2019,2020,28.003091,-110.661588,26.0,1,1.0,0.0,879.9597404850666,7.999634004409697,4.985105484062903,10.799641119852748,27.324545454545454,20.645,35.265,34.103,25.45,42.59,20.54609090909091,13.22,29.67,44.62263636363638,22.66,63.47,28.467999999999996,15.62,32.21,2.7447272727272725,1.67,5.15,15.649999999999999,0.14227272727272727,0.0,4.47,12.520000000000001,0.11381818181818183,0.0,3.576,18.011958766681527,11.278599564343047,20.43333814596469,0.017784904558671214,4,0,48,0,723.0304185106185,6.573003804641986,2.3166420760190167,10.349936646182694,12.520000000000001,0.11381818181818183,0.0,3.576,710.5104185106185,6.459185622823805,0.16282911304717773,10.349936646182694,125.20000000000002,7105.104185106185,7230.304185106184,710.5104185106185,0.017316007293012848,0.9826839927069871,45.0,1150.0,1150.0,51750.0,2098.55,108599962.5,2.7131866941163727,153.97343558578797,156.68662227990433
Sonora,Empalme,25,Guaymas,147,Sandía,2020,2021,28.003091,-110.661588,26.0,1,1.0,0.0,898.5693026258282,8.168811842052984,3.713113691629362,11.521781418644204,28.643727272727276,17.635,34.7,35.269363636363636,23.26,41.95,22.01809090909091,11.74,29.07,44.54054545454545,23.68,65.39,28.362818181818177,15.52,32.03,2.6212727272727276,1.35,4.84,37.82999999999999,0.34390909090909083,0.0,24.98,30.264,0.2751272727272727,0.0,19.984,18.051208723730664,10.436875472509305,20.350774261677344,0.04210025858823793,5,1,67,0,763.9071914490482,6.944610831354984,1.485245476651745,11.521781418644204,15.846239662152298,0.14405672420138452,0.0,5.566239662152298,748.0609517868961,6.800554107153601,0.0,11.521781418644204,158.46239662152297,7480.609517868961,7639.071914490484,733.6431914490482,0.020743671272545186,0.979256328727455,46.5,1080.0,1080.0,50220.0,2073.64,104138200.8,3.392109528449598,160.13292342650027,163.52503295494986
Sonora,Empalme,25,Guaymas,147,Sandía,2021,2022,28.003091,-110.661588,26.0,4,3.7142857142857144,1.0,890.7158386965078,8.0974167154228,4.926475415708366,12.557701293071153,28.317863636363633,21.235,34.31,34.828818181818185,26.82,41.0,21.806909090909087,15.28,28.05,45.00518181818183,16.25,72.49,27.80809090909091,16.74,31.89,2.7917272727272735,1.56,5.61,59.97999999999999,0.5452727272727271,0.0,20.94,47.98400000000001,0.4362181818181819,0.0,16.752000000000002,17.644862584901958,12.095439596712298,20.41531595212013,0.06733909670650516,10,4,55,0,744.2346501586698,6.765769546896998,2.4488700033457076,12.557701293071153,32.30398515232225,0.29367259229383863,0.0,4.681677495988554,711.9306650063476,6.47209695460316,0.0,12.557701293071153,323.03985152322247,7119.306650063476,7442.346501586699,696.2506501586697,0.043405645175799173,0.956594354824201,48.0,700.0,700.0,33600.0,2588.24,86964960.0,6.818783145608918,150.2756021121578,157.0943852577667
Sonora,Empalme,25,Guaymas,147,Sandía,2022,2023,28.003091,-110.661588,26.0,4,3.4285714285714284,1.0,866.0715352532948,7.873377593211771,5.0202648464110275,11.727615620357914,28.28595454545454,20.28,34.64,34.92090909090909,26.84,42.48,21.651,13.72,28.53,48.22245454545454,17.7,75.4,27.95818181818182,19.77,32.1,2.6471818181818176,1.46,4.37,56.28999999999999,0.5117272727272727,0.0,16.04,45.032000000000004,0.40938181818181824,0.0,12.832,17.914720565256967,14.058851293946038,20.12064546020473,0.06499463116928002,12,5,53,0,721.1703000757087,6.556093637051897,2.2103289386684963,11.727615620357914,34.70421915719261,0.31549290142902375,0.0,4.679009744741575,686.4660809185165,6.240600735622877,0.0,11.727615620357914,347.0421915719261,6864.660809185165,7211.703000757091,676.1383000757087,0.04812208593940897,0.9518779140605915,47.76,270.0,270.0,12895.0,2746.05,35410255.65,7.448056477560384,147.3261253178488,154.7741817954092
Sonora,Empalme,25,Guaymas,147,Sandía,2023,2024,28.003091,-110.661588,26.0,3,2.3333333333333335,0.3333333333333333,933.1082020248347,8.482801836589406,4.756251262369271,14.180379957508446,28.214772727272724,19.47,36.235,35.10227272727273,26.07,45.35,21.327272727272728,10.56,30.37,39.53954545454547,18.71,61.13,28.193000000000005,15.84,31.51,2.800545454545455,1.85,5.07,19.669999999999998,0.1788181818181818,0.0,3.6,15.735999999999999,0.14305454545454543,0.0,2.8800000000000003,17.647048254195642,11.0013796265693,19.97523334682412,0.021080084771858517,8,0,49,0,767.4960583962288,6.977236894511171,2.485996265721481,11.505419903684938,15.735999999999999,0.14305454545454543,0.0,2.8800000000000003,751.7600583962287,6.834182349056625,2.485996265721481,11.505419903684938,157.35999999999999,7517.600583962287,7674.960583962286,751.7600583962288,0.020503036892309492,0.9794969631076904,48.0,310.0,310.0,14880.0,3016.53,44886014.4,3.329665679221328,159.0689924664047,162.39865814562603
Sonora,Empalme,25,Guaymas,147,Tomate rojo (jitomate),2010,2011,28.003091,-110.661588,26.0,1,1.0,0.0,756.8286721054765,5.5649167066579155,1.8177446224857485,10.204508310738492,20.272683823529412,14.245,28.575,27.24147058823529,17.72,37.66,13.30389705882353,5.8,20.85,47.01529411764706,22.08,81.66,21.809632352941176,7.12,31.54,2.691764705882353,1.25,6.47,63.68,0.4682352941176471,0.0,24.69,50.944,0.37458823529411767,0.0,19.752000000000002,12.638199382429573,5.09427709881997,18.85169601409215,0.08414057546583693,8,2,3,0,716.477635032816,5.268217904653059,1.0906467734914491,10.500969246033879,16.63985907954293,0.12235190499663919,0.0,3.7920000000000003,699.8377759532731,5.1458659996564196,0.0,10.500969246033879,166.3985907954293,6998.377759532731,7164.77635032816,665.533635032816,0.023224533838771943,0.976775466161228,35.97,308.0,299.0,10755.0,5092.72,54772200.0,4.944980409968181,207.97556491924908,212.92054532921725
Sonora,Empalme,25,Guaymas,147,Tomate rojo (jitomate),2011,2012,28.003091,-110.661588,26.0,3,2.0,0.5,840.9750062152794,6.1836397515829375,2.5346728441181603,12.83590200019704,20.77503676470588,6.105,28.35,28.33558823529412,11.96,37.1,13.214485294117646,0.25,21.4,38.33191176470588,11.81,69.07,23.07419117647059,8.04,31.87,2.660073529411765,1.27,5.85,3.46,0.025441176470588234,0.0,2.01,2.768,0.020352941176470588,0.0,1.6079999999999999,12.95767230293191,5.003939307522763,19.042493508041336,0.004114272094210469,2,0,6,4,796.0901127624878,5.853603770312411,1.5208037064708961,14.005669424212691,2.768,0.020352941176470588,0.0,1.6079999999999999,793.3221127624879,5.833250829135941,1.5208037064708961,14.005669424212691,27.68,7933.221127624879,7960.901127624879,793.3221127624878,0.003476993314732736,0.9965230066852674,44.27,186.0,116.0,5135.0,3415.6,17539120.0,0.6252541224305398,179.20083866331328,179.8260927857438
Sonora,Empalme,25,Guaymas,147,Tomate rojo (jitomate),2012,2013,28.003091,-110.661588,26.0,2,1.3333333333333333,0.0,812.8184453166571,5.932981352676329,2.440529334440182,10.290881073420707,20.966277372262773,14.190000000000001,30.21,28.386715328467155,18.35,38.51,13.545839416058394,7.14,21.97,40.052700729927004,17.78,70.37,22.540948905109488,5.92,31.33,2.451751824817518,1.28,4.87,2.44,0.01781021897810219,0.0,1.71,1.9520000000000004,0.014248175182481755,0.0,1.368,12.771208150446418,4.800789611502404,18.878930943176798,0.003001900380163527,1,0,10,0,767.0360156473154,5.59880303392201,1.7523599065035895,11.07817301096328,1.9520000000000004,0.014248175182481755,0.0,1.368,765.0840156473154,5.584554858739528,1.69027247531576,11.07817301096328,19.520000000000003,7650.840156473154,7670.360156473154,765.0840156473154,0.002544860945483339,0.9974551390545167,34.05,154.0,154.0,5243.0,3253.4,17057600.0,0.5653874004344679,221.60290098401606,222.16828838445053
Sonora,Empalme,25,Guaymas,147,Tomate rojo (jitomate),2013,2014,28.003091,-110.661588,26.0,1,1.0,0.0,825.1675849539708,6.067408712896844,2.6439771776937735,11.01480299520107,20.834999999999997,9.32,28.854999999999997,28.18242647058824,16.37,40.15,13.487573529411764,0.94,21.88,40.39698529411765,16.19,72.45,22.26639705882353,5.9,30.77,2.7336029411764704,1.47,5.36,10.06,0.07397058823529412,0.0,6.7,8.048,0.059176470588235296,0.0,5.36,12.720629627303927,4.993942151248351,19.49296256290261,0.012191462902122073,3,1,7,3,787.6271570712377,5.791376154935571,1.586386306616264,12.030370444251714,6.236030274225294,0.045853163781068344,0.0,3.5480302742252934,781.3911267970125,5.745522991154504,0.0,12.030370444251714,62.36030274225294,7813.911267970125,7876.271570712378,779.5791570712377,0.007917490170620501,0.9920825098293796,35.93,122.0,80.0,2874.0,4111.83,11817393.9,1.7583618424433367,220.32740076047156,222.0857626029149
Sonora,Empalme,25,Guaymas,147,Tomate rojo (jitomate),2014,2015,28.003091,-110.661588,26.0,1,1.0,0.0,838.6076744201789,6.166232900148374,2.123352802792065,10.968954640521476,22.60481617647059,16.39,29.93,29.816029411764706,22.01,39.13,15.393602941176471,9.45,22.08,39.11514705882353,12.22,68.52,21.71191176470588,5.54,31.68,2.486029411764706,1.1,5.82,0.29000000000000004,0.0021323529411764706,0.0,0.28,0.23200000000000004,0.0017058823529411769,0.0,0.22400000000000003,12.413955879354567,4.484278971289133,19.151622423047584,0.0003458112879786233,0,0,9,0,788.8271118933274,5.8001993521568185,1.274011681675239,12.614297836599697,0.23200000000000004,0.0017058823529411769,0.0,0.22400000000000003,788.5951118933273,5.798493469803877,1.274011681675239,12.614297836599697,2.3200000000000003,7885.9511189332725,7888.271118933272,788.5951118933274,0.00029410753827053204,0.9997058924617294,37.56,127.0,127.0,4770.0,6900.47,32915257.77,0.0473517705888356,160.95420183556018,161.00155360614903
Sonora,Empalme,25,Guaymas,147,Tomate rojo (jitomate),2015,2016,28.003091,-110.661588,26.0,0,0.0,0.0,721.2814870590828,5.303540346022667,1.5655044355384562,9.320141740352112,21.992536764705882,10.379999999999999,27.25,28.44610294117647,16.08,36.49,15.538970588235292,4.68,21.66,51.16823529411765,25.02,87.29,20.64794117647059,4.14,31.03,2.3941911764705885,1.33,4.76,111.65,0.8209558823529413,0.0,20.66,89.32,0.6567647058823529,0.0,16.528000000000002,12.359434896200657,3.8165663535354386,18.976868395573597,0.15479393552056375,11,7,1,1,682.7679862962183,5.02035284041337,0.9393026613230737,10.718163001404928,35.97744318508232,0.26454002341972294,0.0,6.678153511876001,646.790543111136,4.755812816993647,0.0,10.718163001404928,359.77443185082325,6467.90543111136,6827.679862962183,593.4479862962182,0.052693512155201634,0.9473064878447984,41.36,154.0,131.0,5418.0,8173.33,44283078.84,9.301303822410116,167.21575571642606,176.51705953883618
Sonora,Empalme,25,Guaymas,147,Tomate rojo (jitomate),2016,2017,28.003091,-110.661588,26.0,0,0.0,0.0,820.6187412315983,5.989917819208746,2.2410168508334465,8.943606296996535,21.998357664233577,13.815,30.55,29.36912408759124,16.74,37.39,14.62759124087591,5.83,23.71,42.827007299270065,19.49,78.91,22.48985401459854,10.85,30.67,2.5292700729927007,1.52,4.56,33.3,0.24306569343065693,0.0,10.94,26.64,0.19445255474452555,0.0,8.752,12.920924254872043,6.683948917541419,18.95958277849332,0.04057913660370808,8,2,5,0,788.1019343439575,5.752568863824507,1.3446101105000678,9.928906116273337,16.65422742539613,0.12156370383500824,0.0,3.7857639421738543,771.4477069185614,5.631005159989499,0.0,9.928906116273337,166.5422742539613,7714.477069185614,7881.019343439575,761.4619343439575,0.02113207276830207,0.9788679272316979,40.73,222.0,222.0,9042.0,8701.52,78679159.48,4.145420641044463,192.02183121806135,196.16725185910582
Sonora,Empalme,25,Guaymas,147,Tomate rojo (jitomate),2017,2018,28.003091,-110.661588,26.0,1,1.0,0.0,806.9919425175923,5.933764283217591,2.0479907540477686,11.972786456551962,22.21588235294118,14.375,29.69,29.335367647058828,18.86,39.56,15.09639705882353,7.55,20.79,45.393750000000004,18.45,79.37,22.09125,4.75,31.06,2.5938235294117646,1.27,5.75,39.53,0.29066176470588234,0.0,28.42,31.62400000000001,0.23252941176470596,0.0,22.736000000000004,12.829639946208642,4.346309123779406,19.574574635284936,0.048984380038141775,4,2,19,0,775.8964888477087,5.70512124152727,1.2287944524286611,13.768704425034755,8.606086869432415,0.06328005051053247,0.0,2.8519810228873594,767.2904019782762,5.641841191016737,0.0,13.768704425034755,86.06086869432416,7672.904019782763,7758.964888477087,744.2724888477087,0.011091797672925929,0.988908202327074,39.54,185.0,185.0,7315.0,8743.03,63955297.85,2.1675070820885067,193.24780304200385,195.41531012409237
Sonora,Empalme,25,Guaymas,147,Tomate rojo (jitomate),2018,2019,28.003091,-110.661588,26.0,4,3.111111111111111,0.5555555555555556,826.7761394643069,6.079236319590492,2.7995232195152124,13.163311506768274,22.718198529411765,14.2,31.39,29.86470588235294,19.74,40.05,15.571691176470589,7.33,23.19,39.40470588235294,14.0,73.79,21.51360294117647,8.13,31.0,2.491323529411765,0.89,4.97,2.1700000000000004,0.01595588235294118,0.0,1.16,1.736,0.012764705882352942,0.0,0.9279999999999999,12.340641946973129,5.619444642071704,19.33643472865918,0.002624652425753371,1,0,12,0,778.3189302791076,5.722933310875791,1.8387051438242463,13.013211143105046,1.736,0.012764705882352942,0.0,0.9279999999999999,776.5829302791075,5.710168604993437,1.8387051438242463,13.013211143105046,17.36,7765.829302791075,7783.189302791075,776.5829302791076,0.0022304481266792074,0.9977695518733206,38.45,133.03,133.03,5115.18,6974.24,35674484.86,0.40938568565027705,183.13475540127519,183.54414108692546
Sonora,Empalme,25,Guaymas,147,Tomate rojo (jitomate),2019,2020,28.003091,-110.661588,26.0,1,1.0,0.0,748.9455589731497,5.506952639508453,1.3164616123276673,9.836846686761426,20.858125,11.95,28.835,27.72426470588235,16.3,38.42,13.991985294117645,4.55,20.52,47.33367647058824,22.66,80.26,20.819191176470586,3.87,30.87,2.577426470588235,1.15,4.67,40.72,0.2994117647058823,0.0,17.49,32.576,0.23952941176470588,0.0,13.991999999999999,12.29780768952292,3.5911374942896925,19.444307869697276,0.0543697729589713,5,3,6,1,713.3290229655154,5.2450663453346715,0.7898769673966004,11.312373689775638,10.48316336974446,0.07708208360106221,0.0,3.9096066927138122,702.845859595771,5.1679842617336105,0.0,11.312373689775638,104.8316336974446,7028.45859595771,7133.290229655155,680.7530229655154,0.014696112217841513,0.9853038877821586,36.09,130.0,130.0,4692.0,6932.29,32526319.8,1.9487244854994814,130.65263678701942,132.6013612725189
Sonora,Empalme,25,Guaymas,147,Tomate rojo (jitomate),2020,2021,28.003091,-110.661588,26.0,1,1.0,0.0,729.958114426679,5.328161419172839,1.965438627984318,9.913039467897441,21.077080291970802,10.675,31.240000000000002,27.864233576642334,17.61,40.2,14.289927007299271,3.73,23.56,49.59262773722628,23.24,81.08,20.556423357664233,2.95,30.96,2.451678832116788,1.35,4.99,61.22,0.4468613138686131,0.0,29.1,48.976000000000006,0.35748905109489054,0.0,23.28,12.222621537226846,3.4351409573062757,19.312582791732385,0.0838678258246135,6,2,14,1,678.8432939062752,4.955060539461863,1.2251380866486359,8.946621684932103,13.594626093499024,0.09923084739780309,0.0,2.584,665.2486678127763,4.85582969206406,0.0,8.946621684932103,135.94626093499022,6652.486678127762,6788.432939062753,629.8672939062752,0.020026162467145135,0.9799738375328549,36.46,120.0,120.0,4374.7,6846.16,29949911.63,2.6153570783953484,127.98165983316203,130.59701691155738
Sonora,Empalme,25,Guaymas,147,Tomate rojo (jitomate),2021,2022,28.003091,-110.661588,26.0,4,3.111111111111111,1.0,816.4889415985676,6.003595158812997,1.9245036289774669,11.436189963532083,21.167132352941177,13.58,31.43,28.44889705882353,17.7,38.35,13.885367647058823,6.74,25.29,40.89786764705883,16.25,83.23,22.0975,6.27,30.8,2.6230882352941176,1.39,5.13,17.970000000000002,0.13213235294117648,0.0,10.41,14.376000000000001,0.10570588235294119,0.0,8.328000000000001,12.608758181386948,4.70933367367852,19.292931523881048,0.022008871258950957,2,2,8,0,779.1839427001137,5.7292936963243655,1.15470217738648,13.151618458061895,3.6149078162616863,0.02658020453133593,0.0,1.5242056388752059,775.5690348838519,5.702713491793029,0.0,13.151618458061895,36.14907816261686,7755.69034883852,7791.839427001137,764.8079427001137,0.004639351016057789,0.9953606489839422,36.36,140.0,140.0,5090.0,6795.02,34586661.5,0.7542056783354237,161.81285935402713,162.56706503236254
Sonora,Empalme,25,Guaymas,147,Tomate rojo (jitomate),2022,2023,28.003091,-110.661588,26.0,3,2.1666666666666665,0.5,819.8763883407757,6.028502855446881,2.225400511812591,11.727615620357914,21.438897058823528,12.14,29.085,28.972499999999997,19.6,40.55,13.90529411764706,4.68,20.62,42.59742647058824,17.7,77.06,22.726617647058823,7.66,32.1,2.5584558823529413,1.39,4.37,0.14,0.0010294117647058824,0.0,0.07,0.11200000000000002,0.000823529411764706,0.0,0.05600000000000001,12.998637188680819,5.141747851739177,19.391867009770188,0.00017075744830671963,0,0,13,1,785.1332068397908,5.773038285586697,1.3352403070875545,12.278721998946393,0.11200000000000002,0.000823529411764706,0.0,0.05600000000000001,785.0212068397908,5.772214756174932,1.328407728216887,12.278721998946393,1.12,7850.212068397908,7851.332068397908,785.0212068397908,0.00014265095276100583,0.999857349047239,42.3,105.0,105.0,4442.0,6739.8,29938200.42,0.023789294817332204,166.74197256580095,166.76576186061828
Sonora,Empalme,25,Guaymas,147,Tomate rojo (jitomate),2023,2024,28.003091,-110.661588,26.0,2,2.0,0.0,793.1889901852038,5.83227198665591,2.1133322544487587,9.98597253821024,20.575477941176473,12.865,28.305,27.683161764705883,16.99,37.98,13.467794117647058,5.55,21.31,42.14073529411764,19.33,78.75,21.494779411764707,3.4,31.18,2.6516176470588237,1.39,5.0,15.059999999999999,0.11073529411764704,0.0,4.01,12.048,0.08858823529411765,0.0,3.208,12.352900907918709,3.788839199300112,18.762324740265807,0.018986647805693316,4,0,5,0,754.6580524976487,5.548956268365064,1.2762921335781765,11.070379675076508,10.18090758740027,0.07485961461323729,0.0,2.44,744.4771449102484,5.474096653751826,0.0,11.070379675076508,101.8090758740027,7444.7714491024835,7546.580524976486,742.6100524976487,0.01349075591747163,0.9865092440825284,42.21,155.0,155.0,6542.5,7075.1,46288844.83,1.7130923081609069,125.26958521121459,126.9826775193755
Sonora,Empalme,25,Guaymas,147,Tomate verde,2010,2011,28.003091,-110.661588,26.0,1,1.0,0.0,756.8286721054765,5.5649167066579155,1.8177446224857485,10.204508310738492,20.272683823529412,14.245,28.575,27.24147058823529,17.72,37.66,13.30389705882353,5.8,20.85,47.01529411764706,22.08,81.66,21.809632352941176,7.12,31.54,2.691764705882353,1.25,6.47,63.68,0.4682352941176471,0.0,24.69,50.944,0.37458823529411767,0.0,19.752000000000002,12.638199382429573,5.09427709881997,18.85169601409215,0.08414057546583693,8,2,3,0,716.477635032816,5.268217904653059,1.0906467734914491,10.500969246033879,16.63985907954293,0.12235190499663919,0.0,3.7920000000000003,699.8377759532731,5.1458659996564196,0.0,10.500969246033879,166.3985907954293,6998.377759532731,7164.77635032816,665.533635032816,0.023224533838771943,0.976775466161228,9.0,12.0,10.0,90.0,8000.0,720000.0,17.892321590906374,752.5137375841646,770.4060591750709
Sonora,Empalme,25,Guaymas,147,Tomate verde,2011,2012,28.003091,-110.661588,26.0,3,2.0,0.5,840.9750062152794,6.1836397515829375,2.5346728441181603,12.83590200019704,20.77503676470588,6.105,28.35,28.33558823529412,11.96,37.1,13.214485294117646,0.25,21.4,38.33191176470588,11.81,69.07,23.07419117647059,8.04,31.87,2.660073529411765,1.27,5.85,3.46,0.025441176470588234,0.0,2.01,2.768,0.020352941176470588,0.0,1.6079999999999999,12.95767230293191,5.003939307522763,19.042493508041336,0.004114272094210469,2,0,6,4,796.0901127624878,5.853603770312411,1.5208037064708961,14.005669424212691,2.768,0.020352941176470588,0.0,1.6079999999999999,793.3221127624879,5.833250829135941,1.5208037064708961,14.005669424212691,27.68,7933.221127624879,7960.901127624879,793.3221127624878,0.003476993314732736,0.9965230066852674,16.0,46.0,41.0,656.0,3500.0,2296000.0,1.73,495.82632047655494,497.55632047655496
Sonora,Empalme,25,Guaymas,147,Tomate verde,2012,2013,28.003091,-110.661588,26.0,2,1.3333333333333333,0.0,812.8184453166571,5.932981352676329,2.440529334440182,10.290881073420707,20.966277372262773,14.190000000000001,30.21,28.386715328467155,18.35,38.51,13.545839416058394,7.14,21.97,40.052700729927004,17.78,70.37,22.540948905109488,5.92,31.33,2.451751824817518,1.28,4.87,2.44,0.01781021897810219,0.0,1.71,1.9520000000000004,0.014248175182481755,0.0,1.368,12.771208150446418,4.800789611502404,18.878930943176798,0.003001900380163527,1,0,10,0,767.0360156473154,5.59880303392201,1.7523599065035895,11.07817301096328,1.9520000000000004,0.014248175182481755,0.0,1.368,765.0840156473154,5.584554858739528,1.69027247531576,11.07817301096328,19.520000000000003,7650.840156473154,7670.360156473154,765.0840156473154,0.002544860945483339,0.9974551390545167,18.0,17.0,17.0,306.0,3717.32,1137499.92,1.0844444444444445,425.04667535961966,426.1311198040641
Sonora,Empalme,25,Guaymas,147,Tomate verde,2013,2014,28.003091,-110.661588,26.0,1,1.0,0.0,825.1675849539708,6.067408712896844,2.6439771776937735,11.01480299520107,20.834999999999997,9.32,28.854999999999997,28.18242647058824,16.37,40.15,13.487573529411764,0.94,21.88,40.39698529411765,16.19,72.45,22.26639705882353,5.9,30.77,2.7336029411764704,1.47,5.36,10.06,0.07397058823529412,0.0,6.7,8.048,0.059176470588235296,0.0,5.36,12.720629627303927,4.993942151248351,19.49296256290261,0.012191462902122073,3,1,7,3,787.6271570712377,5.791376154935571,1.586386306616264,12.030370444251714,6.236030274225294,0.045853163781068344,0.0,3.5480302742252934,781.3911267970125,5.745522991154504,0.0,12.030370444251714,62.36030274225294,7813.911267970125,7876.271570712378,779.5791570712377,0.007917490170620501,0.9920825098293796,18.0,8.0,8.0,144.0,5000.0,720000.0,3.464461263458497,434.1061815538958,437.57064281735427
Sonora,Empalme,25,Guaymas,147,Tomate verde,2014,2015,28.003091,-110.661588,26.0,1,1.0,0.0,838.6076744201789,6.166232900148374,2.123352802792065,10.968954640521476,22.60481617647059,16.39,29.93,29.816029411764706,22.01,39.13,15.393602941176471,9.45,22.08,39.11514705882353,12.22,68.52,21.71191176470588,5.54,31.68,2.486029411764706,1.1,5.82,0.29000000000000004,0.0021323529411764706,0.0,0.28,0.23200000000000004,0.0017058823529411769,0.0,0.22400000000000003,12.413955879354567,4.484278971289133,19.151622423047584,0.0003458112879786233,0,0,9,0,788.8271118933274,5.8001993521568185,1.274011681675239,12.614297836599697,0.23200000000000004,0.0017058823529411769,0.0,0.22400000000000003,788.5951118933273,5.798493469803877,1.274011681675239,12.614297836599697,2.3200000000000003,7885.9511189332725,7888.271118933272,788.5951118933274,0.00029410753827053204,0.9997058924617294,17.0,23.0,23.0,391.0,5090.79,1990498.89,0.1427692307692308,485.2892996266629,485.4320688574321
Sonora,Empalme,25,Guaymas,147,Tomate verde,2015,2016,28.003091,-110.661588,26.0,0,0.0,0.0,721.2814870590828,5.303540346022667,1.5655044355384562,9.320141740352112,21.992536764705882,10.379999999999999,27.25,28.44610294117647,16.08,36.49,15.538970588235292,4.68,21.66,51.16823529411765,25.02,87.29,20.64794117647059,4.14,31.03,2.3941911764705885,1.33,4.76,111.65,0.8209558823529413,0.0,20.66,89.32,0.6567647058823529,0.0,16.528000000000002,12.359434896200657,3.8165663535354386,18.976868395573597,0.15479393552056375,11,7,1,1,682.7679862962183,5.02035284041337,0.9393026613230737,10.718163001404928,35.97744318508232,0.26454002341972294,0.0,6.678153511876001,646.790543111136,4.755812816993647,0.0,10.718163001404928,359.77443185082325,6467.90543111136,6827.679862962183,593.4479862962182,0.052693512155201634,0.9473064878447984,16.0,14.0,12.0,192.0,6976.56,1339499.52,22.139965036973738,398.0249496068529,420.16491464382665
Sonora,Empalme,25,Guaymas,147,Tomate verde,2016,2017,28.003091,-110.661588,26.0,0,0.0,0.0,820.6187412315983,5.989917819208746,2.2410168508334465,8.943606296996535,21.998357664233577,13.815,30.55,29.36912408759124,16.74,37.39,14.62759124087591,5.83,23.71,42.827007299270065,19.49,78.91,22.48985401459854,10.85,30.67,2.5292700729927007,1.52,4.56,33.3,0.24306569343065693,0.0,10.94,26.64,0.19445255474452555,0.0,8.752,12.920924254872043,6.683948917541419,18.95958277849332,0.04057913660370808,8,2,5,0,788.1019343439575,5.752568863824507,1.3446101105000678,9.928906116273337,16.65422742539613,0.12156370383500824,0.0,3.7857639421738543,771.4477069185614,5.631005159989499,0.0,9.928906116273337,166.5422742539613,7714.477069185614,7881.019343439575,761.4619343439575,0.02113207276830207,0.9788679272316979,15.2,22.0,22.0,334.4,6090.31,2036599.66,10.675786811151365,494.5177608452317,505.19354765638303
Sonora,Empalme,25,Guaymas,147,Tomate verde,2017,2018,28.003091,-110.661588,26.0,1,1.0,0.0,806.9919425175923,5.933764283217591,2.0479907540477686,11.972786456551962,22.21588235294118,14.375,29.69,29.335367647058828,18.86,39.56,15.09639705882353,7.55,20.79,45.393750000000004,18.45,79.37,22.09125,4.75,31.06,2.5938235294117646,1.27,5.75,39.53,0.29066176470588234,0.0,28.42,31.62400000000001,0.23252941176470596,0.0,22.736000000000004,12.829639946208642,4.346309123779406,19.574574635284936,0.048984380038141775,4,2,19,0,775.8964888477087,5.70512124152727,1.2287944524286611,13.768704425034755,8.606086869432415,0.06328005051053247,0.0,2.8519810228873594,767.2904019782762,5.641841191016737,0.0,13.768704425034755,86.06086869432416,7672.904019782763,7758.964888477087,744.2724888477087,0.011091797672925929,0.988908202327074,13.6,4.0,4.0,54.4,3970.0,215968.0,4.834880263726076,431.06202358330125,435.8969038470273
Sonora,Empalme,25,Guaymas,147,Tomate verde,2018,2019,28.003091,-110.661588,26.0,4,3.111111111111111,0.5555555555555556,826.7761394643069,6.079236319590492,2.7995232195152124,13.163311506768274,22.718198529411765,14.2,31.39,29.86470588235294,19.74,40.05,15.571691176470589,7.33,23.19,39.40470588235294,14.0,73.79,21.51360294117647,8.13,31.0,2.491323529411765,0.89,4.97,2.1700000000000004,0.01595588235294118,0.0,1.16,1.736,0.012764705882352942,0.0,0.9279999999999999,12.340641946973129,5.619444642071704,19.33643472865918,0.002624652425753371,1,0,12,0,778.3189302791076,5.722933310875791,1.8387051438242463,13.013211143105046,1.736,0.012764705882352942,0.0,0.9279999999999999,776.5829302791075,5.710168604993437,1.8387051438242463,13.013211143105046,17.36,7765.829302791075,7783.189302791075,776.5829302791076,0.0022304481266792074,0.9977695518733206,14.0,36.0,36.0,504.0,5004.71,2522373.84,1.085,485.3643314244422,486.44933142444216
Sonora,Empalme,25,Guaymas,147,Tomate verde,2019,2020,28.003091,-110.661588,26.0,1,1.0,0.0,748.9455589731497,5.506952639508453,1.3164616123276673,9.836846686761426,20.858125,11.95,28.835,27.72426470588235,16.3,38.42,13.991985294117645,4.55,20.52,47.33367647058824,22.66,80.26,20.819191176470586,3.87,30.87,2.577426470588235,1.15,4.67,40.72,0.2994117647058823,0.0,17.49,32.576,0.23952941176470588,0.0,13.991999999999999,12.29780768952292,3.5911374942896925,19.444307869697276,0.0543697729589713,5,3,6,1,713.3290229655154,5.2450663453346715,0.7898769673966004,11.312373689775638,10.48316336974446,0.07708208360106221,0.0,3.9096066927138122,702.845859595771,5.1679842617336105,0.0,11.312373689775638,104.8316336974446,7028.45859595771,7133.290229655155,680.7530229655154,0.014696112217841513,0.9853038877821586,16.0,33.0,33.0,528.0,5182.27,2736238.56,6.296194216062739,422.1296454028655,428.42583961892825
Sonora,Empalme,25,Guaymas,147,Tomate verde,2020,2021,28.003091,-110.661588,26.0,1,1.0,0.0,729.958114426679,5.328161419172839,1.965438627984318,9.913039467897441,21.077080291970802,10.675,31.240000000000002,27.864233576642334,17.61,40.2,14.289927007299271,3.73,23.56,49.59262773722628,23.24,81.08,20.556423357664233,2.95,30.96,2.451678832116788,1.35,4.99,61.22,0.4468613138686131,0.0,29.1,48.976000000000006,0.35748905109489054,0.0,23.28,12.222621537226846,3.4351409573062757,19.312582791732385,0.0838678258246135,6,2,14,1,678.8432939062752,4.955060539461863,1.2251380866486359,8.946621684932103,13.594626093499024,0.09923084739780309,0.0,2.584,665.2486678127763,4.85582969206406,0.0,8.946621684932103,135.94626093499022,6652.486678127762,6788.432939062753,629.8672939062752,0.020026162467145135,0.9799738375328549,15.8,30.0,30.0,474.0,5024.05,2381399.7,8.417725135293512,411.918679760233,420.33640489552647
Sonora,Empalme,25,Guaymas,147,Tomate verde,2021,2022,28.003091,-110.661588,26.0,4,3.111111111111111,1.0,816.4889415985676,6.003595158812997,1.9245036289774669,11.436189963532083,21.167132352941177,13.58,31.43,28.44889705882353,17.7,38.35,13.885367647058823,6.74,25.29,40.89786764705883,16.25,83.23,22.0975,6.27,30.8,2.6230882352941176,1.39,5.13,17.970000000000002,0.13213235294117648,0.0,10.41,14.376000000000001,0.10570588235294119,0.0,8.328000000000001,12.608758181386948,4.70933367367852,19.292931523881048,0.022008871258950957,2,2,8,0,779.1839427001137,5.7292936963243655,1.15470217738648,13.151618458061895,3.6149078162616863,0.02658020453133593,0.0,1.5242056388752059,775.5690348838519,5.702713491793029,0.0,13.151618458061895,36.14907816261686,7755.69034883852,7791.839427001137,764.8079427001137,0.004639351016057789,0.9953606489839422,16.0,35.0,35.0,560.0,4956.25,2775500.0,2.1908532219767793,470.04183932354664,472.23269254552343
Sonora,Empalme,25,Guaymas,147,Tomate verde,2022,2023,28.003091,-110.661588,26.0,3,2.1666666666666665,0.5,819.8763883407757,6.028502855446881,2.225400511812591,11.727615620357914,21.438897058823528,12.14,29.085,28.972499999999997,19.6,40.55,13.90529411764706,4.68,20.62,42.59742647058824,17.7,77.06,22.726617647058823,7.66,32.1,2.5584558823529413,1.39,4.37,0.14,0.0010294117647058824,0.0,0.07,0.11200000000000002,0.000823529411764706,0.0,0.05600000000000001,12.998637188680819,5.141747851739177,19.391867009770188,0.00017075744830671963,0,0,13,1,785.1332068397908,5.773038285586697,1.3352403070875545,12.278721998946393,0.11200000000000002,0.000823529411764706,0.0,0.05600000000000001,785.0212068397908,5.772214756174932,1.328407728216887,12.278721998946393,1.12,7850.212068397908,7851.332068397908,785.0212068397908,0.00014265095276100583,0.999857349047239,17.0,21.0,21.0,357.0,5022.41,1793000.37,0.05743589743589744,402.5749778665594,402.63241376399526
Sonora,Empalme,25,Guaymas,147,Tomate verde,2023,2024,28.003091,-110.661588,26.0,2,2.0,0.0,793.1889901852038,5.83227198665591,2.1133322544487587,9.98597253821024,20.575477941176473,12.865,28.305,27.683161764705883,16.99,37.98,13.467794117647058,5.55,21.31,42.14073529411764,19.33,78.75,21.494779411764707,3.4,31.18,2.6516176470588237,1.39,5.0,15.059999999999999,0.11073529411764704,0.0,4.01,12.048,0.08858823529411765,0.0,3.208,12.352900907918709,3.788839199300112,18.762324740265807,0.018986647805693316,4,0,5,0,754.6580524976487,5.548956268365064,1.2762921335781765,11.070379675076508,10.18090758740027,0.07485961461323729,0.0,2.44,744.4771449102484,5.474096653751826,0.0,11.070379675076508,101.8090758740027,7444.7714491024835,7546.580524976486,742.6100524976487,0.01349075591747163,0.9865092440825284,20.0,5.0,5.0,100.0,5380.0,538000.0,4.966296384097693,363.15958288304796,368.12587926714565
Sonora,Empalme,25,Guaymas,147,Avena forrajera en verde,2013,2014,28.003091,-110.661588,26.0,1,1.0,0.0,766.4582802378378,4.881899874126355,2.449250838841154,9.925357587578068,20.24092356687898,9.32,28.59,27.157707006369428,16.37,36.26,13.324140127388537,0.94,22.71,42.77044585987261,16.19,76.89,17.326942675159234,5.9,27.87,2.5385350318471342,1.06,5.36,14.899999999999999,0.09490445859872611,0.0,6.7,11.92,0.07592356687898089,0.0,5.36,9.347819444480521,4.658139431664793,16.788034408482062,0.019440066581805884,4,1,2,3,708.2531345673697,4.511166462212546,0.7347752516523461,8.932821828820261,9.326911816364266,0.05940708163289341,0.0,2.8541924713183846,698.9262227510053,4.451759380579651,0.0,8.932821828820261,93.26911816364266,6989.262227510053,7082.531345673696,696.3331345673697,0.013168895923152573,0.9868311040768473,16.75,78.0,78.0,1306.5,800.0,1045200.0,5.568305562008517,417.2693867170181,422.8376922790266
Sonora,Empalme,25,Guaymas,147,Avena forrajera en verde,2014,2015,28.003091,-110.661588,26.0,1,1.0,0.0,748.1779322428943,4.7654645365789445,2.03371123593299,10.57066153315027,21.192388535031846,14.190000000000001,27.585,27.8091719745223,17.58,34.96,14.5756050955414,8.0,21.85,45.89732484076433,18.12,75.25,17.093503184713374,5.54,27.52,2.370828025477707,1.1,5.82,15.340000000000002,0.09770700636942677,0.0,6.95,12.271999999999998,0.0781656050955414,0.0,5.5600000000000005,9.34095316238918,4.270099759624174,16.38546083095535,0.02050314415718413,3,1,0,0,697.9847152445766,4.44576251748138,0.8048244916001784,9.513595379835243,8.363237023736183,0.05326902562889288,0.0,2.5124691024132444,689.6214782208403,4.392493491852486,0.0,9.513595379835243,83.63237023736183,6896.214782208403,6979.8471524457655,685.7127152445765,0.011981977314224812,0.9880180226857751,17.5,101.0,101.0,1767.5,804.71,1422324.93,4.778992584992104,394.0694161261945,398.8484087111866
Sonora,Empalme,25,Guaymas,147,Avena forrajera en verde,2015,2016,28.003091,-110.661588,26.0,0,0.0,0.0,706.7768466370476,4.5017633543760995,1.5655044355384562,8.790979237745569,21.341624203821656,10.379999999999999,27.25,27.785159235668786,16.08,36.49,14.898089171974522,4.68,22.08,50.56254777070064,19.18,87.29,16.738662420382166,4.14,26.53,2.327770700636943,1.33,5.49,92.78000000000002,0.590955414012739,0.0,20.66,74.22400000000002,0.4727643312101912,0.0,16.528000000000002,9.351342049227414,3.8165663535354386,16.14404354952185,0.13127198555167938,10,5,1,1,658.3278593735445,4.1931710788123855,1.0860895629726306,10.109626123407404,24.91223916290369,0.15867668256626552,0.0,3.2398190468645423,633.4156202106408,4.03449439624612,0.0,10.109626123407404,249.12239162903688,6334.156202106407,6583.278593735444,584.1038593735444,0.03784169059260203,0.962158309407398,16.5,100.0,100.0,1650.0,790.75,1304737.5,15.098326765396175,383.8882546731156,398.9865814385118
Sonora,Empalme,25,Guaymas,147,Avena forrajera en verde,2016,2017,28.003091,-110.661588,26.0,0,0.0,0.0,762.5664589507555,4.826369993359212,2.1156623555309664,8.633831405455076,20.56506329113924,11.05,26.66,27.702025316455696,16.74,35.14,13.428101265822784,4.41,19.19,46.169683544303794,19.49,78.91,17.738354430379747,4.06,27.99,2.496645569620253,1.11,5.07,40.400000000000006,0.2556962025316456,0.0,10.94,32.32000000000001,0.2045569620253165,0.0,8.752,9.617896608623486,3.7112519199880594,16.339849963054057,0.05297898894686231,10,2,2,1,707.7687917558133,4.47954931491021,0.6418690925402311,7.770448264909569,23.024158999030487,0.14572252531031954,0.0,3.28,684.7446327567828,4.333826789599891,0.0,7.770448264909569,230.24158999030487,6847.446327567828,7077.6879175581325,675.4487917558132,0.03253062195906207,0.967469378040938,17.0,6.0,6.0,102.0,909.09,92727.18,13.54362294060617,402.7909604451664,416.33458338577253
Sonora,Empalme,25,Guaymas,147,Avena forrajera en verde,2017,2018,28.003091,-110.661588,26.0,1,1.0,0.0,733.7846164135742,4.673787365691555,1.9541238713980629,9.104115116139448,21.30152866242038,14.375,30.825,27.998025477707003,18.86,38.69,14.605031847133757,7.55,23.51,48.749235668789815,23.32,79.37,17.266496815286622,3.04,27.84,2.366305732484076,1.1,5.75,52.11,0.3319108280254777,0.0,28.42,41.688,0.2655286624203822,0.0,22.736000000000004,9.541623347415813,3.2717656948751155,16.978582219860613,0.0710153890315818,6,3,10,0,665.6587523986498,4.239864664959553,1.1458031357558693,8.193703604525505,14.321263806332427,0.09121824080466513,0.0,2.8160000000000003,651.3374885923173,4.1486464241548875,0.0,8.193703604525505,143.21263806332428,6513.374885923173,6656.587523986497,623.9707523986498,0.021514422749985426,0.9784855772500145,17.5,85.0,85.0,1487.5,906.61,1348582.38,8.183579317904245,372.1928506241813,380.3764299420855
Sonora,Empalme,25,Guaymas,147,Avena forrajera en verde,2018,2019,28.003091,-110.661588,26.0,4,2.2222222222222223,0.2222222222222222,765.517561263853,4.875908033527726,2.6047074155909193,8.734402731173413,21.922101910828026,14.2,29.78,28.774585987261144,19.74,37.63,15.069617834394903,5.74,21.93,42.98783439490446,21.81,73.79,16.963312101910827,3.7,28.08,2.3305095541401273,0.89,6.58,15.59,0.09929936305732484,0.0,12.31,12.472000000000001,0.07943949044585988,0.0,9.848,9.212251660716756,3.574090786105792,16.585432357850433,0.020365306805321677,2,1,6,0,704.0284388662612,4.484257572396569,1.1919009023297085,8.740968877261105,5.983149900970202,0.03810923503802676,0.0,3.3591499009702015,698.0452889652911,4.446148337358542,0.0,8.740968877261105,59.831499009702014,6980.452889652911,7040.284388662613,691.5564388662613,0.008498449168623391,0.9915015508313767,16.8,60.0,60.0,1008.0,856.61,863462.88,3.5613987505775007,415.50314819362563,419.06454694420313
Sonora,Empalme,25,Guaymas,147,Avena forrajera en verde,2019,2020,28.003091,-110.661588,26.0,0,0.0,0.0,667.0017017770213,4.248418482656186,1.3164616123276673,9.186151675271983,19.64044585987261,11.95,25.07,26.131656050955414,16.3,34.84,13.14923566878981,4.55,20.91,51.32171974522293,27.41,81.98,16.383694267515924,3.87,27.3,2.324012738853503,1.11,4.36,53.67,0.3418471337579618,0.0,17.49,42.936,0.2734777070063694,0.0,13.991999999999999,9.16232181529244,3.5911374942896925,16.164503674173027,0.08046456231972537,7,4,0,1,615.8326667065749,3.9225010618253178,0.9165099803256725,8.267536507744785,15.568528945977238,0.09916260475144738,0.0,3.0596921942977664,600.2641377605976,3.82333845707387,0.0,8.267536507744785,155.68528945977238,6002.641377605976,6158.326667065749,572.8966667065748,0.025280453258896638,0.9747195467411033,16.5,97.0,97.0,1600.5,823.72,1318363.86,9.435472088471053,363.7964471276349,373.23191921610595
Sonora,Empalme,25,Guaymas,147,Avena forrajera en verde,2020,2021,28.003091,-110.661588,26.0,1,1.0,0.0,614.4856604154247,3.8891497494647136,0.9593777628656506,7.779671030375742,19.764240506329113,10.675,27.04,25.935063291139244,17.61,33.84,13.593417721518989,3.73,21.57,57.49867088607594,23.24,93.31,15.54145569620253,2.07,27.7,2.3737341772151894,1.24,5.27,137.09,0.8676582278481013,0.0,36.96,109.67200000000001,0.6941265822784811,0.0,29.568,8.942167847280103,2.6696849297050402,16.311418363092393,0.22309715072491673,14,6,0,1,566.0583059048492,3.582647505726894,0.7316988664319681,7.001703927338168,30.330854714721024,0.19196743490329762,0.0,2.758733238792455,535.7274511901281,3.390680070823596,0.0,7.001703927338168,303.3085471472102,5357.274511901282,5660.583059048492,456.3863059048492,0.053582562782533295,0.9464174372174665,16.0,85.0,85.0,1360.0,820.27,1115567.2,18.95678419670064,334.8296569938301,353.78644119053075
Sonora,Empalme,25,Guaymas,147,Avena forrajera en verde,2021,2022,28.003091,-110.661588,26.0,3,2.909090909090909,0.9090909090909091,780.853001209644,4.973585994965886,1.9245036289774669,9.229141501728153,20.182388535031848,13.58,30.439999999999998,27.41808917197452,17.7,38.5,12.946687898089172,6.74,22.38,40.46114649681529,20.08,83.23,17.811273885350317,6.27,27.63,2.4703821656050957,1.32,5.13,35.589999999999996,0.22668789808917195,0.0,11.51,28.472,0.1813503184713376,0.0,9.208,9.358291644814168,4.70933367367852,16.13514488474573,0.04557836102936968,6,3,11,0,719.307123142997,4.581574032757943,1.203773399779359,8.712321409741273,12.440261772072581,0.07923733612785083,0.0,2.921394141177478,706.8668613709244,4.502336696630092,0.0,8.712321409741273,124.40261772072581,7068.668613709244,7193.07123142997,690.8351231429971,0.017294784622339236,0.9827052153776606,16.0,2.0,2.0,32.0,800.0,25600.0,7.775163607545363,441.79178835682774,449.5669519643731
Sonora,Empalme,25,Guaymas,147,Avena forrajera en verde,2022,2023,28.003091,-110.661588,26.0,2,1.3333333333333333,0.0,740.0310671190875,4.713573675917755,2.024918649225768,9.748349692915761,20.624076433121022,12.14,27.38,27.537324840764327,19.6,35.15,13.710828025477706,4.68,19.76,45.85057324840764,17.75,82.7,17.796369426751593,7.49,27.5,2.3454140127388534,1.32,4.77,43.75,0.2786624203821656,0.0,29.64,35.00000000000001,0.22292993630573252,0.0,23.712000000000003,9.637418284886706,5.059199338549035,16.4714348932062,0.059119139646821944,4,3,3,1,672.9471774092698,4.28628775419917,1.1423005111886946,8.773514723624185,9.819814552441585,0.06254658950599735,0.0,3.4232989103668863,663.1273628568283,4.223741164693174,0.0,8.773514723624185,98.19814552441585,6631.273628568283,6729.471774092699,637.9471774092698,0.014592251638897085,0.9854077483611031,17.0,2.0,2.0,34.0,820.0,27880.0,5.776361501436226,390.07491932754607,395.8512808289823
Sonora,Empalme,25,Guaymas,147,Avena forrajera en verde,2023,2024,28.003091,-110.661588,26.0,2,1.7777777777777777,0.0,711.8491064479776,4.534070741706864,2.1133322544487587,8.415205920767981,19.20417197452229,12.865,26.21,25.855796178343954,16.99,33.7,12.552547770700636,5.55,19.31,47.04414012738854,21.42,78.75,16.938343949044583,3.4,28.22,2.5169426751592354,1.33,5.02,16.959999999999997,0.10802547770700635,0.0,4.01,13.568000000000001,0.0864203821656051,0.0,3.208,9.216545893947988,3.788839199300112,16.531622348365282,0.023825273989073196,5,0,0,0,666.1347834173752,4.24289670966481,0.9612215619810927,7.573685328691183,12.930072875850517,0.082357152075481,0.0,2.570072875850518,653.2047105415246,4.1605395575893285,0.0,7.573685328691183,129.30072875850516,6532.047105415246,6661.347834173751,652.5667834173752,0.019410595569739248,0.9805894044302607,18.53,2.0,2.0,37.06,861.0,31908.66,6.977913046870219,352.51198626094146,359.4898993078117
Sonora,Empalme,25,Guaymas,147,Maíz grano,2010,2011,28.003091,-110.661588,26.0,1,1.0,0.0,1274.5942166578193,7.453767348876136,4.115640499234913,10.649724512246678,28.632076023391814,18.59,36.14,34.67649122807018,22.75,43.22,22.58766081871345,11.88,29.06,50.933801169590645,22.08,79.61,26.67099415204678,15.04,31.9,2.556023391812866,0.94,5.59,173.62,1.0153216374269005,0.0,27.46,138.89600000000004,0.8122573099415207,0.0,21.968000000000004,17.2467589370288,10.928325925543634,20.215894463924307,0.13621590128916336,24,11,82,0,1156.421628114928,6.762699579619461,1.5069999290257658,12.779669414696013,80.71317746453762,0.47200688575752997,0.0,6.856000000000001,1075.7084506503904,6.290692693861932,0.0,12.779669414696013,807.1317746453763,10757.084506503905,11564.216281149282,1017.5256281149278,0.06979563119734056,0.9302043688026596,5.0,137.0,137.0,684.32,2499.98,1710787.5,161.42635492907525,2151.416901300781,2312.8432562298563
Sonora,Empalme,25,Guaymas,147,Maíz grano,2011,2012,28.003091,-110.661588,26.0,3,2.6,0.6,1309.5659662311373,7.658280504275656,3.1988951295925205,14.165390457472167,29.057397660818715,17.775,35.765,35.335614035087715,23.14,43.73,22.779181286549708,11.4,29.08,49.04409356725146,11.81,78.23,26.647953216374276,11.39,32.54,2.512923976608187,1.07,5.11,170.95999999999998,0.9997660818713449,0.0,25.16,136.76800000000003,0.7998128654970762,0.0,20.128,17.148531486790016,8.56378692373596,20.01959098187152,0.13054707010446673,27,10,103,0,1176.2259107087812,6.878514097712171,1.5789001693010989,16.9984685489666,97.41609464925745,0.5696847640307453,0.0,8.55860110765375,1078.8098160595237,6.308829333681425,0.0,16.9984685489666,974.1609464925745,10788.098160595237,11762.259107087812,1039.4579107087811,0.08282090520396337,0.9171790947960365,4.7,282.0,282.0,1325.0,2200.0,2915000.0,207.26828648778178,2295.340034169199,2502.608320656981
Sonora,Empalme,25,Guaymas,147,Maíz grano,2012,2013,28.003091,-110.661588,26.0,1,1.0,0.0,1246.9038103470284,7.291835148228237,3.2255241333086384,10.756779302500071,28.836549707602344,18.740000000000002,34.260000000000005,34.77309941520468,24.5,42.75,22.900000000000002,10.95,28.42,51.58935672514619,18.2,83.37,26.03690058479532,8.7,31.96,2.3920467836257306,0.73,5.05,263.64000000000004,1.5417543859649125,0.0,31.53,158.184,0.9250526315789473,0.0,18.918,16.836026970756244,6.942619222628836,20.572881404155144,0.21143571606106956,39,15,85,0,1115.72957710083,6.5247343690107025,1.8322188808779418,12.908135163000084,99.74284734805426,0.5832915049593816,0.0,4.543112870514705,1015.9867297527759,5.941442864051321,0.0,12.908135163000084,997.4284734805426,10159.867297527759,11157.295771008301,957.5455771008301,0.08939697342005692,0.9106030265799432,4.77,218.0,218.0,1039.86,3700.0,3847482.0,418.2090035557831,4259.902430829249,4678.111434385032
Sonora,Empalme,25,Guaymas,147,Maíz grano,2013,2014,28.003091,-110.661588,26.0,1,1.0,0.0,1269.2439878828995,7.4224794613035066,3.242163840285387,12.100008451090064,29.00002923976608,19.015,35.71,35.01643274853801,24.42,42.83,22.983625730994152,12.07,29.21,52.50181286549709,17.14,85.34,26.41918128654971,12.05,31.99,2.51046783625731,0.97,5.15,230.46,1.347719298245614,0.0,20.45,184.36800000000002,1.0781754385964915,0.0,16.36,17.170166766898447,8.921283683920594,20.316598664792068,0.18157265443061704,36,16,90,0,1129.402216093839,6.604691322186192,1.7659699065082186,14.520010141308076,109.39375950217233,0.639729587732002,0.0,8.494192664446818,1020.0084565916668,5.964961734454191,0.0,14.520010141308076,1093.9375950217234,10200.084565916668,11294.022160938392,945.0342160938388,0.09685987679440068,0.9031401232055996,5.5,10.0,10.0,55.0,3500.0,192500.0,198.89774454940425,1854.5608301666668,2053.458574716071
Sonora,Empalme,25,Guaymas,147,Maíz grano,2014,2015,28.003091,-110.661588,26.0,1,1.0,0.0,1246.9529532917404,7.292122533869827,3.9538006736250666,11.999711441283607,29.19345029239766,18.695,35.83,34.92152046783626,22.37,44.0,23.465380116959068,11.73,28.54,53.287309941520476,12.22,83.51,25.47538011695907,6.87,31.68,2.5484795321637432,0.96,6.55,268.88,1.5723976608187133,0.0,24.13,161.32799999999997,0.943438596491228,0.0,14.477999999999998,16.638008282200836,5.600503359643267,20.53300145685372,0.21562962683572243,42,16,82,0,1119.487333000713,6.546709549711772,1.2774532771592595,14.399653729540328,110.96648114433285,0.6489267903177359,0.0,7.086,1008.5208518563802,5.897782759394036,0.0,14.399653729540328,1109.6648114433285,10085.208518563802,11194.87333000713,958.1593330007131,0.09912258752128476,0.9008774124787152,5.0,5.0,5.0,25.0,3000.0,75000.0,221.9329622886657,2017.0417037127604,2238.974666001426
Sonora,Empalme,25,Guaymas,147,Maíz grano,2015,2016,28.003091,-110.661588,26.0,0,0.0,0.0,1166.5004344524464,6.821639967558166,2.727516603815211,11.923679243279768,28.664269005847952,20.225,34.49,33.866666666666674,24.52,41.32,23.46187134502924,14.42,28.77,56.9572514619883,21.26,82.8,25.15812865497076,7.03,31.98,2.354502923976608,0.98,6.02,277.38000000000005,1.622105263157895,0.0,37.53,166.428,0.9732631578947368,0.0,22.518,16.594635282451115,6.143765085781366,20.269483115456435,0.23778816690299975,44,16,64,0,1043.9886669198413,6.105196882572171,1.4712239258923019,14.308415091935721,110.37063708284073,0.6454423221218756,0.0,6.173566069951019,933.6180298370006,5.459754560450295,0.0,14.308415091935721,1103.7063708284072,9336.180298370005,10439.886669198413,877.5606669198413,0.10572014867601538,0.8942798513239846,4.5,30.0,30.0,135.0,3100.0,418500.0,232.3592359638752,1965.5116417621064,2197.8708777259817
Sonora,Empalme,25,Guaymas,147,Maíz grano,2016,2017,28.003091,-110.661588,26.0,1,1.0,0.0,1266.620199698227,7.407135670749866,3.1990164123730374,10.475008211734,28.884298245614037,19.869999999999997,35.53,35.00760233918128,26.05,44.08,22.760994152046784,11.18,28.94,52.30228070175438,24.74,80.9,26.63450292397661,4.62,32.04,2.545263157894737,1.28,5.99,226.65,1.325438596491228,0.0,67.14,181.32000000000002,1.0603508771929826,0.0,53.712,17.326759255923395,4.270471887353048,20.149288010455166,0.17894077487000404,32,11,86,0,1127.392179756021,6.592936723719421,1.5140589613881503,12.5700098540808,95.68247025829727,0.5595466096976449,0.0,7.264,1031.7097094977237,6.033390114021776,0.0,12.5700098540808,956.8247025829727,10317.097094977236,11273.92179756021,946.072179756021,0.0848706173205884,0.9151293826794115,5.2,2.0,2.0,10.4,3000.0,31200.0,184.0047504967255,1984.0571336494684,2168.0618841461937
Sonora,Empalme,25,Guaymas,147,Maíz grano,2018,2019,28.003091,-110.661588,26.0,4,4.0,1.0,1279.9693637872201,7.485200957820001,3.0533531712420174,13.40947590512976,29.46584795321637,21.564999999999998,36.34,35.25836257309942,25.86,43.72,23.673333333333332,14.33,29.72,51.73549707602339,14.0,79.86,26.077309941520475,7.83,31.77,2.5058479532163744,1.01,5.06,224.51,1.312923976608187,0.0,38.71,179.608,1.0503391812865497,0.0,30.968000000000004,16.930289913894175,6.415826901402757,20.293603974695785,0.17540263568161632,36,16,90,0,1149.6700845005525,6.723216868424284,1.598747642101033,16.09137108615571,106.86749797133565,0.6249561284873429,0.0,7.088546898928304,1042.802586529217,6.098260739936942,0.0,16.09137108615571,1068.6749797133566,10428.02586529217,11496.700845005525,970.0620845005526,0.09295492629762717,0.907045073702373,6.5,60.0,60.0,390.0,2993.59,1167500.1,164.4115353405164,1604.3116715834108,1768.7232069239271
Sonora,Empalme,25,Guaymas,147,Maíz grano,2019,2020,28.003091,-110.661588,26.0,2,1.4444444444444444,0.0,1249.5305394825555,7.307196137324886,3.281299291058094,10.799641119852748,28.673011695906432,20.645,35.265,34.54777777777778,25.45,42.59,22.79824561403509,13.22,29.67,53.217017543859654,22.66,89.92,26.319766081871347,12.44,32.21,2.570409356725146,1.12,5.15,192.35999999999999,1.1249122807017542,0.0,26.59,153.88800000000003,0.8999298245614037,0.0,21.272000000000002,17.12474046506127,9.207839479887324,20.43333814596469,0.15394581718639577,31,13,82,0,1116.3045410745622,6.528096731430188,1.7374815570142625,12.959569343823297,91.89896598835936,0.5374208537330957,0.0,7.928557322124712,1024.4055750862028,5.990675877697092,0.0,12.959569343823297,918.9896598835936,10244.055750862028,11163.04541074562,962.4165410745621,0.08232427855206681,0.9176757214479332,6.36,55.0,55.0,350.02,3277.85,1147313.06,144.49522954144553,1610.7005897581803,1755.1958192996258
Sonora,Empalme,25,Guaymas,147,Maíz grano,2020,2021,28.003091,-110.661588,26.0,2,1.4,0.0,1324.022265866217,7.742820268223491,3.713113691629362,11.521781418644204,30.002602339181283,17.635,35.965,36.06795321637427,23.26,42.89,23.937251461988307,11.74,29.21,50.17970760233918,23.68,79.31,26.669590643274855,12.46,32.03,2.5607017543859647,1.35,4.84,126.77,0.7413450292397661,0.0,24.98,101.416,0.5930760233918129,0.0,19.984,17.35164656095992,9.190950147504143,20.350774261677344,0.0957461239649645,23,5,115,0,1189.075874961692,6.953660087495275,1.1139341074888085,13.826137702373044,73.84498883241409,0.43184203995563797,0.0,8.905983459443675,1115.2308861292781,6.521818047539639,0.0,13.826137702373044,738.4498883241408,11152.308861292782,11890.758749616924,1087.6598749616921,0.06210284001834039,0.9378971599816597,7.0,60.0,60.0,420.0,3315.48,1392501.6,105.49284118916297,1593.186980184683,1698.6798213738462
Sonora,Empalme,25,Guaymas,147,Maíz grano,2021,2022,28.003091,-110.661588,26.0,4,3.4,0.9,1259.3178435093032,7.364431833387738,3.1997435235501346,12.557701293071153,29.304152046783628,21.235,34.31,35.050877192982455,26.82,41.0,23.557426900584797,15.28,28.73,52.8401754385965,16.25,78.39,26.023450292397662,11.54,31.89,2.4748538011695906,0.87,5.61,270.80999999999995,1.5836842105263154,0.0,20.94,162.48600000000002,0.9502105263157896,0.0,12.564,16.946312397886054,8.550776572393225,20.41531595212013,0.21504499550752165,39,18,87,0,1122.3144444567483,6.563242365244142,1.7401518516301708,15.069241551685383,105.3784686068355,0.6162483544259386,0.0,7.7285569400491205,1016.9359758499128,5.946994010818203,0.0,15.069241551685383,1053.7846860683549,10169.359758499128,11223.144444567482,959.8284444567483,0.09389388965571366,0.9061061103442863,7.4,20.0,20.0,148.0,5031.08,744599.84,142.40333595518308,1374.2378052025847,1516.6411411577678
Sonora,Empalme,25,Guaymas,147,Maíz grano,2022,2023,28.003091,-110.661588,26.0,4,3.25,0.875,1196.3181588495468,6.996012624851151,2.706883422556029,11.727615620357914,28.86961988304094,20.28,34.64,34.55888888888889,26.84,42.48,23.180350877192982,13.72,28.53,56.471988304093564,17.7,84.14,25.32099415204678,7.25,32.1,2.4723391812865496,1.05,6.64,290.28,1.6975438596491226,0.0,22.84,174.16799999999998,1.0185263157894735,0.0,13.703999999999999,16.615279838391668,5.8685341438004635,20.12064546020473,0.24264448203239772,48,21,72,0,1069.642760192914,6.255220819841602,1.6241300535336174,14.073138744429498,110.76593436812074,0.6477540021527528,0.0,6.024317815693233,958.8768258247933,5.60746681768885,0.0,14.073138744429498,1107.6593436812075,9588.768258247932,10696.42760192914,895.474760192914,0.10355413834441668,0.8964458616555834,7.0,40.0,40.0,280.0,6767.86,1895000.8,158.23704909731535,1369.8240368925617,1528.061085989877
Sonora,Empalme,25,Guaymas,147,Maíz grano,2023,2024,28.003091,-110.661588,26.0,3,2.5,0.5,1389.0242263616635,8.122948692173471,4.325283908298707,14.180379957508446,29.988508771929823,19.47,36.56,36.409356725146196,26.07,45.35,23.56766081871345,10.56,30.37,45.56631578947369,18.71,77.64,26.8619298245614,12.38,31.51,2.7025146198830408,1.36,5.28,132.87,0.7770175438596492,0.0,23.96,106.296,0.6216140350877193,0.0,19.168000000000003,17.24687315688598,9.172944868988466,19.97523334682412,0.09565707888913691,28,5,105,0,1229.7363072434637,7.19144039323663,1.8644971992911106,17.016455949010133,65.41880669773843,0.382566121039406,0.0,8.156919734637412,1164.3175005457256,6.808874272197226,0.0,17.016455949010133,654.1880669773843,11643.175005457255,12297.363072434639,1123.4403072434636,0.053197426401420216,0.9468025735985801,7.5,15.0,15.0,112.5,6198.47,697327.88,87.22507559698458,1552.4233340609674,1639.648409657952
Sonora,Empalme,25,Guaymas,147,Maíz forrajero en verde,2012,2013,28.003091,-110.661588,26.0,1,1.0,0.0,1190.8327635821497,7.396476792435712,3.2255241333086384,10.756779302500071,28.751552795031056,18.740000000000002,34.260000000000005,34.73993788819876,24.5,42.75,22.763167701863352,10.95,28.42,50.61018633540372,18.2,83.37,26.36428571428571,8.7,31.96,2.408944099378882,0.73,5.05,226.61999999999998,1.4075776397515527,0.0,31.53,181.29600000000002,1.1260621118012424,0.0,25.224000000000004,17.01052907005107,6.942619222628836,20.572881404155144,0.1903037999377035,35,13,80,0,1190.2725240426103,7.392997043742921,1.8322188808779418,12.908135163000084,129.9078999961855,0.8068813664359348,0.0,7.039254521248241,1060.3646240464245,6.586115677306984,0.0,12.908135163000084,1299.078999961855,10603.646240464244,11902.7252404261,1008.9765240426102,0.10914130787037722,0.8908586921296225,25.0,25.0,25.0,625.0,750.0,468750.0,51.963159998474204,424.1458496185698,476.109009617044
Sonora,Empalme,25,Guaymas,147,Maíz forrajero en verde,2013,2014,28.003091,-110.661588,26.0,1,1.0,0.0,1207.7795043834756,7.501736052071277,3.242163840285387,12.100008451090064,28.855186335403722,19.015,35.71,34.88987577639751,24.42,42.83,22.820496894409935,12.07,29.21,51.701863354037265,17.14,85.34,26.658260869565222,12.05,31.99,2.5335403726708075,0.97,5.15,222.19000000000003,1.3800621118012424,0.0,20.45,177.75199999999998,1.1040496894409937,0.0,16.36,17.290295183337637,8.921283683920594,20.316598664792068,0.1839656983692726,33,15,83,0,1210.5691666146263,7.519063146674697,1.7659699065082186,14.520010141308076,125.06460119642918,0.7767987651952123,0.0,8.494192664446818,1085.504565418197,6.742264381479484,0.0,14.520010141308076,1250.6460119642918,10855.04565418197,12105.691666146262,1032.8171666146263,0.10331057873064296,0.8966894212693569,35.0,25.0,25.0,875.0,500.0,437500.0,35.73274319897977,310.1441615480563,345.87690474703606
Sonora,Empalme,25,Guaymas,147,Maíz forrajero en verde,2015,2016,28.003091,-110.661588,26.0,0,0.0,0.0,1108.1842287999118,6.883131855900073,2.727516603815211,11.923679243279768,28.487670807453423,20.225,34.49,33.69875776397515,24.52,41.32,23.27658385093168,14.42,28.77,56.4008695652174,21.26,82.8,25.431242236024843,7.03,31.98,2.3717391304347823,0.98,6.02,256.64,1.5940372670807452,0.0,37.53,153.984,0.9564223602484473,0.0,22.518,16.747354490373397,6.143765085781366,20.269483115456435,0.23158604258239956,41,15,56,0,1114.7787019518296,6.924091316470991,1.4712239258923019,14.308415091935721,113.7886992636755,0.7067621072277981,0.0,6.3856555777245285,1000.9900026881543,6.217329209243195,0.0,14.308415091935721,1137.886992636755,10009.900026881543,11147.787019518299,960.7947019518296,0.10207290385477098,0.8979270961452291,22.0,10.0,10.0,220.0,809.55,178101.0,51.7221360289434,454.9954557673429,506.7175917962863
Sonora,Empalme,25,Guaymas,147,Sorgo grano,2015,2016,28.003091,-110.661588,26.0,0,0.0,0.0,1160.345941542986,6.785648780953135,1.7825666910354283,11.923679243279768,27.11812865497076,17.560000000000002,34.49,32.79029239766082,20.46,41.32,21.4459649122807,11.77,28.77,54.0714619883041,21.26,87.29,25.223859649122804,7.03,31.98,2.422923976608187,0.98,6.02,234.34999999999997,1.3704678362573097,0.0,37.53,187.48000000000002,1.096374269005848,0.0,30.024,16.329867863104297,5.959268449439018,20.269483115456435,0.20196563077418947,34,13,49,0,875.3976653465245,5.119284592669734,0.5347700073106285,11.923679243279768,90.52202546611493,0.5293685699772802,0.0,5.807090010326958,784.8756398804096,4.589916022692454,0.0,11.923679243279768,905.2202546611493,7848.7563988040965,8753.976653465246,687.9176653465245,0.10340674764112143,0.8965932523588787,2.1,536.0,536.0,1125.6,2800.0,3151680.0,862.1145282487136,7475.006094099139,8337.120622347853
Sonora,Empalme,25,Guaymas,147,Sorgo grano,2021,2022,28.003091,-110.661588,26.0,4,3.5454545454545454,1.0,1273.2890027468352,7.44613451898734,4.278886215522355,12.557701293071153,27.366812865497078,15.485000000000001,34.31,33.67508771929824,21.67,41.0,21.05853801169591,9.3,28.26,47.044678362573094,16.25,78.39,26.13391812865497,12.64,31.89,2.660526315789474,1.29,5.61,142.17,0.8314035087719297,0.0,20.94,113.736,0.6651228070175439,0.0,16.752000000000002,16.53980503335079,8.231936130581337,20.41531595212013,0.11165571970958685,24,10,70,0,955.3921660657079,5.587088690442736,1.4646870764111244,11.436189963532083,66.22819577561897,0.38729939050069573,0.0,4.024529506015274,889.163970290089,5.199789299942041,0.0,11.436189963532083,662.2819577561897,8891.63970290089,9553.921660657079,841.6561660657079,0.06932043000556075,0.9306795699944393,0.0,50.0,0.0,0.0,0.0,0.0,,,
Sonora,Empalme,25,Guaymas,147,Sorgo forrajero en verde,2010,2011,28.003091,-110.661588,26.0,1,1.0,0.0,1145.2926313485355,7.584719412904208,2.9777742067768,10.649724512246678,25.93109271523178,14.93,36.14,32.80066225165562,20.93,43.22,19.061523178807946,8.3,29.06,44.264834437086094,22.08,75.72,27.169536423841055,10.5,31.9,2.8256291390728476,1.62,5.59,64.96,0.4301986754966887,0.0,22.03,51.968,0.344158940397351,0.0,17.624000000000002,16.91711211219206,7.3781184209055946,20.215894463924307,0.056719128563249586,5,4,51,0,1005.5083075693673,6.658995414366671,0.89333226203304,10.204508310738492,24.798295634360862,0.16422712340636333,0.0,6.017458175209502,980.7100119350064,6.494768290960307,0.0,10.204508310738492,247.98295634360863,9807.100119350063,10055.083075693672,953.5403075693673,0.02466244728927821,0.9753375527107218,40.54,111.0,111.0,4500.0,796.0,3582000.0,8.402404213133341,332.29388251694365,340.696286730077
Sonora,Empalme,25,Guaymas,147,Sorgo forrajero en verde,2011,2012,28.003091,-110.661588,26.0,3,3.0,1.0,1185.9785208244652,7.854162389565995,4.445047883641013,14.165390457472167,26.54430463576159,17.775,35.765,33.66609271523179,23.14,43.73,19.42251655629139,10.0,28.8,41.993841059602644,11.81,73.42,27.54231788079471,13.53,32.54,2.7184105960264904,1.07,5.11,80.64000000000001,0.5340397350993379,0.0,21.64,64.512,0.4272317880794702,0.0,17.312,17.02331599366319,9.996570968805859,20.01959098187152,0.06799448605860157,10,5,61,0,1033.374667135092,6.843540841954252,1.416046097550612,14.165390457472167,42.29785753988346,0.28011826185353284,0.0,6.0623424512547395,991.0768095952085,6.563422580100719,0.0,14.165390457472167,422.9785753988346,9910.768095952084,10333.746671350918,968.8626671350921,0.04093177323298356,0.9590682267670163,39.5,50.0,50.0,1975.0,680.0,1343000.0,13.04147714487671,305.5735281382966,318.6150052831733
Sonora,Empalme,25,Guaymas,147,Sorgo forrajero en verde,2012,2013,28.003091,-110.661588,26.0,1,1.0,0.0,1144.5295947769469,7.579666190575807,2.7049895004983955,10.756779302500071,26.528774834437083,14.97,34.215,33.32781456953642,19.29,42.75,19.72973509933775,9.36,28.42,42.3635761589404,17.78,77.21,26.74940397350993,8.7,31.96,2.6178145695364234,0.73,5.05,81.49000000000001,0.5396688741721855,0.0,22.55,65.192,0.4317350993377483,0.0,18.040000000000003,16.596491179184184,6.942619222628836,20.572881404155144,0.07119955689383575,18,3,59,0,1001.1490567192141,6.630126203438504,0.8114968501495187,10.290881073420707,49.52440555898948,0.3279761957548972,0.0,5.543197637037085,951.6246511602246,6.302150007683607,0.0,10.290881073420707,495.2440555898948,9516.246511602247,10011.490567192142,935.957056719214,0.04946756452159279,0.9505324354784073,40.0,124.0,124.0,4960.0,800.0,3968000.0,19.23277885785999,369.5629713243591,388.79575018221914
Sonora,Empalme,25,Guaymas,147,Sorgo forrajero en verde,2013,2014,28.003091,-110.661588,26.0,1,1.0,0.0,1153.2412934805402,7.637359559473777,3.9374192436560738,12.100008451090064,26.911589403973515,15.559999999999999,34.26,33.69827814569537,21.08,41.78,20.124900662251655,9.55,29.21,45.19900662251656,16.19,77.57,27.112251655629137,14.82,31.99,2.684966887417219,1.51,5.16,68.25000000000001,0.4519867549668875,0.0,14.85,54.60000000000001,0.36158940397350997,0.0,11.88,16.971566737516532,10.22671672891626,20.316598664792068,0.0591810234214022,12,6,59,0,1001.4158434996036,6.631893003308633,1.181225773096822,11.574533936407628,42.19564053707856,0.2794413280601229,0.0,6.016719803983163,959.220202962525,6.35245167524851,0.0,11.574533936407628,421.9564053707856,9592.20202962525,10014.158434996036,946.8158434996036,0.042135982580043196,0.9578640174199567,37.0,65.0,65.0,2405.0,750.0,1803750.0,13.324939116972176,302.91164304079734,316.23658215776953
Sonora,Empalme,25,Guaymas,147,Sorgo forrajero en verde,2014,2015,28.003091,-110.661588,26.0,1,1.0,0.0,1138.934104067589,7.54260996071251,4.133415998125588,11.999711441283607,27.289933774834434,18.695,35.83,33.69582781456953,22.37,44.0,20.884039735099336,11.73,28.54,46.0276821192053,12.22,83.51,26.341523178807947,8.87,31.68,2.611456953642384,0.96,5.82,103.37,0.6845695364238411,0.0,24.11,82.696,0.5476556291390728,0.0,19.288,16.60716845019265,7.181360005138695,20.53300145685372,0.09076029915236045,16,7,60,0,998.9502952373376,6.6155648691214415,1.2793850848570283,11.999711441283607,55.77707970317588,0.3693846337958667,0.0,6.493679389042872,943.1732155341617,6.246180235325574,0.0,11.999711441283607,557.7707970317588,9431.732155341617,9989.502952373376,916.2542952373376,0.05583569069362352,0.9441643093063765,7.0,35.0,35.0,245.0,450.0,110250.0,27.65805605116159,467.6891977855347,495.34725383669627
Sonora,Empalme,25,Guaymas,147,Sorgo forrajero en verde,2015,2016,28.003091,-110.661588,26.0,0,0.0,0.0,1039.8858953040856,6.886661558305202,1.7825666910354283,11.923679243279768,26.557980132450332,17.560000000000002,33.775,32.44172185430464,20.46,41.32,20.674238410596026,11.77,28.26,52.33046357615894,21.26,87.29,25.526754966887413,7.03,31.98,2.518609271523179,1.21,6.02,192.35000000000002,1.2738410596026493,0.0,37.53,153.88,1.0190728476821191,0.0,30.024,16.384336239035033,5.959268449439018,20.269483115456435,0.184972217498683,27,9,39,0,918.7719651425554,6.084582550612949,0.5347700073106285,11.923679243279768,74.38108347251858,0.49258995677164624,0.0,5.807090010326958,844.3908816700368,5.5919925938413035,0.0,11.923679243279768,743.8108347251858,8443.908816700368,9187.719651425554,764.8919651425554,0.08095706692680563,0.9190429330731944,8.0,40.0,40.0,320.0,647.5,207200.0,38.47297420992341,436.753904312088,475.2268785220114
Sonora,Empalme,25,Guaymas,147,Sorgo forrajero en verde,2016,2017,28.003091,-110.661588,26.0,0,0.0,0.0,1117.064876239593,7.397780637348299,3.291968645368569,10.475008211734,26.766423841059602,14.155,35.53,33.3966225165563,16.74,44.08,20.136225165562916,9.5,28.94,47.492847682119205,20.2,76.53,27.03827814569536,12.05,32.04,2.5939072847682123,1.42,4.41,102.07999999999998,0.6760264900662251,0.0,27.97,81.664,0.5408211920529802,0.0,22.376,17.081315525240413,8.694393122781513,20.149288010455166,0.09138233792081508,16,6,48,0,973.0807444101674,6.444243340464685,0.9875905936105707,10.475008211734,50.54998936926998,0.3347681415183442,0.0,5.808,922.5307550408975,6.109475198946341,0.0,10.475008211734,505.4998936926998,9225.307550408976,9730.807444101676,891.4167444101674,0.05194840167134418,0.9480515983286558,8.2,34.0,34.0,278.8,652.41,181891.91,24.128873207288773,440.34880908873396,464.47768229602275
Sonora,Empalme,25,Guaymas,147,Sorgo forrajero en verde,2017,2018,28.003091,-110.661588,26.0,1,1.0,0.0,1141.51678201482,7.559713788177615,3.4183931412506023,11.972786456551962,27.290894039735093,19.445,34.235,34.10615894039735,22.92,40.83,20.475629139072847,11.81,28.56,45.55033112582781,18.45,80.69,26.848609271523177,13.28,31.84,2.582251655629139,1.31,5.09,117.15999999999998,0.7758940397350992,0.0,23.32,93.72800000000002,0.6207152317880796,0.0,18.656000000000002,16.8469415511561,8.63196745340343,20.061268813029635,0.10263537237990333,16,7,76,0,996.3848526052873,6.5985751828164725,1.0255179423751806,11.972786456551962,53.84363472514297,0.3565803624181654,0.0,6.248,942.5412178801444,6.241994820398307,0.0,11.972786456551962,538.4363472514297,9425.412178801444,9963.848526052872,902.6568526052872,0.054038993652257825,0.9459610063477423,7.0,36.0,36.0,252.0,870.76,219431.52,32.113499836069366,562.1518198092313,594.2653196453007
Sonora,Empalme,25,Guaymas,147,Sorgo forrajero en verde,2018,2019,28.003091,-110.661588,26.0,4,4.0,1.0,1180.2522253257791,7.81623990281973,3.0533531712420174,13.40947590512976,27.4612582781457,18.325,36.34,34.18033112582781,23.64,43.72,20.74218543046358,10.49,29.72,42.44556291390729,14.0,77.8,26.49980132450331,7.83,31.77,2.7364900662251657,1.39,5.06,90.06,0.5964238410596027,0.0,38.71,72.04800000000002,0.4771390728476822,0.0,30.968000000000004,16.548027661230194,6.415826901402757,20.293603974695785,0.07630572352883401,11,5,66,0,1035.152259469783,6.85531297662108,1.1615563240241713,13.40947590512976,35.56830899617561,0.23555171520646098,0.0,5.4477213195218335,999.5839504736074,6.619761261414618,0.0,13.40947590512976,355.6830899617561,9995.839504736074,10351.52259469783,963.1042594697831,0.034360461150318225,0.9656395388496817,40.0,9.0,9.0,360.0,724.31,260751.6,16.543399533104935,464.922767662143,481.4661671952479
Sonora,Empalme,25,Guaymas,147,Sorgo forrajero en verde,2019,2020,28.003091,-110.661588,26.0,1,1.0,0.0,1120.8190940382192,7.4226430068756235,2.786415983379047,10.799641119852748,26.30582781456954,17.01,35.265,32.94682119205297,20.27,42.59,19.664834437086096,10.17,29.67,45.99079470198676,22.66,74.88,26.682251655629138,5.59,32.21,2.6572847682119205,1.36,5.15,66.74,0.4419867549668874,0.0,17.49,53.392,0.35358940397350996,0.0,13.991999999999999,16.81838896837852,5.032018813816755,20.43333814596469,0.05954573789383018,10,4,53,0,988.4200146145265,6.54582791135448,0.8359247950137141,9.836846686761426,33.923958834604264,0.22466197903711432,0.0,5.616061436505005,954.4960557799225,6.321165932317367,0.0,9.836846686761426,339.23958834604264,9544.960557799224,9884.200146145267,935.0280146145265,0.03432140014671218,0.9656785998532881,35.0,10.0,10.0,350.0,762.86,267001.0,16.69075465417184,469.61675561127794,486.30751026544976
Sonora,Empalme,25,Guaymas,147,Sorgo forrajero en verde,2020,2021,28.003091,-110.661588,26.0,1,1.0,0.0,1115.6832836864742,7.388631017791219,1.965438627984318,11.521781418644204,27.070463576158943,14.17,34.7,33.5358940397351,17.61,41.95,20.60503311258278,8.71,29.07,47.79403973509933,23.68,81.08,26.139403973509935,4.88,32.03,2.5986092715231788,1.35,4.99,115.16999999999999,0.7627152317880794,0.0,29.1,92.136,0.6101721854304636,0.0,23.28,16.64763093134924,4.483520978908895,20.350774261677344,0.10322822048516477,15,4,75,0,994.151216269145,6.583782889199636,0.5896315883952954,11.521781418644204,36.866205092678165,0.24414705359389513,0.0,6.308404950439271,957.2850111764668,6.3396358356057405,0.0,11.521781418644204,368.66205092678166,9572.850111764668,9941.51216269145,902.0152162691451,0.03708309610184839,0.9629169038981515,33.0,15.0,15.0,495.0,749.09,370799.55,18.38713470956517,477.4488833797839,495.83601808934907
Sonora,Empalme,25,Guaymas,147,Sorgo forrajero en verde,2021,2022,28.003091,-110.661588,26.0,4,3.5555555555555554,1.0,1152.971426287874,7.635572359522344,4.374689230700111,12.557701293071153,26.901324503311265,15.485000000000001,34.31,33.50529801324503,21.67,41.0,20.29735099337748,9.3,28.05,44.202450331125824,16.25,72.49,26.59298013245033,12.64,31.89,2.74205298013245,1.29,5.61,84.76,0.5613245033112583,0.0,20.94,67.80799999999999,0.4490596026490066,0.0,16.752000000000002,16.64334315699944,8.231936130581337,20.41531595212013,0.07351439772700587,12,6,61,0,1007.3208400727046,6.670998940878839,1.4646870764111244,11.436189963532083,45.444596851261764,0.30095759504146863,0.0,5.47439449920146,961.8762432214429,6.37004134583737,0.0,11.436189963532083,454.44596851261764,9618.76243221443,10073.208400727048,939.5128400727046,0.04511432211407613,0.9548856778859239,34.0,14.0,14.0,476.0,775.21,368999.96,18.177838740504704,384.75049728857715,402.92833602908183
Sonora,Empalme,25,Guaymas,147,Sorgo forrajero en verde,2022,2023,28.003091,-110.661588,26.0,4,3.0,0.7777777777777778,1125.9878007745567,7.4568728528116335,3.9926189046169007,11.727615620357914,26.955993377483438,16.095,34.64,33.70092715231788,23.84,42.48,20.21105960264901,7.9,28.53,46.45211920529801,17.7,75.4,26.72761589403974,13.24,32.1,2.6288741721854305,1.27,4.37,78.03,0.5167549668874172,0.0,16.04,62.424,0.4134039735099338,0.0,12.832,16.79736605502157,8.068246132286623,20.12064546020473,0.06929915221667933,17,7,57,0,983.7466910446751,6.514878748640233,1.3290511668767635,11.727615620357914,49.71226011544526,0.3292202656652004,0.0,5.302877710707118,934.03443092923,6.185658482975033,0.0,11.727615620357914,497.1226011544526,9340.3443092923,9837.466910446754,921.3226910446751,0.05053359830125992,0.9494664016987402,33.5,12.0,12.0,402.0,803.83,323139.66,19.623260571886288,368.69780168259086,388.32106225447717
Sonora,Empalme,25,Guaymas,147,Sorgo forrajero en verde,2023,2024,28.003091,-110.661588,26.0,3,2.25,0.25,1200.519012879439,7.950457038936682,3.3816948696814872,14.180379957508446,27.083940397350993,15.015,36.56,33.89132450331126,20.15,45.35,20.27655629139073,7.64,30.37,41.19993377483443,18.71,68.28,26.830860927152315,10.64,31.51,2.798675496688741,1.56,5.07,56.849999999999994,0.3764900662251655,0.0,16.81,45.480000000000004,0.30119205298013246,0.0,13.448,16.702723781942726,7.5881317599486104,19.97523334682412,0.0473545186624288,16,2,59,0,1049.0150115493088,6.947119281783502,1.0145084609044461,12.053322963882179,36.38606096581201,0.24096729116431792,0.0,5.777818145368168,1012.628950583497,6.706151990619186,0.0,12.053322963882179,363.8606096581201,10126.289505834971,10490.150115493092,1003.5350115493088,0.03468592971998827,0.9653140702800119,36.52,12.0,12.0,438.24,844.02,369883.32,14.33086292469949,398.8298348103572,413.1606977350567
Sonora,Empalme,25,Guaymas,147,Trigo grano,2010,2011,28.003091,-110.661588,26.0,1,1.0,0.0,784.4553822654306,4.560787106194364,1.8177446224857485,9.131277605246853,19.571337209302325,14.245,25.735,26.25203488372093,17.72,34.13,12.890639534883721,5.8,19.94,50.83465116279069,23.89,81.66,18.231627906976744,7.12,28.85,2.452441860465116,1.18,6.47,70.89000000000001,0.41215116279069774,0.0,24.69,56.711999999999996,0.3297209302325581,0.0,19.752000000000002,10.167931522395481,5.09427709881997,17.424089299601697,0.090368428342319,10,2,0,0,599.8017191378417,3.487219297313033,0.7516230419973322,9.087428559825184,22.083914761672315,0.1283948532655367,0.0,3.7920000000000003,577.7178043761694,3.3588244440474964,0.0,9.087428559825184,220.83914761672315,5777.178043761694,5998.017191378418,543.0897191378417,0.036818692006111375,0.9631813079938887,5.22,693.0,693.0,3616.08,2750.0,9944220.0,42.3063501181462,1106.7390888432365,1149.0454389613826
Sonora,Empalme,25,Guaymas,147,Trigo grano,2011,2012,28.003091,-110.661588,26.0,3,1.6,0.2,884.8234353765713,5.144322298700996,1.9972287675473153,12.178842977576254,19.94267441860465,6.105,26.9,27.243197674418603,11.96,37.1,12.642151162790697,0.25,20.5,41.862906976744185,19.73,82.0,19.331918604651165,8.04,29.35,2.5021511627906974,1.27,5.85,3.9899999999999993,0.02319767441860465,0.0,2.01,3.1919999999999997,0.01855813953488372,0.0,1.6079999999999999,10.340456089763368,5.003939307522763,18.050009555520333,0.0045093742327268925,2,0,2,4,697.759876337347,4.056743467077599,0.9246633403201866,9.996898056113157,2.899750141084249,0.016859012448164238,0.0,1.3157501410842491,694.8601261962629,4.039884454629435,0.0,9.996898056113157,28.997501410842492,6948.601261962629,6977.598763373471,694.567876337347,0.004155799494097455,0.9958442005059027,4.8,500.0,500.0,2400.0,3505.2,8412480.0,6.041146127258853,1447.625262908881,1453.6664090361398
Sonora,Empalme,25,Guaymas,147,Trigo grano,2012,2013,28.003091,-110.661588,26.0,2,1.25,0.0,808.1776237213132,4.671546957926666,1.2268241843109835,9.633193922576766,19.054046242774568,10.885,27.15,25.99554913294798,15.83,35.33,12.112543352601158,4.84,19.39,47.440000000000005,17.78,86.18,18.615838150289015,3.29,29.62,2.412023121387284,1.28,5.37,95.16,0.5500578034682081,0.0,31.37,76.12800000000001,0.44004624277456655,0.0,25.096000000000004,10.178177646484828,3.3232894754763898,17.64662769613194,0.11774639288060067,8,5,1,2,625.1463820523221,3.613562902036544,0.4593329024144628,11.07817301096328,10.434299178874873,0.06031386808598193,0.0,2.3207646998291325,614.7120828734472,3.553249033950562,0.0,11.07817301096328,104.34299178874873,6147.1208287344725,6251.463820523221,549.0183820523221,0.016690969472813115,0.9833090305271869,5.8,354.0,354.0,2053.2,3555.5,7300152.6,17.990170998060126,1059.848418747323,1077.8385897453832
Sonora,Empalme,25,Guaymas,147,Trigo grano,2013,2014,28.003091,-110.661588,26.0,1,1.0,0.0,872.5875785729874,5.0731835963545775,2.449250838841154,10.461191690653665,20.4153488372093,9.32,28.59,27.333488372093022,16.37,36.26,13.497209302325581,0.94,22.71,43.01651162790698,16.19,76.89,18.253255813953487,5.9,30.49,2.5773255813953484,1.06,5.36,14.899999999999999,0.08662790697674418,0.0,6.7,11.92,0.06930232558139535,0.0,5.36,10.005273181221717,4.658139431664793,17.784653340414593,0.017075649901373988,4,1,2,3,685.0499537216074,3.98284856814888,0.7347752516523461,11.414161225714777,10.098222745543678,0.05871059735781208,0.0,3.5480302742252934,674.9517309760637,3.924137970791068,0.0,11.414161225714777,100.98222745543679,6749.517309760637,6850.499537216074,673.1299537216074,0.014740856036386835,0.9852591439636131,5.6,258.0,258.0,1444.8,3662.29,5291276.59,18.032540617042283,1205.2709481715424,1223.3034887885847
Sonora,Empalme,25,Guaymas,147,Trigo grano,2014,2015,28.003091,-110.661588,26.0,1,1.0,0.0,858.9412577368278,4.993844521725743,2.03371123593299,10.968954640521476,21.487383720930232,14.190000000000001,28.67,28.179011627906977,17.58,39.13,14.795755813953487,8.0,21.85,44.96075581395349,12.22,75.25,17.699593023255815,5.54,29.19,2.3995348837209303,1.1,5.82,15.620000000000001,0.0908139534883721,0.0,6.95,12.495999999999999,0.07265116279069767,0.0,5.5600000000000005,9.785986147560397,4.270099759624174,17.491536833631532,0.018185178391775234,3,1,2,0,694.0001539673434,4.034884616089206,0.7432246065405288,12.156260763122809,8.587237023736183,0.04992579664962897,0.0,2.5124691024132444,685.4129169436071,3.9849588194395764,0.0,12.156260763122809,85.87237023736182,6854.129169436072,6940.001539673433,681.5041539673434,0.0123735376348926,0.9876264623651072,5.0,32.0,32.0,160.0,3040.0,486400.0,17.174474047472366,1370.8258338872142,1388.0003079346866
Sonora,Empalme,25,Guaymas,147,Trigo grano,2015,2016,28.003091,-110.661588,26.0,0,0.0,0.0,805.4435548437889,4.682811365370866,1.5655044355384562,9.320141740352112,21.55107558139535,10.379999999999999,27.25,28.00470930232558,16.08,36.49,15.097441860465114,4.68,22.08,50.18139534883721,19.18,87.29,17.459709302325578,4.14,29.68,2.338313953488372,1.33,5.49,114.01,0.6628488372093023,0.0,20.66,91.20800000000001,0.5302790697674419,0.0,16.528000000000002,9.888134052251432,3.8165663535354386,17.8360898509015,0.14154933553613397,12,7,1,1,621.1431624892489,3.611297456332842,1.0448835654714062,7.926609911566813,30.77808067865648,0.17894232952707256,0.0,3.7859620358098525,590.3650818105923,3.4323551268057693,0.0,7.926609911566813,307.78080678656477,5903.6508181059235,6211.431624892488,529.9351624892489,0.04955070350498981,0.95044929649501,4.9,57.0,57.0,279.3,4200.0,1173060.0,62.81240954827852,1204.8266975726374,1267.639107120916
Sonora,Empalme,25,Guaymas,147,Trigo grano,2016,2017,28.003091,-110.661588,26.0,0,0.0,0.0,866.7315630247477,5.010009034825131,2.1156623555309664,8.633831405455076,20.851705202312136,11.05,26.66,27.99647398843931,16.74,35.14,13.706936416184972,4.41,19.19,46.00005780346821,19.49,78.91,18.450289017341042,4.06,29.9,2.5075144508670517,1.11,5.07,40.92,0.23653179190751447,0.0,10.94,32.736000000000004,0.1892254335260116,0.0,8.752,10.168560348585103,3.7112519199880594,18.121034657035974,0.04721184937259706,10,2,2,1,694.8311108859967,4.01636480280923,0.6418690925402311,9.928906116273337,24.26315116037263,0.14024942867267415,0.0,3.7857639421738543,670.5679597256241,3.8761153741365555,0.0,9.928906116273337,242.6315116037263,6705.67959725624,6948.311108859967,662.0951108859967,0.03491949450771436,0.9650805054922856,5.2,75.0,75.0,390.0,3750.0,1462500.0,46.65990607763967,1289.553768703123,1336.2136747807626
Sonora,Empalme,25,Guaymas,147,Alfalfa achicalada,2010,2011,28.003091,-110.661588,26.0,1,1.0,0.0,319.8273846563653,4.208255061267965,1.8177446224857485,7.902111791152335,18.069407894736845,14.245,23.075000000000003,24.734736842105264,17.72,32.06,11.40407894736842,5.8,15.0,53.66513157894737,29.34,81.66,17.615394736842106,7.12,25.79,2.6122368421052635,1.25,6.47,63.37,0.8338157894736842,0.0,24.69,50.696,0.6670526315789473,0.0,19.752000000000002,9.785837027316662,5.09427709881997,14.47332694811152,0.19813813025450316,8,2,0,0,272.9226662808151,3.5910877142212514,1.491952003107608,7.111900612037102,16.0759947237216,0.2115262463647579,0.0,3.138195264241686,256.8466715570935,3.3795614678564934,0.0,7.111900612037102,160.759947237216,2568.466715570935,2729.2266628081506,222.22666628081512,0.05890311326205759,0.9410968867379422,18.0,248.0,248.0,4464.0,1500.0,6696000.0,8.931108179845333,142.69259530949637,151.6237034893417
Sonora,Empalme,25,Guaymas,147,Alfalfa achicalada,2011,2012,28.003091,-110.661588,26.0,1,1.0,0.0,386.5010511508722,5.0855401467220025,2.5346728441181603,8.692954831402746,18.53888157894736,6.105,24.339999999999996,26.109736842105264,11.96,33.94,10.968026315789475,0.25,15.93,39.01894736842105,19.73,69.07,19.150000000000002,8.04,25.07,2.614736842105264,1.27,5.85,1.27,0.016710526315789474,0.0,1.08,1.016,0.01336842105263158,0.0,0.8640000000000001,9.996564594577,5.003939307522763,14.230054439726622,0.0032858901579138284,1,0,0,4,339.30742035181936,4.464571320418676,1.0138691376472642,7.8236593482624714,1.016,0.01336842105263158,0.0,0.8640000000000001,338.29142035181934,4.451202899366044,1.0138691376472642,7.8236593482624714,10.16,3382.9142035181935,3393.0742035181934,338.29142035181934,0.002994334750906818,0.9970056652490932,18.0,250.0,250.0,4500.0,2200.0,9900000.0,0.5644444444444444,187.93967797323296,188.5041224176774
Sonora,Empalme,25,Guaymas,147,Alfalfa achicalada,2012,2013,28.003091,-110.661588,26.0,2,2.0,0.0,363.8027008022364,4.7247104000290445,2.440529334440182,9.633193922576766,18.884285714285713,14.190000000000001,23.705,26.193246753246747,18.35,32.56,11.575324675324675,7.14,16.59,43.6574025974026,17.78,68.85,18.554155844155844,5.92,25.55,2.343896103896104,1.28,4.87,2.39,0.03103896103896104,0.0,1.71,1.9120000000000004,0.024831168831168836,0.0,1.368,9.929131075871759,4.800789611502404,14.638641579784142,0.0065694949342863925,1,0,0,0,316.5397588400775,4.110905958962046,1.2953268069743313,8.66987453031909,1.9120000000000004,0.024831168831168836,0.0,1.368,314.62775884007755,4.086074790130877,1.1583990013478018,8.66987453031909,19.120000000000005,3146.2775884007756,3165.3975884007755,314.62775884007755,0.006040315463075785,0.9939596845369243,18.34,250.0,250.0,4585.0,2591.62,11882577.7,1.042529989094875,171.55275836427347,172.59528835336835
Sonora,Empalme,25,Guaymas,147,Alfalfa achicalada,2013,2014,28.003091,-110.661588,26.0,1,1.0,0.0,377.62545243640363,4.968755953110574,2.6439771776937735,9.925357587578068,18.285263157894736,9.32,26.104999999999997,25.553684210526313,16.37,36.26,11.01684210526316,0.94,18.68,40.286842105263155,16.19,72.45,17.930657894736843,5.9,25.28,2.751578947368421,1.47,5.36,10.01,0.13171052631578947,0.0,6.7,8.008,0.10536842105263157,0.0,5.36,9.524778139513886,4.993942151248351,14.66792687128886,0.026507747121960207,3,1,1,3,329.83242604014663,4.339900342633508,1.128556408766597,8.932821828820261,5.424719345045882,0.07137788611902476,0.0,2.776719345045882,324.40770669510067,4.268522456514482,0.0,8.932821828820261,54.24719345045882,3244.0770669510066,3298.3242604014654,321.82442604014665,0.016446895201218316,0.9835531047987814,17.0,250.0,250.0,4250.0,2600.0,11050000.0,3.1910113794387542,190.82806276182393,194.01907414126268
Sonora,Empalme,25,Guaymas,147,Alfalfa achicalada,2014,2015,28.003091,-110.661588,26.0,1,1.0,0.0,390.76730329785187,5.141675043392787,2.123352802792065,10.57066153315027,21.275723684210526,16.39,25.655,28.369210526315783,22.01,34.96,14.182236842105262,9.45,18.19,40.50013157894737,18.12,68.52,18.014473684210525,5.54,26.03,2.361973684210526,1.1,5.82,0.01,0.00013157894736842105,0.0,0.01,0.008,0.00010526315789473685,0.0,0.008,9.653407072380885,4.484278971289133,13.818181867837477,2.559067740725935e-05,0,0,0,0,341.5365216364543,4.493901600479663,0.849341121116826,9.513595379835243,0.008,0.00010526315789473685,0.0,0.008,341.5285216364543,4.493796337321767,0.849341121116826,9.513595379835243,0.08,3415.285216364543,3415.365216364543,341.52852163645434,2.3423556466724028e-05,0.9999765764435332,17.05,200.0,200.0,3410.0,2701.37,9211671.7,0.00469208211143695,200.3099833644893,200.31467544660075
Sonora,Empalme,25,Guaymas,147,Alfalfa achicalada,2015,2016,28.003091,-110.661588,26.0,0,0.0,0.0,321.4294154834489,4.229334414255907,1.5655044355384562,6.8927042709276645,20.308223684210525,10.379999999999999,24.049999999999997,26.662236842105266,16.08,32.62,13.954210526315793,4.68,17.95,53.77105263157895,25.02,87.29,16.78039473684211,4.14,23.91,2.2925000000000004,1.33,4.69,87.82000000000001,1.1555263157894737,0.0,20.66,70.25599999999999,0.9244210526315788,0.0,16.528000000000002,9.543036210643654,3.8165663535354386,14.23756120280678,0.27321706032384596,8,5,0,1,278.6964530667106,3.667058592983034,1.139742514729306,6.203433843834898,20.522659549925237,0.27003499407796366,0.0,3.4198089939125724,258.17379351678534,3.3970235989050703,0.0,6.203433843834898,205.22659549925237,2581.7379351678533,2786.9645306671055,208.44045306671063,0.07363803638007836,0.9263619636199215,16.5,200.0,200.0,3300.0,2725.24,8993292.0,12.437975484803173,156.46896576774867,168.90694125255183
Sonora,Empalme,25,Guaymas,147,Alfalfa achicalada,2016,2017,28.003091,-110.661588,26.0,0,0.0,0.0,399.25433619206626,5.185121249247614,2.2410168508334465,8.633831405455076,20.65123376623377,13.815,26.66,28.237272727272728,16.74,35.14,13.065194805194805,5.83,19.04,41.09168831168831,19.49,78.91,18.62233766233766,10.85,25.41,2.478051948051948,1.52,4.56,32.78,0.4257142857142857,0.0,10.94,26.223999999999997,0.3405714285714285,0.0,8.752,9.882270744969922,6.683948917541419,14.868605413922062,0.08210305318820826,8,2,2,0,354.6464409902932,4.605797934938872,0.8964067403333786,7.770448264909569,12.818593869777605,0.1664752450620468,0.0,3.0337730264643326,341.8278471205155,4.439322689876825,0.0,7.770448264909569,128.18593869777604,3418.2784712051553,3546.4644099029315,328.4224409902932,0.036144713123255214,0.9638552868767446,21.5,100.0,100.0,2150.0,2759.07,5932000.5,5.96213668361749,158.9896963351235,164.951833018741
Sonora,Empalme,25,Guaymas,147,Alfalfa achicalada,2017,2018,28.003091,-110.661588,26.0,1,1.0,0.0,351.96336681424077,4.631096931766326,2.0479907540477686,8.044237563917491,20.255789473684207,14.375,29.165,27.111710526315786,18.86,38.11,13.39986842105263,7.55,20.22,49.655789473684216,23.32,79.37,17.593289473684212,4.75,24.81,2.4939473684210527,1.27,5.75,38.78,0.5102631578947369,0.0,28.42,31.024000000000008,0.4082105263157896,0.0,22.736000000000004,9.736295439548375,4.346309123779406,14.198774061161537,0.11018192134884114,4,2,5,0,305.21672131469825,4.016009490982872,0.8191963016191075,7.239813807525742,8.253318580284448,0.1085962971090059,0.0,2.3559843232547752,296.9634027344138,3.907413193873866,0.0,7.239813807525742,82.53318580284449,2969.6340273441383,3052.1672131469827,274.19272131469825,0.027040846729281063,0.972959153270719,19.5,115.0,115.0,2242.5,2302.56,5163490.8,4.232471066812538,152.2889244791866,156.52139554599913
Sonora,Empalme,25,Guaymas,147,Alfalfa achicalada,2018,2019,28.003091,-110.661588,26.0,4,2.4,0.2,361.4525300409083,4.7559543426435305,2.7995232195152124,7.821995266949732,20.85046052631579,14.2,25.314999999999998,27.691315789473684,19.74,33.47,14.009605263157894,7.33,18.94,42.373026315789474,24.56,73.79,17.281842105263156,8.13,24.34,2.2942105263157897,0.89,4.19,2.1700000000000004,0.028552631578947375,0.0,1.16,1.736,0.022842105263157896,0.0,0.9279999999999999,9.356833184211869,5.619444642071704,14.100303224741525,0.006003554601635808,1,0,0,0,316.28290672341006,4.16161719372908,1.2258034292161644,7.039795740254759,1.736,0.022842105263157896,0.0,0.9279999999999999,314.5469067234101,4.1387750884659225,1.2258034292161644,7.039795740254759,17.36,3145.4690672341007,3162.829067234101,314.5469067234101,0.005488756942271733,0.9945112430577283,21.0,150.0,150.0,3150.0,2256.07,7106620.5,0.8266666666666667,149.78424129686195,150.6109079635286
Sonora,Empalme,25,Guaymas,147,Alfalfa achicalada,2019,2020,28.003091,-110.661588,26.0,0,0.0,0.0,315.36516084342594,4.149541590045078,1.3164616123276673,6.935849530677836,18.51875,11.95,23.535,24.97447368421053,16.3,31.47,12.063026315789473,4.55,17.48,51.11447368421053,30.62,80.26,15.83736842105263,3.87,25.0,2.4840789473684213,1.15,4.36,40.32000000000001,0.5305263157894737,0.0,17.49,32.256,0.424421052631579,0.0,13.991999999999999,8.951724905215743,3.5911374942896925,14.574904070674396,0.127851788993326,5,3,0,1,277.6213957376027,3.652913101810562,0.5265846449310669,6.242264577610053,8.30288378968708,0.10924847091693526,0.0,3.0596921942977664,269.3185119479157,3.5436646308936273,0.0,6.242264577610053,83.0288378968708,2693.185119479157,2776.213957376028,245.3653957376027,0.029907218669610942,0.9700927813303892,21.44,125.0,125.0,2680.0,2247.83,6024190.4,3.872613707876436,125.61497758764725,129.48759129552369
Sonora,Empalme,25,Guaymas,147,Alfalfa achicalada,2020,2021,28.003091,-110.661588,26.0,1,1.0,0.0,310.35712720454217,4.030612041617431,1.965438627984318,7.779671030375742,18.96188311688312,10.675,25.58,25.46662337662337,17.61,33.46,12.457142857142859,3.73,19.36,53.575194805194805,23.24,78.91,15.911688311688309,2.95,24.96,2.3520779220779224,1.36,4.77,32.08,0.4166233766233766,0.0,20.93,25.663999999999998,0.33329870129870126,0.0,16.744,9.064067889639984,3.4351409573062757,14.796177503251627,0.10336479232473865,5,1,0,1,270.4587260336965,3.512450987450604,1.023667449089191,7.001703927338168,10.688894765185887,0.13881681513228425,0.0,2.584,259.7698312685106,3.373634172318319,0.0,7.001703927338168,106.88894765185887,2597.698312685106,2704.587260336965,244.79472603369652,0.03952135293225539,0.9604786470677444,20.5,130.0,130.0,2665.0,2253.92,6006696.8,5.2140950074077494,126.71699086268809,131.93108587009584
Sonora,Empalme,25,Guaymas,147,Alfalfa achicalada,2021,2022,28.003091,-110.661588,26.0,3,3.0,1.0,358.4973243245135,4.717070056901494,1.9245036289774669,7.793372592095106,18.68493421052632,13.58,22.645000000000003,25.882631578947368,17.7,32.09,11.487236842105263,6.74,15.55,43.148552631578944,20.1,83.23,17.8425,6.27,26.24,2.5092105263157896,1.39,5.13,17.93,0.23592105263157895,0.0,10.41,14.344000000000001,0.18873684210526318,0.0,8.328000000000001,9.537099329936646,4.70933367367852,14.675402862881429,0.05001432028477199,2,2,0,0,308.85590299294057,4.0638934604334285,0.9775059643479435,7.014035332885595,5.1456040424143366,0.06770531634755705,0.0,2.413325594885743,303.71029895052624,3.9961881440858718,0.0,7.014035332885595,51.45604042414337,3037.1029895052625,3088.559029929406,294.5119029929406,0.016660209478113645,0.9833397905218864,20.6,140.0,140.0,2884.0,2698.9,7783627.6,2.497866040006959,147.43218395656612,149.93004999657308
Sonora,Empalme,25,Guaymas,147,Alfalfa achicalada,2022,2023,28.003091,-110.661588,26.0,1,1.0,0.0,358.92762756081606,4.722731941589685,2.225400511812591,7.892559624421535,18.91375,12.14,24.19,26.149473684210523,19.6,34.42,11.678026315789474,4.68,16.89,45.284473684210525,19.15,77.06,18.581973684210528,7.66,25.58,2.465526315789474,1.39,3.89,0.14,0.001842105263157895,0.0,0.07,0.11200000000000002,0.001473684210526316,0.0,0.05600000000000001,9.985090580839415,5.141747851739177,14.415644805958888,0.00039005077695301865,0,0,0,1,315.28990417975723,4.148551370786279,0.8901602047250364,7.103303661979382,0.11200000000000002,0.001473684210526316,0.0,0.05600000000000001,315.17790417975726,4.147077686575753,0.8669384854779246,7.103303661979382,1.12,3151.7790417975725,3152.8990417975724,315.1779041797572,0.0003552286277334941,0.9996447713722666,44.22,110.0,110.0,4864.2,4722.51,22971233.14,0.025327905924920853,71.27496702391616,71.30029492984109
Sonora,Empalme,25,Guaymas,147,Alfalfa achicalada,2023,2024,28.003091,-110.661588,26.0,2,2.0,0.0,344.5187107942314,4.533140931503045,2.1133322544487587,8.415205920767981,18.259473684210526,12.865,26.21,25.03302631578947,16.99,33.7,11.48592105263158,5.55,18.78,46.175657894736844,22.68,78.75,16.67763157894737,3.4,24.71,2.6025000000000005,1.39,4.39,11.59,0.1525,0.0,4.01,9.272,0.122,0.0,3.208,9.120930058332311,3.788839199300112,13.76948642020014,0.033641133665225774,3,0,0,0,299.52629813777156,3.941135501812784,0.850861422385451,7.573685328691183,8.187103680050429,0.10772504842171617,0.0,2.44,291.33919445772113,3.8334104533910676,0.0,7.573685328691183,81.87103680050429,2913.3919445772112,2995.2629813777157,290.25429813777157,0.027333505374825717,0.9726664946251743,34.83,50.0,50.0,1741.5,3815.0,6643822.5,2.3505896296441082,83.64605066256708,85.99664029221118
Sonora,Empalme,25,Guaymas,147,Pastos y praderas,2010,2011,28.003091,-110.661588,26.0,1,1.0,0.0,1685.420950657715,6.87926918635802,1.8145672298528788,10.649724512246678,27.335775510204083,14.93,36.14,33.52938775510204,20.93,43.22,21.142163265306124,8.3,29.06,51.71024489795919,22.08,86.24,24.975755102040814,2.6,31.9,2.5224897959183674,0.94,5.59,230.85,0.9422448979591836,0.0,27.46,184.68,0.7537959183673469,0.0,21.968000000000004,15.871652396728187,2.9101965134686814,20.215894463924307,0.13696874950433813,31,15,97,0,1413.1139996188026,5.767812243342052,1.19110968271072,9.052265835409676,109.74929108247447,0.44795629013254884,0.0,6.017458175209502,1303.3647085363282,5.319855953209503,0.0,9.052265835409676,1097.4929108247447,13033.647085363282,14131.139996188027,1228.4339996188025,0.07766485302111514,0.9223351469788849,17.0,100.0,100.0,1700.0,800.0,1360000.0,58.8468048699595,698.8550716012483,757.7018764712077
Sonora,Empalme,25,Guaymas,147,Pastos y praderas,2011,2012,28.003091,-110.661588,26.0,3,2.25,0.5,1798.6161220065483,7.341290293904279,3.1988951295925205,14.165390457472167,28.21534693877551,17.775,35.765,34.891510204081634,23.14,43.73,21.53918367346939,10.0,29.08,46.453959183673476,11.81,78.23,25.416326530612245,11.39,32.54,2.4903265306122453,1.07,5.11,182.74999999999997,0.7459183673469386,0.0,25.16,146.2,0.596734693877551,0.0,20.128,15.917890185990592,8.56378692373596,20.01959098187152,0.1016058945341393,29,12,133,0,1498.3136047127587,6.115565733521464,1.8880614634008162,12.040581888851342,105.30146550183078,0.42980190000747254,0.0,6.0623424512547395,1393.0121392109281,5.685763833513993,0.0,12.040581888851342,1053.0146550183078,13930.121392109282,14983.13604712759,1352.1136047127586,0.0702799902307622,0.929720009769238,17.39,280.0,280.0,4870.0,760.99,3706021.3,58.29569966884893,771.1822139938706,829.4779136627195
Sonora,Empalme,25,Guaymas,147,Pastos y praderas,2012,2013,28.003091,-110.661588,26.0,1,1.0,0.0,1671.08950045637,6.820773471250489,2.1616340025422143,10.756779302500071,27.580285714285715,14.97,34.260000000000005,33.81861224489795,19.29,42.75,21.34195918367347,9.36,28.42,50.78514285714286,17.78,83.37,24.577142857142857,5.77,31.96,2.3818775510204078,0.73,5.05,288.40999999999997,1.1771836734693877,0.0,31.53,173.04600000000002,0.7063102040816327,0.0,18.918,15.570662880301622,4.884732919471251,20.572881404155144,0.17258800316873274,42,16,100,0,1390.3881127149411,5.6750535212854745,1.837388902160882,9.14326240712506,117.89170662710984,0.4811906392943259,0.0,5.698444136248575,1272.4964060878315,5.193862881991149,0.0,9.14326240712506,1178.9170662710985,12724.964060878316,13903.881127149414,1217.342112714941,0.08479050241368118,0.915209497586319,16.47,120.0,120.0,1976.32,762.92,1507774.05,93.71359827274235,1011.5233752685467,1105.236973541289
Sonora,Empalme,25,Guaymas,147,Pastos y praderas,2013,2014,28.003091,-110.661588,26.0,1,1.0,0.0,1710.0482098804282,6.97978861175685,2.315852304935293,12.100008451090064,27.733428571428572,15.559999999999999,35.71,34.04334693877551,21.08,42.83,21.423510204081634,9.55,29.21,50.748326530612246,16.19,85.34,25.049142857142858,6.84,31.99,2.4499591836734695,0.97,5.16,265.05,1.0818367346938775,0.0,26.79,159.03,0.6491020408163265,0.0,16.073999999999998,15.871090903130277,5.391015587836261,20.316598664792068,0.15499563022175447,38,18,97,0,1425.482691123238,5.818296698462196,1.5749676974624296,10.285007183426554,107.08307332916519,0.43707376869047015,0.0,6.016719803983163,1318.399617794073,5.3812229297717264,0.0,10.285007183426554,1070.830733291652,13183.996177940731,14254.826911232383,1266.452691123238,0.07512057073438536,0.9248794292656147,17.5,200.0,200.0,3500.0,700.0,2450000.0,61.190327616665826,753.3712101680418,814.5615377847076
Sonora,Empalme,25,Guaymas,147,Pastos y praderas,2014,2015,28.003091,-110.661588,26.0,1,1.0,0.0,1660.427883006171,6.77725666533131,2.7388580312783186,11.999711441283607,28.22077551020408,18.695,35.83,34.0469387755102,22.37,44.0,22.394612244897957,11.73,28.54,53.46546938775511,12.22,83.51,24.106081632653062,6.37,31.68,2.4406122448979595,0.96,6.55,290.21999999999997,1.1845714285714284,0.0,24.13,174.13199999999998,0.710742857142857,0.0,14.477999999999998,15.474233156628257,5.184019179406328,20.53300145685372,0.17478627224361143,49,17,101,0,1388.7791235781856,5.668486218686472,1.7058467798093713,10.199754725091065,129.56179120151373,0.5288236375571989,0.0,6.493679389042872,1259.2173323766724,5.139662581129275,0.0,10.199754725091065,1295.6179120151373,12592.173323766725,13887.791235781862,1214.6471235781855,0.09329186261649594,0.9067081373835044,2.0,10.0,10.0,20.0,525.0,10500.0,127.64708492759974,1240.608209238101,1368.2552941657007
Sonora,Empalme,25,Guaymas,147,Pastos y praderas,2015,2016,28.003091,-110.661588,26.0,0,0.0,0.0,1543.4143746319558,6.29965050870186,1.6096987381323544,11.923679243279768,27.742244897959182,17.560000000000002,34.49,33.142163265306124,20.46,41.32,22.342326530612247,11.77,28.77,57.95791836734694,21.26,87.29,23.517510204081628,3.07,31.98,2.305183673469388,0.98,6.02,435.53,1.777673469387755,0.0,37.53,261.318,1.066604081632653,0.0,22.518,15.313855306149568,3.2217998011684417,20.269483115456435,0.28218604618338927,57,23,77,0,1292.6646225861255,5.2761821330045935,0.7130266764141714,10.135127356787802,144.89149060303734,0.5913938391960708,0.0,5.6557616787433,1147.773131983088,4.684788293808523,0.0,10.135127356787802,1448.9149060303735,11477.73131983088,12926.646225861254,1031.3466225861255,0.11208745723478153,0.8879125427652184,8.0,12.0,12.0,96.0,803.33,77119.68,140.67135010003625,1114.3428465855222,1255.0141966855585
Sonora,Empalme,25,Guaymas,147,Pastos y praderas,2016,2017,28.003091,-110.661588,26.0,1,1.0,0.0,1711.385675311351,6.985247654332045,3.1990164123730374,10.475008211734,28.19369387755102,14.155,35.53,34.564,16.74,44.08,21.823387755102043,9.5,28.94,51.26689795918369,20.2,80.9,25.09820408163265,4.62,32.04,2.467061224489796,1.28,5.99,246.17,1.0047755102040816,0.0,67.14,196.93600000000004,0.8038204081632655,0.0,53.712,16.00392004840753,4.270471887353048,20.149288010455166,0.1438425035053624,34,13,119,0,1428.449653752114,5.8304067500086285,1.3167874581474277,8.903756979973899,103.60053891719947,0.4228593425191815,0.0,5.808,1324.8491148349149,5.4075474074894485,0.0,8.903756979973899,1036.0053891719947,13248.491148349149,14284.496537521143,1231.513653752114,0.07252655957812132,0.9274734404218788,10.0,200.0,200.0,2000.0,456.95,913900.0,103.60053891719947,1324.8491148349149,1428.4496537521143
Sonora,Empalme,25,Guaymas,147,Pastos y praderas,2017,2018,28.003091,-110.661588,26.0,1,1.0,0.0,1714.4815930057678,6.997884053084767,3.3896692478640915,11.972786456551962,28.424163265306124,19.445,34.235,34.816530612244904,22.92,40.83,22.03179591836735,11.81,28.56,51.03575510204081,18.45,80.69,25.085673469387757,9.4,31.84,2.3628979591836736,1.22,5.27,295.90000000000003,1.2077551020408164,0.0,39.34,177.54,0.7246530612244898,0.0,23.604000000000003,15.955780677154317,7.2252459351583775,20.061268813029635,0.17258861291198743,36,15,140,0,1433.3322252685366,5.850335613340966,1.367357256500241,10.176868488069168,98.26694135345848,0.4010895565447285,0.0,5.987715132328723,1335.0652839150785,5.449246056796238,0.0,10.176868488069168,982.6694135345848,13350.652839150785,14333.32225268537,1255.7922252685366,0.06855838417715616,0.931441615822844,26.5,9.0,9.0,238.5,861.32,205424.82,46.24326651927458,628.266015960037,674.5092824793115
Sonora,Empalme,25,Guaymas,147,Pastos y praderas,2018,2019,28.003091,-110.661588,26.0,4,4.0,1.0,1689.1336317811915,6.894422986862006,2.30982509369428,13.40947590512976,28.180591836734695,18.325,36.34,34.08387755102041,23.64,43.72,22.27730612244898,10.49,29.72,52.01395918367347,14.0,90.27,24.28187755102041,4.05,31.77,2.476163265306123,1.01,6.81,330.05999999999995,1.3471836734693876,0.0,41.84,198.036,0.8083102040816327,0.0,25.104000000000003,15.51410476198653,3.7993093689380917,20.293603974695785,0.19540194676720257,45,20,102,0,1408.7560929602212,5.750024869225393,1.963351329640138,11.398054519360295,112.0841993501661,0.45748652795986167,0.0,5.726701228019097,1296.6718936100551,5.292538341265531,0.0,11.398054519360295,1120.841993501661,12966.718936100551,14087.560929602212,1210.720092960221,0.07956253031328044,0.9204374696867196,25.0,5.0,5.0,125.0,832.36,104045.0,63.0040468522575,728.8768373299916,791.8808841822491
Sonora,Empalme,25,Guaymas,147,Pastos y praderas,2019,2020,28.003091,-110.661588,26.0,2,1.4,0.0,1637.6247703985032,6.684182736320421,2.271689116260181,10.799641119852748,27.520448979591837,17.01,35.265,33.54028571428571,20.27,42.59,21.50061224489796,10.17,29.67,53.84902040816327,22.66,89.92,24.387183673469387,5.59,32.21,2.4662040816326534,1.12,5.15,284.55,1.1614285714285715,0.0,29.48,170.72999999999996,0.6968571428571427,0.0,17.688,15.654613653665685,5.032018813816755,20.43333814596469,0.17375775277920166,40,17,91,0,1370.5023497670159,5.593887141906187,1.1145663933516188,9.179694951874835,105.15641063967298,0.429209839345604,0.0,5.616061436505005,1265.3459391273432,5.164677302560585,0.0,9.179694951874835,1051.5641063967298,12653.45939127343,13705.023497670161,1199.7723497670158,0.07672836946069408,0.9232716305393062,16.5,300.0,300.0,4950.0,822.63,4072018.5,63.73115796343817,766.8763267438443,830.6074847072824
Sonora,Empalme,25,Guaymas,147,Pastos y praderas,2022,2023,28.003091,-110.661588,26.0,4,2.9,0.7,1606.3874943237693,6.556683650301099,2.706883422556029,11.727615620357914,27.607775510204085,16.095,34.64,33.56187755102041,23.84,42.48,21.653673469387755,7.9,28.53,54.92624489795918,17.7,84.14,24.172897959183672,7.25,32.1,2.378857142857143,1.0,6.64,316.15000000000003,1.2904081632653062,0.0,22.84,189.69000000000003,0.7742448979591838,0.0,13.703999999999999,15.482621624694092,5.8685341438004635,20.12064546020473,0.1968080560369948,53,23,80,0,1340.2624897436017,5.470459141810619,1.7720682225023514,9.968473277304227,137.58741584534286,0.5615812891646648,0.0,5.376010537528413,1202.675073898259,4.908877852645955,0.0,9.968473277304227,1375.8741584534287,12026.75073898259,13402.624897436019,1150.5724897436016,0.10265706673001343,0.8973429332699866,16.48,200.0,200.0,3296.0,950.0,3131200.0,83.48750961489252,729.7785642586523,813.2660738735448
Sonora,Empalme,25,Guaymas,147,Pastos y praderas,2023,2024,28.003091,-110.661588,26.0,4,2.7333333333333334,0.5333333333333333,1854.993280822037,7.571401146212396,3.3816948696814872,14.180379957508446,28.957510204081633,15.015,36.56,35.45265306122449,20.15,45.35,22.46236734693877,7.64,30.37,45.68436734693878,18.71,77.64,25.114,9.87,31.51,2.65734693877551,1.36,5.28,139.63,0.5699183673469388,0.0,23.96,111.70400000000001,0.45593469387755103,0.0,19.168000000000003,15.855835761933418,6.94387302702775,19.97523334682412,0.07527250984872744,30,5,137,0,1551.94596008614,6.334473306474041,1.352677947872595,12.053322963882179,72.62682467642793,0.2964360190874609,0.0,6.124953742758236,1479.319135409712,6.0380372873865795,0.0,12.053322963882179,726.2682467642793,14793.191354097122,15519.4596008614,1440.2419600861401,0.046797263915295616,0.9532027360847044,36.0,25.0,25.0,900.0,851.25,766125.0,20.174117965674427,410.9219820582534,431.0961000239278
Sonora,Empalme,25,Guaymas,147,Frijol,2010,2011,28.003091,-110.661588,26.0,1,1.0,0.0,1073.2489662936696,7.6116947964090045,4.115640499234913,10.649724512246678,29.990354609929074,19.72,36.14,35.85794326241134,26.28,43.22,24.12276595744681,12.64,29.06,52.33553191489362,22.08,79.61,26.734893617021275,15.04,31.9,2.5004255319148934,0.94,5.59,173.35000000000002,1.2294326241134754,0.0,27.46,138.68000000000006,0.9835460992907806,0.0,21.968000000000004,17.489044380953697,10.928325925543634,20.215894463924307,0.1615189070236354,24,11,82,0,850.718311540817,6.033463202417142,1.4404741747322194,12.247183189083678,66.30446698896112,0.47024444673022076,0.0,6.856000000000001,784.4138445518558,5.563218755686921,0.0,12.247183189083678,663.0446698896112,7844.138445518558,8507.18311540817,712.038311540817,0.07793939085297316,0.9220606091470268,1.3,323.0,323.0,419.9,9656.35,4054700.0,473.6033356354366,5602.956032513256,6076.559368148693
Sonora,Empalme,25,Guaymas,147,Frijol,2011,2012,28.003091,-110.661588,26.0,3,2.5,0.5,1088.3062552599868,7.7184840798580625,3.1988951295925205,14.165390457472167,30.217836879432625,21.490000000000002,35.765,36.243971631205675,26.28,43.73,24.19170212765957,13.54,29.08,50.91744680851063,11.81,78.23,26.380212765957445,11.39,32.54,2.487801418439716,1.07,5.08,168.76999999999998,1.196950354609929,0.0,25.16,135.016,0.9575602836879432,0.0,20.128,17.218657918461126,8.56378692373596,20.01959098187152,0.1550758338328969,26,10,101,0,860.4775733994857,6.102677825528267,1.119613295357382,16.290199026092992,81.96800822476497,0.5813333916649998,0.0,8.201992728168177,778.5095651747206,5.521344433863266,0.0,16.290199026092992,819.6800822476497,7785.095651747206,8604.775733994855,725.4615733994857,0.09525873858738032,0.9047412614126196,1.1,6.0,6.0,6.6,7100.0,46860.0,745.1637111342269,7077.35968340655,7822.523394540777
Sonora,Empalme,25,Guaymas,147,Frijol,2012,2013,28.003091,-110.661588,26.0,1,1.0,0.0,1021.7205504332499,7.2462450385336865,3.2255241333086384,10.756779302500071,29.994787234042548,23.96,34.260000000000005,35.55751773049646,29.45,42.75,24.432056737588653,16.44,28.42,55.053333333333335,18.2,83.37,25.614397163120568,8.7,31.96,2.332836879432624,0.73,5.05,263.61,1.8695744680851065,0.0,31.53,158.166,1.1217446808510638,0.0,18.918,16.877078908985848,6.942619222628836,20.572881404155144,0.2580059683523239,39,15,83,0,806.273785884172,5.7182538005969645,1.2729257628282582,12.370296197875081,81.2015026417963,0.5758971818567113,0.0,4.416,725.0722832423758,5.142356618740253,0.0,12.370296197875081,812.015026417963,7250.722832423758,8062.7378588417205,648.107785884172,0.10071207084172966,0.8992879291582705,1.5,128.0,128.0,192.0,18000.0,3456000.0,541.3433509453087,4833.815221615839,5375.158572561148
Sonora,Empalme,25,Guaymas,147,Frijol,2014,2015,28.003091,-110.661588,26.0,1,1.0,0.0,1024.5581582836703,7.266369916905463,3.9538006736250666,11.999711441283607,30.259539007092194,22.155,35.83,35.63432624113475,28.39,44.0,24.884751773049647,14.72,28.54,56.678936170212765,17.27,83.51,25.457021276595746,6.87,31.68,2.5104255319148936,0.96,6.55,268.6,1.9049645390070924,0.0,24.13,161.15999999999997,1.142978723404255,0.0,14.477999999999998,16.887784533849903,5.600503359643267,20.53300145685372,0.26216178928286127,42,16,78,0,809.2643441411058,5.739463433624864,1.3838302357687733,13.799668157476146,94.29967747662747,0.6687920388413295,0.0,7.086,714.9646666644783,5.070671394783534,0.0,13.799668157476146,942.9967747662747,7149.646666644783,8092.643441411058,648.1043441411058,0.11652518507621916,0.8834748149237808,1.0,41.0,13.0,13.0,9000.0,117000.0,1109.4079703132643,8411.349019582098,9520.756989895362
Sonora,Empalme,25,Guaymas,147,Frijol,2015,2016,28.003091,-110.661588,26.0,0,0.0,0.0,966.7421531929338,6.856327327609459,2.727516603815211,11.923679243279768,29.67234042553191,22.805,34.49,34.57212765957447,27.01,41.32,24.77255319148936,14.84,28.77,59.1190780141844,21.26,82.8,25.00078014184397,7.03,31.98,2.3424822695035457,0.98,6.02,256.13,1.8165248226950355,0.0,37.53,153.678,1.0899148936170213,0.0,22.518,16.700252271126132,6.143765085781366,20.269483115456435,0.2649413798230063,42,14,64,0,768.8502235296245,5.45283846474911,0.9546308113353239,13.712231129771732,92.34772632287823,0.6549484136374343,0.0,5.916334150369726,676.5024972067463,4.7978900511116755,0.0,13.712231129771732,923.4772632287822,6765.024972067463,7688.502235296245,615.1722235296245,0.12011146449165334,0.8798885355083467,1.5,10.0,10.0,15.0,8000.0,120000.0,615.6515088191882,4510.016648044975,5125.668156864163
Sonora,Empalme,25,Guaymas,147,Frijol,2016,2017,28.003091,-110.661588,26.0,1,1.0,0.0,1054.2946027759472,7.477266686354235,3.1990164123730374,10.475008211734,30.00209219858156,21.685,35.53,35.874255319148936,27.72,44.08,24.129929078014182,15.29,28.94,54.0109219858156,26.59,80.9,26.484255319148936,4.62,32.04,2.524964539007092,1.28,5.99,226.12999999999997,1.6037588652482266,0.0,67.14,180.90400000000002,1.2830070921985817,0.0,53.712,17.448423308574938,4.270471887353048,20.149288010455166,0.21448464158367303,32,11,86,0,828.2170406514324,5.873879720932145,1.119655744330563,12.0462594434941,84.16360245835644,0.5969049819741591,0.0,7.264,744.0534381930761,5.276974738957986,0.0,12.0462594434941,841.6360245835643,7440.534381930761,8282.170406514326,647.3130406514324,0.10162022552947925,0.8983797744705209,0.8,20.0,20.0,16.0,13000.0,208000.0,1052.0450307294554,9300.66797741345,10352.713008142906
Sonora,Empalme,25,Guaymas,147,Frijol,2017,2018,28.003091,-110.661588,26.0,1,1.0,0.0,1019.7154284621663,7.232024315334513,3.3896692478640915,10.674768570093981,29.95457446808511,19.630000000000003,34.235,35.64446808510638,22.92,40.83,24.26468085106383,14.44,28.56,56.00184397163121,23.32,80.69,25.898794326241138,9.4,31.84,2.373049645390071,1.22,5.27,294.08000000000004,2.0856737588652483,0.0,39.34,176.448,1.251404255319149,0.0,23.604000000000003,17.16376081952736,7.2252459351583775,20.061268813029635,0.28839418507524434,35,15,96,0,805.8847100745213,5.71549439769164,1.186384236752432,12.275983855608077,85.12678941373356,0.6037360951328622,0.0,8.101026355503565,720.7579206607878,5.111758302558779,0.0,12.275983855608077,851.2678941373356,7207.579206607878,8058.8471007452135,629.4367100745213,0.10563147352164277,0.8943685264783573,0.8,1.0,1.0,0.8,14500.0,11600.0,945.8532157081506,8008.421340675421,8954.27455638357
Sonora,Empalme,25,Guaymas,147,Frijol,2018,2019,28.003091,-110.661588,26.0,4,4.0,1.0,1051.4411474792585,7.457029414746514,3.0533531712420174,13.40947590512976,30.4081560283688,21.564999999999998,36.34,35.827659574468086,25.86,43.72,24.9886524822695,14.33,29.72,54.82368794326241,16.34,79.86,25.822836879432625,7.83,31.77,2.481914893617021,1.01,5.06,224.51,1.5922695035460992,0.0,38.71,179.608,1.2738156028368794,0.0,30.968000000000004,17.039362571127995,6.415826901402757,20.293603974695785,0.21352597864202272,36,16,86,0,838.7684760225372,5.948712595904519,1.2133408905812726,15.420897290899223,87.81257187463834,0.6227841976924705,0.0,6.793190778139625,750.9559041478988,5.3259283982120476,0.0,15.420897290899223,878.1257187463834,7509.559041478988,8387.684760225371,659.1604760225373,0.10469226536868424,0.8953077346313156,0.98,44.0,44.0,43.12,14593.65,629278.19,805.6199254553977,6889.503707778888,7695.123633234286
Sonora,Empalme,25,Guaymas,147,Frijol,2019,2020,28.003091,-110.661588,26.0,2,1.5,0.0,1025.8999901140573,7.275886454709626,3.281299291058094,10.799641119852748,29.618652482269507,22.005,35.265,35.18141843971631,27.27,42.59,24.055886524822697,15.22,29.67,55.64617021276596,30.72,89.92,26.04843971631206,12.44,32.21,2.5216312056737586,1.12,5.15,192.35999999999993,1.3642553191489357,0.0,26.59,153.88800000000003,1.0914042553191492,0.0,21.272000000000002,17.200757753707716,9.207839479887324,20.43333814596469,0.18750365713388276,31,13,76,0,826.9986736657578,5.865238820324524,1.1484547518703327,12.419587287830659,75.69341487833722,0.5368327296335973,0.0,7.598200767036182,751.3052587874206,5.328406090690926,0.0,12.419587287830659,756.9341487833722,7513.052587874206,8269.986736657578,673.1106736657578,0.0915278552295837,0.9084721447704163,1.2,25.0,25.0,30.0,14850.0,445500.0,617.9054275782629,6133.1041533666985,6751.009580944961
Sonora,Empalme,25,Guaymas,147,Frijol,2020,2021,28.003091,-110.661588,26.0,2,1.4,0.0,1117.3619550381545,7.924552872611025,3.7947965838700672,11.521781418644204,31.371631205673758,25.79,35.965,37.22007092198582,31.53,42.89,25.5231914893617,18.69,29.21,51.59872340425532,23.68,79.31,26.63276595744681,12.46,32.03,2.6042553191489355,1.49,4.84,126.76,0.8990070921985815,0.0,24.98,101.40799999999997,0.719205673758865,0.0,19.984,17.553446281738182,9.190950147504143,20.350774261677344,0.11344578131414143,23,5,107,0,872.265644215106,6.186281164646142,1.3281788043545235,13.250048631440833,64.81839719062043,0.4597049446143293,0.0,8.534900815300189,807.4472470244855,5.726576220031812,0.0,13.250048631440833,648.1839719062043,8074.472470244855,8722.65644215106,770.857644215106,0.07431038654393662,0.9256896134560633,1.6,20.0,20.0,32.0,17187.5,550000.0,439.44676061437576,5474.218623894816,5913.665384509191
Sonora,Empalme,25,Guaymas,147,Frijol,2021,2022,28.003091,-110.661588,26.0,4,3.5,0.875,1029.3290448794305,7.300205992052699,3.1997435235501346,12.557701293071153,30.30964539007092,21.235,34.31,35.727446808510635,26.82,41.0,24.891843971631207,15.53,28.73,55.97553191489362,22.4,78.39,25.720992907801424,11.54,31.89,2.4068085106382977,0.87,5.61,270.81,1.9206382978723404,0.0,20.94,162.486,1.1523829787234041,0.0,12.564,17.045949810085048,8.550776572393225,20.41531595212013,0.26309371269293297,39,18,83,0,817.7444434213085,5.799605981711408,1.119910233242547,14.441356487031825,88.2409298189704,0.6258221972976624,0.0,7.40653373421374,729.503513602338,5.173783784413745,0.0,14.441356487031825,882.409298189704,7295.03513602338,8177.444434213084,655.2584434213085,0.1079077094670125,0.8920922905329874,1.7,10.0,10.0,17.0,16500.0,280500.0,519.0642930527671,4291.197138837282,4810.26143189005
Sonora,Empalme,25,Guaymas,147,Garbanzo grano,2010,2011,28.003091,-110.661588,26.0,1,1.0,0.0,703.3076787845737,4.137103992850434,1.8177446224857485,7.902111791152335,20.07858823529412,14.245,30.315,26.425823529411765,17.72,38.08,13.73135294117647,5.8,26.64,55.200823529411764,29.34,84.25,16.693411764705882,7.12,25.79,2.412470588235294,1.18,6.47,127.36000000000001,0.7491764705882353,0.0,24.69,101.888,0.5993411764705883,0.0,19.752000000000002,9.335153211601972,5.09427709881997,14.689544231084476,0.18108717399488392,18,7,2,0,493.598015245979,2.903517736741053,0.636210617870012,6.284571260521387,26.799995104105548,0.1576470300241503,0.0,2.9433320883747327,466.7980201418734,2.7458707067169024,0.0,6.284571260521387,267.9999510410555,4667.9802014187335,4935.980152459789,391.710015245979,0.05429518408972952,0.9457048159102703,0.6,160.0,160.0,96.0,11000.0,1056000.0,446.6665850684259,7779.967002364556,8226.633587432982
Sonora,Empalme,25,Guaymas,147,Garbanzo grano,2014,2015,28.003091,-110.661588,26.0,1,1.0,0.0,804.2472605353405,4.73086623844318,2.03371123593299,10.57066153315027,21.86379411764706,14.190000000000001,28.5,28.5,17.58,36.45,15.227588235294116,8.0,22.88,47.839176470588235,18.12,80.63,16.994235294117647,5.54,26.03,2.3437058823529417,1.1,5.82,48.690000000000005,0.28641176470588237,0.0,26.79,38.952,0.22912941176470586,0.0,21.432000000000002,9.339938312869261,4.270099759624174,14.353133658204595,0.060541082810266475,5,3,1,0,547.79857686484,3.2223445697931767,0.9263409219741172,7.0104062653014685,10.629076340876832,0.06252397847574608,0.0,2.1847557412289085,537.169500523963,3.1598205913174295,0.0,7.0104062653014685,106.29076340876833,5371.6950052396305,5477.985768648399,508.84657686484,0.019403256579652226,0.9805967434203475,1.0,14.0,14.0,14.0,10000.0,140000.0,106.29076340876833,5371.6950052396305,5477.985768648399
Sonora,Empalme,25,Guaymas,147,Garbanzo grano,2016,2017,28.003091,-110.661588,26.0,0,0.0,0.0,794.2892563136048,4.644966411190672,2.1156623555309664,8.633831405455076,21.54187134502924,11.05,32.03,28.310877192982456,16.74,39.93,14.772865497076026,4.41,26.47,49.52900584795321,19.49,79.95,17.05456140350877,4.06,25.41,2.412105263157895,1.11,5.07,92.36000000000001,0.5401169590643276,0.0,29.78,73.888,0.43209356725146203,0.0,23.824,9.399324917091016,3.7112519199880594,15.077204376350325,0.11628005700172032,16,4,6,1,525.9470202726867,3.0757135688461212,1.1177058518552805,5.80416212326253,33.64393121091004,0.19674813573631603,0.0,3.2720000000000002,492.3030890617767,2.8789654331098053,0.0,5.80416212326253,336.4393121091004,4923.030890617767,5259.470202726868,452.05902027268667,0.06396828941718642,0.9360317105828136,0.0,7.0,0.0,0.0,0.0,0.0,,,
Sonora,Empalme,25,Guaymas,147,Cártamo,2010,2011,28.003091,-110.661588,26.0,1,1.0,0.0,619.7602880645857,3.9984534713844235,1.8177446224857485,6.284571260521387,20.200129032258065,14.245,30.315,26.44858064516129,17.72,38.08,13.95167741935484,5.8,26.64,55.74954838709677,29.34,84.25,16.046451612903226,7.12,22.8,2.3589032258064515,1.18,6.47,126.90000000000002,0.818709677419355,0.0,24.69,101.52000000000001,0.6549677419354839,0.0,19.752000000000002,8.92816473870161,5.09427709881997,13.224478149434875,0.2047565848342572,18,7,2,0,470.6219504918656,3.0362706483346167,0.45443615562143713,6.913028386573527,21.373090352146043,0.1378909054977164,0.0,2.9600000000000004,449.24886013971957,2.8983797428369003,0.0,6.913028386573527,213.73090352146045,4492.488601397195,4706.219504918656,369.10195049186564,0.045414563281224306,0.9545854367187757,1.7,393.0,393.0,668.1,4375.0,2922937.5,125.72406089497673,2642.6403537630563,2768.364414658033
Sonora,Empalme,25,Guaymas,147,Cártamo,2011,2012,28.003091,-110.661588,26.0,2,1.25,0.0,721.7139550717473,4.656219064979014,1.9972287675473153,8.67036672805019,20.42958064516129,6.105,31.564999999999998,27.374129032258068,11.96,38.0,13.485032258064518,0.25,25.42,45.97670967741935,20.3,82.0,17.391032258064516,8.04,22.93,2.406516129032258,1.27,5.85,8.05,0.05193548387096775,0.0,4.63,6.44,0.0415483870967742,0.0,3.704,9.21492130096639,5.003939307522763,14.5390961330258,0.011154003526507578,2,0,8,4,521.0803782168235,3.361808891721442,0.8433519017441327,7.822749001862081,4.510664924696486,0.029101064030299908,0.0,1.7746649246964852,516.5697132921271,3.3327078276911424,0.0,7.822749001862081,45.10664924696486,5165.69713292127,5210.803782168235,514.6403782168235,0.00865637071219669,0.9913436292878033,1.2,421.0,234.0,280.8,5700.0,1600560.0,37.58887437247071,4304.747610767726,4342.336485140197
Sonora,Empalme,25,Guaymas,147,Cártamo,2012,2013,28.003091,-110.661588,26.0,2,1.3333333333333333,0.0,693.4755632711035,4.4453561748147665,1.2268241843109835,9.633193922576766,20.195993589743587,10.885,31.909999999999997,27.039294871794866,15.83,40.44,13.352692307692308,4.84,25.62,50.244294871794864,17.78,86.18,16.951025641025637,3.29,24.33,2.386538461538461,1.28,5.37,95.62,0.612948717948718,0.0,31.37,76.49600000000001,0.4903589743589744,0.0,25.096000000000004,9.164532359576421,3.3232894754763898,13.35134131714818,0.13788517586540947,8,5,18,2,478.3258539418267,3.066191371421966,0.6101323336100455,7.072448386634839,17.48591314997664,0.11208918685882462,0.0,2.9300460346464483,460.83994079185004,2.9541021845631414,0.0,7.072448386634839,174.8591314997664,4608.3994079185,4783.258539418267,401.82985394182674,0.03655648760333003,0.9634435123966699,1.21,139.0,139.0,168.19,6000.0,1009140.0,144.51167892542676,3808.594551998761,3953.1062309241875
Sonora,Empalme,25,Guaymas,147,Cártamo,2013,2014,28.003091,-110.661588,26.0,1,1.0,0.0,715.7725291795712,4.617887285029491,2.449250838841154,9.925357587578068,20.988322580645164,9.32,30.490000000000002,27.679741935483875,16.37,38.11,14.296903225806451,0.94,23.26,46.745225806451614,16.19,77.45,16.249548387096773,5.9,24.06,2.5227096774193547,1.06,5.36,20.700000000000003,0.13354838709677422,0.0,6.7,16.560000000000002,0.10683870967741937,0.0,5.36,8.850588918897765,4.658139431664793,14.783078300491642,0.02891980225020181,6,1,7,3,514.7115174256056,3.3207194672619718,0.6609942944234434,6.853452812233881,9.224140161974896,0.059510581690160616,0.0,2.7300971464784554,505.4873772636306,3.2612088855718104,0.0,6.853452812233881,92.24140161974896,5054.873772636306,5147.115174256055,498.1515174256056,0.017920990398875458,0.9820790096011243,0.0,100.0,0.0,0.0,0.0,0.0,,,
Sonora,Empalme,25,Guaymas,147,Cártamo,2014,2015,28.003091,-110.661588,26.0,1,1.0,0.0,710.96372572056,4.5868627465842575,2.03371123593299,7.995157530592371,21.83641935483871,14.190000000000001,28.5,28.44516129032258,17.58,36.45,15.227677419354839,8.0,22.88,48.23909677419355,20.51,80.63,16.39974193548387,5.54,22.91,2.3130967741935486,1.1,4.48,48.69,0.3141290322580645,0.0,26.79,38.952,0.2513032258064516,0.0,21.432000000000002,8.955079856384758,4.270099759624174,14.232692841786035,0.06848450664716094,5,3,1,0,510.901800875016,3.296140650806555,0.7525102773521051,7.711446891831616,10.726596868128658,0.06920385076212038,0.0,2.4032313153517997,500.1752040068873,3.2269368000444345,0.0,7.711446891831616,107.26596868128658,5001.752040068874,5109.01800875016,471.949800875016,0.020995418003532832,0.9790045819964671,0.7,100.0,100.0,70.0,6500.0,455000.0,153.2370981161237,7145.360057241249,7298.597155357373
Sonora,Empalme,25,Guaymas,147,Cártamo,2015,2016,28.003091,-110.661588,26.0,0,0.0,0.0,682.6236734115519,4.4040236994293664,1.5655044355384562,8.790979237745569,22.223612903225806,10.379999999999999,31.005000000000003,28.456387096774193,16.08,38.67,15.990838709677421,4.68,26.09,52.284129032258065,19.18,87.29,16.14109677419355,4.14,23.21,2.3049032258064517,1.33,5.49,96.86000000000001,0.6249032258064517,0.0,20.66,77.488,0.49992258064516126,0.0,16.528000000000002,9.009074117074796,3.8165663535354386,14.210279160026717,0.14189370186346204,12,5,13,1,511.8973191172123,3.302563349143305,0.39137610888461405,9.670077161520126,12.709254606819634,0.08199519101173958,0.0,1.6680646516254758,499.1880645103927,3.2205681581315657,0.0,9.670077161520126,127.09254606819634,4991.880645103927,5118.973191172124,434.4093191172123,0.024827742072838475,0.9751722579271616,0.5,867.0,867.0,434.0,4100.0,1779400.0,254.18509213639268,9983.761290207854,10237.946382344247
Sonora,Empalme,25,Guaymas,147,Semilla de papa,2010,2011,28.003091,-110.661588,26.0,1,1.0,0.0,706.7196398996689,5.436304922305145,1.8177446224857485,10.204508310738492,20.06473076923077,14.245,28.575,27.027615384615387,17.72,37.66,13.101846153846154,5.8,20.85,47.74492307692307,22.08,81.66,21.39169230769231,7.12,31.23,2.695846153846154,1.25,6.47,63.68,0.4898461538461538,0.0,24.69,50.944,0.3918769230769231,0.0,19.752000000000002,12.369379646102935,5.09427709881997,18.70144607034775,0.09010645297623324,8,2,3,0,660.367527379408,5.079750210610831,1.0405694216623154,10.500969246033879,16.658357246213587,0.12814120958625835,0.0,3.7920000000000003,643.7091701331944,4.951609001024573,0.0,10.500969246033879,166.58357246213586,6437.091701331945,6603.675273794081,609.423527379408,0.02522588794200761,0.9747741120579925,25.0,133.0,133.0,3325.0,10000.0,33250000.0,6.663342898485435,257.4836680532778,264.14701095176326
Sonora,Empalme,25,Guaymas,147,Semilla de papa,2011,2012,28.003091,-110.661588,26.0,3,2.0,0.5,789.515051447123,6.073192703439408,2.5346728441181603,12.83590200019704,20.57976923076923,6.105,28.35,28.111307692307694,11.96,37.1,13.04823076923077,0.25,21.4,38.52992307692307,11.81,69.07,22.71,8.04,31.87,2.654923076923077,1.27,5.85,3.46,0.026615384615384614,0.0,2.01,2.768,0.02129230769230769,0.0,1.6079999999999999,12.690480395564588,5.003939307522763,18.803626258968038,0.004382437033541127,2,0,5,4,738.8399851257095,5.683384500966996,1.2673364220590801,9.996898056113157,2.768,0.02129230769230769,0.0,1.6079999999999999,736.0719851257095,5.662092193274688,1.2673364220590801,9.996898056113157,27.68,7360.719851257095,7388.399851257095,736.0719851257095,0.0037464133719414764,0.9962535866280585,30.0,110.0,110.0,3300.0,9500.0,31350000.0,0.9226666666666666,245.3573283752365,246.27999504190316
Sonora,Empalme,25,Guaymas,147,Semilla de papa,2012,2013,28.003091,-110.661588,26.0,2,1.3333333333333333,0.0,757.7449389181156,5.78431251082531,2.440529334440182,9.64885637276443,20.607748091603053,14.190000000000001,27.655,27.988931297709925,18.35,36.26,13.226564885496185,7.14,20.54,40.495648854961836,17.78,70.37,22.177251908396943,5.92,30.45,2.4473282442748094,1.28,4.87,2.44,0.018625954198473283,0.0,1.71,1.9520000000000004,0.01490076335877863,0.0,1.368,12.513819538401272,4.800789611502404,18.748569765414096,0.003220080893557343,1,0,5,0,711.2076684865085,5.429066171652737,1.4602999220863246,11.07817301096328,1.9520000000000004,0.01490076335877863,0.0,1.368,709.2556684865085,5.414165408293958,1.4042999220863246,11.07817301096328,19.520000000000003,7092.556684865085,7112.076684865086,709.2556684865085,0.0027446273240472373,0.9972553726759528,37.0,82.0,82.0,3034.0,8500.0,25789000.0,0.5275675675675676,191.69072121256985,192.2182887801374
Sonora,Empalme,25,Guaymas,147,Semilla de papa,2013,2014,28.003091,-110.661588,26.0,1,1.0,0.0,775.3480924212554,5.964216095548118,2.6439771776937735,11.01480299520107,20.51407692307692,9.32,28.854999999999997,27.858,16.37,40.15,13.170153846153845,0.94,21.77,40.452461538461534,16.19,72.45,21.95576923076923,5.9,30.52,2.7463076923076923,1.47,5.36,10.01,0.077,0.0,6.7,8.008000000000001,0.06160000000000001,0.0,5.36,12.470159198770125,4.993942151248351,19.019811946631705,0.01291033033787546,3,1,3,3,730.2848795492638,5.617575996532798,1.410695510958246,11.414161225714777,6.196030274225294,0.04766177134019457,0.0,3.5480302742252934,724.0888492750385,5.569914225192604,0.0,11.414161225714777,61.96030274225294,7240.888492750384,7302.848795492637,722.2768795492638,0.008484401700949254,0.9915155982990507,35.0,80.0,32.0,1120.0,5218.75,5845000.0,1.7702943640643698,206.8825283642967,208.65282272836106
Sonora,Empalme,25,Guaymas,147,Semilla de papa,2014,2015,28.003091,-110.661588,26.0,1,1.0,0.0,781.6428530303581,6.012637331002755,2.123352802792065,10.968954640521476,22.366230769230768,16.39,28.67,29.531846153846153,22.01,39.13,15.200615384615388,9.45,20.77,39.57207692307692,12.22,68.52,21.28523076923077,5.54,30.72,2.468846153846154,1.1,5.82,0.29000000000000004,0.002230769230769231,0.0,0.28,0.23200000000000004,0.001784615384615385,0.0,0.22400000000000003,12.134382851150486,4.484278971289133,18.722724107692102,0.0003710134351970295,0,0,5,0,732.2722903251015,5.63286377173155,1.0616764013960325,12.614297836599697,0.23200000000000004,0.001784615384615385,0.0,0.22400000000000003,732.0402903251015,5.631079156346935,1.0616764013960325,12.614297836599697,2.3200000000000003,7320.402903251015,7322.722903251015,732.0402903251015,0.00031682203883066603,0.9996831779611693,37.0,72.0,72.0,2664.0,7200.0,19180800.0,0.06270270270270271,197.8487271148923,197.911429817595
Sonora,Empalme,25,Guaymas,147,Semilla de papa,2015,2016,28.003091,-110.661588,26.0,0,0.0,0.0,681.2057622392576,5.240044324917366,1.5655044355384562,9.320141740352112,21.880576923076926,10.379999999999999,27.25,28.370923076923077,16.08,36.49,15.390230769230767,4.68,21.66,51.29984615384615,25.02,87.29,20.494230769230768,4.14,31.03,2.374923076923077,1.33,4.76,110.86,0.8527692307692307,0.0,20.66,88.688,0.6822153846153847,0.0,16.528000000000002,12.214790483625034,3.8165663535354386,18.976868395573597,0.16274084299519329,11,7,1,1,635.4198034845783,4.887844642189064,1.4246781434116327,10.718163001404928,33.613665560307126,0.25856665815620866,0.0,4.355317507745218,601.8061379242713,4.629277984032856,0.0,10.718163001404928,336.1366556030713,6018.061379242713,6354.198034845785,546.7318034845783,0.052899933832677486,0.9471000661673227,35.0,45.0,45.0,1575.0,10000.0,15750000.0,9.603904445802037,171.9446108355061,181.54851528130814
Sonora,Empalme,25,Guaymas,147,Semilla de papa,2016,2017,28.003091,-110.661588,26.0,0,0.0,0.0,770.8359585195893,5.884243958164804,2.2410168508334465,8.633831405455076,21.733435114503816,13.815,26.66,29.1206106870229,16.74,35.14,14.346259541984733,5.83,20.04,43.03442748091603,19.49,78.91,22.214732824427482,10.85,30.67,2.5216030534351144,1.52,4.56,33.3,0.2541984732824427,0.0,10.94,26.64,0.2033587786259542,0.0,8.752,12.698799181719671,6.683948917541419,18.95958277849332,0.04319985287654914,8,2,2,0,736.5144214262523,5.622247491803453,1.1205084254167232,9.928906116273337,15.535325270275806,0.1185902692387466,0.0,3.7857639421738543,720.9790961559764,5.503657222564706,0.0,9.928906116273337,155.35325270275806,7209.790961559765,7365.144214262523,709.8744214262523,0.02109303608772767,0.9789069639122723,30.0,62.0,62.0,1860.0,6000.0,11160000.0,5.178441756758602,240.3263653853255,245.50480714208408
Sonora,Empalme,25,Guaymas,147,Semilla de papa,2017,2018,28.003091,-110.661588,26.0,1,1.0,0.0,760.193450789988,5.847641929153753,2.0479907540477686,11.972786456551962,22.10173076923077,14.375,29.69,29.25607692307692,18.86,39.56,14.947384615384616,7.55,20.79,45.20061538461538,18.45,79.37,21.725538461538463,4.75,31.06,2.5650769230769233,1.27,5.75,39.53,0.3040769230769231,0.0,28.42,31.62400000000001,0.24326153846153853,0.0,22.736000000000004,12.546601280329357,4.346309123779406,18.916619968589597,0.0519999218079565,4,2,18,0,724.5233796186478,5.573256766297291,1.0239953770238843,10.469732383560364,8.39373589500824,0.06456719919237107,0.0,2.8519810228873594,716.1296437236396,5.50868956710492,0.0,10.469732383560364,83.9373589500824,7161.296437236396,7245.233796186478,692.8993796186478,0.011585182936989935,0.98841481706301,28.7,60.0,60.0,1722.0,16282.23,28038000.06,2.924646653312976,249.52252394551903,252.447170598832
Sonora,Empalme,25,Guaymas,147,Semilla de papa,2018,2019,28.003091,-110.661588,26.0,4,3.0,0.5,770.0730777668629,5.923639059745099,2.7995232195152124,11.315835776613085,22.468999999999998,14.2,30.445,29.610615384615386,19.74,37.77,15.327384615384615,7.33,23.19,39.49753846153846,14.0,73.79,21.131153846153847,8.13,30.43,2.448461538461538,0.89,4.97,2.1700000000000004,0.016692307692307694,0.0,1.16,1.736,0.013353846153846154,0.0,0.9279999999999999,12.064149957904597,5.619444642071704,19.075482490604063,0.002817914380662144,1,0,9,0,719.3508716047098,5.533468243113153,1.5322542865202053,10.044563140849425,1.736,0.013353846153846154,0.0,0.9279999999999999,717.6148716047098,5.520114396959307,1.5322542865202053,10.044563140849425,17.36,7176.148716047099,7193.5087160470985,717.6148716047098,0.0024132868514183834,0.9975867131485816,29.0,61.5,61.5,1783.5,6090.8,10862941.8,0.5986206896551723,247.4534040016241,248.05202469127929
Sonora,Empalme,25,Guaymas,147,Semilla de papa,2019,2020,28.003091,-110.661588,26.0,1,1.0,0.0,704.7919080596341,5.42147621584334,1.3164616123276673,9.836846686761426,20.6865,11.95,28.835,27.54192307692308,16.3,38.42,13.831076923076923,4.55,20.52,47.284,22.66,80.26,20.41984615384615,3.87,30.45,2.5805384615384614,1.15,4.67,40.33,0.3102307692307692,0.0,17.49,32.263999999999996,0.24818461538461536,0.0,13.991999999999999,12.005774170709008,3.5911374942896925,18.997080940984663,0.057222563906888076,5,3,6,1,662.2342320999212,5.094109477691702,0.6582308061638337,10.56407442656278,9.96376313715989,0.07664433182430685,0.0,3.9096066927138122,652.2704689627614,5.017465145867395,0.0,10.56407442656278,99.6376313715989,6522.704689627613,6622.3423209992125,629.9702320999212,0.015045678181819674,0.9849543218181804,30.0,55.0,55.0,1650.0,6100.0,10065000.0,3.3212543790532965,217.42348965425379,220.7447440333071
Sonora,Empalme,25,Guaymas,147,Semilla de papa,2022,2023,28.003091,-110.661588,26.0,3,2.0,0.4,760.1829343407339,5.847561033390261,2.225400511812591,10.677149564301212,21.121384615384617,12.14,29.085,28.582076923076922,19.6,40.55,13.660692307692308,4.68,19.7,43.19846153846154,17.7,77.06,22.37992307692308,7.66,30.68,2.5305384615384616,1.39,4.34,0.14,0.001076923076923077,0.0,0.07,0.11200000000000002,0.0008615384615384617,0.0,0.05600000000000001,12.759324879443403,5.141747851739177,19.391867009770188,0.00018416619694496897,0,0,7,1,721.7568360654627,5.551975662042021,1.1127002559062955,12.278721998946393,0.11200000000000002,0.0008615384615384617,0.0,0.05600000000000001,721.6448360654628,5.551114123580483,1.0976731068474057,12.278721998946393,1.12,7216.448360654627,7217.568360654627,721.6448360654628,0.0001551769161072992,0.9998448230838928,30.0,50.0,50.0,1500.0,6500.0,9750000.0,0.037333333333333336,240.54827868848758,240.5856120218209
Sonora,Empalme,25,Guaymas,147,Semilla de papa,2023,2024,28.003091,-110.661588,26.0,2,2.0,0.0,744.6437899071152,5.728029153131655,2.1133322544487587,9.98597253821024,20.343307692307693,12.865,28.305,27.441076923076924,16.99,37.98,13.245538461538462,5.55,21.31,42.384,19.33,78.75,21.096692307692308,3.4,31.18,2.6616923076923076,1.39,5.0,12.149999999999999,0.09346153846153846,0.0,4.01,9.719999999999999,0.07476923076923075,0.0,3.208,12.070606924655564,3.788839199300112,18.762324740265807,0.016316526323969686,3,0,4,0,699.3424370608445,5.379557208160342,1.0635767779818137,9.94653048525298,7.629422989500225,0.05868786915000173,0.0,2.44,691.7130140713443,5.320869339010341,0.0,9.94653048525298,76.29422989500225,6917.130140713443,6993.424370608445,689.6224370608445,0.010909423746061683,0.9890905762539384,32.7,50.0,50.0,1635.0,6825.0,11158875.0,2.3331568775230043,211.53303182609918,213.86618870362219
Sonora,Empalme,25,Guaymas,147,Nopalitos,2010,2011,28.003091,-110.661588,26.0,1,1.0,0.0,1274.5942166578193,7.453767348876136,4.115640499234913,10.649724512246678,28.632076023391814,18.59,36.14,34.67649122807018,22.75,43.22,22.58766081871345,11.88,29.06,50.933801169590645,22.08,79.61,26.67099415204678,15.04,31.9,2.556023391812866,0.94,5.59,173.62,1.0153216374269005,0.0,27.46,138.89600000000004,0.8122573099415207,0.0,21.968000000000004,17.2467589370288,10.928325925543634,20.215894463924307,0.13621590128916336,24,11,82,0,604.4407204998017,3.534741055554396,1.8520382246557108,5.324862256123339,58.470691819603964,0.34193387029008165,0.0,3.1857131515815014,545.9700286801979,3.1928071852643147,0.0,5.324862256123339,584.7069181960396,5459.700286801979,6044.407204998019,465.54472049980166,0.0967351964163757,0.9032648035836245,9.0,19.0,19.0,171.0,3000.0,513000.0,64.96743535511551,606.6333652002199,671.6008005553355
Sonora,Empalme,25,Guaymas,147,Nopalitos,2011,2012,28.003091,-110.661588,26.0,3,2.6,0.6,1309.5659662311373,7.658280504275656,3.1988951295925205,14.165390457472167,29.057397660818715,17.775,35.765,35.335614035087715,23.14,43.73,22.779181286549708,11.4,29.08,49.04409356725146,11.81,78.23,26.647953216374276,11.39,32.54,2.512923976608187,1.07,5.11,170.95999999999998,0.9997660818713449,0.0,25.16,136.76800000000003,0.7998128654970762,0.0,20.128,17.148531486790016,8.56378692373596,20.01959098187152,0.13054707010446673,27,10,103,0,620.9276824939396,3.6311560379762553,1.4395028083166344,7.082695228736084,72.1571664516339,0.42197173363528595,0.0,4.136,548.7705160423058,3.2091843043409694,0.0,7.082695228736084,721.571664516339,5487.705160423057,6209.276824939397,484.1596824939396,0.1162086479407981,0.8837913520592019,14.0,16.0,16.0,224.0,5950.89,1332999.36,51.5408331797385,391.9789400302184,443.5197732099569
Sonora,Empalme,25,Guaymas,147,Nopalitos,2012,2013,28.003091,-110.661588,26.0,1,1.0,0.0,1246.9038103470284,7.291835148228237,3.2255241333086384,10.756779302500071,28.836549707602344,18.740000000000002,34.260000000000005,34.77309941520468,24.5,42.75,22.900000000000002,10.95,28.42,51.58935672514619,18.2,83.37,26.03690058479532,8.7,31.96,2.3920467836257306,0.73,5.05,263.64000000000004,1.5417543859649125,0.0,31.53,158.184,0.9250526315789473,0.0,18.918,16.836026970756244,6.942619222628836,20.572881404155144,0.21143571606106956,39,15,85,0,591.2342792772536,3.457510405130138,1.4514858599888874,5.3783896512500355,82.72438664439466,0.48376834294967636,0.0,3.7199999999999998,508.50989263285896,2.9737420621804618,0.0,5.3783896512500355,827.2438664439466,5085.09892632859,5912.342792772537,433.0502792772536,0.13991811629312154,0.8600818837068785,14.19,16.0,9.0,127.71,6960.32,888902.47,58.29766500662062,358.3579229266096,416.6555879332302
Sonora,Empalme,25,Guaymas,147,Nopalitos,2013,2014,28.003091,-110.661588,26.0,1,1.0,0.0,1269.2439878828995,7.4224794613035066,3.242163840285387,12.100008451090064,29.00002923976608,19.015,35.71,35.01643274853801,24.42,42.83,22.983625730994152,12.07,29.21,52.50181286549709,17.14,85.34,26.41918128654971,12.05,31.99,2.51046783625731,0.97,5.15,230.46,1.347719298245614,0.0,20.45,184.36800000000002,1.0781754385964915,0.0,16.36,17.170166766898447,8.921283683920594,20.316598664792068,0.18157265443061704,36,16,90,0,600.6805718288315,3.51275188203995,1.4589737281284243,6.050004225545032,83.36319052987027,0.48750403818637583,0.0,3.999576475683107,517.3173812989611,3.0252478438535735,0.0,6.050004225545032,833.6319052987027,5173.173812989611,6006.805718288314,416.31257182883144,0.1387812332202834,0.8612187667797164,12.0,9.0,9.0,108.0,6000.0,648000.0,69.46932544155855,431.09781774913426,500.56714319069283
Sonora,Empalme,25,Guaymas,147,Nopalitos,2014,2015,28.003091,-110.661588,26.0,1,1.0,0.0,1246.9529532917404,7.292122533869827,3.9538006736250666,11.999711441283607,29.19345029239766,18.695,35.83,34.92152046783626,22.37,44.0,23.465380116959068,11.73,28.54,53.287309941520476,12.22,83.51,25.47538011695907,6.87,31.68,2.5484795321637432,0.96,6.55,268.88,1.5723976608187133,0.0,24.13,161.32799999999997,0.943438596491228,0.0,14.477999999999998,16.638008282200836,5.600503359643267,20.53300145685372,0.21562962683572243,42,16,82,0,591.3657163823194,3.4582790431714585,1.703271036212346,5.999855720641803,85.81894850964733,0.5018651959628498,0.0,3.8198114053193364,505.54676787267204,2.9564138472086086,0.0,5.999855720641803,858.1894850964733,5055.46767872672,5913.6571638231935,430.03771638231945,0.1451199251702396,0.8548800748297603,17.0,20.0,10.0,170.0,4494.11,763998.7,50.481734417439604,297.38045168980705,347.86218610724666
Sonora,Empalme,25,Guaymas,147,Nopalitos,2015,2016,28.003091,-110.661588,26.0,0,0.0,0.0,1166.5004344524464,6.821639967558166,2.727516603815211,11.923679243279768,28.664269005847952,20.225,34.49,33.866666666666674,24.52,41.32,23.46187134502924,14.42,28.77,56.9572514619883,21.26,82.8,25.15812865497076,7.03,31.98,2.354502923976608,0.98,6.02,277.38000000000005,1.622105263157895,0.0,37.53,166.428,0.9732631578947368,0.0,22.518,16.594635282451115,6.143765085781366,20.269483115456435,0.23778816690299975,44,16,64,0,552.4322009003126,3.2305976660836997,1.2273824717168451,5.961839621639884,85.74591443425237,0.501438096106739,0.0,2.9942267710993944,466.68628646606027,2.7291595699769604,0.0,5.961839621639884,857.4591443425237,4666.862864660603,5524.322009003126,386.00420090031264,0.15521527219903203,0.844784727800968,15.0,5.0,5.0,75.0,5000.0,375000.0,57.16394295616825,311.12419097737353,368.28813393354176
Sonora,Empalme,25,Guaymas,147,Nopalitos,2016,2017,28.003091,-110.661588,26.0,1,1.0,0.0,1266.620199698227,7.407135670749866,3.1990164123730374,10.475008211734,28.884298245614037,19.869999999999997,35.53,35.00760233918128,26.05,44.08,22.760994152046784,11.18,28.94,52.30228070175438,24.74,80.9,26.63450292397661,4.62,32.04,2.545263157894737,1.28,5.99,226.65,1.325438596491228,0.0,67.14,181.32000000000002,1.0603508771929826,0.0,53.712,17.326759255923395,4.270471887353048,20.149288010455166,0.17894077487000404,32,11,86,0,598.8226649245357,3.5018869293832497,1.439557385567867,5.237504105867,71.75489209282038,0.41961925200479755,0.0,3.502761451757665,527.0677728317153,3.082267677378452,0.0,5.237504105867,717.5489209282039,5270.677728317152,5988.226649245356,417.5026649245357,0.11982661361333578,0.8801733863866641,12.3,8.0,8.0,98.4,5771.0,567866.4,58.33731064456942,428.5103844160286,486.847695060598
Sonora,Empalme,25,Guaymas,147,Nopalitos,2017,2018,28.003091,-110.661588,26.0,1,1.0,0.0,1255.4935492315558,7.342067539365823,3.3896692478640915,11.972786456551962,29.095847953216378,19.445,34.235,35.17286549707602,22.92,40.83,23.018830409356724,12.75,28.56,52.583450292397664,18.45,80.69,26.282865497076024,9.4,31.84,2.4228070175438594,1.22,5.27,294.08000000000004,1.7197660818713452,0.0,39.34,176.44799999999998,1.031859649122807,0.0,23.604000000000003,17.092263489893426,7.2252459351583775,20.061268813029635,0.23423457665712122,35,15,106,0,593.2152210949167,3.4690948602041916,1.5253511615388413,5.337384285046991,69.38250939311563,0.40574566896558845,0.0,3.7216276399059174,523.832711701801,3.0633491912386024,0.0,5.337384285046991,693.8250939311563,5238.3271170180105,5932.152210949167,416.76722109491675,0.11696009631218508,0.8830399036878148,17.5,8.0,8.0,140.0,4277.14,598799.6,39.647148224637505,299.3329781153149,338.98012633995245
Sonora,Empalme,25,Guaymas,147,Nopalitos,2018,2019,28.003091,-110.661588,26.0,4,4.0,1.0,1279.9693637872201,7.485200957820001,3.0533531712420174,13.40947590512976,29.46584795321637,21.564999999999998,36.34,35.25836257309942,25.86,43.72,23.673333333333332,14.33,29.72,51.73549707602339,14.0,79.86,26.077309941520475,7.83,31.77,2.5058479532163744,1.01,5.06,224.51,1.312923976608187,0.0,38.71,179.608,1.0503391812865497,0.0,30.968000000000004,16.930289913894175,6.415826901402757,20.293603974695785,0.17540263568161632,36,16,90,0,606.0964855091173,3.5444238918661832,1.5266765856210087,6.70473795256488,81.28226835091041,0.475334902636903,0.0,3.153769570526222,524.8142171582069,3.06908898922928,0.0,6.70473795256488,812.8226835091041,5248.142171582069,6060.964855091173,426.4884855091173,0.13410780345085455,0.8658921965491455,15.0,8.0,8.0,120.0,4849.54,581944.8,54.188178900606935,349.87614477213793,404.0643236727449
Sonora,Empalme,25,Guaymas,147,Nopalitos,2019,2020,28.003091,-110.661588,26.0,2,1.4444444444444444,0.0,1249.5305394825555,7.307196137324886,3.281299291058094,10.799641119852748,28.673011695906432,20.645,35.265,34.54777777777778,25.45,42.59,22.79824561403509,13.22,29.67,53.217017543859654,22.66,89.92,26.319766081871347,12.44,32.21,2.570409356725146,1.12,5.15,192.35999999999999,1.1249122807017542,0.0,26.59,153.88800000000003,0.8999298245614037,0.0,21.272000000000002,17.12474046506127,9.207839479887324,20.43333814596469,0.15394581718639577,31,13,82,0,591.1727299262948,3.4571504674052327,1.4765846809761423,5.399820559926374,72.37633674679078,0.42325343126778237,0.0,3.054252363560283,518.7963931795041,3.033897036137451,0.0,5.399820559926374,723.7633674679079,5187.9639317950405,5911.727299262949,437.28472992629474,0.12242840896232544,0.8775715910376747,25.0,8.0,8.0,200.0,4592.0,918400.0,28.950534698716314,207.51855727180163,236.46909197051795
Sonora,Empalme,25,Guaymas,147,Nopalitos,2020,2021,28.003091,-110.661588,26.0,2,1.4,0.0,1324.022265866217,7.742820268223491,3.713113691629362,11.521781418644204,30.002602339181283,17.635,35.965,36.06795321637427,23.26,42.89,23.937251461988307,11.74,29.21,50.17970760233918,23.68,79.31,26.669590643274855,12.46,32.03,2.5607017543859647,1.35,4.84,126.77,0.7413450292397661,0.0,24.98,101.416,0.5930760233918129,0.0,19.984,17.35164656095992,9.190950147504143,20.350774261677344,0.0957461239649645,23,5,115,0,628.8234552834444,3.6773301478564004,1.485245476651745,5.760890709322102,60.2780768226329,0.35250337323177133,0.0,3.710826441434865,568.5453784608117,3.3248267746246296,0.0,5.760890709322102,602.780768226329,5685.453784608117,6288.234552834446,527.4074552834445,0.0958585057795949,0.9041414942204052,25.5,8.0,8.0,204.0,4523.28,922749.12,23.638461499071724,222.95897194541635,246.59743344448808
Sonora,Empalme,25,Guaymas,147,Nopalitos,2021,2022,28.003091,-110.661588,26.0,4,3.4,0.9,1259.3178435093032,7.364431833387738,3.1997435235501346,12.557701293071153,29.304152046783628,21.235,34.31,35.050877192982455,26.82,41.0,23.557426900584797,15.28,28.73,52.8401754385965,16.25,78.39,26.023450292397662,11.54,31.89,2.4748538011695906,0.87,5.61,270.80999999999995,1.5836842105263154,0.0,20.94,162.48600000000002,0.9502105263157896,0.0,12.564,16.946312397886054,8.550776572393225,20.41531595212013,0.21504499550752165,39,18,87,0,595.9840296013933,3.485286722815166,1.4398845855975606,6.2788506465355765,82.96368718196581,0.4851677612980457,0.0,3.1559999999999997,513.0203424194275,3.0001189615171198,0.0,6.2788506465355765,829.6368718196582,5130.203424194275,5959.840296013933,433.49802960139334,0.13920454754039915,0.8607954524596008,26.0,8.0,8.0,208.0,4778.25,993876.0,31.909110454602235,197.31551631516442,229.22462676976664
Sonora,Empalme,25,Guaymas,147,Nopalitos,2022,2023,28.003091,-110.661588,26.0,4,3.25,0.875,1196.3181588495468,6.996012624851151,2.706883422556029,11.727615620357914,28.86961988304094,20.28,34.64,34.55888888888889,26.84,42.48,23.180350877192982,13.72,28.53,56.471988304093564,17.7,84.14,25.32099415204678,7.25,32.1,2.4723391812865496,1.05,6.64,290.28,1.6975438596491226,0.0,22.84,174.16799999999998,1.0185263157894735,0.0,13.703999999999999,16.615279838391668,5.8685341438004635,20.12064546020473,0.24264448203239772,48,21,72,0,566.6687681234417,3.313852445166326,1.2180975401502132,5.863807810178957,90.37625118046415,0.5285160887746442,0.0,3.1193398298277164,476.2925169429776,2.785336356391682,0.0,5.863807810178957,903.7625118046415,4762.925169429776,5666.687681234418,392.50076812344173,0.1594869106334387,0.8405130893665613,25.5,8.0,8.0,204.0,4267.65,870600.6,35.44166712959378,186.78137919332457,222.22304632291835
Sonora,Empalme,25,Guaymas,147,Nopalitos,2023,2024,28.003091,-110.661588,26.0,3,2.5,0.5,1389.0242263616635,8.122948692173471,4.325283908298707,14.180379957508446,29.988508771929823,19.47,36.56,36.409356725146196,26.07,45.35,23.56766081871345,10.56,30.37,45.56631578947369,18.71,77.64,26.8619298245614,12.38,31.51,2.7025146198830408,1.36,5.28,132.87,0.7770175438596492,0.0,23.96,106.296,0.6216140350877193,0.0,19.168000000000003,17.24687315688598,9.172944868988466,19.97523334682412,0.09565707888913691,28,5,105,0,656.2497634385074,3.8377179148450726,1.9463777587344182,7.090189978754223,57.435802546604805,0.335881886237455,0.0,4.3265424237900145,598.8139608919025,3.501836028607617,0.0,7.090189978754223,574.358025466048,5988.139608919026,6562.497634385074,549.9537634385074,0.08752125447735375,0.9124787455226461,24.0,8.0,8.0,192.0,4908.33,942399.36,23.931584394418667,249.50581703829275,273.4374014327114
Sonora,Empalme,25,Guaymas,147,Mango,2010,2011,28.003091,-110.661588,26.0,2,1.1111111111111112,0.0,2173.489130884634,5.954764742149682,1.8145672298528788,10.649724512246678,24.63843835616439,13.71,36.14,30.984082191780825,17.72,43.22,18.292794520547947,5.8,29.06,51.2626301369863,20.31,86.24,21.990739726027396,2.6,31.9,2.4840547945205476,0.94,6.47,294.29,0.8062739726027398,0.0,27.46,176.57399999999996,0.4837643835616437,0.0,16.476,13.391650763434159,2.9101965134686814,20.215894463924307,0.13539980293355355,39,17,98,0,1996.385870726447,5.4695503307573885,0.9088723112428743,10.649724512246678,107.19305335773684,0.29367959824037493,0.0,5.676734040692927,1889.1928173687097,5.175870732517013,0.0,10.649724512246678,1071.9305335773684,18891.928173687098,19963.858707264466,1819.811870726447,0.05369355440225157,0.9463064455977482,10.0,2.0,2.0,20.0,1500.0,30000.0,107.19305335773683,1889.1928173687097,1996.3858707264465
Sonora,Empalme,25,Guaymas,147,Mango,2011,2012,28.003091,-110.661588,26.0,3,1.9090909090909092,0.36363636363636365,2284.8205248503928,6.25978225986409,1.2268241843109835,14.165390457472167,24.74346575342466,6.105,35.765,31.440273972602736,11.96,43.73,18.046657534246577,0.25,29.08,47.39860273972602,11.81,86.18,22.353424657534248,3.29,32.54,2.502027397260274,1.07,5.85,276.73999999999995,0.7581917808219176,0.0,31.37,166.04399999999998,0.45491506849315066,0.0,18.822,13.427336747848218,3.3232894754763898,20.01959098187152,0.12112111082253191,37,17,133,6,2095.668875238337,5.741558562296814,1.042800556664336,14.165390457472167,100.23340434003069,0.2746120666850156,0.0,6.707999999999999,1995.4354708983062,5.466946495611798,0.0,14.165390457472167,1002.3340434003069,19954.35470898306,20956.68875238337,1929.6248752383372,0.047828836666112776,0.9521711633338872,13.0,2.0,2.0,26.0,2250.0,58500.0,77.10261872310053,1534.9503622294662,1612.0529809525667
Sonora,Empalme,25,Guaymas,147,Mango,2012,2013,28.003091,-110.661588,26.0,2,1.25,0.0,2178.3611028992773,5.9518062920745285,2.1616340025422143,10.756779302500071,25.07203551912568,14.190000000000001,34.260000000000005,31.44592896174863,18.35,42.75,18.69814207650273,7.14,28.42,49.68191256830602,17.78,83.37,21.63636612021858,5.77,31.96,2.3480327868852457,0.73,5.05,295.69000000000005,0.8078961748633882,0.0,31.53,177.414,0.48473770491803275,0.0,18.918,13.16713029010233,4.658139431664793,20.572881404155144,0.1357396620819446,44,16,101,0,2001.0313952321467,5.467298894076904,1.4602999220863246,10.756779302500071,122.789216258203,0.33548966190765844,0.0,5.698444136248575,1878.2421789739437,5.131809232169245,0.0,10.756779302500071,1227.8921625820299,18782.421789739437,20010.313952321467,1823.6173952321467,0.061362963395163415,0.9386370366048367,12.0,2.0,2.0,24.0,2800.0,67200.0,102.32434688183582,1565.2018158116198,1667.5261626934557
Sonora,Empalme,25,Guaymas,147,Naranja,2010,2011,28.003091,-110.661588,26.0,2,1.1111111111111112,0.0,2173.489130884634,5.954764742149682,1.8145672298528788,10.649724512246678,24.63843835616439,13.71,36.14,30.984082191780825,17.72,43.22,18.292794520547947,5.8,29.06,51.2626301369863,20.31,86.24,21.990739726027396,2.6,31.9,2.4840547945205476,0.94,6.47,294.29,0.8062739726027398,0.0,27.46,176.57399999999996,0.4837643835616437,0.0,16.476,13.391650763434159,2.9101965134686814,20.215894463924307,0.13539980293355355,39,17,98,0,1446.164478921593,3.962094462798885,1.1794686994043713,6.922320932960341,95.03883480376761,0.2603803693253907,0.0,4.601585663395502,1351.1256441178252,3.701714093473494,0.0,6.922320932960341,950.3883480376761,13511.256441178251,14461.644789215927,1269.5904789215929,0.06571786002836844,0.9342821399716315,15.0,100.0,70.0,1050.0,2000.0,2100000.0,63.35922320251174,900.7504294118834,964.1096526143951
Sonora,Empalme,25,Guaymas,147,Naranja,2011,2012,28.003091,-110.661588,26.0,3,1.9090909090909092,0.36363636363636365,2284.8205248503928,6.25978225986409,1.2268241843109835,14.165390457472167,24.74346575342466,6.105,35.765,31.440273972602736,11.96,43.73,18.046657534246577,0.25,29.08,47.39860273972602,11.81,86.18,22.353424657534248,3.29,32.54,2.502027397260274,1.07,5.85,276.73999999999995,0.7581917808219176,0.0,31.37,166.04399999999998,0.45491506849315066,0.0,18.822,13.427336747848218,3.3232894754763898,20.01959098187152,0.12112111082253191,37,17,133,6,1520.721910026627,4.166361397333224,0.8587769290176884,9.207503797356908,90.52239065431169,0.24800654973784025,0.0,4.635908933312448,1430.1995193723155,3.918354847595385,0.0,9.207503797356908,905.223906543117,14301.995193723156,15207.219100266273,1354.6779100266272,0.05952593308314121,0.9404740669168589,14.0,65.0,65.0,910.0,1692.31,1540002.1,64.6588504673655,1021.5710852659397,1086.2299357333052
Sonora,Empalme,25,Guaymas,147,Naranja,2012,2013,28.003091,-110.661588,26.0,2,1.25,0.0,2178.3611028992773,5.9518062920745285,2.1616340025422143,10.756779302500071,25.07203551912568,14.190000000000001,34.260000000000005,31.44592896174863,18.35,42.75,18.69814207650273,7.14,28.42,49.68191256830602,17.78,83.37,21.63636612021858,5.77,31.96,2.3480327868852457,0.73,5.05,295.69000000000005,0.8078961748633882,0.0,31.53,177.414,0.48473770491803275,0.0,18.918,13.16713029010233,4.658139431664793,20.572881404155144,0.1357396620819446,44,16,101,0,1450.4261055918266,3.9629128568082694,1.51314380177955,6.991906546625047,109.87180475511994,0.30019618785551894,0.0,4.357633751248911,1340.5543008367067,3.6627166689527506,0.0,6.991906546625047,1098.7180475511993,13405.543008367067,14504.261055918267,1273.0121055918266,0.07575139769722239,0.9242486023027776,12.0,60.0,5.0,60.0,2000.0,120000.0,91.55983729593328,1117.1285840305889,1208.688421326522
Sonora,Empalme,25,Guaymas,147,Naranja,2013,2014,28.003091,-110.661588,26.0,1,1.0,0.0,2215.9051316065015,6.070972963305484,2.03371123593299,12.100008451090064,24.873013698630135,9.32,35.71,31.255534246575344,16.37,42.83,18.49049315068493,0.94,29.21,49.88183561643835,16.19,85.34,21.847972602739727,5.54,31.99,2.494082191780822,0.97,5.36,290.2,0.795068493150685,0.0,26.79,174.12,0.477041095890411,0.0,16.073999999999998,13.320419051631923,4.270099759624174,20.316598664792068,0.1309622852805115,44,20,97,3,1475.078117660045,4.041309911397384,1.4235978651530927,7.865005493208542,101.76495727463843,0.27880810212229706,0.0,4.60102102657536,1373.3131603854067,3.762501809275087,0.0,7.865005493208542,1017.6495727463844,13733.131603854068,14750.781176600452,1300.958117660045,0.06898953760907987,0.9310104623909201,12.0,5.0,5.0,60.0,2015.0,120900.0,84.80413106219869,1144.4276336545056,1229.2317647167042
Sonora,Empalme,25,Guaymas,147,Naranja,2014,2015,28.003091,-110.661588,26.0,1,1.0,0.0,2216.462013911424,6.072498668250477,2.123352802792065,11.999711441283607,25.952972602739727,13.864999999999998,35.83,32.10202739726028,19.58,44.0,19.80391780821918,6.9,28.54,50.01958904109589,12.22,83.51,21.37068493150685,5.54,31.68,2.4091506849315074,0.96,6.55,293.39000000000004,0.8038082191780823,0.0,24.13,176.034,0.4822849315068493,0.0,14.477999999999998,13.078315186155793,4.484278971289133,20.53300145685372,0.1323686118501306,50,17,101,0,1477.7979488251308,4.048761503630495,1.4863469619544454,7.799812436834345,115.82783822963987,0.3173365430949037,0.0,4.965754826915138,1361.9701105954907,3.731424960535591,0.0,7.799812436834345,1158.2783822963986,13619.701105954908,14777.979488251307,1301.7639488251307,0.07837867031939282,0.9216213296806071,12.4,5.0,5.0,62.0,2021.77,125349.74,93.40954695938699,1098.3629924157183,1191.7725393751052
Sonora,Empalme,25,Guaymas,147,Naranja,2015,2016,28.003091,-110.661588,26.0,0,0.0,0.0,2022.879492643283,5.542135596282967,1.5655044355384562,11.923679243279768,25.1943698630137,10.379999999999999,34.49,30.9418904109589,16.08,41.32,19.446849315068494,4.41,28.77,56.15715068493151,21.26,87.29,20.735479452054793,3.07,31.98,2.3373424657534247,0.98,6.02,500.0400000000001,1.3699726027397263,0.0,37.53,300.024,0.8219835616438356,0.0,22.518,12.969155740780955,3.2217998011684417,20.269483115456435,0.24719218412096372,64,26,77,2,1347.258120025122,3.691118137055129,1.0463041797860304,7.750391508131849,145.21518249460823,0.3978498150537212,0.0,4.3249942249213476,1202.0429375305139,3.293268322001408,0.0,7.750391508131849,1452.1518249460823,12020.429375305139,13472.581200251221,1047.2341200251221,0.1077857170323831,0.892214282967617,12.2,5.0,5.0,61.0,2096.66,127896.26,119.02883811033462,985.2810963364868,1104.3099344468214
Sonora,Empalme,25,Guaymas,147,Naranja,2016,2017,28.003091,-110.661588,26.0,1,1.0,0.0,2255.6945486580967,6.163099859721576,1.9541238713980629,10.475008211734,25.810860655737702,13.815,35.53,32.34530054644809,16.74,44.08,19.276420765027325,5.83,28.94,49.2920218579235,19.49,80.9,22.023387978142075,3.04,32.04,2.4142896174863386,1.1,5.99,280.72,0.7669945355191258,0.0,67.14,168.43200000000002,0.46019672131147543,0.0,40.284,13.438194435307057,3.2717656948751155,20.149288010455166,0.12444947396224333,43,15,121,0,1504.1002583665058,4.109563547449469,1.367886709978644,6.8087553376271,93.86866807074254,0.2564717706850889,0.0,4.356,1410.2315902957635,3.853091776764381,0.0,6.8087553376271,938.6866807074255,14102.315902957635,15041.00258366506,1335.6682583665058,0.06240851801507334,0.9375914819849268,10.0,5.0,5.0,50.0,2584.0,129200.0,93.86866807074254,1410.2315902957635,1504.100258366506
Sonora,Empalme,25,Guaymas,147,Naranja,2017,2018,28.003091,-110.661588,26.0,2,1.0625,0.0,2233.4234950345535,6.118968479546722,2.0479907540477686,11.972786456551962,25.996287671232878,14.330000000000002,34.235,32.45254794520548,18.86,40.83,19.540027397260275,5.74,28.56,50.29356164383561,18.45,80.69,21.905479452054795,3.7,31.84,2.3812602739726025,1.0,6.58,348.09999999999997,0.9536986301369862,0.0,39.34,208.85999999999996,0.5722191780821917,0.0,23.604000000000003,13.416185971313828,3.574090786105792,20.061268813029635,0.1558593794566554,41,18,145,0,1488.1902897279192,4.07723367048745,1.433593527833438,7.7823111967587755,93.99504155533742,0.25752066179544497,0.0,4.686,1394.1952481725818,3.819713008692005,0.0,7.7823111967587755,939.9504155533742,13941.952481725819,14881.902897279193,1279.3302897279193,0.06316063355884563,0.9368393664411544,12.5,5.0,5.0,62.5,2077.6,129850.0,75.19603324426994,1115.3561985380654,1190.5522317823354
Sonora,Empalme,25,Guaymas,147,Naranja,2018,2019,28.003091,-110.661588,26.0,4,3.2,0.6,2171.6445567445544,5.949711114368642,2.100382459149256,13.40947590512976,25.590931506849316,12.215,36.34,31.67945205479452,17.2,43.72,19.50241095890411,6.16,29.72,51.189561643835624,14.0,90.27,21.332082191780824,4.05,31.77,2.3723013698630138,0.89,6.81,345.55,0.9467123287671233,0.0,41.84,207.32999999999998,0.568027397260274,0.0,25.104000000000003,13.097162841828409,3.7993093689380917,20.293603974695785,0.15911904133980534,48,21,102,0,1443.9965359182875,3.956154892926815,1.4702677214044793,8.716159338334345,106.4866208698615,0.2917441667667438,0.0,4.379242115544016,1337.5099150484261,3.664410726160072,0.0,8.716159338334345,1064.866208698615,13375.09915048426,14439.965359182876,1236.6665359182875,0.07374437418725728,0.9262556258127428,12.0,5.0,5.0,60.0,2349.44,140966.4,88.73885072488459,1114.5915958736884,1203.330446598573
Sonora,Empalme,25,Guaymas,147,Naranja,2019,2020,28.003091,-110.661588,26.0,2,1.3636363636363635,0.0,2070.0599804740355,5.671397206778179,0.9593777628656506,10.799641119852748,24.822917808219177,11.95,35.265,30.83175342465753,16.3,42.59,18.81408219178082,4.55,29.67,55.1652602739726,22.66,93.31,21.004849315068494,2.07,32.21,2.4482739726027396,1.12,5.27,382.89,1.049013698630137,0.0,36.96,229.73399999999995,0.6294082191780821,0.0,22.176,13.089648281942763,2.6696849297050402,20.43333814596469,0.18496565491417294,52,23,91,1,1375.993409387306,3.7698449572254957,0.6715644340059553,7.019766727904286,111.30083847032864,0.3049338040282977,0.0,4.294635216150886,1264.6925709169773,3.464911153197198,0.0,7.019766727904286,1113.0083847032865,12646.925709169773,13759.93409387306,1146.259409387306,0.08088762468701649,0.9191123753129835,18.5,5.0,5.0,92.5,2276.75,210599.38,60.16261538936684,683.6176059010688,743.7802212904356
Sonora,Empalme,25,Guaymas,147,Naranja,2020,2021,28.003091,-110.661588,26.0,3,1.8666666666666667,0.26666666666666666,2267.470796668016,6.195275400732284,1.965438627984318,11.521781418644204,25.864535519125685,10.675,35.965,32.32713114754098,17.61,43.37,19.401939890710384,3.73,29.21,49.05065573770492,23.24,81.08,21.620437158469947,2.95,32.03,2.4729234972677596,1.32,4.99,210.01,0.5737978142076503,0.0,29.1,168.008,0.45903825136612025,0.0,23.28,13.256757595893655,3.4351409573062757,20.350774261677344,0.09261861290941595,34,8,155,1,1510.7988342603267,4.127865667377941,1.2775351081898068,7.489157922118733,90.1228317682299,0.2462372452683877,0.0,4.824074373865325,1420.6760024920968,3.881628422109554,0.0,7.489157922118733,901.228317682299,14206.760024920968,15107.988342603267,1342.7908342603266,0.05965243666100207,0.9403475633389979,18.7,5.0,5.0,93.5,2323.8,217275.3,48.1940276835454,759.7197874289288,807.9138151124743
Sonora,Empalme,25,Guaymas,147,Naranja,2021,2022,28.003091,-110.661588,26.0,4,3.25,0.9375,2196.259136990806,6.017148320522756,1.9245036289774669,12.557701293071153,25.358753424657532,13.58,34.31,31.63002739726027,17.7,41.0,19.087479452054794,6.74,28.73,50.00926027397261,16.25,83.23,21.61054794520548,6.27,31.89,2.3993424657534246,0.87,5.61,354.22999999999996,0.9704931506849314,0.0,29.64,212.53799999999998,0.5822958904109589,0.0,17.784,13.184678506962882,4.70933367367852,20.41531595212013,0.1612878890445262,49,24,101,0,1462.7673886220957,4.0075818866358786,1.3471525402842268,8.16250584049625,118.49330315173917,0.32463918671709363,0.0,4.296,1344.2740854703566,3.6829426999187853,0.0,8.16250584049625,1184.9330315173918,13442.740854703567,14627.673886220959,1250.2293886220957,0.08100625162511862,0.9189937483748813,19.7,5.0,5.0,98.5,2867.77,282475.35,60.14888484859857,682.3726322184552,742.5215170670538
Sonora,Empalme,25,Guaymas,147,Naranja,2022,2023,28.003091,-110.661588,26.0,4,2.4285714285714284,0.5,2100.976139133917,5.756099011325801,2.1480205845735902,11.727615620357914,24.824794520547943,12.14,34.64,31.021506849315063,19.6,42.48,18.628082191780823,4.68,28.53,53.07753424657534,17.7,84.14,21.462849315068496,4.87,32.1,2.373945205479452,1.0,6.64,321.1,0.8797260273972604,0.0,22.84,192.66000000000003,0.5278356164383562,0.0,13.703999999999999,13.148826155538817,4.0148581093660125,20.12064546020473,0.1528337204878332,55,23,80,1,1398.7290728232917,3.83213444609121,1.5036144092015131,7.622950153232645,124.30504723081721,0.34056177323511566,0.0,4.123937932682515,1274.4240255924744,3.4915726728560945,0.0,7.622950153232645,1243.0504723081722,12744.240255924744,13987.290728232916,1206.0690728232917,0.08886999608860012,0.9111300039113998,20.7,5.0,5.0,103.5,3022.46,312824.61,60.05074745450107,615.6637804794562,675.7145279339574
Sonora,Empalme,25,Guaymas,147,Naranja,2023,2024,28.003091,-110.661588,26.0,4,2.8260869565217392,0.5217391304347826,2385.324941960842,6.5351368272899775,2.1133322544487587,14.180379957508446,26.104863013698633,12.865,36.56,32.64134246575342,16.99,45.35,19.568383561643834,5.55,30.37,45.33904109589041,18.71,78.75,21.819369863013698,3.4,31.51,2.5883835616438353,1.36,5.28,147.81,0.40495890410958907,0.0,23.96,118.248,0.32396712328767124,0.0,19.168000000000003,13.238336619446413,3.788839199300112,19.97523334682412,0.06196640021652299,32,5,142,0,1587.3467635724073,4.348895242664129,1.479332578114131,9.21724697238049,72.55100527064796,0.19876987745383004,0.0,4.704,1514.7957583017594,4.150125365210299,0.0,9.21724697238049,725.5100527064797,15147.957583017595,15873.467635724075,1469.0987635724073,0.0457058324844964,0.9542941675155037,21.5,5.0,5.0,107.5,3265.12,351000.4,33.744653614254865,704.5561666519811,738.300820266236
Sonora,Empalme,25,Guaymas,147,Nuez,2010,2011,28.003091,-110.661588,26.0,1,1.0,0.0,1478.3209747870237,7.006260544014331,1.8145672298528788,10.649724512246678,28.400568720379148,18.59,36.14,34.36222748815166,22.75,43.22,22.43890995260664,11.88,29.06,53.069431279620844,22.08,86.24,25.239431279620852,2.6,31.9,2.4812796208530807,0.94,5.59,230.39000000000001,1.0918957345971565,0.0,27.46,184.312,0.8735165876777252,0.0,21.968000000000004,16.267325231998083,2.9101965134686814,20.215894463924307,0.15584572222767215,31,15,97,0,1425.3772496818517,6.7553424155538,1.1794686994043713,11.714696963471347,113.0444925876703,0.5357558890410915,0.0,7.346361699720259,1312.332757094181,6.219586526512706,0.0,11.714696963471347,1130.444925876703,13123.32757094181,14253.772496818514,1241.0652496818516,0.0793084726256871,0.9206915273743126,0.8,10.0,10.0,8.0,40000.0,320000.0,1413.0561573458788,16404.15946367726,17817.21562102314
Sonora,Empalme,25,Guaymas,147,Uva,2010,2011,28.003091,-110.661588,26.0,1,1.0,0.0,1465.0938089264025,7.252939648150507,2.9777742067768,10.649724512246678,27.339752475247522,14.93,36.14,33.64044554455445,20.93,43.22,21.03905940594059,8.3,29.06,49.74990099009901,22.08,79.61,26.242574257425744,10.5,31.9,2.5961386138613864,0.94,5.59,174.08,0.8617821782178219,0.0,27.46,139.26400000000004,0.6894257425742576,0.0,21.968000000000004,16.710654200078718,7.3781184209055946,20.215894463924307,0.11881833022525914,24,11,82,0,1083.7481525261778,5.365089863990979,0.89333226203304,9.052265835409676,67.95317017789007,0.33640183256381223,0.0,6.017458175209502,1015.7949823482879,5.028688031427168,0.0,9.052265835409676,679.5317017789007,10157.949823482879,10837.48152526178,944.4841525261778,0.06270199401908431,0.9372980059809158,17.0,100.0,100.0,1700.0,20000.0,34000000.0,39.97245304581769,597.5264602048752,637.4989132506929
Sonora,Empalme,25,Guaymas,147,Uva,2011,2012,28.003091,-110.661588,26.0,3,2.6666666666666665,0.6666666666666666,1512.8443689820451,7.489328559317055,3.1988951295925205,14.165390457472167,27.93131188118812,17.775,35.765,34.47153465346535,23.14,43.73,21.39108910891089,10.0,29.08,47.14950495049505,11.81,78.23,26.3559900990099,11.39,32.54,2.5245049504950496,1.07,5.11,170.95999999999998,0.8463366336633662,0.0,25.16,136.76800000000003,0.6770693069306932,0.0,20.128,16.666038092515784,8.56378692373596,20.01959098187152,0.11300567560365424,27,10,103,0,1107.5072290889316,5.482709054895701,1.416046097550612,12.040581888851342,85.33570648232848,0.4224539924867746,0.0,6.0623424512547395,1022.171522606603,5.060255062408926,0.0,12.040581888851342,853.3570648232848,10221.71522606603,11075.072290889315,970.7392290889316,0.07705205369406769,0.9229479463059322,16.0,100.0,100.0,1600.0,12000.0,19200000.0,53.3348165514553,638.8572016291268,692.1920181805822
Sonora,Empalme,25,Guaymas,147,Uva,2012,2013,28.003091,-110.661588,26.0,1,1.0,0.0,1441.0130304322859,7.133727873427158,2.7049895004983955,10.756779302500071,27.54742574257426,14.97,34.260000000000005,33.7509900990099,19.29,42.75,21.34386138613861,9.36,28.42,49.104455445544545,17.78,83.37,25.66445544554455,8.7,31.96,2.420742574257426,0.73,5.05,263.66,1.3052475247524753,0.0,31.53,158.19599999999997,0.783148514851485,0.0,18.918,16.302214225458915,6.942619222628836,20.572881404155144,0.18296850509457596,39,15,85,0,1061.723866652052,5.256058745802238,0.8114968501495187,9.14326240712506,87.9872030588686,0.43558021316271583,0.0,4.416,973.7366635931835,4.820478532639522,0.0,9.14326240712506,879.872030588686,9737.366635931834,10617.23866652052,903.5278666520521,0.082872021457255,0.9171279785427451,16.02,200.0,200.0,3204.0,20800.0,66643200.0,54.92334772713396,607.8256327048585,662.7489804319925
Sonora,Empalme,25,Guaymas,147,Uva,2013,2014,28.003091,-110.661588,26.0,1,1.0,0.0,1477.0294228031676,7.3120268455602355,3.242163840285387,12.100008451090064,28.003539603960398,15.559999999999999,35.71,34.301683168316835,21.08,42.83,21.705396039603958,9.55,29.21,49.65915841584158,16.19,85.34,26.048118811881185,12.05,31.99,2.5174752475247524,0.97,5.16,230.64000000000001,1.141782178217822,0.0,20.45,184.512,0.9134257425742575,0.0,16.36,16.60828894462407,8.921283683920594,20.316598664792068,0.15615125632520027,36,16,91,0,1077.6566618754955,5.334933969680671,1.181225773096822,10.285007183426554,93.61176910603447,0.4634245995348241,0.0,6.016719803983163,984.0448927694612,4.871509370145847,0.0,10.285007183426554,936.1176910603447,9840.448927694611,10776.566618754956,893.1446618754956,0.08686604223567607,0.913133957764324,16.0,237.0,237.0,3792.0,18670.0,70796640.0,58.50735569127154,615.0280579809132,673.5354136721847
Sonora,Empalme,25,Guaymas,147,Uva,2014,2015,28.003091,-110.661588,26.0,1,1.0,0.0,1433.4355964711092,7.0962158241144015,3.9538006736250666,11.999711441283607,28.12136138613861,18.695,35.83,34.00980198019802,22.37,44.0,22.232920792079206,11.73,28.54,51.836435643564364,12.22,83.51,25.082178217821784,6.87,31.68,2.5334653465346535,0.96,6.55,268.89000000000004,1.3311386138613863,0.0,24.13,161.334,0.7986831683168317,0.0,14.477999999999998,16.144081908803496,5.600503359643267,20.53300145685372,0.18758429095940168,42,16,82,0,1057.7615346651555,5.2364432409166115,1.2793850848570283,10.199754725091065,101.47912490068205,0.5023719054489211,0.0,6.493679389042872,956.2824097644734,4.73407133546769,0.0,10.199754725091065,1014.7912490068205,9562.824097644734,10577.615346651555,896.4275346651555,0.0959376206970943,0.9040623793029057,15.75,240.0,240.0,3780.0,16376.34,61902565.2,64.43119041313146,607.1634347710942,671.5946251842257
Sonora,Empalme,25,Guaymas,147,Uva,2015,2016,28.003091,-110.661588,26.0,0,0.0,0.0,1333.2682307866405,6.600337776171488,1.7825666910354283,11.923679243279768,27.693440594059403,17.560000000000002,34.49,33.13019801980199,20.46,41.32,22.256683168316833,11.77,28.77,56.39376237623762,21.26,87.29,24.572673267326735,7.03,31.98,2.343861386138614,0.98,6.02,306.82000000000005,1.5189108910891091,0.0,37.53,184.092,0.9113465346534654,0.0,22.518,16.04108238122153,5.959268449439018,20.269483115456435,0.2301262363530356,47,18,65,0,985.1320864095868,4.876891516879143,0.5347700073106285,10.135127356787802,103.30927057245377,0.5114320325368998,0.0,4.936026508777914,881.822815837133,4.365459484342242,0.0,10.135127356787802,1033.0927057245376,8818.22815837133,9851.320864095867,801.0400864095868,0.10486844555939176,0.8951315544406082,15.3,369.0,173.0,2646.9,15041.43,39813161.07,67.52239906696325,576.3547815928973,643.8771806598605
Sonora,Empalme,25,Guaymas,147,Uva,2016,2017,28.003091,-110.661588,26.0,1,1.0,0.0,1452.829913992592,7.19222729699303,3.1990164123730374,10.475008211734,27.860915841584163,14.155,35.53,34.187128712871285,16.74,44.08,21.53470297029703,9.5,28.94,51.28742574257426,20.2,80.9,26.202128712871286,4.62,32.04,2.5352970297029698,1.28,5.99,238.21000000000004,1.1792574257425745,0.0,67.14,190.56800000000004,0.9434059405940596,0.0,53.712,16.815194343781137,4.270471887353048,20.149288010455166,0.16396275827317158,33,12,88,0,1059.9018671547233,5.247038946310512,0.9875905936105707,8.903756979973899,85.55346426598258,0.42353200131674545,0.0,5.808,974.3484028887406,4.823506944993765,0.0,8.903756979973899,855.5346426598259,9743.484028887406,10599.018671547232,869.3338671547233,0.08071828809552761,0.9192817119044723,13.0,400.0,400.0,5200.0,14690.0,76388000.0,65.81035712767891,749.4987714528773,815.3091285805563
Sonora,Empalme,25,Guaymas,147,Uva,2017,2018,28.003091,-110.661588,26.0,1,1.0,0.0,1456.660064569077,7.211188438460777,3.3896692478640915,11.972786456551962,28.284678217821778,19.445,34.235,34.62891089108911,22.92,40.83,21.940445544554457,11.81,28.56,50.89153465346535,18.45,80.69,25.925346534653464,9.4,31.84,2.4266831683168317,1.22,5.27,294.08000000000004,1.455841584158416,0.0,39.34,176.44799999999998,0.8735049504950494,0.0,23.604000000000003,16.611874064866882,7.2252459351583775,20.061268813029635,0.20188649854075433,35,15,112,0,1066.6714209869292,5.280551589044204,1.0255179423751806,10.176868488069168,83.05359087594283,0.4111563904749645,0.0,5.987715132328723,983.6178301109863,4.869395198569239,0.0,10.176868488069168,830.5359087594284,9836.178301109863,10666.714209869291,890.2234209869292,0.07786239439985948,0.9221376056001405,14.5,565.0,478.0,6931.0,19461.05,134884537.6,57.27833853513299,678.3571242144733,735.6354627496063
Sonora,Empalme,25,Guaymas,147,Uva,2018,2019,28.003091,-110.661588,26.0,4,4.0,1.0,1481.2818209373559,7.333078321472058,3.0533531712420174,13.40947590512976,28.361905940594063,18.325,36.34,34.420742574257424,23.64,43.72,22.303069306930695,10.49,29.72,49.15217821782178,14.0,79.86,25.5,7.83,31.77,2.5305445544554455,1.01,5.06,224.53000000000003,1.1115346534653467,0.0,38.71,179.624,0.8892277227722772,0.0,30.968000000000004,16.294553040510223,6.415826901402757,20.293603974695785,0.151578178322554,36,16,91,0,1093.9146872353376,5.415419243739295,1.1615563240241713,11.398054519360295,98.66672070881502,0.4884491124198763,0.0,5.726701228019097,995.2479665265225,4.926970131319418,0.0,11.398054519360295,986.6672070881502,9952.479665265226,10939.146872353376,914.2906872353376,0.09019599230190106,0.9098040076980989,16.0,693.0,565.0,9040.0,21151.55,191210012.0,61.66670044300939,622.0299790790766,683.696679522086
Sonora,Empalme,25,Guaymas,147,Uva,2019,2020,28.003091,-110.661588,26.0,2,1.4444444444444444,0.0,1423.926780492979,7.049142477688015,2.786415983379047,10.799641119852748,27.51858910891089,17.01,35.265,33.577277227722774,20.27,42.59,21.45990099009901,10.17,29.67,51.830198019801976,22.66,89.92,25.509702970297035,5.59,32.21,2.5496534653465344,1.12,5.15,210.26,1.040891089108911,0.0,26.59,168.20800000000003,0.8327128712871289,0.0,21.272000000000002,16.420132788858204,5.032018813816755,20.43333814596469,0.14766208689972504,32,14,82,0,1060.344824776359,5.24923180582356,0.8359247950137141,9.179694951874835,81.53629097610666,0.40364500483221116,0.0,5.616061436505005,978.8085338002521,4.845586800991347,0.0,9.179694951874835,815.3629097610666,9788.085338002522,10603.448247763588,892.1368247763589,0.07689601445765887,0.9231039855423409,16.8,693.0,565.0,9492.0,27037.56,256640519.52,48.53350653339682,582.6241272620548,631.1576337954516
Sonora,Empalme,25,Guaymas,147,Uva,2020,2021,28.003091,-110.661588,26.0,2,1.4,0.0,1471.9442242406608,7.286852595250796,1.965438627984318,11.521781418644204,28.46032178217822,14.17,35.965,34.5810396039604,17.61,42.89,22.339603960396037,8.71,29.21,50.95163366336634,23.68,81.08,25.52693069306931,4.88,32.03,2.552772277227723,1.35,4.99,184.35999999999999,0.9126732673267326,0.0,29.1,147.488,0.7301386138613861,0.0,23.28,16.514502521016734,4.483520978908895,20.350774261677344,0.12524931105667858,28,7,115,0,1088.6258048221252,5.389236657535274,0.5896315883952954,9.793514205847574,77.3313734600023,0.38282858148515986,0.0,6.308404950439271,1011.2944313621231,5.006408076050114,0.0,9.793514205847574,773.3137346000229,10112.94431362123,10886.258048221252,941.1378048221252,0.07103577107713129,0.9289642289228688,17.0,693.0,565.0,9605.0,28002.87,268967566.35,45.48904321176605,594.8790772718371,640.3681204836032
Sonora,Empalme,25,Guaymas,147,Uva,2021,2022,28.003091,-110.661588,26.0,4,3.3333333333333335,0.9166666666666666,1456.0998412670908,7.208415055777677,3.1997435235501346,12.557701293071153,27.940346534653465,15.485000000000001,34.31,33.982277227722776,21.67,41.0,21.89841584158416,9.3,28.73,50.200792079207915,16.25,78.39,25.581534653465344,11.54,31.89,2.52549504950495,0.87,5.61,270.93,1.3412376237623762,0.0,20.94,162.55799999999996,0.8047425742574256,0.0,12.564,16.364709259172507,8.231936130581337,20.41531595212013,0.1860655377616401,39,18,88,0,1072.2609481685959,5.3082225156861185,1.4398845855975606,10.67404609911048,96.68292499174339,0.4786283415432841,0.0,5.47439449920146,975.5780231768528,4.829594174142835,0.0,10.67404609911048,966.8292499174339,9755.780231768527,10722.60948168596,909.7029481685959,0.09016734700342882,0.9098326529965715,16.3,693.0,593.0,9665.9,27964.26,270299740.7,59.314677909045024,598.5141246483759,657.8288025574209
Sonora,Empalme,25,Guaymas,147,Uva,2022,2023,28.003091,-110.661588,26.0,4,2.9,0.7,1396.21923764832,6.911976424001583,2.706883422556029,11.727615620357914,27.655544554455446,16.095,34.64,33.693069306930695,23.84,42.48,21.6180198019802,7.9,28.53,53.03712871287129,17.7,84.14,25.192821782178218,7.25,32.1,2.4932178217821783,1.05,6.64,290.28,1.437029702970297,0.0,22.84,174.168,0.8622178217821782,0.0,13.703999999999999,16.168204932410013,5.8685341438004635,20.12064546020473,0.20790431199682108,48,21,73,0,1033.6305265286337,5.116982804597197,1.2180975401502132,9.968473277304227,105.86951652505488,0.5241065174507668,0.0,5.376010537528413,927.7610100035787,4.592876287146429,0.0,9.968473277304227,1058.6951652505488,9277.610100035787,10336.305265286335,859.4625265286337,0.10242491277865919,0.8975750872213407,16.6,693.0,593.0,9843.8,29152.06,286967048.2,63.776817183767996,558.8921747009509,622.6689918847189
Sonora,Empalme,25,Guaymas,147,Uva,2023,2024,28.003091,-110.661588,26.0,3,2.4166666666666665,0.4166666666666667,1576.9960029326262,7.806910905607061,3.3816948696814872,14.180379957508446,28.596955445544555,15.015,36.56,35.11856435643564,20.15,45.35,22.075346534653463,7.64,30.37,45.006831683168315,18.71,77.64,26.16410891089109,10.64,31.51,2.7234158415841585,1.36,5.28,136.89000000000001,0.6776732673267327,0.0,23.96,109.512,0.5421386138613862,0.0,19.168000000000003,16.59600203289528,7.5881317599486104,19.97523334682412,0.08680427835291625,29,5,105,0,1154.9797147302252,5.71772136005062,1.0145084609044461,12.053322963882179,62.32447618813777,0.30853701083236523,0.0,5.777818145368168,1092.6552385420873,5.409184349218254,0.0,12.053322963882179,623.2447618813777,10926.552385420873,11549.797147302252,1045.4677147302252,0.05396153317090529,0.9460384668290946,17.0,693.0,593.0,10081.0,31479.57,317345545.17,36.66145658125751,642.7383756129925,679.39983219425
