Estado,Municipio,IdMunicipio,DDR,IdDDR,Cultivo,Anio,AnioFin,Lat,Lon,Z_m,ET0_total_mm,ET0_mean_mm_d,ET0_min_mm_d,ET0_max_mm_d,Tmean_ciclo_mean_C,Tmean_ciclo_min_C,Tmean_ciclo_max_C,Tmax_ciclo_mean_C,Tmax_ciclo_min_C,Tmax_ciclo_max_C,Tmin_ciclo_mean_C,Tmin_ciclo_min_C,Tmin_ciclo_max_C,RH_mean_pct,RH_min_pct,RH_max_pct,Rs_mean_MJ_m2_d,Rs_min_MJ_m2_d,Rs_max_MJ_m2_d,Ws_mean_m_s,Ws_min_m_s,Ws_max_m_s,Ptot_total_mm,Ptot_mean_mm_d,Ptot_min_mm_d,Ptot_max_mm_d,Pef_total_mm,Pef_mean_mm_d,Pef_min_mm_d,Pef_max_mm_d,Rn_mean_MJ_m2_d,Rn_min_MJ_m2_d,Rn_max_MJ_m2_d,ratio_Ptot_ET0,dias_lluvia_ge_1mm,dias_lluvia_ge_5mm,dias_estres_calor,dias_riesgo_helada,ETc_total_mm,ETc_mean_mm_d,ETc_min_mm_d,ETc_max_mm_d,ETverde_total_mm,ETverde_mean_mm_d,ETverde_min_mm_d,ETverde_max_mm_d,ETazul_total_mm,ETazul_mean_mm_d,ETazul_min_mm_d,ETazul_max_mm_d,UACverde_m3_ha,UACazul_m3_ha,UACtotal_m3_ha,deficit_hidrico_mm,frac_verde,frac_azul,Rend_t_ha,SupSembradaTotal_ha,SupCosechadaTotal_ha,VolumenTotal_t,PMR,Valorproduccion,HHverde_m3_ton,HHazul_m3_ton,HHtotal_m3_ton
Sonora,Fronteras,27,Agua Prieta,141,Ajo,2011,2012,30.830219,-109.61778,1223.0,957.9723679491335,4.5187375846657245,1.186290794585971,10.607004672385974,13.275990566037738,-8.945,25.095,21.82438679245283,-5.52,33.47,4.727594339622642,-12.37,17.21,37.12844339622641,9.79,78.79,19.32528301886793,5.03,31.13,2.7259433962264157,0.97,7.95,20.73,0.09778301886792454,0.0,6.25,16.584,0.07822641509433963,0.0,5.0,9.90917006838593,3.8716628391385877,17.208172778488137,0.02163945505482547,6,1,0,105,825.72119310122,3.894911288213302,1.186290794585971,7.424903270670182,12.770290794585973,0.06023722072917912,0.0,2.64,812.950902306634,3.834674067484123,0.0,7.424903270670182,0.0,0.0,0.0,809.1371931012201,0.015465620721957833,0.9845343792780421,5.0,10.0,10.0,50.0,14000.0,700000.0,0.0,0.0,0.0
Sonora,Fronteras,27,Agua Prieta,141,Ajo,2012,2013,30.830219,-109.61778,1223.0,881.7969304800563,4.13989169239463,0.8418605580507743,9.477024793790363,12.752840375586857,-0.625,24.99,20.933286384976526,3.83,35.22,4.572394366197183,-5.6,17.71,41.78000000000001,10.74,88.08,18.680140845070422,2.5,30.98,2.5664788732394364,0.78,6.89,128.66,0.604037558685446,0.0,32.78,102.928,0.4832300469483568,0.0,26.224000000000004,9.786845751228922,3.0302957782722624,17.50940585593829,0.1459066090533527,19,6,1,122,755.7168478166133,3.5479664216742406,0.8418605580507743,6.633917355653254,29.913949326624717,0.14044107665082026,0.0,2.4446242065614934,725.8028984899886,3.4075253450234206,0.0,6.633917355653254,0.0,0.0,0.0,652.7888478166133,0.03958354165723696,0.9604164583427631,7.0,15.0,15.0,105.0,20000.0,2100000.0,0.0,0.0,0.0
Sonora,Fronteras,27,Agua Prieta,141,Ajo,2013,2014,30.830219,-109.61778,1223.0,908.7962704652955,4.286774860685356,1.1144903115081428,9.385931013038997,13.254174528301888,-1.125,23.799999999999997,21.45438679245283,4.34,32.8,5.053962264150944,-6.59,15.83,37.61801886792453,7.7,84.38,18.556462264150944,3.81,30.95,2.5627830188679246,0.82,7.47,56.39,0.26599056603773585,0.0,12.82,45.112,0.2127924528301887,0.0,10.256,9.639009314657612,3.5404030590490243,17.026104765121037,0.062049110271027885,11,4,0,96,780.8016294779675,3.683026554141356,1.1144903115081428,6.570151709127297,23.27777179222117,0.1098008103406659,0.0,2.9342264013050245,757.5238576857464,3.5732257438006907,0.0,6.570151709127297,0.0,0.0,0.0,735.6896294779675,0.02981265780372967,0.9701873421962705,6.5,20.0,20.0,130.0,17443.85,2267700.5,0.0,0.0,0.0
Sonora,Fronteras,27,Agua Prieta,141,Ajo,2014,2015,30.830219,-109.61778,1223.0,919.3818513467982,4.336706845975463,1.2059791322631137,9.317458384875936,13.816721698113207,4.165,22.7,21.921179245283025,9.17,31.96,5.712264150943396,-3.01,15.11,39.78051886792453,9.14,82.41,18.33603773584906,4.78,31.15,2.6583018867924526,0.82,6.75,55.71000000000001,0.26278301886792454,0.0,10.66,44.568,0.21022641509433962,0.0,8.528,9.60154012430947,3.768603884250418,17.471204742621477,0.060595061691059805,14,4,0,83,794.09941292046,3.745751947738019,1.2059791322631137,6.522220869413155,28.647925725483212,0.13513172512020383,0.0,3.672942795926165,765.4514871949767,3.610620222617815,0.0,6.522220869413155,0.0,0.0,0.0,749.5314129204601,0.03607599408759756,0.9639240059124022,6.0,20.0,20.0,120.0,19708.33,2364999.6,0.0,0.0,0.0
Sonora,Fronteras,27,Agua Prieta,141,Ajo,2015,2016,30.830219,-109.61778,1223.0,794.4581029747458,3.747443881956348,1.0261592383502487,7.3663356658246135,13.58313679245283,1.9200000000000004,22.815,21.20806603773585,7.5,31.45,5.9582075471698115,-5.11,15.62,51.913066037735845,22.03,86.05,17.700943396226414,2.65,30.95,2.5166037735849054,0.79,6.36,162.32,0.7656603773584906,0.0,32.87,129.856,0.6125283018867924,0.0,26.296,9.691553794289351,3.2094685955277455,17.704596839878832,0.2043153684155448,21,9,0,80,687.6920953361512,3.2438306383780717,1.0261592383502487,5.452120296541782,44.65280751255051,0.21062645053089862,0.0,2.6975683964194794,643.0392878236005,3.033204187847172,0.0,5.452120296541782,0.0,0.0,0.0,557.8360953361512,0.06493139562804448,0.9350686043719553,6.1,1.0,1.0,6.1,18800.0,114680.0,0.0,0.0,0.0
Sonora,Fronteras,27,Agua Prieta,141,Ajo,2016,2017,30.830219,-109.61778,1223.0,864.0816243290129,4.056721240981282,0.9756502656411151,8.709218117965364,13.206924882629107,-0.3849999999999998,26.725,21.190046948356805,4.54,34.2,5.223802816901409,-5.39,19.25,45.139718309859155,15.39,88.01,18.4062441314554,3.73,31.01,2.6487323943661973,1.0,6.48,112.28999999999999,0.5271830985915492,0.0,13.33,89.83200000000002,0.4217464788732395,0.0,10.664000000000001,9.792033782519082,3.558277701242284,17.91319584275251,0.12995300077952332,26,8,0,103,748.4382283679065,3.5137944993798427,0.9756502656411151,6.096452682575754,49.603308223568085,0.23287938133130556,0.0,3.091369827916487,698.8349201443383,3.2809151180485365,0.0,6.096452682575754,0.0,0.0,0.0,658.6062283679065,0.06627575442229389,0.933724245577706,7.0,10.0,10.0,70.0,19000.0,1330000.0,0.0,0.0,0.0
Sonora,Fronteras,27,Agua Prieta,141,Ajo,2017,2018,30.830219,-109.61778,1223.0,926.2121030434237,4.368925014355772,1.0808051867677164,10.421753313961673,14.959599056603773,2.7800000000000002,24.1,22.907311320754715,8.56,34.33,7.01188679245283,-4.76,16.42,43.00801886792452,13.5,87.6,18.38896226415094,2.63,31.33,2.677877358490566,1.03,7.16,97.81,0.4613679245283019,0.0,16.34,78.248,0.36909433962264154,0.0,13.072000000000001,9.75578263944112,3.2109082967387303,17.555021869915517,0.10560216140407568,16,7,0,79,796.0009095381289,3.7547212714062685,1.0808051867677164,7.295227319773171,31.03052824710154,0.14637041625991293,0.0,2.474360072280406,764.9703812910274,3.6083508551463557,0.0,7.295227319773171,0.0,0.0,0.0,717.7529095381288,0.038983031143904945,0.9610169688560951,7.2,10.5,10.5,75.6,13134.11,992938.72,0.0,0.0,0.0
Sonora,Fronteras,27,Agua Prieta,141,Ajo,2018,2019,30.830219,-109.61778,1223.0,969.0863081021413,4.571161830670478,0.8694935870326175,9.664236128175448,15.544198113207548,2.805,25.98,23.55330188679245,7.58,33.53,7.535094339622642,-4.75,19.01,37.039481132075466,10.31,91.04,18.13910377358491,3.39,30.45,2.608301886792453,0.77,6.66,86.57,0.4083490566037736,0.0,20.77,69.256,0.3266792452830189,0.0,16.616,9.466541177086773,3.3818772184353088,17.346783308167698,0.08933156858808447,15,5,0,67,838.2788726570345,3.954145625740729,0.8694935870326175,7.109992236109398,28.638131787315277,0.13508552729865697,0.0,2.9280000000000004,809.6407408697191,3.8190600984420713,0.0,7.109992236109398,0.0,0.0,0.0,769.0228726570346,0.03416301271740629,0.9658369872825936,7.33,12.0,12.0,88.0,11519.05,1013676.4,0.0,0.0,0.0
Sonora,Fronteras,27,Agua Prieta,141,Ajo,2019,2020,30.830219,-109.61778,1223.0,773.1542335349732,3.646953931768741,0.8680255806199471,8.623837354785849,12.526981132075472,-0.2999999999999998,23.79,19.993915094339624,3.99,32.38,5.0600471698113205,-5.35,18.72,51.626367924528296,23.93,88.37,17.105141509433963,3.15,30.5,2.656792452830189,0.88,6.39,193.69,0.9136320754716981,0.0,30.24,154.952,0.7309056603773585,0.0,24.192,9.423268601783318,3.281969971386215,18.219311280783312,0.25051922578813446,34,10,0,103,665.7489662217022,3.1403253123665196,0.8680255806199471,6.0366861483500935,58.515657215325916,0.2760172510156883,0.0,3.9793661503140627,607.2333090063762,2.864308061350831,0.0,6.0366861483500935,0.0,0.0,0.0,510.7969662217022,0.08789447702400115,0.9121055229759988,7.15,20.0,20.0,143.0,12092.31,1729200.33,0.0,0.0,0.0
Sonora,Fronteras,27,Agua Prieta,141,Ajo,2020,2021,30.830219,-109.61778,1223.0,733.3382638560831,3.4429026472116577,0.7512834545364656,8.153668265008202,12.638169014084506,0.7349999999999999,24.39,19.905070422535214,6.3,34.59,5.371267605633802,-5.67,18.26,57.387840375586855,27.55,92.94,17.11422535211268,2.6,30.1,2.615492957746479,0.79,7.01,359.73,1.6888732394366197,0.0,71.37,215.83800000000002,1.0133239436619719,0.0,42.822,9.564533637679258,3.057208917571943,17.807497171760144,0.4905376109906583,30,20,0,102,628.8827469530261,2.9525011594038784,0.7512834545364656,5.7075677855057405,45.30510578346849,0.21270002715243422,0.0,2.4067644219273823,583.5776411695575,2.739801132251444,0.0,5.7075677855057405,0.0,0.0,0.0,413.04474695302605,0.07204062442955288,0.927959375570447,7.29,17.0,17.0,124.0,13626.29,1689659.96,0.0,0.0,0.0
Sonora,Fronteras,27,Agua Prieta,141,Ajo,2021,2022,30.830219,-109.61778,1223.0,980.6746304343884,4.625823728464097,1.2123708835180327,9.430698202626116,13.825141509433962,1.355,25.794999999999998,22.29584905660377,4.24,35.0,5.35443396226415,-4.9,16.85,33.290518867924526,10.65,85.04,18.728584905660377,7.39,30.11,2.8009905660377354,0.92,6.92,67.94,0.3204716981132075,0.0,17.42,54.352000000000004,0.25637735849056603,0.0,13.936000000000002,9.50291859363919,4.696145374614757,17.69631775237948,0.06927883917003755,11,5,1,113,850.4730196615487,4.011665187082777,1.2123708835180327,7.130544104624597,18.67279293391445,0.08807921195242666,0.0,2.04,831.8002267276343,3.9235859751303503,0.0,7.130544104624597,0.0,0.0,0.0,796.1210196615488,0.021955773436934438,0.9780442265630656,7.62,21.0,21.0,160.02,23076.25,3692661.53,0.0,0.0,0.0
Sonora,Fronteras,27,Agua Prieta,141,Ajo,2022,2023,30.830219,-109.61778,1223.0,934.4268187762832,4.407673673473034,0.913930624817501,10.292481317342164,13.920872641509431,0.8500000000000001,24.24,22.158726415094343,7.46,35.47,5.683018867924529,-6.1,17.05,39.560707547169805,6.96,87.5,18.75391509433962,2.88,31.48,2.7450943396226415,0.83,6.76,67.48,0.31830188679245286,0.0,26.1,53.984,0.2546415094339623,0.0,20.880000000000003,9.798008615002669,3.1642640458626197,17.221074925109704,0.07221539305600325,14,3,1,98,803.2304745525907,3.788822993172598,0.913930624817501,7.204736922139514,22.06157438934157,0.10406403013840362,0.0,2.104,781.1689001632492,3.684758963034194,0.0,7.204736922139514,0.0,0.0,0.0,749.2464745525907,0.027466057486962427,0.9725339425130376,8.17,18.0,18.0,147.0,28014.29,4118100.63,0.0,0.0,0.0
Sonora,Fronteras,27,Agua Prieta,141,Ajo,2023,2024,30.830219,-109.61778,1223.0,809.4544085082239,3.818181172208603,1.1565273131247569,8.250494073366017,12.298278301886791,1.23,23.845,20.094952830188674,6.53,33.57,4.501603773584906,-5.75,16.49,47.91132075471698,16.12,85.43,17.886273584905663,2.51,30.51,2.7167452830188683,0.8,7.88,102.93,0.4855188679245283,0.0,9.75,82.34400000000001,0.3884150943396227,0.0,7.800000000000001,9.641273321173347,3.131026843562678,17.45459113666501,0.12715972501736553,25,6,0,118,698.5860151830689,3.295217052750325,1.1565273131247569,5.775345851356212,49.999997539800205,0.23584904499905757,0.0,2.488,648.5860176432686,3.0593680077512673,0.0,5.775345851356212,0.0,0.0,0.0,616.2420151830688,0.07157314411267937,0.9284268558873205,7.75,20.0,20.0,155.0,30512.9,4729499.5,0.0,0.0,0.0
Sonora,Fronteras,27,Agua Prieta,141,Calabacita,2011,2012,30.830219,-109.61778,1223.0,847.5858492322715,8.82901926283616,4.268284971552806,12.5512950192812,22.65354166666667,9.26,32.53,32.21270833333333,16.84,42.52,13.094375,0.64,23.23,19.808958333333333,6.31,58.04,29.437187499999997,19.01,33.08,3.315729166666667,1.26,7.04,17.4,0.18125,0.0,3.8,13.920000000000002,0.14500000000000002,0.0,3.04,16.829347187871626,11.498501205851513,18.8800689603944,0.020528893935358426,7,0,35,5,701.0891595084508,7.30301207821303,2.134142485776403,11.92373026831714,13.920000000000002,0.14500000000000002,0.0,3.04,687.169159508451,7.158012078213031,1.198142485776403,11.92373026831714,139.20000000000002,6871.6915950845105,7010.89159508451,687.1691595084509,0.01985482133222488,0.9801451786677754,12.0,35.0,35.0,420.0,6000.0,2520000.0,11.600000000000001,572.6409662570426,584.2409662570426
Sonora,Fronteras,27,Agua Prieta,141,Calabacita,2012,2013,30.830219,-109.61778,1223.0,813.4414474949779,8.47334841140602,4.807486962943725,12.242752208080393,23.17072916666667,10.46,30.865,32.5259375,17.69,39.93,13.815520833333332,0.71,22.57,22.40510416666667,5.91,63.32,29.399270833333333,19.74,33.05,2.8647916666666666,0.99,6.31,38.97,0.4059375,0.0,8.03,31.176000000000002,0.32475000000000004,0.0,6.4239999999999995,16.95432463255468,13.215444006545928,18.923751758413356,0.04790756620529912,9,3,34,5,677.1112585972962,7.053242277055169,2.6649143814659477,11.630614597676374,28.693768914123787,0.29889342618878945,0.0,4.567112614796538,648.4174896831724,6.754348850866379,0.0,11.630614597676374,286.93768914123785,6484.174896831724,6771.112585972962,645.9352585972962,0.04237674170942867,0.9576232582905714,12.3,40.0,40.0,492.0,6500.0,3198000.0,23.328267409856736,527.1686907993271,550.4969582091838
Sonora,Fronteras,27,Agua Prieta,141,Calabacita,2013,2014,30.830219,-109.61778,1223.0,824.2193744979213,8.585618484353347,4.2571144964336165,11.268467279573914,22.89244791666667,10.515,31.045,32.01354166666667,15.5,41.22,13.771354166666669,1.94,22.64,21.433333333333337,7.7,63.24,29.4628125,17.76,32.77,3.0715625,1.19,7.47,32.05,0.3338541666666666,0.0,6.97,25.64,0.26708333333333334,0.0,5.5760000000000005,16.93997874536612,11.350439223579492,18.99041710292386,0.0388852785940921,9,3,32,4,682.0902667987302,7.105106945820107,2.1285572482168083,10.705043915595217,24.349521268569696,0.253640846547601,0.0,5.139527717895802,657.7407455301604,6.851466099272504,0.0,10.705043915595217,243.49521268569697,6577.407455301604,6820.902667987301,656.4502667987302,0.03569838546861233,0.9643016145313875,11.0,50.0,50.0,550.0,6200.0,3410000.0,22.135928425972452,597.9461323001459,620.0820607261184
Sonora,Fronteras,27,Agua Prieta,141,Calabacita,2014,2015,30.830219,-109.61778,1223.0,811.7401569880954,8.45562663529266,3.9735285036642196,11.161288881612967,22.825885416666665,10.655000000000001,30.779999999999998,31.60947916666667,19.28,41.48,14.042291666666666,2.03,21.51,21.514375,7.6,65.62,28.39385416666667,11.76,32.25,3.059270833333334,0.86,6.75,22.810000000000002,0.2376041666666667,0.0,9.08,18.248,0.19008333333333335,0.0,7.264,16.447908047364137,8.69742081400823,18.756460759714496,0.028100125149204024,5,1,36,4,673.8750297357278,7.019531559747165,1.9867642518321098,10.603224437532317,14.069195453699704,0.14655411930937193,0.0,3.7898493292906004,659.8058342820281,6.872977440437793,0.0,10.603224437532317,140.69195453699703,6598.058342820281,6738.750297357278,655.6270297357278,0.020878048351512878,0.979121951648487,12.0,55.0,55.0,660.0,5900.0,3894000.0,11.724329544749752,549.8381952350234,561.5625247797731
Sonora,Fronteras,27,Agua Prieta,141,Calabacita,2015,2016,30.830219,-109.61778,1223.0,694.8683540576005,7.2382120214333385,2.6919342706878107,10.590429102763004,21.234114583333334,11.44,32.065,29.534895833333334,16.41,40.68,12.933333333333332,3.18,23.45,35.39125000000001,14.35,72.63,27.529375,10.84,33.21,2.8865625,0.97,6.15,72.77000000000001,0.7580208333333335,0.0,10.6,58.21600000000001,0.6064166666666667,0.0,8.48,16.69647378693774,8.22120104451029,19.756670314306444,0.10472487281233676,14,7,20,4,575.700153388825,5.99687659780026,1.3459671353439053,10.060907647624854,43.33865397892076,0.4514443122804246,0.0,5.224,532.3614994099041,5.545432285519834,0.0,10.060907647624854,433.38653978920763,5323.614994099042,5757.0015338882495,517.484153388825,0.07527990695123205,0.9247200930487678,14.1,20.0,20.0,282.08,5600.0,1579648.0,30.73663402760338,377.5613470992228,408.2979811268262
Sonora,Fronteras,27,Agua Prieta,141,Calabacita,2016,2017,30.830219,-109.61778,1223.0,743.3054745227231,7.742765359611699,4.098486900704696,10.953186297974444,22.00208333333333,11.334999999999999,31.225,30.447812499999998,19.24,41.74,13.556354166666665,2.86,23.96,28.87822916666667,10.61,77.14,28.134583333333335,9.93,32.88,2.8425,0.76,5.76,59.6,0.6208333333333333,0.0,15.53,47.68000000000001,0.49666666666666676,0.0,12.424,16.680776081565323,7.441359340568126,19.093245767420214,0.08018237729012988,11,3,16,4,619.0586889187149,6.448528009569947,2.09878952101847,10.40552698307572,36.0179704790348,0.37518719248994586,0.0,5.5280000000000005,583.0407184396801,6.073340817080001,0.0,10.40552698307572,360.179704790348,5830.4071843968,6190.586889187149,571.3786889187149,0.05818183497585011,0.9418181650241498,14.7,15.0,15.0,220.5,5207.52,1148258.16,24.50202073403728,396.6263390746123,421.1283598086496
Sonora,Fronteras,27,Agua Prieta,141,Calabacita,2017,2018,30.830219,-109.61778,1223.0,797.3044844733356,8.305255046597246,4.503045786303519,11.377113827691995,23.258229166666666,11.29,32.73,32.40083333333333,18.91,42.86,14.115625,2.89,25.11,23.293333333333333,5.66,50.37,28.802291666666665,19.11,33.22,2.8853125,1.18,6.7,20.59,0.21447916666666667,0.0,3.87,16.472,0.17158333333333334,0.0,3.096,16.722877834640034,12.446880027105959,19.0516515159824,0.025824512969597622,8,0,35,3,654.5504426539102,6.818233777644898,2.324039080651599,10.808258136307394,16.472,0.17158333333333334,0.0,3.096,638.0784426539101,6.646650444311564,2.020039080651599,10.808258136307394,164.72000000000003,6380.784426539101,6545.504426539102,638.0784426539102,0.025165363777333014,0.9748346362226669,13.87,55.0,55.0,763.07,6090.91,4647790.69,11.875991348233601,460.0421360157968,471.9181273640304
Sonora,Fronteras,27,Agua Prieta,141,Calabacita,2018,2019,30.830219,-109.61778,1223.0,826.9873389400018,8.614451447291685,3.5592305066244045,11.069588149289423,23.93921875,11.459999999999999,30.325000000000003,32.821354166666666,18.22,40.3,15.057083333333333,1.44,22.3,21.50104166666667,7.65,63.14,28.6690625,9.2,33.11,2.9918750000000003,1.47,6.49,31.089999999999996,0.3238541666666666,0.0,9.26,24.872,0.25908333333333333,0.0,7.408,16.568244641604377,7.379635180326609,19.490069662692424,0.03759428776727087,7,3,39,3,681.6262868002866,7.1002738208363185,2.7049709337124552,10.51610874182495,20.22643072399752,0.2106919867083075,0.0,5.245161742704336,661.399856076289,6.88958183412801,0.0,10.51610874182495,202.2643072399752,6613.99856076289,6816.262868002865,656.7542868002866,0.02967378329692231,0.9703262167030775,14.12,43.0,43.0,607.31,6680.04,4056855.09,14.324667651556318,468.41349580473724,482.73816345629353
Sonora,Fronteras,27,Agua Prieta,141,Calabacita,2019,2020,30.830219,-109.61778,1223.0,746.5483072129126,7.776544866801173,3.494294597773778,11.644025943512455,21.274270833333336,10.75,31.224999999999998,29.75135416666667,15.86,39.55,12.797187500000001,3.16,22.92,30.161458333333332,11.53,58.91,28.553854166666667,12.34,32.91,3.016666666666667,0.53,6.33,29.29,0.3051041666666667,0.0,9.51,23.432000000000002,0.24408333333333335,0.0,7.6080000000000005,16.971030208186402,8.705288993326786,19.23533221259258,0.03923389781613503,6,3,17,3,621.4845462105873,6.473797356360284,1.747147298886889,11.06182464633683,18.55574484713399,0.1932890088243124,0.0,4.08,602.9288013634532,6.280508347535971,0.0,11.06182464633683,185.5574484713399,6029.288013634532,6214.845462105872,598.0525462105873,0.029857129932312845,0.9701428700676871,17.38,45.0,45.0,782.11,6524.31,5102728.09,10.676493007556957,346.9095519927809,357.5860450003379
Sonora,Fronteras,27,Agua Prieta,141,Calabacita,2020,2021,30.830219,-109.61778,1223.0,741.2510602514158,7.721365210952247,3.919797799761138,11.098013497776165,22.684427083333333,10.225,31.07,31.4909375,17.8,40.44,13.877916666666666,2.18,21.97,33.021458333333335,12.77,62.92,28.498125,14.25,33.7,2.723854166666667,1.26,4.9,29.110000000000003,0.3032291666666667,0.0,14.24,23.288000000000004,0.24258333333333337,0.0,11.392000000000001,17.13250815944969,10.183306905142569,19.056436353914076,0.03927144467102218,6,1,33,4,622.1592223329864,6.480825232635275,1.959898899880569,10.543112822887357,18.149829245650473,0.1890607213088591,0.0,6.253829245650472,604.0093930873359,6.291764511326416,0.0,10.543112822887357,181.4982924565047,6040.093930873359,6221.592223329863,598.8712223329863,0.02917232212293156,0.9708276778770684,14.75,40.0,40.0,590.0,4750.85,2803001.5,12.304968980102014,409.49789361853277,421.80286259863476
Sonora,Fronteras,27,Agua Prieta,141,Calabacita,2021,2022,30.830219,-109.61778,1223.0,793.6562076998055,8.26725216353964,3.581930329679354,12.136836510448328,23.210572916666667,11.975,31.765,31.780624999999997,18.36,41.75,14.640520833333333,4.7,23.81,25.2003125,8.88,73.8,27.85291666666667,12.26,32.77,3.0566666666666666,0.86,6.36,36.629999999999995,0.38156249999999997,0.0,8.97,29.304000000000002,0.30525,0.0,7.176000000000001,16.292570773633887,9.150345624987962,18.71420235865833,0.04615348515468932,9,2,20,1,655.3416456752034,6.8264754757833686,2.6864477472595154,11.52999468492591,23.688002013741034,0.24675002097646911,0.0,3.8246796535824523,631.6536436614624,6.5797254548069,0.0,11.52999468492591,236.88002013741033,6316.536436614624,6553.416456752035,626.0376456752034,0.03614603492707244,0.9638539650729276,15.0,30.0,30.0,450.0,5250.0,2362500.0,15.792001342494022,421.1024291076416,436.89443045013564
Sonora,Fronteras,27,Agua Prieta,141,Calabacita,2022,2023,30.830219,-109.61778,1223.0,793.8691332026823,8.269470137527941,3.7415289838456998,11.796119394605606,23.24791666666667,13.290000000000001,30.869999999999997,32.1384375,23.26,40.24,14.357395833333333,3.32,22.69,25.078333333333333,3.03,61.38,28.159583333333334,15.46,33.08,2.910520833333333,0.62,6.76,47.08,0.49041666666666667,0.0,4.72,37.664,0.39233333333333337,0.0,3.776,16.378752634218586,10.99889908185861,19.038590483175994,0.05930448487153868,17,0,22,2,652.478655848934,6.796652665093062,2.8930547548661014,11.206313424875326,37.664,0.39233333333333337,0.0,3.776,614.814655848934,6.404319331759729,0.29193025072477496,11.206313424875326,376.64,6148.146558489339,6524.78655848934,614.814655848934,0.057724493609673286,0.9422755063903268,15.18,17.0,17.0,258.06,7450.0,1922547.0,24.81159420289855,405.0162423247259,429.82783652762447
Sonora,Fronteras,27,Agua Prieta,141,Calabacita,2023,2024,30.830219,-109.61778,1223.0,802.3573819920609,8.357889395750634,4.908088788309865,11.573312006242498,22.596666666666664,8.895000000000001,33.22,31.671041666666667,18.01,41.82,13.522291666666666,-2.97,25.25,23.023229166666667,8.86,57.01,28.665937500000002,14.6,32.75,2.960104166666666,1.25,5.14,11.309999999999999,0.11781249999999999,0.0,4.33,9.048,0.09425,0.0,3.4640000000000004,16.680988275969394,10.094150837387588,18.961156524781266,0.014095963038216188,4,0,22,5,662.7830586381508,6.903990194147404,2.5750291057018035,10.994646405930371,9.048,0.09425,0.0,3.4640000000000004,653.7350586381508,6.8097401941474045,1.1986843488943713,10.994646405930371,90.48,6537.350586381508,6627.830586381508,653.7350586381508,0.013651525762579568,0.9863484742374204,15.67,15.0,15.0,235.05,7528.3,1769526.92,5.7740906190172305,417.18893340022385,422.96302401924106
Sonora,Fronteras,27,Agua Prieta,141,Calabaza,2011,2012,30.830219,-109.61778,1223.0,783.5467782989064,7.835467782989063,4.268284971552806,11.41466837891043,18.987350000000003,9.26,28.07,28.6756,16.84,38.64,9.2991,-0.77,18.5,20.27,6.31,58.04,27.88029999999999,19.01,33.08,3.3193000000000006,1.36,7.04,1.74,0.0174,0.0,1.17,1.3920000000000001,0.013920000000000002,0.0,0.9359999999999999,15.485865680809965,10.693963335789158,18.8800689603944,0.002220671500657013,1,0,11,15,685.5057221231209,6.855057221231209,2.3680203120661067,10.607004672385974,1.3920000000000001,0.013920000000000002,0.0,0.9359999999999999,684.113722123121,6.84113722123121,2.3680203120661067,10.607004672385974,13.920000000000002,6841.13722123121,6855.05722123121,684.1137221231209,0.00203061762298461,0.9979693823770155,12.0,40.0,40.0,480.0,6000.0,2880000.0,1.1600000000000001,570.0947684359342,571.2547684359341
Sonora,Fronteras,27,Agua Prieta,141,Calabaza,2012,2013,30.830219,-109.61778,1223.0,739.0168535666834,7.390168535666834,2.1504088550887053,12.242752208080393,18.74105,3.805,27.520000000000003,28.140600000000003,8.4,38.19,9.341500000000002,-4.85,17.94,24.159299999999998,5.91,68.65,27.8783,8.03,33.05,2.9872999999999994,1.03,6.89,8.979999999999999,0.08979999999999999,0.0,5.97,7.184,0.07184,0.0,4.776,15.662129067602248,6.253158620872722,18.923751758413356,0.012151279036006058,2,1,13,19,652.503485456703,6.525034854567029,1.0752044275443526,10.560914027699123,6.867204427544353,0.06867204427544353,0.0,4.776,645.6362810291586,6.456362810291585,0.0,10.560914027699123,68.67204427544353,6456.362810291585,6525.034854567029,645.319485456703,0.010524395011833278,0.9894756049881667,10.0,45.0,45.0,450.0,6100.0,2745000.0,6.867204427544353,645.6362810291586,652.503485456703
Sonora,Fronteras,27,Agua Prieta,141,Chile verde,2010,2011,30.830219,-109.61778,1223.0,1232.3145768319505,6.808367827800831,2.2723131596663237,11.219366773174075,21.06646408839779,4.545,31.12,29.1914364640884,12.83,40.44,12.941491712707185,-3.74,23.44,39.83044198895028,8.96,78.83,26.54243093922652,10.33,32.87,2.673314917127072,0.81,7.51,249.02,1.3758011049723757,0.0,15.13,199.21599999999998,1.1006408839779005,0.0,12.104000000000001,16.038783421902508,7.784761856314894,19.407241352236213,0.2020750258754414,51,16,43,40,1234.6865465172189,6.821472632691817,1.3633878957997942,11.780335111832779,160.51490795686806,0.8868226958942986,0.0,6.963848886637489,1074.1716385603509,5.934649936797519,0.0,11.780335111832779,1605.1490795686805,10741.716385603508,12346.865465172188,1035.470546517219,0.1300045816564905,0.8699954183435096,8.0,15.0,15.0,120.0,5500.0,660000.0,200.64363494608506,1342.7145482004385,1543.3581831465235
Sonora,Fronteras,27,Agua Prieta,141,Chile verde,2011,2012,30.830219,-109.61778,1223.0,1373.4428891594785,7.588082260549605,4.06929387677341,12.5512950192812,22.709558011049726,9.26,32.53,31.28569060773481,16.84,42.52,14.13342541436464,-0.77,23.23,29.934972375690606,6.31,79.33,26.772099447513813,16.51,33.08,2.8011602209944755,0.68,7.04,173.86,0.9605524861878454,0.0,14.11,139.088,0.7684419889502762,0.0,11.288,15.696922727496844,10.693963335789158,18.89585338141822,0.1265869890712377,42,14,52,15,1358.168480861033,7.503693264425597,2.841624374479328,13.17885977024526,126.46002049177471,0.6986741463633962,0.0,7.240869149767702,1231.7084603692583,6.805019118062201,0.0,13.17885977024526,1264.600204917747,12317.084603692583,13581.684808610331,1219.080480861033,0.0931107018560785,0.9068892981439215,7.0,35.0,35.0,245.0,9050.0,2217250.0,180.65717213110673,1759.5835148132262,1940.240686944333
Sonora,Fronteras,27,Agua Prieta,141,Chile verde,2012,2013,30.830219,-109.61778,1223.0,1304.0601850716985,7.2047524037110415,2.1504088550887053,12.242752208080393,22.300552486187847,3.805,30.865,30.64441988950276,8.4,39.93,13.956685082872927,-4.85,22.6,33.14508287292818,5.91,76.15,26.48121546961326,8.03,33.05,2.595635359116022,0.58,6.89,186.76000000000002,1.0318232044198896,0.0,18.14,149.40800000000002,0.8254585635359117,0.0,14.512,15.684118220417835,6.253158620872722,18.923751758413356,0.1432142489571766,42,12,46,19,1298.5849772063766,7.1745026364993185,1.2902453130532232,12.854889818484413,128.5806185049377,0.7103901574858436,0.0,5.810918819058145,1170.0043587014388,6.464112479013474,0.0,12.854889818484413,1285.8061850493768,11700.043587014388,12985.849772063764,1149.1769772063767,0.0990159448645024,0.9009840551354975,10.0,40.0,40.0,400.0,7200.0,2880000.0,128.5806185049377,1170.0043587014388,1298.5849772063766
Sonora,Fronteras,27,Agua Prieta,141,Chile verde,2013,2014,30.830219,-109.61778,1223.0,1301.2732873696768,7.189355178837993,3.0259810174129385,11.268467279573914,22.211160220994476,6.78,31.045,30.400055248618784,12.96,41.22,14.022265193370167,-2.62,22.64,34.4639226519337,7.7,76.85,26.358397790055253,9.88,32.77,2.6593922651933704,1.04,7.47,254.41,1.4055801104972376,0.0,25.98,152.64600000000002,0.8433480662983426,0.0,15.588,15.63656488335031,6.9219379523157905,18.99041710292386,0.19550850883464346,45,17,37,16,1290.2071353166275,7.128216217218936,1.815588610447763,11.83189064355261,126.03323195810785,0.6963161986635793,0.0,6.698707365209928,1164.1739033585195,6.431900018555356,0.0,11.83189064355261,1260.3323195810785,11641.739033585196,12902.071353166275,1137.5611353166275,0.09768449461192776,0.9023155053880721,10.8,50.0,50.0,540.0,7320.0,3952800.0,116.69743699824801,1077.9387994060367,1194.6362364042848
Sonora,Fronteras,27,Agua Prieta,141,Chile verde,2014,2015,30.830219,-109.61778,1223.0,1278.2789520069136,7.0623146519718984,3.339434115067978,11.161288881612967,22.02342541436464,10.4,30.779999999999998,29.838563535911607,17.01,41.48,14.208287292817678,2.03,21.51,35.37182320441988,7.6,80.31,25.7128729281768,11.32,32.25,2.6319337016574584,0.86,6.75,257.27,1.4213812154696133,0.0,18.14,154.362,0.8528287292817679,0.0,10.884,15.35531604984625,7.444260275518641,18.756460759714496,0.20126279916921336,46,20,38,11,1267.872205141562,7.004818812936807,2.1805266093732496,11.719353325693616,135.95304455642486,0.7511217931294191,0.0,6.541176895527678,1131.919160585137,6.253697019807387,0.0,11.719353325693616,1359.5304455642486,11319.19160585137,12678.72205141562,1113.510205141562,0.1072292964583487,0.8927707035416511,9.5,120.0,120.0,1140.0,5250.0,5985000.0,143.10846795413144,1191.4938532475128,1334.6023212016441
Sonora,Fronteras,27,Agua Prieta,141,Chile verde,2015,2016,30.830219,-109.61778,1223.0,1150.0632385670979,6.353940544569602,1.578148614708885,10.590429102763004,21.470773480662984,5.795,32.065,28.885138121546962,10.72,40.68,14.056408839779007,0.05,24.03,44.54635359116022,14.35,81.66,25.184254143646406,3.93,33.21,2.4857458563535912,0.68,6.15,301.89000000000004,1.667900552486188,0.0,15.72,181.13400000000001,1.0007403314917127,0.0,9.432,15.583232208224524,4.029140082948504,19.756670314306444,0.26249860866445474,62,21,28,12,1149.1626871855667,6.348965122572192,0.9468891688253309,11.119950557901154,145.15862804938197,0.8019813704385744,0.0,6.30207682159315,1004.0040591361847,5.546983752133617,0.0,11.119950557901154,1451.5862804938197,10040.040591361847,11491.626871855668,968.0286871855667,0.12631686502534498,0.8736831349746549,12.0,160.0,160.0,1920.0,10000.0,19200000.0,120.96552337448497,836.6700492801539,957.6355726546388
Sonora,Fronteras,27,Agua Prieta,141,Chile verde,2016,2017,30.830219,-109.61778,1223.0,1263.7757837476834,6.9821866505396875,1.7259087533990942,10.953186297974444,22.04941988950276,5.32,31.225,29.99519337016575,8.41,41.74,14.103646408839781,0.22,23.96,36.40110497237569,10.61,79.18,26.368729281767955,9.93,32.88,2.556685082872928,0.73,6.1,219.98999999999995,1.2154143646408837,0.0,15.82,175.992,0.9723314917127072,0.0,12.656,15.857616577066352,7.328480943061422,19.093245767420214,0.17407359978652798,39,16,32,15,1253.2557411987527,6.924064868501397,1.0355452520394566,11.500845612873167,135.97227136287006,0.7512280185793926,0.0,6.296,1117.2834698358824,6.172836849922002,0.0,11.500845612873167,1359.7227136287006,11172.834698358824,12532.557411987524,1077.2637411987528,0.10849523117509209,0.8915047688249077,12.8,170.0,170.0,2176.0,8201.12,17845637.12,106.22833700224223,872.877710809283,979.1060478115253
Sonora,Fronteras,27,Agua Prieta,141,Chile verde,2017,2018,30.830219,-109.61778,1223.0,1286.5801293191778,7.108177510050706,3.3474198109293534,11.377113827691995,22.846160220994474,10.735,32.73,30.94745856353591,18.02,42.86,14.74486187845304,1.27,25.11,35.54149171270719,5.66,83.78,26.16314917127072,12.74,33.22,2.549060773480663,0.87,6.7,187.82,1.0376795580110496,0.0,10.7,150.25600000000003,0.83014364640884,0.0,8.56,15.620811061698003,7.977648875064479,19.0516515159824,0.14598391170504793,42,16,40,8,1274.6054279875834,7.042018939157919,2.195688655830324,11.945969519076595,132.29244901321493,0.7308975083603035,0.0,5.848,1142.3129789743687,6.311121430797617,0.0,11.945969519076595,1322.9244901321495,11423.129789743687,12746.054279875836,1124.3494279875833,0.10379090352854174,0.8962090964714584,14.0,100.0,100.0,1400.0,6033.57,8446998.0,94.49460643801068,815.9378421245491,910.4324485625598
Sonora,Fronteras,27,Agua Prieta,141,Chile verde,2018,2019,30.830219,-109.61778,1223.0,1305.7024056985465,7.2138254458483235,3.17735769598137,11.069588149289423,23.04555248618784,9.09,31.935000000000002,30.97624309392265,15.73,40.7,15.114861878453038,-3.38,23.69,34.553591160220996,7.65,75.8,25.683812154696135,9.2,33.11,2.6077900552486195,0.68,6.49,197.23999999999998,1.0897237569060771,0.0,19.86,157.792,0.8717790055248619,0.0,15.888,15.35037781298294,7.20830984460034,19.490069662692424,0.15106045538338211,41,16,54,15,1300.6162991880067,7.18572540987849,2.177864344402867,11.623067556753895,135.1897621729051,0.7469047633862159,0.0,6.54955515527908,1165.4265370151015,6.438820646492274,0.0,11.623067556753895,1351.897621729051,11654.265370151015,13006.162991880066,1142.8242991880068,0.10394284790780031,0.8960571520921996,14.8,88.0,88.0,1302.4,6640.74,8648899.78,91.34443390061155,787.4503628480416,878.7947967486531
Sonora,Fronteras,27,Agua Prieta,141,Chile verde,2019,2020,30.830219,-109.61778,1223.0,1229.6482265827874,6.793636610954627,1.4743009489877348,11.644025943512455,21.742182320441984,7.415,32.025,29.523480662983424,10.48,39.95,13.960883977900552,-0.98,24.55,39.452596685082874,11.53,83.08,25.67364640883978,4.88,32.91,2.6635911602209945,0.53,6.39,225.89999999999998,1.2480662983425412,0.0,30.24,180.72000000000003,0.9984530386740333,0.0,24.192,15.644456122057122,4.623622342628436,19.23533221259258,0.1837110769701834,40,14,38,16,1230.2255987931883,6.796826512669549,0.8845805693926408,12.226227240688079,123.2103877801903,0.6807203744761895,0.0,6.9704309790890235,1107.015211012998,6.116106138193359,0.0,12.226227240688079,1232.103877801903,11070.15211012998,12302.255987931883,1049.5055987931883,0.10015267760730692,0.899847322392693,15.0,80.0,80.0,1200.0,6421.67,7706004.0,82.14025852012688,738.0101406753321,820.1503991954589
Sonora,Fronteras,27,Agua Prieta,141,Chile verde,2020,2021,30.830219,-109.61778,1223.0,1233.2821054543078,6.813713289802806,1.1244388262803018,11.098013497776165,22.558922651933702,6.41,32.269999999999996,30.549834254143644,10.58,41.11,14.568011049723754,-2.2,23.96,41.44370165745856,12.77,87.86,25.878674033149178,3.68,33.7,2.512265193370166,0.92,5.03,227.54000000000002,1.2571270718232046,0.0,23.82,182.032,1.0057016574585635,0.0,19.056,15.870504171584427,3.9497184389347497,19.056436353914076,0.18449955528721504,40,12,66,17,1244.941791389669,6.878131444141818,0.6746632957681811,11.652914172664973,108.18857460890395,0.5977269315409058,0.0,8.755360943910661,1136.7532167807651,6.280404512600912,0.0,11.652914172664973,1081.8857460890395,11367.53216780765,12449.41791389669,1062.9097913896692,0.0869025165330326,0.9130974834669674,16.13,75.0,75.0,1210.0,8609.59,10417603.9,67.0728918840074,704.7447097214911,771.8176016054985
Sonora,Fronteras,27,Agua Prieta,141,Chile verde,2021,2022,30.830219,-109.61778,1223.0,1271.9401280200245,7.027293524972511,2.5140451331809928,12.136836510448328,22.09317679558011,4.78,31.765,29.978729281767954,9.71,41.75,14.207624309392266,-3.58,23.81,37.12524861878453,8.88,86.14,25.82685082872928,11.04,32.77,2.7049171270718233,0.85,6.36,264.12000000000006,1.4592265193370169,0.0,17.11,158.47199999999998,0.8755359116022098,0.0,10.266,15.508914090330716,8.383548410374821,18.79464190274961,0.20765128340682554,49,20,33,25,1264.6442796062856,6.986984970200473,1.5084270799085957,12.743678335970746,139.31356978460306,0.7696882308541606,0.0,8.1464202214223,1125.3307098216828,6.217296739346314,0.0,12.743678335970746,1393.1356978460306,11253.307098216828,12646.442796062858,1106.1722796062857,0.11016028145714994,0.8898397185428503,17.1,70.0,70.0,1197.0,9199.54,11011849.38,81.46992385064506,658.0881343986449,739.55805824929
Sonora,Fronteras,27,Agua Prieta,141,Chile verde,2022,2023,30.830219,-109.61778,1223.0,1263.2763017009113,6.979427081220504,2.455631967102666,11.796119394605606,22.36872928176795,7.23,30.93,30.435138121546963,15.87,40.24,14.302320441988948,-2.09,23.25,36.54226519337016,3.03,84.66,25.60314917127072,7.37,33.08,2.551767955801105,0.62,6.76,298.96000000000004,1.6517127071823205,0.0,18.62,179.37599999999998,0.9910276243093922,0.0,11.172,15.31330703695304,6.09644473606478,19.038590483175994,0.2366544829484031,61,21,37,22,1255.9669459978159,6.939043900540419,1.9066259035134143,12.385925364335886,153.9896663219996,0.8507716371381194,0.0,6.890091998293338,1101.9772796758161,6.088272263402299,0.0,12.385925364335886,1539.896663219996,11019.772796758161,12559.669459978157,1076.5909459978159,0.1226064641372078,0.8773935358627921,14.09,55.0,55.0,774.95,9700.0,7517015.0,109.29003997303025,782.0988500183223,891.3888899913526
Sonora,Fronteras,27,Agua Prieta,141,Chile verde,2023,2024,30.830219,-109.61778,1223.0,1338.6357691187563,7.395777729937881,2.2693881449476567,11.573312006242498,22.967707182320435,2.1849999999999996,33.39,31.419226519337016,6.93,41.86,14.516187845303868,-4.42,25.25,32.09038674033149,8.86,68.63,26.248563535911607,10.62,32.75,2.697458563535912,0.86,6.21,119.9,0.6624309392265194,0.0,16.3,95.92000000000002,0.5299447513812156,0.0,13.040000000000001,15.674667249947053,7.474253167771644,18.961156524781266,0.08956880039066335,34,5,60,21,1342.3985133684928,7.4165663722016175,1.361632886968594,12.151977606554624,83.38313345634333,0.4606802953389134,0.0,7.5245293940483355,1259.0153799121497,6.955886076862705,0.0,12.151977606554624,833.8313345634333,12590.153799121497,13423.985133684931,1246.4785133684927,0.062115037096628835,0.9378849629033713,15.56,90.0,90.0,1400.4,9767.86,13678911.14,53.588132041351756,809.1358482725898,862.7239803139415
Sonora,Fronteras,27,Agua Prieta,141,Sandía,2016,2017,30.830219,-109.61778,1223.0,853.0043991083819,7.754585446439836,4.098486900704696,10.953186297974444,22.72013636363636,11.334999999999999,31.225,31.009000000000007,19.24,41.74,14.431272727272725,2.86,23.96,30.524636363636365,10.61,77.14,28.01772727272727,9.93,32.88,2.783363636363636,0.76,5.76,79.47,0.7224545454545455,0.0,15.53,63.576,0.5779636363636363,0.0,12.424,16.760921602914824,7.441359340568126,19.093245767420214,0.0931648184734656,15,5,25,4,725.0964622255256,6.591786020232051,1.6790316168147763,10.953186297974444,49.74527024001925,0.45222972945472045,0.0,5.5280000000000005,675.3511919855063,6.13955629077733,0.0,10.953186297974444,497.4527024001925,6753.511919855063,7250.964622255256,661.5204622255255,0.06860503785570403,0.931394962144296,28.0,50.0,50.0,1400.0,2478.57,3469998.0,17.76616794286402,241.19685428053796,258.963022223402
Sonora,Fronteras,27,Agua Prieta,141,Sandía,2017,2018,30.830219,-109.61778,1223.0,885.6872284051911,8.051702076410828,3.5728268981046236,11.377113827691995,23.687545454545464,11.29,32.73,32.42372727272728,18.91,42.86,14.951363636363638,2.89,25.11,27.120636363636365,5.66,71.79,28.014000000000003,13.48,33.22,2.788272727272727,1.04,6.7,76.7,0.6972727272727273,0.0,10.7,61.36,0.5578181818181818,0.0,8.56,16.50176331547493,9.866521705591596,19.0516515159824,0.08659941968239683,18,6,40,3,743.1809689284825,6.756190626622568,1.8592312645212794,11.377113827691995,50.09479674776414,0.4554072431614922,0.0,4.561857596278595,693.0861721807182,6.3007833834610745,0.0,11.377113827691995,500.94796747764144,6930.861721807182,7431.809689284823,681.8209689284824,0.06740591974521463,0.9325940802547852,30.0,110.0,110.0,3300.0,2663.91,8790903.0,16.698265582588046,231.0287240602394,247.72698964282745
Sonora,Fronteras,27,Agua Prieta,141,Sandía,2018,2019,30.830219,-109.61778,1223.0,910.1061538161007,8.273692307419097,3.5592305066244045,11.069588149289423,24.10622727272727,11.459999999999999,30.325000000000003,32.54936363636364,18.22,40.3,15.663090909090908,1.44,22.3,26.220727272727288,7.65,75.8,27.77554545454546,9.2,33.11,2.8994545454545455,0.68,6.49,74.37,0.6760909090909092,0.0,12.78,59.496,0.5408727272727273,0.0,10.224,16.310447169750784,7.379635180326609,19.490069662692424,0.08171574237594648,16,6,42,3,762.4500031078461,6.931363664616783,2.1639767469699644,11.069588149289423,44.09168311147195,0.40083348283156317,0.0,5.245161742704336,718.3583199963741,6.5305301817852195,0.0,11.069588149289423,440.9168311147195,7183.583199963741,7624.500031078461,702.9540031078461,0.05782895000557214,0.9421710499944278,32.0,100.0,100.0,3200.0,2881.25,9220000.0,13.778650972334985,224.4869749988669,238.2656259712019
Sonora,Fronteras,27,Agua Prieta,141,Sandía,2019,2020,30.830219,-109.61778,1223.0,850.7458409074738,7.734053099158853,3.494294597773778,11.644025943512455,22.148363636363637,10.75,32.025,30.47681818181818,15.86,39.95,13.819909090909091,3.16,24.39,31.436000000000003,11.53,59.93,28.106090909090906,12.34,32.91,2.914636363636363,0.53,6.33,45.34,0.4121818181818182,0.0,9.51,36.272000000000006,0.3297454545454546,0.0,7.6080000000000005,16.854125636038567,8.705288993326786,19.23533221259258,0.05329441276096832,11,4,27,3,715.349603518239,6.5031782138021725,1.3977178391095113,11.644025943512455,30.284568558297952,0.27531425962089046,0.0,4.3824313670392465,685.065034959941,6.227863954181283,0.0,11.644025943512455,302.8456855829795,6850.65034959941,7153.49603518239,679.0776035182389,0.04233533982454468,0.9576646601754554,33.8,105.0,105.0,3549.0,2926.84,10387355.16,8.959931526123656,202.68196300589972,211.64189453202337
Sonora,Fronteras,27,Agua Prieta,141,Sandía,2020,2021,30.830219,-109.61778,1223.0,853.9261279618354,7.762964799653049,3.919797799761138,11.098013497776165,23.547318181818188,10.225,32.269999999999996,32.212363636363634,17.8,41.11,14.882272727272726,2.18,23.96,33.85881818181818,12.77,62.92,28.33118181818181,14.25,33.7,2.6625454545454557,1.26,4.9,58.2,0.5290909090909092,0.0,14.24,46.56000000000001,0.42327272727272736,0.0,11.392000000000001,17.16636791965569,10.183306905142569,19.056436353914076,0.06815577846167173,14,3,43,4,726.389721621259,6.603542923829627,1.5679191199044553,11.098013497776165,41.42182924565047,0.37656208405136793,0.0,6.253829245650472,684.9678923756087,6.226980839778261,0.0,11.098013497776165,414.21829245650474,6849.678923756087,7263.897216212592,679.829721621259,0.057024250223694506,0.9429757497763057,35.38,91.0,91.0,3220.0,2986.96,9618011.2,11.707696225452366,193.60313521074298,205.31083143619534
Sonora,Fronteras,27,Agua Prieta,141,Sandía,2021,2022,30.830219,-109.61778,1223.0,885.8687451929248,8.05335222902659,3.581930329679354,12.136836510448328,23.71209090909091,11.975,31.765,32.018181818181816,18.36,41.75,15.406,4.7,23.81,28.906000000000002,8.88,73.8,27.545181818181817,12.26,32.77,2.889272727272728,0.86,6.36,101.21,0.9200909090909091,0.0,17.11,80.968,0.7360727272727273,0.0,13.688,16.35729433618606,9.150345624987962,18.79464190274961,0.11424943091084948,20,5,26,1,745.1923392316486,6.7744758111968055,2.1643751429572764,12.136836510448328,56.17191089361749,0.5106537353965227,0.0,5.818871586730214,689.0204283380309,6.263822075800281,0.0,12.136836510448328,561.719108936175,6890.204283380309,7451.923392316484,664.2243392316486,0.07537907723465745,0.9246209227653424,35.0,60.0,60.0,2100.0,3553.33,7461993.0,16.049117398176428,196.86297952515167,212.9120969233281
Sonora,Fronteras,27,Agua Prieta,141,Sandía,2022,2023,30.830219,-109.61778,1223.0,895.4534266974997,8.140485697249998,3.7415289838456998,11.796119394605606,23.995409090909085,13.290000000000001,30.93,32.70218181818182,23.26,40.24,15.288636363636364,3.32,23.25,27.234909090909092,3.03,61.38,27.80972727272727,15.46,33.08,2.7779090909090907,0.62,6.76,62.65,0.5695454545454546,0.0,5.58,50.12,0.4556363636363636,0.0,4.464,16.39396178750383,10.99889908185861,19.038590483175994,0.06996455441692591,22,1,34,2,753.5377278131596,6.850342980119632,2.3144438038928814,11.796119394605606,50.12,0.4556363636363636,0.0,4.464,703.4177278131596,6.394706616483269,0.1404680931227107,11.796119394605606,501.2,7034.177278131596,7535.377278131596,703.4177278131596,0.06651292715688324,0.9334870728431167,32.0,55.0,55.0,1760.0,4872.73,8576004.8,15.6625,219.81803994161237,235.48053994161236
Sonora,Fronteras,27,Agua Prieta,141,Sandía,2023,2024,30.830219,-109.61778,1223.0,915.6429676856421,8.324026978960383,4.908088788309865,11.573312006242498,23.6455909090909,8.895000000000001,33.39,32.56754545454545,18.01,41.82,14.723636363636365,-2.97,25.25,24.90754545454546,8.86,57.01,28.42063636363637,14.6,32.75,2.8502727272727277,1.19,5.14,46.61,0.42372727272727273,0.0,16.3,37.288000000000004,0.3389818181818182,0.0,13.040000000000001,16.73246729800859,10.094150837387588,18.961156524781266,0.05090412054144898,14,1,34,5,766.7214723630912,6.970195203300829,2.060023284561443,11.297229341858051,29.622663852891666,0.26929694411719696,0.0,5.3746638528916675,737.0988085101997,6.700898259183633,0.0,11.297229341858051,296.2266385289167,7370.988085101997,7667.214723630914,729.4334723630911,0.03863549531434469,0.9613645046856556,30.56,18.0,18.0,550.08,5260.09,2893470.31,9.6932800565745,241.19725409365174,250.89053415022624
Sonora,Fronteras,27,Agua Prieta,141,Tomate rojo (jitomate),2011,2012,30.830219,-109.61778,1223.0,768.024899417919,5.647241907484698,1.695741965766354,10.607004672385974,13.702830882352941,-8.945,25.21,22.871176470588235,-5.52,33.66,4.534485294117647,-12.37,17.34,28.60441176470588,6.31,58.72,22.65860294117647,8.33,32.54,3.048161764705882,1.05,7.95,3.2800000000000002,0.024117647058823532,0.0,1.18,2.6239999999999997,0.019294117647058823,0.0,0.944,11.962090893537248,4.7897952202231755,18.419204839309103,0.0042706948726348466,2,0,0,65,732.5986736180015,5.386754953073541,1.0790173514583397,10.588284810804671,2.6239999999999997,0.019294117647058823,0.0,0.944,729.9746736180014,5.36746083542648,1.0790173514583397,10.588284810804671,26.239999999999995,7299.746736180014,7325.986736180013,729.9746736180015,0.003581770066605704,0.9964182299333941,15.0,15.0,15.0,225.0,5000.0,1125000.0,1.749333333333333,486.6497824120009,488.3991157453342
Sonora,Fronteras,27,Agua Prieta,141,Tomate rojo (jitomate),2012,2013,30.830219,-109.61778,1223.0,706.3670519465649,5.155963882821641,1.6929877669798281,9.868944996896804,13.778978102189779,3.805,24.99,22.50102189781022,8.4,35.22,5.056934306569343,-4.85,16.04,34.92751824817518,9.55,77.26,22.275474452554743,6.87,32.02,2.690875912408759,1.08,6.89,20.07,0.1464963503649635,0.0,5.97,16.056,0.1171970802919708,0.0,4.776,12.030117569683942,5.056225258668382,18.672474855298045,0.02841299002366018,6,1,1,75,663.4199132144975,4.842481118353996,1.0967071297025675,10.05552084431388,13.13637425680104,0.09588594348029957,0.0,3.365240874060607,650.2835389576964,4.746595174873696,0.0,10.05552084431388,131.36374256801042,6502.835389576963,6634.199132144974,647.3639132144974,0.01980099480757337,0.9801990051924265,14.5,15.0,15.0,217.5,5500.0,1196250.0,9.059568452966236,448.47140617772163,457.53097463068787
Sonora,Fronteras,27,Agua Prieta,141,Tomate rojo (jitomate),2013,2014,30.830219,-109.61778,1223.0,695.8438052223581,5.1164985678114565,1.4751818796969296,9.65048979692769,12.783014705882353,-1.125,23.845000000000002,21.380220588235293,4.34,33.45,4.1858088235294115,-6.59,14.72,34.135882352941174,7.7,84.38,21.834411764705884,4.49,31.6,2.9122794117647057,0.82,7.47,28.0,0.20588235294117646,0.0,11.47,22.4,0.16470588235294117,0.0,9.176,11.825952470165479,4.329746512780712,18.04416633793986,0.0402389153856914,6,1,0,69,664.3981269178595,4.885280344984261,0.8851091278181578,9.38066173251302,12.481762966310882,0.09177766886993295,0.0,2.656,651.9163639515486,4.793502676114328,0.0,9.38066173251302,124.81762966310882,6519.1636395154865,6643.9812691785955,641.9981269178595,0.018786571576012316,0.9812134284239877,13.0,5.0,5.0,65.0,6000.0,390000.0,9.601356127931448,501.47412611657586,511.0754822445073
Sonora,Fronteras,27,Agua Prieta,141,Tomate rojo (jitomate),2014,2015,30.830219,-109.61778,1223.0,736.7504662148414,5.41728283981501,2.1753053801799855,10.118708782886179,14.89047794117647,5.6000000000000005,25.565,23.47933823529412,12.52,35.06,6.301617647058824,-2.24,16.07,30.586249999999996,7.6,62.96,21.784632352941177,9.14,32.25,2.741176470588235,0.86,6.75,22.11,0.1625735294117647,0.0,10.66,17.688,0.13005882352941175,0.0,8.528,11.692272613939762,5.05395794788055,18.235799032290593,0.030010160853502027,4,2,1,46,695.9845453609124,5.117533421771415,1.3051832281079914,10.160692191125555,13.383884215315089,0.09841091334790507,0.0,4.223884215315089,682.6006611455973,5.01912250842351,0.0,10.160692191125555,133.8388421531509,6826.006611455973,6959.845453609124,678.2965453609124,0.01923014570442033,0.9807698542955796,15.0,8.0,8.0,120.0,6300.0,756000.0,8.922589476876727,455.0671074303982,463.98969690727495
Sonora,Fronteras,27,Agua Prieta,141,Tomate rojo (jitomate),2015,2016,30.830219,-109.61778,1223.0,603.9359821803436,4.440705751326056,1.0883172399287329,7.617558755385484,13.818639705882353,1.975,21.765,21.66176470588235,7.5,30.8,5.975514705882354,-5.11,13.86,47.9675,22.03,86.05,20.259558823529414,2.65,31.62,2.7880882352941176,0.79,6.36,116.92000000000002,0.8597058823529413,0.0,32.87,93.536,0.687764705882353,0.0,26.296,11.552639488029184,3.2094685955277455,19.025344644463804,0.19359667820733706,14,7,0,48,575.6317168071952,4.232586152994082,0.6529903439572396,8.333256246111098,29.805266737287923,0.21915637306829355,0.0,3.5792094230742486,545.8264500699072,4.013429779925788,0.0,8.333256246111098,298.0526673728792,5458.2645006990715,5756.317168071951,482.0957168071952,0.05177836082870159,0.9482216391712983,15.0,5.0,5.0,75.0,6200.0,465000.0,19.870177824858615,363.8843000466048,383.7544778714634
Sonora,Fronteras,27,Agua Prieta,141,Tomate rojo (jitomate),2016,2017,30.830219,-109.61778,1223.0,702.3439760307078,5.1265983651876486,0.9756502656411151,10.674623115701738,13.978795620437955,2.045,25.795,22.62489051094891,7.25,35.64,5.332700729927008,-5.17,16.92,36.53445255474452,12.41,88.01,22.10824817518248,5.75,31.58,2.7885401459854013,1.21,6.48,45.86,0.33474452554744527,0.0,13.33,36.688,0.26779562043795624,0.0,10.664000000000001,12.04045100635409,4.156232513555413,18.434069720309505,0.06529564083282592,8,4,1,64,668.3236343979884,4.878274703634951,0.5853901593846691,9.510923170483084,12.720139819707196,0.0928477359102715,0.0,3.064,655.6034945782811,4.78542696772468,0.0,9.510923170483084,127.20139819707197,6556.0349457828115,6683.236343979884,631.6356343979884,0.019032904367006602,0.9809670956329933,9.5,5.0,5.0,47.5,6270.53,297850.18,13.38962086284968,690.1089416613486,703.4985625241983
Sonora,Fronteras,27,Agua Prieta,141,Tomate rojo (jitomate),2017,2018,30.830219,-109.61778,1223.0,706.2650426347057,5.193125313490483,1.0808051867677164,10.421753313961673,15.007830882352941,2.7800000000000002,24.974999999999998,23.33205882352941,8.56,35.66,6.683602941176471,-4.76,15.85,38.64161764705882,10.61,84.91,21.62014705882353,6.3,31.58,2.8669852941176472,1.03,7.16,63.78,0.46897058823529414,0.0,16.34,51.02400000000001,0.37517647058823533,0.0,13.072000000000001,11.881944655490585,4.303293541880424,18.468698149475927,0.09030604114578596,11,5,1,51,675.4608874565972,4.96662417247498,0.6484831120606298,10.022419866763904,16.06523765023038,0.11812674742816455,0.0,2.2482570155212427,659.3956498063669,4.848497425046816,0.0,10.022419866763904,160.6523765023038,6593.95649806367,6754.608874565974,624.4368874565972,0.023784112372106335,0.9762158876278938,20.0,8.0,8.0,160.0,6320.0,1011200.0,8.03261882511519,329.69782490318346,337.73044372829867
Sonora,Fronteras,27,Agua Prieta,141,Tomate rojo (jitomate),2018,2019,30.830219,-109.61778,1223.0,737.8504057478865,5.425370630499166,1.1330374361893785,10.735367662602988,15.39341911764706,3.97,27.555,23.66830882352941,8.13,36.17,7.1185294117647056,-4.37,18.94,33.46955882352942,10.31,91.04,21.262720588235293,4.83,31.57,2.9472058823529417,0.77,6.66,45.11,0.3316911764705882,0.0,14.72,36.088,0.26535294117647057,0.0,11.776000000000002,11.533803106205733,4.251727706942126,18.127204699644963,0.061137053864294376,8,3,6,51,692.6475009729714,5.092996330683613,1.3029930516177852,11.003073280448383,15.70666474616909,0.11549018195712565,0.0,2.820909701492109,676.9408362268023,4.977506148726487,0.0,11.003073280448383,157.06664746169088,6769.408362268023,6926.475009729714,656.5595009729715,0.022676274330168986,0.977323725669831,22.0,5.0,5.0,110.0,6150.0,676500.0,7.139393066440494,307.70038010309196,314.83977316953246
Sonora,Fronteras,27,Agua Prieta,141,Tomate rojo (jitomate),2019,2020,30.830219,-109.61778,1223.0,603.2105453969432,4.435371657330465,0.8680255806199471,9.35933646259512,13.066176470588234,-0.2999999999999998,24.275000000000002,20.921764705882353,4.61,32.56,5.210588235294118,-5.35,15.99,46.48625,23.93,88.37,20.091470588235296,3.15,31.35,2.733235294117647,0.53,6.39,104.28,0.7667647058823529,0.0,30.24,83.42399999999999,0.6134117647058823,0.0,24.192,11.466561778415961,3.281969971386215,18.551352718198313,0.17287496181184708,17,6,0,61,571.9978171510159,4.205866302580999,0.5208153483719682,9.917412958003725,32.251850498821604,0.23714595955015885,0.0,4.074856608863915,539.7459666521943,3.9687203430308404,0.0,9.917412958003725,322.518504988216,5397.459666521943,5719.978171510159,488.5738171510159,0.05638456919199508,0.943615430808005,25.0,6.0,6.0,150.0,6144.0,921600.0,12.900740199528641,215.89838666087772,228.79912686040637
Sonora,Fronteras,27,Agua Prieta,141,Tomate rojo (jitomate),2020,2021,30.830219,-109.61778,1223.0,572.9751305240773,4.182300222803484,1.0081242349692774,8.873031247662828,13.056496350364961,0.7349999999999999,25.96,20.725401459854016,7.14,36.09,5.387591240875913,-5.67,17.42,53.82284671532847,24.3,87.86,20.407737226277373,3.14,31.81,2.63029197080292,1.22,5.31,144.2,1.0525547445255474,0.0,23.82,115.36,0.842043795620438,0.0,19.056,11.771640425627774,3.3601524047320352,18.829691802708858,0.2516688636522602,16,9,2,66,530.3770535585652,3.871365354442082,0.6048745409815665,7.8462293888950105,29.261443739144365,0.2135871805776961,0.0,2.7677790852164894,501.11560981942074,3.657778173864385,0.0,7.8462293888950105,292.61443739144363,5011.1560981942075,5303.7705355856515,415.0170535585652,0.05517102133814932,0.9448289786618506,23.0,5.0,5.0,115.0,6500.0,747500.0,12.722366843106245,217.87635209540034,230.59871893850658
Sonora,Fronteras,27,Agua Prieta,141,Tomate rojo (jitomate),2021,2022,30.830219,-109.61778,1223.0,723.7031519853585,5.321346705774695,1.2123708835180327,10.346531225237431,13.781286764705882,1.355,25.36,22.41382352941176,4.24,34.52,5.14875,-4.9,17.35,32.96654411764706,10.65,85.04,21.605073529411765,7.39,31.64,3.037941176470588,0.86,6.36,46.39,0.3411029411764706,0.0,14.11,37.111999999999995,0.2728823529411764,0.0,11.288,11.666727778990813,4.9615051463677435,18.445098044310775,0.06410086770070961,8,4,0,72,691.5288900493133,5.084771250362598,0.7274225301108196,10.419042468478146,11.888922840562152,0.08741855029825112,0.0,2.8911519031581414,679.639967208751,4.997352700064346,0.0,10.419042468478146,118.88922840562152,6796.39967208751,6915.288900493132,654.4168900493133,0.01719222871471696,0.9828077712852828,25.0,5.0,5.0,125.0,7200.0,900000.0,4.755569136224861,271.8559868835004,276.61155601972524
Sonora,Fronteras,27,Agua Prieta,141,Tomate rojo (jitomate),2023,2024,30.830219,-109.61778,1223.0,653.6072139146227,4.805935396431049,1.1565273131247569,9.155527242160764,12.916323529411764,1.23,23.845,21.225073529411766,6.53,33.57,4.607573529411765,-5.75,15.86,41.09757352941177,14.6,84.17,20.899411764705885,2.51,32.15,3.0686764705882354,0.92,7.88,70.96000000000001,0.521764705882353,0.0,9.75,56.76800000000001,0.4174117647058824,0.0,7.800000000000001,11.642536849425154,3.131026843562678,18.168688033921214,0.10856673318368415,17,4,0,70,616.4119219152709,4.532440602318168,0.9339135837339398,9.488068184370919,30.164428579653865,0.22179726896804314,0.0,2.609796366689805,586.247493335617,4.310643333350125,0.0,9.488068184370919,301.64428579653867,5862.47493335617,6164.119219152709,559.6439219152709,0.04893550482594353,0.9510644951740564,30.67,3.0,3.0,92.01,8550.0,786685.5,9.835157671879317,191.14688403508868,200.982041706968
Sonora,Fronteras,27,Agua Prieta,141,Tomate verde,2011,2012,30.830219,-109.61778,1223.0,768.024899417919,5.647241907484698,1.695741965766354,10.607004672385974,13.702830882352941,-8.945,25.21,22.871176470588235,-5.52,33.66,4.534485294117647,-12.37,17.34,28.60441176470588,6.31,58.72,22.65860294117647,8.33,32.54,3.048161764705882,1.05,7.95,3.2800000000000002,0.024117647058823532,0.0,1.18,2.6239999999999997,0.019294117647058823,0.0,0.944,11.962090893537248,4.7897952202231755,18.419204839309103,0.0042706948726348466,2,0,0,65,732.5986736180015,5.386754953073541,1.0790173514583397,10.588284810804671,2.6239999999999997,0.019294117647058823,0.0,0.944,729.9746736180014,5.36746083542648,1.0790173514583397,10.588284810804671,26.239999999999995,7299.746736180014,7325.986736180013,729.9746736180015,0.003581770066605704,0.9964182299333941,18.0,70.0,70.0,1260.0,6000.0,7560000.0,1.4577777777777774,405.5414853433341,406.9992631211119
Sonora,Fronteras,27,Agua Prieta,141,Tomate verde,2012,2013,30.830219,-109.61778,1223.0,706.3670519465649,5.155963882821641,1.6929877669798281,9.868944996896804,13.778978102189779,3.805,24.99,22.50102189781022,8.4,35.22,5.056934306569343,-4.85,16.04,34.92751824817518,9.55,77.26,22.275474452554743,6.87,32.02,2.690875912408759,1.08,6.89,20.07,0.1464963503649635,0.0,5.97,16.056,0.1171970802919708,0.0,4.776,12.030117569683942,5.056225258668382,18.672474855298045,0.02841299002366018,6,1,1,75,663.4199132144975,4.842481118353996,1.0967071297025675,10.05552084431388,13.13637425680104,0.09588594348029957,0.0,3.365240874060607,650.2835389576964,4.746595174873696,0.0,10.05552084431388,131.36374256801042,6502.835389576963,6634.199132144974,647.3639132144974,0.01980099480757337,0.9801990051924265,17.5,12.0,12.0,210.0,4500.0,945000.0,7.506499575314881,371.5905936901122,379.0970932654271
Sonora,Fronteras,27,Agua Prieta,141,Tomate verde,2013,2014,30.830219,-109.61778,1223.0,695.8438052223581,5.1164985678114565,1.4751818796969296,9.65048979692769,12.783014705882353,-1.125,23.845000000000002,21.380220588235293,4.34,33.45,4.1858088235294115,-6.59,14.72,34.135882352941174,7.7,84.38,21.834411764705884,4.49,31.6,2.9122794117647057,0.82,7.47,28.0,0.20588235294117646,0.0,11.47,22.4,0.16470588235294117,0.0,9.176,11.825952470165479,4.329746512780712,18.04416633793986,0.0402389153856914,6,1,0,69,664.3981269178595,4.885280344984261,0.8851091278181578,9.38066173251302,12.481762966310882,0.09177766886993295,0.0,2.656,651.9163639515486,4.793502676114328,0.0,9.38066173251302,124.81762966310882,6519.1636395154865,6643.9812691785955,641.9981269178595,0.018786571576012316,0.9812134284239877,12.0,50.0,50.0,600.0,4080.0,2448000.0,10.401469138592402,543.2636366262906,553.6651057648829
Sonora,Fronteras,27,Agua Prieta,141,Tomate verde,2014,2015,30.830219,-109.61778,1223.0,736.7504662148414,5.41728283981501,2.1753053801799855,10.118708782886179,14.89047794117647,5.6000000000000005,25.565,23.47933823529412,12.52,35.06,6.301617647058824,-2.24,16.07,30.586249999999996,7.6,62.96,21.784632352941177,9.14,32.25,2.741176470588235,0.86,6.75,22.11,0.1625735294117647,0.0,10.66,17.688,0.13005882352941175,0.0,8.528,11.692272613939762,5.05395794788055,18.235799032290593,0.030010160853502027,4,2,1,46,695.9845453609124,5.117533421771415,1.3051832281079914,10.160692191125555,13.383884215315089,0.09841091334790507,0.0,4.223884215315089,682.6006611455973,5.01912250842351,0.0,10.160692191125555,133.8388421531509,6826.006611455973,6959.845453609124,678.2965453609124,0.01923014570442033,0.9807698542955796,18.0,82.0,82.0,1476.0,4150.0,6125400.0,7.435491230730605,379.22258952533184,386.6580807560624
Sonora,Fronteras,27,Agua Prieta,141,Tomate verde,2015,2016,30.830219,-109.61778,1223.0,603.9359821803436,4.440705751326056,1.0883172399287329,7.617558755385484,13.818639705882353,1.975,21.765,21.66176470588235,7.5,30.8,5.975514705882354,-5.11,13.86,47.9675,22.03,86.05,20.259558823529414,2.65,31.62,2.7880882352941176,0.79,6.36,116.92000000000002,0.8597058823529413,0.0,32.87,93.536,0.687764705882353,0.0,26.296,11.552639488029184,3.2094685955277455,19.025344644463804,0.19359667820733706,14,7,0,48,575.6317168071952,4.232586152994082,0.6529903439572396,8.333256246111098,29.805266737287923,0.21915637306829355,0.0,3.5792094230742486,545.8264500699072,4.013429779925788,0.0,8.333256246111098,298.0526673728792,5458.2645006990715,5756.317168071951,482.0957168071952,0.05177836082870159,0.9482216391712983,20.0,60.0,60.0,1200.0,6000.0,7200000.0,14.902633368643961,272.9132250349536,287.81585840359753
Sonora,Fronteras,27,Agua Prieta,141,Tomate verde,2016,2017,30.830219,-109.61778,1223.0,702.3439760307078,5.1265983651876486,0.9756502656411151,10.674623115701738,13.978795620437955,2.045,25.795,22.62489051094891,7.25,35.64,5.332700729927008,-5.17,16.92,36.53445255474452,12.41,88.01,22.10824817518248,5.75,31.58,2.7885401459854013,1.21,6.48,45.86,0.33474452554744527,0.0,13.33,36.688,0.26779562043795624,0.0,10.664000000000001,12.04045100635409,4.156232513555413,18.434069720309505,0.06529564083282592,8,4,1,64,668.3236343979884,4.878274703634951,0.5853901593846691,9.510923170483084,12.720139819707196,0.0928477359102715,0.0,3.064,655.6034945782811,4.78542696772468,0.0,9.510923170483084,127.20139819707197,6556.0349457828115,6683.236343979884,631.6356343979884,0.019032904367006602,0.9809670956329933,21.33,120.0,120.0,2559.6,5942.21,15209680.72,5.963497336946647,307.36216342160395,313.3256607585506
Sonora,Fronteras,27,Agua Prieta,141,Tomate verde,2017,2018,30.830219,-109.61778,1223.0,706.2650426347057,5.193125313490483,1.0808051867677164,10.421753313961673,15.007830882352941,2.7800000000000002,24.974999999999998,23.33205882352941,8.56,35.66,6.683602941176471,-4.76,15.85,38.64161764705882,10.61,84.91,21.62014705882353,6.3,31.58,2.8669852941176472,1.03,7.16,63.78,0.46897058823529414,0.0,16.34,51.02400000000001,0.37517647058823533,0.0,13.072000000000001,11.881944655490585,4.303293541880424,18.468698149475927,0.09030604114578596,11,5,1,51,675.4608874565972,4.96662417247498,0.6484831120606298,10.022419866763904,16.06523765023038,0.11812674742816455,0.0,2.2482570155212427,659.3956498063669,4.848497425046816,0.0,10.022419866763904,160.6523765023038,6593.95649806367,6754.608874565974,624.4368874565972,0.023784112372106335,0.9762158876278938,15.0,155.0,155.0,2325.0,5825.81,13545008.25,10.71015843348692,439.59709987091134,450.30725830439826
Sonora,Fronteras,27,Agua Prieta,141,Tomate verde,2018,2019,30.830219,-109.61778,1223.0,737.8504057478865,5.425370630499166,1.1330374361893785,10.735367662602988,15.39341911764706,3.97,27.555,23.66830882352941,8.13,36.17,7.1185294117647056,-4.37,18.94,33.46955882352942,10.31,91.04,21.262720588235293,4.83,31.57,2.9472058823529417,0.77,6.66,45.11,0.3316911764705882,0.0,14.72,36.088,0.26535294117647057,0.0,11.776000000000002,11.533803106205733,4.251727706942126,18.127204699644963,0.061137053864294376,8,3,6,51,692.6475009729714,5.092996330683613,1.3029930516177852,11.003073280448383,15.70666474616909,0.11549018195712565,0.0,2.820909701492109,676.9408362268023,4.977506148726487,0.0,11.003073280448383,157.06664746169088,6769.408362268023,6926.475009729714,656.5595009729715,0.022676274330168986,0.977323725669831,17.0,145.0,145.0,2465.0,5718.66,14096496.9,9.239214556570051,398.20049189811897,407.43970645468903
Sonora,Fronteras,27,Agua Prieta,141,Tomate verde,2019,2020,30.830219,-109.61778,1223.0,603.2105453969432,4.435371657330465,0.8680255806199471,9.35933646259512,13.066176470588234,-0.2999999999999998,24.275000000000002,20.921764705882353,4.61,32.56,5.210588235294118,-5.35,15.99,46.48625,23.93,88.37,20.091470588235296,3.15,31.35,2.733235294117647,0.53,6.39,104.28,0.7667647058823529,0.0,30.24,83.42399999999999,0.6134117647058823,0.0,24.192,11.466561778415961,3.281969971386215,18.551352718198313,0.17287496181184708,17,6,0,61,571.9978171510159,4.205866302580999,0.5208153483719682,9.917412958003725,32.251850498821604,0.23714595955015885,0.0,4.074856608863915,539.7459666521943,3.9687203430308404,0.0,9.917412958003725,322.518504988216,5397.459666521943,5719.978171510159,488.5738171510159,0.05638456919199508,0.943615430808005,17.9,120.0,120.0,2148.0,5223.46,11219992.08,18.017793574760674,301.5340595822315,319.5518531569922
Sonora,Fronteras,27,Agua Prieta,141,Tomate verde,2020,2021,30.830219,-109.61778,1223.0,572.9751305240773,4.182300222803484,1.0081242349692774,8.873031247662828,13.056496350364961,0.7349999999999999,25.96,20.725401459854016,7.14,36.09,5.387591240875913,-5.67,17.42,53.82284671532847,24.3,87.86,20.407737226277373,3.14,31.81,2.63029197080292,1.22,5.31,144.2,1.0525547445255474,0.0,23.82,115.36,0.842043795620438,0.0,19.056,11.771640425627774,3.3601524047320352,18.829691802708858,0.2516688636522602,16,9,2,66,530.3770535585652,3.871365354442082,0.6048745409815665,7.8462293888950105,29.261443739144365,0.2135871805776961,0.0,2.7677790852164894,501.11560981942074,3.657778173864385,0.0,7.8462293888950105,292.61443739144363,5011.1560981942075,5303.7705355856515,415.0170535585652,0.05517102133814932,0.9448289786618506,21.29,105.0,105.0,2235.0,5550.0,12404250.0,13.74421969898749,235.37604970381435,249.12026940280182
Sonora,Fronteras,27,Agua Prieta,141,Tomate verde,2021,2022,30.830219,-109.61778,1223.0,723.7031519853585,5.321346705774695,1.2123708835180327,10.346531225237431,13.781286764705882,1.355,25.36,22.41382352941176,4.24,34.52,5.14875,-4.9,17.35,32.96654411764706,10.65,85.04,21.605073529411765,7.39,31.64,3.037941176470588,0.86,6.36,46.39,0.3411029411764706,0.0,14.11,37.111999999999995,0.2728823529411764,0.0,11.288,11.666727778990813,4.9615051463677435,18.445098044310775,0.06410086770070961,8,4,0,72,691.5288900493133,5.084771250362598,0.7274225301108196,10.419042468478146,11.888922840562152,0.08741855029825112,0.0,2.8911519031581414,679.639967208751,4.997352700064346,0.0,10.419042468478146,118.88922840562152,6796.39967208751,6915.288900493132,654.4168900493133,0.01719222871471696,0.9828077712852828,22.0,95.0,95.0,2090.0,6500.0,13585000.0,5.40405583661916,308.92725782215956,314.3313136587787
Sonora,Fronteras,27,Agua Prieta,141,Tomate verde,2022,2023,30.830219,-109.61778,1223.0,739.9714048651228,5.44096621224355,1.7669635019906935,10.707714538976745,13.790845588235292,0.8500000000000001,26.605,22.743823529411763,7.46,37.06,4.837867647058823,-6.1,16.39,32.06029411764706,3.03,74.9,22.32610294117647,6.47,33.08,2.9915441176470585,1.0,6.76,16.27,0.11963235294117647,0.0,9.24,13.016,0.09570588235294118,0.0,7.392,11.896815941274347,4.396844489444871,17.973692591092025,0.021987336122759486,5,1,4,76,700.441285662263,5.150303571046051,1.060178101194416,11.836353514943488,6.6841781011944175,0.04914836839113542,0.0,1.2800000000000002,693.7571075610686,5.101155202654915,0.0,11.836353514943488,66.84178101194418,6937.5710756106855,7004.41285662263,687.425285662263,0.009542809994237515,0.9904571900057625,17.27,55.0,55.0,949.85,7931.58,7533811.26,3.870398437286866,401.71228000061876,405.58267843790566
Sonora,Fronteras,27,Agua Prieta,141,Tomate verde,2023,2024,30.830219,-109.61778,1223.0,653.6072139146227,4.805935396431049,1.1565273131247569,9.155527242160764,12.916323529411764,1.23,23.845,21.225073529411766,6.53,33.57,4.607573529411765,-5.75,15.86,41.09757352941177,14.6,84.17,20.899411764705885,2.51,32.15,3.0686764705882354,0.92,7.88,70.96000000000001,0.521764705882353,0.0,9.75,56.76800000000001,0.4174117647058824,0.0,7.800000000000001,11.642536849425154,3.131026843562678,18.168688033921214,0.10856673318368415,17,4,0,70,616.4119219152709,4.532440602318168,0.9339135837339398,9.488068184370919,30.164428579653865,0.22179726896804314,0.0,2.609796366689805,586.247493335617,4.310643333350125,0.0,9.488068184370919,301.64428579653867,5862.47493335617,6164.119219152709,559.6439219152709,0.04893550482594353,0.9510644951740564,16.0,80.0,80.0,1280.0,7725.47,9888601.6,18.852767862283667,366.40468333476065,385.2574511970443
Sonora,Fronteras,27,Agua Prieta,141,Avena forrajera en verde,2010,2011,30.830219,-109.61778,1223.0,302.7785789616508,3.221048712357987,0.8771905015450628,7.0775337761088135,8.766489361702128,2.3450000000000006,16.875,16.41478723404255,7.59,26.53,1.1181914893617022,-4.77,7.33,54.524468085106385,25.15,90.01,17.937021276595743,3.57,27.72,2.810957446808511,1.18,8.1,131.93,1.4035106382978724,0.0,32.54,105.54400000000001,1.122808510638298,0.0,26.032,9.828896993261285,3.543784911683209,16.060073438154298,0.4357309570988836,18,7,0,89,302.7337502560209,3.220571811234265,0.4218044056443335,8.139163842525134,32.340481806526164,0.34404767879283155,0.0,2.7600000000000002,270.39326844949477,2.8765241324414337,0.0,8.139163842525134,323.4048180652616,2703.932684494948,3027.3375025602095,197.18975025602091,0.10682813455445891,0.8931718654455411,20.0,285.0,285.0,5700.0,850.0,4845000.0,16.170240903263082,135.19663422474738,151.36687512801046
Sonora,Fronteras,27,Agua Prieta,141,Avena forrajera en verde,2011,2012,30.830219,-109.61778,1223.0,622.5372148174906,3.9652051899203222,1.186290794585971,8.58322535640178,11.36643312101911,-8.945,21.475,19.92101910828025,-5.52,31.82,2.811847133757962,-12.37,11.53,37.08745222929936,12.77,78.79,17.885095541401274,5.03,27.74,2.663949044585987,1.05,7.95,10.129999999999999,0.06452229299363056,0.0,6.25,8.104,0.05161783439490445,0.0,5.0,8.769032949942588,3.8716628391385877,15.271447828173642,0.01627211957596754,2,1,0,101,565.9252048001734,3.604619138854608,0.9336979310909868,7.724902820761602,4.468234413773867,0.028460091807476863,0.0,1.3642344137738667,561.4569703863995,3.5761590470471303,0.0,7.724902820761602,0.0,0.0,0.0,557.8212048001734,0.007895450451533764,0.992104549548466,18.0,700.0,700.0,12600.0,800.0,10080000.0,0.0,0.0,0.0
Sonora,Fronteras,27,Agua Prieta,141,Avena forrajera en verde,2012,2013,30.830219,-109.61778,1223.0,545.9579546923894,3.4554300929898063,0.8418605580507743,7.376473360409168,10.39604430379747,-0.625,19.31,18.324113924050632,3.83,28.56,2.467974683544304,-5.6,10.72,45.69291139240506,19.48,88.08,16.948924050632915,2.5,28.72,2.604556962025317,0.78,6.89,121.93,0.7717088607594937,0.0,32.78,97.54400000000001,0.617367088607595,0.0,26.224000000000004,8.650702692042296,3.0302957782722624,15.906068121617828,0.22333221624859254,16,6,0,118,495.88423609865964,3.1385078234092383,0.3627573452457526,6.638826024368251,23.128206026448968,0.14638105080030991,0.0,2.811317837545717,472.7560300722106,2.992126772608928,0.0,6.638826024368251,0.0,0.0,0.0,398.3402360986596,0.04664033325279461,0.9533596667472052,21.0,725.0,725.0,15225.0,950.0,14463750.0,0.0,0.0,0.0
Sonora,Fronteras,27,Agua Prieta,141,Avena forrajera en verde,2013,2014,30.830219,-109.61778,1223.0,572.357996667424,3.6455923354612993,1.1144903115081428,7.277560228098425,11.240350318471338,-1.125,19.88,19.266942675159232,4.34,29.82,3.2137579617834393,-6.59,13.7,40.002866242038216,17.43,84.38,16.695605095541403,3.81,27.9,2.522420382165605,0.82,5.78,55.0,0.3503184713375796,0.0,12.82,44.0,0.2802547770700637,0.0,10.256,8.429717836112257,3.5404030590490243,15.258765326084104,0.09609370415061827,10,4,0,92,521.6884804521014,3.322856563389181,0.6801274310668636,6.5498042052885825,22.84880647994828,0.14553379923533935,0.0,3.374360361500778,498.83967397215315,3.1773227641538417,0.0,6.5498042052885825,0.0,0.0,0.0,477.68848045210143,0.04379779760547373,0.9562022023945262,19.0,625.0,625.0,11875.0,980.88,11647950.0,0.0,0.0,0.0
Sonora,Fronteras,27,Agua Prieta,141,Avena forrajera en verde,2014,2015,30.830219,-109.61778,1223.0,591.244043810752,3.7658856293678475,1.2059791322631137,7.9785150104831395,12.25996815286624,4.165,19.799999999999997,20.199745222929934,9.17,29.33,4.320191082802547,-3.01,12.03,42.60528662420382,17.07,82.41,16.638917197452226,4.78,27.94,2.6622929936305733,0.82,6.25,50.22999999999999,0.319936305732484,0.0,10.66,40.184000000000005,0.2559490445859873,0.0,8.528,8.475926940776423,3.768603884250418,15.696894072678226,0.08495645837927092,12,4,0,81,543.1937750970164,3.4598329624013786,0.5458548647437825,7.180663509434826,21.764599064888472,0.13862801952158263,0.0,3.3056485163335485,521.429176032128,3.3212049428797963,0.0,7.180663509434826,0.0,0.0,0.0,503.0097750970164,0.04006783594123706,0.959932164058763,20.97,626.0,626.0,13125.0,907.53,11911331.25,0.0,0.0,0.0
Sonora,Fronteras,27,Agua Prieta,141,Avena forrajera en verde,2015,2016,30.830219,-109.61778,1223.0,508.7661891749172,3.240548975636415,1.0261592383502487,6.929450124151867,12.060382165605095,1.9200000000000004,21.765,19.516878980891722,7.5,30.1,4.603885350318472,-5.11,13.86,53.335222929936315,27.56,86.05,15.850445859872611,2.65,27.12,2.5270700636942673,0.79,6.36,125.25,0.7977707006369427,0.0,32.87,100.19999999999999,0.6382165605095541,0.0,26.296,8.399379388210752,3.2094685955277455,15.52775746853088,0.2461838122598556,16,7,0,77,466.94059957649404,2.9741439463470956,0.690296826473083,6.2365051117366805,33.719148951862856,0.21477164937492266,0.0,2.801120418058108,433.2214506246313,2.759372296972174,0.0,6.2365051117366805,0.0,0.0,0.0,366.74059957649405,0.07221293025803595,0.9277870697419643,21.0,700.0,700.0,14700.0,948.58,13944126.0,0.0,0.0,0.0
Sonora,Fronteras,27,Agua Prieta,141,Avena forrajera en verde,2016,2017,30.830219,-109.61778,1223.0,569.7637102059559,3.6060994316832655,0.9756502656411151,8.03436280674955,11.238575949367089,-0.3849999999999998,19.76,19.38379746835443,4.54,28.84,3.0933544303797467,-5.39,12.94,45.25651898734177,20.2,88.01,17.185759493670886,3.73,28.22,2.655316455696202,1.08,6.48,85.37,0.5403164556962026,0.0,13.33,68.296,0.43225316455696206,0.0,10.664000000000001,8.750292460180544,3.558277701242284,15.725762202999707,0.14983404255272909,15,8,0,102,523.3871184403355,3.312576698989465,0.4138159640154301,7.230926526074596,26.158389413166518,0.16555942666561088,0.0,3.064,497.22872902716904,3.1470172723238545,0.0,7.230926526074596,0.0,0.0,0.0,455.0911184403355,0.049979047040968574,0.9500209529590316,21.5,730.0,730.0,15695.0,980.0,15381100.0,0.0,0.0,0.0
Sonora,Fronteras,27,Agua Prieta,141,Avena forrajera en verde,2017,2018,30.830219,-109.61778,1223.0,577.2914755598495,3.6770157678971302,1.0808051867677164,7.8180689484899535,12.839267515923565,2.7800000000000002,23.085,20.56076433121019,8.56,30.88,5.117770700636942,-4.76,15.45,47.23369426751592,23.41,87.6,16.459426751592357,2.63,27.83,2.7376433121019104,1.03,7.16,95.80000000000001,0.6101910828025479,0.0,16.34,76.64000000000001,0.4881528662420383,0.0,13.072000000000001,8.55698767284072,3.2109082967387303,15.787026128820552,0.16594736637518243,16,7,0,78,524.0164752091155,3.337684555472073,0.8760292777773306,7.036262053640958,31.56808837419436,0.20107062658722522,0.0,2.845514083122467,492.44838683492117,3.1366139288848482,0.0,7.036262053640958,0.0,0.0,0.0,447.3764752091155,0.06024254936182438,0.9397574506381757,23.1,550.0,550.0,12705.0,867.74,11024636.7,0.0,0.0,0.0
Sonora,Fronteras,27,Agua Prieta,141,Avena forrajera en verde,2018,2019,30.830219,-109.61778,1223.0,601.6728244901553,3.8323109840137284,0.8694935870326175,7.238144172384688,13.62652866242038,2.805,22.64,21.381974522292992,7.58,30.96,5.871082802547771,-4.75,15.29,40.118089171974525,19.04,91.04,16.259808917197454,3.39,27.54,2.545095541401274,0.77,6.66,83.06,0.5290445859872611,0.0,20.77,66.44800000000001,0.42323566878980895,0.0,16.616,8.262505970319246,3.3818772184353088,15.407945065190304,0.13804844862385676,14,5,0,64,553.3008789353621,3.5242094199704592,0.9473292660267092,6.514329755146219,23.859758725800926,0.15197298551465557,0.0,2.5760000000000005,529.4411202095612,3.372236434455804,0.0,6.514329755146219,0.0,0.0,0.0,486.8528789353621,0.04312257513798072,0.9568774248620193,21.0,900.0,900.0,18900.0,731.93,13833477.0,0.0,0.0,0.0
Sonora,Fronteras,27,Agua Prieta,141,Avena forrajera en verde,2019,2020,30.830219,-109.61778,1223.0,496.1936602052972,3.1604691732821477,0.8680255806199471,6.517344670024884,10.704203821656051,-0.2999999999999998,19.14,18.137898089171973,3.99,29.02,3.2705095541401277,-5.35,13.34,51.94267515923567,31.1,88.37,15.53471337579618,3.15,27.62,2.6063694267515927,1.07,6.39,124.09,0.7903821656050956,0.0,30.24,99.27200000000002,0.6323057324840765,0.0,24.192,8.258993382913461,3.281969971386215,15.850712020747341,0.2500838079000415,22,6,0,100,449.76191532515406,2.8647255753194525,0.7961592408773908,5.8656102030223956,37.018231160152624,0.23578491184810588,0.0,3.18901821563263,412.74368416500147,2.628940663471347,0.0,5.8656102030223956,0.0,0.0,0.0,350.489915325154,0.08230628227690288,0.9176937177230972,20.7,500.0,500.0,10350.0,771.23,7982230.5,0.0,0.0,0.0
Sonora,Fronteras,27,Agua Prieta,141,Avena forrajera en verde,2020,2021,30.830219,-109.61778,1223.0,438.6979691757441,2.7765694251629376,0.7512834545364656,5.808702387875094,10.658386075949366,0.7349999999999999,19.85,17.61721518987342,6.3,27.42,3.699556962025316,-5.67,13.86,61.65075949367088,27.55,92.94,15.074873417721518,2.6,27.62,2.6235443037974684,0.94,7.01,348.69,2.2068987341772153,0.0,71.37,209.214,1.324139240506329,0.0,42.822,8.26093998991131,3.057208917571943,16.215606598587616,0.7948293005667264,27,19,0,96,393.01270527333156,2.48742218527425,0.6764325556132377,5.227832149087585,43.064999240481065,0.27256328633215865,0.0,2.584016826307834,349.9477060328505,2.2148588989420914,0.0,5.227832149087585,0.0,0.0,0.0,183.79870527333156,0.10957660824356892,0.890423391756431,21.1,470.0,470.0,9919.1,790.36,7839659.88,0.0,0.0,0.0
Sonora,Fronteras,27,Agua Prieta,141,Avena forrajera en verde,2021,2022,30.830219,-109.61778,1223.0,625.8686334358492,3.9864244167888487,1.2123708835180327,7.99171754567791,11.608503184713374,1.355,23.05,20.0012101910828,4.24,32.2,3.215796178343949,-4.9,15.65,36.22961783439491,16.22,85.04,17.16031847133758,7.39,27.79,2.808662420382166,0.92,6.92,66.11,0.4210828025477707,0.0,17.42,52.888,0.3368662420382165,0.0,13.936000000000002,8.461979360542488,4.696145374614757,15.262899287769828,0.1056291951189086,11,5,0,109,565.6186052356267,3.602666275386157,0.8892668064451544,7.19254579111012,19.058146161653816,0.12138946599779502,0.0,2.2626406198628937,546.5604590739729,3.4812768093883624,0.0,7.19254579111012,0.0,0.0,0.0,512.7306052356266,0.03369434100159158,0.9663056589984085,22.5,605.0,605.0,13612.5,850.0,11570625.0,0.0,0.0,0.0
Sonora,Fronteras,27,Agua Prieta,141,Avena forrajera en verde,2022,2023,30.830219,-109.61778,1223.0,578.336148475647,3.683669735513675,0.913930624817501,7.347101082634996,12.06847133757962,0.8500000000000001,21.16,20.036878980891718,7.46,29.32,4.100063694267516,-6.1,13.89,42.283949044585995,16.39,87.5,16.843821656050956,2.88,27.46,2.672866242038217,0.83,6.15,64.25000000000001,0.409235668789809,0.0,26.1,51.400000000000006,0.32738853503184717,0.0,20.880000000000003,8.578126080813481,3.1642640458626197,15.313279066038028,0.11109456009164799,13,3,0,95,524.6759186763743,3.3418848323335943,0.7715847142657238,6.612390974371497,20.3304105477428,0.12949306081364842,0.0,2.1232560873433575,504.3455081286314,3.2123917715199455,0.0,6.612390974371497,0.0,0.0,0.0,473.2759186763743,0.03874851088845725,0.9612514891115426,23.24,680.0,680.0,15800.0,852.96,13476768.0,0.0,0.0,0.0
Sonora,Fronteras,27,Agua Prieta,141,Avena forrajera en verde,2023,2024,30.830219,-109.61778,1223.0,512.0527104962755,3.2614822324603536,1.1565273131247569,8.042518405750805,10.271050955414012,1.23,17.615000000000002,17.94592356687898,6.53,26.97,2.596178343949045,-5.75,10.96,49.536560509554135,22.79,85.43,16.101146496815286,2.51,28.92,2.8082165605095546,0.92,7.88,79.8,0.5082802547770701,0.0,9.75,63.84,0.4066242038216561,0.0,7.800000000000001,8.405733967342629,3.131026843562678,16.355234065520932,0.1558433308997794,17,5,0,112,470.6113875274447,2.997524761321304,0.6564672445059938,7.238266565175724,34.248779718499435,0.21814509374840405,0.0,2.3527059250330806,436.3626078089453,2.7793796675729,0.0,7.238266565175724,0.0,0.0,0.0,406.77138752744474,0.07277507647751542,0.9272249235224846,25.22,480.0,480.0,12105.6,865.72,10480060.03,0.0,0.0,0.0
Sonora,Fronteras,27,Agua Prieta,141,Cebada forrajera en verde,2010,2011,30.830219,-109.61778,1223.0,302.7785789616508,3.221048712357987,0.8771905015450628,7.0775337761088135,8.766489361702128,2.3450000000000006,16.875,16.41478723404255,7.59,26.53,1.1181914893617022,-4.77,7.33,54.524468085106385,25.15,90.01,17.937021276595743,3.57,27.72,2.810957446808511,1.18,8.1,131.93,1.4035106382978724,0.0,32.54,105.54400000000001,1.122808510638298,0.0,26.032,9.828896993261285,3.543784911683209,16.060073438154298,0.4357309570988836,18,7,0,89,302.7337502560209,3.220571811234265,0.4218044056443335,8.139163842525134,32.340481806526164,0.34404767879283155,0.0,2.7600000000000002,270.39326844949477,2.8765241324414337,0.0,8.139163842525134,323.4048180652616,2703.932684494948,3027.3375025602095,197.18975025602091,0.10682813455445891,0.8931718654455411,19.96,120.0,120.0,2395.2,850.0,2035920.0,16.20264619565439,135.46756936347433,151.6702155591287
Sonora,Fronteras,27,Agua Prieta,141,Cebada forrajera en verde,2011,2012,30.830219,-109.61778,1223.0,622.5372148174906,3.9652051899203222,1.186290794585971,8.58322535640178,11.36643312101911,-8.945,21.475,19.92101910828025,-5.52,31.82,2.811847133757962,-12.37,11.53,37.08745222929936,12.77,78.79,17.885095541401274,5.03,27.74,2.663949044585987,1.05,7.95,10.129999999999999,0.06452229299363056,0.0,6.25,8.104,0.05161783439490445,0.0,5.0,8.769032949942588,3.8716628391385877,15.271447828173642,0.01627211957596754,2,1,0,101,565.9252048001734,3.604619138854608,0.9336979310909868,7.724902820761602,4.468234413773867,0.028460091807476863,0.0,1.3642344137738667,561.4569703863995,3.5761590470471303,0.0,7.724902820761602,0.0,0.0,0.0,557.8212048001734,0.007895450451533764,0.992104549548466,20.0,600.0,600.0,12000.0,700.0,8400000.0,0.0,0.0,0.0
Sonora,Fronteras,27,Agua Prieta,141,Cebada forrajera en verde,2012,2013,30.830219,-109.61778,1223.0,545.9579546923894,3.4554300929898063,0.8418605580507743,7.376473360409168,10.39604430379747,-0.625,19.31,18.324113924050632,3.83,28.56,2.467974683544304,-5.6,10.72,45.69291139240506,19.48,88.08,16.948924050632915,2.5,28.72,2.604556962025317,0.78,6.89,121.93,0.7717088607594937,0.0,32.78,97.54400000000001,0.617367088607595,0.0,26.224000000000004,8.650702692042296,3.0302957782722624,15.906068121617828,0.22333221624859254,16,6,0,118,495.88423609865964,3.1385078234092383,0.3627573452457526,6.638826024368251,23.128206026448968,0.14638105080030991,0.0,2.811317837545717,472.7560300722106,2.992126772608928,0.0,6.638826024368251,0.0,0.0,0.0,398.3402360986596,0.04664033325279461,0.9533596667472052,30.0,220.0,220.0,6600.0,950.0,6270000.0,0.0,0.0,0.0
Sonora,Fronteras,27,Agua Prieta,141,Cebada forrajera en verde,2013,2014,30.830219,-109.61778,1223.0,572.357996667424,3.6455923354612993,1.1144903115081428,7.277560228098425,11.240350318471338,-1.125,19.88,19.266942675159232,4.34,29.82,3.2137579617834393,-6.59,13.7,40.002866242038216,17.43,84.38,16.695605095541403,3.81,27.9,2.522420382165605,0.82,5.78,55.0,0.3503184713375796,0.0,12.82,44.0,0.2802547770700637,0.0,10.256,8.429717836112257,3.5404030590490243,15.258765326084104,0.09609370415061827,10,4,0,92,521.6884804521014,3.322856563389181,0.6801274310668636,6.5498042052885825,22.84880647994828,0.14553379923533935,0.0,3.374360361500778,498.83967397215315,3.1773227641538417,0.0,6.5498042052885825,0.0,0.0,0.0,477.68848045210143,0.04379779760547373,0.9562022023945262,18.0,230.0,230.0,4140.0,978.28,4050079.2,0.0,0.0,0.0
Sonora,Fronteras,27,Agua Prieta,141,Cebada forrajera en verde,2014,2015,30.830219,-109.61778,1223.0,591.244043810752,3.7658856293678475,1.2059791322631137,7.9785150104831395,12.25996815286624,4.165,19.799999999999997,20.199745222929934,9.17,29.33,4.320191082802547,-3.01,12.03,42.60528662420382,17.07,82.41,16.638917197452226,4.78,27.94,2.6622929936305733,0.82,6.25,50.22999999999999,0.319936305732484,0.0,10.66,40.184000000000005,0.2559490445859873,0.0,8.528,8.475926940776423,3.768603884250418,15.696894072678226,0.08495645837927092,12,4,0,81,543.1937750970164,3.4598329624013786,0.5458548647437825,7.180663509434826,21.764599064888472,0.13862801952158263,0.0,3.3056485163335485,521.429176032128,3.3212049428797963,0.0,7.180663509434826,0.0,0.0,0.0,503.0097750970164,0.04006783594123706,0.959932164058763,25.0,260.0,260.0,6500.0,948.15,6162975.0,0.0,0.0,0.0
Sonora,Fronteras,27,Agua Prieta,141,Cebada forrajera en verde,2015,2016,30.830219,-109.61778,1223.0,508.7661891749172,3.240548975636415,1.0261592383502487,6.929450124151867,12.060382165605095,1.9200000000000004,21.765,19.516878980891722,7.5,30.1,4.603885350318472,-5.11,13.86,53.335222929936315,27.56,86.05,15.850445859872611,2.65,27.12,2.5270700636942673,0.79,6.36,125.25,0.7977707006369427,0.0,32.87,100.19999999999999,0.6382165605095541,0.0,26.296,8.399379388210752,3.2094685955277455,15.52775746853088,0.2461838122598556,16,7,0,77,466.94059957649404,2.9741439463470956,0.690296826473083,6.2365051117366805,33.719148951862856,0.21477164937492266,0.0,2.801120418058108,433.2214506246313,2.759372296972174,0.0,6.2365051117366805,0.0,0.0,0.0,366.74059957649405,0.07221293025803595,0.9277870697419643,24.5,350.0,350.0,8575.0,990.0,8489250.0,0.0,0.0,0.0
Sonora,Fronteras,27,Agua Prieta,141,Cebada forrajera en verde,2016,2017,30.830219,-109.61778,1223.0,569.7637102059559,3.6060994316832655,0.9756502656411151,8.03436280674955,11.238575949367089,-0.3849999999999998,19.76,19.38379746835443,4.54,28.84,3.0933544303797467,-5.39,12.94,45.25651898734177,20.2,88.01,17.185759493670886,3.73,28.22,2.655316455696202,1.08,6.48,85.37,0.5403164556962026,0.0,13.33,68.296,0.43225316455696206,0.0,10.664000000000001,8.750292460180544,3.558277701242284,15.725762202999707,0.14983404255272909,15,8,0,102,523.3871184403355,3.312576698989465,0.4138159640154301,7.230926526074596,26.158389413166518,0.16555942666561088,0.0,3.064,497.22872902716904,3.1470172723238545,0.0,7.230926526074596,0.0,0.0,0.0,455.0911184403355,0.049979047040968574,0.9500209529590316,27.5,360.0,360.0,9900.0,495.0,4900500.0,0.0,0.0,0.0
Sonora,Fronteras,27,Agua Prieta,141,Cebada forrajera en verde,2017,2018,30.830219,-109.61778,1223.0,577.2914755598495,3.6770157678971302,1.0808051867677164,7.8180689484899535,12.839267515923565,2.7800000000000002,23.085,20.56076433121019,8.56,30.88,5.117770700636942,-4.76,15.45,47.23369426751592,23.41,87.6,16.459426751592357,2.63,27.83,2.7376433121019104,1.03,7.16,95.80000000000001,0.6101910828025479,0.0,16.34,76.64000000000001,0.4881528662420383,0.0,13.072000000000001,8.55698767284072,3.2109082967387303,15.787026128820552,0.16594736637518243,16,7,0,78,524.0164752091155,3.337684555472073,0.8760292777773306,7.036262053640958,31.56808837419436,0.20107062658722522,0.0,2.845514083122467,492.44838683492117,3.1366139288848482,0.0,7.036262053640958,0.0,0.0,0.0,447.3764752091155,0.06024254936182438,0.9397574506381757,20.5,210.0,210.0,4305.0,550.0,2367750.0,0.0,0.0,0.0
Sonora,Fronteras,27,Agua Prieta,141,Cebada forrajera en verde,2018,2019,30.830219,-109.61778,1223.0,601.6728244901553,3.8323109840137284,0.8694935870326175,7.238144172384688,13.62652866242038,2.805,22.64,21.381974522292992,7.58,30.96,5.871082802547771,-4.75,15.29,40.118089171974525,19.04,91.04,16.259808917197454,3.39,27.54,2.545095541401274,0.77,6.66,83.06,0.5290445859872611,0.0,20.77,66.44800000000001,0.42323566878980895,0.0,16.616,8.262505970319246,3.3818772184353088,15.407945065190304,0.13804844862385676,14,5,0,64,553.3008789353621,3.5242094199704592,0.9473292660267092,6.514329755146219,23.859758725800926,0.15197298551465557,0.0,2.5760000000000005,529.4411202095612,3.372236434455804,0.0,6.514329755146219,0.0,0.0,0.0,486.8528789353621,0.04312257513798072,0.9568774248620193,21.0,225.0,225.0,4725.0,660.21,3119492.25,0.0,0.0,0.0
Sonora,Fronteras,27,Agua Prieta,141,Cebada forrajera en verde,2019,2020,30.830219,-109.61778,1223.0,496.1936602052972,3.1604691732821477,0.8680255806199471,6.517344670024884,10.704203821656051,-0.2999999999999998,19.14,18.137898089171973,3.99,29.02,3.2705095541401277,-5.35,13.34,51.94267515923567,31.1,88.37,15.53471337579618,3.15,27.62,2.6063694267515927,1.07,6.39,124.09,0.7903821656050956,0.0,30.24,99.27200000000002,0.6323057324840765,0.0,24.192,8.258993382913461,3.281969971386215,15.850712020747341,0.2500838079000415,22,6,0,100,449.76191532515406,2.8647255753194525,0.7961592408773908,5.8656102030223956,37.018231160152624,0.23578491184810588,0.0,3.18901821563263,412.74368416500147,2.628940663471347,0.0,5.8656102030223956,0.0,0.0,0.0,350.489915325154,0.08230628227690288,0.9176937177230972,21.5,250.0,250.0,5375.0,708.74,3809477.5,0.0,0.0,0.0
Sonora,Fronteras,27,Agua Prieta,141,Cebada forrajera en verde,2022,2023,30.830219,-109.61778,1223.0,578.336148475647,3.683669735513675,0.913930624817501,7.347101082634996,12.06847133757962,0.8500000000000001,21.16,20.036878980891718,7.46,29.32,4.100063694267516,-6.1,13.89,42.283949044585995,16.39,87.5,16.843821656050956,2.88,27.46,2.672866242038217,0.83,6.15,64.25000000000001,0.409235668789809,0.0,26.1,51.400000000000006,0.32738853503184717,0.0,20.880000000000003,8.578126080813481,3.1642640458626197,15.313279066038028,0.11109456009164799,13,3,0,95,524.6759186763743,3.3418848323335943,0.7715847142657238,6.612390974371497,20.3304105477428,0.12949306081364842,0.0,2.1232560873433575,504.3455081286314,3.2123917715199455,0.0,6.612390974371497,0.0,0.0,0.0,473.2759186763743,0.03874851088845725,0.9612514891115426,21.03,190.0,190.0,3995.0,815.0,3255925.0,0.0,0.0,0.0
Sonora,Fronteras,27,Agua Prieta,141,Cebada forrajera en verde,2023,2024,30.830219,-109.61778,1223.0,512.0527104962755,3.2614822324603536,1.1565273131247569,8.042518405750805,10.271050955414012,1.23,17.615000000000002,17.94592356687898,6.53,26.97,2.596178343949045,-5.75,10.96,49.536560509554135,22.79,85.43,16.101146496815286,2.51,28.92,2.8082165605095546,0.92,7.88,79.8,0.5082802547770701,0.0,9.75,63.84,0.4066242038216561,0.0,7.800000000000001,8.405733967342629,3.131026843562678,16.355234065520932,0.1558433308997794,17,5,0,112,470.6113875274447,2.997524761321304,0.6564672445059938,7.238266565175724,34.248779718499435,0.21814509374840405,0.0,2.3527059250330806,436.3626078089453,2.7793796675729,0.0,7.238266565175724,0.0,0.0,0.0,406.77138752744474,0.07277507647751542,0.9272249235224846,22.71,140.0,140.0,3179.4,880.0,2797872.0,0.0,0.0,0.0
Sonora,Fronteras,27,Agua Prieta,141,Maíz grano,2011,2012,30.830219,-109.61778,1223.0,1306.257156760737,7.638930741290859,3.8740252584040933,12.5512950192812,24.322543859649123,9.26,32.53,32.5353216374269,16.84,42.52,16.10976608187135,0.64,23.23,33.34134502923977,6.31,79.33,26.65801169590643,12.66,33.08,2.680877192982456,0.68,7.04,201.60999999999999,1.1790058479532164,0.0,14.11,161.288,0.9432046783625732,0.0,11.288,15.984153953356872,8.789529227962388,18.89585338141822,0.15434173811529842,51,15,58,5,1171.1425524413348,6.848786856382075,1.2804854914658417,15.06155402313744,134.8658450556486,0.788689152372214,0.0,7.328,1036.2767073856862,6.060097704009861,0.0,15.06155402313744,1348.658450556486,10362.767073856863,11711.42552441335,1009.8545524413348,0.11515749707370003,0.8848425029263,4.0,400.0,400.0,1600.0,4000.0,6400000.0,337.1646126391215,2590.691768464216,2927.8563811033373
Sonora,Fronteras,27,Agua Prieta,141,Maíz grano,2012,2013,30.830219,-109.61778,1223.0,1254.6878816166318,7.3373560328458,3.122629201394046,12.242752208080393,24.135701754385966,10.46,30.865,32.16497076023391,17.69,39.93,16.106432748538012,0.71,22.6,36.05035087719298,5.91,76.15,26.397309941520472,13.24,33.05,2.477426900584795,0.58,6.31,229.15999999999997,1.3401169590643274,0.0,18.14,183.328,1.072093567251462,0.0,14.512,15.92434203807728,9.528062464175472,18.923751758413356,0.1826430328670533,50,15,48,5,1130.265594827626,6.609740320629392,1.5989486288795687,14.691302649696471,143.0191640696037,0.8363693805239982,0.0,6.4239999999999995,987.2464307580223,5.773370940105393,0.0,14.691302649696471,1430.191640696037,9872.464307580223,11302.65594827626,946.9375948276261,0.1265358909658886,0.8734641090341113,4.05,425.0,425.0,1721.25,3500.0,6024375.0,353.1337384434659,2437.6455080445,2790.779246487966
Sonora,Fronteras,27,Agua Prieta,141,Maíz grano,2013,2014,30.830219,-109.61778,1223.0,1236.2244973089023,7.229383025198259,2.622147091038556,11.268467279573914,23.832076023391814,10.515,31.045,31.62269005847953,15.5,41.22,16.041461988304093,1.94,22.64,38.5887134502924,7.7,81.23,26.222748538011697,10.69,32.77,2.5610526315789475,1.04,7.47,297.46000000000004,1.7395321637426904,0.0,25.98,178.476,1.043719298245614,0.0,15.588,15.893061490644305,7.895176692813496,18.99041710292386,0.24061972614806715,51,20,37,4,1117.3873587773217,6.534428998697788,1.2771343489300848,13.522160735488695,137.99791262066157,0.8070053369629331,0.0,7.655665560239917,979.3894461566599,5.7274236617348535,0.0,13.522160735488695,1379.9791262066155,9793.894461566599,11173.873587773214,938.9113587773217,0.12350051352976014,0.8764994864702397,4.0,50.0,50.0,200.0,3280.0,656000.0,344.9947815516539,2448.4736153916497,2793.4683969433036
Sonora,Fronteras,27,Agua Prieta,141,Maíz grano,2014,2015,30.830219,-109.61778,1223.0,1211.690995917502,7.0859122568274975,1.6169960607275597,11.161288881612967,23.543421052631576,10.655000000000001,30.779999999999998,31.023742690058484,19.28,41.48,16.06309941520468,2.03,21.51,38.94555555555556,7.6,88.68,25.469766081871345,5.07,32.25,2.51374269005848,0.86,6.75,338.99,1.9823976608187135,0.0,40.19,203.39399999999998,1.189438596491228,0.0,24.113999999999997,15.514132918888743,4.595718920342576,18.756460759714496,0.27976604690646734,53,24,39,4,1107.6155932912116,6.477284171293634,0.9701976364365358,13.393546657935559,127.97918356239344,0.7484162781426518,0.0,6.546,979.636409728818,5.728867893150983,0.0,13.393546657935559,1279.7918356239345,9796.36409728818,11076.155932912116,904.2215932912115,0.11554476511305803,0.8844552348869419,4.2,540.0,540.0,2268.0,3300.0,7484400.0,304.7123418152225,2332.4676422114712,2637.1799840266935
Sonora,Fronteras,27,Agua Prieta,141,Maíz grano,2015,2016,30.830219,-109.61778,1223.0,1117.8618811391098,6.537203983269648,2.3591740940504016,10.590429102763004,23.129298245614034,11.44,32.065,30.359005847953217,16.41,40.68,15.899590643274855,3.18,24.03,45.66309941520468,14.35,75.68,25.418830409356726,6.65,33.21,2.375672514619883,0.68,6.15,267.88,1.5665497076023391,0.0,15.72,160.728,0.9399298245614035,0.0,9.432,15.921963027113057,5.646552149416549,19.756670314306444,0.23963604495309226,62,17,28,4,1006.6839881277679,5.887040866244257,0.8075802812063432,12.708514923315605,139.2182749897027,0.8141419590041094,0.0,6.323999999999999,867.4657131380651,5.0728989072401465,0.0,12.708514923315605,1392.182749897027,8674.65713138065,10066.839881277678,845.9559881277678,0.1382939200698136,0.8617060799301863,4.1,550.0,550.0,2255.0,4770.51,10757500.05,339.5567682675676,2115.7700320440613,2455.326800311629
Sonora,Fronteras,27,Agua Prieta,141,Maíz grano,2016,2017,30.830219,-109.61778,1223.0,1215.622360087807,7.108902690571971,2.377970786718759,10.953186297974444,23.6656432748538,11.334999999999999,31.225,31.324795321637428,19.24,41.74,16.006491228070175,2.86,23.96,38.83321637426901,10.61,83.29,26.385847953216373,6.89,32.88,2.473157894736842,0.73,5.76,245.02,1.4328654970760235,0.0,19.45,196.016,1.1462923976608186,0.0,15.56,16.129699644785084,5.698383336611509,19.093245767420214,0.20155930661089658,42,17,33,4,1103.0108503421245,6.450355849953945,1.259273712611082,13.143823557569332,133.61511252245782,0.7813749270319171,0.0,6.884310030137111,969.3957378196667,5.668980922922027,0.0,13.143823557569332,1336.1511252245782,9693.957378196666,11030.108503421245,906.9948503421246,0.12113671636232226,0.8788632836376777,4.3,560.0,560.0,2408.0,3500.0,8428000.0,310.7328198196694,2254.408692603876,2565.141512423545
Sonora,Fronteras,27,Agua Prieta,141,Maíz grano,2017,2018,30.830219,-109.61778,1223.0,1245.6045147669565,7.284236928461734,3.3474198109293534,11.377113827691995,24.239590643274855,11.29,32.73,32.165906432748535,18.91,42.86,16.31327485380117,2.89,25.11,36.85538011695906,5.66,83.78,26.184385964912284,13.14,33.22,2.4922222222222223,0.87,6.7,192.48000000000002,1.1256140350877195,0.0,10.7,153.98399999999998,0.9004912280701753,0.0,8.56,15.867916505828495,9.38838767736312,19.0516515159824,0.15452737824734974,43,16,43,3,1103.9259046732157,6.455707044872606,1.3944234483909594,13.652536593230392,126.9093164128177,0.7421597451041971,0.0,5.488,977.0165882603981,5.713547299768409,0.0,13.652536593230392,1269.093164128177,9770.16588260398,11039.259046732157,949.9419046732157,0.11496180665348679,0.8850381933465133,4.2,360.0,360.0,1512.0,3282.34,4962898.08,302.1650390781374,2326.2299720485667,2628.395011126704
Sonora,Fronteras,27,Agua Prieta,141,Maíz grano,2018,2019,30.830219,-109.61778,1223.0,1265.7606359746678,7.402108982307999,3.17735769598137,11.069588149289423,24.846695906432746,11.459999999999999,31.935000000000002,32.56649122807018,18.22,40.7,17.12690058479532,1.44,23.69,36.384269005847955,7.65,75.8,26.058011695906433,9.2,33.11,2.467602339181287,0.68,6.49,230.4,1.3473684210526315,0.0,19.86,184.32000000000002,1.0778947368421055,0.0,15.888,15.788801194834175,7.379635180326609,19.490069662692424,0.18202493698390781,50,18,59,3,1138.2724855766753,6.656564243138452,1.622982560227473,13.283505779147307,145.30096706001524,0.8497132576609079,0.0,6.349185204126091,992.9715185166599,5.806850985477543,0.0,13.283505779147307,1453.0096706001523,9929.715185166599,11382.724855766752,953.9524855766753,0.1276504254483516,0.8723495745516483,4.4,300.0,300.0,1320.0,3266.67,4312004.4,330.22947059094366,2256.753451174227,2586.9829217651704
Sonora,Fronteras,27,Agua Prieta,141,Maíz grano,2019,2020,30.830219,-109.61778,1223.0,1198.0000839640886,7.005848444234436,3.0863810640492697,11.644025943512455,23.58622807017544,10.75,32.025,31.12,15.86,39.95,16.052456140350877,3.16,24.55,40.59807017543859,11.53,83.08,26.025146198830406,11.7,32.91,2.5336842105263155,0.53,6.33,230.24,1.3464327485380116,0.0,17.87,184.19200000000004,1.0771461988304096,0.0,14.296000000000001,16.041232601839027,8.354797724252318,19.23533221259258,0.19218696482737618,48,16,40,3,1094.7573638017564,6.4020898467938965,1.0482883793321334,13.972831132214946,130.8597213190124,0.7652615281813591,0.0,7.966206833244597,963.8976424827442,5.636828318612539,0.0,13.972831132214946,1308.597213190124,9638.976424827442,10947.573638017566,910.5653638017563,0.11953308161780868,0.8804669183821916,4.6,320.0,320.0,1472.0,3248.1,4781203.2,284.47765504133133,2095.4296575711833,2379.9073126125145
Sonora,Fronteras,27,Agua Prieta,141,Maíz grano,2020,2021,30.830219,-109.61778,1223.0,1249.347898129246,7.306128059235356,3.409869465722175,11.098013497776165,24.742748538011696,10.225,32.269999999999996,32.84327485380117,17.8,41.11,16.64222222222222,2.18,23.96,38.77637426900585,12.77,82.94,26.48830409356726,12.63,33.7,2.4766666666666666,0.92,5.03,162.78,0.9519298245614035,0.0,14.24,130.224,0.7615438596491227,0.0,11.392000000000001,16.300887644559985,9.043228640981326,19.056436353914076,0.13029197091037992,38,9,70,4,1131.6457004768183,6.617811113899522,1.1759393399283413,13.317616197331398,108.03708125215903,0.6317957967962516,0.0,10.006126793040755,1023.6086192246592,5.98601531710327,0.0,13.317616197331398,1080.3708125215903,10236.086192246592,11316.457004768183,1001.4217004768184,0.09546899812073484,0.904531001879265,4.65,325.0,325.0,1510.0,5100.0,7701000.0,232.337809144428,2201.308858547654,2433.646667692082
Sonora,Fronteras,27,Agua Prieta,141,Maíz grano,2021,2022,30.830219,-109.61778,1223.0,1221.7636438005825,7.144816630412763,2.664413785244203,12.136836510448328,24.2862865497076,11.975,31.765,31.812573099415207,18.36,41.75,16.76,4.7,23.81,40.043391812865494,8.88,86.14,25.72859649122807,11.04,32.77,2.478011695906433,0.85,6.36,287.15,1.6792397660818712,0.0,17.11,172.29,1.0075438596491229,0.0,10.266,15.752733820686343,8.383548410374821,18.79464190274961,0.2350290921300887,56,21,33,1,1101.0823736047337,6.439078208214817,1.387848404496761,14.564203812537993,140.3666164801128,0.8208574063164492,0.0,8.459999999999999,960.7157571246207,5.618220801898366,0.0,14.564203812537993,1403.6661648011282,9607.157571246207,11010.823736047336,928.7923736047337,0.12748057715298747,0.8725194228470124,4.49,295.0,295.0,1324.55,6000.0,7947300.0,312.62052668176574,2139.6787463800015,2452.299273061767
Sonora,Fronteras,27,Agua Prieta,141,Maíz grano,2022,2023,30.830219,-109.61778,1223.0,1213.580892515348,7.096964283715486,2.455631967102666,11.796119394605606,24.22002923976608,13.290000000000001,30.93,31.908713450292396,23.26,40.24,16.531345029239763,3.32,23.25,40.518421052631574,3.03,84.66,25.515087719298243,7.37,33.08,2.4705263157894737,0.62,6.76,309.78999999999996,1.8116374269005846,0.0,18.62,185.874,1.086982456140351,0.0,11.172,15.592024708220704,6.09644473606478,19.038590483175994,0.2552693453815911,64,21,37,2,1083.5327560863414,6.336448866001996,1.4733791802615994,14.155343273526727,151.04715779780224,0.8833167122678494,0.0,7.8743908551923845,932.4855982885391,5.453132153734146,0.0,14.155343273526727,1510.4715779780224,9324.85598288539,10835.327560863412,897.6587560863413,0.13940248409598247,0.8605975159040176,9.07,75.0,75.0,680.25,9800.0,6666450.0,166.5349038564523,1028.0987853236372,1194.6336891800895
Sonora,Fronteras,27,Agua Prieta,141,Maíz grano,2023,2024,30.830219,-109.61778,1223.0,1333.86718303961,7.800392883272573,3.4595159645441806,11.573312006242498,25.383450292397658,8.895000000000001,33.39,33.76093567251461,18.01,41.86,17.005964912280703,-2.97,25.25,30.85590643274854,8.86,65.92,26.716549707602336,8.74,32.75,2.542105263157895,0.86,5.14,130.27,0.761812865497076,0.0,16.3,104.216,0.6094502923976608,0.0,13.040000000000001,16.07303241600615,6.828694108273724,18.961156524781266,0.09766339681822098,35,7,70,5,1205.7898611997052,7.0514026970743,1.545017463421082,13.887974407490997,85.72007792407791,0.5012870054039644,0.0,8.599462164626669,1120.069783275627,6.550115691670333,0.0,13.887974407490997,857.2007792407792,11200.69783275627,12057.898611997049,1101.5738611997053,0.07109039533537825,0.9289096046646216,8.62,215.0,215.0,1853.3,9100.0,16865030.0,99.44324585159852,1299.3848993916788,1398.8281452432773
Sonora,Fronteras,27,Agua Prieta,141,Maíz forrajero en verde,2013,2014,30.830219,-109.61778,1223.0,1184.7853837445678,7.358915426984893,2.622147091038556,11.268467279573914,23.813260869565216,10.515,31.045,31.678385093167698,15.5,41.22,15.948136645962734,1.94,22.64,37.140931677018635,7.7,81.23,26.564844720496893,10.69,32.77,2.5832919254658386,1.04,7.47,281.82,1.7504347826086957,0.0,25.98,169.092,1.0502608695652176,0.0,15.588,16.058989327414942,7.972401370149573,18.99041710292386,0.2378658648786628,48,19,37,4,1190.0234568936667,7.391450042817805,1.2771343489300848,13.522160735488695,139.78749228291392,0.8682452936826951,0.0,7.655665560239917,1050.2359646107525,6.523204749135108,0.0,13.522160735488695,1397.8749228291392,10502.359646107525,11900.234568936665,1020.9314568936667,0.11746616545509361,0.8825338345449062,18.0,550.0,550.0,9900.0,545.0,5395500.0,77.65971793495218,583.4644247837514,661.1241427187035
Sonora,Fronteras,27,Agua Prieta,141,Sorgo forrajero en verde,2010,2011,30.830219,-109.61778,1223.0,1051.544454822095,6.963870561735729,2.2723131596663237,11.219366773174075,19.957417218543043,4.545,31.12,28.476754966887416,12.83,40.44,11.438079470198673,-3.74,23.44,36.316688741721855,8.96,78.83,26.97774834437086,10.33,32.87,2.8533774834437087,0.83,7.51,133.23,0.882317880794702,0.0,15.13,106.58399999999999,0.7058543046357615,0.0,12.104000000000001,16.060279588581675,7.784761856314894,19.407241352236213,0.12669935102509805,29,7,35,40,937.3974970677541,6.207930444157312,0.6816939478998971,11.219366773174075,75.9543238097406,0.5030087669519245,0.0,5.364325130979882,861.4431732580139,5.70492167720539,0.0,11.219366773174075,759.543238097406,8614.431732580138,9373.974970677544,830.8134970677542,0.08102680458112073,0.9189731954188797,20.0,108.0,108.0,2160.0,600.0,1296000.0,37.9771619048703,430.72158662900694,468.6987485338772
Sonora,Fronteras,27,Agua Prieta,141,Sorgo forrajero en verde,2011,2012,30.830219,-109.61778,1223.0,1191.4837676413056,7.89062097775699,4.06929387677341,12.5512950192812,21.86049668874172,9.26,32.53,30.875430463576162,16.84,42.52,12.845562913907285,-0.77,23.23,25.258013245033112,6.31,79.33,27.481589403973505,18.04,33.08,3.00158940397351,1.2,7.04,94.51999999999998,0.6259602649006621,0.0,11.54,75.61599999999999,0.5007682119205297,0.0,9.232,15.807718241555653,10.693963335789158,18.89585338141822,0.07932965816824715,23,8,42,15,1046.8311985662745,6.932656944147513,1.420812187239664,11.41466837891043,66.268947929517,0.43886720483123837,0.0,5.861655978383378,980.5622506367577,6.493789739316276,0.0,11.41466837891043,662.68947929517,9805.622506367577,10468.311985662747,971.2151985662745,0.06330433026860303,0.9366956697313972,25.0,325.0,325.0,8125.0,900.0,7312500.0,26.5075791718068,392.2249002547031,418.7324794265099
Sonora,Fronteras,27,Agua Prieta,141,Sorgo forrajero en verde,2012,2013,30.830219,-109.61778,1223.0,1117.1800491997528,7.398543372183793,2.1504088550887053,12.242752208080393,21.488576158940393,3.805,30.865,30.186622516556294,8.4,39.93,12.790529801324503,-4.85,22.57,29.50450331125828,5.91,71.25,27.030066225165562,8.03,33.05,2.7480794701986757,0.99,6.89,123.86000000000001,0.8202649006622518,0.0,18.14,99.08800000000001,0.6562119205298014,0.0,14.512,15.759363384509895,6.253158620872722,18.923751758413356,0.11086843171673372,27,8,36,19,994.0587451492861,6.583170497677392,0.6451226565266116,12.242752208080393,75.47160515449006,0.4998119546654971,0.0,4.776,918.5871399947962,6.0833585430118955,0.0,12.242752208080393,754.7160515449007,9185.871399947962,9940.587451492864,894.9707451492861,0.07592268115216456,0.9240773188478356,25.3,330.0,330.0,8349.0,950.0,7931550.0,29.830673974106745,363.07792094655974,392.9085949206665
Sonora,Fronteras,27,Agua Prieta,141,Sorgo forrajero en verde,2013,2014,30.830219,-109.61778,1223.0,1128.9035721768562,7.476182597197723,3.0259810174129385,11.268467279573914,21.543609271523177,6.78,31.045,30.11476821192053,12.96,41.22,12.972450331125826,-2.62,22.64,29.894172185430467,7.7,76.85,27.037880794701987,9.88,32.77,2.83092715231788,1.04,7.47,193.37000000000003,1.2805960264900664,0.0,25.98,154.696,1.024476821192053,0.0,20.784000000000002,15.753215117159497,6.9219379523157905,18.99041710292386,0.17129009489014738,29,14,35,16,996.6004115783279,6.60000272568429,0.9077943052238815,10.537572005392976,96.11175271280834,0.6365016735947572,0.0,5.5120000000000005,900.4886588655195,5.963501052089533,0.0,10.537572005392976,961.1175271280833,9004.886588655194,9966.004115783277,841.9044115783279,0.09643960768648993,0.9035603923135099,20.0,530.0,530.0,10600.0,915.0,9699000.0,48.05587635640417,450.2443294327597,498.30020578916384
Sonora,Fronteras,27,Agua Prieta,141,Sorgo forrajero en verde,2014,2015,30.830219,-109.61778,1223.0,1124.2165352769052,7.445142617727849,3.4862405427805365,11.161288881612967,21.64658940397351,10.4,30.779999999999998,29.9005298013245,17.01,41.48,13.392649006622518,2.03,21.51,29.56728476821192,7.6,71.92,26.445695364238407,11.32,32.25,2.8343046357615895,0.86,6.75,121.32999999999998,0.8035099337748344,0.0,10.91,97.064,0.6428079470198675,0.0,8.728,15.504923303177042,7.444260275518641,18.756460759714496,0.10792404860876312,23,10,38,11,996.5879486303003,6.599920189604638,1.0902633046866248,11.161288881612967,73.47323443225682,0.48657771147189943,0.0,6.014140866227047,923.1147141980432,6.113342478132736,0.0,11.161288881612967,734.7323443225682,9231.147141980433,9965.879486303002,899.5239486303003,0.07372478719338081,0.926275212806619,25.0,550.0,550.0,13750.0,910.0,12512500.0,29.38929377290273,369.24588567921734,398.63517945212004
Sonora,Fronteras,27,Agua Prieta,141,Sorgo forrajero en verde,2015,2016,30.830219,-109.61778,1223.0,972.4686851775734,6.4401899680634,1.578148614708885,10.590429102763004,20.476887417218546,5.795,32.065,28.156357615894045,10.72,40.68,12.797417218543043,0.05,23.45,42.01384105960265,14.35,81.66,25.48675496688742,3.93,33.21,2.646092715231788,0.97,6.15,204.52999999999997,1.354503311258278,0.0,15.19,163.62400000000002,1.0836026490066226,0.0,12.152000000000001,15.59489142940599,4.029140082948504,19.756670314306444,0.2103203970651792,40,16,20,12,867.0805700123344,5.742255430545261,0.47344458441266546,10.550639738051604,104.43592204864358,0.6916286228386992,0.0,5.868156530211375,762.6446479636908,5.0506268077065615,0.0,10.550639738051604,1044.3592204864358,7626.4464796369075,8670.805700123343,703.4565700123344,0.12044546453988463,0.8795545354601153,25.3,650.0,650.0,16445.0,990.0,16280550.0,41.2790205725864,301.4405723176643,342.7195928902507
Sonora,Fronteras,27,Agua Prieta,141,Sorgo forrajero en verde,2016,2017,30.830219,-109.61778,1223.0,1090.0147887555368,7.218640985136005,1.7259087533990942,10.953186297974444,21.493741721854303,5.32,31.225,29.77887417218543,8.41,41.74,13.208609271523178,0.22,23.96,32.361986754966885,10.61,77.14,26.971986754966892,9.93,32.88,2.6958278145695362,0.73,6.1,124.03999999999999,0.821456953642384,0.0,15.53,99.232,0.6571655629139073,0.0,12.424,16.005273618392188,7.328480943061422,19.093245767420214,0.11379662118310863,23,10,31,15,959.9674900526282,6.3574005963750215,0.5177726260197283,10.674623115701738,77.25007150308639,0.5115898775038834,0.0,6.245891892385922,882.7174185495419,5.845810718871138,0.0,10.674623115701738,772.5007150308638,8827.17418549542,9599.674900526283,860.7354900526283,0.08047154961346796,0.9195284503865321,20.0,700.0,700.0,14000.0,848.91,11884740.0,38.625035751543194,441.358709274771,479.9837450263142
Sonora,Fronteras,27,Agua Prieta,141,Sorgo forrajero en verde,2017,2018,30.830219,-109.61778,1223.0,1106.3130384584085,7.3265764136318445,3.3474198109293534,11.377113827691995,22.309801324503308,10.735,32.73,30.73119205298013,18.02,42.86,13.88841059602649,1.27,25.11,31.6146357615894,5.66,83.78,26.61066225165563,12.74,33.22,2.693774834437086,0.87,6.7,124.27000000000001,0.8229801324503312,0.0,10.7,99.41600000000001,0.658384105960265,0.0,8.56,15.63836733729061,7.977648875064479,19.0516515159824,0.11232806238382943,28,10,40,8,975.2380398597694,6.458530065296486,1.097844327915162,10.965335840803185,80.9569122258243,0.5361384915617503,0.0,5.170105275782407,894.2811276339452,5.922391573734736,0.0,10.965335840803185,809.5691222582429,8942.811276339451,9752.380398597694,875.8220398597693,0.0830124635391224,0.9169875364608777,22.0,710.0,710.0,15620.0,817.61,12771068.2,36.79859646628377,406.49142165179325,443.290018118077
Sonora,Fronteras,27,Agua Prieta,141,Sorgo forrajero en verde,2018,2019,30.830219,-109.61778,1223.0,1138.3673773552455,7.538856803677122,3.5592305066244045,11.069588149289423,22.52543046357616,9.09,31.935000000000002,30.85152317880795,15.73,40.7,14.19933774834437,-3.38,23.69,29.658807947019863,7.65,75.8,26.330264900662254,9.2,33.11,2.8046357615894038,0.68,6.49,100.79,0.6674834437086093,0.0,12.78,80.63199999999998,0.5339867549668873,0.0,10.224,15.459546007073822,7.20830984460034,19.490069662692424,0.0885390797425732,22,9,47,15,1013.17829514406,6.709790034066622,1.0889321722014336,11.069588149289423,64.91121509398238,0.4298755966488899,0.0,5.864000000000001,948.2670800500775,6.279914437417732,0.0,11.069588149289423,649.1121509398238,9482.670800500775,10131.782951440598,932.5462951440601,0.0640669222831633,0.9359330777168365,22.2,755.0,755.0,16761.0,815.97,13676473.17,29.23928607837044,427.1473333558908,456.3866194342612
Sonora,Fronteras,27,Agua Prieta,141,Sorgo forrajero en verde,2019,2020,30.830219,-109.61778,1223.0,1056.1475218536375,6.994354449361838,1.4743009489877348,11.644025943512455,20.811291390728478,7.415,32.025,28.96622516556291,10.48,39.95,12.656357615894038,-0.98,24.39,35.865960264900664,11.53,78.89,26.228609271523183,4.88,32.91,2.843907284768212,0.53,6.39,127.17999999999999,0.8422516556291391,0.0,30.24,101.744,0.6738013245033112,0.0,24.192,15.76132305659024,4.623622342628436,19.23533221259258,0.12041878371005144,23,8,31,16,938.3828955970803,6.21445626223232,0.4422902846963204,9.897422051985586,61.9539021464793,0.4102907426919159,0.0,5.6427298402149235,876.4289934506011,5.804165519540405,0.0,9.897422051985586,619.539021464793,8764.28993450601,9383.828955970803,836.6388955970802,0.06602198573436154,0.9339780142656385,23.0,800.0,800.0,18400.0,819.95,15087080.0,26.936479194121436,381.05608410895695,407.9925633030784
Sonora,Fronteras,27,Agua Prieta,141,Sorgo forrajero en verde,2020,2021,30.830219,-109.61778,1223.0,1022.5280103063346,6.771708677525395,1.1244388262803018,11.098013497776165,21.31907284768212,6.41,32.269999999999996,29.37721854304635,10.58,41.11,13.26092715231788,-2.2,23.96,41.130331125827816,12.77,87.86,26.102317880794693,3.68,33.7,2.6330463576158945,1.25,5.03,186.23000000000002,1.2333112582781458,0.0,23.82,148.98399999999998,0.9866490066225164,0.0,19.056,15.891919256037538,3.9497184389347497,19.056436353914076,0.18212704016216455,29,10,43,17,917.8757176866882,6.078647136997935,0.33733164788409054,11.098013497776165,69.10983049824569,0.45768099667712375,0.0,7.087673145070535,848.7658871884424,5.620966140320811,0.0,11.098013497776165,691.0983049824569,8487.658871884425,9178.757176866882,768.8917176866883,0.07529323324123054,0.9247067667587694,20.07,720.0,720.0,14450.0,852.6,12320070.0,34.43439486708803,422.9027838507436,457.33717871783165
Sonora,Fronteras,27,Agua Prieta,141,Sorgo forrajero en verde,2021,2022,30.830219,-109.61778,1223.0,1105.1497469075612,7.318872496076564,2.5140451331809928,12.136836510448328,21.4417880794702,4.78,31.765,29.726490066225157,9.71,41.75,13.157086092715232,-3.58,23.81,31.971059602649014,8.88,82.54,26.317615894039736,11.04,32.77,2.9133774834437087,0.86,6.36,156.42999999999998,1.035960264900662,0.0,17.11,125.144,0.8287682119205299,0.0,13.688,15.527858154579388,8.383548410374821,18.79464190274961,0.1415464288325846,31,9,27,25,979.3537491064297,6.485786417923376,0.9080106255223079,10.99462994271235,89.96353373832781,0.595784991644555,0.0,6.594721131627576,889.3902153681021,5.890001426278822,0.0,10.99462994271235,899.635337383278,8893.902153681021,9793.5374910643,854.2097491064297,0.09186010041868045,0.9081398995813197,23.79,750.0,750.0,17842.5,870.0,15522975.0,37.815693038389156,373.85044782181683,411.666140860206
Sonora,Fronteras,27,Agua Prieta,141,Sorgo forrajero en verde,2022,2023,30.830219,-109.61778,1223.0,1112.2374810101103,7.365811132517287,3.177709839189024,11.796119394605606,21.871192052980135,7.23,30.93,30.419999999999995,15.87,40.24,13.322384105960266,-2.09,23.25,30.464304635761593,3.03,78.76,26.501655629139073,11.07,33.08,2.7303311258278145,0.62,6.76,142.66,0.9447682119205297,0.0,15.68,114.12800000000003,0.755814569536424,0.0,12.544,15.538747761291775,7.324396568302545,19.038590483175994,0.12826397458790836,34,9,35,22,990.1863478882669,6.557525482703754,0.9533129517567072,11.796119394605606,94.27731352195883,0.6243530696818466,0.0,6.349972384754868,895.9090343663083,5.93317241302191,0.0,11.796119394605606,942.7731352195883,8959.090343663083,9901.863478882671,876.0583478882669,0.09521168790401978,0.9047883120959804,22.85,650.0,650.0,14852.5,893.01,13263431.03,41.25921817153559,392.0827283878811,433.34194655941667
Sonora,Fronteras,27,Agua Prieta,141,Sorgo forrajero en verde,2023,2024,30.830219,-109.61778,1223.0,1139.2876221046554,7.54495113976593,2.2693881449476567,11.573312006242498,21.894039735099337,2.1849999999999996,33.39,30.621920529801322,6.93,41.86,13.166158940397352,-4.42,25.25,29.561258278145694,8.86,68.63,26.875629139072853,10.62,32.75,2.8439072847682114,1.19,6.21,65.35000000000001,0.43278145695364245,0.0,16.3,52.28,0.34622516556291394,0.0,13.040000000000001,15.834367109810085,7.474253167771644,18.961156524781266,0.05736040551311891,20,1,44,21,1009.8331206607554,6.687636560667254,0.680816443484297,10.023881372749887,40.73689773370846,0.2697807796934335,0.0,6.09128569994389,969.0962229270469,6.417855780973821,0.0,10.023881372749887,407.36897733708463,9690.96222927047,10098.331206607554,957.5531206607554,0.04034022741010261,0.9596597725898974,21.71,405.0,405.0,8792.55,911.81,8017135.02,18.76411687411721,446.3824149825182,465.1465318566354
Sonora,Fronteras,27,Agua Prieta,141,Trigo grano,2011,2012,30.830219,-109.61778,1223.0,733.7722054337711,4.266117473452158,1.186290794585971,9.207204183308411,11.834186046511627,-8.945,21.564999999999998,20.48517441860465,-5.52,32.74,3.183197674418605,-12.37,11.66,36.05098837209302,9.79,78.79,18.683546511627906,5.03,29.78,2.7772674418604653,1.05,7.95,11.419999999999998,0.0663953488372093,0.0,6.25,9.136,0.05311627906976744,0.0,5.0,9.335611313981595,3.8716628391385877,16.68306472056559,0.015563413162057615,3,1,0,105,549.3818144627849,3.194080316644098,0.6378983328818961,8.21113558774742,5.5002344137738675,0.03197810705682481,0.0,1.3642344137738667,543.8815800490111,3.1621022095872737,0.0,8.21113558774742,0.0,0.0,0.0,540.2458144627849,0.010011679070870399,0.9899883209291297,4.0,500.0,500.0,2000.0,3611.0,7222000.0,0.0,0.0,0.0
Sonora,Fronteras,27,Agua Prieta,141,Trigo grano,2012,2013,30.830219,-109.61778,1223.0,649.5349682170504,3.7545373885378637,0.8418605580507743,8.743931168968592,10.975549132947979,-0.625,21.125,19.024104046242776,3.83,30.81,2.926994219653179,-5.6,12.01,44.00710982658959,14.6,88.08,17.903815028901732,2.5,29.74,2.634624277456647,0.78,6.89,122.18,0.706242774566474,0.0,32.78,97.744,0.5649942196531792,0.0,26.224000000000004,9.277278336651099,3.0302957782722624,17.126534009885518,0.18810380653620484,16,6,0,121,479.7212870647701,2.772955416559365,0.3627573452457526,7.941158181329466,20.178822507454555,0.11664059252863905,0.0,2.6775859632219965,459.5424645573155,2.6563148240307255,0.0,7.941158181329466,0.0,0.0,0.0,381.97728706477005,0.042063637890494714,0.9579363621095053,2.0,500.0,500.0,1000.0,3600.0,3600000.0,0.0,0.0,0.0
Sonora,Fronteras,27,Agua Prieta,141,Trigo grano,2013,2014,30.830219,-109.61778,1223.0,677.1303957819666,3.936804626639341,1.1144903115081428,8.157097158706975,11.632703488372092,-1.125,21.55,19.738546511627906,4.34,29.88,3.526860465116279,-6.59,13.7,38.882616279069765,9.6,84.38,17.67093023255814,3.81,30.95,2.638430232558139,0.82,7.47,56.31999999999999,0.32744186046511625,0.0,12.82,45.056,0.26195348837209304,0.0,10.256,9.074639908402148,3.5404030590490243,17.02432431594509,0.0831745264292268,11,4,0,96,499.5924586715253,2.9046073178577054,0.6522086169983524,8.313141953701074,24.373120326210604,0.1417041879430849,0.0,3.374360361500778,475.2193383453147,2.7629031299146205,0.0,8.313141953701074,0.0,0.0,0.0,454.53645867152534,0.04878600527922614,0.9512139947207738,4.0,250.0,250.0,1000.0,3700.0,3700000.0,0.0,0.0,0.0
Sonora,Fronteras,27,Agua Prieta,141,Trigo grano,2015,2016,30.830219,-109.61778,1223.0,600.6811570112422,3.492332308204897,1.0261592383502487,7.246309779227042,12.412383720930231,1.9200000000000004,21.765,19.96970930232558,7.5,30.1,4.855058139534884,-5.11,13.86,51.87959302325582,25.76,86.05,16.71040697674419,2.65,30.32,2.5626744186046513,0.79,6.36,136.12,0.7913953488372093,0.0,32.87,108.89600000000002,0.6331162790697675,0.0,26.296,8.988674055769517,3.2094685955277455,17.257388465529374,0.22660940569083377,17,8,0,79,444.99029000872196,2.5871528488879183,0.6729835676719527,6.269938341023049,36.76948502946877,0.2137760757527254,0.0,3.5792094230742486,408.2208049792531,2.3733767731351922,0.0,6.269938341023049,0.0,0.0,0.0,336.09429000872194,0.08262985924647497,0.9173701407535249,4.2,50.0,50.0,210.0,3750.0,787500.0,0.0,0.0,0.0
Sonora,Fronteras,27,Agua Prieta,141,Trigo grano,2016,2017,30.830219,-109.61778,1223.0,662.0504182277423,3.8268810302181633,0.9756502656411151,8.270367974333118,11.738815028901737,-0.3849999999999998,21.259999999999998,19.90924855491329,4.54,29.86,3.5683815028901735,-5.39,12.94,44.18393063583815,20.2,88.01,17.93421965317919,3.73,30.15,2.6529479768786124,1.08,6.48,87.33000000000001,0.5047976878612718,0.0,13.33,69.864,0.4038381502890174,0.0,10.664000000000001,9.302440790008301,3.558277701242284,16.983539608712945,0.13190838279926725,16,8,0,103,507.37484300167415,2.9328025607033186,0.4138159640154301,6.737009148306885,26.214715557711003,0.15153014773243353,0.0,3.064,481.1601274439631,2.781272412970885,0.0,6.737009148306885,0.0,0.0,0.0,437.5108430016742,0.05166735386922702,0.948332646130773,4.6,167.0,167.0,768.2,3702.93,2844590.83,0.0,0.0,0.0
Sonora,Fronteras,27,Agua Prieta,141,Trigo grano,2017,2018,30.830219,-109.61778,1223.0,687.7147652143575,3.998341658223009,1.0808051867677164,8.715147710229482,13.438313953488374,2.7800000000000002,23.085,21.335174418604655,8.56,32.0,5.541453488372093,-4.76,15.45,44.8753488372093,15.24,87.6,17.47127906976744,2.63,29.73,2.7122093023255816,1.03,7.16,96.16,0.5590697674418604,0.0,16.34,76.928,0.44725581395348835,0.0,13.072000000000001,9.171671666564178,3.2109082967387303,16.803906926131532,0.13982541144078442,16,7,0,79,504.7020343425073,2.934314153154112,0.6631698736340199,6.692825753654589,32.6951286033096,0.19008795699598605,0.0,2.845514083122467,472.0069057391977,2.744226196158126,0.0,6.692825753654589,0.0,0.0,0.0,427.7740343425073,0.06478105174650756,0.9352189482534924,4.85,85.0,85.0,412.25,3850.0,1587162.5,0.0,0.0,0.0
Sonora,Fronteras,27,Agua Prieta,141,Trigo grano,2018,2019,30.830219,-109.61778,1223.0,719.5363342747362,4.1833507806670704,0.8694935870326175,9.567889809085552,14.124970930232562,2.805,23.705000000000002,22.02843023255814,7.58,32.85,6.221511627906977,-4.75,15.29,38.282558139534885,10.31,91.04,17.22837209302326,3.39,30.24,2.611104651162791,0.77,6.66,83.06,0.48290697674418603,0.0,20.77,66.44800000000001,0.3863255813953489,0.0,16.616,8.868754178555692,3.3818772184353088,16.618199421025732,0.11543544925180346,14,5,0,67,528.4039289730393,3.0721158661223216,0.9473292660267092,6.5007407135530295,25.083465099406034,0.14583409941515135,0.0,2.820909701492109,503.3204638736333,2.92628176670717,0.0,6.5007407135530295,0.0,0.0,0.0,461.95592897303936,0.04747024714247699,0.952529752857523,5.0,100.0,100.0,500.0,3950.0,1975000.0,0.0,0.0,0.0
Sonora,Fronteras,27,Agua Prieta,141,Trigo grano,2019,2020,30.830219,-109.61778,1223.0,585.2368668283317,3.4025399234205334,0.8680255806199471,7.707286367604406,11.152296511627908,-0.2999999999999998,21.945,18.677790697674418,3.99,31.39,3.626802325581395,-5.35,13.34,50.75767441860465,23.93,88.37,16.453023255813953,3.15,29.6,2.623488372093023,1.07,6.39,127.46,0.7410465116279069,0.0,30.24,101.96800000000002,0.5928372093023256,0.0,24.192,8.880888854082585,3.281969971386215,17.397493531542942,0.21779215771344768,23,6,0,102,426.1786211000462,2.4777826808142223,0.592031195344265,6.604000220739561,40.35909770923848,0.23464591691417722,0.0,4.074856608863915,385.81952339080783,2.2431367639000457,0.0,6.604000220739561,0.0,0.0,0.0,324.2106211000462,0.094699958447151,0.9053000415528493,5.3,85.0,85.0,450.5,3800.0,1711900.0,0.0,0.0,0.0
Sonora,Fronteras,27,Agua Prieta,141,Trigo grano,2020,2021,30.830219,-109.61778,1223.0,520.0627515457982,3.0061430725190643,0.7512834545364656,6.822808164256531,10.963323699421965,0.7349999999999999,19.85,18.04450867052023,6.3,27.42,3.8821387283236994,-5.67,13.86,60.55063583815028,27.55,92.94,16.104161849710984,2.6,29.8,2.6621965317919076,0.94,7.01,349.88,2.0224277456647397,0.0,71.37,209.928,1.213456647398844,0.0,42.822,8.947893430429882,3.057208917571943,17.626092441017096,0.6727649672275916,28,19,0,100,379.4544434837755,2.193378286033384,0.22538503636093968,5.415132347674956,40.329273902075926,0.23311719018540997,0.0,2.7677790852164894,339.12516958169954,1.9602610958479743,0.0,5.415132347674956,0.0,0.0,0.0,169.5264434837755,0.10628225494426263,0.8937177450557373,5.2,107.0,107.0,556.4,4700.0,2615080.0,0.0,0.0,0.0
Sonora,Fronteras,27,Agua Prieta,141,Trigo grano,2021,2022,30.830219,-109.61778,1223.0,738.7640907913244,4.295140062740258,1.2123708835180327,9.060036929111432,12.279941860465113,1.355,23.515,20.713488372093025,4.24,33.09,3.8463953488372087,-4.9,15.65,34.83674418604651,10.65,85.04,17.930058139534886,7.39,29.29,2.833081395348837,0.92,6.92,66.13,0.3844767441860465,0.0,17.42,52.904,0.3075813953488372,0.0,13.936000000000002,8.996357344733644,4.696145374614757,16.27832731627444,0.08951436706833583,11,5,0,109,545.3173417518806,3.170449661348143,0.6285112832952482,7.01946751766305,17.44001682508617,0.10139544665747773,0.0,2.2051471106048917,527.8773249267945,3.0690542146906656,0.0,7.01946751766305,0.0,0.0,0.0,492.4133417518806,0.031981408786778284,0.9680185912132219,5.29,95.0,95.0,502.55,5790.0,2909764.5,0.0,0.0,0.0
Sonora,Fronteras,27,Agua Prieta,141,Trigo grano,2023,2024,30.830219,-109.61778,1223.0,613.8148587672154,3.5686910393442752,1.1565273131247569,8.250494073366017,10.895377906976742,1.23,21.085,18.746220930232557,6.53,31.95,3.04453488372093,-5.75,12.19,47.573081395348844,22.15,85.43,17.129883720930234,2.51,29.64,2.793720930232558,0.92,7.88,79.84,0.4641860465116279,0.0,9.75,63.87200000000001,0.37134883720930234,0.0,7.800000000000001,9.061185956235954,3.131026843562678,16.9330543631798,0.13007179422204035,17,5,0,115,454.71419118205955,2.64368715803523,0.6348092391727341,6.526241187188409,36.3435178734087,0.211299522519818,0.0,2.609796366689805,418.37067330865085,2.4323876355154117,0.0,6.526241187188409,0.0,0.0,0.0,390.84219118205954,0.07992606911812303,0.920073930881877,5.1,20.0,20.0,102.0,5600.0,571200.0,0.0,0.0,0.0
Sonora,Fronteras,27,Agua Prieta,141,Alfalfa achicalada,2010,2011,30.830219,-109.61778,1223.0,207.41875280561504,2.729194115863356,0.8771905015450628,5.681306048217132,7.860328947368423,2.3450000000000006,12.745000000000001,15.121184210526316,7.59,23.82,0.5994736842105265,-4.77,6.74,58.07671052631578,33.64,90.01,16.22421052631579,3.57,25.7,2.7540789473684213,1.18,8.1,129.13,1.699078947368421,0.0,32.54,103.304,1.359263157894737,0.0,26.032,8.750482742750114,3.543784911683209,14.414620371052845,0.6225570169203346,17,7,0,74,177.1316239472303,2.3306792624635566,0.8333309764678096,5.113175443395419,27.35810379288435,0.359975049906373,0.0,2.265607109343043,149.77352015434596,1.9707042125571836,0.0,5.113175443395419,273.5810379288435,1497.7352015434597,1771.316239472303,73.82762394723031,0.1544507027216928,0.8455492972783072,10.0,100.0,100.0,1000.0,1700.0,1700000.0,27.35810379288435,149.77352015434596,177.1316239472303
Sonora,Fronteras,27,Agua Prieta,141,Alfalfa achicalada,2011,2012,30.830219,-109.61778,1223.0,299.5147518448599,3.9409835769060515,1.695741965766354,7.14011790238906,10.119276315789474,-8.945,19.755000000000003,18.90171052631579,-5.52,28.92,1.3368421052631578,-12.37,10.59,34.53973684210527,12.77,58.72,18.23552631578948,8.33,25.14,2.694605263157895,1.05,7.95,1.54,0.020263157894736844,0.0,1.18,1.232,0.016210526315789474,0.0,0.944,8.969891392254022,4.7897952202231755,13.011514710162146,0.005141649920460933,1,0,0,57,263.8337704926435,3.471496980166362,0.7193449009722266,6.426106112150155,1.232,0.016210526315789474,0.0,0.944,262.60177049264354,3.4552864538505728,0.7193449009722266,6.426106112150155,12.32,2626.0177049264353,2638.3377049264354,262.6017704926435,0.004669606918399977,0.9953303930816001,14.0,180.0,180.0,2520.0,2150.0,5418000.0,0.88,187.5726932090311,188.45269320903108
Sonora,Fronteras,27,Agua Prieta,141,Alfalfa achicalada,2012,2013,30.830219,-109.61778,1223.0,279.0169021651426,3.623596132014839,1.6929877669798281,6.905354940286492,10.284090909090908,4.890000000000001,18.285,18.53818181818182,9.61,27.38,2.03,-3.12,9.91,42.04571428571429,19.48,77.26,18.011038961038967,6.87,25.94,2.5618181818181816,1.08,6.0,11.19,0.14532467532467533,0.0,4.52,8.952,0.11625974025974026,0.0,3.6159999999999997,9.132670980189026,5.056225258668382,13.810864511883683,0.040105097265315276,4,0,0,66,242.56750048743473,3.150227279057594,0.7311380864683784,6.214819446257843,6.630066707481227,0.08610476243482112,0.0,2.2119188391833884,235.93743377995347,3.0641225166227724,0.0,6.214819446257843,66.30066707481227,2359.3743377995347,2425.675004874347,233.61550048743473,0.027332873093708906,0.972667126906291,13.0,185.0,185.0,2405.0,2300.0,5531500.0,5.100051313447097,181.49033367688727,186.59038499033437
Sonora,Fronteras,27,Agua Prieta,141,Alfalfa achicalada,2013,2014,30.830219,-109.61778,1223.0,260.9019474090654,3.432920360645597,1.4751818796969296,7.228819090174848,8.657236842105263,-1.125,18.985,16.870526315789476,4.34,29.82,0.44394736842105276,-6.59,10.09,42.49368421052631,18.84,84.38,17.225263157894737,4.49,25.08,2.7172368421052635,0.82,5.78,26.46,0.3481578947368421,0.0,11.47,21.168,0.2785263157894737,0.0,9.176,8.830477788761968,4.329746512780712,13.445684217712378,0.10141741088085345,5,1,0,61,228.98600709768658,3.012973777601139,0.5968029350451173,6.505937181157363,11.321467714526126,0.14896668045429112,0.0,2.656,217.66453938316045,2.864007097146848,0.0,6.505937181157363,113.21467714526125,2176.6453938316045,2289.8600709768657,207.81800709768657,0.04944174475122548,0.9505582552487745,11.0,200.0,200.0,2200.0,2181.82,4800004.0,10.292243376841931,197.8768539846913,208.16909736153323
Sonora,Fronteras,27,Agua Prieta,141,Alfalfa achicalada,2014,2015,30.830219,-109.61778,1223.0,297.29297761261245,3.911749705429111,2.1753053801799855,6.24192355860313,12.513421052631578,5.6000000000000005,19.799999999999997,20.78381578947368,12.52,29.33,4.243026315789475,-2.24,10.27,37.71421052631579,17.07,62.96,17.372631578947367,9.14,25.49,2.4172368421052632,1.15,5.47,16.73,0.22013157894736843,0.0,10.66,13.383999999999999,0.1761052631578947,0.0,8.528,8.770578013320332,5.05395794788055,13.669694494239405,0.05627445402292692,2,2,0,41,260.24158950934225,3.424231440912398,0.8701221520719943,5.617731202742817,7.424438430393423,0.0976899793472819,0.0,3.3056485163335485,252.81715107894883,3.326541461565116,0.0,5.617731202742817,74.24438430393424,2528.1715107894884,2602.4158950934225,246.85758950934226,0.028529023529219176,0.9714709764707808,12.0,150.0,150.0,1800.0,1571.67,2829006.0,6.187032025327853,210.68095923245735,216.8679912577852
Sonora,Fronteras,27,Agua Prieta,141,Alfalfa achicalada,2015,2016,30.830219,-109.61778,1223.0,242.11741726078304,3.1857554902734613,1.0883172399287329,5.452120296541782,11.429407894736842,1.975,17.375,18.969605263157895,7.5,25.87,3.8892105263157895,-5.11,12.02,54.478421052631575,32.18,86.05,15.972763157894738,2.65,24.28,2.6868421052631573,0.79,6.36,78.90000000000002,1.0381578947368424,0.0,32.87,63.120000000000005,0.8305263157894738,0.0,26.296,8.577480569604006,3.2094685955277455,13.653980590696623,0.3258749448620516,9,4,0,44,211.41471278893698,2.7817725366965393,0.6525214065777585,4.906908266887604,16.182544565882264,0.21292821797213504,0.0,2.4278115567775314,195.23216822305474,2.5688443187244046,0.0,4.906908266887604,161.82544565882264,1952.3216822305474,2114.14712788937,148.29471278893698,0.07654407941815236,0.9234559205818478,12.5,230.0,230.0,2875.0,1960.0,5635000.0,12.946035652705811,156.1857345784438,169.1317702311496
Sonora,Fronteras,27,Agua Prieta,141,Alfalfa achicalada,2016,2017,30.830219,-109.61778,1223.0,290.47668523291924,3.772424483544406,0.9756502656411151,5.858268824614683,11.189415584415583,2.045,19.76,19.664415584415583,7.25,28.1,2.7144155844155846,-5.17,12.94,42.39376623376623,23.8,88.01,17.950000000000003,5.75,25.01,2.5946753246753245,1.31,6.48,43.82,0.5690909090909091,0.0,13.33,35.056,0.4552727272727272,0.0,10.664000000000001,9.103894116683351,4.156232513555413,13.530693275783284,0.15085548075868072,7,4,0,56,260.24595614423566,3.379817612262801,0.3902601062564461,5.272441942153215,9.188751448315077,0.11933443439370231,0.0,3.064,251.05720469592057,3.2604831778690984,0.0,5.272441942153215,91.88751448315077,2510.5720469592056,2602.4595614423565,225.18995614423568,0.03530795092632453,0.9646920490736755,12.7,532.0,532.0,6756.4,2020.08,13648468.51,7.235237360878013,197.68283834324455,204.91807570412257
Sonora,Fronteras,27,Agua Prieta,141,Alfalfa achicalada,2017,2018,30.830219,-109.61778,1223.0,268.0719464499509,3.5272624532888273,1.0808051867677164,5.72341800084101,12.008157894736842,2.7800000000000002,21.240000000000002,19.816315789473688,8.56,29.68,4.2,-4.76,13.65,47.96973684210526,23.41,84.91,16.765657894736844,6.3,24.77,2.6232894736842107,1.03,7.16,59.06,0.7771052631578947,0.0,16.34,47.248000000000005,0.6216842105263158,0.0,13.072000000000001,8.789804117925492,4.303293541880424,13.452941955124643,0.22031398951708855,9,5,0,47,234.48238408297982,3.0852945274076293,0.4323220747070866,5.151076200756909,13.777505315662449,0.18128296467976907,0.0,2.3506420686663856,220.70487876731735,2.90401156272786,0.0,5.151076200756909,137.7750531566245,2207.0487876731736,2344.823840829798,187.23438408297983,0.05875710181617223,0.9412428981838277,12.2,542.0,542.0,6612.4,2256.74,14922467.58,11.293037143985615,180.9056383338667,192.1986754778523
Sonora,Fronteras,27,Agua Prieta,141,Alfalfa achicalada,2018,2019,30.830219,-109.61778,1223.0,284.5006171931217,3.7434291735937064,1.1330374361893785,5.652818011785244,11.984078947368422,3.97,18.965,19.735263157894735,8.13,26.46,4.2328947368421055,-4.37,12.19,41.61763157894736,20.84,91.04,16.703815789473683,4.83,24.71,2.809736842105263,0.77,6.66,44.23,0.5819736842105263,0.0,14.72,35.384,0.46557894736842104,0.0,11.776000000000002,8.550016031839316,4.251727706942126,13.930977674168794,0.15546539208375867,8,3,0,43,248.43031683986158,3.2688199584192312,0.9145168539062836,5.1550884367666985,14.153457765744111,0.18622970744400147,0.0,2.5760000000000005,234.27685907411748,3.08259025097523,0.0,5.1550884367666985,141.5345776574411,2342.7685907411746,2484.3031683986155,213.04631683986156,0.05697154013158323,0.9430284598684169,13.6,500.0,500.0,6800.0,2290.07,15572476.0,10.406954239517729,172.26239637802755,182.66935061754526
Sonora,Fronteras,27,Agua Prieta,141,Alfalfa achicalada,2019,2020,30.830219,-109.61778,1223.0,225.416955341762,2.966012570286342,0.8680255806199471,5.742608887599618,9.571052631578947,-0.2999999999999998,18.674999999999997,16.953289473684208,4.61,26.65,2.1888157894736846,-5.35,10.7,54.56723684210526,32.08,88.37,15.086842105263159,3.15,25.39,2.780263157894736,1.09,6.39,94.24000000000001,1.2400000000000002,0.0,30.24,75.39200000000001,0.9920000000000001,0.0,24.192,8.202146174416864,3.281969971386215,14.083609284296799,0.41806970490360706,15,5,0,54,199.2253822212845,2.621386608174796,0.34721023224797887,5.168347998839657,23.52051038032463,0.3094803997411136,0.0,3.18901821563263,175.70487184095987,2.3119062084336823,0.0,5.168347998839657,235.2051038032463,1757.0487184095987,1992.253822212845,123.83338222128448,0.11805980803289325,0.8819401919671068,13.77,520.0,520.0,7160.0,2223.96,15923531.2,17.08098066835485,127.59976168551916,144.680742353874
Sonora,Fronteras,27,Agua Prieta,141,Alfalfa achicalada,2020,2021,30.830219,-109.61778,1223.0,208.91526893302745,2.713185310818538,1.0081242349692774,4.708810737108658,9.667597402597401,0.7349999999999999,15.515,16.77766233766234,7.14,22.84,2.5575324675324675,-5.67,10.96,62.13233766233767,40.87,87.86,15.681818181818182,3.14,25.15,2.52038961038961,1.22,5.31,123.46,1.6033766233766233,0.0,23.82,98.76800000000001,1.282701298701299,0.0,19.056,8.57406498656454,3.3601524047320352,14.357087364274332,0.5909572844078615,14,8,0,55,182.05156112409904,2.364305988624663,0.565409793967166,4.237929663397793,23.15395894697176,0.3007007655450878,0.0,2.166087979734644,158.89760217712728,2.063605223079575,0.0,4.237929663397793,231.53958946971758,1588.9760217712728,1820.5156112409904,83.28356112409902,0.1271835231953238,0.8728164768046762,14.06,520.0,520.0,7310.0,2607.45,19060459.5,16.467965111644208,113.01394180450019,129.4819069161444
Sonora,Fronteras,27,Agua Prieta,141,Alfalfa achicalada,2021,2022,30.830219,-109.61778,1223.0,284.4676011670771,3.7429947521983826,1.2123708835180327,6.10388479796787,10.196118421052633,1.355,17.72,18.548947368421054,4.24,26.8,1.8432894736842103,-4.9,10.02,39.526710526315796,19.74,85.04,17.330394736842106,7.39,26.04,2.852105263157895,0.92,5.21,36.17,0.47592105263157897,0.0,14.11,28.936,0.38073684210526315,0.0,11.288,8.77485032034178,4.9615051463677435,14.03055683960072,0.12714980493949532,6,3,0,61,248.43725252123704,3.268911217384698,0.7095166990076796,5.493496318171084,9.864470650889684,0.12979566645907478,0.0,2.04,238.57278187034737,3.139115550925623,0.0,5.493496318171084,98.64470650889685,2385.7278187034735,2484.3725252123704,219.50125252123703,0.0397060849400854,0.9602939150599147,14.08,650.0,650.0,9152.0,3047.84,27893831.68,7.006016087279606,169.44089621473535,176.44691230201497
Sonora,Fronteras,27,Agua Prieta,141,Alfalfa achicalada,2022,2023,30.830219,-109.61778,1223.0,275.9233048808995,3.6305698010644667,1.7669635019906935,7.347101082634996,9.690394736842105,0.8500000000000001,17.77,18.063815789473686,7.46,27.22,1.3169736842105264,-6.1,9.96,41.653947368421065,20.02,74.9,17.90802631578947,6.47,25.38,2.8503947368421056,1.0,6.15,13.3,0.17500000000000002,0.0,9.24,10.64,0.14,0.0,7.392,9.092334158578247,4.396844489444871,13.632612782737029,0.048201800155086065,3,1,0,66,241.20810766714092,3.1737908903571173,0.7067854007962775,6.612390974371497,3.9547854007962777,0.05203665001047734,0.0,0.8800000000000001,237.25332226634467,3.1217542403466405,0.0,6.612390974371497,39.547854007962776,2372.533222663447,2412.08107667141,230.5681076671409,0.016395739923691737,0.9836042600763084,28.53,650.0,650.0,18544.5,4709.87,87342184.22,1.3861848583232659,83.15924369658067,84.54542855490394
Sonora,Fronteras,27,Agua Prieta,141,Alfalfa achicalada,2023,2024,30.830219,-109.61778,1223.0,245.61103475431906,3.2317241415041984,1.1565273131247569,5.674992336685574,9.452763157894738,1.23,17.445,17.032894736842106,6.53,26.31,1.8726315789473684,-5.75,9.94,49.56763157894736,27.77,84.17,15.860394736842107,2.51,23.64,3.064605263157895,0.92,7.88,65.43,0.860921052631579,0.0,9.75,52.344,0.6887368421052632,0.0,7.800000000000001,8.406943028352634,3.131026843562678,13.182547926728372,0.2663968256371243,15,4,0,54,214.3564472127264,2.8204795685885053,0.6960407588983356,5.107493103017017,24.1601669408689,0.31789693343248554,0.0,2.144,190.1962802718575,2.5025826351560196,0.0,5.107493103017017,241.60166940868902,1901.962802718575,2143.564472127264,162.0124472127264,0.11271024153937603,0.8872897584606239,24.62,650.0,650.0,16003.0,4150.0,66412450.0,9.813227839508084,77.2527539690729,87.06598180858099
Sonora,Fronteras,27,Agua Prieta,141,Pastos y praderas,2010,2011,30.830219,-109.61778,1223.0,1545.661809208542,6.308823711055274,2.122097189790584,11.219366773174075,21.280040816326533,4.545,31.12,29.111673469387757,12.83,40.44,13.448408163265306,-3.74,23.44,43.11608163265306,8.96,86.65,24.853020408163264,8.46,32.87,2.516489795918367,0.8,7.51,301.5,1.2306122448979593,0.0,15.13,180.9,0.7383673469387755,0.0,9.078,14.960319825949156,6.466248638312326,19.407241352236213,0.19506207516014348,59,18,44,40,1299.033902634103,5.302179194424911,0.9089252638665295,9.536461757197964,144.113215052238,0.5882172042948489,0.0,5.637401479658919,1154.920687581865,4.713961990130061,0.0,9.536461757197964,1441.13215052238,11549.20687581865,12990.339026341031,1118.133902634103,0.11093876361503258,0.8890612363849674,20.0,180.0,180.0,3600.0,600.0,2160000.0,72.056607526119,577.4603437909325,649.5169513170515
Sonora,Fronteras,27,Agua Prieta,141,Pastos y praderas,2011,2012,30.830219,-109.61778,1223.0,1715.1905356892746,7.000777696690917,3.5350830876856203,12.5512950192812,22.68042857142857,9.26,32.53,31.084081632653064,16.84,42.52,14.27677551020408,-0.77,23.23,32.71195918367347,6.31,79.33,25.15273469387755,12.66,33.08,2.581918367346939,0.68,7.04,211.64,0.8638367346938775,0.0,14.11,169.31199999999998,0.691069387755102,0.0,11.288,14.675476604633358,8.13983416828506,18.89585338141822,0.12339153907175061,55,15,58,16,1432.812916064495,5.848215983936715,1.8944162496528856,10.66860076638902,148.1367601982429,0.6046398375438486,0.0,5.861655978383378,1284.6761558662522,5.243576146392866,0.0,10.66860076638902,1481.367601982429,12846.761558662522,14328.12916064495,1263.5009160644952,0.1033887666263715,0.8966112333736285,32.0,800.0,800.0,25600.0,950.0,24320000.0,70.54131438011567,611.7505504125011,682.2918647926167
Sonora,Fronteras,27,Agua Prieta,141,Pastos y praderas,2012,2013,30.830219,-109.61778,1223.0,1631.222447354893,6.658050805530175,2.1504088550887053,12.242752208080393,22.192244897959185,3.805,30.865,30.32432653061224,8.4,39.93,14.060163265306123,-4.85,22.6,36.19265306122449,5.91,76.15,24.847061224489796,8.03,33.05,2.4521632653061225,0.58,6.89,232.56,0.9492244897959183,0.0,18.14,186.04800000000003,0.7593795918367349,0.0,14.512,14.629092781823326,6.253158620872722,18.923751758413356,0.14256792528640555,51,15,48,19,1364.972207591694,5.571315133027323,1.3832879297389598,10.406339376868335,146.751896537695,0.5989873328069183,0.0,4.89553123295854,1218.220311053999,4.9723278002204045,0.0,10.406339376868335,1467.5189653769498,12182.203110539991,13649.722075916941,1178.924207591694,0.10751273595278438,0.8924872640472156,19.0,210.0,210.0,3990.0,960.42,3832075.8,100.54943236566974,834.6833237780056,935.2327561436754
Sonora,Fronteras,27,Agua Prieta,141,Pastos y praderas,2013,2014,30.830219,-109.61778,1223.0,1625.5728500096266,6.634991224529088,2.512015860445108,11.268467279573914,21.873244897959182,6.78,31.045,29.88591836734694,12.96,41.22,13.86057142857143,-2.62,22.64,38.044244897959175,7.7,81.23,24.812081632653065,9.88,32.77,2.5561632653061226,1.04,7.47,305.40999999999997,1.2465714285714284,0.0,25.98,183.24599999999998,0.747942857142857,0.0,15.588,14.652223956988012,6.887279372626921,18.99041710292386,0.18787838391751643,53,20,37,16,1360.8697445036514,5.554570385729189,1.2103924069651755,9.578197187637826,138.23403076919172,0.5642205337518029,0.0,5.422763105169941,1222.6357137344596,4.990349851977387,0.0,9.578197187637826,1382.3403076919171,12226.357137344596,13608.697445036512,1177.6237445036513,0.10157770890821713,0.8984222910917828,19.0,220.0,220.0,4180.0,880.0,3678400.0,92.15602051279447,815.0904758229731,907.2464963357676
Sonora,Fronteras,27,Agua Prieta,141,Pastos y praderas,2014,2015,30.830219,-109.61778,1223.0,1564.9716022458597,6.387639192840243,1.6169960607275597,11.161288881612967,21.9139387755102,10.4,30.779999999999998,29.472612244897956,17.01,41.48,14.35526530612245,2.03,21.51,42.177673469387756,7.6,88.68,24.13020408163265,5.07,32.25,2.455714285714286,0.86,6.75,400.55999999999995,1.6349387755102038,0.0,40.19,240.33599999999998,0.9809632653061224,0.0,24.113999999999997,14.454998213174719,4.595718920342576,18.756460759714496,0.255953526201475,63,28,39,11,1311.0430215921094,5.351196006498406,1.3744466516184257,9.487095549371022,165.69913652462785,0.6763230062229708,0.0,5.4959999999999996,1145.3438850674816,4.674873000275435,0.0,9.487095549371022,1656.9913652462785,11453.438850674815,13110.430215921093,1070.7070215921094,0.12638726097897648,0.8736127390210234,20.0,330.0,330.0,6600.0,956.97,6316002.0,107.42245479716554,742.5243987471516,849.9468535443172
Sonora,Fronteras,27,Agua Prieta,141,Pastos y praderas,2015,2016,30.830219,-109.61778,1223.0,1428.727385073985,5.831540347240756,1.578148614708885,10.590429102763004,21.590938775510203,5.795,32.065,28.720367346938776,10.72,40.68,14.461510204081634,0.05,24.03,48.44648979591837,14.35,85.03,23.302326530612245,3.93,33.21,2.3674693877551025,0.68,6.15,391.38,1.597469387755102,0.0,24.0,234.828,0.9584816326530612,0.0,14.399999999999999,14.401605429287713,4.029140082948504,19.756670314306444,0.27393609451934237,84,24,28,13,1199.0909624445003,4.894248826304083,0.6312594458835541,9.001864737348553,174.97370052730457,0.7141783694992023,0.0,5.578140217577178,1024.1172619171957,4.180070456804881,0.0,9.001864737348553,1749.7370052730457,10241.172619171957,11990.909624445003,964.2629624445003,0.14592195755574566,0.8540780424442543,20.1,450.0,450.0,9045.0,980.0,8864100.0,124.53644165644452,728.9090832150858,853.4455248715303
Sonora,Fronteras,27,Agua Prieta,141,Pastos y praderas,2016,2017,30.830219,-109.61778,1223.0,1594.7121715755886,6.509029271737097,1.7259087533990942,10.953186297974444,22.272632653061226,5.32,31.225,30.033142857142856,8.41,41.74,14.512122448979593,0.22,23.96,39.24975510204081,10.61,83.29,24.76910204081633,6.89,32.88,2.4476734693877553,0.73,6.1,269.5,1.1,0.0,19.45,161.7,0.6599999999999999,0.0,11.67,14.793398802372609,5.698383336611509,19.093245767420214,0.16899601370304448,47,19,33,15,1334.434413294091,5.446671074669759,0.6903635013596378,9.310208353278277,120.62383885809218,0.49234219942078444,0.0,4.87638627134712,1213.8105744359987,4.954328875248974,0.0,9.310208353278277,1206.2383885809218,12138.105744359986,13344.344132940907,1172.734413294091,0.09039323151171488,0.909606768488285,21.0,470.0,470.0,9870.0,871.0,8596770.0,77.07593537258286,775.5978111412131,852.673746513796
Sonora,Fronteras,27,Agua Prieta,141,Pastos y praderas,2017,2018,30.830219,-109.61778,1223.0,1658.4059978606551,6.769004072900633,3.3474198109293534,11.377113827691995,22.876061224489796,10.735,32.73,30.9384081632653,18.02,42.86,14.813714285714285,1.27,25.11,37.19959183673469,5.66,83.78,24.793877551020408,12.74,33.22,2.5233061224489797,0.87,6.7,200.69,0.8191428571428572,0.0,10.7,160.552,0.6553142857142857,0.0,8.56,14.679083704382226,7.977648875064479,19.0516515159824,0.12101379291855567,46,16,43,8,1387.8058633942064,5.664513728139618,1.4637924372202162,9.670546753538195,134.81382764838514,0.550260521013817,0.0,5.170105275782407,1252.992035745821,5.114253207125801,0.0,9.670546753538195,1348.1382764838513,12529.920357458212,13878.058633942062,1227.2538633942065,0.09714170490580444,0.9028582950941955,24.3,337.0,337.0,8189.1,862.73,7064982.24,73.66875827780608,684.6951015004487,758.3638597782548
Sonora,Fronteras,27,Agua Prieta,141,Pastos y praderas,2018,2019,30.830219,-109.61778,1223.0,1599.9882274496367,6.530564193671987,1.5055801964004092,11.069588149289423,22.638897959183677,9.09,31.935000000000002,30.26555102040816,15.73,40.7,15.012244897959185,-3.38,23.69,40.73844897959184,7.65,85.26,24.025306122448974,4.79,33.11,2.510612244897959,0.68,6.49,321.81,1.3135102040816327,0.0,19.86,193.086,0.7881061224489796,0.0,11.915999999999999,14.40732145928797,4.347763792565674,19.490069662692424,0.2011327299032453,64,24,59,16,1338.4652733351418,5.463123564633232,1.2797431669403478,9.40914992689601,147.41927092478036,0.6017113098970627,0.0,5.178,1191.0460024103616,4.86141225473617,0.0,9.40914992689601,1474.1927092478036,11910.460024103615,13384.652733351419,1145.3792733351418,0.11014052726033459,0.8898594727396655,24.0,300.0,300.0,7200.0,760.4,5474880.0,84.23958338558877,680.5977156630637,764.8372990486524
Sonora,Fronteras,27,Agua Prieta,141,Pastos y praderas,2019,2020,30.830219,-109.61778,1223.0,1533.5436763076887,6.259361944113015,1.4743009489877348,11.644025943512455,21.69712244897959,7.415,32.025,29.260897959183673,10.48,39.95,14.133346938775508,-0.98,24.55,43.119020408163266,11.53,83.08,23.970122448979595,4.88,32.91,2.5397551020408162,0.53,6.39,322.92999999999995,1.318081632653061,0.0,30.24,193.75799999999998,0.7908489795918366,0.0,18.144,14.544599070729273,4.623622342628436,19.23533221259258,0.21057763465695228,59,22,40,20,1285.0309028973447,5.24502409345855,0.9259706821973142,9.897422051985586,138.82241514086255,0.5666221026157655,0.0,5.6427298402149235,1146.208487756482,4.678401990842784,0.0,9.897422051985586,1388.2241514086254,11462.084877564821,12850.309028973446,1091.2729028973447,0.10803040987408256,0.8919695901259174,23.6,320.0,320.0,7552.0,765.44,5780602.88,74.43561133558313,614.5890014780065,689.0246128135896
Sonora,Fronteras,27,Agua Prieta,141,Pastos y praderas,2022,2023,30.830219,-109.61778,1223.0,1546.5247103754646,6.312345756634549,2.455631967102666,11.796119394605606,21.95730612244898,7.23,30.93,29.585224489795916,15.87,40.24,14.329387755102042,-2.09,23.25,42.63983673469387,3.03,84.66,23.9590612244898,6.33,33.08,2.445224489795918,0.62,6.76,371.35,1.5157142857142858,0.0,18.62,222.80999999999997,0.9094285714285714,0.0,11.172,14.375385641365124,4.965438608392217,19.038590483175994,0.24011902138301033,82,25,37,25,1294.5837169533456,5.284015171238146,1.2710839356756098,10.026701485414765,185.96010619361076,0.7590208416065745,0.0,5.838,1108.623610759735,4.524994329631571,0.0,10.026701485414765,1859.6010619361075,11086.23610759735,12945.837169533457,1071.7737169533457,0.14364471278168595,0.8563552872183141,23.8,310.0,310.0,7378.0,815.0,6013070.0,98.33955906589675,586.2631468851057,684.6027059510025
Sonora,Fronteras,27,Agua Prieta,141,Pastos y praderas,2023,2024,30.830219,-109.61778,1223.0,1722.4848733908316,7.030550503636047,2.1418812672730527,11.573312006242498,23.376979591836733,2.1849999999999996,33.39,31.63208163265306,6.93,41.86,15.121877551020413,-4.42,25.25,33.30122448979592,8.86,75.38,24.84171428571429,8.56,32.75,2.5929795918367344,0.86,6.21,161.04,0.6573061224489796,0.0,16.75,128.83200000000002,0.5258448979591838,0.0,13.4,14.662060064278336,5.961766253456733,18.961156524781266,0.09349283844971104,40,8,75,22,1444.4375858696221,5.895663615794376,0.9077552579790628,9.837315205306123,100.69189777859576,0.4109873378718194,0.0,6.09128569994389,1343.7456880910263,5.484676277922556,0.0,9.837315205306123,1006.9189777859576,13437.456880910264,14444.375858696221,1315.605585869622,0.06971010638578358,0.9302898936142163,24.08,355.0,355.0,8548.4,875.0,7479850.0,52.718271088270036,703.5317738696474,756.2500449579175
Sonora,Fronteras,27,Agua Prieta,141,Frijol,2011,2012,30.830219,-109.61778,1223.0,1069.9513888812899,7.588307722562339,3.8740252584040933,12.5512950192812,25.59698581560284,13.01,32.53,33.4777304964539,21.52,42.52,17.716241134751773,4.5,23.23,35.562411347517724,6.31,79.33,26.37049645390071,12.66,33.08,2.4655319148936172,0.68,6.14,200.32000000000002,1.4207092198581561,0.0,14.11,160.25599999999997,1.1365673758865247,0.0,11.288,16.031658270832466,8.789529227962388,18.89585338141822,0.18722345901101994,50,15,58,1,857.3541414283317,6.080525825732849,1.3559088404414326,14.43398927217338,119.99603909324831,0.851035738249988,0.0,7.328,737.3581023350835,5.229490087482861,0.0,14.43398927217338,1199.960390932483,7373.581023350835,8573.541414283318,697.0981414283317,0.13996087881880148,0.8600391211811986,0.8,75.0,75.0,59.85,16000.0,957600.0,1499.9504886656036,9216.976279188542,10716.926767854146
Sonora,Fronteras,27,Agua Prieta,141,Frijol,2012,2013,30.830219,-109.61778,1223.0,1037.1997165802095,7.35602635872489,3.122629201394046,12.242752208080393,25.31900709219858,17.145,30.865,33.05439716312057,24.1,39.93,17.583617021276595,7.3,22.6,38.81851063829787,5.91,76.15,25.968297872340425,13.24,33.05,2.412340425531915,0.58,6.08,228.90999999999997,1.6234751773049643,0.0,18.14,183.12800000000004,1.298780141843972,0.0,14.512,15.901640552059606,9.528062464175472,18.923751758413356,0.22070002174195325,50,15,47,0,824.0966901163197,5.844657376711487,1.092920220487916,14.079165039292452,121.47031857017728,0.8614916210650871,0.0,6.364339658968444,702.6263715461424,4.9831657556464,0.0,14.079165039292452,1214.7031857017728,7026.263715461424,8240.966901163196,640.9686901163196,0.14739813911039004,0.85260186088961,0.81,80.0,80.0,64.8,13500.0,874800.0,1499.633562594781,8674.399648717806,10174.033211312588
Sonora,Fronteras,27,Agua Prieta,141,Frijol,2013,2014,30.830219,-109.61778,1223.0,1017.0921104405695,7.213419222982763,2.622147091038556,11.268467279573914,25.11542553191489,17.87,31.045,32.567588652482264,24.21,41.22,17.663262411347517,7.01,22.64,42.30659574468085,9.09,81.23,25.71985815602837,10.69,32.77,2.438936170212766,1.04,6.01,296.14000000000004,2.100283687943263,0.0,25.98,177.68399999999997,1.2601702127659573,0.0,15.588,15.890321715259265,7.895176692813496,18.99041710292386,0.2911634029603497,50,20,37,0,818.2474203786026,5.803173194174486,0.9177514818634944,12.958737371509999,125.8355940236184,0.8924510214441022,0.0,7.3366794952299195,692.4118263549841,4.910722172730384,0.0,12.958737371509999,1258.3559402361839,6924.118263549841,8182.474203786025,640.5634203786026,0.1537867286711327,0.8462132713288673,0.9,70.0,70.0,63.0,12685.0,799155.0,1398.1732669290932,7693.464737277601,9091.638004206694
Sonora,Fronteras,27,Agua Prieta,141,Frijol,2014,2015,30.830219,-109.61778,1223.0,998.6044934158815,7.08230137174384,1.6169960607275597,11.161288881612967,24.770886524822693,16.1,30.779999999999998,31.95347517730497,23.63,41.48,17.588297872340423,7.1,21.51,42.51716312056737,7.6,88.68,25.22553191489362,5.07,32.25,2.4095035460992906,0.95,6.28,333.61,2.366028368794326,0.0,40.19,200.16599999999997,1.4196170212765955,0.0,24.113999999999997,15.603970413660369,4.595718920342576,18.756460759714496,0.33407620554443457,51,24,39,0,808.0620133114091,5.730936264619923,0.5659486212546458,12.813223526466214,105.1162598488816,0.7455053889991603,0.0,6.546,702.9457534625275,4.985430875620763,0.0,12.813223526466214,1051.162598488816,7029.457534625275,8080.620133114091,607.8960133114092,0.13008439713447106,0.8699156028655288,0.8,20.0,20.0,16.0,9500.0,152000.0,1313.95324811102,8786.821918281594,10100.775166392614
Sonora,Fronteras,27,Agua Prieta,141,Frijol,2015,2016,30.830219,-109.61778,1223.0,931.1405285146642,6.603833535564994,2.3591740940504016,10.590429102763004,24.588226950354606,14.155,32.065,31.54531914893618,22.21,40.68,17.631134751773047,4.48,24.03,47.55007092198581,14.35,75.68,25.19687943262411,6.65,33.21,2.22645390070922,0.68,6.15,255.22000000000006,1.810070921985816,0.0,15.72,153.132,1.0860425531914895,0.0,9.432,15.98119804780659,5.646552149416549,19.756670314306444,0.2740939656091671,60,16,28,1,744.5132720153756,5.280235971740253,0.8257109329176405,12.178993468177453,126.72694372799893,0.8987726505531839,0.0,6.323999999999999,617.7863282873767,4.381463321187069,0.0,12.178993468177453,1267.2694372799892,6177.863282873767,7445.132720153757,591.3812720153755,0.17021448574711476,0.8297855142528853,0.87,30.0,30.0,26.1,9300.0,242730.0,1456.631537103436,7100.99227916525,8557.623816268686
Sonora,Fronteras,27,Agua Prieta,141,Frijol,2016,2017,30.830219,-109.61778,1223.0,1014.5993826947936,7.195740302799955,2.377970786718759,10.953186297974444,25.049574468085105,15.065,31.225,32.460070921985825,23.45,41.74,17.639078014184395,6.29,23.96,40.78836879432624,10.61,83.29,26.157234042553192,6.89,32.88,2.375957446808511,0.73,5.76,243.06,1.7238297872340427,0.0,19.45,194.448,1.3790638297872342,0.0,15.56,16.181817298053687,5.698383336611509,19.093245767420214,0.23956253487403908,41,17,33,0,811.6264746098427,5.7562161319847,0.8322897753515656,12.596164242670609,116.44082331600183,0.8258214419574598,0.0,6.597463778881398,695.1856512938409,4.93039469002724,0.0,12.596164242670609,1164.4082331600182,6951.85651293841,8116.264746098428,617.1784746098427,0.14346602403769065,0.8565339759623094,0.73,30.0,30.0,21.9,10200.0,223380.0,1595.0797714520797,9523.09111361426,11118.17088506634
Sonora,Fronteras,27,Agua Prieta,141,Frijol,2017,2018,30.830219,-109.61778,1223.0,1019.4884837075001,7.230414778067376,3.3474198109293534,11.377113827691995,25.34439716312057,12.91,32.73,32.955460992907796,18.91,42.86,17.73333333333333,5.77,25.11,39.767872340425534,5.66,83.78,25.732198581560283,13.14,33.22,2.3719858156028373,0.87,5.35,191.21,1.356099290780142,0.0,10.7,152.96799999999996,1.0848794326241131,0.0,8.56,15.853919348450303,9.38838767736312,19.0516515159824,0.18755484054576116,43,16,43,0,803.1325769122706,5.695975722782061,1.2772700498466447,13.083680901845792,115.14837190475369,0.8166551198918701,0.0,5.488,687.984205007517,4.879320602890191,0.0,13.083680901845792,1151.4837190475369,6879.842050075169,8031.325769122706,650.1645769122706,0.143374052074259,0.8566259479257411,0.82,35.0,35.0,28.7,14699.19,421866.75,1404.2484378628499,8390.051280579475,9794.299718442326
Sonora,Fronteras,27,Agua Prieta,141,Frijol,2018,2019,30.830219,-109.61778,1223.0,1034.9343822119977,7.339960157531898,3.17735769598137,11.069588149289423,25.896950354609928,15.344999999999999,31.935000000000002,33.34326241134752,21.68,40.7,18.45063829787234,6.95,23.69,39.88787234042553,7.65,75.8,25.761985815602834,9.2,33.11,2.3453900709219857,0.68,6.49,230.40000000000003,1.6340425531914895,0.0,19.86,184.32,1.3072340425531914,0.0,15.888,15.870770794245184,7.379635180326609,19.490069662692424,0.22262280967761347,50,18,59,0,821.9877243392486,5.829700172618785,1.1120751935934794,12.67700341127712,123.27964945657419,0.8743237550111644,0.0,6.0846358206208375,698.7080748826745,4.955376417607621,0.0,12.67700341127712,1232.7964945657418,6987.080748826746,8219.877243392488,637.6677243392487,0.1499774823957037,0.8500225176042964,0.95,28.0,28.0,26.6,15388.53,409334.9,1297.6805205955177,7354.821840870259,8652.502361465777
Sonora,Fronteras,27,Agua Prieta,141,Frijol,2019,2020,30.830219,-109.61778,1223.0,1004.7606615898528,7.125962138935126,3.0863810640492697,11.644025943512455,24.935141843971635,14.58,32.025,32.24382978723404,21.34,39.95,17.626453900709215,4.93,24.55,41.523120567375884,11.53,83.08,25.837446808510638,11.7,32.91,2.4496453900709216,0.53,6.33,226.81,1.608581560283688,0.0,17.87,181.448,1.2868652482269505,0.0,14.296000000000001,16.078394689892935,8.354797724252318,19.23533221259258,0.22573535038793618,47,16,40,1,823.7949915837523,5.842517670806754,1.0802333724172444,13.390629835039322,106.05171131498015,0.752139796560143,0.0,7.634281548526072,717.7432802687722,5.090377874246611,0.0,13.390629835039322,1060.5171131498016,7177.432802687722,8237.949915837524,642.3469915837524,0.12873556212219123,0.8712644378778088,1.05,35.0,35.0,36.75,15727.89,577999.96,1010.0162982379063,6835.650288274021,7845.666586511927
Sonora,Fronteras,27,Agua Prieta,141,Frijol,2020,2021,30.830219,-109.61778,1223.0,1067.4857652007192,7.570821029792335,3.409869465722175,11.098013497776165,26.41127659574468,19.525,32.269999999999996,34.423191489361706,23.45,41.11,18.399361702127656,10.05,23.96,37.78872340425532,12.77,82.94,26.321134751773048,12.63,33.7,2.398014184397163,0.92,5.03,161.59,1.1460283687943262,0.0,14.24,129.27200000000002,0.9168226950354611,0.0,11.392000000000001,16.294127278992118,9.043228640981326,19.056436353914076,0.15137438387257207,37,9,70,0,836.9186266863367,5.935593097066217,1.1934543130027613,12.762715522442589,96.92957989359455,0.6874438290325855,0.0,9.589204843330723,739.9890467927422,5.248149268033632,0.0,12.762715522442589,969.2957989359455,7399.890467927422,8369.186266863368,707.6466266863366,0.11581720946679583,0.8841827905332043,1.2,35.0,35.0,42.0,18000.0,756000.0,807.746499113288,6166.575389939519,6974.321889052807
Sonora,Fronteras,27,Agua Prieta,141,Frijol,2021,2022,30.830219,-109.61778,1223.0,1002.6030532257093,7.110659951955386,2.664413785244203,12.136836510448328,25.503617021276597,17.87,31.765,32.77148936170212,22.04,41.75,18.235744680851063,7.65,23.81,43.403900709219855,8.88,86.14,25.549787234042558,11.04,32.77,2.300921985815603,0.85,6.08,286.51,2.031985815602837,0.0,17.11,171.90600000000003,1.2191914893617024,0.0,10.266,15.889127416169769,8.383548410374821,18.79464190274961,0.2857661355390865,56,21,33,0,798.5805152964118,5.663691597846892,1.1078068149879783,13.957361987015576,122.16576619489835,0.8664238737226834,0.0,8.459999999999999,676.4147491015135,4.797267724124209,0.0,13.957361987015576,1221.6576619489836,6764.1474910151355,7985.805152964119,626.6745152964118,0.15297864630412836,0.8470213536958717,1.34,35.0,35.0,46.9,19000.0,891100.0,911.6848223499877,5047.871261951594,5959.556084301581
Sonora,Fronteras,27,Agua Prieta,141,Frijol,2022,2023,30.830219,-109.61778,1223.0,974.0434496919702,6.908109572283476,2.455631967102666,11.796119394605606,25.267482269503546,19.11,30.93,32.49666666666666,23.94,40.24,18.038297872340426,9.44,23.25,45.05085106382979,3.03,84.66,24.87333333333333,7.37,33.08,2.29709219858156,0.62,5.45,309.72,2.196595744680851,0.0,18.62,185.832,1.3179574468085107,0.0,11.172,15.547996194492578,6.09644473606478,19.038590483175994,0.3179734950201096,64,21,36,0,771.9214486331637,5.4746202030720825,0.859471188485933,13.565537303796447,132.65951813647192,0.9408476463579568,0.0,7.546291236226035,639.2619304966918,4.533772556714126,0.0,13.565537303796447,1326.595181364719,6392.619304966918,7719.214486331637,586.0894486331637,0.1718562405169221,0.828143759483078,1.16,16.0,16.0,18.56,18135.14,336588.2,1143.6165356592408,5510.878711178379,6654.49524683762
Sonora,Fronteras,27,Agua Prieta,141,Frijol,2023,2024,30.830219,-109.61778,1223.0,1120.2219374097242,7.944836435529959,3.4595159645441806,11.573312006242498,26.983014184397163,17.66,33.39,35.04914893617021,24.22,41.86,18.916879432624118,7.47,25.25,31.9122695035461,8.86,65.92,26.33028368794326,8.74,32.75,2.4895744680851064,0.86,5.14,130.23,0.9236170212765956,0.0,16.3,104.184,0.7388936170212765,0.0,13.040000000000001,16.031492471232067,6.828694108273724,18.961156524781266,0.11625374905719955,35,7,70,0,904.6754253591407,6.416137768504544,1.2108305875904632,13.309308807178871,72.5749253316,0.514715782493617,0.0,8.241151241100557,832.1005000275409,5.901421986010928,0.0,13.309308807178871,725.749253316,8321.005000275409,9046.754253591409,800.4914253591407,0.08022205898075434,0.9197779410192458,1.1,8.0,8.0,8.8,20000.0,176000.0,659.7720484690909,7564.550000250371,8224.322048719463
Sonora,Fronteras,27,Agua Prieta,141,Papa,2010,2011,30.830219,-109.61778,1223.0,535.5420688382927,4.119554375679175,0.8771905015450628,9.76502576088595,10.9075,2.3450000000000006,21.835,18.936846153846155,7.59,32.16,2.878153846153846,-4.77,13.19,49.13576923076923,19.83,90.01,20.400923076923075,3.57,32.44,2.8872307692307695,1.18,8.1,140.91,1.083923076923077,0.0,32.54,112.72800000000001,0.8671384615384616,0.0,26.032,11.51683090909153,3.543784911683209,18.7835078426539,0.2631165844835765,22,7,0,98,497.67251354399673,3.8282501041845904,0.6517779617375421,8.139163842525134,36.32222354925847,0.2794017196096805,0.0,2.7600000000000002,461.3502899947382,3.5488483845749093,0.0,8.139163842525134,363.2222354925847,4613.502899947382,4976.725135439966,384.9445135439967,0.07298418650972453,0.9270158134902754,25.0,50.0,50.0,1250.0,7500.0,9375000.0,14.528889419703386,184.54011599789527,199.06900541759865
Sonora,Fronteras,27,Agua Prieta,141,Papa,2011,2012,30.830219,-109.61778,1223.0,717.1609777818458,5.516622906014198,1.695741965766354,10.607004672385974,13.405615384615386,-8.945,25.21,22.531615384615385,-5.52,33.13,4.279615384615385,-12.37,17.34,29.195384615384615,6.31,58.72,22.238692307692304,8.33,32.54,3.0655384615384613,1.05,7.95,3.2800000000000002,0.025230769230769234,0.0,1.18,2.6239999999999997,0.02018461538461538,0.0,0.944,11.689146248388463,4.7897952202231755,18.419204839309103,0.004573589614628682,2,0,0,65,675.6838575257431,5.197568134813408,0.8991811262152831,9.870709159862045,2.6239999999999997,0.02018461538461538,0.0,0.944,673.059857525743,5.177383519428792,0.8991811262152831,9.870709159862045,26.239999999999995,6730.598575257431,6756.83857525743,673.059857525743,0.0038834729744894447,0.9961165270255106,25.0,43.0,43.0,1075.0,8000.0,8600000.0,1.0495999999999999,269.2239430102972,270.2735430102972
Sonora,Fronteras,27,Agua Prieta,141,Nuez,2010,2011,30.830219,-109.61778,1223.0,1394.7555397342933,6.610215828124613,2.122097189790584,11.219366773174075,22.863720379146923,8.325,31.12,30.543412322274882,13.77,40.44,15.184028436018957,1.19,23.44,42.51255924170615,8.96,86.65,25.18137440758294,8.46,32.87,2.4560189573459716,0.8,7.51,291.41,1.381090047393365,0.0,15.13,174.846,0.828654028436019,0.0,9.078,15.299275570606502,6.466248638312326,19.407241352236213,0.20893267077864758,55,18,44,12,1354.2894602749757,6.418433461018842,1.3793631733638796,12.341303450491484,146.93400562034864,0.6963696948831689,0.0,6.486,1207.355454654627,5.7220637661356735,0.0,12.341303450491484,1469.3400562034865,12073.554546546271,13542.894602749757,1179.4434602749757,0.10849527366957067,0.8915047263304293,0.0,37.0,0.0,0.0,0.0,0.0,,,
Sonora,Fronteras,27,Agua Prieta,141,Nuez,2011,2012,30.830219,-109.61778,1223.0,1510.8700237623952,7.1605214396322046,3.5350830876856203,12.5512950192812,23.75298578199052,9.26,32.53,31.965876777251186,16.84,42.52,15.540094786729858,0.64,23.23,34.18464454976303,6.31,79.33,25.37739336492891,12.66,33.08,2.55521327014218,0.68,7.04,211.19,1.0009004739336493,0.0,14.11,168.952,0.8007203791469194,0.0,11.288,15.027586469900196,8.13983416828506,18.89585338141822,0.13978038923168978,55,15,58,6,1454.266911643023,6.892260244753663,2.134142485776403,13.80642452120932,154.44053825183602,0.7319456789186541,0.0,7.328,1299.8263733911867,6.160314565835008,0.0,13.80642452120932,1544.40538251836,12998.263733911866,14542.669116430226,1285.314911643023,0.10619820681840993,0.8938017931815899,1.02,74.0,37.0,37.74,39950.0,1507713.0,1514.1229240376078,12743.395817560653,14257.518741598262
Sonora,Fronteras,27,Agua Prieta,141,Nuez,2012,2013,30.830219,-109.61778,1223.0,1456.7145509416225,6.9038604310029505,3.122629201394046,12.242752208080393,23.56886255924171,10.46,30.865,31.580568720379148,17.69,39.93,15.557156398104263,0.71,22.6,36.87909952606635,5.91,76.15,25.123270142180097,11.5,33.05,2.3941232227488154,0.58,6.31,229.94,1.0897630331753554,0.0,18.14,183.952,0.8718104265402844,0.0,14.512,14.96786717768871,7.52168899027129,18.923751758413356,0.15784835804061023,50,15,48,5,1404.2567298663316,6.655245165243278,2.1390011065235073,13.467027428888434,159.30630933743947,0.7550062053907084,0.0,6.309551478985779,1244.9504205288922,5.90023895985257,0.0,13.467027428888434,1593.0630933743946,12449.504205288922,14042.567298663316,1220.3047298663316,0.11344528813659559,0.8865547118634044,2.0,60.0,20.0,40.0,35000.0,1400000.0,796.5315466871973,6224.752102644461,7021.283649331658
Sonora,Fronteras,27,Agua Prieta,141,Nuez,2013,2014,30.830219,-109.61778,1223.0,1439.2935997087666,6.821296681084202,2.512015860445108,11.268467279573914,22.99696682464455,10.515,31.045,30.842511848341235,15.5,41.22,15.151421800947867,1.94,22.64,39.19184834123222,7.7,81.23,25.20222748815166,10.11,32.77,2.5143127962085305,1.04,7.47,300.61,1.424691943127962,0.0,25.98,180.36599999999999,0.8548151658767772,0.0,15.588,15.050859932070455,6.887279372626921,18.99041710292386,0.2088594016264832,52,20,37,4,1383.726208366007,6.557944115478707,1.6328103092893202,12.395314007531306,143.38411395332628,0.6795455637598402,0.0,7.017693430219924,1240.3420944126808,5.878398551718867,0.0,12.395314007531306,1433.8411395332628,12403.420944126809,13837.26208366007,1203.360208366007,0.10362173751311934,0.8963782624868807,1.95,35.0,35.0,68.25,55600.0,3794700.0,735.3031484785963,6360.728689295799,7096.031837774395
Sonora,Fronteras,27,Agua Prieta,141,Nuez,2014,2015,30.830219,-109.61778,1223.0,1381.9755186535867,6.549647007836904,1.6169960607275597,11.161288881612967,22.970236966824647,10.655000000000001,30.779999999999998,30.38260663507109,19.28,41.48,15.557867298578199,2.03,21.51,43.3139336492891,7.6,88.68,24.381421800947866,5.07,32.25,2.387345971563981,0.86,6.75,383.71999999999997,1.8185781990521326,0.0,40.19,230.23199999999997,1.0911469194312795,0.0,24.113999999999997,14.782489697727637,4.595718920342576,18.756460759714496,0.27766049023346356,61,26,39,4,1342.8124989332885,6.364040279304684,1.051047439472914,12.277417769774264,172.03237065700182,0.8153192922132788,0.0,6.546,1170.7801282762866,5.548720987091406,0.0,12.277417769774264,1720.3237065700182,11707.801282762866,13428.124989332884,1112.5804989332885,0.12811347138462142,0.8718865286153786,2.0,38.0,38.0,76.0,45000.0,3420000.0,860.1618532850091,5853.900641381433,6714.062494666442
Sonora,Fronteras,27,Agua Prieta,141,Nuez,2015,2016,30.830219,-109.61778,1223.0,1288.1079846130533,6.104777178260916,2.1397560241399263,10.590429102763004,22.75767772511848,11.44,32.065,29.87236966824645,16.41,40.68,15.642985781990522,3.18,24.03,47.99445497630332,14.35,85.03,23.93971563981043,6.65,33.21,2.346682464454976,0.68,6.15,323.88,1.5349763033175354,0.0,24.0,194.328,0.9209857819905214,0.0,14.399999999999999,14.894303968123698,5.646552149416549,19.756670314306444,0.25143854697655127,75,19,28,4,1242.2259273465775,5.887326669888993,1.3459671353439053,11.649472013039306,165.43997340117613,0.7840757033231096,0.0,6.323999999999999,1076.7859539454012,5.1032509665658825,0.0,11.649472013039306,1654.3997340117612,10767.859539454012,12422.259273465774,1047.8979273465775,0.13318026114183565,0.8668197388581642,2.5,95.0,56.0,140.0,50000.0,7000000.0,661.7598936047045,4307.143815781605,4968.903709386309
Sonora,Fronteras,27,Agua Prieta,141,Nuez,2016,2017,30.830219,-109.61778,1223.0,1415.728282960369,6.709612715451986,2.377970786718759,10.953186297974444,23.356374407582937,11.334999999999999,31.225,30.985497630331757,19.24,41.74,15.727251184834122,2.86,23.96,40.01232227488151,10.61,83.29,25.097109004739334,6.89,32.88,2.4229857819905214,0.73,5.9,257.84000000000003,1.2219905213270144,0.0,19.45,154.704,0.7331943127962086,0.0,11.67,15.161410062744292,5.698383336611509,19.093245767420214,0.18212534361526056,45,18,33,4,1366.1698724124224,6.474738731812428,2.09878952101847,12.048504927771889,126.14275809747829,0.5978329767653,0.0,5.869187155893761,1240.027114314944,5.876905755047128,0.0,12.048504927771889,1261.4275809747828,12400.271143149439,13661.698724124222,1211.4658724124224,0.09233314293099712,0.9076668570690027,2.3,95.0,95.0,218.5,84350.0,18430475.0,548.4467743368622,5391.4222361519305,5939.869010488793
Sonora,Fronteras,27,Agua Prieta,141,Nuez,2017,2018,30.830219,-109.61778,1223.0,1471.7702316345421,6.975214367936219,3.3474198109293534,11.377113827691995,23.826943127962085,11.29,32.73,31.79985781990521,18.91,42.86,15.854028436018956,2.89,25.11,37.44815165876776,5.66,83.78,25.100616113744078,13.14,33.22,2.49478672985782,0.87,6.7,199.3,0.9445497630331754,0.0,10.7,159.44,0.7556398104265403,0.0,8.56,15.007960042562397,9.034261831450273,19.0516515159824,0.13541515904874515,46,16,43,3,1403.120423637383,6.649859827665322,2.324039080651599,12.514825210461195,142.71856563289182,0.6763913063170228,0.0,5.848,1260.401858004491,5.973468521348298,0.0,12.514825210461195,1427.1856563289182,12604.01858004491,14031.20423637383,1243.680423637383,0.10171512240048146,0.8982848775995184,2.1,95.0,95.0,199.5,83200.0,16598400.0,679.6122172994848,6001.913609545195,6681.52582684468
Sonora,Fronteras,27,Agua Prieta,141,Nuez,2018,2019,30.830219,-109.61778,1223.0,1429.2457339986227,6.773676464448449,1.5055801964004092,11.069588149289423,23.839336492890997,11.459999999999999,31.935000000000002,31.366682464454975,18.22,40.7,16.311990521327015,1.44,23.69,41.22886255924171,7.65,85.26,24.498341232227485,4.79,33.11,2.474123222748815,0.68,6.49,320.91,1.5209004739336494,0.0,19.86,192.546,0.9125402843601895,0.0,11.915999999999999,14.816559624065558,4.347763792565674,19.490069662692424,0.22453101826106922,64,24,59,4,1377.8532975195062,6.53011041478439,0.978627127660266,12.176546964218366,148.39118714824372,0.7032757684750887,0.0,5.765007681149826,1229.4621103712625,5.826834646309301,0.0,12.176546964218366,1483.9118714824372,12294.621103712625,13778.532975195063,1185.3072975195062,0.10769737780893393,0.892302622191066,2.2,95.0,95.0,209.0,82000.0,17138000.0,674.5053961283804,5588.464138051193,6262.969534179573
Sonora,Fronteras,27,Agua Prieta,141,Nuez,2019,2020,30.830219,-109.61778,1223.0,1380.3588080792458,6.5419848724134875,2.1605962281794557,11.644025943512455,22.976113744075835,10.75,32.025,30.455071090047394,15.86,39.95,15.497156398104266,1.85,24.55,42.72758293838863,11.53,83.08,24.612985781990517,8.15,32.91,2.4776777251184834,0.53,6.33,279.06,1.3225592417061611,0.0,18.66,167.43599999999998,0.7935355450236966,0.0,11.196,15.031144088192688,6.172977807331787,19.23533221259258,0.20216482726567953,55,20,40,5,1339.5825257234806,6.348732349400382,1.4043875483166464,12.808428537863701,134.3784809171217,0.636864838469771,0.0,7.302356263807549,1205.204044806359,5.711867510930611,0.0,12.808428537863701,1343.784809171217,12052.04044806359,13395.825257234806,1172.1465257234806,0.10031370097526965,0.8996862990247304,2.25,159.0,109.0,245.25,85000.0,20846250.0,597.2376929649853,5356.462421361595,5953.700114326581
Sonora,Fronteras,27,Agua Prieta,141,Nuez,2020,2021,30.830219,-109.61778,1223.0,1484.4792134703953,7.0354465093383665,2.8580952764577154,11.098013497776165,24.428436018957346,5.165,32.269999999999996,32.62402843601896,10.91,41.11,16.232843601895734,-1.68,23.96,36.43109004739337,12.77,82.94,25.40900473933649,12.63,33.7,2.4062559241706163,0.92,5.03,164.59,0.7800473933649289,0.0,14.24,131.67200000000003,0.6240379146919433,0.0,11.392000000000001,15.248384550412608,8.257595559474472,19.056436353914076,0.11087390009000109,38,9,72,6,1433.0256667360004,6.791590837611376,1.8577619296975152,12.207814847553783,117.57290316886287,0.5572175505633311,0.0,9.172282893620693,1315.452763567138,6.234373287048047,0.0,12.207814847553783,1175.7290316886288,13154.52763567138,14330.256667360009,1301.3536667360004,0.08204521795946504,0.9179547820405353,1.76,208.0,109.0,192.0,86828.13,16671000.96,668.0278589139937,7474.1634293587385,8142.191288272732
Sonora,Fronteras,27,Agua Prieta,141,Nuez,2021,2022,30.830219,-109.61778,1223.0,1414.2580253011197,6.702644669673553,2.405591780033918,12.136836510448328,23.44383886255924,11.975,31.765,30.95199052132701,18.36,41.75,15.93568720379147,3.38,23.81,41.71990521327014,8.88,86.14,24.575118483412325,5.07,32.77,2.461469194312796,0.85,6.36,312.96,1.4832227488151657,0.0,17.11,187.776,0.8899336492890996,0.0,10.266,14.878024478847511,4.656652545511291,18.79464190274961,0.22128918089990365,63,22,33,2,1349.862856030703,6.397454293984374,1.563634657022047,13.350520161493161,168.20106165636298,0.7971614296510093,0.0,8.459999999999999,1181.66179437434,5.6002928643333645,0.0,13.350520161493161,1682.0106165636298,11816.6179437434,13498.62856030703,1162.0868560307028,0.12460603749847697,0.875393962501523,1.54,208.0,109.0,167.86,92607.14,15545034.52,1092.214686080279,7673.128534898312,8765.343220978591
Sonora,Fronteras,27,Agua Prieta,141,Nuez,2022,2023,30.830219,-109.61778,1223.0,1374.9936379104715,6.516557525642045,2.455631967102666,11.796119394605606,23.347227488151656,10.985,30.93,30.77127962085308,16.52,40.24,15.923175355450237,2.03,23.25,44.31123222748814,3.03,84.66,24.13772511848341,6.33,33.08,2.404691943127962,0.62,6.76,368.13000000000005,1.7446919431279624,0.0,18.62,220.878,1.0468151658767773,0.0,11.172,14.69205392422285,4.965438608392217,19.038590483175994,0.2677321478806506,80,25,37,4,1321.6478356677576,6.263733818330604,1.8446174249440617,12.975731334066168,190.07879747812194,0.9008473814129002,0.0,7.218191617259687,1131.5690381896354,5.362886436917703,0.0,12.975731334066168,1900.7879747812194,11315.690381896355,13216.478356677573,1100.7698356677577,0.14381955037370855,0.8561804496262913,2.05,208.0,109.0,223.0,81372.2,18146000.6,927.2136462347413,5519.84896677871,6447.0626130134515
Sonora,Fronteras,27,Agua Prieta,141,Nuez,2023,2024,30.830219,-109.61778,1223.0,1566.6202061962558,7.424740313726331,2.1418812672730527,11.573312006242498,25.0814691943128,8.895000000000001,33.39,33.369383886255925,18.01,41.86,16.79355450236967,-2.97,25.25,31.566398104265403,8.86,75.38,25.418957345971563,8.56,32.75,2.497535545023697,0.86,5.14,151.06,0.7159241706161138,0.0,16.75,120.84800000000001,0.5727393364928911,0.0,13.4,15.081847723401664,5.961766253456733,18.961156524781266,0.09642413611322731,37,8,75,5,1504.9948105252602,7.132676827133935,1.3922228237274843,12.730643206866748,96.95371212939573,0.4594962660160935,0.0,7.882840317574447,1408.041098395864,6.67318056111784,0.0,12.730643206866748,969.5371212939573,14080.410983958642,15049.948105252599,1384.1468105252602,0.0644212933169901,0.9355787066830097,1.51,208.0,109.0,164.59,75574.47,12438802.02,642.0775637708326,9324.775486065326,9966.853049836158
