Estado,Municipio,IdMunicipio,DDR,IdDDR,Cultivo,Anio,AnioFin,Lat,Lon,Z_m,max_intensidad_sequia,indice_estres_sequia_acumulado,fraccion_quincenas_sequia_severa,ET0_total_mm,ET0_mean_mm_d,ET0_min_mm_d,ET0_max_mm_d,Tmean_ciclo_mean_C,Tmean_ciclo_min_C,Tmean_ciclo_max_C,Tmax_ciclo_mean_C,Tmax_ciclo_min_C,Tmax_ciclo_max_C,Tmin_ciclo_mean_C,Tmin_ciclo_min_C,Tmin_ciclo_max_C,RH_mean_pct,RH_min_pct,RH_max_pct,Rs_mean_MJ_m2_d,Rs_min_MJ_m2_d,Rs_max_MJ_m2_d,Ws_mean_m_s,Ws_min_m_s,Ws_max_m_s,Ptot_total_mm,Ptot_mean_mm_d,Ptot_min_mm_d,Ptot_max_mm_d,Pef_total_mm,Pef_mean_mm_d,Pef_min_mm_d,Pef_max_mm_d,Rn_mean_MJ_m2_d,Rn_min_MJ_m2_d,Rn_max_MJ_m2_d,ratio_Ptot_ET0,dias_lluvia_ge_1mm,dias_lluvia_ge_5mm,dias_estres_calor,dias_riesgo_helada,ETc_total_mm,ETc_mean_mm_d,ETc_min_mm_d,ETc_max_mm_d,ETverde_total_mm,ETverde_mean_mm_d,ETverde_min_mm_d,ETverde_max_mm_d,ETazul_total_mm,ETazul_mean_mm_d,ETazul_min_mm_d,ETazul_max_mm_d,UACverde_m3_ha,UACazul_m3_ha,UACtotal_m3_ha,deficit_hidrico_mm,frac_verde,frac_azul,Rend_t_ha,SupSembradaTotal_ha,SupCosechadaTotal_ha,VolumenTotal_t,PMR,Valorproduccion,HHverde_m3_ton,HHazul_m3_ton,HHtotal_m3_ton
Sonora,Huatabampo,33,Navojoa,149,Apio,2010,2011,26.604878,-109.232063,39.0,4,2.6666666666666665,0.6666666666666666,392.4932096065705,4.361035662295228,2.3670218755167145,7.433891113252669,19.638388888888887,16.990000000000002,23.380000000000003,24.355555555555554,19.07,30.76,14.921222222222221,10.05,18.4,60.619666666666674,38.24,77.7,19.125444444444447,6.53,26.67,2.8393333333333337,1.29,6.62,65.94,0.7326666666666667,0.0,22.39,52.752,0.5861333333333334,0.0,17.912000000000003,11.13927873049214,5.399577430563955,16.21105081926171,0.1680029065116752,8,4,0,0,381.89812222192194,4.243312469132466,1.7854815772482215,7.8055856689153025,18.751496082536306,0.20834995647262564,0.0,3.0013177636397246,363.1466261393857,4.034962512659841,0.0,7.8055856689153025,187.51496082536306,3631.466261393857,3818.9812222192204,329.1461222219219,0.04910078104976846,0.9508992189502318,48.0,51.0,51.0,2448.0,5200.0,12729600.0,3.9065616838617303,75.65554711237202,79.56210879623374
Sonora,Huatabampo,33,Navojoa,149,Apio,2011,2012,26.604878,-109.232063,39.0,3,2.0,0.16666666666666666,825.9650940255051,4.538269747392885,2.3491647066196273,6.993599553634314,21.086758241758243,7.545,30.42,26.01895604395605,9.93,34.45,16.15456043956044,4.48,26.94,56.63697802197802,37.34,80.61,18.623131868131868,7.15,26.56,2.6564835164835165,1.18,5.05,10.0,0.054945054945054944,0.0,7.04,8.0,0.04395604395604396,0.0,5.632000000000001,10.610579352908339,4.925632864955008,16.34334357439994,0.01210704916265046,1,1,0,1,814.3644884227738,4.474530156169087,2.4666229419506087,7.19127947356116,5.6822436533093255,0.031221118974227063,0.0,3.3142436533093256,808.6822447694644,4.44330903719486,0.0,7.19127947356116,56.82243653309325,8086.822447694644,8143.644884227738,806.3644884227738,0.006977518953846393,0.9930224810461535,47.95,55.0,55.0,2637.25,5200.0,13713700.0,1.1850351727443849,168.65114593732312,169.8361811100675
Sonora,Huatabampo,33,Navojoa,149,Apio,2012,2013,26.604878,-109.232063,39.0,3,2.6666666666666665,0.6666666666666666,820.7295661886499,4.484861017424317,1.5929119942138759,7.850403009167663,21.11120218579235,14.125,31.775,25.980546448087434,18.58,36.42,16.241857923497268,6.87,27.13,57.291693989071035,33.92,85.4,17.99846994535519,3.97,26.66,2.6918032786885244,1.36,5.56,61.02,0.33344262295081967,0.0,18.59,48.816,0.2667540983606558,0.0,14.872,10.362587468661019,3.9920029830719126,16.295640325296077,0.07434848519393314,6,3,9,0,802.8996473616594,4.387429767003603,1.6725575939245698,8.242923159626047,19.432016159400195,0.10618588065246008,0.0,3.4329477508596495,783.4676312022592,4.2812438863511435,0.0,8.242923159626047,194.32016159400195,7834.676312022592,8028.996473616594,754.0836473616594,0.024202297538993944,0.9757977024610061,48.35,59.0,59.0,2852.65,5000.0,14263250.0,4.019031263578117,162.04087511939179,166.0599063829699
Sonora,Huatabampo,33,Navojoa,149,Apio,2013,2014,26.604878,-109.232063,39.0,1,1.0,0.0,829.0586738124897,4.555267438530163,1.6814485993303936,7.699294998964197,21.922967032967033,12.51,30.81,26.575879120879122,17.84,35.54,17.270054945054945,7.02,26.65,57.16417582417583,31.25,83.7,17.437362637362636,3.94,26.43,2.8409340659340656,1.46,5.43,64.57000000000001,0.35478021978021984,0.0,20.67,51.656000000000006,0.28382417582417585,0.0,16.536,10.14580754272869,3.699510566032945,15.944924344226491,0.0778835105880624,8,4,2,0,817.208658173939,4.490157462494171,1.7200787341991486,7.9132862193735845,19.880354122749207,0.10923271496016047,0.0,3.1114726032131914,797.3283040511899,4.38092474753401,0.0,7.9132862193735845,198.80354122749208,7973.283040511898,8172.086581739391,765.5526581739391,0.02432714573432452,0.9756728542656755,48.95,57.0,57.0,2790.15,6506.63,18154473.69,4.061359371348153,162.8862725334402,166.94763190478835
Sonora,Huatabampo,33,Navojoa,149,Apio,2014,2015,26.604878,-109.232063,39.0,1,1.0,0.0,804.5008316566434,4.420334239871667,1.6074455852362457,8.542447689067817,22.610384615384618,15.895,29.115000000000002,27.143406593406596,19.55,33.66,18.07736263736264,11.15,25.16,59.316978021978024,31.2,82.84,17.099175824175827,3.06,26.94,2.5974725274725277,0.88,4.68,102.54,0.5634065934065935,0.0,45.18,82.032,0.4507252747252747,0.0,36.144,10.046213598593837,3.255089399310885,16.45273806786094,0.12745791671693824,10,4,0,0,792.406202609988,4.353880234120813,1.6878178644980582,8.542447689067817,25.97623339746415,0.1427265571289239,0.0,3.790797695617675,766.4299692125237,4.211153676991889,0.0,8.542447689067817,259.7623339746415,7664.299692125237,7924.0620260998785,710.374202609988,0.032781461467496,0.9672185385325038,85.0,60.0,60.0,5100.0,5125.0,26137500.0,3.056027458525194,90.16823167206161,93.2242591305868
Sonora,Huatabampo,33,Navojoa,149,Apio,2015,2016,26.604878,-109.232063,39.0,0,0.0,0.0,777.6550995272082,4.272830217182463,1.623981356664172,6.4895935301898495,22.999450549450547,14.445,30.47,27.297747252747257,17.62,34.56,18.701153846153844,10.31,27.15,62.510219780219785,39.57,82.63,17.06620879120879,3.2,26.12,2.470879120879121,0.96,4.85,89.79,0.4933516483516484,0.0,15.17,71.83200000000001,0.3946813186813187,0.0,12.136000000000001,10.194746347909833,3.4318853389809103,16.311145609945278,0.1154624975192598,14,5,0,0,765.3963019605012,4.2054741865961605,1.7051804244973807,6.568283238359845,40.746847232350866,0.22388377600192783,0.0,3.4500963211828903,724.6494547281503,3.9815904105942326,0.0,6.568283238359845,407.46847232350865,7246.494547281503,7653.963019605012,693.5643019605012,0.053236273977259996,0.94676372602274,85.9,85.0,85.0,7301.5,5320.0,38843980.0,4.743521214476235,84.35965712784055,89.10317834231678
Sonora,Huatabampo,33,Navojoa,149,Apio,2016,2017,26.604878,-109.232063,39.0,1,1.0,0.0,833.9136293639776,4.556905078491681,1.480142355036308,6.774327233224875,22.63568306010929,13.485,30.755000000000003,27.246994535519125,18.0,34.32,18.024371584699455,8.97,27.33,58.1212568306011,35.61,84.89,17.552295081967213,4.18,26.36,2.6670491803278686,1.35,5.61,67.30999999999999,0.3678142076502732,0.0,11.67,53.848000000000006,0.2942513661202186,0.0,9.336,10.261730543479963,3.7041952231321655,16.25414952751692,0.0807157931347603,15,4,0,0,827.7332431814948,4.523132476401611,1.5541494727881235,6.990883332858987,37.49470678602958,0.20488910812038022,0.0,3.518726845914678,790.2385363954652,4.31824336828123,0.0,6.990883332858987,374.9470678602958,7902.385363954652,8277.332431814948,773.8852431814948,0.04529805597986382,0.9547019440201362,83.67,87.0,87.0,7279.2,5761.93,41942234.88,4.481260521815416,94.44705825211727,98.92831877393269
Sonora,Huatabampo,33,Navojoa,149,Apio,2017,2018,26.604878,-109.232063,39.0,1,1.0,0.0,808.4581734171218,4.442077875918251,1.7556945314113401,8.020571227697722,22.81142857142857,16.075,30.54,27.450494505494504,19.4,36.12,18.17236263736264,11.52,26.76,61.238516483516484,35.63,79.2,17.791098901098902,4.13,27.27,2.572857142857143,1.17,5.71,49.71,0.2731318681318681,0.0,24.29,39.768,0.2185054945054945,0.0,19.432000000000002,10.511001529430981,3.6974973300749827,16.641845720772224,0.06148741101829675,9,1,5,0,795.6284735156008,4.3715850193164885,1.8434792579819073,8.020571227697722,22.00605386641999,0.12091238388142851,0.0,2.9920000000000004,773.6224196491809,4.25067263543506,0.0,8.020571227697722,220.0605386641999,7736.2241964918085,7956.2847351560085,755.8604735156008,0.027658705789126704,0.9723412942108733,78.28,91.5,91.5,7162.62,6530.0,46771908.6,2.811197479103218,98.8275957650972,101.63879324420041
Sonora,Huatabampo,33,Navojoa,149,Apio,2018,2019,26.604878,-109.232063,39.0,3,1.5833333333333333,0.25,813.305454316551,4.468711287453577,1.9973422866347426,6.930809879374077,23.0989010989011,16.575,32.16,27.770054945054945,19.32,36.26,18.427747252747253,11.79,28.06,59.704780219780226,34.26,79.56,17.40467032967033,4.67,27.18,2.5387362637362636,1.03,4.91,87.86000000000001,0.48274725274725283,0.0,34.19,70.28800000000001,0.38619780219780225,0.0,27.352,10.294585295123772,4.164857715465415,16.489431491776756,0.10802829310155289,11,5,6,0,799.9381781156915,4.395264714921382,2.09720940096648,7.127959378901485,29.671677947180555,0.16303119751198109,0.0,3.7165408505752136,770.2665001685109,4.232233517409401,0.0,7.127959378901485,296.7167794718056,7702.665001685109,7999.381781156914,729.6501781156915,0.0370924638414861,0.9629075361585139,79.5,82.5,82.5,6558.75,3926.64,25753850.1,3.732286534236548,96.88886794572464,100.62115447996119
Sonora,Huatabampo,33,Navojoa,149,Apio,2019,2020,26.604878,-109.232063,39.0,0,0.0,0.0,747.4982725908299,4.107133365883681,1.6305846876662526,6.8849871300144,21.57090659340659,14.11,29.310000000000002,25.881758241758238,17.79,33.1,17.260054945054943,9.58,27.08,62.49950549450549,40.1,83.95,16.994890109890108,2.74,27.03,2.5571978021978023,1.17,6.74,95.58,0.5251648351648351,0.0,25.66,76.464,0.42013186813186815,0.0,20.528000000000002,10.065483750612621,3.171840712104043,16.436398966532217,0.12786651622447182,13,5,0,0,737.5999207906523,4.052746817531056,1.7121139220495654,6.8849871300144,30.88558385549188,0.16970101019501033,0.0,3.215769866324903,706.7143369351603,3.8830458073360457,0.0,6.8849871300144,308.8558385549188,7067.143369351603,7375.999207906521,661.1359207906523,0.041873084561051516,0.9581269154389483,60.35,89.0,89.0,5371.15,4280.55,22991476.13,5.117743803726906,117.10262418146814,122.22036798519505
Sonora,Huatabampo,33,Navojoa,149,Apio,2022,2023,26.604878,-109.232063,39.0,2,1.0909090909090908,0.0,837.7932300475936,4.603259505756009,1.7258157956334577,7.3716725608789995,22.505137362637363,15.55,31.205,27.292582417582416,19.21,36.97,17.717692307692307,10.74,26.9,58.379505494505494,39.71,84.99,18.29686813186813,4.27,27.29,2.6640109890109893,1.25,5.24,42.31,0.23247252747252747,0.0,24.18,33.848,0.18597802197802196,0.0,19.344,10.628169581720147,3.8172930380441086,16.590435955088374,0.050501721048278755,5,2,4,0,825.6936794261769,4.536778458385587,1.8121065854151306,7.463126727646773,13.531527975894221,0.0743490548126056,0.0,3.077659842963836,812.1621514502826,4.4624294035729815,0.0,7.463126727646773,135.3152797589422,8121.621514502826,8256.936794261768,791.845679426177,0.0163880726146506,0.9836119273853493,60.0,85.0,85.0,5100.0,7500.0,38250000.0,2.255254662649037,135.36035857504712,137.61561323769615
Sonora,Huatabampo,33,Navojoa,149,Apio,2023,2024,26.604878,-109.232063,39.0,2,1.6666666666666667,0.0,782.1443471753024,4.297496413051112,2.3082767945147853,7.481526692315122,21.041675824175826,15.495000000000001,29.02,25.693681318681318,19.01,33.33,16.38967032967033,9.86,25.8,60.81296703296703,38.09,79.38,17.893406593406596,4.49,27.11,2.6834065934065934,1.27,5.53,15.24,0.08373626373626374,0.0,2.87,12.192,0.06698901098901099,0.0,2.2960000000000003,10.406149060810387,3.879646045931595,16.1943230038443,0.019484894386872363,6,0,0,0,770.5968272366824,4.234048501300453,2.4236906342405247,7.481526692315122,12.192,0.06698901098901099,0.0,2.2960000000000003,758.4048272366825,4.167059490311442,1.4106594157863395,7.481526692315122,121.92,7584.048272366826,7705.968272366826,758.4048272366824,0.01582150298194172,0.9841784970180584,65.19,179.0,179.0,11669.0,6938.66,80967167.5,1.8702254947077774,116.33760196911835,118.20782746382613
Sonora,Huatabampo,33,Navojoa,149,Calabacita,2011,2012,26.604878,-109.232063,39.0,4,3.3333333333333335,1.0,703.1887445691111,7.324882755928241,4.593291404603529,9.373217680335717,26.639583333333338,19.32,32.675,31.756979166666667,22.75,37.44,21.5221875,15.37,28.21,53.46510416666666,37.8,80.73,27.7534375,16.9,30.89,2.8955208333333338,1.21,5.14,55.63,0.5794791666666667,0.0,16.6,44.504000000000005,0.4635833333333334,0.0,13.280000000000001,17.89672162506925,12.167276987510023,19.94342393440616,0.07911105009806162,4,4,17,0,580.6779155077386,6.048728286538943,2.609770250208912,8.90455679631893,19.602076373935503,0.20418829556182816,0.0,6.102530283919794,561.075839133803,5.844539990977115,0.0,8.90455679631893,196.02076373935503,5610.75839133803,5806.779155077385,536.1739155077386,0.0337572272863101,0.9662427727136897,13.85,226.0,15.0,207.75,4300.0,893325.0,14.153123735693505,405.10890912187944,419.26203285757293
Sonora,Huatabampo,33,Navojoa,149,Calabacita,2012,2013,26.604878,-109.232063,39.0,3,2.0,0.3333333333333333,719.7593150097487,7.497492864684882,5.644263963786867,9.206527896244802,27.084947916666664,19.52,31.345,32.07802083333333,24.22,37.12,22.091874999999998,14.69,28.18,51.735625000000006,31.0,67.81,27.681458333333335,20.52,30.86,2.9832291666666664,1.64,5.15,30.130000000000003,0.3138541666666667,0.0,6.29,24.104000000000003,0.2510833333333334,0.0,5.032,17.817908264435015,13.58563037259162,19.959178193950127,0.04186121578654652,8,2,7,0,592.4924846620956,6.171796715230163,2.8221319818934334,8.746201501432562,24.104000000000003,0.2510833333333334,0.0,5.032,568.3884846620957,5.920713381896831,0.6543425570694232,8.746201501432562,241.04000000000002,5683.884846620957,5924.924846620957,568.3884846620956,0.040682372559960406,0.9593176274400397,14.22,165.0,165.0,2346.3,7890.0,18512307.0,16.950773558368496,399.7106080605455,416.661381618914
Sonora,Huatabampo,33,Navojoa,149,Calabacita,2013,2014,26.604878,-109.232063,39.0,1,1.0,0.0,715.7347669368445,7.4555704889254635,5.884476164051693,9.051267572355144,27.004895833333332,20.78,31.845,31.94322916666667,24.9,37.0,22.0665625,15.9,27.98,54.18864583333333,41.6,68.87,28.342083333333335,21.89,30.79,2.9732291666666666,1.77,4.59,14.400000000000002,0.15000000000000002,0.0,5.15,11.520000000000001,0.12000000000000001,0.0,4.12,18.30153706294873,15.239303193276328,20.232244120826522,0.020119184738821887,5,1,13,0,588.3818720309588,6.128977833655821,2.9992182700162626,8.598704193737387,11.520000000000001,0.12000000000000001,0.0,4.12,576.8618720309587,6.00897783365582,0.5122443363547253,8.523848628300549,115.20000000000002,5768.618720309587,5883.818720309587,576.8618720309588,0.01957912122655243,0.9804208787734474,14.6,259.0,259.0,3781.4,7608.59,28771122.23,7.890410958904111,395.1108712540813,403.0012822129854
Sonora,Huatabampo,33,Navojoa,149,Calabacita,2014,2015,26.604878,-109.232063,39.0,1,1.0,0.0,713.934241538538,7.436815016026437,3.904529510168162,9.720764891908612,27.98359375,20.965,32.425,32.71270833333333,25.24,36.98,23.25447916666667,15.09,29.0,53.42572916666666,31.3,81.02,27.067291666666666,9.49,30.89,2.8615625000000002,1.58,4.46,78.41,0.8167708333333333,0.0,22.71,62.72800000000001,0.6534166666666668,0.0,18.168000000000003,17.60738164271733,7.480709584456318,19.900596999627982,0.1098280421891873,14,5,27,0,588.3332836218949,6.128471704394738,1.952264755084081,8.90067681457818,42.26486388293944,0.44025899878061914,0.0,6.779895149275017,546.0684197389554,5.688212705614119,0.0,8.90067681457818,422.6486388293944,5460.684197389554,5883.332836218949,525.6052836218948,0.07183830162174178,0.9281616983782581,14.52,205.0,205.0,2977.01,4308.72,12827102.53,29.10803297723102,376.0801788835781,405.18821186080913
Sonora,Huatabampo,33,Navojoa,149,Calabacita,2015,2016,26.604878,-109.232063,39.0,0,0.0,0.0,646.8946745177113,6.738486192892826,2.937331109399222,8.751043057284296,27.1584375,21.9,31.825,31.273020833333334,23.64,36.67,23.043854166666666,17.56,28.67,55.49145833333333,39.33,76.38,24.79125,6.73,30.83,2.725520833333333,1.49,6.67,49.5,0.515625,0.0,6.34,39.60000000000001,0.4125000000000001,0.0,5.072,16.317851946386728,5.854124518198727,19.88536399809095,0.07651941181445719,18,1,16,0,535.5758358839907,5.578914957124904,1.468665554699611,8.31349090442008,38.322731928561446,0.3991951242558484,0.0,3.9800841749373888,497.2531039554294,5.179719832869057,0.0,8.31349090442008,383.22731928561444,4972.531039554295,5355.758358839909,495.9758358839907,0.07155425872660619,0.9284457412733941,22.58,256.0,256.0,5779.98,7032.8,40649443.34,16.971980482090988,220.21838084828588,237.19036133037687
Sonora,Huatabampo,33,Navojoa,149,Calabacita,2016,2017,26.604878,-109.232063,39.0,1,1.0,0.0,681.1295850964889,7.095099844755093,4.624876709254829,8.686592950701645,26.9553125,20.115000000000002,31.64,31.480625000000003,24.32,37.77,22.430000000000003,15.0,27.66,53.943125,38.12,77.97,26.845312500000002,7.14,31.1,2.736458333333333,1.61,4.86,68.75,0.7161458333333334,0.0,37.2,55.00000000000001,0.5729166666666667,0.0,29.760000000000005,17.410105141010458,5.974658183330587,19.526894263324518,0.100935272089614,11,3,9,0,558.6449016538614,5.819217725561057,2.3285480602330524,8.252263303166561,27.955240565618773,0.2912004225585289,0.0,4.950583033677649,530.6896610882427,5.528017303002528,0.0,8.252263303166561,279.5524056561877,5306.896610882427,5586.449016538615,503.64490165386144,0.050041162969280885,0.9499588370307191,17.86,327.0,327.0,5840.22,7168.37,41864875.12,15.65243032789405,297.13866802253233,312.79109835042635
Sonora,Huatabampo,33,Navojoa,149,Calabacita,2017,2018,26.604878,-109.232063,39.0,1,1.0,0.0,690.3441921594035,7.191085334993787,5.1999388171881105,8.857965258978373,26.81041666666667,19.83,31.02,31.639895833333338,23.72,35.54,21.9809375,15.21,27.42,54.285000000000004,33.84,71.11,27.57083333333333,19.73,30.89,2.8090625,1.66,5.14,38.83,0.40447916666666667,0.0,16.2,31.064,0.32358333333333333,0.0,12.96,17.823575501484356,13.868536809220169,19.757603931967815,0.05624730451999512,8,2,4,0,565.0092549951846,5.885513072866506,2.5999694085940552,8.415066996029454,22.784256075651562,0.2373360007880371,0.0,4.680256075651562,542.2249989195332,5.648177072078471,0.0,8.415066996029454,227.84256075651564,5422.249989195332,5650.092549951848,533.9452549951847,0.04032545639601204,0.9596745436039882,24.66,308.0,308.0,7595.59,7686.73,58385249.52,9.239357694911421,219.88037263565823,229.11973033056967
Sonora,Huatabampo,33,Navojoa,149,Calabacita,2018,2019,26.604878,-109.232063,39.0,3,2.8,0.8,704.1582725442578,7.334982005669352,3.2762007229682646,9.707564300862382,27.231875,22.134999999999998,31.725,32.0675,26.89,38.13,22.39625,16.15,27.88,53.5946875,37.41,80.77,27.140833333333333,7.45,30.95,2.9596875,1.5,5.64,155.24,1.6170833333333334,0.0,105.16,124.19200000000001,1.2936666666666667,0.0,84.128,17.59042780303095,6.140459695893307,19.990148214420994,0.22046179964496954,6,2,12,0,577.6144283546647,6.016816962027757,2.8006078747936485,9.222186085819262,19.41910116853195,0.20228230383887447,0.0,4.9707104817120955,558.1953271861328,5.814534658188883,0.0,9.222186085819262,194.1910116853195,5581.953271861328,5776.144283546648,453.4224283546647,0.03361948769847609,0.9663805123015239,20.83,355.44,355.44,7403.78,4895.53,36245427.1,9.32266018652518,267.9766333106735,277.2992934971987
Sonora,Huatabampo,33,Navojoa,149,Calabacita,2019,2020,26.604878,-109.232063,39.0,1,1.0,0.0,690.1601951312981,7.189168699284355,4.879349045603045,9.589065425457921,26.4121875,21.43,32.66,31.320729166666666,25.24,37.89,21.503645833333334,16.21,28.78,54.81270833333334,42.92,71.75,27.762916666666666,18.91,30.8,2.8711458333333333,1.74,5.09,15.76,0.16416666666666666,0.0,7.42,12.607999999999999,0.13133333333333333,0.0,5.936,17.945555592970177,13.127093427377824,20.03639756268496,0.02283527811539721,4,1,17,0,565.6443343347819,5.892128482653978,2.4396745228015226,8.050058989864693,10.694651957118818,0.11140262455332102,0.0,4.022651957118818,554.9496823776631,5.780725858100657,0.0,8.050058989864693,106.94651957118819,5549.496823776631,5656.443343347819,553.0363343347819,0.0189070256837207,0.9810929743162793,26.32,116.85,106.85,2812.52,5835.47,16412376.08,4.063317612887089,210.84714376051028,214.91046137339737
Sonora,Huatabampo,33,Navojoa,149,Calabacita,2020,2021,26.604878,-109.232063,39.0,1,1.0,0.0,700.0011070890544,7.291678198844316,3.2633887012042817,9.695944947813542,27.562916666666666,19.185,32.34,32.341874999999995,23.43,37.15,22.78395833333333,14.94,28.36,53.473749999999995,37.44,66.22,27.121250000000003,8.74,30.59,2.715,1.46,4.53,17.97,0.18718749999999998,0.0,2.54,14.376000000000001,0.14975000000000002,0.0,2.032,17.650336020479557,6.883013294894843,20.42693523377565,0.02567138797069624,8,0,19,0,582.1476043874484,6.064037545702587,1.6316943506021409,8.558200673683569,14.376000000000001,0.14975000000000002,0.0,2.032,567.7716043874484,5.914287545702588,0.13569435060214063,8.542200673683569,143.76000000000002,5677.716043874484,5821.476043874484,567.7716043874484,0.024694767944852786,0.9753052320551473,27.82,64.9,64.9,1805.65,5884.35,10625076.58,5.167505391804458,204.0875644814696,209.25506987327407
Sonora,Huatabampo,33,Navojoa,149,Calabacita,2021,2022,26.604878,-109.232063,39.0,4,3.5,1.0,713.8788479974683,7.436237999973628,5.283838246402393,10.360589643846575,27.618333333333336,22.61,33.015,32.42916666666667,26.5,37.5,22.8075,16.95,29.09,53.590937499999995,36.56,75.27,27.463229166666665,17.28,30.75,2.932395833333334,1.99,5.62,40.18000000000001,0.41854166666666676,0.0,12.85,32.144000000000005,0.33483333333333337,0.0,10.280000000000001,17.8032862814247,11.596238932220729,19.941691330739136,0.05628406012128056,10,1,15,0,586.977087549647,6.1143446619754895,2.794368783026916,9.842560161654246,26.547480251259472,0.27653625261728615,0.0,4.683480251259473,560.4296072983875,5.837808409358203,0.0,9.842560161654246,265.4748025125947,5604.296072983875,5869.77087549647,554.833087549647,0.04522745574632684,0.9547725442536732,23.2,100.0,100.0,2320.0,6055.85,14049572.0,11.442879418646323,241.56448590447738,253.0073653231237
Sonora,Huatabampo,33,Navojoa,149,Calabacita,2022,2023,26.604878,-109.232063,39.0,3,2.6666666666666665,0.6666666666666666,687.0190886676287,7.156448840287799,4.01915031604718,9.99665008128471,27.194218749999994,21.655,32.019999999999996,32.08989583333334,26.06,36.14,22.298541666666665,16.43,28.18,57.80541666666667,37.09,74.99,27.54625,12.97,30.61,2.86875,1.73,4.83,90.94999999999999,0.9473958333333332,0.0,26.08,72.76,0.7579166666666667,0.0,20.864,17.986699500687138,9.670920452994766,19.8541293929976,0.13238351233643883,12,4,9,0,566.7630601347969,5.9037818764041345,2.628133419637293,9.496817577220474,41.10942969341468,0.4282232259730696,0.0,6.478586510897262,525.6536304413821,5.475558650431064,0.0,9.496817577220474,411.0942969341468,5256.536304413821,5667.630601347968,494.0030601347969,0.07253371397147401,0.9274662860285259,23.0,61.0,61.0,1403.0,6209.12,8711395.36,17.87366508409334,228.5450567136444,246.41872179773776
Sonora,Huatabampo,33,Navojoa,149,Calabacita,2023,2024,26.604878,-109.232063,39.0,3,2.8,0.8,709.6729981063747,7.3924270636080704,3.976874258272543,11.343819446305696,26.931822916666665,18.915,33.975,31.93375,24.95,40.19,21.929895833333337,12.72,29.37,52.08458333333334,35.78,67.0,27.365312499999998,9.14,30.58,2.884479166666667,1.66,5.19,12.22,0.12729166666666666,0.0,1.73,9.776,0.10183333333333333,0.0,1.3840000000000001,17.64951966308452,7.241516267131485,19.57282018272896,0.01721919818367996,5,0,19,0,581.0790221659336,6.052906480895142,2.6716349583308694,10.77662847399041,9.776,0.10183333333333333,0.0,1.3840000000000001,571.3030221659335,5.951073147561807,1.7678442936853058,10.77662847399041,97.75999999999999,5713.030221659335,5810.790221659336,571.3030221659336,0.016823873564667,0.9831761264353329,22.5,69.0,69.0,1552.5,7118.78,11051905.95,4.344888888888889,253.91245429597046,258.25734318485934
Sonora,Huatabampo,33,Navojoa,149,Calabaza,2010,2011,26.604878,-109.232063,39.0,4,3.6666666666666665,1.0,652.4551730059499,6.524551730059499,2.3670218755167145,8.84545908928058,23.550949999999997,17.455,29.105,28.5689,21.24,33.51,18.533,10.41,25.25,53.4129,37.29,75.73,26.241100000000007,6.53,30.66,2.9534999999999996,1.3,4.89,9.459999999999999,0.09459999999999999,0.0,4.3,7.5680000000000005,0.07568000000000001,0.0,3.44,16.438266330242033,5.399577430563955,19.914316244020547,0.014499080383433073,2,0,0,0,571.3661343072796,5.713661343072796,1.1835109377583573,8.54716273292049,5.311510937758358,0.05311510937758358,0.0,3.3520000000000003,566.0546233695212,5.660546233695212,0.0,8.54716273292049,53.11510937758358,5660.546233695212,5713.661343072796,563.7981343072796,0.0092961598856362,0.9907038401143637,13.2,183.0,183.0,2415.6,4274.2,10324757.52,4.0238719225442106,428.8292601284252,432.8531320509694
Sonora,Huatabampo,33,Navojoa,149,Cebolla,2010,2011,26.604878,-109.232063,39.0,4,3.0,0.75,578.5594049733847,4.821328374778206,2.3670218755167145,7.541230445023802,20.41645833333333,16.990000000000002,24.795,25.134,19.07,30.76,15.698916666666666,10.05,20.42,59.47808333333333,38.24,77.7,20.853333333333335,6.53,29.18,2.8755833333333336,1.29,6.62,70.97,0.5914166666666667,0.0,22.39,56.776,0.47313333333333335,0.0,17.912000000000003,12.45516717148308,5.399577430563955,18.38794930529659,0.1226667467332327,9,4,0,0,583.6173491786002,4.863477909821668,1.7854815772482215,7.9182919672749925,23.808541938879955,0.19840451615733296,0.0,3.3520000000000003,559.8088072397203,4.665073393664335,0.0,7.9182919672749925,238.08541938879955,5598.088072397203,5836.173491786003,526.8413491786002,0.04079478098515882,0.9592052190148412,31.94,33.0,33.0,1053.89,3099.99,3267052.8,7.454145879423906,175.26888141506583,182.72302729448975
Sonora,Huatabampo,33,Navojoa,149,Cebolla,2011,2012,26.604878,-109.232063,39.0,3,2.142857142857143,0.2857142857142857,1018.948600181008,4.806361321608528,2.3491647066196273,7.838766042920429,21.40058962264151,7.545,30.42,26.399528301886797,9.93,34.45,16.401650943396227,4.48,26.94,56.29103773584906,37.34,80.61,19.80452830188679,7.15,29.79,2.659339622641509,1.18,5.14,10.440000000000001,0.04924528301886793,0.0,7.04,8.352000000000002,0.03939622641509435,0.0,5.632000000000001,11.50688977655875,4.925632864955008,19.1155413202277,0.010245855382838173,1,1,0,1,943.9830160265981,4.4527500755971605,2.4666229419506087,7.19127947356116,6.034243653309326,0.028463413459006253,0.0,3.3142436533093256,937.9487723732886,4.424286662138154,0.0,7.19127947356116,60.342436533093256,9379.487723732887,9439.830160265981,935.6310160265981,0.006392322267310053,0.9936076777326899,30.1,99.0,99.0,2979.9,3050.0,9088695.0,2.004732110733995,311.61088783165735,313.61561994239133
Sonora,Huatabampo,33,Navojoa,149,Cebolla,2012,2013,26.604878,-109.232063,39.0,3,2.7142857142857144,0.7142857142857143,1023.4811382103264,4.805075766245664,1.5929119942138759,8.399986755092913,21.43406103286385,14.125,31.775,26.368967136150236,18.58,36.42,16.499154929577468,6.87,27.13,56.095727699530514,33.68,85.4,19.307417840375585,3.97,28.87,2.7137558685446006,1.36,5.56,61.03,0.2865258215962441,0.0,18.59,48.824,0.2292206572769953,0.0,14.872,11.280101405378945,3.9920029830719126,18.256870563564128,0.059629823864383,6,3,9,0,940.9859280635933,4.417774310157715,1.6725575939245698,8.242923159626047,19.440016159400194,0.09126768149953143,0.0,3.4329477508596495,921.5459119041932,4.326506628658184,0.0,8.242923159626047,194.40016159400193,9215.459119041932,9409.859280635934,892.1619280635933,0.020659199653925545,0.9793408003460745,30.0,32.0,32.0,960.0,3520.0,3379200.0,6.480005386466731,307.1819706347311,313.66197602119786
Sonora,Huatabampo,33,Navojoa,149,Cebolla,2013,2014,26.604878,-109.232063,39.0,1,1.0,0.0,1033.9537758944439,4.8771404523322825,1.6814485993303936,8.113007569382562,22.152405660377354,12.51,30.81,26.910094339622646,17.84,35.54,17.394716981132078,7.02,26.65,56.469669811320756,31.25,83.7,18.94632075471698,3.94,29.83,2.8556603773584905,1.46,5.43,64.57000000000001,0.3045754716981132,0.0,20.67,51.65599999999999,0.24366037735849053,0.0,16.536,11.183793866269033,3.699510566032945,18.789505715966587,0.06244960026780921,8,4,2,0,955.5804617381723,4.507455008198926,1.7200787341991486,7.9132862193735845,19.880354122749207,0.09377525529598682,0.0,3.1114726032131914,935.7001076154231,4.413679752902939,0.0,7.9132862193735845,198.80354122749208,9357.00107615423,9555.804617381722,903.9244617381723,0.020804479495727064,0.9791955205042729,31.15,41.0,41.0,1277.15,2885.25,3684897.04,6.382136154975669,300.38526729227067,306.76740344724635
Sonora,Huatabampo,33,Navojoa,149,Cebolla,2014,2015,26.604878,-109.232063,39.0,1,1.0,0.0,1008.1274248333771,4.7553180416668726,1.6074455852362457,9.720764891908612,22.90301886792453,15.895,29.115000000000002,27.53438679245283,19.55,35.83,18.271650943396228,11.15,25.16,57.96820754716982,31.2,82.84,18.32179245283019,3.06,29.15,2.6264150943396225,0.88,4.68,103.0,0.4858490566037736,0.0,45.18,82.39999999999999,0.38867924528301884,0.0,36.144,10.908629438692538,3.255089399310885,18.147026542783856,0.10216962406019636,10,4,1,0,930.4606029741011,4.388965108368401,1.6878178644980582,7.290573668931459,26.34423339746415,0.12426525187483091,0.0,3.790797695617675,904.1163695766369,4.2646998564935705,0.0,7.290573668931459,263.44233397464154,9041.163695766369,9304.60602974101,848.0606029741011,0.02831310999440288,0.971686890005597,32.64,14.0,14.0,456.96,6812.0,3112811.52,8.071149937948576,276.99643675754805,285.06758669549663
Sonora,Huatabampo,33,Navojoa,149,Cebolla,2015,2016,26.604878,-109.232063,39.0,0,0.0,0.0,959.949111955028,4.528061848844471,1.623981356664172,8.209764367592491,23.233325471698112,14.445,30.47,27.546603773584906,17.62,34.56,18.92004716981132,10.31,27.15,61.09094339622641,39.57,82.63,17.90174528301887,3.2,29.23,2.4739622641509436,0.96,5.37,95.30000000000001,0.4495283018867925,0.0,15.17,76.24000000000001,0.359622641509434,0.0,12.136000000000001,10.835337898131835,3.4318853389809103,18.383308537862963,0.09927609579836212,16,5,0,0,888.3123192929886,4.190152449495229,1.7051804244973807,6.568283238359845,45.15484723235086,0.21299456241674936,0.0,3.4500963211828903,843.1574720606377,3.9771578870784796,0.0,6.568283238359845,451.5484723235086,8431.574720606377,8883.123192929885,812.0723192929886,0.05083217495879128,0.9491678250412087,37.28,58.0,58.0,2162.3,5657.69,12233623.09,12.112351725416001,226.1688498016732,238.2812015270892
Sonora,Huatabampo,33,Navojoa,149,Cebolla,2016,2017,26.604878,-109.232063,39.0,1,1.0,0.0,1031.9872528804951,4.845010576903733,1.480142355036308,7.27600540830534,22.841948356807507,13.485,30.755000000000003,27.504647887323944,18.0,34.32,18.17924882629108,8.97,27.33,57.18854460093897,35.61,84.89,18.779859154929575,4.18,29.67,2.6806572769953054,1.35,5.61,67.55999999999999,0.31718309859154925,0.0,11.67,54.048,0.2537464788732394,0.0,9.336,11.140075992711491,3.7041952231321655,18.388009840014607,0.065465924905008,15,4,0,0,960.0125308822786,4.5071010839543595,1.5541494727881235,6.990883332858987,37.694706786029585,0.1769704543945051,0.0,3.518726845914678,922.317824096249,4.3301306295598545,0.0,6.990883332858987,376.9470678602959,9223.17824096249,9600.125308822786,905.9645308822786,0.03926480704516126,0.9607351929548387,38.35,24.0,24.0,920.4,4499.66,4141487.06,9.829128236252826,240.50008451010405,250.32921274635686
Sonora,Huatabampo,33,Navojoa,149,Cebolla,2017,2018,26.604878,-109.232063,39.0,1,1.0,0.0,1010.0518591309428,4.76439556193841,1.7556945314113401,8.020571227697722,23.080966981132075,16.075,30.54,27.822452830188677,19.4,36.12,18.33948113207547,11.52,26.76,59.89287735849057,33.84,79.2,19.10141509433962,4.13,29.05,2.5788207547169812,1.17,5.71,49.739999999999995,0.23462264150943393,0.0,24.29,39.792,0.18769811320754717,0.0,19.432000000000002,11.424538592360594,3.6974973300749827,18.62237410018681,0.049244996234942544,9,1,5,0,930.9946973708991,4.391484421560845,1.8434792579819073,6.560120308900828,22.030053866419987,0.10391534842650937,0.0,2.9920000000000004,908.9646435044792,4.287569073134336,0.0,6.560120308900828,220.30053866419988,9089.646435044793,9309.946973708993,891.202697370899,0.02366292088304283,0.9763370791169573,35.82,10.0,10.0,358.2,4722.33,1691538.61,6.150210459637071,253.75897361934096,259.90918407897806
Sonora,Huatabampo,33,Navojoa,149,Cebolla,2018,2019,26.604878,-109.232063,39.0,3,1.7857142857142858,0.35714285714285715,1015.1106074591164,4.788257582354323,1.9973422866347426,8.625113524226382,23.282240566037736,16.575,32.16,28.05433962264151,19.32,36.26,18.51014150943396,11.79,28.06,58.40344339622642,34.26,79.56,18.685283018867924,4.67,29.02,2.5676886792452827,1.03,4.91,87.99000000000001,0.4150471698113208,0.0,34.19,70.392,0.3320377358490566,0.0,27.352,11.18253117141467,4.164857715465415,18.51589375118623,0.08668020938156122,11,5,6,0,938.3558676097434,4.426206922687469,2.09720940096648,7.127959378901485,29.775677947180554,0.14045131107160638,0.0,3.7165408505752136,908.5801896625629,4.285755611615863,0.0,7.127959378901485,297.75677947180554,9085.80189662563,9383.558676097435,867.9638676097434,0.03173175441746593,0.9682682455825341,35.7,21.98,21.98,784.69,5372.3,4215590.09,8.340526035624805,254.5042548074406,262.8447808430654
Sonora,Huatabampo,33,Navojoa,149,Cebolla,2019,2020,26.604878,-109.232063,39.0,1,1.0,0.0,942.3534285433554,4.445063342185639,1.6305846876662526,8.129448791119398,21.87865566037736,14.11,29.310000000000002,26.33754716981132,17.79,33.1,17.419764150943394,9.58,27.08,61.40750000000001,40.1,83.95,18.373207547169816,2.74,29.23,2.595141509433962,1.17,6.74,95.73999999999998,0.45160377358490555,0.0,25.66,76.59200000000001,0.3612830188679246,0.0,20.528000000000002,11.024691904844161,3.171840712104043,18.697248798481645,0.10159670151356086,13,5,0,0,867.9494332463987,4.094101100218862,1.7121139220495654,6.826704218451749,31.170342559618575,0.1470299177340499,0.0,3.2919327866605976,836.7790906867801,3.947071182484812,0.0,6.826704218451749,311.70342559618575,8367.790906867802,8679.494332463988,791.3574332463987,0.03591262505124507,0.964087374948755,26.13,122.0,122.0,3187.86,8218.68,26200001.22,11.92894854941392,320.2369271667739,332.1658757161878
Sonora,Huatabampo,33,Navojoa,149,Cebolla,2020,2021,26.604878,-109.232063,39.0,1,1.0,0.0,912.3519105049288,4.283342302840041,1.4154354080074274,7.849241969585001,22.058591549295773,12.61,30.59,26.4269014084507,16.49,35.01,17.690281690140846,8.73,26.66,64.20446009389671,37.44,89.03,17.379107981220656,2.03,29.29,2.743051643192488,1.23,6.1,176.2,0.8272300469483568,0.0,54.03,140.95999999999998,0.6617840375586853,0.0,43.224000000000004,10.587586027024553,2.5018206024918523,18.719289767236578,0.19312723300210385,23,10,1,0,841.5440641474659,3.950911099283877,1.1237459923106552,7.102289922974365,52.71019336114131,0.24746569653117984,0.0,4.220524557511793,788.8338707863245,3.7034454027526973,0.0,7.102289922974365,527.1019336114131,7888.338707863245,8415.440641474657,700.5840641474658,0.06263509613669471,0.9373649038633052,26.7,13.98,13.98,373.27,7261.55,2710518.77,19.741645453610978,295.4433972982489,315.1850427518599
Sonora,Huatabampo,33,Navojoa,149,Cebolla,2021,2022,26.604878,-109.232063,39.0,3,2.9285714285714284,0.9285714285714286,1052.1001295490842,4.962736460137189,1.5549562982643004,8.485630017676371,22.284198113207548,15.254999999999999,31.895,27.270141509433966,18.79,36.68,17.29825471698113,10.31,27.76,55.21259433962264,33.45,88.19,19.44207547169811,4.5,30.11,2.7016981132075473,1.26,6.3,25.490000000000002,0.12023584905660378,0.0,7.63,20.392000000000003,0.09618867924528303,0.0,6.104,11.337546976384033,4.037498765708421,18.665384303823778,0.024227732022925108,4,2,12,0,971.1493871111809,4.5808933354300985,1.6327041131775155,7.5714141171224965,9.814076607756624,0.04629281418753124,0.0,1.9402050051158348,961.3353105034244,4.5346005212425675,0.0,7.5714141171224965,98.14076607756624,9613.353105034243,9711.493871111808,950.7573871111808,0.01010563023362447,0.9898943697663756,31.3,135.0,135.0,4225.5,6780.44,28650749.22,3.1354877341075476,307.1358819499758,310.2713696840833
Sonora,Huatabampo,33,Navojoa,149,Cebolla,2022,2023,26.604878,-109.232063,39.0,3,1.3076923076923077,0.07692307692307693,1034.9627962357638,4.881899982244168,1.7258157956334577,8.747182164646903,22.750731132075476,15.55,31.205,27.615424528301883,19.21,36.97,17.886037735849058,10.74,26.9,58.088396226415085,37.09,84.99,19.568915094339616,4.27,29.89,2.6767924528301887,1.25,5.24,42.309999999999995,0.19957547169811318,0.0,24.18,33.848,0.15966037735849056,0.0,19.344,11.563621542583615,3.8172930380441086,18.670971869620274,0.040880696537000744,5,2,4,0,958.3299362643281,4.520424227661925,1.8121065854151306,7.463126727646773,13.531527975894221,0.06382796215044444,0.0,3.077659842963836,944.7984082884338,4.456596265511481,0.0,7.463126727646773,135.3152797589422,9447.984082884339,9583.299362643282,924.4819362643282,0.014119905330977716,0.9858800946690223,31.8,93.0,93.0,2957.4,7001.02,20704816.55,4.255197476696296,297.10641770076535,301.36161517746166
Sonora,Huatabampo,33,Navojoa,149,Cebolla,2023,2024,26.604878,-109.232063,39.0,2,1.7,0.0,983.7655391763659,4.640403486680971,2.3082767945147853,7.7065497491704695,21.353089622641512,15.495000000000001,29.02,26.16896226415094,19.01,33.33,16.537216981132076,9.86,25.8,59.23075471698114,35.78,79.38,19.186556603773585,4.49,29.39,2.6995283018867924,1.27,5.53,19.04,0.08981132075471698,0.0,2.87,15.232,0.07184905660377358,0.0,2.2960000000000003,11.30863076270108,3.879646045931595,18.57008167048646,0.019354205084212223,7,0,0,0,908.373654997923,4.284781391499637,2.4236906342405247,7.324770648684902,15.232,0.07184905660377358,0.0,2.2960000000000003,893.1416549979232,4.212932334895864,0.49487579303753026,7.324770648684902,152.32,8931.416549979233,9083.736549979232,893.1416549979231,0.016768429947514082,0.9832315700524861,31.72,145.0,145.0,4599.4,7180.43,33025669.74,4.80201765447667,281.57050914184214,286.3725267963188
Sonora,Huatabampo,33,Navojoa,149,Chícharo,2010,2011,26.604878,-109.232063,39.0,0,0.0,0.0,415.06276939338926,3.7393042287692726,1.7647984452136973,5.988531857106118,22.083738738738734,16.205,29.545,25.963873873873872,19.93,33.07,18.203603603603604,11.87,27.37,66.23396396396394,48.79,88.06,15.79972972972973,2.6,22.48,2.523153153153153,1.3,5.41,212.92000000000004,1.9181981981981986,0.0,65.93,170.336,1.5345585585585586,0.0,52.74400000000001,9.182434630620522,2.8839070274100873,13.386163991652927,0.5129826515425144,19,7,0,0,420.41278618981454,3.7875025782866176,0.8823992226068487,6.544155459187706,32.81616352528804,0.2956411128404328,0.0,3.161359841850876,387.5966226645265,3.4918614654461844,0.0,6.544155459187706,328.1616352528804,3875.9662266452647,4204.127861898145,250.07678618981453,0.07805700635962981,0.9219429936403701,7.15,132.0,132.0,943.8,2850.0,2689830.0,45.89673220320005,542.0931785517853,587.9899107549853
Sonora,Huatabampo,33,Navojoa,149,Chícharo,2011,2012,26.604878,-109.232063,39.0,2,1.6666666666666667,0.0,477.1808590454977,4.298926658067547,2.3491647066196273,6.993599553634314,22.181756756756755,15.76,30.42,26.81297297297297,18.31,34.45,17.550540540540545,10.54,26.94,59.30378378378378,38.59,80.61,16.936216216216216,7.15,22.11,2.5757657657657655,1.18,4.77,9.370000000000001,0.08441441441441443,0.0,7.04,7.496000000000001,0.06753153153153155,0.0,5.632000000000001,9.586852306086707,4.925632864955008,14.665390219469833,0.01963616063465488,1,1,0,0,473.9693089996033,4.2699937747712005,2.172043143365087,7.876163232947936,4.231316895220948,0.03811997202901755,0.0,2.367316895220947,469.7379921043824,4.231873802742184,0.0,7.876163232947936,42.31316895220948,4697.379921043824,4739.693089996033,466.4733089996033,0.008927406933060489,0.9910725930669396,7.12,58.0,58.0,412.96,2825.0,1166612.0,5.94286080789459,659.7443709331213,665.6872317410159
Sonora,Huatabampo,33,Navojoa,149,Chícharo,2012,2013,26.604878,-109.232063,39.0,3,2.6666666666666665,0.6666666666666666,477.9023517318622,4.3054265921789385,1.5929119942138759,7.850403009167663,22.12963963963964,14.125,31.775,26.8118018018018,18.95,36.42,17.447477477477477,6.87,27.13,60.01756756756758,35.39,85.4,16.48315315315315,4.66,22.69,2.716396396396396,1.36,5.56,56.37,0.5078378378378379,0.0,18.59,45.096,0.40627027027027024,0.0,14.872,9.432569885743062,4.044793621857961,14.291108307446052,0.11795296632402354,5,3,9,0,464.7606824265782,4.187033175014219,1.831848793345957,9.027963460542813,16.55468436505735,0.14914130058610225,0.0,3.759895155703425,448.20599806152086,4.037891874428116,0.0,9.027963460542813,165.54684365057352,4482.059980615209,4647.606824265782,419.6646824265782,0.03561980389266818,0.9643801961073318,7.3,15.0,15.0,109.5,3500.0,383250.0,22.67764981514706,613.9808192623574,636.6584690775045
Sonora,Huatabampo,33,Navojoa,149,Chícharo,2014,2015,26.604878,-109.232063,39.0,0,0.0,0.0,452.34704233886686,4.075198579629431,1.6074455852362457,6.32249937972779,22.926576576576572,15.895,29.115000000000002,27.203333333333333,19.55,33.66,18.64981981981982,11.15,25.16,62.12324324324325,40.89,82.84,15.579279279279278,3.06,22.86,2.5871171171171174,0.88,4.58,96.39,0.8683783783783784,0.0,45.18,77.112,0.6947027027027026,0.0,36.144,9.08653375707542,3.255089399310885,14.376382126952326,0.2130886044962605,9,3,0,0,446.7870091879827,4.025108190882727,1.348203432725416,7.027490190211281,21.273975293887123,0.19165743508006416,0.0,3.042268480563667,425.5130338940955,3.833450755802662,0.0,7.027490190211281,212.73975293887122,4255.130338940955,4467.870091879826,369.6750091879827,0.04761547416643047,0.9523845258335694,6.41,10.0,10.0,64.1,3050.0,195505.0,33.18872900762422,663.8268859502269,697.0156149578512
Sonora,Huatabampo,33,Navojoa,149,Chícharo,2016,2017,26.604878,-109.232063,39.0,0,0.0,0.0,461.1027199423654,4.154078558039328,1.480142355036308,5.849770940392851,23.01018018018018,13.485,30.755000000000003,27.142702702702707,18.0,34.32,18.877657657657654,8.97,27.33,61.44531531531532,40.88,84.89,15.674684684684685,4.18,20.85,2.6643243243243244,1.35,5.22,63.28999999999999,0.5701801801801801,0.0,11.67,50.632000000000005,0.45614414414414417,0.0,9.336,9.138416900283543,3.7041952231321655,13.959102868449833,0.13725791946729526,14,4,0,0,464.67996887948425,4.1863060259413,1.6946035875351908,6.727236581451778,31.323381252061864,0.2821926238924492,0.0,2.7680000000000002,433.35658762742236,3.90411340204885,0.0,6.727236581451778,313.23381252061864,4333.565876274223,4646.799688794842,414.04796887948424,0.06740850337834478,0.9325914966216552,5.78,30.0,30.0,173.4,5876.12,1018919.21,54.19270112813471,749.751881708343,803.9445828364777
Sonora,Huatabampo,33,Navojoa,149,Chícharo,2017,2018,26.604878,-109.232063,39.0,1,1.0,0.0,469.45113168403583,4.229289474630954,1.7556945314113401,6.247733627524598,23.91202702702703,16.075,30.54,28.306126126126124,19.4,36.12,19.517927927927925,12.53,26.76,62.34495495495496,50.44,78.66,15.977567567567565,4.13,22.32,2.5090990990991,1.35,4.68,21.450000000000003,0.19324324324324327,0.0,4.31,17.16,0.1545945945945946,0.0,3.448,9.416192088073917,3.6974973300749827,14.07577758501617,0.04569165681431764,7,0,5,0,466.31501189193375,4.201036143170574,1.9312639845524744,7.1848936716532865,16.194102138030427,0.14589281205432816,0.0,2.9920000000000004,450.1209097539034,4.055143331116247,0.0,7.1848936716532865,161.94102138030428,4501.209097539034,4663.150118919338,449.1550118919337,0.03472781644392639,0.9652721835560738,6.22,72.0,72.0,447.84,5813.55,2603540.23,26.03553398397175,723.6670574821597,749.7025914661315
Sonora,Huatabampo,33,Navojoa,149,Chícharo,2018,2019,26.604878,-109.232063,39.0,1,1.0,0.0,484.7487370109483,4.367105738837372,2.543465348809407,6.788532741810938,24.628198198198195,17.195,32.16,29.14666666666666,20.65,36.26,20.10972972972973,13.61,28.06,61.25585585585587,34.26,77.6,16.363963963963965,5.12,22.22,2.4246846846846846,1.24,4.91,45.089999999999996,0.4062162162162162,0.0,11.87,36.072,0.324972972972973,0.0,9.496,9.640361424126764,4.164857715465415,14.435379210206492,0.09301726143328068,7,4,6,0,482.28888324868217,4.344944894132272,2.432065021400414,7.806812653082578,20.162116535107298,0.18164068950547116,0.0,3.7600000000000002,462.12676671357474,4.163304204626799,0.0,7.806812653082578,201.621165351073,4621.267667135748,4822.88883248682,446.21688324868217,0.04180506172834825,0.9581949382716515,6.2,32.65,32.65,202.43,8930.5,1807801.12,32.51954279856016,745.3657527638302,777.8852955623903
Sonora,Huatabampo,33,Navojoa,149,Chícharo,2019,2020,26.604878,-109.232063,39.0,0,0.0,0.0,425.35582523182904,3.8320344615480093,1.6305846876662526,6.501623065192141,22.470945945945946,14.11,29.310000000000002,26.41378378378378,17.79,33.1,18.52810810810811,9.58,27.08,65.64360360360361,40.1,83.95,15.896036036036037,2.74,22.02,2.4121621621621623,1.25,6.74,81.04999999999998,0.73018018018018,0.0,25.66,64.84,0.5841441441441442,0.0,20.528000000000002,9.347456012588506,3.171840712104043,14.44685137539295,0.19054635011951654,10,4,0,0,422.5848187931715,3.807070439578122,1.793643156432878,7.476866524970961,22.84668026453455,0.2058259483291401,0.0,2.6794278841842614,399.7381385286369,3.6012444912489814,0.0,7.476866524970961,228.46680264534552,3997.381385286369,4225.848187931715,357.7448187931715,0.054064129255236106,0.9459358707447638,6.35,10.0,10.0,63.45,11733.0,744458.85,35.97902403863709,629.5088795726566,665.4879036112937
Sonora,Huatabampo,33,Navojoa,149,Chícharo,2022,2023,26.604878,-109.232063,39.0,1,1.0,0.0,488.4703521284024,4.4006338029585805,1.7258157956334577,7.229509430475885,24.206171171171167,16.82,31.205,28.590990990991,20.41,36.97,19.821351351351357,12.64,26.9,61.267747747747734,39.71,84.99,16.34144144144144,4.27,22.71,2.6428828828828825,1.25,5.15,39.089999999999996,0.3521621621621621,0.0,24.18,31.272,0.2817297297297297,0.0,19.344,9.551141776303576,3.8172930380441086,14.58216514563638,0.08002532769834217,4,2,4,0,485.04408596534165,4.369766540228303,1.8983973751968035,8.17390070170837,10.766727389776072,0.09699754405203669,0.0,2.702001555319385,474.2773585755656,4.272768996176267,0.0,8.17390070170837,107.66727389776072,4742.773585755656,4850.440859653417,453.77208596534166,0.022197420196038424,0.9778025798039616,6.5,10.0,10.0,65.0,12000.0,780000.0,16.56419598427088,729.6574747316395,746.2216707159104
Sonora,Huatabampo,33,Navojoa,149,Chícharo,2023,2024,26.604878,-109.232063,39.0,2,1.25,0.0,451.4517904650941,4.06713324743328,2.3082767945147853,6.063859179585933,22.194729729729726,17.025,29.02,26.597297297297303,21.02,33.33,17.79216216216216,10.76,25.8,63.00477477477478,44.51,79.38,16.869189189189193,4.49,22.83,2.4749549549549545,1.27,4.53,7.92,0.07135135135135134,0.0,1.36,6.336,0.057081081081081085,0.0,1.088,9.703408870379029,3.879646045931595,14.804544265262386,0.017543401460077646,4,0,0,0,446.5611704078838,4.023073607278232,2.2941270874326367,6.120866633264615,6.336,0.057081081081081085,0.0,1.088,440.2251704078838,3.9659925261971516,1.6086019221705112,6.120866633264615,63.36,4402.251704078838,4465.611704078838,440.2251704078838,0.014188425729475698,0.9858115742705242,11.0,49.0,49.0,539.0,11053.16,5957653.24,5.76,400.20470037080344,405.9647003708034
Sonora,Huatabampo,33,Navojoa,149,Chile verde,2010,2011,26.604878,-109.232063,39.0,4,3.8,1.0,1203.6539079989086,6.650021591154191,2.3670218755167145,9.31723196115199,26.55063535911602,17.455,33.125,30.876795580110496,21.24,37.42,22.224475138121548,10.41,29.34,59.05436464088398,37.29,84.43,25.90408839779005,6.53,30.66,2.8321546961325965,1.22,5.29,167.32,0.9244198895027624,0.0,18.34,133.85600000000002,0.7395359116022101,0.0,14.672,16.86567028952669,5.399577430563955,19.914316244020547,0.13901005836318167,35,10,21,0,1188.7708098275352,6.567794529433896,1.4202131253100287,9.78309355920959,112.7882884711368,0.623139715310148,0.0,6.928563944717451,1075.9825213563986,5.944654814123749,0.0,9.287732043744608,1127.882884711368,10759.825213563985,11887.708098275352,1054.9148098275352,0.0948780770344621,0.9051219229655381,13.95,110.0,110.0,1534.5,2976.0,4566672.0,80.85181969257118,771.3136353809309,852.1654550735021
Sonora,Huatabampo,33,Navojoa,149,Chile verde,2011,2012,26.604878,-109.232063,39.0,4,3.0,0.8,1200.31527369499,6.631576097762376,2.493010125401967,9.373217680335717,26.783674033149172,18.375,32.675,31.30480662983426,22.75,37.44,22.26254143646409,12.29,28.81,57.98917127071824,37.8,80.73,25.68375690607735,6.96,30.89,2.649060773480663,1.09,5.14,256.97,1.4197237569060774,0.0,18.43,154.18200000000002,0.8518342541436466,0.0,11.058,16.68715634119568,5.817546497154584,19.94342393440616,0.21408542041538514,37,18,24,0,1182.4249758392232,6.53273467314488,2.6176606316720656,9.841878564352504,117.44759204741896,0.6488817240188893,0.0,6.696,1064.977383791804,5.8838529491259886,0.0,9.841878564352504,1174.4759204741897,10649.77383791804,11824.249758392229,1028.2429758392232,0.09932773279256964,0.9006722672074301,19.2,109.0,101.0,1938.75,2986.03,5789175.0,61.170620858030716,554.6757207248979,615.8463415829286
Sonora,Huatabampo,33,Navojoa,149,Chile verde,2012,2013,26.604878,-109.232063,39.0,3,2.25,0.5,1201.2175765964591,6.63656119666552,3.0638380157960325,9.206527896244802,26.742292817679562,15.91,33.195,31.116353591160223,18.58,37.37,22.368232044198898,11.81,29.02,57.4032596685083,31.0,83.47,25.4478453038674,9.02,30.86,2.6976795580110497,0.79,5.15,259.2,1.4320441988950277,0.0,20.63,155.51999999999998,0.8592265193370164,0.0,12.377999999999998,16.522779850555935,7.057101996043406,19.959178193950127,0.21578105836115022,48,17,11,0,1186.2123206343113,6.553659230023819,2.1641308766907144,9.666854291057042,133.35814447110846,0.73678532856966,0.0,6.15110959817426,1052.854176163203,5.81687390145416,0.0,9.666854291057042,1333.5814447110847,10528.54176163203,11862.123206343114,1030.6923206343113,0.11242350307051015,0.88757649692949,23.08,56.0,56.0,1292.25,6937.61,8965125.0,57.78082516079223,456.1759862058939,513.9568113666861
Sonora,Huatabampo,33,Navojoa,149,Chile verde,2013,2014,26.604878,-109.232063,39.0,1,1.0,0.0,1234.9537361684984,6.822948818610488,3.152838255024734,9.051267572355144,27.151740331491713,17.16,32.375,31.63243093922652,20.91,37.0,22.671049723756912,11.65,28.78,57.50657458563535,31.25,81.71,26.164640883977903,7.71,30.79,2.7610497237569063,1.62,5.28,185.70000000000002,1.0259668508287294,0.0,38.09,148.56,0.8207734806629834,0.0,30.472000000000005,17.000372732593892,6.2140371187733185,20.232244120826522,0.15037000541910414,36,10,19,0,1218.54410842355,6.732287891842817,2.167927994097717,9.503830950972901,104.91165477008636,0.579622402044676,0.0,6.3417680902628994,1113.6324536534635,6.1526654897981405,0.0,9.42362216812166,1049.1165477008635,11136.324536534634,12185.441084235497,1069.98410842355,0.08609590251584101,0.9139040974841589,22.52,83.0,57.0,1283.75,9154.13,11751618.03,46.585992349061435,494.5081943399038,541.0941866889652
Sonora,Huatabampo,33,Navojoa,149,Chile verde,2014,2015,26.604878,-109.232063,39.0,1,1.0,0.0,1189.153854489547,6.56991079828479,3.0107374029570053,9.720764891908612,27.55734806629835,20.45,32.425,31.610110497237567,24.45,36.98,23.504585635359117,15.09,29.0,59.61889502762431,31.2,87.6,24.842099447513814,9.49,30.89,2.6031491712707187,1.15,4.68,362.91999999999996,2.0050828729281767,0.0,22.71,217.752,1.2030497237569062,0.0,13.626,16.324413663730894,7.380380103137944,19.900596999627982,0.30519179551899617,55,29,28,0,1173.785452932878,6.48500250239159,2.1661701117815286,10.206803136504043,174.46686128635673,0.9639053109743466,0.0,6.037825848083419,999.3185916465209,5.521097191417242,0.0,10.206803136504043,1744.6686128635674,9993.185916465209,11737.854529328775,956.0334529328779,0.14863607386718355,0.8513639261328162,20.05,106.0,106.0,2125.38,9504.31,20200271.94,87.01589091588865,498.41326266659394,585.4291535824826
Sonora,Huatabampo,33,Navojoa,149,Chile verde,2015,2016,26.604878,-109.232063,39.0,0,0.0,0.0,1127.1429990843048,6.2273093872061045,1.956582433004179,8.751043057284296,27.329502762430938,18.805,32.85,31.107845303867407,21.8,36.67,23.551160220994475,14.15,29.41,61.232983425414375,39.33,83.76,23.79806629834254,6.58,30.83,2.4808839779005525,1.1,6.67,318.9200000000001,1.7619889502762436,0.0,26.27,191.352,1.0571933701657459,0.0,15.761999999999999,15.799080799676382,5.376118545634757,19.88536399809095,0.28294546500230394,57,24,24,0,1114.8883779462553,6.159604298045609,1.1739494598025073,9.188595210148511,168.25255657339545,0.9295721357646157,0.0,7.180601611434771,946.63582137286,5.230032162280994,0.0,9.188595210148511,1682.5255657339544,9466.358213728601,11148.883779462556,923.5363779462554,0.15091426182353324,0.8490857381764669,23.0,141.0,141.0,3242.7,7002.34,22706476.84,73.15328546669367,411.5807919012435,484.7340773679372
Sonora,Huatabampo,33,Navojoa,149,Chile verde,2016,2017,26.604878,-109.232063,39.0,1,1.0,0.0,1178.942899247707,6.513496680926558,3.242341654892446,8.686592950701645,27.016049723756904,16.009999999999998,32.41,31.04806629834254,18.33,37.77,22.984033149171267,11.97,29.08,59.57077348066298,38.12,88.07,25.414917127071824,7.14,31.1,2.5848066298342545,1.2,4.88,565.4,3.123756906077348,0.0,117.0,339.24,1.8742541436464089,0.0,70.2,16.623580218615487,5.974658183330587,19.526894263324518,0.47958217515096474,49,21,16,0,1161.5486918204806,6.417396087405971,2.5125556650456313,9.120922598236728,154.61277436669602,0.8542142230204199,0.0,7.5295639106053125,1006.9359174537848,5.563181864385551,0.0,9.120922598236728,1546.1277436669602,10069.359174537847,11615.486918204808,822.3086918204806,0.1331091631848626,0.8668908368151376,25.81,98.0,98.0,2529.35,5431.54,13738271.32,59.90421323777452,390.13402458496114,450.03823782273565
Sonora,Huatabampo,33,Navojoa,149,Chile verde,2017,2018,26.604878,-109.232063,39.0,1,1.0,0.0,1194.7983356889251,6.601095777286879,3.438788751201299,8.857965258978373,27.21220994475138,19.595,32.145,31.50662983425415,23.34,35.88,22.917790055248616,15.21,28.78,59.13198895027625,33.84,81.93,25.792928176795584,12.46,30.89,2.5481767955801105,1.13,5.71,254.84000000000003,1.4079558011049726,0.0,28.43,152.90399999999997,0.8447734806629833,0.0,17.058,16.83169054238364,9.22121382816343,19.757603931967815,0.21329122445844248,50,16,12,0,1177.0916669350222,6.503268878094046,2.1125790046070785,9.300863521927292,127.40508217283744,0.7038954816178864,0.0,6.552358505912188,1049.6865847621848,5.799373396476159,0.0,9.300863521927292,1274.0508217283743,10496.865847621848,11770.916669350223,1024.1876669350222,0.10823717961115296,0.891762820388847,31.83,87.0,87.0,2768.83,10182.43,28193410.14,40.02673018310947,329.7790087220185,369.80573890512795
Sonora,Huatabampo,33,Navojoa,149,Chile verde,2018,2019,26.604878,-109.232063,39.0,3,2.625,0.75,1193.6258921389845,6.594618188613174,3.1449962357833856,9.707564300862382,27.16174033149171,17.445,32.345,31.489558011049727,22.57,38.13,22.833922651933705,12.32,28.92,59.20447513812156,37.41,85.25,25.090386740331496,7.45,30.95,2.72939226519337,1.09,5.64,310.14,1.7134806629834254,0.0,105.16,186.08399999999997,1.028088397790055,0.0,63.096,16.437714095692304,6.140459695893307,19.990148214420994,0.25983015452540775,40,12,22,0,1181.8282207742272,6.52943768383551,2.183129925967152,10.192942515905502,95.76137800660945,0.5290683867768478,0.0,5.810395080178527,1086.0668427676183,6.000369297058664,0.0,10.192942515905502,957.6137800660945,10860.668427676183,11818.282207742277,995.7442207742273,0.08102817001939185,0.9189718299806086,34.73,173.0,173.0,6007.77,5625.96,33799480.34,27.57310049139345,312.7172020638118,340.29030255520524
Sonora,Huatabampo,33,Navojoa,149,Chile verde,2019,2020,26.604878,-109.232063,39.0,1,1.0,0.0,1194.9818228219647,6.602109518353396,2.029339101858635,9.589065425457921,26.838176795580114,18.435,32.66,31.228066298342544,21.37,37.89,22.44828729281768,14.07,28.98,59.033591160220986,42.92,89.38,25.451491712707178,4.96,30.8,2.7722099447513813,1.18,5.59,232.12999999999994,1.2824861878453035,0.0,26.83,185.704,1.0259889502762432,0.0,21.464,16.64218155034079,4.395718796902023,20.03639756268496,0.19425400082808122,39,16,28,0,1183.651667234249,6.539511973669884,1.7503871108502143,10.068518696730818,135.09402205335385,0.7463758124494688,0.0,7.21350822563959,1048.5576451808954,5.793136161220416,0.0,10.052518696730818,1350.9402205335386,10485.576451808955,11836.516672342494,997.9476672342491,0.11413325878974008,0.8858667412102601,27.09,56.0,39.0,1056.49,8449.94,8927274.65,49.86859433494052,387.0644685053139,436.9330628402544
Sonora,Huatabampo,33,Navojoa,149,Chile verde,2020,2021,26.604878,-109.232063,39.0,1,1.0,0.0,1213.41993829919,6.703977559664033,2.7195984231508086,9.695944947813542,27.525138121546956,15.85,33.215,31.88160220994475,19.15,37.15,23.168674033149173,11.31,29.57,58.62237569060773,37.44,83.0,24.945082872928175,5.71,30.59,2.8046408839779007,1.25,6.1,175.11,0.9674585635359116,0.0,29.35,140.08800000000002,0.7739668508287294,0.0,23.480000000000004,16.46654393269477,5.028279383154191,20.42693523377565,0.14431112797227133,39,8,42,0,1208.7976034626593,6.678439798136239,1.6317590538904851,10.18074219520422,113.10520114683932,0.6248906140709355,0.0,7.313135085848077,1095.6924023158201,6.053549184065305,0.0,10.15674219520422,1131.0520114683932,10956.9240231582,12087.976034626594,1068.7096034626593,0.09356835323204149,0.9064316467679586,26.77,129.0,129.0,3453.6,7834.91,27058641.72,42.25072885574872,409.29861872088907,451.5493475766378
Sonora,Huatabampo,33,Navojoa,149,Chile verde,2021,2022,26.604878,-109.232063,39.0,4,3.0,0.8181818181818182,1225.9493587016455,6.773200876804671,2.8565612541661536,10.360589643846575,27.095276243093924,17.36,33.015,31.421878453038666,20.86,37.5,22.76867403314917,11.82,29.09,58.2932596685083,33.45,83.15,25.981546961325964,8.69,30.75,2.7740331491712706,1.25,6.3,320.28999999999996,1.7695580110497235,0.0,70.59,192.17399999999995,1.061734806629834,0.0,42.354,16.924284980777802,6.865441011032917,19.941691330739136,0.2612587524326506,49,16,17,0,1208.5580875601,6.6771165058569055,2.663941211585326,10.878619126038904,130.53148426490714,0.7211684213530781,0.0,7.426469513594959,1078.0266032951927,5.955948084503827,0.0,10.878619126038904,1305.3148426490714,10780.266032951928,12085.580875601,1016.3840875600999,0.10800596645580429,0.8919940335441956,26.71,328.0,328.0,8760.0,7065.41,61893018.9,48.86989302317751,403.6041195414424,452.4740125646199
Sonora,Huatabampo,33,Navojoa,149,Chile verde,2022,2023,26.604878,-109.232063,39.0,3,2.2222222222222223,0.4444444444444444,1169.865040187115,6.463342763464724,2.0158967969513597,9.99665008128471,26.95132596685083,16.445,32.08,31.30900552486188,22.15,36.14,22.593646408839778,10.74,28.72,60.91519337016575,37.09,83.44,25.50817679558011,4.08,30.61,2.599613259668508,1.12,4.83,280.9800000000001,1.5523756906077353,0.0,26.08,168.588,0.9314254143646409,0.0,15.647999999999998,16.693533389755803,3.875880316288014,19.8541293929976,0.24018155116000262,58,16,13,0,1151.2492142390684,6.360492896348444,2.1166916367989277,10.496482585348945,137.3175945062985,0.7586607431287209,0.0,7.160542985728554,1013.9316197327698,5.601832153219723,0.0,10.496482585348945,1373.175945062985,10139.316197327698,11512.492142390684,982.6612142390684,0.1192770364643073,0.8807229635356927,26.3,120.0,120.0,3156.5,6592.03,20807747.97,52.21201312026559,385.52533069687064,437.7373438171362
Sonora,Huatabampo,33,Navojoa,149,Chile verde,2023,2024,26.604878,-109.232063,39.0,3,2.3,0.4,1259.4285258081047,6.958168650873507,2.7494830081018184,11.343819446305696,27.51151933701658,16.82,34.370000000000005,32.061823204419895,20.89,40.19,22.96121546961327,11.27,30.93,56.4324861878453,35.78,79.69,25.80674033149171,6.96,30.58,2.861160220994475,1.29,5.7,98.97000000000001,0.5467955801104973,0.0,7.84,79.17599999999999,0.4374364640883977,0.0,6.272,16.831753652444895,5.588986042109562,19.57282018272896,0.07858326055978168,33,2,56,0,1250.1238761154477,6.906761746494186,1.649689804861091,11.911010418620982,75.24053958860898,0.4156935888873424,0.0,4.553182671690246,1174.8833365268383,6.491068157606842,0.0,11.911010418620982,752.4053958860898,11748.833365268383,12501.238761154473,1170.9478761154478,0.0601864671382859,0.9398135328617138,26.31,180.0,180.0,4735.0,6649.47,31485244.05,28.59769653690953,446.55390974034145,475.151606277251
Sonora,Huatabampo,33,Navojoa,149,Col (repollo),2010,2011,26.604878,-109.232063,39.0,1,1.0,0.0,668.541784516882,4.02736014769206,1.7647984452136973,6.352556210589019,23.00798192771084,16.205,31.795,26.71379518072289,19.07,36.26,19.302168674698798,11.59,28.38,66.8943373493976,48.79,88.06,16.758734939759034,2.6,24.75,2.5316265060240966,1.17,6.62,344.81,2.0771686746987954,0.0,65.93,206.886,1.246301204819277,0.0,39.558,10.10319653080586,2.8839070274100873,16.513409645246426,0.515764321670896,40,16,7,0,623.4586668988843,3.755775101800508,1.235358911649588,5.975098462736601,85.83511193516121,0.5170789875612121,0.0,3.6479999999999997,537.6235549637231,3.238696114239296,0.0,5.975098462736601,858.351119351612,5376.235549637231,6234.5866689888435,416.57266689888434,0.13767570569210225,0.8623242943078978,30.0,54.0,54.0,1620.0,3300.0,5346000.0,28.61170397838707,179.20785165457437,207.81955563296145
Sonora,Huatabampo,33,Navojoa,149,Col (repollo),2011,2012,26.604878,-109.232063,39.0,2,1.8,0.0,730.5733906441731,4.40104452195285,2.3491647066196273,6.993599553634314,22.80168674698795,7.545,31.685,27.13126506024097,9.93,35.54,18.472108433734938,4.48,28.5,61.271325301204826,37.34,83.82,17.710240963855423,7.15,24.19,2.520301204819277,0.81,5.76,120.19,0.7240361445783132,0.0,13.61,96.152,0.5792289156626506,0.0,10.888,10.406023466403719,4.925632864955008,16.77325224133014,0.1645146148753435,20,10,2,1,686.9950053969999,4.13852412889759,2.1676628419533683,7.19127947356116,57.86585047187986,0.34858946067397506,0.0,3.9913554990866693,629.12915492512,3.7899346682236144,0.0,7.19127947356116,578.6585047187986,6291.2915492512,6869.950053969998,590.8430053969998,0.0842303801589364,0.9157696198410636,29.2,71.0,71.0,2073.2,3300.0,6841560.0,19.81707207941091,215.45519004284932,235.27226212226023
Sonora,Huatabampo,33,Navojoa,149,Col (repollo),2012,2013,26.604878,-109.232063,39.0,3,2.2,0.4,756.6979134179358,4.558421165168288,1.5929119942138759,7.850403009167663,23.34632530120482,14.125,32.69,27.880722891566265,18.95,37.22,18.811927710843374,6.87,28.72,60.41873493975904,35.39,85.4,17.508253012048193,3.97,24.46,2.5612650602409643,1.36,5.56,82.16,0.49493975903614457,0.0,18.59,65.72800000000001,0.3959518072289157,0.0,14.872,10.391829618155105,3.9920029830719126,16.643168209968625,0.10857701408067949,14,4,22,0,703.2613270417723,4.23651401832393,1.6725575939245698,8.242923159626047,34.93262827791649,0.2104375197464849,0.0,3.4329477508596495,668.328698763856,4.026076498577446,0.0,8.242923159626047,349.3262827791649,6683.286987638559,7032.613270417724,637.5333270417723,0.049672329381253696,0.9503276706187465,30.15,64.0,64.0,1929.6,3250.0,6271200.0,11.586278035793198,221.66789345401526,233.25417148980844
Sonora,Huatabampo,33,Navojoa,149,Col (repollo),2013,2014,26.604878,-109.232063,39.0,1,1.0,0.0,732.7151375317801,4.41394661163723,1.6814485993303936,7.098360227738006,23.598885542168674,12.51,31.18,27.723674698795183,17.84,35.91,19.47409638554217,7.02,27.95,61.97626506024097,40.41,83.7,16.596144578313254,3.94,24.64,2.7415060240963856,1.14,5.43,157.78,0.9504819277108434,0.0,20.67,126.22400000000002,0.7603855421686748,0.0,16.536,9.97583494898899,3.699510566032945,16.75041913342409,0.21533607253085665,25,12,4,0,687.5494916719609,4.141864407662415,1.7655210292969132,7.453278239124907,69.76817683758794,0.4202902219131804,0.0,3.8560000000000003,617.781314834373,3.721574185749235,0.0,7.453278239124907,697.6817683758794,6177.81314834373,6875.494916719609,561.3254916719609,0.10147367961530727,0.8985263203846927,28.55,27.0,27.0,770.85,1838.95,1417554.61,24.4371897854949,216.38574950415867,240.82293928965356
Sonora,Huatabampo,33,Navojoa,149,Col (repollo),2014,2015,26.604878,-109.232063,39.0,1,1.0,0.0,723.3560261595463,4.35756642264787,1.6074455852362457,6.438631050239621,23.827530120481928,15.895,32.364999999999995,28.001506024096386,19.55,36.55,19.653554216867473,11.15,28.33,62.92180722891567,40.89,84.9,16.800903614457834,3.06,24.95,2.5591566265060237,0.88,4.58,228.1,1.3740963855421686,0.0,45.18,182.48,1.099277108433735,0.0,36.144,10.102351193759626,3.255089399310885,16.860351132354555,0.3153357292273243,25,13,4,0,676.1858304620174,4.073408617241069,1.6878178644980582,6.595791253449825,72.93699865327082,0.4393795099594628,0.0,4.168890233652387,603.2488318087464,3.634029107281605,0.0,6.595791253449825,729.3699865327083,6032.488318087464,6761.858304620172,493.7058304620174,0.1078653165557095,0.8921346834442903,28.45,42.0,42.0,1194.9,1976.78,2362054.42,25.636906380763033,212.03825371133442,237.67516009209746
Sonora,Huatabampo,33,Navojoa,149,Col (repollo),2015,2016,26.604878,-109.232063,39.0,0,0.0,0.0,699.7814535233802,4.21555092483964,1.623981356664172,6.255507846056995,24.18382530120482,14.445,30.5,28.034397590361447,17.62,34.56,20.333253012048193,10.31,28.65,64.97469879518073,39.57,89.55,16.564036144578314,3.2,24.32,2.466325301204819,0.96,6.88,188.81,1.137409638554217,0.0,40.49,151.048,0.9099277108433735,0.0,32.392,10.074272188269424,3.4318853389809103,16.37432037064919,0.2698128094840852,23,9,0,0,661.3684448214907,3.9841472579607875,1.6730540126775035,6.568283238359845,62.15866059636956,0.37444976262873225,0.0,3.812144484798343,599.2097842251212,3.6096974953320555,0.0,6.568283238359845,621.5866059636955,5992.097842251213,6613.684448214908,510.3204448214907,0.09398492033158119,0.9060150796684189,29.24,49.0,49.0,1432.76,1865.0,2672097.4,21.258091859223516,204.92810678013723,226.18619863936075
Sonora,Huatabampo,33,Navojoa,149,Col (repollo),2016,2017,26.604878,-109.232063,39.0,0,0.0,0.0,729.6044903598323,4.395207773252002,1.480142355036308,6.455869224707848,23.88150602409639,13.485,31.07,27.962469879518075,18.0,35.67,19.800542168674696,8.97,28.64,62.5071686746988,35.61,86.92,16.769397590361447,4.18,23.68,2.6220481927710844,1.11,5.61,194.15000000000003,1.1695783132530122,0.0,22.67,155.32000000000002,0.9356626506024097,0.0,18.136000000000003,10.064155699445106,3.7041952231321655,16.11197026484377,0.2661030771675316,32,13,1,0,689.1265050620831,4.151364488325802,1.5541494727881235,6.142259487412494,86.38671272105215,0.5204018838617599,0.0,5.278090268872017,602.739792341031,3.630962604464042,0.0,6.142259487412494,863.8671272105215,6027.39792341031,6891.265050620831,533.806505062083,0.1253568279357788,0.8746431720642214,27.53,27.0,27.0,743.36,1889.56,1404623.32,31.379118314948112,218.93926347294985,250.31838178789795
Sonora,Huatabampo,33,Navojoa,149,Ejote,2011,2012,26.604878,-109.232063,39.0,1,1.0,0.0,533.1337524217777,5.8586126639755784,2.493010125401967,7.850403009167663,30.21043956043956,25.68,32.69,33.8267032967033,29.98,37.22,26.59417582417582,19.91,28.81,65.12538461538462,40.9,79.06,21.41989010989011,6.96,26.72,2.2731868131868134,1.09,5.09,145.16000000000003,1.5951648351648355,0.0,15.93,116.128,1.276131868131868,0.0,12.744,14.226704050051776,5.817546497154584,18.61150585193928,0.2722768898810213,29,11,25,0,490.90655467959004,5.394577523951539,1.2465050627009835,7.376817172935221,74.94275573942468,0.8235467663673042,0.0,5.893936981680389,415.9637989401654,4.571030757584236,0.0,7.208817172935221,749.4275573942468,4159.6379894016545,4909.065546795901,374.77855467959006,0.15266195781056355,0.8473380421894365,5.14,83.0,73.0,375.22,2950.0,1106899.0,145.80302673039822,809.2680913232791,955.0711180536773
Sonora,Huatabampo,33,Navojoa,149,Ejote,2012,2013,26.604878,-109.232063,39.0,0,0.0,0.0,482.5907024721046,5.30319453266049,2.4572553345702124,7.645091199218022,29.05576923076923,24.645,33.195,32.331318681318685,25.96,37.37,25.78021978021978,21.08,29.02,70.06538461538462,52.22,83.7,20.405384615384612,5.48,27.04,2.346483516483517,0.79,5.14,264.33000000000004,2.904725274725275,0.0,20.67,158.598,1.742835164835165,0.0,12.402000000000001,13.677726035002154,4.599919974036997,18.642326423491724,0.547731231965206,44,19,7,0,438.3130729994789,4.816627175818449,1.5319190078980163,6.776954973345873,113.46540287141596,1.246872559026549,0.0,5.406,324.84767012806293,3.5697546167919003,0.0,6.69978992487175,1134.6540287141597,3248.476701280629,4383.130729994789,279.7150729994789,0.25886839763857755,0.7411316023614225,5.41,64.0,64.0,346.24,5000.0,1731200.0,209.73272249799624,600.457800606401,810.1905231043972
Sonora,Huatabampo,33,Navojoa,149,Ejote,2014,2015,26.604878,-109.232063,39.0,0,0.0,0.0,464.8427560077689,5.108162153931526,2.3900771609678624,6.791044885964579,28.922637362637364,26.189999999999998,31.21,31.625824175824174,27.97,34.56,26.219450549450542,22.2,28.65,73.78043956043956,58.88,89.55,20.646813186813187,5.6,26.94,2.2949450549450545,1.15,6.88,305.62,3.3584615384615386,0.0,40.49,183.372,2.0150769230769234,0.0,24.294,13.920845806627065,4.800008559951338,18.32048074118898,0.6574696411852704,38,21,0,0,421.55091447803534,4.632427631626762,2.3390562899298484,6.710812100605325,111.16741199877221,1.2216199120744198,0.0,5.7182167271975155,310.3835024792631,3.4108077195523414,0.0,6.662812100605325,1111.6741199877222,3103.835024792631,4215.509144780353,238.17891447803532,0.2637105226931361,0.7362894773068638,5.13,3.0,3.0,15.39,5250.0,80797.5,216.70060818474116,605.0360672110392,821.7366753957804
Sonora,Huatabampo,33,Navojoa,149,Ejote,2015,2016,26.604878,-109.232063,39.0,0,0.0,0.0,465.61456668711855,5.116643589968335,2.3777570941575155,6.884750260257144,29.31082417582418,24.854999999999997,32.85,32.05340659340659,27.81,36.29,26.568241758241758,21.13,29.68,72.60835164835166,55.17,86.92,20.438131868131865,7.45,26.52,2.0727472527472526,1.11,4.15,323.19,3.5515384615384615,0.0,22.67,193.914,2.130923076923077,0.0,13.602,13.829710255019785,5.905715925107474,18.125886603501353,0.6941148819709837,51,27,4,0,423.3161918593735,4.65182628416894,1.8514836554607574,6.656057992336418,149.6171840213185,1.6441448793551485,0.0,5.954265727618222,273.6990078380549,3.0076814048137903,0.0,6.576616211711,1496.171840213185,2736.990078380549,4233.161918593734,229.4021918593735,0.3534407303536871,0.6465592696463127,5.5,1.0,1.0,5.5,5150.0,28325.0,272.0312436751246,497.6345597055544,769.665803380679
Sonora,Huatabampo,33,Navojoa,149,Ejote,2016,2017,26.604878,-109.232063,39.0,1,1.0,0.0,489.86068186446374,5.383084416093008,3.1978684063329066,6.763684802829527,29.11159340659341,26.88,32.019999999999996,32.2210989010989,28.62,36.12,26.00208791208791,23.65,28.9,70.88670329670329,58.38,88.07,21.671208791208787,6.03,27.47,2.161978021978022,1.06,7.43,334.03999999999996,3.6707692307692303,0.0,43.54,200.42399999999998,2.202461538461538,0.0,26.124,14.468303029603225,5.084099299538396,18.857422013152107,0.6819081677031251,35,16,6,0,448.08132921097143,4.923970650670015,1.621170827446223,6.896785355747359,95.56246610548378,1.0501369901701514,0.0,5.955692259116372,352.5188631054877,3.873833660499865,0.0,6.770785355747359,955.6246610548378,3525.188631054877,4480.813292109715,247.65732921097145,0.2132703593648059,0.7867296406351942,5.71,26.0,26.0,148.46,5306.29,787771.81,167.35983556126757,617.3710387136388,784.7308742749063
Sonora,Huatabampo,33,Navojoa,149,Ejote,2018,2019,26.604878,-109.232063,39.0,1,1.0,0.0,474.242336750958,5.211454250010527,1.550182056398827,7.037719557457739,28.92527472527473,24.27,32.295,31.74846153846154,27.45,36.01,26.10208791208791,20.5,28.89,72.29318681318682,63.19,90.19,20.942967032967037,1.66,27.18,2.2493406593406595,1.09,6.77,338.27,3.717252747252747,0.0,97.74,202.962,2.230351648351648,0.0,58.64399999999999,14.088134074927575,2.2996880848531474,18.953915603650792,0.7132851156172461,45,17,4,0,432.171194758675,4.749134008337087,1.5870154170332478,6.790620812741315,109.37532687379618,1.2019266689428152,0.0,6.0615468611639605,322.79586788487876,3.547207339394272,0.0,6.589108795013795,1093.753268737962,3227.9586788487877,4321.711947586749,229.20919475867498,0.2530833341052995,0.7469166658947005,12.5,30.0,30.0,375.0,5480.8,2055300.0,87.50026149903695,258.236694307903,345.73695580693993
Sonora,Huatabampo,33,Navojoa,149,Ejote,2023,2024,26.604878,-109.232063,39.0,3,1.8,0.2,574.9964755307867,6.318642588250404,2.4230605667290464,8.799758605833532,31.535549450549453,24.8,34.565,35.27307692307693,27.1,40.25,27.79802197802198,20.66,30.93,62.80164835164836,46.82,79.69,21.60934065934066,3.34,27.34,2.6194505494505496,1.29,5.7,133.16,1.4632967032967032,0.0,15.11,106.528,1.1706373626373627,0.0,12.088000000000001,14.47545147890387,3.3908368734943313,18.643665336246826,0.23158402819265678,34,7,58,0,523.5235909364649,5.753006493807306,2.1807545100561416,8.7248518779371,84.92017375717492,0.9331887226063178,0.0,6.048,438.60341717929003,4.81981777120099,0.0,8.7248518779371,849.2017375717492,4386.0341717929,5235.23590936465,416.99559093646485,0.16220887697777286,0.8377911230222272,11.0,16.0,16.0,176.0,11272.73,1984000.48,77.2001579610681,398.7303792539,475.9305372149681
Sonora,Huatabampo,33,Navojoa,149,Elote,2011,2012,26.604878,-109.232063,39.0,3,3.0,1.0,754.5407594315419,6.859461449377654,4.632234204479536,9.373217680335717,24.494636363636364,18.375,30.744999999999997,29.97145454545454,22.75,37.27,19.017818181818182,12.29,26.83,51.05790909090909,37.8,64.44,26.94918181818182,18.54,30.89,2.8462727272727277,1.51,5.14,0.5499999999999999,0.004999999999999999,0.0,0.41,0.44,0.004,0.0,0.328,16.884301143037245,11.417001784843837,19.94342393440616,0.0007289201983128923,0,0,9,0,753.6022414413943,6.850929467649039,1.8528936817918145,9.891199662679167,0.44,0.004,0.0,0.328,753.1622414413945,6.846929467649041,1.8528936817918145,9.891199662679167,4.4,7531.622414413945,7536.022414413945,753.1622414413943,0.0005838623823071758,0.9994161376176931,10.0,69.0,69.0,690.0,2700.0,1863000.0,0.44000000000000006,753.1622414413945,753.6022414413945
Sonora,Huatabampo,33,Navojoa,149,Elote,2012,2013,26.604878,-109.232063,39.0,3,2.6666666666666665,0.6666666666666666,768.2204874475021,6.98382261315911,3.606884794484524,9.206527896244802,24.659000000000006,15.91,31.31,29.973909090909093,18.58,37.12,19.34409090909091,11.81,26.74,49.25136363636363,31.0,70.08,26.701727272727272,14.35,30.86,2.923545454545455,1.47,5.15,0.25,0.0022727272727272726,0.0,0.11,0.2,0.0018181818181818182,0.0,0.08800000000000001,16.700432278175132,9.596369961045584,19.959178193950127,0.0003254274053932781,0,0,5,0,771.0230026199597,7.009300023817816,1.4427539177938096,10.256638409755897,0.2,0.0018181818181818182,0.0,0.08800000000000001,770.8230026199597,7.007481841999633,1.4427539177938096,10.256638409755897,2.0,7708.230026199597,7710.230026199597,770.8230026199597,0.000259395633230648,0.9997406043667693,9.89,116.0,116.0,1147.24,2550.0,2925462.0,0.20222446916076844,779.3963626086548,779.5985870778156
Sonora,Huatabampo,33,Navojoa,149,Elote,2013,2014,26.604878,-109.232063,39.0,1,1.0,0.0,764.7639352985283,6.9523994118048025,3.6132133234961956,8.400261754093636,25.00781818181818,17.16,31.41,30.313,20.91,37.0,19.702636363636373,11.65,26.14,51.554545454545455,31.25,67.64,27.15336363636364,11.98,30.79,2.850090909090909,1.68,5.28,0.23000000000000004,0.002090909090909091,0.0,0.05,0.18400000000000002,0.001672727272727273,0.0,0.04000000000000001,17.065151573401923,8.131433840419845,20.232244120826522,0.0003007463994889073,0,0,4,0,765.0999483992422,6.955454076356747,1.4452853293984784,9.329958704789945,0.18400000000000002,0.001672727272727273,0.0,0.04000000000000001,764.9159483992423,6.9537813490840215,1.4052853293984784,9.329958704789945,1.8400000000000003,7649.159483992424,7650.999483992424,764.9159483992422,0.0002404914552470806,0.9997595085447532,10.12,195.0,187.0,1892.44,1451.43,2746744.19,0.18181818181818185,755.8457988134807,756.0276169952988
Sonora,Huatabampo,33,Navojoa,149,Elote,2014,2015,26.604878,-109.232063,39.0,1,1.0,0.0,765.677735012536,6.9607066819321455,3.610283519635881,9.720764891908612,26.03704545454546,20.45,32.425,31.048363636363632,24.45,36.98,21.02572727272728,15.09,28.83,51.691181818181825,31.2,75.42,25.703999999999997,9.49,30.89,2.8477272727272727,1.72,4.68,11.599999999999998,0.10545454545454544,0.0,5.79,9.280000000000001,0.08436363636363638,0.0,4.632000000000001,16.347109236021456,7.480709584456318,19.900596999627982,0.015149976902240833,3,1,22,0,767.4518710041896,6.9768351909471775,1.4441134078543525,11.178879625694902,6.092113407854352,0.05538284916231229,0.0,2.936,761.3597575963354,6.9214523417848675,0.0,11.178879625694902,60.921134078543524,7613.597575963354,7674.518710041897,758.1718710041896,0.007938104835008078,0.9920618951649921,11.35,74.0,74.0,839.53,1994.77,1674669.26,5.367500799871676,670.8015485430268,676.1690493428985
Sonora,Huatabampo,33,Navojoa,149,Elote,2018,2019,26.604878,-109.232063,39.0,3,2.857142857142857,0.8571428571428571,743.282726636566,6.757115696696055,3.2762007229682646,9.707564300862382,25.18440909090909,17.445,31.725,30.346636363636364,22.57,38.13,20.022181818181824,12.32,27.88,53.57081818181819,37.41,80.77,25.662181818181818,7.45,30.95,2.9537272727272725,1.36,5.64,147.8,1.3436363636363637,0.0,105.16,118.24,1.0749090909090908,0.0,84.128,16.306757836562316,6.140459695893307,19.990148214420994,0.19884761841407353,4,2,11,0,750.9661048368001,6.826964589425455,1.455419950644768,10.192942515905502,14.31795392311426,0.13016321748285692,0.0,5.493943163997581,736.648150913686,6.6968013719426,0.0,10.192942515905502,143.1795392311426,7366.48150913686,7509.661048368002,632.7261048368001,0.019066045499118545,0.9809339545008816,10.98,26.11,26.11,286.69,2478.21,710478.02,13.040030895368178,670.899955294796,683.9399861901642
Sonora,Huatabampo,33,Navojoa,149,Elote,2019,2020,26.604878,-109.232063,39.0,1,1.0,0.0,714.3197166587859,6.493815605988963,2.9173118514170238,8.407961982261774,24.384863636363637,18.435,31.47,29.388090909090906,21.37,36.33,19.38163636363636,14.07,26.86,54.86636363636363,42.92,72.01,25.95818181818181,5.44,30.56,2.7797272727272726,1.18,5.09,11.72,0.10654545454545455,0.0,8.94,9.375999999999998,0.08523636363636361,0.0,7.152,16.496904332356806,4.949628760180681,19.91475648953879,0.016407218961867708,2,1,6,0,719.9499719755344,6.544999745232131,1.1669247405668095,9.348866109787306,3.4449943735803705,0.03131813066891246,0.0,1.254069633013561,716.504977601954,6.513681614563218,0.0,9.348866109787306,34.44994373580371,7165.04977601954,7199.499719755344,710.5739719755344,0.004785046888921109,0.9952149531110789,10.06,161.0,161.0,1619.02,2513.44,4069309.63,3.4244476874556367,712.231588073513,715.6560357609686
Sonora,Huatabampo,33,Navojoa,149,Elote,2020,2021,26.604878,-109.232063,39.0,1,1.0,0.0,719.0086315170529,6.536442104700481,2.7195984231508086,9.008632288087968,25.184409090909085,15.85,32.34,30.095636363636363,19.15,36.76,20.273181818181826,11.31,28.36,54.58418181818182,37.44,76.4,24.872090909090907,5.71,30.59,2.8025454545454545,1.32,6.1,14.49,0.13172727272727272,0.0,3.24,11.592,0.10538181818181819,0.0,2.5920000000000005,16.001564781269924,5.028279383154191,19.765981091175483,0.020152748332696944,4,0,10,0,732.3310166519094,6.65755469683554,1.0878393692603234,9.459063902492368,8.690291713819366,0.07900265194381242,0.0,1.6566739529116223,723.6407249380899,6.578552044891726,0.0,9.443063902492367,86.90291713819366,7236.407249380899,7323.3101665190925,720.7390166519094,0.011866617030028136,0.9881333829699717,10.16,101.0,101.0,1026.16,2536.09,2602434.11,8.553436726200163,712.244808009931,720.7982447361312
Sonora,Huatabampo,33,Navojoa,149,Elote,2021,2022,26.604878,-109.232063,39.0,4,3.4285714285714284,1.0,773.1422380956955,7.028565800869958,4.439902019308877,10.360589643846575,25.16977272727273,17.36,32.295,30.400999999999996,20.86,37.5,19.938545454545448,11.82,27.66,50.555181818181815,33.45,69.39,26.753818181818183,16.39,30.75,2.934181818181818,1.59,6.3,1.8699999999999999,0.016999999999999998,0.0,0.33,1.496,0.0136,0.0,0.264,16.82030579031713,10.3449273594826,19.941691330739136,0.0024187011236198185,0,0,13,0,771.9884151971152,7.018076501791956,1.815990284053643,10.878619126038904,1.496,0.0136,0.0,0.264,770.4924151971154,7.004476501791959,1.815990284053643,10.878619126038904,14.96,7704.924151971154,7719.884151971154,770.4924151971152,0.0019378529140466698,0.9980621470859536,13.2,50.0,50.0,660.0,3202.27,2113498.2,1.1333333333333335,583.7063751493299,584.8397084826632
Sonora,Huatabampo,33,Navojoa,149,Elote,2022,2023,26.604878,-109.232063,39.0,3,2.4285714285714284,0.5714285714285714,750.8340150687533,6.825763773352302,4.54520074049733,9.99665008128471,24.938545454545455,16.445,31.4,30.310818181818178,22.15,35.97,19.566272727272725,10.74,28.18,54.25127272727274,37.09,73.55,27.094454545454543,16.55,30.61,2.8744545454545456,1.51,4.83,1.5400000000000003,0.014000000000000002,0.0,0.4,1.2320000000000002,0.011200000000000002,0.0,0.32000000000000006,17.130546433024307,10.122570998513096,19.8541293929976,0.0020510525217201083,0,0,6,0,750.4567915930865,6.822334469028059,1.818080296198932,10.496482585348945,1.2320000000000002,0.011200000000000002,0.0,0.32000000000000006,749.2247915930863,6.811134469028056,1.818080296198932,10.496482585348945,12.320000000000002,7492.247915930862,7504.567915930862,749.2247915930865,0.0016416668005424843,0.9983583331994572,14.0,70.0,70.0,980.0,3290.81,3224993.8,0.8800000000000001,535.160565423633,536.040565423633
Sonora,Huatabampo,33,Navojoa,149,Elote,2023,2024,26.604878,-109.232063,39.0,3,2.5,0.5,734.2627966988169,6.675116333625609,2.7494830081018184,10.072973739089653,24.36118181818181,16.82,31.04,29.517090909090903,20.89,37.14,19.205272727272728,11.27,26.59,52.89990909090909,35.78,67.76,26.167636363636365,6.96,30.58,2.8645454545454543,1.66,5.53,14.370000000000001,0.13063636363636363,0.0,2.87,11.496,0.10450909090909091,0.0,2.2960000000000003,16.50385763574055,5.588986042109562,19.57282018272896,0.019570649724603095,6,0,2,0,736.8789648792913,6.69889968072083,1.0997932032407274,10.576622426044135,10.688467089620016,0.09716788263290924,0.0,1.4884670896200163,726.1904977896713,6.601731798087921,0.0,10.576622426044135,106.88467089620016,7261.904977896713,7368.789648792913,725.3829648792913,0.014505051167216995,0.9854949488327831,14.5,350.0,350.0,5075.0,4474.88,22710016.0,7.4484091216864226,506.0560960206769,513.5045051423633
Sonora,Huatabampo,33,Navojoa,149,Hortalizas,2010,2011,26.604878,-109.232063,39.0,1,1.0,0.0,629.4585403629362,4.034990643352155,1.7647984452136973,6.352556210589019,23.292371794871794,16.205,31.795,26.98025641025641,19.53,36.26,19.60448717948718,11.59,28.38,67.05980769230769,48.79,88.06,16.7275,2.6,24.75,2.48448717948718,1.17,6.62,341.97,2.1921153846153847,0.0,65.93,205.182,1.3152692307692306,0.0,39.558,10.110027684077297,2.8839070274100873,16.513409645246426,0.5432764480450537,39,16,7,0,581.5360933724367,3.7277954703361322,1.8530383674743822,6.525979840983809,88.11694088083165,0.5648521851335362,0.0,5.35533461135678,493.419152491605,3.1629432852025965,0.0,6.525979840983809,881.1694088083165,4934.19152491605,5815.360933724367,376.35409337243664,0.15152445718343124,0.8484755428165688,10.93,8.0,8.0,87.47,2100.05,183691.2,80.61934206846445,451.4356381441949,532.0549802126593
Sonora,Huatabampo,33,Navojoa,149,Hortalizas,2011,2012,26.604878,-109.232063,39.0,2,1.8,0.0,687.6752341389029,4.4081745778134795,2.3491647066196273,6.993599553634314,23.19073717948718,7.545,31.685,27.42083333333333,9.93,35.54,18.960641025641028,5.16,28.5,61.91839743589744,38.59,83.82,17.577884615384612,7.15,24.19,2.5166025641025644,0.81,5.76,120.19,0.7704487179487179,0.0,13.61,96.152,0.6163589743589744,0.0,10.888,10.38622428709903,4.925632864955008,16.77325224133014,0.17477726989906828,20,10,2,0,645.5399080861159,4.138076333885358,2.1142482359576644,7.34327953131603,59.52297229853452,0.38155751473419564,0.0,4.971365479963989,586.0169357875814,3.7565188191511627,0.0,7.34327953131603,595.2297229853452,5860.169357875813,6455.399080861158,549.3879080861159,0.09220649498650992,0.90779350501349,11.98,8.0,8.0,95.84,2100.0,201264.0,49.68528572498708,489.16271768579406,538.8480034107812
Sonora,Huatabampo,33,Navojoa,149,Hortalizas,2012,2013,26.604878,-109.232063,39.0,3,2.2,0.4,715.3573274429168,4.5856238938648515,1.5929119942138759,7.850403009167663,23.59599358974359,14.125,32.69,28.117884615384618,18.95,37.22,19.074102564102564,6.87,28.72,60.702115384615375,35.39,85.4,17.522628205128203,4.66,24.46,2.567948717948718,1.36,5.56,78.27,0.5017307692307692,0.0,18.59,62.616,0.4013846153846154,0.0,14.872,10.426951457031468,4.044793621857961,16.643168209968625,0.10941385094884024,13,4,22,0,667.5851898629012,4.279392242710905,1.4336207947924884,8.242923159626047,32.063164079885276,0.20553310307618766,0.0,3.4329477508596495,635.5220257830158,4.073859139634717,0.0,8.242923159626047,320.63164079885274,6355.2202578301585,6675.851898629011,604.9691898629012,0.048028573082140924,0.951971426917859,12.1,11.0,11.0,133.1,2150.0,286165.0,26.49848271064899,525.2248146967073,551.7232974073563
Sonora,Huatabampo,33,Navojoa,149,Hortalizas,2013,2014,26.604878,-109.232063,39.0,1,1.0,0.0,689.7410503625113,4.421416989503277,1.6814485993303936,7.098360227738006,23.942307692307693,12.51,31.18,28.046858974358972,17.84,35.91,19.837756410256407,7.02,27.95,62.4899358974359,40.41,83.7,16.52160256410256,3.94,24.64,2.72051282051282,1.14,5.43,157.56,1.01,0.0,20.67,126.04800000000002,0.808,0.0,16.536,9.976517090616891,3.699510566032945,16.75041913342409,0.22843355476260296,25,12,4,0,642.8493432653438,4.120829123495794,1.5133037393973543,7.453278239124907,72.72611275104059,0.4661930304553884,0.0,4.253522574793928,570.1232305143033,3.6546360930404056,0.0,7.453278239124907,727.2611275104059,5701.232305143032,6428.4934326534385,516.8013432653438,0.11313088130669834,0.8868691186933018,12.0,2.0,2.0,24.0,2250.0,54000.0,60.605093959200495,475.1026920952527,535.7077860544532
Sonora,Huatabampo,33,Navojoa,149,Hortalizas,2014,2015,26.604878,-109.232063,39.0,1,1.0,0.0,676.4827295834335,4.336427753739959,1.6074455852362457,6.438631050239621,24.025288461538462,15.895,32.364999999999995,28.11038461538461,19.55,36.55,19.940192307692307,11.15,28.33,63.285384615384615,40.89,84.9,16.628333333333337,3.06,24.95,2.5416025641025644,0.88,4.58,228.10000000000002,1.4621794871794873,0.0,45.18,182.48000000000002,1.16974358974359,0.0,36.144,10.044725094178435,3.255089399310885,16.860351132354555,0.3371852525199869,25,13,4,0,629.3235561178061,4.034125359729527,1.4467010267126212,6.729164237373884,72.69588181548538,0.46599924240695756,0.0,4.168890233652387,556.6276743023207,3.5681261173225685,0.0,6.729164237373884,726.9588181548538,5566.276743023207,6293.23556117806,446.8435561178061,0.11551431868200575,0.8844856813179941,14.6,1.0,1.0,14.6,2330.0,34018.0,49.791699873620125,381.2518317139183,431.04353158753844
Sonora,Huatabampo,33,Navojoa,149,Hortalizas,2015,2016,26.604878,-109.232063,39.0,0,0.0,0.0,660.5021491612906,4.233988135649299,1.623981356664172,6.255507846056995,24.350096153846152,14.445,30.5,28.118910256410263,17.62,34.56,20.581282051282052,10.31,28.65,64.71089743589744,39.57,89.55,16.423205128205126,3.2,24.32,2.490192307692308,0.96,6.88,186.62,1.1962820512820513,0.0,40.49,149.29600000000002,0.9570256410256411,0.0,32.392,10.01030841071994,3.4318853389809103,16.37432037064919,0.28254260828215494,22,9,0,0,620.5826601323647,3.978093975207466,1.4615832209977548,6.568283238359845,60.18785444571359,0.3858195797802153,0.0,3.812144484798343,560.3948056866512,3.5922743954272516,0.0,6.568283238359845,601.878544457136,5603.948056866512,6205.826601323648,471.28666013236466,0.09698603959201191,0.9030139604079883,14.9,1.0,1.0,14.9,2400.0,35760.0,40.39453318504268,376.1038964339941,416.4984296190368
Sonora,Huatabampo,33,Navojoa,149,Pepino,2010,2011,26.604878,-109.232063,39.0,4,3.6666666666666665,1.0,696.4662103893822,6.570435947069644,3.0966612027905263,9.31723196115199,29.970235849056603,26.43,33.125,33.27132075471698,29.42,37.42,26.66915094339623,21.5,29.34,67.07009433962264,47.29,84.43,24.98094339622642,11.47,30.16,2.554622641509434,0.81,5.29,226.67,2.1383962264150944,0.0,18.34,181.336,1.7107169811320755,0.0,14.672,17.032782119070276,8.455117063483383,19.734797148431724,0.32545728223236087,45,16,21,0,616.3357558005978,5.814488262269791,2.3224959020928946,9.31723196115199,145.29860404804643,1.3707415476230795,0.0,6.598632328302334,471.0371517525513,4.443746714646711,0.0,8.415870658294601,1452.9860404804642,4710.371517525513,6163.357558005977,434.99975580059777,0.23574586202500747,0.7642541379749924,15.65,6.0,6.0,93.9,6500.0,610350.0,92.84255849715426,300.9822055926845,393.82476408983877
Sonora,Huatabampo,33,Navojoa,149,Pepino,2011,2012,26.604878,-109.232063,39.0,4,2.3333333333333335,0.3333333333333333,686.327624409954,6.4747889095278675,2.493010125401967,9.373217680335717,30.320566037735848,27.39,32.675,33.75433962264152,28.58,37.44,26.886792452830186,22.37,28.81,66.50424528301886,44.02,80.73,24.20952830188679,6.96,30.54,2.368773584905661,1.09,3.98,275.53999999999996,2.5994339622641505,0.0,18.43,165.32399999999998,1.5596603773584905,0.0,11.058,16.562484157055923,5.817546497154584,19.54160393909805,0.40147007085265696,44,19,27,0,600.2190948997921,5.662444291507473,2.493010125401967,8.443660209235457,126.02856385468476,1.1889487156102336,0.0,6.696,474.1905310451074,4.473495575897239,0.0,8.378479506323226,1260.2856385468476,4741.905310451074,6002.190948997922,434.8950948997922,0.20997093382329915,0.7900290661767009,0.0,2.0,0.0,0.0,0.0,0.0,,,
Sonora,Huatabampo,33,Navojoa,149,Pepino,2012,2013,26.604878,-109.232063,39.0,1,1.0,0.0,665.4810048841987,6.27812268758678,3.0638380157960325,8.717418618389928,29.81716981132075,27.545,33.195,33.00056603773585,29.23,37.37,26.63377358490566,22.72,29.02,68.20396226415095,44.83,83.47,23.86,9.02,30.19,2.4540566037735854,0.79,4.84,321.11,3.0293396226415097,0.0,20.63,192.666,1.8176037735849055,0.0,12.377999999999998,16.340921780625862,7.057101996043406,19.959178193950127,0.48252316391190886,63,22,10,0,580.5731488584489,5.477105177909896,2.8397838473210446,7.645091199218022,164.4383252784231,1.5513049554568217,0.0,5.858199617308819,416.13482358002597,3.9258002224530752,0.0,7.633091199218023,1644.383252784231,4161.348235800259,5805.73148858449,387.9071488584489,0.28323446511735806,0.7167655348826422,14.55,2.0,2.0,29.1,4600.0,133860.0,113.01603111919113,286.00331517527553,399.0193462944667
Sonora,Huatabampo,33,Navojoa,149,Pepino,2013,2014,26.604878,-109.232063,39.0,1,1.0,0.0,700.9729856138824,6.6129526944705885,3.152838255024734,9.051267572355144,30.214292452830186,27.66,32.375,33.66424528301887,29.22,37.0,26.764339622641508,22.63,28.78,66.18377358490565,49.21,81.71,24.64490566037736,7.71,30.54,2.6214150943396226,1.15,4.89,288.01,2.717075471698113,0.0,38.09,172.806,1.630245283018868,0.0,22.854000000000003,16.81995354599783,6.2140371187733185,20.232244120826522,0.4108717538490774,49,18,21,0,617.6206899545859,5.826610282590433,2.7258123375693555,9.051267572355144,123.64395074748518,1.166452365542313,0.0,5.369999999999999,493.97673920710093,4.660157917048122,0.0,8.979735398211103,1236.4395074748518,4939.767392071009,6176.206899545861,444.8146899545859,0.20019399084019804,0.7998060091598023,14.82,6.0,6.0,88.92,5650.0,502398.0,83.4304660914205,333.3176377915661,416.7481038829866
Sonora,Huatabampo,33,Navojoa,149,Pepino,2014,2015,26.604878,-109.232063,39.0,1,1.0,0.0,660.8890684315468,6.234802532373083,3.0107374029570053,8.655741432713054,30.108773584905663,26.935,32.425,32.91358490566037,28.08,36.5,27.303962264150943,25.45,29.0,70.2066037735849,50.31,89.55,23.987924528301885,9.53,29.32,2.432830188679245,1.15,6.5,427.95,4.037264150943396,0.0,22.71,256.77,2.4223584905660376,0.0,13.626,16.51818271231991,7.380380103137944,19.900596999627982,0.6475368113072761,63,32,22,0,573.9118102312211,5.414262360671898,2.5401293658184647,8.429068666445954,193.81430253443986,1.82843681636264,0.0,6.012,380.0975076967812,3.5858255443092566,0.0,8.429068666445954,1938.1430253443987,3800.9750769678117,5739.11810231221,317.14181023122114,0.33770746494370757,0.6622925350562923,19.0,4.0,4.0,76.0,8000.0,608000.0,102.0075276497052,200.05131984041114,302.05884749011636
Sonora,Huatabampo,33,Navojoa,149,Pepino,2015,2016,26.604878,-109.232063,39.0,0,0.0,0.0,664.0551811604943,6.264671520382022,3.2457916788041437,8.751043057284296,30.23900943396227,27.66,32.85,33.13169811320755,28.78,36.67,27.34632075471698,24.26,29.68,68.96811320754716,48.41,86.92,23.84783018867925,9.6,30.19,2.3939622641509435,1.1,6.67,371.5,3.5047169811320753,0.0,26.27,222.9,2.1028301886792455,0.0,15.761999999999999,16.415186551104654,7.533392525908892,19.88536399809095,0.5594414598961059,65,30,22,0,580.1517369757878,5.473129594111206,2.549379148625893,7.923512735576927,193.14069440328126,1.8220820226724648,0.0,6.838668201366448,387.01104257250654,3.651047571438741,0.0,7.918613268314992,1931.4069440328126,3870.1104257250654,5801.5173697578775,357.2517369757878,0.3329141017660037,0.6670858982339962,19.27,35.0,35.0,674.56,8150.0,5497664.0,100.22869455281851,200.8360366229925,301.064731175811
Sonora,Huatabampo,33,Navojoa,149,Pepino,2016,2017,26.604878,-109.232063,39.0,1,1.0,0.0,681.2457491931507,6.426846690501422,3.1978684063329066,8.686592950701645,29.646367924528306,26.845,32.41,32.692358490566036,28.62,37.77,26.600377358490565,23.34,29.08,67.79245283018867,45.28,88.07,24.902075471698115,6.03,30.22,2.4827358490566036,1.18,7.43,648.2600000000001,6.115660377358491,0.0,117.0,388.956,3.6693962264150946,0.0,70.2,16.943428983429214,5.084099299538396,19.409085152017575,0.9515802495175668,53,25,16,0,595.1654782243602,5.614768662493964,2.39840130474968,8.085157212904086,165.23499875068921,1.5588207429310303,0.0,7.1710132481955355,429.9304794736709,4.055947919562933,0.0,7.954078364047545,1652.3499875068921,4299.3047947367095,5951.654782243601,206.20947822436017,0.2776286676499748,0.722371332350025,80.47,3.0,3.0,241.42,8012.45,1934365.68,20.533739126468152,53.42742381927066,73.9611629457388
Sonora,Huatabampo,33,Navojoa,149,Pepino,2017,2018,26.604878,-109.232063,39.0,1,1.0,0.0,680.7732374961738,6.422389032982772,3.0353823927076005,8.857965258978373,29.945896226415098,26.05,32.145,33.261981132075476,28.41,36.42,26.629811320754715,21.62,28.78,66.65537735849057,45.02,81.93,24.349528301886796,4.24,30.42,2.415,1.13,7.94,462.47,4.362924528301887,0.0,128.05,277.4819999999999,2.617754716981131,0.0,76.83,16.620034806834447,4.034314876501589,19.757603931967815,0.679330465017875,62,21,14,0,597.5874827965439,5.637617762231546,2.2765367945307005,8.562495659328768,153.77427860581,1.4507007415642452,0.0,6.240341434202083,443.813204190734,4.186917020667302,0.0,8.556495659328768,1537.7427860581,4438.13204190734,5975.87482796544,320.105482796544,0.2573251331942044,0.7426748668057958,21.04,1.7,1.7,35.77,3730.0,133422.1,73.08663431835076,210.9378346914135,284.0244690097643
Sonora,Huatabampo,33,Navojoa,149,Pepino,2018,2019,26.604878,-109.232063,39.0,2,1.5,0.0,681.7152854969688,6.431276278273291,3.1449962357833856,9.707564300862382,30.138396226415097,26.97,32.345,33.31962264150943,28.06,38.13,26.957169811320757,23.59,28.92,67.0288679245283,44.7,85.25,24.25933962264151,7.45,30.27,2.483301886792453,1.09,5.64,364.5899999999999,3.4395283018867917,0.0,105.16,218.75400000000002,2.0637169811320755,0.0,63.096,16.59236353603826,6.140459695893307,19.990148214420994,0.5348127110487404,52,16,18,0,598.9676308925871,5.650638027288557,1.9657204337809586,7.72112940639956,116.92494860360792,1.1030655528642257,0.0,5.533709600170025,482.04268228897917,4.5475724744243315,0.0,7.714822677412713,1169.2494860360791,4820.426822889792,5989.676308925871,380.21363089258705,0.19521079699977323,0.8047892030002268,25.23,10.0,10.0,252.27,5643.64,1423721.06,46.34361815442248,191.05932710621448,237.40294526063695
Sonora,Huatabampo,33,Navojoa,149,Pepino,2020,2021,26.604878,-109.232063,39.0,1,1.0,0.0,735.7785538798921,6.941307112074454,3.5784196855303287,9.695944947813542,30.888160377358492,27.875,33.215,34.4483962264151,30.02,37.25,27.327924528301885,23.3,29.57,64.34433962264151,45.27,83.0,25.12056603773585,11.29,30.2,2.7522641509433963,1.25,4.53,215.95999999999998,2.0373584905660374,0.0,29.35,172.768,1.6298867924528302,0.0,23.480000000000004,17.119511001155434,8.580565145570965,20.42693523377565,0.2935122243794743,49,11,45,0,647.6250868990285,6.10967063112291,2.683814764147747,9.695944947813542,139.01350367687212,1.31144814789502,0.0,6.964890557950549,508.6115832221563,4.79822248322789,0.0,9.671944947813543,1390.1350367687212,5086.115832221563,6476.250868990284,474.85708689902845,0.21465120250745595,0.7853487974925439,42.59,98.5,98.5,4195.46,7691.77,32270513.36,32.639939816124,119.42042339097354,152.06036320709754
Sonora,Huatabampo,33,Navojoa,149,Pepino,2021,2022,26.604878,-109.232063,39.0,4,2.6,0.6,687.9901289097481,6.490472914242907,2.8565612541661536,10.360589643846575,30.057075471698116,27.33,33.015,33.255471698113205,28.54,37.5,26.858679245283017,22.53,29.09,68.1293396226415,42.89,85.05,24.697452830188677,8.69,30.11,2.516698113207547,1.23,5.62,400.35,3.77688679245283,0.0,70.59,240.20999999999998,2.266132075471698,0.0,42.354,16.899574224963715,6.865441011032917,19.941691330739136,0.5819124187645411,61,20,16,0,601.3929055332306,5.673517976728591,2.4670017901549524,7.906449302350521,159.9767213591399,1.5092143524447161,0.0,7.072828108185675,441.41618417409063,4.164303624283874,0.0,7.614251006505722,1599.767213591399,4414.161841740906,6013.929055332305,361.18290553323067,0.2660103235127043,0.7339896764872955,28.0,30.0,30.0,840.0,7514.43,6312121.2,57.13454334254997,157.64863720503237,214.78318054758233
Sonora,Huatabampo,33,Navojoa,149,Pepino,2022,2023,26.604878,-109.232063,39.0,3,2.0,0.3333333333333333,639.363684970557,6.031732877080726,2.0158967969513597,8.747274328742597,29.791933962264153,27.54,32.08,32.79301886792453,28.84,36.14,26.790849056603772,22.68,28.72,70.29915094339623,52.09,85.09,23.253396226415095,4.08,29.74,2.4483018867924526,1.12,6.66,351.71,3.318018867924528,0.0,26.08,211.026,1.9908113207547171,0.0,15.647999999999998,16.0378163737654,3.875880316288014,19.846025294881,0.5500938014898303,72,22,10,0,559.3986290714452,5.277345557277784,2.0158967969513597,8.000497740578572,169.93141563036673,1.6031265625506295,0.0,6.819564748312908,389.46721344107834,3.674218994727154,0.0,7.874497740578572,1699.3141563036672,3894.6721344107837,5593.986290714451,348.37262907144515,0.30377517355099465,0.6962248264490052,30.0,8.0,8.0,240.0,7135.42,1712500.8,56.64380521012224,129.82240448035947,186.46620969048172
Sonora,Huatabampo,33,Navojoa,149,Pepino,2023,2024,26.604878,-109.232063,39.0,3,2.0,0.3333333333333333,776.6182642868724,7.326587398932759,3.770148840465453,11.343819446305696,31.74433962264151,26.925,34.370000000000005,35.49358490566038,30.48,40.19,27.995094339622643,21.92,30.93,61.17905660377359,43.08,79.69,25.431981132075475,11.16,30.58,2.791792452830189,1.29,5.7,108.82,1.0266037735849056,0.0,7.84,87.056,0.8212830188679245,0.0,6.272,17.304144933313818,8.413593379388557,19.542434002525674,0.1401203203737729,34,3,66,0,686.4487500504441,6.475931604249473,3.318483020758463,9.313498851513257,82.77851328969426,0.780929370657493,0.0,6.048,603.6702367607498,5.69500223359198,0.0,9.313498851513257,827.7851328969426,6036.702367607499,6864.487500504441,599.3927500504441,0.1205895025427772,0.8794104974572228,34.0,5.0,5.0,170.0,6500.0,1105000.0,24.34662155579243,177.55006963551466,201.8966911913071
Sonora,Huatabampo,33,Navojoa,149,Sandía,2011,2012,26.604878,-109.232063,39.0,4,3.3333333333333335,1.0,796.2035987379139,7.2382145339810355,4.593291404603529,9.373217680335717,27.083863636363635,19.32,32.675,31.94709090909091,22.75,37.44,22.220636363636363,15.37,28.21,55.224090909090904,37.8,80.73,27.46281818181819,16.9,30.89,2.841909090909091,1.21,5.14,90.33,0.8211818181818181,0.0,18.43,72.26399999999998,0.6569454545454544,0.0,14.744,17.844955313151477,12.167276987510023,19.94342393440616,0.11345088133636268,11,5,21,0,667.3224393423303,6.066567630384821,2.0878162001671297,9.373217680335717,37.11382834544874,0.33739843950407944,0.0,6.102530283919794,630.2086109968816,5.729169190880742,0.0,9.373217680335717,371.13828345448735,6302.086109968815,6673.224393423303,595.0584393423303,0.05561603530375169,0.9443839646962483,33.35,20.0,20.0,667.0,1700.0,1133900.0,11.128584211528855,188.96809924943975,200.0966834609686
Sonora,Huatabampo,33,Navojoa,149,Sandía,2012,2013,26.604878,-109.232063,39.0,3,2.0,0.3333333333333333,806.6201848465129,7.332910771331935,4.92029383164624,9.206527896244802,27.42104545454545,19.52,31.490000000000002,32.152727272727276,24.22,37.12,22.68936363636364,14.69,28.18,53.94854545454544,31.0,78.88,27.19045454545454,19.43,30.86,2.924909090909091,1.64,5.15,96.57000000000002,0.8779090909090911,0.0,16.14,77.256,0.7023272727272727,0.0,12.912,17.64452475132641,13.58563037259162,19.959178193950127,0.1197217746520635,18,6,8,0,677.8214375521584,6.162013068655986,2.257705585514747,9.206527896244802,58.98258708671759,0.536205337151978,0.0,5.032,618.8388504654408,5.625807731504008,0.0,9.206527896244802,589.8258708671758,6188.388504654408,6778.214375521584,600.5654375521584,0.08701788379506493,0.9129821162049351,35.91,35.0,35.0,1256.85,1800.0,2262330.0,16.425114755421216,172.33050695222525,188.75562170764647
Sonora,Huatabampo,33,Navojoa,149,Sandía,2013,2014,26.604878,-109.232063,39.0,1,1.0,0.0,802.0450011558069,7.291318192325517,3.152838255024734,9.051267572355144,27.367090909090916,20.78,31.845,32.02063636363636,24.9,37.0,22.713545454545454,15.9,28.29,55.91681818181819,41.6,81.71,27.584636363636356,10.74,30.79,2.9536363636363627,1.77,4.89,88.49000000000001,0.8044545454545455,0.0,38.09,70.792,0.6435636363636363,0.0,30.472000000000005,17.9457525012029,8.225378569141997,20.232244120826522,0.11033046758284049,12,4,13,0,670.1627713034586,6.0923888300314415,2.3646286912685506,8.400261754093636,32.383677499489174,0.2943970681771743,0.0,4.412574260594313,637.7790938039695,5.797991761854268,0.0,8.400261754093636,323.83677499489175,6377.790938039696,6701.627713034588,599.3707713034586,0.04832210753292563,0.9516778924670746,34.25,15.0,15.0,513.75,1550.0,796312.5,9.455088321018737,186.21287410334878,195.66796242436752
Sonora,Huatabampo,33,Navojoa,149,Sandía,2014,2015,26.604878,-109.232063,39.0,1,1.0,0.0,790.6788777376107,7.187989797614643,3.356898277999595,9.720764891908612,28.144681818181812,20.965,32.425,32.553636363636365,25.24,36.98,23.735727272727267,15.09,29.0,56.152454545454546,31.3,87.6,26.455545454545454,9.49,30.89,2.769727272727273,1.15,4.46,157.51,1.4319090909090908,0.0,22.71,126.00800000000001,1.1455272727272727,0.0,18.168000000000003,17.34788227946316,7.480709584456318,19.900596999627982,0.1992085591696686,24,11,27,0,664.5966405636509,6.041787641487735,1.5618118040672648,9.369133489029663,68.18050897435451,0.6198228088577683,0.0,5.352548802059225,596.4161315892964,5.421964832629967,0.0,9.369133489029663,681.8050897435451,5964.161315892963,6645.966405636508,538.5886405636509,0.10258930727746375,0.8974106927225362,33.55,69.0,69.0,2314.74,1726.87,3997255.06,20.322059306812076,177.769338774753,198.09139808156507
Sonora,Huatabampo,33,Navojoa,149,Sandía,2015,2016,26.604878,-109.232063,39.0,0,0.0,0.0,743.8733007333523,6.762484552121384,2.937331109399222,8.751043057284296,27.590090909090904,21.9,31.825,31.60627272727273,23.64,36.67,23.573909090909098,17.56,28.85,56.84272727272728,39.33,76.38,24.836090909090906,6.73,30.83,2.770909090909091,1.49,6.67,104.37000000000002,0.948818181818182,0.0,26.27,83.49600000000001,0.7590545454545455,0.0,21.016000000000002,16.440341668285747,5.854124518198727,19.88536399809095,0.14030615146034436,25,3,19,0,623.7340346335136,5.670309405759214,1.6710790830089008,8.751043057284296,63.30565111548251,0.5755059192316592,0.0,5.129001151024836,560.4283835180311,5.094803486527555,0.0,8.751043057284296,633.0565111548251,5604.283835180311,6237.340346335136,540.2380346335136,0.10149462367029388,0.8985053763297061,33.86,206.0,206.0,6974.75,2000.0,13949500.0,18.696293891164355,165.51340328352958,184.20969717469393
Sonora,Huatabampo,33,Navojoa,149,Sandía,2016,2017,26.604878,-109.232063,39.0,1,1.0,0.0,782.2008954313277,7.110917231193888,4.624876709254829,8.686592950701645,27.459045454545453,20.115000000000002,32.245,31.85918181818182,24.32,37.77,23.058909090909093,15.0,28.64,55.03781818181818,38.12,77.97,26.799545454545452,7.14,31.1,2.7305454545454535,1.55,4.86,99.92999999999999,0.9084545454545454,0.0,37.2,79.944,0.7267636363636364,0.0,29.760000000000005,17.490949276450735,5.974658183330587,19.526894263324518,0.12775490361065844,20,4,13,0,651.8686135196735,5.926078304724305,1.862838448186442,8.686592950701645,45.9823142407983,0.41802103855271183,0.0,5.378259936146652,605.8862992788753,5.508057266171593,0.0,8.686592950701645,459.823142407983,6058.862992788753,6518.686135196736,571.9246135196736,0.07053923641533102,0.9294607635846691,32.8,120.0,120.0,3936.0,2122.17,8352861.12,14.018998244145825,184.7214327069742,198.74043095112003
Sonora,Huatabampo,33,Navojoa,149,Sandía,2017,2018,26.604878,-109.232063,39.0,1,1.0,0.0,781.2267187873055,7.102061079884595,4.793313662087153,8.857965258978373,27.23231818181818,19.83,31.49,31.82954545454545,23.72,35.71,22.635090909090906,15.21,27.68,56.04418181818181,33.84,81.09,27.209545454545456,19.73,30.89,2.7663636363636366,1.59,5.14,106.66,0.9696363636363636,0.0,28.43,85.328,0.7757090909090909,0.0,22.744,17.725840228310183,13.868536809220169,19.757603931967815,0.1365288685537635,18,6,7,0,650.0938908737146,5.909944462488315,2.0799755268752445,8.857965258978373,55.723519874787804,0.5065774534071619,0.0,5.208,594.3703709989267,5.403367009081151,0.0,8.857965258978373,557.235198747878,5943.703709989267,6500.938908737145,564.7658908737146,0.08571611063733638,0.9142838893626634,34.13,139.0,139.0,4744.07,5150.0,24431960.5,16.32684438171339,174.14895136212326,190.47579574383664
Sonora,Huatabampo,33,Navojoa,149,Sandía,2018,2019,26.604878,-109.232063,39.0,3,2.8,0.8,791.8719370240258,7.198835791127507,3.1449962357833856,9.707564300862382,27.59045454545454,22.134999999999998,32.345,32.18354545454545,26.89,38.13,22.997363636363634,16.15,28.17,55.559727272727265,37.41,85.25,26.74218181818182,7.45,30.95,2.887818181818182,1.5,5.64,215.81000000000003,1.9619090909090913,0.0,105.16,172.64800000000002,1.5695272727272729,0.0,84.128,17.463170002231273,6.140459695893307,19.990148214420994,0.2725314408931406,16,6,14,0,661.1153825885059,6.0101398417136895,2.240486299834919,9.707564300862382,46.62845370835657,0.42389503371233245,0.0,5.232326822854838,614.4869288801493,5.586244808001357,0.0,9.707564300862382,466.2845370835657,6144.869288801493,6611.153825885059,488.46738258850587,0.07052997848240847,0.9294700215175915,38.0,132.7,132.7,5042.6,4010.5,20223347.3,12.270645712725413,161.7070865474077,173.9777322601331
Sonora,Huatabampo,33,Navojoa,149,Sandía,2019,2020,26.604878,-109.232063,39.0,1,1.0,0.0,793.8849984317412,7.217136349379466,4.879349045603045,9.589065425457921,27.063272727272725,21.43,32.66,31.84718181818182,25.24,37.89,22.279363636363634,16.21,28.78,55.43199999999999,42.92,73.34,27.440545454545454,18.91,30.8,2.876727272727272,1.74,5.09,41.96,0.38145454545454544,0.0,8.19,33.568,0.30516363636363636,0.0,6.552,17.853120494325317,13.127093427377824,20.03639756268496,0.05285400288818753,10,2,26,0,658.1714305933418,5.983376641757653,1.951739618241218,8.407961982261774,29.394492446693082,0.26722265860630073,0.0,4.291840489574262,628.7769381466487,5.716153983151352,0.0,8.407961982261774,293.94492446693084,6287.769381466487,6581.714305933418,624.6034305933418,0.04466084530620531,0.9553391546937946,32.5,135.0,135.0,4387.5,5096.5,22360893.75,9.044459214367103,193.46982712204576,202.51428633641285
Sonora,Huatabampo,33,Navojoa,149,Sandía,2020,2021,26.604878,-109.232063,39.0,1,1.0,0.0,800.1763936134348,7.274330851031226,3.2633887012042817,9.695944947813542,27.987545454545458,19.185,32.34,32.58745454545454,23.43,37.15,23.38763636363637,14.94,28.36,54.98981818181818,37.44,70.69,27.01372727272728,8.74,30.59,2.734363636363636,1.25,4.53,71.02000000000001,0.6456363636363637,0.0,29.35,56.816,0.5165090909090909,0.0,23.480000000000004,17.699267443047628,6.883013294894843,20.42693523377565,0.0887554301362079,15,3,23,0,677.0808036963211,6.15528003360292,1.3053554804817127,9.008632288087968,37.78715105916425,0.3435195550833114,0.0,5.023440101883271,639.2936526371569,5.811760478519608,0.0,8.992632288087968,377.8715105916425,6392.936526371569,6770.808036963212,620.2648036963211,0.05580892391702223,0.9441910760829778,34.5,65.0,65.0,2242.5,3100.0,6951750.0,10.952797408453407,185.3025080107701,196.25530541922353
Sonora,Huatabampo,33,Navojoa,149,Sandía,2021,2022,26.604878,-109.232063,39.0,4,3.4285714285714284,1.0,802.9641302297048,7.299673911179134,4.07030987215539,10.360589643846575,27.85336363636364,22.61,33.015,32.473454545454544,26.5,37.5,23.233272727272727,16.95,29.09,55.844545454545454,36.56,82.54,27.135727272727276,15.95,30.75,2.9299090909090912,1.99,5.62,212.26999999999998,1.9297272727272725,0.0,70.59,169.81600000000003,1.5437818181818184,0.0,56.47200000000001,17.725384356399793,11.596238932220729,19.941691330739136,0.26435801053687874,22,8,15,0,671.5169279185465,6.104699344714058,2.3981475300171815,10.360589643846575,66.54522861591389,0.6049566237810353,0.0,5.304621081139256,604.9716993026327,5.499742720933025,0.0,10.360589643846575,665.4522861591388,6049.716993026327,6715.169279185466,501.7009279185464,0.09909687432925843,0.9009031256707418,36.0,313.0,313.0,11268.0,3000.0,33804000.0,18.484785726642745,168.0476942507313,186.53247997737404
Sonora,Huatabampo,33,Navojoa,149,Sandía,2022,2023,26.604878,-109.232063,39.0,3,2.4285714285714284,0.5714285714285714,773.6692052096954,7.033356410997231,4.01915031604718,9.99665008128471,27.60981818181818,21.655,32.019999999999996,32.25681818181818,26.06,36.14,22.962818181818186,16.43,28.49,59.41854545454545,37.09,74.99,27.137272727272727,12.97,30.61,2.7632727272727267,1.12,4.83,128.24,1.1658181818181819,0.0,26.08,102.59200000000001,0.9326545454545456,0.0,20.864,17.85252426184615,9.670920452994766,19.8541293929976,0.1657555957203206,25,7,11,0,649.5367209168334,5.904879281062121,2.1025067357098344,9.99665008128471,69.12548538788356,0.6284135035262142,0.0,5.114673561234682,580.4112355289498,5.276465777535907,0.0,9.99665008128471,691.2548538788355,5804.112355289498,6495.367209168333,546.9447209168334,0.10642275203519153,0.8935772479648084,40.0,150.0,150.0,6000.0,3150.0,18900000.0,17.28137134697089,145.10280888223744,162.38418022920834
Sonora,Huatabampo,33,Navojoa,149,Sandía,2023,2024,26.604878,-109.232063,39.0,3,2.6666666666666665,0.6666666666666666,814.2597951928608,7.4023617744805525,3.976874258272543,11.343819446305696,27.631045454545458,18.915,33.975,32.406090909090906,24.95,40.19,22.855999999999998,12.72,30.3,53.50645454545454,35.78,68.36,27.240363636363632,9.14,30.58,2.860909090909091,1.66,5.19,31.080000000000002,0.28254545454545454,0.0,4.2,24.864,0.22603636363636365,0.0,3.3600000000000003,17.718929862915257,7.241516267131485,19.57282018272896,0.038169636009891136,11,0,28,0,675.2663582726749,6.138785075206135,2.1373079666646957,10.072973739089653,24.864,0.22603636363636365,0.0,3.3600000000000003,650.4023582726747,5.912748711569771,1.8841659398103863,10.072973739089653,248.64000000000001,6504.023582726748,6752.663582726748,650.4023582726749,0.03682102580025145,0.9631789741997483,45.33,150.0,150.0,6800.0,3333.82,22670000.0,5.485109199205825,143.48165856445507,148.9667677636609
Sonora,Huatabampo,33,Navojoa,149,Tomate rojo (jitomate),2010,2011,26.604878,-109.232063,39.0,4,3.0,0.75,698.5438114442163,5.136351554736884,2.3670218755167145,8.496871973218619,20.992058823529412,16.990000000000002,27.865000000000002,25.76698529411765,19.07,33.36,16.217132352941174,10.05,22.58,57.923676470588234,37.29,77.7,21.81875,6.53,30.18,2.863455882352941,1.29,6.62,70.97,0.5218382352941177,0.0,22.39,56.776,0.41747058823529415,0.0,17.912000000000003,13.133284355641987,5.399577430563955,19.089248887902233,0.1015970635446213,9,4,0,0,665.3250389498849,4.892095874631506,1.5304127804984755,8.548974780240568,21.952545520707694,0.16141577588755657,0.0,3.3520000000000003,643.3724934291772,4.73068009874395,0.0,8.548974780240568,219.52545520707696,6433.724934291772,6653.2503894988495,608.5490389498849,0.03299521923202601,0.967004780767974,28.56,494.0,494.0,14108.64,4800.0,67721472.0,7.686465518455076,225.27048089256905,232.95694641102412
Sonora,Huatabampo,33,Navojoa,149,Tomate rojo (jitomate),2011,2012,26.604878,-109.232063,39.0,3,2.5,0.5,737.7792687683132,5.424847564472891,2.980328099479279,8.601043184938407,20.805698529411764,7.545,27.77,26.148823529411764,9.93,33.54,15.462573529411763,4.48,22.01,52.76014705882353,37.34,69.78,22.56316176470588,7.15,30.76,2.8109558823529412,1.18,5.14,1.0699999999999998,0.007867647058823528,0.0,0.47,0.8560000000000001,0.006294117647058824,0.0,0.376,13.376425103758741,4.925632864955008,19.445775016371012,0.0014502982738811747,0,0,0,1,700.1508954464663,5.148168348871075,1.7881968596875675,9.014580949358493,0.8560000000000001,0.006294117647058824,0.0,0.376,699.2948954464663,5.141874231224016,1.7881968596875675,9.014580949358493,8.56,6992.948954464663,7001.5089544646635,699.2948954464663,0.001222593594562431,0.9987774064054376,47.45,182.8,45.8,2173.05,4801.41,10433697.3,0.1804004214963119,147.37510968313305,147.55551010462935
Sonora,Huatabampo,33,Navojoa,149,Tomate rojo (jitomate),2012,2013,26.604878,-109.232063,39.0,3,2.75,0.75,743.5642309041261,5.427476137986322,2.472144517687985,8.91881600848339,21.27379562043796,15.780000000000001,28.825,26.524963503649637,18.58,35.05,16.022627737226276,11.38,23.3,51.48970802919708,31.0,74.47,21.93116788321168,3.97,30.4,2.7076642335766428,1.36,5.15,4.8999999999999995,0.03576642335766423,0.0,3.8,3.920000000000001,0.028613138686131395,0.0,3.04,13.04094129284001,3.9920029830719126,19.611034231971157,0.006589881272317142,1,0,1,0,699.8516770485928,5.1084064018145465,1.483286710612791,8.068176467614158,3.920000000000001,0.028613138686131395,0.0,3.04,695.9316770485929,5.079793263128415,0.34640402919569535,8.068176467614158,39.20000000000001,6959.316770485929,6998.516770485929,695.9316770485929,0.005601186835089663,0.9943988131649104,39.03,89.8,89.8,3505.13,4310.74,15109695.0,1.0043556238790676,178.306860632486,179.31121625636507
Sonora,Huatabampo,33,Navojoa,149,Tomate rojo (jitomate),2013,2014,26.604878,-109.232063,39.0,1,1.0,0.0,755.7075375898339,5.556673070513485,2.8915011025681734,8.113007569382562,21.191985294117647,12.51,27.105,26.390367647058824,17.84,32.78,15.993602941176471,7.02,22.18,52.29904411764706,31.25,75.64,22.226029411764706,7.66,30.49,2.994044117647059,1.61,5.43,7.44,0.05470588235294118,0.0,3.39,5.952,0.04376470588235294,0.0,2.712,13.240071148858185,5.2201623038522635,19.38683804123508,0.009845078459490128,2,0,0,0,717.4976276495001,5.2757178503639715,1.734900661540904,8.854189248808826,5.174453398669328,0.038047451460803884,0.0,1.9344533986693282,712.3231742508309,5.237670398903169,0.0,8.854189248808826,51.744533986693284,7123.231742508309,7174.976276495003,711.5456276495001,0.007211805585505107,0.9927881944144951,49.93,83.8,71.8,3585.0,5227.67,18741192.03,1.0363415579149466,142.66436496111174,143.70070651902668
Sonora,Huatabampo,33,Navojoa,149,Tomate rojo (jitomate),2014,2015,26.604878,-109.232063,39.0,1,1.0,0.0,756.7161563381974,5.564089384839686,2.3764952977137113,9.720764891908612,22.955000000000002,17.265,29.5,28.09110294117647,21.18,36.98,17.818897058823527,12.87,23.35,52.830588235294115,31.2,75.42,21.415,4.25,30.49,2.6608823529411763,1.42,4.68,6.609999999999999,0.048602941176470585,0.0,5.79,5.288000000000001,0.03888235294117648,0.0,4.632000000000001,12.901728558963999,3.956342368538194,19.146697707336262,0.008735111500706227,1,1,2,0,714.2920699163304,5.252147572914194,1.4258971786282266,11.178879625694902,4.807826047581263,0.03535166211456811,0.0,4.151826047581262,709.4842438687492,5.216795910799626,0.0,11.178879625694902,48.07826047581263,7094.842438687492,7142.920699163305,709.0040699163304,0.006730896575884476,0.9932691034241156,62.43,45.8,45.8,2859.19,5554.92,15882571.69,0.7701146960726033,113.64476115148955,114.41487584756214
Sonora,Huatabampo,33,Navojoa,149,Tomate rojo (jitomate),2015,2016,26.604878,-109.232063,39.0,0,0.0,0.0,662.4628361983556,4.87105026616438,1.9152821669396003,8.265915841522045,22.626985294117645,14.445,27.045,27.03529411764706,17.62,32.56,18.218676470588235,10.31,22.58,59.464338235294115,41.93,82.63,19.453897058823525,3.2,29.96,2.5043382352941177,1.22,5.37,71.19,0.5234558823529412,0.0,14.1,56.95200000000001,0.41876470588235304,0.0,11.280000000000001,12.087367431681903,3.4318853389809103,18.81614282245372,0.10746263203009955,14,4,0,0,629.2542691958031,4.626869626439729,1.1491693001637602,9.441229022731365,34.447864201945585,0.25329311913195285,0.0,3.7786769232003077,594.8064049938574,4.373576507307775,0.0,9.441229022731365,344.47864201945583,5948.0640499385745,6292.54269195803,572.3022691958031,0.05474394992340775,0.9452560500765921,62.69,61.0,61.0,3824.08,5316.68,20331406.08,5.49495361332678,94.88058781206851,100.3755414253953
Sonora,Huatabampo,33,Navojoa,149,Tomate rojo (jitomate),2016,2017,26.604878,-109.232063,39.0,1,1.0,0.0,754.7559203246524,5.509167301639798,2.543079004743189,8.023360635761343,22.529233576642337,16.009999999999998,28.85,27.64452554744526,18.33,34.15,17.413941605839415,11.53,23.97,53.2821897810219,35.61,75.51,21.838248175182482,5.34,30.09,2.684598540145985,1.49,5.61,8.44,0.06160583941605839,0.0,3.46,6.752000000000001,0.04928467153284672,0.0,2.7680000000000002,13.112823960097717,4.257143865121389,18.81604084131963,0.011182423049254916,2,0,0,0,718.4267868434135,5.243991144842434,1.5258474028459135,8.28609358551037,5.971716290994576,0.043589170007259675,0.0,2.704,712.455070552419,5.2004019748351755,0.0,8.28609358551037,59.717162909945756,7124.55070552419,7184.267868434135,711.6747868434136,0.00831221274088734,0.9916877872591127,78.01,50.0,50.0,3900.6,4943.3,19281816.54,0.7655065108312492,91.3286848548159,92.09419136564715
Sonora,Huatabampo,33,Navojoa,149,Tomate rojo (jitomate),2017,2018,26.604878,-109.232063,39.0,1,1.0,0.0,721.0101422780081,5.301545163808883,2.256456489118572,8.841101072380019,22.104742647058824,16.075,27.425,27.10095588235294,19.4,33.13,17.108529411764707,11.52,21.91,57.781029411764706,33.84,79.2,22.193897058823527,6.81,30.31,2.704558823529412,1.17,5.71,32.92,0.24205882352941177,0.0,24.29,26.336,0.1936470588235294,0.0,19.432000000000002,13.420064517059844,5.3682996847921505,19.465660512486608,0.045658164940635,3,1,0,0,685.9058558666645,5.043425410784298,1.3538738934711432,9.22365691185238,7.820436498968582,0.057503209551239574,0.0,3.0105626054974386,678.085419367696,4.985922201233059,0.0,9.22365691185238,78.20436498968581,6780.85419367696,6859.058558666646,659.5698558666645,0.011401617921875305,0.9885983820781248,25.43,11.0,11.0,279.73,3880.0,1085352.4,3.075279787246788,266.6478251544223,269.72310494166913
Sonora,Huatabampo,33,Navojoa,149,Tomate rojo (jitomate),2018,2019,26.604878,-109.232063,39.0,3,2.4444444444444446,0.6666666666666666,716.6436471234389,5.269438581789991,1.9973422866347426,9.257077593732369,22.27176470588235,16.575,29.380000000000003,27.30014705882353,19.32,36.7,17.24338235294118,11.79,23.16,55.42904411764706,36.83,79.56,21.080955882352942,4.67,30.25,2.673308823529412,1.03,4.85,43.68,0.3211764705882353,0.0,34.19,34.944,0.25694117647058823,0.0,27.352,12.78139938622915,4.42030156721764,19.42272310450871,0.06095079496668768,4,1,1,0,674.6066709756464,4.960343168938576,1.8077435766784704,9.918880552860339,9.31837445078117,0.06851745919692036,0.0,3.1094308211512165,665.2882965248652,4.891825709741656,0.0,9.918880552860339,93.1837445078117,6652.882965248653,6746.066709756465,639.6626709756464,0.013813048183031631,0.9861869518169685,30.3,3.0,3.0,90.9,5018.63,456193.47,3.075371105868373,219.5670945626618,222.64246566853018
Sonora,Huatabampo,33,Navojoa,149,Tomate rojo (jitomate),2019,2020,26.604878,-109.232063,39.0,1,1.0,0.0,688.8613873145703,5.065157259665958,1.6305846876662526,8.129448791119398,21.38761029411765,15.115,26.89,26.263970588235296,18.3,32.24,16.511249999999997,10.13,21.54,57.89610294117647,42.24,82.06,20.900882352941178,2.74,30.56,2.7596323529411766,1.17,5.09,38.790000000000006,0.28522058823529417,0.0,20.11,31.032000000000004,0.22817647058823531,0.0,16.088,12.767629507687031,3.171840712104043,19.312609852798403,0.056310312516161476,5,2,0,0,655.9377185274207,4.823071459760446,0.9783508125997515,9.348866109787306,12.2322578603969,0.08994307250291837,0.0,3.6054501949139874,643.7054606670238,4.733128387257528,0.0,9.348866109787306,122.32257860396899,6437.054606670237,6559.377185274207,624.9057185274206,0.018648505056026207,0.9813514949439738,24.66,11.96,11.96,294.9,8257.7,2435195.73,4.96036409586249,261.03222249271033,265.9925865885728
Sonora,Huatabampo,33,Navojoa,149,Tomate rojo (jitomate),2020,2021,26.604878,-109.232063,39.0,1,1.0,0.0,678.9213060811645,4.9556299713953615,2.276732660522829,7.849241969585001,21.509124087591243,12.61,28.904999999999998,26.357664233576646,16.49,34.29,16.66058394160584,8.73,23.95,59.48043795620438,37.44,81.76,20.111313868613138,5.71,30.45,2.8206569343065695,1.32,6.1,25.919999999999998,0.1891970802919708,0.0,6.97,20.736000000000004,0.15135766423357666,0.0,5.5760000000000005,12.383366436706222,5.028279383154191,19.535924820479906,0.03817820970977347,8,1,0,0,636.6965551096533,4.64742011028944,1.3660395963136973,8.086141581782655,18.118252441068314,0.1322500178180169,0.0,2.958252441068314,618.5783026685849,4.515170092471423,0.0,8.086141581782655,181.18252441068313,6185.783026685849,6366.965551096532,615.9605551096533,0.02845665222414773,0.971543347775852,29.47,3.0,3.0,88.4,8729.0,771643.6,6.148032725167395,209.90101888991686,216.04905161508424
Sonora,Huatabampo,33,Navojoa,149,Tomate rojo (jitomate),2021,2022,26.604878,-109.232063,39.0,4,3.111111111111111,1.0,732.355873142871,5.384969655462287,1.5549562982643004,8.61082227777272,21.276139705882354,15.254999999999999,30.215000000000003,26.470147058823528,18.79,35.8,16.082132352941176,10.31,25.19,54.71382352941176,33.45,88.19,22.10669117647059,4.5,30.19,2.7876470588235294,1.37,6.3,17.689999999999998,0.1300735294117647,0.0,7.6,14.152000000000001,0.10405882352941177,0.0,6.08,13.217545012140777,4.037498765708421,19.637319557582032,0.02415492337636918,3,1,2,0,701.5022011166177,5.15810441997513,0.9329737789585801,9.482647312494185,6.3210694872233075,0.04647845211193608,0.0,1.9280000000000002,695.1811316293944,5.111625967863194,0.0,9.482647312494185,63.21069487223308,6951.8113162939435,7015.0220111661765,687.3502011166177,0.009010762157498195,0.9909892378425018,30.0,7.0,7.0,210.0,7300.0,1533000.0,2.1070231624077693,231.7270438764648,233.83406703887255
Sonora,Huatabampo,33,Navojoa,149,Tomate rojo (jitomate),2022,2023,26.604878,-109.232063,39.0,3,1.75,0.25,739.6009585145782,5.438242342018958,1.9187777611239636,9.99665008128471,21.681323529411763,15.55,29.33,27.01860294117647,19.21,35.32,16.34404411764706,10.74,23.34,55.6975,37.09,75.41,22.633014705882353,4.88,30.61,2.7813970588235297,1.25,5.24,3.2600000000000002,0.02397058823529412,0.0,2.98,2.608,0.019176470588235295,0.0,2.384,13.552444242834977,4.3051958550727125,19.21615495519842,0.004407782281066017,1,0,1,0,702.7109690932231,5.166992419803111,1.6808719138806272,10.059259489343937,2.430594425292558,0.017872017833033518,0.0,2.206594425292558,700.2803746679305,5.149120401970077,0.0,10.059259489343937,24.30594425292558,7002.803746679305,7027.1096909322305,700.1029690932231,0.0034588821467081876,0.9965411178532917,28.0,5.0,5.0,140.0,7500.0,1050000.0,0.8680694376044851,250.10013380997518,250.96820324757965
Sonora,Huatabampo,33,Navojoa,149,Tomate rojo (jitomate),2023,2024,26.604878,-109.232063,39.0,3,2.125,0.125,720.9349957410944,5.300992615743342,2.420430404520748,8.087516549829763,20.91301470588235,15.495000000000001,26.994999999999997,26.111911764705884,19.01,32.58,15.714117647058822,9.86,21.91,55.21558823529411,35.78,79.38,21.551691176470587,6.96,30.48,2.9270588235294115,1.5,5.53,14.790000000000001,0.10875000000000001,0.0,2.87,11.832,0.08700000000000001,0.0,2.2960000000000003,12.942681520281186,5.588986042109562,19.211200144121143,0.020515025747635442,5,0,0,0,680.5234649328236,5.003849006858997,1.4522582427124489,8.86253221154604,11.832,0.08700000000000001,0.0,2.2960000000000003,668.6914649328236,4.916849006858997,1.0922582427124488,8.86253221154604,118.32000000000001,6686.914649328236,6805.234649328236,668.6914649328236,0.017386615759337514,0.9826133842406625,30.0,12.0,12.0,360.0,7300.0,2628000.0,4.225714285714286,238.81838033315128,243.04409461886556
Sonora,Huatabampo,33,Navojoa,149,Tomate verde,2010,2011,26.604878,-109.232063,39.0,4,3.0,0.75,698.5438114442163,5.136351554736884,2.3670218755167145,8.496871973218619,20.992058823529412,16.990000000000002,27.865000000000002,25.76698529411765,19.07,33.36,16.217132352941174,10.05,22.58,57.923676470588234,37.29,77.7,21.81875,6.53,30.18,2.863455882352941,1.29,6.62,70.97,0.5218382352941177,0.0,22.39,56.776,0.41747058823529415,0.0,17.912000000000003,13.133284355641987,5.399577430563955,19.089248887902233,0.1015970635446213,9,4,0,0,665.3250389498849,4.892095874631506,1.5304127804984755,8.548974780240568,21.952545520707694,0.16141577588755657,0.0,3.3520000000000003,643.3724934291772,4.73068009874395,0.0,8.548974780240568,219.52545520707696,6433.724934291772,6653.2503894988495,608.5490389498849,0.03299521923202601,0.967004780767974,13.95,2319.0,2319.0,32350.05,3200.0,103520160.0,15.736591771116629,461.1989200209156,476.93551179203223
Sonora,Huatabampo,33,Navojoa,149,Tomate verde,2011,2012,26.604878,-109.232063,39.0,3,2.5,0.5,737.7792687683132,5.424847564472891,2.980328099479279,8.601043184938407,20.805698529411764,7.545,27.77,26.148823529411764,9.93,33.54,15.462573529411763,4.48,22.01,52.76014705882353,37.34,69.78,22.56316176470588,7.15,30.76,2.8109558823529412,1.18,5.14,1.0699999999999998,0.007867647058823528,0.0,0.47,0.8560000000000001,0.006294117647058824,0.0,0.376,13.376425103758741,4.925632864955008,19.445775016371012,0.0014502982738811747,0,0,0,1,700.1508954464663,5.148168348871075,1.7881968596875675,9.014580949358493,0.8560000000000001,0.006294117647058824,0.0,0.376,699.2948954464663,5.141874231224016,1.7881968596875675,9.014580949358493,8.56,6992.948954464663,7001.5089544646635,699.2948954464663,0.001222593594562431,0.9987774064054376,14.8,3135.0,128.0,1894.4,3200.0,6062080.0,0.5783783783783784,472.49655097734205,473.0749293557204
Sonora,Huatabampo,33,Navojoa,149,Tomate verde,2012,2013,26.604878,-109.232063,39.0,3,2.75,0.75,743.5642309041261,5.427476137986322,2.472144517687985,8.91881600848339,21.27379562043796,15.780000000000001,28.825,26.524963503649637,18.58,35.05,16.022627737226276,11.38,23.3,51.48970802919708,31.0,74.47,21.93116788321168,3.97,30.4,2.7076642335766428,1.36,5.15,4.8999999999999995,0.03576642335766423,0.0,3.8,3.920000000000001,0.028613138686131395,0.0,3.04,13.04094129284001,3.9920029830719126,19.611034231971157,0.006589881272317142,1,0,1,0,699.8516770485928,5.1084064018145465,1.483286710612791,8.068176467614158,3.920000000000001,0.028613138686131395,0.0,3.04,695.9316770485929,5.079793263128415,0.34640402919569535,8.068176467614158,39.20000000000001,6959.316770485929,6998.516770485929,695.9316770485929,0.005601186835089663,0.9943988131649104,14.77,1101.0,1101.0,16263.97,4100.0,66682277.0,2.654028436018958,471.17919908503245,473.8332275210514
Sonora,Huatabampo,33,Navojoa,149,Tomate verde,2013,2014,26.604878,-109.232063,39.0,1,1.0,0.0,755.7075375898339,5.556673070513485,2.8915011025681734,8.113007569382562,21.191985294117647,12.51,27.105,26.390367647058824,17.84,32.78,15.993602941176471,7.02,22.18,52.29904411764706,31.25,75.64,22.226029411764706,7.66,30.49,2.994044117647059,1.61,5.43,7.44,0.05470588235294118,0.0,3.39,5.952,0.04376470588235294,0.0,2.712,13.240071148858185,5.2201623038522635,19.38683804123508,0.009845078459490128,2,0,0,0,717.4976276495001,5.2757178503639715,1.734900661540904,8.854189248808826,5.174453398669328,0.038047451460803884,0.0,1.9344533986693282,712.3231742508309,5.237670398903169,0.0,8.854189248808826,51.744533986693284,7123.231742508309,7174.976276495003,711.5456276495001,0.007211805585505107,0.9927881944144951,14.9,1018.0,711.0,10590.35,5618.59,59502834.61,3.472787515885455,478.0692444636449,481.54203197953035
Sonora,Huatabampo,33,Navojoa,149,Tomate verde,2014,2015,26.604878,-109.232063,39.0,1,1.0,0.0,756.7161563381974,5.564089384839686,2.3764952977137113,9.720764891908612,22.955000000000002,17.265,29.5,28.09110294117647,21.18,36.98,17.818897058823527,12.87,23.35,52.830588235294115,31.2,75.42,21.415,4.25,30.49,2.6608823529411763,1.42,4.68,6.609999999999999,0.048602941176470585,0.0,5.79,5.288000000000001,0.03888235294117648,0.0,4.632000000000001,12.901728558963999,3.956342368538194,19.146697707336262,0.008735111500706227,1,1,2,0,714.2920699163304,5.252147572914194,1.4258971786282266,11.178879625694902,4.807826047581263,0.03535166211456811,0.0,4.151826047581262,709.4842438687492,5.216795910799626,0.0,11.178879625694902,48.07826047581263,7094.842438687492,7142.920699163305,709.0040699163304,0.006730896575884476,0.9932691034241156,14.39,1414.0,1414.0,20353.12,3492.55,71084289.26,3.3410882887986535,493.03978031184795,496.3808686006466
Sonora,Huatabampo,33,Navojoa,149,Tomate verde,2015,2016,26.604878,-109.232063,39.0,0,0.0,0.0,662.4628361983556,4.87105026616438,1.9152821669396003,8.265915841522045,22.626985294117645,14.445,27.045,27.03529411764706,17.62,32.56,18.218676470588235,10.31,22.58,59.464338235294115,41.93,82.63,19.453897058823525,3.2,29.96,2.5043382352941177,1.22,5.37,71.19,0.5234558823529412,0.0,14.1,56.95200000000001,0.41876470588235304,0.0,11.280000000000001,12.087367431681903,3.4318853389809103,18.81614282245372,0.10746263203009955,14,4,0,0,629.2542691958031,4.626869626439729,1.1491693001637602,9.441229022731365,34.447864201945585,0.25329311913195285,0.0,3.7786769232003077,594.8064049938574,4.373576507307775,0.0,9.441229022731365,344.47864201945583,5948.0640499385745,6292.54269195803,572.3022691958031,0.05474394992340775,0.9452560500765921,14.49,1044.0,1044.0,15128.6,2478.27,37492755.52,23.77354327256424,410.49441338430466,434.26795665686893
Sonora,Huatabampo,33,Navojoa,149,Tomate verde,2016,2017,26.604878,-109.232063,39.0,1,1.0,0.0,754.7559203246524,5.509167301639798,2.543079004743189,8.023360635761343,22.529233576642337,16.009999999999998,28.85,27.64452554744526,18.33,34.15,17.413941605839415,11.53,23.97,53.2821897810219,35.61,75.51,21.838248175182482,5.34,30.09,2.684598540145985,1.49,5.61,8.44,0.06160583941605839,0.0,3.46,6.752000000000001,0.04928467153284672,0.0,2.7680000000000002,13.112823960097717,4.257143865121389,18.81604084131963,0.011182423049254916,2,0,0,0,718.4267868434135,5.243991144842434,1.5258474028459135,8.28609358551037,5.971716290994576,0.043589170007259675,0.0,2.704,712.455070552419,5.2004019748351755,0.0,8.28609358551037,59.717162909945756,7124.55070552419,7184.267868434135,711.6747868434136,0.00831221274088734,0.9916877872591127,14.95,1213.0,1213.0,18134.35,2920.08,52953752.75,3.9944590575214556,476.55857562034714,480.5530346778686
Sonora,Huatabampo,33,Navojoa,149,Tomate verde,2017,2018,26.604878,-109.232063,39.0,1,1.0,0.0,721.0101422780081,5.301545163808883,2.256456489118572,8.841101072380019,22.104742647058824,16.075,27.425,27.10095588235294,19.4,33.13,17.108529411764707,11.52,21.91,57.781029411764706,33.84,79.2,22.193897058823527,6.81,30.31,2.704558823529412,1.17,5.71,32.92,0.24205882352941177,0.0,24.29,26.336,0.1936470588235294,0.0,19.432000000000002,13.420064517059844,5.3682996847921505,19.465660512486608,0.045658164940635,3,1,0,0,685.9058558666645,5.043425410784298,1.3538738934711432,9.22365691185238,7.820436498968582,0.057503209551239574,0.0,3.0105626054974386,678.085419367696,4.985922201233059,0.0,9.22365691185238,78.20436498968581,6780.85419367696,6859.058558666646,659.5698558666645,0.011401617921875305,0.9885983820781248,19.63,915.6,915.6,17973.23,6368.0,114453528.6,3.9839207839880704,345.4332243340275,349.4171451180156
Sonora,Huatabampo,33,Navojoa,149,Tomate verde,2018,2019,26.604878,-109.232063,39.0,3,2.4444444444444446,0.6666666666666666,716.6436471234389,5.269438581789991,1.9973422866347426,9.257077593732369,22.27176470588235,16.575,29.380000000000003,27.30014705882353,19.32,36.7,17.24338235294118,11.79,23.16,55.42904411764706,36.83,79.56,21.080955882352942,4.67,30.25,2.673308823529412,1.03,4.85,43.68,0.3211764705882353,0.0,34.19,34.944,0.25694117647058823,0.0,27.352,12.78139938622915,4.42030156721764,19.42272310450871,0.06095079496668768,4,1,1,0,674.6066709756464,4.960343168938576,1.8077435766784704,9.918880552860339,9.31837445078117,0.06851745919692036,0.0,3.1094308211512165,665.2882965248652,4.891825709741656,0.0,9.918880552860339,93.1837445078117,6652.882965248653,6746.066709756465,639.6626709756464,0.013813048183031631,0.9861869518169685,27.9,911.12,911.12,25420.25,3939.04,100131381.6,3.3399191579860825,238.4545865680521,241.79450572603818
Sonora,Huatabampo,33,Navojoa,149,Tomate verde,2019,2020,26.604878,-109.232063,39.0,1,1.0,0.0,688.8613873145703,5.065157259665958,1.6305846876662526,8.129448791119398,21.38761029411765,15.115,26.89,26.263970588235296,18.3,32.24,16.511249999999997,10.13,21.54,57.89610294117647,42.24,82.06,20.900882352941178,2.74,30.56,2.7596323529411766,1.17,5.09,38.790000000000006,0.28522058823529417,0.0,20.11,31.032000000000004,0.22817647058823531,0.0,16.088,12.767629507687031,3.171840712104043,19.312609852798403,0.056310312516161476,5,2,0,0,655.9377185274207,4.823071459760446,0.9783508125997515,9.348866109787306,12.2322578603969,0.08994307250291837,0.0,3.6054501949139874,643.7054606670238,4.733128387257528,0.0,9.348866109787306,122.32257860396899,6437.054606670237,6559.377185274207,624.9057185274206,0.018648505056026207,0.9813514949439738,21.3,979.62,911.62,19417.51,5694.46,110572233.99,5.742844065914037,302.2091364633914,307.95198052930544
Sonora,Huatabampo,33,Navojoa,149,Tomate verde,2020,2021,26.604878,-109.232063,39.0,1,1.0,0.0,678.9213060811645,4.9556299713953615,2.276732660522829,7.849241969585001,21.509124087591243,12.61,28.904999999999998,26.357664233576646,16.49,34.29,16.66058394160584,8.73,23.95,59.48043795620438,37.44,81.76,20.111313868613138,5.71,30.45,2.8206569343065695,1.32,6.1,25.919999999999998,0.1891970802919708,0.0,6.97,20.736000000000004,0.15135766423357666,0.0,5.5760000000000005,12.383366436706222,5.028279383154191,19.535924820479906,0.03817820970977347,8,1,0,0,636.6965551096533,4.64742011028944,1.3660395963136973,8.086141581782655,18.118252441068314,0.1322500178180169,0.0,2.958252441068314,618.5783026685849,4.515170092471423,0.0,8.086141581782655,181.18252441068313,6185.783026685849,6366.965551096532,615.9605551096533,0.02845665222414773,0.971543347775852,23.5,575.33,575.33,13520.26,9494.32,128365674.92,7.70989465577375,263.2248096462063,270.93470430198005
Sonora,Huatabampo,33,Navojoa,149,Tomate verde,2021,2022,26.604878,-109.232063,39.0,4,3.111111111111111,1.0,732.355873142871,5.384969655462287,1.5549562982643004,8.61082227777272,21.276139705882354,15.254999999999999,30.215000000000003,26.470147058823528,18.79,35.8,16.082132352941176,10.31,25.19,54.71382352941176,33.45,88.19,22.10669117647059,4.5,30.19,2.7876470588235294,1.37,6.3,17.689999999999998,0.1300735294117647,0.0,7.6,14.152000000000001,0.10405882352941177,0.0,6.08,13.217545012140777,4.037498765708421,19.637319557582032,0.02415492337636918,3,1,2,0,701.5022011166177,5.15810441997513,0.9329737789585801,9.482647312494185,6.3210694872233075,0.04647845211193608,0.0,1.9280000000000002,695.1811316293944,5.111625967863194,0.0,9.482647312494185,63.21069487223308,6951.8113162939435,7015.0220111661765,687.3502011166177,0.009010762157498195,0.9909892378425018,24.0,991.0,991.0,23784.0,7674.76,182536491.8,2.6337789530097115,289.65880484558096,292.29258379859067
Sonora,Huatabampo,33,Navojoa,149,Tomate verde,2022,2023,26.604878,-109.232063,39.0,3,1.75,0.25,739.6009585145782,5.438242342018958,1.9187777611239636,9.99665008128471,21.681323529411763,15.55,29.33,27.01860294117647,19.21,35.32,16.34404411764706,10.74,23.34,55.6975,37.09,75.41,22.633014705882353,4.88,30.61,2.7813970588235297,1.25,5.24,3.2600000000000002,0.02397058823529412,0.0,2.98,2.608,0.019176470588235295,0.0,2.384,13.552444242834977,4.3051958550727125,19.21615495519842,0.004407782281066017,1,0,1,0,702.7109690932231,5.166992419803111,1.6808719138806272,10.059259489343937,2.430594425292558,0.017872017833033518,0.0,2.206594425292558,700.2803746679305,5.149120401970077,0.0,10.059259489343937,24.30594425292558,7002.803746679305,7027.1096909322305,700.1029690932231,0.0034588821467081876,0.9965411178532917,23.5,1100.0,1100.0,25850.0,6983.75,180529937.5,1.034295500124493,297.99164879486403,299.0259442949885
Sonora,Huatabampo,33,Navojoa,149,Tomate verde,2023,2024,26.604878,-109.232063,39.0,3,2.125,0.125,720.9349957410944,5.300992615743342,2.420430404520748,8.087516549829763,20.91301470588235,15.495000000000001,26.994999999999997,26.111911764705884,19.01,32.58,15.714117647058822,9.86,21.91,55.21558823529411,35.78,79.38,21.551691176470587,6.96,30.48,2.9270588235294115,1.5,5.53,14.790000000000001,0.10875000000000001,0.0,2.87,11.832,0.08700000000000001,0.0,2.2960000000000003,12.942681520281186,5.588986042109562,19.211200144121143,0.020515025747635442,5,0,0,0,680.5234649328236,5.003849006858997,1.4522582427124489,8.86253221154604,11.832,0.08700000000000001,0.0,2.2960000000000003,668.6914649328236,4.916849006858997,1.0922582427124488,8.86253221154604,118.32000000000001,6686.914649328236,6805.234649328236,668.6914649328236,0.017386615759337514,0.9826133842406625,23.0,790.0,790.0,18170.0,6414.47,116550919.9,5.144347826086957,290.7354195360103,295.87976736209725
Sonora,Huatabampo,33,Navojoa,149,Avena forrajera en verde,2018,2019,26.604878,-109.232063,39.0,3,1.6363636363636365,0.2727272727272727,681.1934481734722,4.338811771805555,1.9973422866347426,6.930809879374077,21.938598726114652,16.575,29.259999999999998,26.669681528662416,19.32,35.41,17.207515923566877,11.79,23.7,58.40331210191083,34.26,79.56,17.061974522292992,4.67,27.34,2.5807643312101907,1.03,4.91,64.02,0.40777070063694265,0.0,34.19,51.216,0.32621656050955417,0.0,27.352,9.925964204662638,4.164857715465415,16.877756255210944,0.09398211355623125,8,3,1,0,625.7799848031939,3.9858597758165217,1.2435382481205757,7.024012950110481,19.00938482453815,0.12107888423272706,0.0,3.7600000000000002,606.7705999786558,3.864780891583795,0.0,7.024012950110481,190.09384824538148,6067.705999786558,6257.799848031939,574.5639848031939,0.030377105829801427,0.9696228941701986,13.15,4.0,4.0,52.6,655.0,34453.0,14.455805950219123,461.4225094894721,475.8783154396912
Sonora,Huatabampo,33,Navojoa,149,Avena forrajera en verde,2022,2023,26.604878,-109.232063,39.0,2,1.1,0.0,704.9007487589806,4.489813686362934,1.7258157956334577,7.3716725608789995,21.483184713375795,15.55,27.845,26.400700636942673,19.21,34.3,16.56566878980892,10.74,22.97,57.32273885350318,39.71,84.99,18.190573248407645,4.27,27.29,2.6647770700636944,1.25,5.24,35.17,0.2240127388535032,0.0,24.18,28.136000000000003,0.17921019108280256,0.0,19.344,10.41249351265329,3.8172930380441086,16.70609416974034,0.049893548931418875,4,1,0,0,643.8531503024838,4.100975479633655,1.1749558870277892,6.6345053047911,9.621589705309429,0.06128401086184349,0.0,2.702001555319385,634.2315605971743,4.039691468771811,0.0,6.6345053047911,96.2158970530943,6342.315605971743,6438.531503024838,615.7171503024838,0.014943764274181438,0.9850562357258185,14.5,9.0,9.0,130.5,810.8,105809.4,6.635579107109951,437.4010762739133,444.03665538102325
Sonora,Huatabampo,33,Navojoa,149,Avena forrajera en verde,2023,2024,26.604878,-109.232063,39.0,2,1.6666666666666667,0.0,663.0394849602989,4.223181432868146,2.3082767945147853,7.7065497491704695,19.950000000000003,15.495000000000001,24.415,24.787770700636944,19.01,30.04,15.112229299363056,9.86,21.11,59.33101910828026,38.09,79.38,17.548980891719744,4.49,27.61,2.7917197452229296,1.32,5.53,9.87,0.06286624203821656,0.0,2.87,7.895999999999999,0.05029299363057324,0.0,2.2960000000000003,10.048111202341778,3.879646045931595,16.771123520840952,0.014885991292948398,3,0,0,0,618.1405946089367,3.9372012395473672,0.9820439904826865,6.9358947742534225,7.895999999999999,0.05029299363057324,0.0,2.2960000000000003,610.2445946089367,3.8869082459167945,0.9820439904826865,6.9358947742534225,78.96,6102.445946089367,6181.405946089367,610.2445946089367,0.01277379299930198,0.9872262070006981,15.5,11.0,11.0,170.5,861.2,146834.6,5.094193548387096,393.7061900702817,398.8003836186688
Sonora,Huatabampo,33,Navojoa,149,Maíz grano,2010,2011,26.604878,-109.232063,39.0,4,3.8,1.0,1144.3927049236363,6.692354999553428,3.0966612027905263,9.31723196115199,28.024122807017545,19.715,33.125,31.919941520467837,22.47,37.42,24.128304093567255,15.31,29.34,61.770877192982454,37.29,84.43,25.92485380116959,11.47,30.66,2.662982456140351,0.81,5.29,234.2,1.3695906432748537,0.0,18.34,187.36,1.0956725146198831,0.0,14.672,17.17979423108712,8.455117063483383,19.914316244020547,0.20465002878153424,47,16,22,0,1029.6526875249344,6.021360745759851,1.4090437518236774,11.180678353382387,143.25194982014,0.837730700702573,0.0,7.918358793962801,886.4007377047944,5.183630045057277,0.0,10.614550907136694,1432.5194982014,8864.007377047945,10296.526875249345,842.2926875249344,0.13912647590372162,0.8608735240962784,5.88,6659.0,6659.0,39154.92,2100.0,82225332.0,263.3307901105515,1629.4131207808723,1892.7439108914239
Sonora,Huatabampo,33,Navojoa,149,Maíz grano,2011,2012,26.604878,-109.232063,39.0,4,2.6,0.6,1144.04383958986,6.69031485140269,2.493010125401967,9.373217680335717,28.27599415204678,19.32,32.675,32.415321637426906,22.75,37.44,24.13666666666667,15.37,28.81,61.085730994152044,37.8,80.73,25.59222222222222,6.96,30.89,2.551169590643275,1.09,5.14,276.96000000000004,1.6196491228070178,0.0,18.43,166.17600000000004,0.9717894736842108,0.0,11.058,16.968054331102675,5.817546497154584,19.94342393440616,0.24208862494228392,44,19,28,0,1026.3985376174653,6.002330629341903,1.4958060752411801,11.24786121640286,120.80778562548726,0.7064782785116214,0.0,7.193203154421163,905.5907519919781,5.295852350830281,0.0,11.24786121640286,1208.0778562548726,9055.907519919781,10263.985376174654,860.2225376174653,0.11770066031652107,0.882299339683479,5.9,6200.0,1207.0,7121.3,2100.0,14954730.0,204.75895868726653,1534.8995796474205,1739.6585383346871
Sonora,Huatabampo,33,Navojoa,149,Maíz grano,2012,2013,26.604878,-109.232063,39.0,3,2.0,0.3333333333333333,1140.2405697152565,6.668073507106763,3.0638380157960325,9.206527896244802,28.258245614035086,19.52,33.195,32.25771929824561,24.22,37.37,24.25877192982456,14.69,29.02,60.96543859649123,31.0,83.47,25.221052631578942,8.32,30.86,2.6387134502923977,0.79,5.15,323.36,1.8909941520467837,0.0,20.63,194.01600000000005,1.1345964912280704,0.0,12.377999999999998,16.711093527552283,6.4994543607524005,19.959178193950127,0.283589278077301,64,22,11,0,1019.7782079585564,5.963615251219628,1.69327918913606,11.047833475493762,155.44324949355925,0.9090248508395278,0.0,7.029839540770583,864.3349584649973,5.054590400380101,0.0,11.047833475493762,1554.4324949355926,8643.349584649972,10197.782079585564,825.7622079585564,0.15242848717539612,0.847571512824604,7.05,963.0,963.0,6791.08,3800.0,25806104.0,220.48687871426844,1226.007033283684,1446.4939119979524
Sonora,Huatabampo,33,Navojoa,149,Maíz grano,2013,2014,26.604878,-109.232063,39.0,1,1.0,0.0,1167.0143069763285,6.8246450700370085,3.152838255024734,9.051267572355144,28.433245614035094,20.78,32.375,32.53017543859649,24.9,37.0,24.336315789473687,15.9,28.78,61.135555555555555,41.6,84.9,26.004327485380117,7.71,30.79,2.737017543859649,1.15,4.89,313.45,1.8330409356725146,0.0,38.09,188.07,1.0998245614035087,0.0,22.854000000000003,17.228608135902636,6.2140371187733185,20.232244120826522,0.2685913944038374,51,20,23,0,1036.3318095539448,6.060419938911958,1.7995309620097575,10.861521086826173,119.92363686657431,0.7013078179331831,0.0,5.3479592762021,916.4081726873707,5.359112120978776,0.0,10.779282477853323,1199.2363686657432,9164.081726873706,10363.31809553945,848.2618095539449,0.11571934370922332,0.8842806562907768,7.13,2201.0,1521.0,10846.25,3600.0,39046500.0,168.1958441326428,1285.2849546807442,1453.480798813387
Sonora,Huatabampo,33,Navojoa,149,Maíz grano,2014,2015,26.604878,-109.232063,39.0,1,1.0,0.0,1121.8079595814197,6.560280465388419,2.3900771609678624,9.720764891908612,28.652368421052632,20.965,32.425,32.33356725146199,25.24,36.98,24.971169590643274,15.09,29.0,62.937368421052625,31.3,89.55,24.866140350877192,5.6,30.89,2.595146198830409,1.15,6.88,477.89999999999986,2.7947368421052623,0.0,40.49,286.73999999999995,1.6768421052631577,0.0,24.294,16.60333915586535,4.800008559951338,19.900596999627982,0.42600874411545336,65,34,28,0,1001.8167139205971,5.858577274389456,1.1713588530504486,11.242960186835594,176.70736267372016,1.0333763899047963,0.0,6.507654373885165,825.1093512468767,4.8252008844846594,0.0,11.242960186835594,1767.0736267372015,8251.093512468768,10018.167139205969,715.0767139205971,0.17638691810418905,0.8236130818958107,6.7,93.0,93.0,622.82,3045.06,1896524.27,263.74233234883604,1231.5064943983234,1495.2488267471595
Sonora,Huatabampo,33,Navojoa,149,Maíz grano,2015,2016,26.604878,-109.232063,39.0,0,0.0,0.0,1079.293820806993,6.311659770801128,2.937331109399222,8.751043057284296,28.465555555555557,21.9,32.85,31.88555555555556,23.64,36.67,25.045555555555556,17.56,29.68,63.0412865497076,39.33,86.92,23.915789473684214,6.73,30.83,2.4638011695906434,1.1,6.67,394.87999999999994,2.309239766081871,0.0,26.27,236.92799999999997,1.3855438596491225,0.0,15.761999999999999,16.083733944265642,5.854124518198727,19.88536399809095,0.36586886016334863,71,31,24,0,964.6997539008735,5.6415190286600785,0.8811993328197666,10.501251668741155,184.85495616531063,1.0810231354696527,0.0,8.206401841639737,779.8447977355629,4.560495893190426,0.0,10.501251668741155,1848.5495616531061,7798.447977355629,9646.997539008735,727.7717539008735,0.19161915965856582,0.8083808403414342,7.06,211.0,211.0,1490.4,3123.78,4655681.71,261.83421553160144,1104.5960307869163,1366.4302463185177
Sonora,Huatabampo,33,Navojoa,149,Maíz grano,2016,2017,26.604878,-109.232063,39.0,1,1.0,0.0,1124.8718487957776,6.578197946174138,3.1978684063329066,8.686592950701645,28.110935672514618,20.115000000000002,32.41,31.799590643274858,24.32,37.77,24.422280701754385,15.0,29.08,61.88900584795322,38.12,88.07,25.511403508771927,6.03,31.1,2.545847953216374,1.18,7.43,652.3100000000002,3.8146783625731002,0.0,117.0,391.386,2.28880701754386,0.0,70.2,16.929561272975306,5.084099299538396,19.526894263324518,0.5798971684626345,54,25,16,0,1003.0547411421987,5.865817199661981,1.3971288361398313,10.423911540841972,153.18774066256805,0.8958347407167722,0.0,8.051274333300338,849.8670004796306,4.969982458945208,0.0,10.423911540841972,1531.8774066256806,8498.670004796306,10030.547411421987,611.6687411421988,0.1527212168780839,0.8472787831219161,6.5,709.0,709.0,4608.5,3048.77,14050256.55,235.67344717318161,1307.4876930455855,1543.161140218767
Sonora,Huatabampo,33,Navojoa,149,Maíz grano,2017,2018,26.604878,-109.232063,39.0,1,1.0,0.0,1131.929438164233,6.619470398621246,3.0353823927076005,8.857965258978373,28.26827485380117,19.83,32.145,32.22485380116959,23.72,36.42,24.31169590643275,15.21,28.78,61.79543859649123,33.84,81.93,25.59666666666667,4.24,30.89,2.5354385964912276,1.13,7.94,472.8299999999999,2.7650877192982453,0.0,128.05,283.698,1.6590526315789473,0.0,76.83,16.99146179888768,4.034314876501589,19.757603931967815,0.41772038437911574,65,22,14,0,1003.190539538981,5.866611342333223,1.559981645156433,10.629558310774048,148.76936354434307,0.8699962780370939,0.0,7.488409721042499,854.4211759946379,4.996615064296128,0.0,10.629558310774048,1487.6936354434306,8544.211759946378,10031.90539538981,719.4925395389811,0.14829621859543296,0.8517037814045669,8.42,615.5,615.5,5182.51,3625.75,18790485.63,203.51486120977162,1168.8388180501202,1372.3536792598918
Sonora,Huatabampo,33,Navojoa,149,Maíz grano,2018,2019,26.604878,-109.232063,39.0,3,2.2857142857142856,0.5714285714285714,1145.6252787869862,6.699563033842025,3.1449962357833856,9.707564300862382,28.589444444444446,22.134999999999998,32.345,32.52654970760234,26.89,38.13,24.652339181286557,16.15,28.92,61.29824561403509,37.41,85.25,25.23380116959064,7.45,30.95,2.6513450292397662,1.09,5.64,420.95,2.4616959064327486,0.0,105.16,252.57,1.4770175438596491,0.0,63.096,16.787241758913567,6.140459695893307,19.990148214420994,0.3674412635567114,56,20,23,0,1019.8342086456832,5.96394274061803,1.680364724876189,11.649077161034858,126.59835035346708,0.7403412301372344,0.0,6.278792187425806,893.2358582922161,5.223601510480796,0.0,11.649077161034858,1265.983503534671,8932.358582922161,10198.342086456832,767.2642086456833,0.12413620692483618,0.8758637930751638,9.31,1187.46,1187.46,11055.25,3261.32,36054707.93,163.14220406374625,1151.0771369745053,1314.2193410382515
Sonora,Huatabampo,33,Navojoa,149,Maíz grano,2019,2020,26.604878,-109.232063,39.0,1,1.0,0.0,1132.7042432054361,6.624001422254012,2.029339101858635,9.589065425457921,28.083421052631575,21.43,32.66,32.09304093567251,25.24,37.89,24.07380116959064,16.21,28.98,62.16485380116959,42.92,89.38,25.457426900584792,4.96,30.8,2.704502923976608,1.11,5.59,346.15,2.024269005847953,0.0,26.83,207.69000000000003,1.2145614035087722,0.0,16.098,16.902944083855086,4.395718796902023,20.03639756268496,0.3055961007265508,54,25,28,0,1018.4285806458656,5.9557226938354715,1.217603461115181,11.506878510549505,135.50992701779793,0.7924557135543739,0.0,8.24400940073096,882.9186536280677,5.163266980281097,0.0,11.494878510549505,1355.0992701779794,8829.186536280677,10184.285806458656,810.7385806458656,0.13305785952301186,0.8669421404769881,9.36,963.0,923.0,8639.28,3716.86,32110994.26,172.5142291760636,1124.0212013088067,1296.5354304848702
Sonora,Huatabampo,33,Navojoa,149,Maíz grano,2020,2021,26.604878,-109.232063,39.0,1,1.0,0.0,1183.3700739577957,6.920292830162548,3.2633887012042817,9.695944947813542,29.06546783625731,19.185,33.215,33.171052631578945,23.43,37.25,24.959883040935676,14.94,29.57,59.9483625730994,37.44,83.0,25.73374269005848,8.74,30.59,2.6673099415204677,1.25,4.53,221.09,1.2929239766081873,0.0,29.35,176.872,1.03433918128655,0.0,23.480000000000004,17.1327611919788,6.883013294894843,20.42693523377565,0.1868308189175021,50,11,49,0,1063.6498185193395,6.220174377306079,0.9790166103612845,11.635133937376251,129.91699504497336,0.759748509034932,0.0,7.824568762878824,933.7328234743662,5.460425868271147,0.0,11.611133937376252,1299.1699504497337,9337.328234743662,10636.498185193395,886.7778185193395,0.12214263828468014,0.8778573617153199,9.51,315.6,315.6,3000.0,4018.31,12054930.0,159.30961992026167,1144.9820030341707,1304.2916229544323
Sonora,Huatabampo,33,Navojoa,149,Maíz grano,2021,2022,26.604878,-109.232063,39.0,4,3.0,0.7777777777777778,1152.4804703938273,6.739651873648113,2.8565612541661536,10.360589643846575,28.582748538011693,22.61,33.015,32.47391812865497,26.5,37.5,24.691578947368424,16.95,29.09,62.21906432748538,36.56,85.05,25.786783625731,8.69,30.75,2.6112280701754385,1.23,5.62,406.21,2.3754970760233918,0.0,70.59,243.72599999999994,1.4252982456140348,0.0,42.354,17.150584320338858,6.865441011032917,19.941691330739136,0.3524658425328364,63,20,18,0,1025.8577896292695,5.9991683604050845,1.6766212698161496,12.43270757261589,160.95932907295068,0.9412826261576063,0.0,8.48739372982281,864.8984605563187,5.057885734247478,0.0,12.43270757261589,1609.5932907295069,8648.984605563186,10258.577896292692,782.1317896292696,0.15690218537124828,0.8430978146287516,9.6,2498.0,2498.0,23980.8,5026.81,120546925.3,185.01072307235714,994.1361615589869,1179.1468846313442
Sonora,Huatabampo,33,Navojoa,149,Maíz grano,2022,2023,26.604878,-109.232063,39.0,3,2.4285714285714284,0.5714285714285714,1098.1803871187626,6.422107527010308,2.0158967969513597,9.99665008128471,28.331666666666667,21.655,32.08,32.205321637426906,26.06,36.14,24.458011695906432,16.43,28.72,64.99573099415205,37.09,85.09,25.034970760233914,4.08,30.61,2.5963742690058482,0.94,6.66,371.74,2.1739181286549707,0.0,26.08,223.04400000000004,1.3043508771929826,0.0,15.647999999999998,16.75710805533966,3.875880316288014,19.8541293929976,0.3385054080006969,76,23,13,0,981.1894506049289,5.737950003537596,1.2095380781708158,11.99598009754165,171.57685196342842,1.003373403294903,0.0,8.183477697975489,809.6125986415005,4.7345766002426934,0.0,11.99598009754165,1715.7685196342843,8096.125986415005,9811.89450604929,758.1454506049288,0.1748661808967135,0.8251338191032865,9.5,1300.0,1300.0,12350.0,6845.84,84546124.0,180.60721259308255,852.2237880436847,1032.8310006367674
Sonora,Huatabampo,33,Navojoa,149,Maíz grano,2023,2024,26.604878,-109.232063,39.0,3,2.2,0.4,1231.2515973311981,7.200301738778936,3.770148840465453,11.343819446305696,29.30608187134503,18.915,34.370000000000005,33.63906432748538,24.95,40.19,24.973099415204675,12.72,30.93,57.32707602339181,35.78,79.69,26.082631578947364,9.14,30.58,2.7691228070175438,1.29,5.7,119.79999999999998,0.7005847953216373,0.0,7.84,95.83999999999999,0.5604678362573099,0.0,6.272,17.268863153226054,7.241516267131485,19.57282018272896,0.09729936615690303,39,3,70,0,1089.0560330375322,6.368748731213638,1.6029809749985215,13.612583335566836,86.25577277860475,0.5044197238514898,0.0,4.040032239963922,1002.8002602589274,5.864329007362149,0.0,13.612583335566836,862.5577277860475,10028.002602589275,10890.560330375323,993.2160330375322,0.07920232766905953,0.9207976723309405,9.6,2194.0,2194.0,21062.4,6020.48,126805757.95,99.14456641218938,1152.6439773091122,1251.7885437213015
Sonora,Huatabampo,33,Navojoa,149,Sorgo grano,2010,2011,26.604878,-109.232063,39.0,4,3.8,1.0,1147.2388964938127,6.708999394700659,2.3670218755167145,9.31723196115199,26.301286549707605,17.455,32.510000000000005,30.72602339181287,21.24,37.42,21.87654970760234,10.41,28.35,58.23222222222222,37.29,84.43,26.12853801169591,6.53,30.66,2.8860233918128655,1.3,5.29,148.01,0.8655555555555555,0.0,18.34,118.40799999999999,0.6924444444444444,0.0,14.672,16.953631383847522,5.399577430563955,19.914316244020547,0.12901410547737494,29,10,19,0,853.0190457499501,4.988415472221931,0.7101065626550144,8.84545908928058,77.09449204414305,0.45084498271428686,0.0,4.022543221321411,775.924553705807,4.537570489507644,0.0,8.84545908928058,770.9449204414306,7759.24553705807,8530.1904574995,734.6110457499501,0.09037839474775591,0.9096216052522441,4.74,153.0,153.0,725.22,2500.0,1813050.0,156.69612204094116,1577.0824262313151,1733.7785482722563
Sonora,Huatabampo,33,Navojoa,149,Sorgo grano,2011,2012,26.604878,-109.232063,39.0,4,3.0,0.8,1144.5894330560984,6.6935054564684116,2.493010125401967,9.373217680335717,26.587836257309938,18.375,32.675,31.23479532163743,22.75,37.44,21.940877192982455,12.29,28.81,57.05526315789474,37.8,80.73,25.88760233918129,6.96,30.89,2.6881871345029236,1.09,5.14,214.29000000000002,1.2531578947368422,0.0,18.43,171.43200000000002,1.0025263157894737,0.0,14.744,16.76307259533796,5.817546497154584,19.94342393440616,0.1872199705949035,30,16,24,0,855.4263236167919,5.002493120566035,1.371155568971082,8.937964454553503,79.79982193234783,0.4666656253353674,0.0,4.475188874874516,775.6265016844441,4.535827495230667,0.0,8.929964454553504,797.9982193234782,7756.265016844441,8554.263236167919,683.9943236167919,0.0932866101138314,0.9067133898861686,4.9,15.0,15.0,73.5,2510.0,184485.0,160.24060628985504,1557.4829351093254,1717.7235413991805
Sonora,Huatabampo,33,Navojoa,149,Sorgo grano,2012,2013,26.604878,-109.232063,39.0,3,2.25,0.5,1148.1739313100993,6.714467434561985,3.0638380157960325,9.206527896244802,26.561842105263157,15.91,33.195,31.055789473684204,18.58,37.37,22.067894736842106,11.81,29.02,56.383274853801176,31.0,83.47,25.66374269005848,9.02,30.86,2.7571345029239764,0.79,5.15,218.97000000000003,1.2805263157894737,0.0,20.63,175.17600000000002,1.0244210526315791,0.0,16.504,16.606136284734596,7.057101996043406,19.959178193950127,0.19071152377597442,41,13,11,0,865.487859193081,5.061332509901058,1.0820654383453572,9.206527896244802,103.32186025666188,0.6042214050097185,0.0,4.169984541850911,762.1659989364191,4.457111104891339,0.0,9.206527896244802,1033.2186025666188,7621.659989364191,8654.87859193081,690.311859193081,0.11937990713467869,0.8806200928653213,5.8,17.0,17.0,98.6,3050.0,300730.0,178.14113837355495,1314.0793085110674,1492.2204468846223
Sonora,Huatabampo,33,Navojoa,149,Sorgo grano,2013,2014,26.604878,-109.232063,39.0,1,1.0,0.0,1178.8484816332104,6.893850769784857,3.152838255024734,9.051267572355144,26.96482456140351,17.16,32.375,31.54485380116959,20.91,37.0,22.384795321637426,11.65,28.78,56.60994152046784,31.25,81.71,26.466198830409365,10.74,30.79,2.765730994152047,1.62,5.28,142.29,0.8321052631578947,0.0,38.09,113.832,0.6656842105263158,0.0,30.472000000000005,17.138181147389464,8.131433840419845,20.232244120826522,0.12070253490327049,28,7,19,0,878.8837814769737,5.139671236707448,1.0839639970488586,8.400261754093636,64.03903528254494,0.374497282354064,0.0,3.448,814.8447461944288,4.765173954353385,0.0,8.400261754093636,640.3903528254494,8148.447461944288,8788.837814769737,765.0517814769737,0.07286405396504946,0.9271359460349506,4.83,71.0,71.0,343.21,2480.0,851160.8,132.58599437379905,1687.0491639636207,1819.6351583374199
Sonora,Huatabampo,33,Navojoa,149,Sorgo grano,2014,2015,26.604878,-109.232063,39.0,1,1.0,0.0,1136.0834278248221,6.643762735817673,3.0107374029570053,9.720764891908612,27.444561403508775,20.45,32.425,31.60614035087719,24.45,36.98,23.282982456140353,15.09,29.0,58.64643274853802,31.2,87.6,25.03017543859649,9.49,30.89,2.6330994152046783,1.15,4.68,315.06,1.8424561403508772,0.0,22.71,189.03600000000003,1.1054736842105264,0.0,13.626,16.399353046534657,7.380380103137944,19.900596999627982,0.27732118283181273,47,24,28,0,856.4812818610258,5.008662467023543,1.0830850558907643,9.720764891908612,104.97810713365574,0.6139070592611446,0.0,3.9252024548434314,751.5031747273699,4.394755407762397,0.0,9.720764891908612,1049.7810713365575,7515.031747273699,8564.812818610257,667.4452818610257,0.1225690617611065,0.8774309382388934,4.9,2.0,2.0,9.8,2500.0,24500.0,208.91165598737462,1495.528705925114,1704.4403619124887
Sonora,Huatabampo,33,Navojoa,149,Sorgo grano,2015,2016,26.604878,-109.232063,39.0,0,0.0,0.0,1070.1647661213633,6.258273486089844,1.956582433004179,8.751043057284296,27.191023391812866,18.805,32.85,31.061286549707606,21.8,36.67,23.320760233918126,14.15,29.41,60.46461988304094,39.33,83.76,23.795380116959063,6.58,30.83,2.522046783625731,1.1,6.67,260.56,1.5237426900584796,0.0,26.27,156.33599999999998,0.9142456140350876,0.0,15.761999999999999,15.763807102291091,5.376118545634757,19.88536399809095,0.24347652646457144,50,19,24,0,799.5523926357907,4.675744986174215,0.5869747299012537,8.265915841522045,107.58424643307023,0.6291476399594751,0.0,3.761267510751547,691.9681462027205,4.04659734621474,0.0,8.265915841522045,1075.8424643307023,6919.681462027205,7995.523926357908,643.2163926357907,0.13455559313431587,0.8654444068656841,5.24,25.0,25.0,131.0,2612.0,342172.0,205.3134473913554,1320.549897333436,1525.8633447247914
Sonora,Huatabampo,33,Navojoa,149,Sorgo grano,2016,2017,26.604878,-109.232063,39.0,1,1.0,0.0,1127.122255047396,6.591358216651439,3.242341654892446,8.686592950701645,26.938479532163747,16.009999999999998,32.41,31.100701754385963,18.33,37.77,22.77625730994152,11.97,29.08,58.33116959064327,38.12,85.85,25.559239766081866,7.14,31.1,2.6051461988304094,1.2,4.88,486.27000000000004,2.843684210526316,0.0,117.0,291.762,1.7062105263157894,0.0,70.2,16.66943881756963,5.974658183330587,19.526894263324518,0.43142613662574886,40,18,16,0,840.3494412844367,4.914324218037642,1.2562778325228157,8.686592950701645,85.9807173845302,0.5028112127750304,0.0,3.9440572865075447,754.3687238999065,4.411513005262611,0.0,8.686592950701645,859.8071738453019,7543.687238999065,8403.494412844368,548.5874412844366,0.10231543350955585,0.8976845664904441,4.73,55.0,55.0,260.15,4100.0,1066615.0,181.77741518928158,1594.859881395151,1776.6372965844325
Sonora,Huatabampo,33,Navojoa,149,Sorgo grano,2017,2018,26.604878,-109.232063,39.0,1,1.0,0.0,1138.563309335325,6.658264966873245,3.520965007678464,8.857965258978373,27.035175438596493,19.595,32.145,31.4412865497076,23.34,35.88,22.62906432748538,15.21,28.78,58.36502923976607,33.84,81.93,25.964385964912278,12.73,30.89,2.6054970760233918,1.13,5.71,221.00999999999996,1.292456140350877,0.0,28.43,176.80800000000002,1.033964912280702,0.0,22.744,16.893449407918897,9.302732031927654,19.757603931967815,0.19411305299221532,41,14,12,0,852.6813038477612,4.986440373378721,1.0562895023035392,8.841101072380019,103.49710264837896,0.6052462143180056,0.0,3.858258326292243,749.1842011993822,4.381194159060715,0.0,8.841101072380019,1034.9710264837895,7491.842011993822,8526.813038477612,675.8733038477612,0.12137841205306579,0.8786215879469341,6.21,35.0,35.0,217.35,3199.2,695346.12,173.79866103841974,1258.0759046169305,1431.8745656553504
Sonora,Huatabampo,33,Navojoa,149,Sorgo grano,2018,2019,26.604878,-109.232063,39.0,3,2.625,0.75,1135.9872404573016,6.643200236592407,3.1449962357833856,9.707564300862382,26.957485380116957,17.445,32.345,31.39105263157895,22.57,38.13,22.523918128654973,12.32,28.92,58.59087719298246,37.41,85.25,25.22637426900585,7.45,30.95,2.7909941520467836,1.09,5.64,297.19,1.737953216374269,0.0,105.16,178.31400000000002,1.0427719298245615,0.0,63.096,16.48228650727181,6.140459695893307,19.990148214420994,0.2616138539376231,35,12,21,0,860.1989935227552,5.030403470893305,1.091564962983576,9.707564300862382,72.52088205121048,0.4240987254456753,0.0,3.763286241006418,787.6781114715448,4.6063047454476305,0.0,9.707564300862382,725.2088205121048,7876.781114715448,8601.989935227553,681.8849935227552,0.08430709940059009,0.9156929005994099,3.71,22.46,22.46,83.39,3748.5,312587.42,195.47407560973176,2123.121594262924,2318.595669872656
Sonora,Huatabampo,33,Navojoa,149,Sorgo grano,2019,2020,26.604878,-109.232063,39.0,1,1.0,0.0,1139.9051647074937,6.666112074312829,2.9173118514170238,9.589065425457921,26.64476608187134,18.435,32.66,31.137660818713446,21.37,37.89,22.151871345029242,14.07,28.94,58.0654970760234,42.92,83.37,25.70362573099415,5.44,30.8,2.754561403508772,1.18,5.09,196.64,1.1499415204678363,0.0,26.83,157.31200000000004,0.9199532163742692,0.0,21.464,16.752436538997856,4.949628760180681,20.03639756268496,0.17250557861140928,33,14,27,0,845.0172307385922,4.941621232389428,0.8751935554251071,8.129448791119398,88.36728875596808,0.5167677705027373,0.0,3.8816810399317756,756.6499419826242,4.424853461886691,0.0,8.129448791119398,883.6728875596807,7566.499419826242,8450.172307385923,687.7052307385921,0.10457454066200536,0.8954254593379948,5.46,26.0,26.0,141.96,3647.0,517728.12,163.79478916768875,1402.5022094209903,1566.2969985886791
Sonora,Huatabampo,33,Navojoa,149,Sorgo grano,2020,2021,26.604878,-109.232063,39.0,1,1.0,0.0,1150.7351306059384,6.729445208221862,2.7195984231508086,9.695944947813542,27.318391812865496,15.85,33.215,31.734269005847956,19.15,37.15,22.90251461988304,11.31,29.57,57.870643274853805,37.44,77.61,25.04263157894737,5.71,30.59,2.7930994152046784,1.25,6.1,160.72,0.9398830409356725,0.0,29.35,128.57600000000002,0.7519064327485382,0.0,23.480000000000004,16.487079907508395,5.028279383154191,20.42693523377565,0.13966724029305533,35,8,37,0,859.8657662607968,5.0284547734549525,0.8158795269452426,9.008632288087968,81.04256396856009,0.4739331226231584,0.0,3.8306898068728024,778.8232022922368,4.554521650831794,0.0,8.992632288087968,810.4256396856009,7788.232022922368,8598.65766260797,731.2897662607968,0.09425025061874591,0.9057497493812542,5.5,31.13,31.13,171.22,3800.0,650636.0,148.70195223589008,1429.0333987013519,1577.735350937242
Sonora,Huatabampo,33,Navojoa,149,Sorgo grano,2021,2022,26.604878,-109.232063,39.0,4,3.0,0.8181818181818182,1162.6703536343748,6.799241834119151,2.8565612541661536,10.360589643846575,26.86494152046784,17.36,33.015,31.267192982456145,20.86,37.5,22.462690058479527,11.82,29.09,57.666315789473686,33.45,83.15,26.043040935672508,8.69,30.75,2.821111111111111,1.25,6.3,303.99,1.777719298245614,0.0,70.59,182.394,1.0666315789473684,0.0,42.354,16.915837204553963,6.865441011032917,19.941691330739136,0.26145845987193356,44,16,15,0,869.9311494690814,5.08731666356188,1.361992713040232,9.561508715062548,98.45429295263847,0.5757560991382367,0.0,3.8900554595021215,771.4768565164429,4.511560564423643,0.0,9.561508715062548,984.5429295263847,7714.76856516443,8699.311494690814,687.5371494690814,0.11317481045795989,0.88682518954204,6.0,20.0,20.0,120.0,4100.0,492000.0,166.87168297057366,1307.5878924007507,1474.4595753713243
Sonora,Huatabampo,33,Navojoa,149,Sorgo grano,2022,2023,26.604878,-109.232063,39.0,3,2.2222222222222223,0.4444444444444444,1120.757372927941,6.554136683789129,3.882610774309324,9.99665008128471,26.78713450292398,16.445,32.08,31.26228070175439,22.15,36.14,22.31198830409357,10.74,28.72,60.13368421052632,37.09,83.44,25.890233918128658,12.97,30.61,2.62859649122807,1.12,4.83,237.17000000000002,1.3869590643274854,0.0,26.08,189.73600000000002,1.1095672514619883,0.0,20.864,16.891776902363517,9.670920452994766,19.8541293929976,0.2116158284824853,51,14,13,0,842.6576572855257,4.927822557225297,1.363560222149199,9.99665008128471,122.28195917557674,0.715099176465361,0.0,3.848,720.3756981099489,4.212723380759935,0.0,9.99665008128471,1222.8195917557675,7203.756981099488,8426.576572855256,652.9216572855257,0.1451146359596217,0.8548853640403782,5.5,190.0,190.0,1045.0,5500.0,5747500.0,230.72067768976746,1359.1994303961299,1589.9201080858973
Sonora,Huatabampo,33,Navojoa,149,Sorgo grano,2023,2024,26.604878,-109.232063,39.0,3,2.3,0.4,1193.1257763482947,6.977343721335057,2.7494830081018184,11.343819446305696,27.251666666666665,16.82,34.370000000000005,31.845847953216378,20.89,40.19,22.65748538011696,11.27,30.93,55.853801169590646,35.78,75.65,26.000760233918125,6.96,30.58,2.8419298245614035,1.29,5.53,81.57,0.47701754385964906,0.0,7.84,65.256,0.3816140350877193,0.0,6.272,16.907465700511384,5.588986042109562,19.57282018272896,0.06836663964268277,28,1,49,0,877.5418820592823,5.13182387169171,0.8248449024305455,8.276352927522078,60.189350764290865,0.35198450739351383,0.0,3.6560000000000006,817.3525312949914,4.779839364298195,0.0,8.276352927522078,601.8935076429086,8173.525312949914,8775.418820592822,812.2858820592824,0.06858857906935178,0.9314114209306482,5.3,50.0,50.0,265.0,5700.0,1510500.0,112.50345937250628,1527.7617407383018,1640.265200110808
Sonora,Huatabampo,33,Navojoa,149,Trigo grano,2010,2011,26.604878,-109.232063,39.0,4,2.6666666666666665,0.6666666666666666,737.1072356991353,4.285507184297298,2.1531911224309397,7.433891113252669,20.492732558139537,16.205,25.255000000000003,24.98296511627907,19.07,30.76,16.0025,10.05,21.15,61.2896511627907,38.24,77.7,18.43232558139535,6.53,28.13,2.7012209302325583,1.29,6.62,81.78,0.4754651162790698,0.0,22.39,65.424,0.38037209302325586,0.0,17.912000000000003,10.748896104827399,5.380608219032705,17.599747710358134,0.11094722184138225,14,4,0,0,572.2589020650836,3.3270866399132766,0.8634886128796725,8.548974780240568,33.26072688661381,0.1933763191082198,0.0,3.3942935279862754,538.9981751784696,3.133710320805056,0.0,8.548974780240568,332.6072688661381,5389.981751784697,5722.589020650835,506.8349020650836,0.058121816483041856,0.9418781835169578,5.91,25316.0,25316.0,149585.8,2700.0,403881660.0,56.27872569647007,912.0104486945341,968.2891743910042
Sonora,Huatabampo,33,Navojoa,149,Trigo grano,2011,2012,26.604878,-109.232063,39.0,3,2.0,0.16666666666666666,795.1796905063211,4.623137735501867,2.3491647066196273,7.838766042920429,20.263546511627908,7.545,27.345,25.415290697674422,9.93,32.79,15.111802325581397,4.48,22.63,55.21203488372094,37.34,80.61,19.273604651162792,7.15,28.67,2.7139534883720926,1.18,5.14,1.31,0.007616279069767442,0.0,0.47,1.048,0.006093023255813954,0.0,0.376,10.956175723854681,4.925632864955008,17.85181650709889,0.0016474263812822903,0,0,0,1,616.7337761547393,3.58566148927174,1.0852376100128511,7.363223646293016,1.048,0.006093023255813954,0.0,0.376,615.6857761547392,3.5795684660159255,1.0852376100128511,7.363223646293016,10.48,6156.857761547391,6167.337761547391,615.6857761547393,0.001699274533874492,0.9983007254661254,6.15,24808.0,24608.0,151435.33,3658.54,554031911.62,1.7040650406504065,1001.1150831784375,1002.819148219088
Sonora,Huatabampo,33,Navojoa,149,Trigo grano,2012,2013,26.604878,-109.232063,39.0,3,2.6666666666666665,0.6666666666666666,768.161649351569,4.440240747696931,1.5929119942138759,7.0158056240123114,19.884335260115606,14.125,27.125,24.83479768786127,18.58,32.38,14.933872832369945,6.87,22.36,56.554566473988444,33.68,85.4,18.642023121387282,3.97,28.83,2.6976878612716764,1.36,5.56,57.53,0.3325433526011561,0.0,18.59,46.023999999999994,0.26603468208092484,0.0,14.872,10.695049842554857,3.9920029830719126,18.237913921665037,0.07489309059956716,5,3,0,0,592.6650414402052,3.425809488093672,0.5741216680631245,7.863043458609033,10.320004616971485,0.059653205878447885,0.0,3.04,582.3450368232338,3.3661562822152247,0.0,7.863043458609033,103.20004616971485,5823.450368232338,5926.650414402054,546.6410414402052,0.017412878937305573,0.9825871210626946,6.48,18423.0,18423.0,119295.67,3563.8,425146170.0,15.925933050881921,898.6806123815336,914.6065454324155
Sonora,Huatabampo,33,Navojoa,149,Trigo grano,2013,2014,26.604878,-109.232063,39.0,1,1.0,0.0,802.6046268985799,4.666305970340581,1.6814485993303936,7.699294998964197,21.050406976744185,12.51,27.785,25.853546511627904,17.84,32.5,16.24726744186047,7.02,23.07,55.646453488372096,31.25,75.64,18.24581395348837,3.94,29.26,2.8819767441860464,1.46,5.43,23.250000000000004,0.13517441860465118,0.0,8.22,18.6,0.10813953488372094,0.0,6.5760000000000005,10.57843909904946,3.699510566032945,17.99201578627988,0.02896818585489909,5,2,0,0,626.2168648340563,3.6407957257793973,0.7142627231388867,8.666932525980592,13.365469216558687,0.0777062163753412,0.0,3.4078033273287334,612.8513956174977,3.5630895094040564,0.0,8.666932525980592,133.65469216558688,6128.513956174977,6262.168648340564,607.6168648340563,0.021343195891251596,0.9786568041087486,6.13,23598.0,23598.0,144712.82,3430.3,496407746.0,21.803375557191988,999.7575784951023,1021.5609540522943
Sonora,Huatabampo,33,Navojoa,149,Trigo grano,2014,2015,26.604878,-109.232063,39.0,1,1.0,0.0,780.134825478781,4.535667589992912,1.6074455852362457,9.720764891908612,22.041540697674417,15.895,27.085,26.72662790697674,19.55,35.83,17.356453488372097,11.15,22.44,58.048662790697676,31.2,81.6,17.571627906976744,3.06,28.13,2.6530232558139533,0.88,4.68,39.92999999999999,0.23215116279069764,0.0,13.44,31.944,0.18572093023255815,0.0,10.752,10.318196237722628,3.255089399310885,17.752343762911245,0.05118346046850854,8,2,1,0,620.7208827165194,3.608842341375113,0.6602719844846415,9.82381484242799,16.271321356819264,0.0946007055629027,0.0,4.151826047581262,604.4495613597002,3.51424163581221,0.0,9.82381484242799,162.71321356819266,6044.4956135970015,6207.208827165194,588.7768827165195,0.0262135877974808,0.9737864122025192,5.26,26670.0,26670.0,140381.41,3334.97,468167762.37,30.934071020568947,1149.1436527750955,1180.0777237956645
Sonora,Huatabampo,33,Navojoa,149,Trigo grano,2015,2016,26.604878,-109.232063,39.0,0,0.0,0.0,743.2862752243534,4.321431832699729,1.623981356664172,8.209764367592491,22.304302325581393,14.445,27.71,26.728895348837213,17.62,32.56,17.87970930232558,10.31,24.26,60.407558139534885,39.57,82.63,17.067674418604653,3.2,28.21,2.4940697674418604,0.96,5.37,89.28,0.5190697674418605,0.0,15.17,71.42399999999999,0.4152558139534883,0.0,12.136000000000001,10.16508050066388,3.4318853389809103,17.454636057786782,0.12011522743784249,15,5,0,0,578.8992265083992,3.365693177374414,0.94677210193455,6.935178998123189,35.077586403836825,0.2039394558362606,0.0,3.7786769232003077,543.8216401045624,3.1617537215381537,0.0,6.779861492401523,350.77586403836824,5438.2164010456245,5788.992265083993,507.47522650839926,0.060593596946752676,0.9394064030532474,4.02,34724.0,34724.0,139659.93,3750.0,523724737.5,87.25767762148465,1352.7901495138372,1440.0478271353218
Sonora,Huatabampo,33,Navojoa,149,Trigo grano,2016,2017,26.604878,-109.232063,39.0,1,1.0,0.0,820.565037501442,4.743150505788682,1.480142355036308,7.205298770009018,21.87251445086705,13.485,26.12,26.738554913294795,18.0,31.38,17.006473988439307,8.97,22.19,55.64658959537572,35.61,84.89,18.274971098265897,4.18,29.18,2.7572254335260116,1.49,5.61,30.06,0.173757225433526,0.0,11.67,24.048000000000002,0.13900578034682082,0.0,9.336,10.61912507787051,3.7041952231321655,18.101057385460116,0.03663329367715983,4,2,0,0,648.6847908488826,3.7496230684906506,0.4440427065108924,7.656681745512223,9.632330009103118,0.05567820814510473,0.0,2.7680000000000002,639.0524608397794,3.693944860345546,0.0,7.656681745512223,96.32330009103117,6390.5246083977945,6486.847908488826,624.6367908488826,0.014849014721769641,0.9851509852782303,6.14,31805.0,31805.0,195282.7,3919.23,765357533.3,15.687833891047424,1040.802053484983,1056.4898873760303
Sonora,Huatabampo,33,Navojoa,149,Trigo grano,2017,2018,26.604878,-109.232063,39.0,1,1.0,0.0,782.2996472979906,4.54825376336041,1.7556945314113401,8.020571227697722,21.904767441860464,16.075,29.270000000000003,26.698779069767443,19.4,34.06,17.110755813953485,11.52,24.7,59.185058139534895,33.84,79.2,18.39790697674419,4.13,28.59,2.62453488372093,1.17,5.71,39.66,0.23058139534883718,0.0,24.29,31.728,0.18446511627906978,0.0,19.432000000000002,10.793002123101529,3.6974973300749827,18.571908171618993,0.05069668654074295,5,1,0,0,597.3858336630658,3.473173451529452,0.9698634025309956,7.033962016347594,14.453487567983796,0.08403190446502207,0.0,3.0105626054974386,582.932346095082,3.3891415470644306,0.0,7.033962016347594,144.53487567983797,5829.32346095082,5973.8583366306575,565.6578336630658,0.024194560288377662,0.9758054397116224,5.37,34719.7,34719.7,186550.59,4011.59,748363591.4,26.91524686775381,1085.5350951491284,1112.4503420168824
Sonora,Huatabampo,33,Navojoa,149,Trigo grano,2018,2019,26.604878,-109.232063,39.0,3,1.75,0.3333333333333333,783.0095310498912,4.5523809944761116,1.9973422866347426,8.625113524226382,22.106220930232556,16.575,29.259999999999998,26.929360465116282,19.32,35.41,17.283081395348837,11.79,23.7,57.8888953488372,34.26,79.56,17.960697674418604,4.67,29.02,2.611220930232558,1.03,4.91,64.15,0.3729651162790698,0.0,34.19,51.32,0.2983720930232558,0.0,27.352,10.548145513316069,4.164857715465415,17.836911445348008,0.08192748294389861,8,3,1,0,597.9355172949905,3.476369286598782,1.0839759680235441,7.025719795339771,20.288683618186226,0.11795746289643155,0.0,3.7600000000000002,577.6468336768042,3.35841182370235,0.0,7.025719795339771,202.88683618186226,5776.468336768043,5979.355172949905,546.6155172949905,0.03393122340343739,0.9660687765965625,6.0,27913.83,27913.83,167622.13,4179.63,700597964.0,33.81447269697704,962.7447227946737,996.5591954916508
Sonora,Huatabampo,33,Navojoa,149,Trigo grano,2019,2020,26.604878,-109.232063,39.0,1,1.0,0.0,733.2090834133829,4.262843508217343,1.6305846876662526,8.129448791119398,20.872877906976747,14.11,26.545,25.471627906976742,17.79,32.17,16.274127906976748,9.58,22.84,60.18017441860466,40.1,83.95,17.62651162790698,2.74,28.72,2.618720930232558,1.17,5.09,77.57000000000001,0.4509883720930233,0.0,25.66,62.056000000000004,0.3607906976744186,0.0,20.528000000000002,10.385824097370719,3.171840712104043,17.814896973756298,0.10579519778844049,8,4,0,0,561.1703435783231,3.2626182766181575,0.7937019773459176,6.8641387920709676,20.275198664083547,0.11787906200048574,0.0,3.6054501949139874,540.8951449142396,3.144739214617672,0.0,6.8641387920709676,202.75198664083547,5408.951449142396,5611.703435783232,499.11434357832314,0.036130203415237525,0.9638697965847626,6.56,34702.05,34702.05,227535.33,4519.97,1028451853.79,30.907315036712724,824.5352818814629,855.4425969181756
Sonora,Huatabampo,33,Navojoa,149,Trigo grano,2020,2021,26.604878,-109.232063,39.0,1,1.0,0.0,694.473557938069,4.014298022763405,1.4154354080074274,7.031427462419701,20.84696531791908,12.61,28.009999999999998,25.219190751445087,16.49,32.64,16.474739884393063,8.73,23.38,64.27196531791907,37.44,89.03,16.433815028901734,2.29,28.6,2.8419075144508668,1.23,6.1,157.65,0.911271676300578,0.0,54.03,126.12,0.7290173410404625,0.0,43.224000000000004,9.868979095792618,2.794457892453976,17.88293375493601,0.22700648310940982,20,8,0,0,537.63963198245,3.10774353747081,0.4246306224022282,7.778698487067161,31.32876211701477,0.18109111050297555,0.0,2.958252441068314,506.3108698654354,2.9266524269678347,0.0,7.778698487067161,313.2876211701477,5063.108698654354,5376.396319824502,411.51963198245005,0.058270931407150096,0.9417290685928501,6.07,29502.01,29502.01,179111.28,4782.7,856635664.23,51.61245818289089,834.1200492017058,885.7325073845967
Sonora,Huatabampo,33,Navojoa,149,Trigo grano,2021,2022,26.604878,-109.232063,39.0,3,3.0,1.0,804.1123383770808,4.67507173475047,1.5549562982643004,8.245780271734075,20.900116279069767,15.254999999999999,29.310000000000002,25.979476744186044,18.79,34.79,15.82075581395349,10.31,24.02,55.19918604651162,33.45,88.19,18.927093023255814,4.5,29.17,2.685697674418605,1.26,6.3,24.919999999999998,0.14488372093023255,0.0,7.63,19.936,0.11590697674418604,0.0,6.104,10.812238290052404,4.037498765708421,17.967363606934097,0.030990694720958258,4,2,0,0,615.8667146279373,3.5806204338833565,1.1099755048272193,8.093563067242131,9.857702951352492,0.057312226461351694,0.0,2.1249864341744855,606.0090116765848,3.5233082074220046,0.0,8.093563067242131,98.57702951352492,6060.0901167658485,6158.667146279374,595.9307146279373,0.016006227836663996,0.983993772163336,7.05,40908.0,40908.0,288483.36,5409.34,1560503480.0,13.982557377804953,859.5872506050849,873.5698079828899
Sonora,Huatabampo,33,Navojoa,149,Trigo grano,2022,2023,26.604878,-109.232063,39.0,2,1.1818181818181819,0.0,802.2211368956575,4.664076377300335,1.7258157956334577,8.747182164646903,21.72174418604651,15.55,27.845,26.673313953488375,19.21,34.3,16.770174418604654,10.74,22.97,57.30005813953489,37.09,84.99,18.921279069767444,4.27,28.37,2.689593023255814,1.25,5.24,35.17,0.20447674418604653,0.0,24.18,28.136000000000003,0.16358139534883723,0.0,19.344,10.970848863656611,3.8172930380441086,18.036030389766573,0.04384077953380385,4,1,0,0,628.9526283984243,3.6567013278978155,0.704869970952883,7.210071170972473,8.104152561223918,0.04711716605362743,0.0,2.206594425292558,620.8484758372003,3.609584161844188,0.0,7.210071170972473,81.04152561223918,6208.484758372004,6289.5262839842435,600.8166283984243,0.012885155726052804,0.9871148442739471,6.14,32500.0,32500.0,199550.0,8224.96,1641290372.0,13.198945539452637,1011.1538694416945,1024.352814981147
Sonora,Huatabampo,33,Navojoa,149,Trigo grano,2023,2024,26.604878,-109.232063,39.0,2,1.6666666666666667,0.0,760.9046029206096,4.42386397046866,2.3082767945147853,7.7065497491704695,20.17845930232558,15.495000000000001,24.6,25.107558139534884,19.01,30.44,15.249360465116279,9.86,21.11,58.42912790697675,35.78,79.38,18.35953488372093,4.49,28.74,2.7819767441860463,1.32,5.53,9.870000000000001,0.057383720930232564,0.0,2.87,7.896000000000001,0.04590697674418605,0.0,2.2960000000000003,10.614345064601942,3.879646045931595,17.90993353425609,0.01297140267270772,3,0,0,0,598.9504004090459,3.482269769820034,0.934793939467889,8.022367853321558,7.896000000000001,0.04590697674418605,0.0,2.2960000000000003,591.0544004090459,3.4363627930758485,0.934793939467889,8.022367853321558,78.96000000000001,5910.54400409046,5989.50400409046,591.0544004090459,0.013183061560034895,0.9868169384399652,6.66,42000.0,42000.0,279800.0,7580.7,2121078686.0,11.855855855855857,887.4690696832522,899.3249255391081
Sonora,Huatabampo,33,Navojoa,149,Semilla de trigo grano,2015,2016,26.604878,-109.232063,39.0,0,0.0,0.0,743.2862752243534,4.321431832699729,1.623981356664172,8.209764367592491,22.304302325581393,14.445,27.71,26.728895348837213,17.62,32.56,17.87970930232558,10.31,24.26,60.407558139534885,39.57,82.63,17.067674418604653,3.2,28.21,2.4940697674418604,0.96,5.37,89.28,0.5190697674418605,0.0,15.17,71.42399999999999,0.4152558139534883,0.0,12.136000000000001,10.16508050066388,3.4318853389809103,17.454636057786782,0.12011522743784249,15,5,0,0,578.8992265083992,3.365693177374414,0.94677210193455,6.935178998123189,35.077586403836825,0.2039394558362606,0.0,3.7786769232003077,543.8216401045624,3.1617537215381537,0.0,6.779861492401523,350.77586403836824,5438.2164010456245,5788.992265083993,507.47522650839926,0.060593596946752676,0.9394064030532474,5.4,543.21,543.21,2933.33,7845.0,23011973.85,64.95849334043857,1007.0771113047452,1072.0356046451839
Sonora,Huatabampo,33,Navojoa,149,Semilla de trigo grano,2016,2017,26.604878,-109.232063,39.0,1,1.0,0.0,820.565037501442,4.743150505788682,1.480142355036308,7.205298770009018,21.87251445086705,13.485,26.12,26.738554913294795,18.0,31.38,17.006473988439307,8.97,22.19,55.64658959537572,35.61,84.89,18.274971098265897,4.18,29.18,2.7572254335260116,1.49,5.61,30.06,0.173757225433526,0.0,11.67,24.048000000000002,0.13900578034682082,0.0,9.336,10.61912507787051,3.7041952231321655,18.101057385460116,0.03663329367715983,4,2,0,0,648.6847908488826,3.7496230684906506,0.4440427065108924,7.656681745512223,9.632330009103118,0.05567820814510473,0.0,2.7680000000000002,639.0524608397794,3.693944860345546,0.0,7.656681745512223,96.32330009103117,6390.5246083977945,6486.847908488826,624.6367908488826,0.014849014721769641,0.9851509852782303,6.21,433.0,433.0,2689.04,6587.93,17715215.89,15.510998404352845,1029.0699852492423,1044.5809836535952
Sonora,Huatabampo,33,Navojoa,149,Semilla de trigo grano,2017,2018,26.604878,-109.232063,39.0,1,1.0,0.0,782.2996472979906,4.54825376336041,1.7556945314113401,8.020571227697722,21.904767441860464,16.075,29.270000000000003,26.698779069767443,19.4,34.06,17.110755813953485,11.52,24.7,59.185058139534895,33.84,79.2,18.39790697674419,4.13,28.59,2.62453488372093,1.17,5.71,39.66,0.23058139534883718,0.0,24.29,31.728,0.18446511627906978,0.0,19.432000000000002,10.793002123101529,3.6974973300749827,18.571908171618993,0.05069668654074295,5,1,0,0,597.3858336630658,3.473173451529452,0.9698634025309956,7.033962016347594,14.453487567983796,0.08403190446502207,0.0,3.0105626054974386,582.932346095082,3.3891415470644306,0.0,7.033962016347594,144.53487567983797,5829.32346095082,5973.8583366306575,565.6578336630658,0.024194560288377662,0.9758054397116224,5.7,626.0,626.0,3567.39,7053.15,25161346.11,25.356995733304906,1022.6883264825999,1048.045322215905
Sonora,Huatabampo,33,Navojoa,149,Semilla de trigo grano,2018,2019,26.604878,-109.232063,39.0,3,1.75,0.3333333333333333,783.0095310498912,4.5523809944761116,1.9973422866347426,8.625113524226382,22.106220930232556,16.575,29.259999999999998,26.929360465116282,19.32,35.41,17.283081395348837,11.79,23.7,57.8888953488372,34.26,79.56,17.960697674418604,4.67,29.02,2.611220930232558,1.03,4.91,64.15,0.3729651162790698,0.0,34.19,51.32,0.2983720930232558,0.0,27.352,10.548145513316069,4.164857715465415,17.836911445348008,0.08192748294389861,8,3,1,0,597.9355172949905,3.476369286598782,1.0839759680235441,7.025719795339771,20.288683618186226,0.11795746289643155,0.0,3.7600000000000002,577.6468336768042,3.35841182370235,0.0,7.025719795339771,202.88683618186226,5776.468336768043,5979.355172949905,546.6155172949905,0.03393122340343739,0.9660687765965625,6.04,552.0,552.0,3331.88,7026.8,23412440.0,33.59053579169905,956.3689299284839,989.959465720183
Sonora,Huatabampo,33,Navojoa,149,Semilla de trigo grano,2019,2020,26.604878,-109.232063,39.0,1,1.0,0.0,733.2090834133829,4.262843508217343,1.6305846876662526,8.129448791119398,20.872877906976747,14.11,26.545,25.471627906976742,17.79,32.17,16.274127906976748,9.58,22.84,60.18017441860466,40.1,83.95,17.62651162790698,2.74,28.72,2.618720930232558,1.17,5.09,77.57000000000001,0.4509883720930233,0.0,25.66,62.056000000000004,0.3607906976744186,0.0,20.528000000000002,10.385824097370719,3.171840712104043,17.814896973756298,0.10579519778844049,8,4,0,0,561.1703435783231,3.2626182766181575,0.7937019773459176,6.8641387920709676,20.275198664083547,0.11787906200048574,0.0,3.6054501949139874,540.8951449142396,3.144739214617672,0.0,6.8641387920709676,202.75198664083547,5408.951449142396,5611.703435783232,499.11434357832314,0.036130203415237525,0.9638697965847626,6.4,577.0,577.0,3692.87,8161.77,30140339.34,31.67999791263054,845.1486639284993,876.8286618411298
Sonora,Huatabampo,33,Navojoa,149,Semilla de trigo grano,2022,2023,26.604878,-109.232063,39.0,2,1.1818181818181819,0.0,802.2211368956575,4.664076377300335,1.7258157956334577,8.747182164646903,21.72174418604651,15.55,27.845,26.673313953488375,19.21,34.3,16.770174418604654,10.74,22.97,57.30005813953489,37.09,84.99,18.921279069767444,4.27,28.37,2.689593023255814,1.25,5.24,35.17,0.20447674418604653,0.0,24.18,28.136000000000003,0.16358139534883723,0.0,19.344,10.970848863656611,3.8172930380441086,18.036030389766573,0.04384077953380385,4,1,0,0,628.9526283984243,3.6567013278978155,0.704869970952883,7.210071170972473,8.104152561223918,0.04711716605362743,0.0,2.206594425292558,620.8484758372003,3.609584161844188,0.0,7.210071170972473,81.04152561223918,6208.484758372004,6289.5262839842435,600.8166283984243,0.012885155726052804,0.9871148442739471,6.28,500.0,500.0,3140.0,8625.16,27083000.0,12.904701530611334,988.6122226707012,1001.5169242013125
Sonora,Huatabampo,33,Navojoa,149,Semilla de trigo grano,2023,2024,26.604878,-109.232063,39.0,2,1.6666666666666667,0.0,760.9046029206096,4.42386397046866,2.3082767945147853,7.7065497491704695,20.17845930232558,15.495000000000001,24.6,25.107558139534884,19.01,30.44,15.249360465116279,9.86,21.11,58.42912790697675,35.78,79.38,18.35953488372093,4.49,28.74,2.7819767441860463,1.32,5.53,9.870000000000001,0.057383720930232564,0.0,2.87,7.896000000000001,0.04590697674418605,0.0,2.2960000000000003,10.614345064601942,3.879646045931595,17.90993353425609,0.01297140267270772,3,0,0,0,598.9504004090459,3.482269769820034,0.934793939467889,8.022367853321558,7.896000000000001,0.04590697674418605,0.0,2.2960000000000003,591.0544004090459,3.4363627930758485,0.934793939467889,8.022367853321558,78.96000000000001,5910.54400409046,5989.50400409046,591.0544004090459,0.013183061560034895,0.9868169384399652,6.85,500.0,500.0,3423.0,9056.55,31000567.5,11.527007299270075,862.8531392832788,874.3801465825488
Sonora,Huatabampo,33,Navojoa,149,Alfalfa achicalada,2010,2011,26.604878,-109.232063,39.0,4,2.5,0.5,305.4696557191742,4.019337575252292,2.3670218755167145,7.433891113252669,19.193618421052626,16.990000000000002,23.365000000000002,23.71026315789474,19.07,30.76,14.676973684210527,10.05,18.4,62.406052631578945,38.24,77.7,17.941447368421056,6.53,25.3,2.8278947368421057,1.29,6.62,65.94,0.8676315789473684,0.0,22.39,52.752,0.6941052631578948,0.0,17.912000000000003,10.350518465029175,5.399577430563955,14.680707342407768,0.2158643215960549,8,4,0,0,265.12186531230805,3.4884455962145795,1.267158398318095,6.690502001927402,18.32671066044889,0.24114092974274853,0.0,2.8039816100756187,246.7951546518591,3.2473046664718304,0.0,6.690502001927402,183.2671066044889,2467.951546518591,2651.21865312308,212.36986531230804,0.06912560998641287,0.9308743900135868,10.05,596.0,596.0,5989.8,1783.8,10684605.24,18.23553299547153,245.56731806155133,263.80285105702285
Sonora,Huatabampo,33,Navojoa,149,Alfalfa achicalada,2011,2012,26.604878,-109.232063,39.0,2,2.0,0.0,336.3148861283551,4.425195870109936,2.980328099479279,6.402803170689579,18.640986842105264,7.545,23.415,23.91263157894737,9.93,30.41,13.36934210526316,4.48,17.47,54.46447368421053,37.34,69.78,19.14723684210526,7.15,25.06,2.7848684210526318,1.18,5.05,0.63,0.008289473684210527,0.0,0.47,0.504,0.0066315789473684215,0.0,0.376,10.716831387922976,4.925632864955008,15.084486810878492,0.0018732444681605902,0,0,0,1,291.33358032811,3.833336583264605,1.1921312397917116,5.762522853620622,0.504,0.0066315789473684215,0.0,0.376,290.82958032810996,3.8267050043172364,1.1921312397917116,5.762522853620622,5.04,2908.2958032810993,2913.3358032810993,290.82958032810996,0.0017299756500173365,0.9982700243499826,10.0,547.0,547.0,5470.0,1801.47,9854040.9,0.504,290.82958032810996,291.33358032811
Sonora,Huatabampo,33,Navojoa,149,Alfalfa achicalada,2012,2013,26.604878,-109.232063,39.0,3,2.5,0.5,336.1831953385238,4.366015523876932,2.472144517687985,6.837429094442638,19.411493506493507,15.780000000000001,21.6,24.605064935064934,18.64,29.06,14.217922077922077,11.38,17.34,53.91025974025974,33.92,74.47,18.022597402597405,3.97,24.93,2.6407792207792204,1.36,5.08,4.779999999999999,0.06207792207792207,0.0,3.8,3.8240000000000007,0.04966233766233767,0.0,3.04,10.211659977574655,3.9920029830719126,14.389316923018159,0.014218438239266303,1,0,0,0,292.0516840441569,3.792879013560479,1.2260886734483076,6.153686184998374,3.5814641980312274,0.0465125220523536,0.0,2.7974641980312267,288.4702198461257,3.746366491508126,0.0,6.153686184998374,35.814641980312274,2884.702198461257,2920.5168404415695,288.2276840441569,0.012263117775721253,0.9877368822242788,9.93,548.0,548.0,5441.64,2100.0,11427444.0,3.606711176265083,290.50374606860595,294.11045724487104
Sonora,Huatabampo,33,Navojoa,149,Alfalfa achicalada,2013,2014,26.604878,-109.232063,39.0,1,1.0,0.0,341.07042382891643,4.487768734591006,2.8915011025681734,7.53646306607008,18.84125,12.51,23.1,23.94078947368421,17.84,30.53,13.74171052631579,7.02,18.84,53.26144736842105,31.25,75.64,18.099473684210533,7.66,25.38,3.03578947368421,1.61,5.43,7.42,0.09763157894736842,0.0,3.39,5.936,0.07810526315789473,0.0,2.712,10.188409950032504,5.2201623038522635,15.328418054796467,0.02175503790889218,2,0,0,0,298.2282477773811,3.924055891807646,1.1829362389926505,6.782816759463072,4.513635599112886,0.05938994209359061,0.0,1.2896355991128856,293.7146121782682,3.8646659497140554,0.0,6.782816759463072,45.136355991128866,2937.1461217826823,2982.282477773811,292.29224777738114,0.015134835927689138,0.9848651640723108,8.3,548.0,548.0,4548.0,1846.84,8399428.32,5.43811517965408,353.87302672080506,359.3111419004591
Sonora,Huatabampo,33,Navojoa,149,Alfalfa achicalada,2014,2015,26.604878,-109.232063,39.0,1,1.0,0.0,347.57520407315917,4.573357948331042,2.3764952977137113,8.542447689067817,21.493815789473686,17.265,24.564999999999998,26.504605263157895,21.18,29.83,16.483026315789473,12.87,19.3,55.3657894736842,31.2,75.42,18.044605263157894,4.25,25.88,2.5675,1.42,4.68,6.14,0.08078947368421052,0.0,5.79,4.912000000000001,0.06463157894736843,0.0,4.632000000000001,10.351073830126767,3.956342368538194,14.681860193167433,0.01766524173199543,1,1,0,0,303.21673501889205,3.989693881827527,0.9505981190854845,7.688202920161036,3.529255167672293,0.046437567995688066,0.0,3.2492551676722927,299.6874798512198,3.9432563138318395,0.0,7.688202920161036,35.29255167672293,2996.874798512198,3032.167350188921,298.3047350188921,0.011639381208469253,0.9883606187915308,11.05,568.0,568.0,6276.4,1927.26,12096254.66,3.1938960793414415,271.21038900562877,274.4042850849702
Sonora,Huatabampo,33,Navojoa,149,Alfalfa achicalada,2015,2016,26.604878,-109.232063,39.0,0,0.0,0.0,297.609960020197,3.915920526581539,1.9152821669396003,6.0305904331506,20.972631578947368,14.445,24.035,25.33697368421052,17.62,29.15,16.608289473684213,10.31,19.82,63.519999999999996,41.93,82.63,16.34921052631579,3.2,23.96,2.4677631578947374,1.22,4.85,62.110000000000014,0.8172368421052634,0.0,14.1,49.688,0.6537894736842106,0.0,11.280000000000001,9.787476149931656,3.4318853389809103,14.469559132486495,0.20869597239213697,11,4,0,0,257.16279998757557,3.3837210524680996,0.8620017566429704,5.42753138983554,26.599756771332697,0.3499967996227986,0.0,3.1215157191654717,230.5630432162429,3.0337242528453015,0.0,5.305978559270757,265.997567713327,2305.630432162429,2571.627999875756,207.47479998757558,0.10343547656433133,0.8965645234356688,9.57,620.0,620.0,5933.4,1848.45,10967593.23,27.794939154997593,240.92272018416185,268.71765933915947
Sonora,Huatabampo,33,Navojoa,149,Alfalfa achicalada,2016,2017,26.604878,-109.232063,39.0,1,1.0,0.0,362.0058102747122,4.701374159411847,2.543079004743189,6.6579841265323685,21.094805194805197,16.009999999999998,24.905,26.39051948051948,18.33,30.58,15.799090909090912,11.53,20.38,53.78311688311688,35.61,75.51,18.461038961038962,5.34,25.15,2.6911688311688313,1.49,5.61,7.959999999999999,0.10337662337662336,0.0,3.46,6.368,0.0827012987012987,0.0,2.7680000000000002,10.492410204169218,4.257143865121389,15.166748466795722,0.02198859734864328,2,0,0,0,318.18684216747914,4.132296651525703,1.0172316018972756,6.133075763472455,4.925144193996385,0.06396291161034266,0.0,2.704,313.26169797348274,4.06833373991536,0.0,6.133075763472455,49.25144193996385,3132.6169797348275,3181.8684216747915,311.81884216747915,0.015478780204883557,0.9845212197951164,10.1,600.0,600.0,6060.0,1883.05,11411283.0,4.876380390095431,310.1600970034483,315.03647739354375
Sonora,Huatabampo,33,Navojoa,149,Alfalfa achicalada,2017,2018,26.604878,-109.232063,39.0,1,1.0,0.0,316.0736754550302,4.1588641507240816,2.256456489118572,6.1005789791346645,20.203486842105264,16.075,26.06,25.04657894736842,19.4,32.33,15.360394736842107,11.52,20.32,62.001184210526304,35.63,79.2,18.22605263157895,6.81,24.55,2.630263157894737,1.17,5.54,32.86000000000001,0.4323684210526317,0.0,24.29,26.287999999999997,0.3458947368421052,0.0,19.432000000000002,10.560163559785531,5.3682996847921505,15.150764389018674,0.10396310275663943,3,1,0,0,273.51253235501383,3.5988491099343927,0.9198391686107764,5.490521081221198,8.03862016485618,0.10577131795863395,0.0,2.4869865001935363,265.4739121901577,3.493077791975759,0.0,5.474521081221198,80.38620164856181,2654.739121901577,2735.125323550139,247.22453235501382,0.029390317495295647,0.9706096825047046,11.5,598.0,598.0,6877.0,1980.0,13616460.0,6.990104491179288,230.84688016535455,237.83698465653384
Sonora,Huatabampo,33,Navojoa,149,Alfalfa achicalada,2018,2019,26.604878,-109.232063,39.0,3,2.0,0.4,310.74776953747056,4.088786441282507,1.9973422866347426,6.06950562773203,20.57342105263158,16.575,24.425,25.279210526315786,19.32,29.99,15.867631578947366,11.79,20.32,58.837763157894734,36.83,79.56,17.164342105263156,4.67,23.39,2.448157894736842,1.03,4.73,42.86000000000001,0.5639473684210528,0.0,34.19,34.288,0.45115789473684204,0.0,27.352,9.950678897959122,4.42030156721764,13.95445924139154,0.13792536649191256,4,1,0,0,271.3713834418678,3.5706760979193133,1.2051623844523138,5.462555064958828,7.622268301530969,0.10029300396751276,0.0,2.568660243559701,263.74911514033687,3.470383093951801,0.0,5.462555064958828,76.22268301530968,2637.491151403369,2713.7138344186783,237.0833834418678,0.028087959035532514,0.9719120409644676,12.03,900.0,900.0,10827.0,1997.5,21626932.5,6.336050125960905,219.24282222804396,225.57887235400486
Sonora,Huatabampo,33,Navojoa,149,Alfalfa achicalada,2019,2020,26.604878,-109.232063,39.0,0,0.0,0.0,297.88254637629956,3.9195071891618363,1.6305846876662526,5.968816340931276,19.538223684210525,15.115,23.8,24.108552631578945,18.3,29.0,14.967894736842105,10.13,19.16,61.120789473684205,42.24,82.06,16.321184210526315,2.74,24.56,2.746578947368421,1.17,4.95,38.57,0.5075,0.0,20.11,30.856,0.406,0.0,16.088,9.613534726409009,3.171840712104043,14.743486020914649,0.12948056362884894,5,2,0,0,261.03533819148157,3.4346755025194944,0.6522338750665011,5.371934706838149,10.578012080119048,0.13918436947525065,0.0,2.8216566742805123,250.45732611136245,3.295491133044243,0.0,5.371934706838149,105.78012080119049,2504.5732611136245,2610.353381914815,230.17933819148158,0.040523295249624725,0.9594767047503749,11.91,900.0,900.0,10719.0,1872.02,20066182.38,8.881622233517254,210.2916256182724,219.17324785178965
Sonora,Huatabampo,33,Navojoa,149,Alfalfa achicalada,2020,2021,26.604878,-109.232063,39.0,1,1.0,0.0,294.26872650327033,3.8216717727697445,2.276732660522829,6.764085640927966,19.519545454545455,12.61,24.875,24.072467532467535,16.49,29.75,14.966623376623374,8.73,20.0,64.00935064935065,38.46,81.76,16.106753246753243,5.71,24.53,2.825454545454545,1.32,4.83,20.519999999999996,0.26649350649350645,0.0,6.97,16.416000000000004,0.21319480519480524,0.0,5.5760000000000005,9.530398377373654,5.028279383154191,14.899908731098087,0.06973218066301023,6,1,0,0,256.66198165024997,3.3332724889642855,0.9106930642091315,6.08767707683517,13.283773755665129,0.17251654228136531,0.0,2.4437737556651293,243.3782078945849,3.160755946682921,0.0,6.08767707683517,132.8377375566513,2433.782078945849,2566.6198165025007,240.24598165024997,0.05175590740106869,0.9482440925989315,13.13,800.0,800.0,10504.0,1907.86,20040161.44,10.117116340948307,185.36040205223526,195.47751839318357
Sonora,Huatabampo,33,Navojoa,149,Alfalfa achicalada,2021,2022,26.604878,-109.232063,39.0,3,3.0,1.0,322.18084861449444,4.239221692295979,1.5549562982643004,7.037880928036636,18.928355263157897,15.254999999999999,23.14,23.97315789473684,18.79,29.14,13.88355263157895,10.31,17.14,57.972894736842115,38.65,88.19,18.189868421052633,4.5,26.07,2.773157894736842,1.37,6.3,16.47,0.21671052631578946,0.0,7.6,13.176000000000002,0.17336842105263162,0.0,6.08,10.328208143634164,4.037498765708421,15.233380994205675,0.05112035700081969,3,1,0,0,279.17585902205514,3.673366566079673,1.0845259740121038,6.334092835232973,6.44702668810357,0.08482929852767855,0.0,1.9280000000000002,272.7288323339516,3.5885372675519944,0.0,6.334092835232973,64.4702668810357,2727.288323339516,2791.7585902205515,265.99985902205515,0.023093066537655926,0.9769069334623441,13.6,850.0,850.0,11560.0,2166.7,25047052.0,4.740460800076154,200.53590612790558,205.27636692798174
Sonora,Huatabampo,33,Navojoa,149,Alfalfa achicalada,2022,2023,26.604878,-109.232063,39.0,1,1.0,0.0,334.19151421468166,4.397256765982654,1.9187777611239636,6.269627105193455,19.5666447368421,15.55,23.515,24.703026315789476,19.21,30.44,14.430263157894734,10.74,17.67,57.38552631578948,40.11,75.41,19.02,4.88,25.66,2.763289473684211,1.25,5.24,3.2,0.042105263157894736,0.0,2.98,2.56,0.03368421052631579,0.0,2.384,10.762035676260691,4.3051958550727125,15.352944958732373,0.009575347858606453,1,0,0,0,292.32723616679687,3.846411002194696,1.1205812759204183,5.956145749933782,1.9988388730677655,0.02630051148773376,0.0,1.8228388730677654,290.3283972937291,3.820110490706962,0.0,5.956145749933782,19.988388730677656,2903.283972937291,2923.2723616679687,289.76723616679686,0.0068376758159040055,0.993162324184096,13.8,810.0,810.0,11178.0,2400.72,26835248.16,1.4484339659911345,210.38289658965874,211.83133055564988
Sonora,Huatabampo,33,Navojoa,149,Alfalfa achicalada,2023,2024,26.604878,-109.232063,39.0,2,2.0,0.0,324.5104497271031,4.269874338514515,2.420430404520748,6.975972046366573,19.029276315789474,15.495000000000001,23.67,24.08342105263158,19.01,30.04,13.97513157894737,9.86,17.9,58.073157894736845,38.09,79.38,17.712105263157895,6.96,24.97,2.914342105263158,1.5,5.17,7.44,0.09789473684210527,0.0,2.87,5.952,0.07831578947368421,0.0,2.2960000000000003,10.143423657338428,5.588986042109562,14.97249928440188,0.02292684259091399,2,0,0,0,281.50311489263504,3.703988353850461,0.9954953675342673,6.278374841729916,5.952,0.07831578947368421,0.0,2.2960000000000003,275.55111489263504,3.6256725643767767,0.9394953675342672,6.278374841729916,59.519999999999996,2755.5111489263504,2815.0311489263504,275.55111489263504,0.021143638152174925,0.9788563618478251,13.94,500.0,500.0,6970.0,2607.04,18171068.8,4.269727403156384,197.6693794064814,201.9391068096378
Sonora,Huatabampo,33,Navojoa,149,Pastos y praderas,2010,2011,26.604878,-109.232063,39.0,4,3.125,0.75,1535.7968748806397,6.268558672982203,2.3670218755167145,9.31723196115199,27.03940816326531,17.455,33.125,31.07334693877551,21.24,37.42,23.005469387755102,10.41,29.34,61.58020408163265,37.29,84.43,24.40297959183674,6.53,30.66,2.6998775510204083,0.81,5.76,293.75,1.1989795918367347,0.0,18.34,176.25,0.7193877551020408,0.0,11.004,15.91087678390742,5.399577430563955,19.914316244020547,0.1912687835250543,56,21,23,0,1286.0645816179913,5.249243190277515,0.9468087502066859,7.919647166979191,146.31139654897254,0.5971893736692757,0.0,5.608837479056984,1139.7531850690189,4.65205381660824,0.0,7.518640225888492,1463.1139654897254,11397.53185069019,12860.645816179915,1109.8145816179913,0.11376675684894372,0.8862332431510563,10.59,140.0,140.0,1482.6,400.0,593040.0,138.15995896975687,1076.2541879782993,1214.4141469480562
Sonora,Huatabampo,33,Navojoa,149,Pastos y praderas,2011,2012,26.604878,-109.232063,39.0,4,2.5,0.625,1583.3672743652155,6.462723568837614,2.493010125401967,9.373217680335717,27.66569387755102,18.375,32.69,32.076122448979596,22.75,37.44,23.25526530612245,12.29,28.81,58.97946938775511,37.8,80.73,24.550612244897962,6.96,30.89,2.576040816326531,1.09,5.14,282.48,1.1529795918367347,0.0,18.43,169.488,0.6917877551020408,0.0,11.058,15.943814113010445,5.817546497154584,19.94342393440616,0.17840459669298678,46,19,46,0,1321.7047330535115,5.394713196136782,1.8528936817918145,7.9672350282853595,121.60531174223559,0.4963482111927983,0.0,6.696,1200.0994213112758,4.898364984943983,0.0,7.9672350282853595,1216.0531174223559,12000.994213112757,13217.047330535113,1152.2167330535115,0.09200641315802278,0.9079935868419772,9.99,54.0,54.0,539.46,1000.0,539460.0,121.7270387810166,1201.300722033309,1323.0277608143256
Sonora,Huatabampo,33,Navojoa,149,Pastos y praderas,2012,2013,26.604878,-109.232063,39.0,3,2.25,0.5,1533.684717827788,6.2599376237868904,2.4572553345702124,9.206527896244802,27.23085714285714,15.91,33.195,31.390612244897962,18.58,37.37,23.071102040816328,11.81,29.02,60.1544081632653,31.0,83.7,23.94506122448979,5.48,30.86,2.629469387755102,0.79,5.15,400.05,1.632857142857143,0.0,20.67,240.03000000000003,0.9797142857142859,0.0,12.402000000000001,15.580921205506892,4.599919974036997,19.959178193950127,0.2608423982776623,71,27,15,0,1278.8174753134485,5.219663164544688,1.8309778567090065,7.825548711808081,181.13242005120276,0.7393160002089908,0.0,4.9794696747124965,1097.685055262246,4.480347164335697,0.0,7.825548711808081,1811.3242005120276,10976.850552622458,12788.174753134486,1038.7874753134486,0.14164055742732615,0.8583594425726739,20.1,64.0,64.0,1286.4,980.0,1260672.0,90.11563186627002,546.1119677921621,636.2275996584322
Sonora,Huatabampo,33,Navojoa,149,Pastos y praderas,2015,2016,26.604878,-109.232063,39.0,0,0.0,0.0,1441.348542320775,5.883055274778674,1.956582433004179,8.751043057284296,27.742428571428572,18.805,32.85,31.3114693877551,21.8,36.67,24.17338775510204,14.15,29.68,63.98759183673468,39.33,86.92,22.640367346938778,6.58,30.83,2.4151836734693877,1.1,6.67,503.31,2.054326530612245,0.0,26.27,301.986,1.232595918367347,0.0,15.761999999999999,15.040836386962722,5.376118545634757,19.88536399809095,0.34919381761027746,89,37,25,0,1207.0662196992764,4.9268008967317405,0.7826329732016717,7.438386598691651,236.32666608153096,0.9645986370674733,0.0,5.812867971161481,970.7395536177454,3.962202259664267,0.0,7.438386598691651,2363.2666608153095,9707.395536177453,12070.662196992762,905.0802196992764,0.19578599933018456,0.8042140006698154,9.98,90.0,90.0,898.2,925.0,830835.0,236.80026661476046,972.6849234646746,1209.4851900794351
Sonora,Huatabampo,33,Navojoa,149,Pastos y praderas,2016,2017,26.604878,-109.232063,39.0,1,1.0,0.0,1522.289022024007,6.213424579689824,3.1978684063329066,8.686592950701645,27.586408163265308,16.009999999999998,32.41,31.491673469387752,18.33,37.77,23.68114285714286,11.97,29.08,61.83477551020408,38.12,88.07,24.273020408163262,6.03,31.1,2.4811836734693875,1.06,7.43,691.1299999999999,2.8209387755102036,0.0,117.0,414.678,1.6925632653061224,0.0,70.2,15.88487345792082,5.084099299538396,19.526894263324518,0.45400708406941437,66,27,21,0,1270.7827394330832,5.186868324216666,1.675037110030421,7.383604008096397,176.84789870506594,0.721828157979861,0.0,6.095361260966205,1093.934840728017,4.465040166236804,0.0,7.383604008096397,1768.4789870506595,10939.34840728017,12707.827394330829,856.1047394330832,0.13916454262194392,0.8608354573780559,9.95,200.0,200.0,1990.0,654.0,1301460.0,177.73658161313162,1099.4320007316753,1277.168582344807
Sonora,Huatabampo,33,Navojoa,149,Pastos y praderas,2018,2019,26.604878,-109.232063,39.0,3,2.4444444444444446,0.6666666666666666,1508.954938486439,6.1589997489242405,1.550182056398827,9.707564300862382,27.424326530612245,17.445,32.345,31.370897959183676,22.57,38.13,23.47775510204082,12.32,28.92,62.80559183673469,37.41,90.19,23.821510204081633,1.66,30.95,2.6220816326530607,1.09,6.77,570.31,2.3277959183673467,0.0,105.16,342.18600000000004,1.3966775510204084,0.0,63.096,15.64105564805496,2.2996880848531474,19.990148214420994,0.3779503187630313,66,23,23,0,1261.9054051085257,5.1506343065654105,1.3176547479390028,8.251429655733025,155.22057838721736,0.6335533811723157,0.0,4.906966506656539,1106.6848267213084,4.5170809253930955,0.0,8.251429655733025,1552.2057838721735,11066.848267213083,12619.054051085257,919.7194051085256,0.12300492394980127,0.8769950760501988,10.29,295.26,295.26,3038.23,780.0,2369819.4,150.84604313626565,1075.4954584269276,1226.3415015631933
Sonora,Huatabampo,33,Navojoa,149,Pastos y praderas,2019,2020,26.604878,-109.232063,39.0,1,1.0,0.0,1499.8698401183458,6.121917714768759,1.6053514175866503,9.589065425457921,27.2154693877551,18.435,32.66,31.257551020408165,21.37,37.89,23.173387755102038,14.07,28.98,62.62983673469388,42.92,89.38,23.822204081632655,2.03,30.8,2.6238775510204086,1.11,5.59,396.4799999999999,1.6182857142857139,0.0,26.83,237.88799999999998,0.9709714285714285,0.0,16.098,15.619871652043468,2.5018206024918523,20.03639756268496,0.26434293789700847,63,30,29,0,1252.9266398281857,5.113986285013003,1.3645487049486527,8.150705611639232,164.6945593088752,0.6722226910566335,0.0,5.839506658851096,1088.2320805193108,4.44176359395637,0.0,8.138705611639232,1646.945593088752,10882.320805193107,12529.26639828186,1015.0386398281858,0.131447886950077,0.8685521130499232,11.21,276.42,276.42,3098.67,846.9,2624263.62,146.9175372960528,970.769028117137,1117.6865654131898
Sonora,Huatabampo,33,Navojoa,149,Pastos y praderas,2022,2023,26.604878,-109.232063,39.0,3,2.2222222222222223,0.4444444444444444,1489.271747793941,6.07866019507731,2.0158967969513597,9.99665008128471,27.245061224489792,16.445,32.08,31.273714285714288,22.15,36.14,23.216408163265307,10.74,28.72,63.84175510204082,37.09,85.09,24.22665306122449,4.08,30.61,2.511428571428571,0.94,6.66,483.9,1.9751020408163265,0.0,32.46,290.34000000000003,1.185061224489796,0.0,19.476,15.863973697133215,3.875880316288014,19.8541293929976,0.3249239104393146,87,29,13,0,1242.316031308661,5.070677678810861,1.7135122774086557,8.497152569092004,208.8565529815731,0.8524757264554004,0.0,5.796630036065972,1033.459478327088,4.218201952355461,0.0,8.497152569092004,2088.5655298157308,10334.594783270879,12423.16031308661,951.9760313086609,0.16811869743125082,0.8318813025687493,10.75,285.84,285.84,3072.78,870.0,2673318.6,194.28516556425402,961.3576542577562,1155.64281982201
Sonora,Huatabampo,33,Navojoa,149,Pastos y praderas,2023,2024,26.604878,-109.232063,39.0,3,2.2666666666666666,0.4,1646.5561127974938,6.720637195091811,2.4230605667290464,11.343819446305696,28.440367346938782,16.82,34.565,32.796775510204085,20.89,40.25,24.083959183673468,11.27,30.93,57.88742857142858,35.78,79.69,24.45902040816327,3.34,30.58,2.7744081632653064,1.29,5.7,185.97,0.759061224489796,0.0,15.11,148.776,0.6072489795918368,0.0,12.088000000000001,15.98659609997057,3.3908368734943313,19.57282018272896,0.11294482985097759,53,7,92,0,1377.3859097283635,5.621983305013728,1.0997932032407274,9.642246529359841,124.9266749168506,0.509904795578982,0.0,5.723379006615556,1252.459234811513,5.112078509434746,0.0,9.642246529359841,1249.266749168506,12524.59234811513,13773.859097283635,1228.6099097283634,0.09069838309982974,0.9093016169001703,28.0,220.0,220.0,6160.0,857.34,5281214.4,44.61666961316093,447.30686957554036,491.9235391887013
Sonora,Huatabampo,33,Navojoa,149,Frijol,2010,2011,26.604878,-109.232063,39.0,4,3.75,1.0,958.3265095568221,6.796641911750512,3.0966612027905263,9.31723196115199,29.146134751773047,19.830000000000002,33.125,32.86687943262411,24.35,37.42,25.42539007092198,15.31,29.34,62.98737588652483,37.29,84.43,25.900992907801417,11.47,30.66,2.594609929078014,0.81,5.29,229.17000000000002,1.6253191489361702,0.0,18.34,183.336,1.3002553191489363,0.0,14.672,17.345105238880993,8.455117063483383,19.914316244020547,0.2391356157996502,46,16,22,0,752.6493154799655,5.33793840765933,1.0838314209766842,10.714816755324787,120.24243396951124,0.8527832196419237,0.0,7.5884271775476835,632.4068815104542,4.485155188017406,0.0,10.172277952672665,1202.4243396951124,6324.068815104542,7526.493154799655,569.3133154799655,0.15975890962291314,0.8402410903770868,1.95,1617.0,1617.0,3153.15,8750.0,27590062.5,616.6278665103141,3243.1122128741245,3859.7400793844386
Sonora,Huatabampo,33,Navojoa,149,Frijol,2011,2012,26.604878,-109.232063,39.0,4,2.5,0.5,951.0603334343575,6.7451087477614005,2.493010125401967,9.373217680335717,29.333758865248235,23.48,32.675,33.20404255319149,27.56,37.44,25.463475177304968,17.34,28.81,62.55241134751774,37.8,80.73,25.29872340425532,6.96,30.89,2.5244680851063834,1.09,4.87,276.52,1.9611347517730495,0.0,18.43,165.912,1.1766808510638298,0.0,11.058,16.973064540549082,5.817546497154584,19.94342393440616,0.29074916730199796,44,19,28,0,746.9639670066597,5.2976167872812745,0.8725535438906884,10.779200332386074,105.66373318835166,0.7493881786407919,0.0,6.893486356320282,641.3002338183081,4.548228608640483,0.0,10.779200332386074,1056.6373318835165,6413.0023381830815,7469.639670066598,581.0519670066597,0.14145760418910489,0.8585423958108953,1.86,472.0,365.0,680.0,9000.0,6120000.0,568.0845870341486,3447.8507194532694,4015.935306487418
Sonora,Huatabampo,33,Navojoa,149,Frijol,2012,2013,26.604878,-109.232063,39.0,2,1.5,0.0,937.4889976935798,6.648858139670779,3.0638380157960325,9.206527896244802,29.29117021276595,24.305,33.195,33.006524822695035,29.23,37.37,25.57581560283688,18.94,29.02,63.55375886524821,31.0,83.47,24.780425531914894,8.32,30.86,2.5942553191489357,0.79,4.84,323.35,2.2932624113475177,0.0,20.63,194.01000000000002,1.3759574468085107,0.0,12.377999999999998,16.675807805891427,6.4994543607524005,19.959178193950127,0.34491071446759275,64,22,11,0,737.3207524803668,5.229225194896218,1.0723433055286113,10.587507080681522,133.14373603792717,0.9442818158718239,0.0,6.736929559905142,604.1770164424397,4.284943379024395,0.0,10.587507080681522,1331.4373603792717,6041.770164424397,7373.207524803669,543.3107524803668,0.18057776834576822,0.8194222316542319,1.63,355.0,355.0,578.29,16050.0,9281554.5,816.8327364290011,3706.607462837054,4523.440199266055
Sonora,Huatabampo,33,Navojoa,149,Frijol,2013,2014,26.604878,-109.232063,39.0,1,1.0,0.0,962.1192048943744,6.82354046024379,3.152838255024734,9.051267572355144,29.47343971631205,24.564999999999998,32.375,33.294539007092204,28.47,37.0,25.65234042553191,19.16,28.78,63.024751773049644,42.94,84.9,25.55829787234043,7.71,30.79,2.692765957446808,1.15,4.89,313.45,2.2230496453900708,0.0,38.09,188.07,1.3338297872340426,0.0,22.854000000000003,17.174926697637854,6.2140371187733185,20.232244120826522,0.3257912308635518,51,20,23,0,752.3106778849726,5.335536722588459,1.167862268487536,10.408957708208415,96.97944346451148,0.687797471379514,0.0,5.1251276396936785,655.3312344204611,4.647739251208944,0.0,10.329395707942767,969.7944346451147,6553.312344204611,7523.106778849726,564.2406778849727,0.128908769096774,0.8710912309032259,1.81,585.0,495.0,895.46,16000.0,14327360.0,535.798030190671,3620.614554809177,4156.412584999848
Sonora,Huatabampo,33,Navojoa,149,Frijol,2014,2015,26.604878,-109.232063,39.0,1,1.0,0.0,918.1813664046863,6.511924584430399,2.3900771609678624,9.369133489029663,29.49790780141844,23.61,32.425,32.85,27.97,36.98,26.14581560283688,18.45,29.0,65.73560283687944,39.64,89.55,24.680425531914892,5.6,30.89,2.5511347517730494,1.15,6.88,477.4399999999999,3.386099290780141,0.0,40.49,286.464,2.031659574468085,0.0,24.294,16.701790280810176,4.800008559951338,19.900596999627982,0.5199844142661127,65,34,27,0,722.2674232867521,5.122463994941504,0.8365270063387518,9.954102647620012,146.38624299845776,1.038200304953601,0.0,6.236502108306616,575.8811802882942,4.084263689987902,0.0,9.954102647620012,1463.8624299845776,5758.811802882942,7222.67423286752,435.8034232867521,0.20267595945600334,0.7973240405439965,1.31,416.0,416.0,543.71,13147.22,7148274.99,1117.4522366294484,4396.039544185452,5513.4917808149
Sonora,Huatabampo,33,Navojoa,149,Frijol,2015,2016,26.604878,-109.232063,39.0,0,0.0,0.0,896.9998083791731,6.361700768646618,3.2457916788041437,8.751043057284296,29.276914893617022,23.415,32.85,32.48751773049646,25.93,36.67,26.066312056737583,18.42,29.68,65.28822695035461,39.33,86.92,24.116879432624113,6.73,30.83,2.457659574468085,1.1,6.67,389.36999999999995,2.7614893617021274,0.0,26.27,233.622,1.6568936170212767,0.0,15.761999999999999,16.373551102021743,5.854124518198727,19.88536399809095,0.4340803602885591,69,31,24,0,711.7587900373724,5.047934681116116,1.1360270875814502,10.06369951587694,150.01047653067727,1.0639040888700515,0.0,7.864468431571415,561.748313506695,3.984030592246064,0.0,10.06369951587694,1500.1047653067726,5617.48313506695,7117.587900373723,478.13679003737235,0.21076027248332355,0.7892397275166764,1.67,543.0,543.0,905.18,16150.0,14618657.0,898.2663265310016,3363.762356327515,4262.028682858517
Sonora,Huatabampo,33,Navojoa,149,Frijol,2016,2017,26.604878,-109.232063,39.0,1,1.0,0.0,926.7982252792599,6.573037058718155,3.1978684063329066,8.686592950701645,28.96429078014184,23.205,32.41,32.379007092198584,27.42,37.77,25.549574468085105,18.72,29.08,64.09964539007092,38.12,88.07,25.350425531914894,6.03,31.1,2.499503546099291,1.18,7.43,652.06,4.624539007092198,0.0,117.0,391.236,2.7747234042553193,0.0,70.2,17.021386387858602,5.084099299538396,19.526894263324518,0.703561986001347,54,25,16,0,733.1584189042818,5.199705098611927,1.1192539422165173,9.989581893306891,131.13460720864083,0.9300326752385875,0.0,7.823999999999999,602.023811695641,4.269672423373341,0.0,9.989581893306891,1311.3460720864082,6020.2381169564105,7331.584189042818,341.9224189042818,0.17886258116577836,0.8211374188342218,1.13,790.0,790.0,892.7,17990.29,16059931.88,1160.4832496339895,5327.644351288859,6488.127600922849
Sonora,Huatabampo,33,Navojoa,149,Frijol,2017,2018,26.604878,-109.232063,39.0,1,1.0,0.0,930.3357524504117,6.59812590390363,3.0353823927076005,8.857965258978373,29.024042553191485,22.009999999999998,32.145,32.68141843971631,24.95,36.42,25.366666666666667,17.3,28.78,63.93716312056737,44.1,81.93,25.287304964539008,4.24,30.89,2.5185106382978724,1.13,7.94,472.79999999999995,3.3531914893617016,0.0,128.05,283.68,2.0119148936170212,0.0,76.83,16.99673804528926,4.034314876501589,19.757603931967815,0.50820362299814,65,22,14,0,729.4477159689998,5.173388056517729,1.0623838374476602,10.186660047825129,128.84338221624822,0.913782852597505,0.0,7.176392649332395,600.6043337527515,4.2596052039202235,0.0,10.186660047825129,1288.433822162482,6006.043337527515,7294.477159689997,445.76771596899977,0.1766314149672707,0.8233685850327291,2.11,1296.6,1296.6,2734.56,18200.0,49768992.0,610.6321432049679,2846.4660367428983,3457.098179947866
Sonora,Huatabampo,33,Navojoa,149,Frijol,2018,2019,26.604878,-109.232063,39.0,3,2.0,0.4,943.8201256444206,6.693759756343408,3.1449962357833856,9.707564300862382,29.48198581560283,23.415,32.345,33.111134751773044,26.89,38.13,25.852836879432623,18.63,28.92,63.593900709219845,39.12,85.25,24.974113475177308,7.45,30.95,2.6317730496453904,1.09,5.64,420.82000000000005,2.984539007092199,0.0,105.16,252.49200000000002,1.7907234042553193,0.0,63.096,16.833590469126495,6.140459695893307,19.990148214420994,0.4458688563275475,56,20,23,0,741.0291886990726,5.255526160986331,1.1109107919232735,11.163698945991738,106.46138457902582,0.7550452807023108,0.0,6.017175846283063,634.5678041200468,4.50048088028402,0.0,11.163698945991738,1064.6138457902582,6345.678041200468,7410.291886990726,488.5371886990726,0.14366692459972602,0.856333075400274,2.09,1734.55,1734.55,3629.88,12973.54,47092397.67,509.3846152106499,3036.2095890911332,3545.594204301783
Sonora,Huatabampo,33,Navojoa,149,Frijol,2019,2020,26.604878,-109.232063,39.0,1,1.0,0.0,937.8490872529104,6.651411966332698,2.029339101858635,9.589065425457921,29.006347517730497,23.46,32.66,32.729290780141845,27.75,37.89,25.283404255319148,19.04,28.98,63.73553191489361,42.92,89.38,25.185602836879433,4.96,30.8,2.678794326241135,1.11,5.59,345.9899999999999,2.4538297872340418,0.0,26.83,207.594,1.4722978723404254,0.0,16.098,16.91550919945926,4.395718796902023,20.03639756268496,0.3689186295563313,54,25,28,0,751.5788733147982,5.330346619253888,0.7102686856505223,11.027425239276608,113.5639988434989,0.8054184315141766,0.0,7.9005090090338355,638.0148744712992,4.524928187739711,0.0,11.015425239276608,1135.639988434989,6380.148744712992,7515.7887331479815,543.9848733147983,0.15110057357337758,0.8488994264266223,1.76,979.88,824.88,1455.78,13122.47,19103433.67,645.249993428971,3625.0845140414726,4270.334507470444
Sonora,Huatabampo,33,Navojoa,149,Frijol,2020,2021,26.604878,-109.232063,39.0,1,1.0,0.0,998.3029170054785,7.080162531953748,3.5784196855303287,9.695944947813542,30.221808510638294,26.42,33.215,34.11489361702127,30.02,37.25,26.328723404255317,21.14,29.57,61.31709219858157,41.89,83.0,25.883687943262412,11.29,30.59,2.695815602836879,1.25,4.53,219.09,1.5538297872340425,0.0,29.35,175.272,1.243063829787234,0.0,23.480000000000004,17.3917566933456,8.580565145570965,20.42693523377565,0.21946244598501727,49,11,49,0,779.8683958693624,5.530981530988386,1.252446889935615,11.150336689985572,109.07978484082177,0.7736154953249771,0.0,7.49854506442554,670.7886110285407,4.757366035663409,0.0,11.126336689985573,1090.7978484082178,6707.886110285407,7798.683958693625,604.5963958693624,0.13986947723304585,0.8601305227669542,2.1,707.0,707.0,1483.8,13876.99,20590680.73,519.427546861056,3194.231481088289,3713.659027949345
Sonora,Huatabampo,33,Navojoa,149,Frijol,2021,2022,26.604878,-109.232063,39.0,4,3.0,0.7142857142857143,946.4123525337513,6.712144344211002,2.8565612541661536,10.360589643846575,29.46741134751773,24.09,33.015,33.032765957446806,28.04,37.5,25.902056737588655,18.42,29.09,64.74631205673758,39.88,85.05,25.551702127659574,8.69,30.75,2.5616312056737582,1.23,5.62,405.88000000000005,2.8785815602836884,0.0,70.59,243.528,1.7271489361702128,0.0,42.354,17.225526988876638,6.865441011032917,19.941691330739136,0.42886168900202026,63,20,18,0,747.5040229439392,5.301446971233611,0.9997964389581537,11.91467809042356,141.62325915876056,1.0044202777217062,0.0,8.133752324413525,605.8807637851787,4.2970266935119055,0.0,11.91467809042356,1416.2325915876056,6058.807637851787,7475.0402294393925,503.97602294393914,0.1894615344021793,0.8105384655978208,2.24,1814.0,1814.0,4071.92,16856.57,68638609.47,632.2466926730382,2704.8248383266905,3337.0715309997286
Sonora,Huatabampo,33,Navojoa,149,Frijol,2022,2023,26.604878,-109.232063,39.0,3,2.4,0.6,901.0108209305926,6.390147666174415,2.0158967969513597,9.99665008128471,29.20209219858156,25.335,32.08,32.76517730496454,28.84,36.14,25.639007092198582,19.25,28.72,66.84113475177304,42.74,85.09,24.556028368794323,4.08,30.61,2.5627659574468082,0.94,6.66,371.74,2.63645390070922,0.0,26.08,223.044,1.581872340425532,0.0,15.647999999999998,16.654642370981716,3.875880316288014,19.8541293929976,0.4125810604761163,76,23,13,0,707.8071998844857,5.019909219038906,0.7055638789329759,10.059365478053985,148.00744163041233,1.0496981675915769,0.0,7.842499460559844,559.7997582540734,3.970211051447329,0.0,10.034562986915487,1480.0744163041234,5597.997582540734,7078.071998844857,484.76319988448574,0.20910700209685232,0.7908929979031476,2.2,670.0,670.0,1474.0,17333.78,25549998.32,672.761098320056,2544.544355700333,3217.3054540203893
Sonora,Huatabampo,33,Navojoa,149,Frijol,2023,2024,26.604878,-109.232063,39.0,3,2.2222222222222223,0.4444444444444444,1029.6304053301349,7.302343300213723,3.770148840465453,11.343819446305696,30.59624113475177,24.43,34.370000000000005,34.61496453900708,27.95,40.19,26.577517730496453,19.06,30.93,58.96432624113475,39.24,79.69,25.880709219858158,9.14,30.58,2.7631205673758865,1.29,5.7,116.0,0.8226950354609929,0.0,7.84,92.8,0.6581560283687943,0.0,6.272,17.372092245223527,7.241516267131485,19.57282018272896,0.11266178562666515,38,3,70,0,800.6467609396034,5.6783458222666905,1.3195520941629084,13.04539236325155,74.45743565355212,0.5280669195287385,0.0,3.3600000000000003,726.1893252860513,5.150278902737952,0.0,13.04539236325155,744.5743565355212,7261.893252860513,8006.467609396034,707.8467609396034,0.09299661134727154,0.9070033886527284,2.23,578.0,578.0,1288.5,17648.2,22739699.58,421.8551595102103,4114.387112102273,4536.242271612483
Sonora,Huatabampo,33,Navojoa,149,Garbanzo grano,2010,2011,26.604878,-109.232063,39.0,4,2.5,0.5,666.0075954377326,3.9176917378690153,1.7647984452136973,7.433891113252669,21.096029411764704,16.205,29.545,25.149529411764707,19.07,33.07,17.042529411764704,10.05,27.37,64.85652941176471,38.24,88.06,16.855882352941176,2.6,25.3,2.693117647058824,1.29,6.62,278.86,1.6403529411764706,0.0,65.93,167.31599999999997,0.9842117647058822,0.0,39.558,9.843737877777416,2.8839070274100873,15.512616087095495,0.41870393357409036,27,11,0,0,462.20987920939433,2.718881642408202,0.705919378085479,5.690569964511049,36.50455377891474,0.21473266928773377,0.0,2.951559589553283,425.70532543047966,2.5041489731204685,0.0,5.690569964511049,365.0455377891474,4257.053254304797,4622.098792093944,294.89387920939436,0.07897830708715149,0.9210216929128486,2.0,135.0,135.0,270.0,10020.0,2705400.0,182.5227688945737,2128.5266271523983,2311.049396046972
Sonora,Huatabampo,33,Navojoa,149,Garbanzo grano,2011,2012,26.604878,-109.232063,39.0,2,1.8,0.0,753.7287368732066,4.433698452195332,2.3491647066196273,6.993599553634314,21.055058823529414,7.545,30.42,25.95594117647059,9.93,34.45,16.154176470588233,4.48,26.94,57.10647058823528,37.34,80.61,18.202411764705882,7.15,25.06,2.6259411764705884,1.18,5.05,10.0,0.058823529411764705,0.0,7.04,8.0,0.047058823529411764,0.0,5.632000000000001,10.307262919265,4.925632864955008,15.084486810878492,0.013267372611377845,1,1,0,1,518.7484330116796,3.0514613706569387,1.2678833481214966,6.848837593867771,4.261853516176758,0.025069726565745635,0.0,1.8938535161767576,514.4865794955028,3.026391644091193,0.0,6.848837593867771,42.618535161767575,5144.865794955029,5187.484330116797,510.7484330116796,0.008215646053008516,0.9917843539469915,2.25,267.0,218.0,490.5,10000.0,4905000.0,18.94157118300781,2286.607019980013,2305.548591163021
Sonora,Huatabampo,33,Navojoa,149,Garbanzo grano,2012,2013,26.604878,-109.232063,39.0,3,2.6,0.6,751.4919127908745,4.394689548484646,1.5929119942138759,7.850403009167663,21.132076023391814,14.125,31.775,25.96707602339181,18.58,36.42,16.29707602339181,6.87,27.13,57.7393567251462,33.92,85.4,17.43380116959064,3.97,24.93,2.7030994152046786,1.36,5.56,61.019999999999996,0.35684210526315785,0.0,18.59,48.816,0.2854736842105263,0.0,14.872,9.991942564019245,3.9920029830719126,14.389316923018159,0.08119847860156636,6,3,9,0,509.0217787686323,2.9767355483545748,1.0306447045378202,7.850403009167663,17.001326761109432,0.09942296351525984,0.0,3.269474048437761,492.02045200752286,2.877312584839315,0.0,7.850403009167663,170.0132676110943,4920.204520075229,5090.217787686323,460.2057787686323,0.033399998723506706,0.9666000012764933,2.35,639.0,639.0,1504.21,13500.0,20306835.0,72.34607132386992,2093.7040510958423,2166.0501224197124
Sonora,Huatabampo,33,Navojoa,149,Garbanzo grano,2013,2014,26.604878,-109.232063,39.0,1,1.0,0.0,752.9502214889128,4.429118949934781,1.6814485993303936,7.53646306607008,21.800735294117647,12.51,30.81,26.40158823529412,17.84,35.54,17.199882352941177,7.02,26.65,57.78129411764706,31.25,83.7,16.942705882352943,3.94,25.38,2.850764705882353,1.46,5.43,64.57000000000001,0.3798235294117647,0.0,20.67,51.656000000000006,0.3038588235294118,0.0,16.536,9.81291811444015,3.699510566032945,15.328418054796467,0.08575600107045164,8,4,2,0,516.1879614641698,3.036399773318646,0.982902133828085,5.855960215061758,16.831818977765302,0.09901069986920766,0.0,2.9633072411554204,499.35614248640456,2.9373890734494386,0.0,5.855960215061758,168.318189777653,4993.561424864046,5161.879614641699,464.5319614641698,0.03260792624845756,0.9673920737515426,1.67,315.0,315.0,526.37,13000.0,6842810.0,100.7893351961994,2990.156541834758,3090.9458770309575
Sonora,Huatabampo,33,Navojoa,149,Garbanzo grano,2014,2015,26.604878,-109.232063,39.0,1,1.0,0.0,735.8196608777648,4.328350946339793,1.6074455852362457,8.542447689067817,22.549676470588235,15.895,29.115000000000002,27.05341176470588,19.55,33.66,18.04594117647059,11.15,25.16,59.9694705882353,31.2,82.84,16.81035294117647,3.06,25.88,2.607176470588235,0.88,4.68,102.53,0.6031176470588235,0.0,45.18,82.024,0.48249411764705885,0.0,36.144,9.820666055271179,3.255089399310885,15.646607589194126,0.13934120743347791,10,4,0,0,499.3089790781432,2.9371116416361365,1.0785627461803329,6.110861034966332,21.215083711210188,0.12479461006594228,0.0,2.6454508526640583,478.093895366933,2.812317031570194,0.0,6.110861034966332,212.15083711210187,4780.93895366933,4993.0897907814315,417.2849790781432,0.04248888884469664,0.9575111111553034,2.0,271.0,271.0,542.0,12850.0,6964700.0,106.07541855605093,2390.469476834665,2496.5448953907157
Sonora,Huatabampo,33,Navojoa,149,Garbanzo grano,2015,2016,26.604878,-109.232063,39.0,0,0.0,0.0,709.2898222489871,4.172293072052865,1.623981356664172,6.255507846056995,22.876764705882355,14.445,30.47,27.113941176470583,17.62,34.56,18.63958823529412,10.31,27.15,62.80423529411765,39.57,82.63,16.643882352941176,3.2,23.96,2.480235294117647,0.96,4.85,88.87,0.522764705882353,0.0,15.17,71.09600000000002,0.41821176470588245,0.0,12.136000000000001,9.885493173219265,3.4318853389809103,14.896215572816867,0.12529433979218066,14,5,0,0,499.75435462038166,2.939731497766951,0.6703487584288601,6.255507846056995,27.916250572371432,0.16421323866100843,0.0,3.220674129492624,471.8381040480102,2.7755182591059424,0.0,6.255507846056995,279.16250572371433,4718.3810404801025,4997.543546203817,428.65835462038166,0.05585994461934582,0.9441400553806542,2.81,663.0,663.0,1863.03,12625.0,23520753.75,99.34608744616168,1679.1391603132038,1778.4852477593654
Sonora,Huatabampo,33,Navojoa,149,Garbanzo grano,2016,2017,26.604878,-109.232063,39.0,1,1.0,0.0,764.2101551040819,4.469065234526795,1.480142355036308,6.6579841265323685,22.59845029239766,13.485,30.755000000000003,27.203801169590644,18.0,34.32,17.99309941520468,8.97,27.33,58.24573099415205,35.61,84.89,17.060116959064327,4.18,25.15,2.6760818713450294,1.35,5.61,67.31,0.39362573099415205,0.0,11.67,53.848000000000006,0.3149005847953217,0.0,9.336,9.91411969676417,3.7041952231321655,15.166748466795722,0.08807786647487391,15,4,0,0,522.9709103035588,3.058309416979876,1.236967290837445,5.849770940392851,30.19984462122641,0.17660727848670416,0.0,2.7680000000000002,492.7710656823324,2.881702138493172,0.0,5.849770940392851,301.9984462122641,4927.710656823324,5229.709103035588,469.12291030355874,0.057746700679196274,0.9422532993208038,2.4,95.0,95.0,228.0,12550.0,2861400.0,125.83268592177673,2053.212773676385,2179.045459598162
Sonora,Huatabampo,33,Navojoa,149,Garbanzo grano,2017,2018,26.604878,-109.232063,39.0,1,1.0,0.0,731.7064996581653,4.304155880342149,1.7556945314113401,6.247733627524598,22.783088235294116,16.075,30.54,27.37205882352941,19.4,36.12,18.194117647058825,11.52,26.76,61.76417647058823,35.63,79.2,17.189529411764706,4.13,24.82,2.538411764705882,1.17,5.54,49.7,0.2923529411764706,0.0,24.29,39.760000000000005,0.2338823529411765,0.0,19.432000000000002,10.1199350151947,3.6974973300749827,15.150764389018674,0.06792340921287235,9,1,5,0,506.54637743322155,2.9796845731365975,0.9162581842818291,6.247733627524598,20.052714673400402,0.11795714513764942,0.0,2.9920000000000004,486.4936627598212,2.861727427998948,0.0,6.247733627524598,200.52714673400402,4864.936627598212,5065.463774332216,466.78637743322156,0.03958712482559204,0.960412875174408,2.19,145.0,145.0,317.55,20987.4,6664548.87,91.56490718447672,2221.4322500448457,2312.9971572293225
Sonora,Huatabampo,33,Navojoa,149,Garbanzo grano,2018,2019,26.604878,-109.232063,39.0,3,1.4545454545454546,0.18181818181818182,740.0915216742055,4.353479539260032,1.9973422866347426,6.788532741810938,23.153000000000002,16.575,32.16,27.74011764705883,19.32,36.26,18.565882352941177,11.79,28.06,60.34888235294118,34.26,79.56,16.93858823529412,4.67,25.61,2.5086470588235295,1.03,4.91,87.86,0.5168235294117647,0.0,34.19,70.28800000000001,0.4134588235294118,0.0,27.352,9.98559730893326,4.164857715465415,15.229465739251147,0.11871504729745669,11,5,6,0,521.1065697893264,3.0653327634666256,0.6990698003221598,6.788532741810938,22.837473662181054,0.1343380803657709,0.0,3.5395627148335365,498.2690961271454,2.9309946831008555,0.0,6.788532741810938,228.37473662181054,4982.690961271454,5211.065697893265,450.8185697893264,0.043824958244939836,0.9561750417550603,1.65,2257.0,2257.0,3730.0,15215.03,56752075.0,138.40893128594578,3019.8127038008815,3158.2216350868275
Sonora,Huatabampo,33,Navojoa,149,Garbanzo grano,2019,2020,26.604878,-109.232063,39.0,0,0.0,0.0,675.2285590274168,3.9719327001612754,1.6305846876662526,6.501623065192141,21.51308823529412,14.11,29.310000000000002,25.73629411764706,17.79,33.1,17.289882352941174,9.58,27.08,63.19811764705882,40.1,83.95,16.444764705882353,2.74,25.51,2.541058823529412,1.17,6.74,95.57999999999998,0.5622352941176469,0.0,25.66,76.464,0.44978823529411766,0.0,20.528000000000002,9.707849801583006,3.171840712104043,15.185745371729313,0.1415520696246485,13,5,0,0,465.6359143287322,2.739034790169013,0.7810974060739072,6.501623065192141,24.675585382160463,0.14515050224800272,0.0,2.32993729059501,440.9603289465718,2.5938842879210107,0.0,6.501623065192141,246.75585382160463,4409.603289465718,4656.359143287323,389.1719143287322,0.052993303615192916,0.9470066963848072,2.05,109.7,109.7,224.88,14131.87,3177974.93,120.36870918127056,2151.025994861326,2271.3947040425965
Sonora,Huatabampo,33,Navojoa,149,Garbanzo grano,2021,2022,26.604878,-109.232063,39.0,3,2.909090909090909,0.9090909090909091,772.4475891264856,4.543809347802856,1.5549562982643004,7.245290519359374,21.986088235294115,15.254999999999999,31.895,26.861411764705885,18.79,36.68,17.110764705882353,10.31,27.76,56.5790588235294,34.44,88.19,17.69435294117647,4.5,26.17,2.670882352941176,1.26,6.3,25.159999999999997,0.148,0.0,7.63,20.128,0.1184,0.0,6.104,10.096467332012192,4.037498765708421,15.288257443344694,0.03257178914682344,4,2,12,0,535.3715366880579,3.1492443334591638,0.9302935338593518,7.210870587735711,9.300263435958689,0.05470743197622758,0.0,1.9280000000000002,526.0712732520991,3.094536901482936,0.0,7.210870587735711,93.00263435958689,5260.712732520991,5353.715366880579,515.2435366880578,0.017371606069109393,0.9826283939308905,2.2,178.0,178.0,391.6,17175.99,6726117.68,42.27392470890313,2391.233060236814,2433.506984945717
Sonora,Huatabampo,33,Navojoa,149,Garbanzo grano,2022,2023,26.604878,-109.232063,39.0,1,1.0,0.0,765.247161099003,4.501453888817665,1.7258157956334577,7.229509430475885,22.565264705882356,15.55,31.205,27.277352941176467,19.21,36.97,17.853176470588235,10.74,26.9,58.925647058823536,39.71,84.99,17.790882352941175,4.27,26.01,2.6545294117647056,1.25,5.24,42.25,0.2485294117647059,0.0,24.18,33.800000000000004,0.19882352941176473,0.0,19.344,10.293152465639503,3.8172930380441086,15.352944958732373,0.05521092027224646,5,2,4,0,527.9734400464932,3.1057261179205486,0.6715722163933873,7.107739740615974,10.617617349277694,0.06245657264280997,0.0,2.3495665698429433,517.3558226972156,3.0432695452777385,0.0,7.107739740615974,106.17617349277694,5173.558226972155,5279.734400464932,494.1734400464932,0.020110135366549327,0.9798898646334507,2.15,220.0,220.0,474.0,19744.73,9359001.3,49.38426674082648,2406.3061520800725,2455.690418820899
Sonora,Huatabampo,33,Navojoa,149,Garbanzo grano,2023,2024,26.604878,-109.232063,39.0,2,1.625,0.0,714.1763706848103,4.201037474616531,2.3082767945147853,6.975972046366573,21.047794117647058,15.495000000000001,29.02,25.674529411764706,19.01,33.33,16.42105882352941,9.86,25.8,61.13005882352942,38.09,79.38,17.487764705882352,4.49,24.97,2.6398235294117645,1.27,5.17,15.209999999999999,0.08947058823529411,0.0,2.87,12.168,0.07157647058823528,0.0,2.2960000000000003,10.113475903873404,3.879646045931595,14.97249928440188,0.021297260206768556,6,0,0,0,491.7501455611392,2.892647915065525,0.9199497507974275,5.322492724577927,10.407295175346293,0.06121938338438996,0.0,1.3024087034175142,481.342850385793,2.8314285316811354,0.0,5.322492724577927,104.07295175346293,4813.42850385793,4917.501455611393,479.5821455611392,0.021163786669489367,0.9788362133305107,2.3,240.0,240.0,552.0,20081.59,11085039.84,45.24910945802736,2092.795001677361,2138.0441111353884
Sonora,Huatabampo,33,Navojoa,149,Cártamo,2010,2011,26.604878,-109.232063,39.0,4,2.5,0.5,588.5586306723433,3.797152455950602,1.7647984452136973,5.988531857106118,21.21025806451613,16.205,29.545,25.18064516129032,19.07,33.07,17.239870967741936,10.05,27.37,65.63129032258065,48.28,88.06,16.366129032258065,2.6,22.77,2.6404516129032256,1.29,6.62,274.53000000000003,1.7711612903225809,0.0,65.93,164.71799999999996,1.0626967741935482,0.0,39.558,9.520784455832608,2.8839070274100873,13.386163991652927,0.46644460839252183,26,11,0,0,436.6243074141387,2.816931015575088,0.6008798912998883,6.259626960962154,30.66136667382129,0.19781526886336318,0.0,2.844,405.9629407403174,2.619115746711725,0.0,6.259626960962154,306.61366673821294,4059.629407403174,4366.243074141386,271.9063074141387,0.07022368235843303,0.929776317641567,2.08,2048.0,2048.0,4259.84,4600.0,19595264.0,147.41041670106392,1951.744907405372,2099.1553241064357
Sonora,Huatabampo,33,Navojoa,149,Cártamo,2011,2012,26.604878,-109.232063,39.0,2,1.8,0.0,671.2113324350205,4.330395693129164,2.3491647066196273,6.993599553634314,21.000870967741935,7.545,30.42,25.81774193548387,9.93,34.45,16.184,4.48,26.94,57.961806451612915,37.34,80.61,17.655870967741937,7.15,23.17,2.675225806451613,1.18,5.05,10.0,0.06451612903225806,0.0,7.04,8.0,0.05161290322580645,0.0,5.632000000000001,9.951138094380804,4.925632864955008,14.665390219469833,0.014898437372506807,1,1,0,1,489.462844503405,3.1578248032477743,0.8675084188256738,7.533721353254548,4.025121826654663,0.025968527913901054,0.0,1.6571218266546628,485.4377226767503,3.131856275333873,0.0,7.533721353254548,40.25121826654663,4854.377226767503,4894.62844503405,481.462844503405,0.008223549288482635,0.9917764507115173,2.42,3856.0,3856.0,9339.23,5701.0,53242950.23,16.632734820887038,2005.9410027964889,2022.5737376173759
Sonora,Huatabampo,33,Navojoa,149,Cártamo,2012,2013,26.604878,-109.232063,39.0,3,2.6,0.6,672.7559438298429,4.3125381014733515,1.5929119942138759,7.850403009167663,21.24583333333333,14.125,31.775,26.0649358974359,18.64,36.42,16.42673076923077,6.87,27.13,58.68916666666666,35.39,85.4,17.035833333333333,3.97,23.61,2.7087179487179487,1.36,5.56,61.02,0.3911538461538462,0.0,18.59,48.816,0.3129230769230769,0.0,14.872,9.725218239339991,3.9920029830719126,14.291108307446052,0.09070153977774965,6,3,9,0,479.5082663932576,3.073770938418318,0.6180361294219963,8.63544331008443,17.549525051184357,0.11249695545630999,0.0,3.5964214532815375,461.95874134207327,2.961273982962008,0.0,8.63544331008443,175.49525051184358,4619.587413420732,4795.082663932576,430.69226639325757,0.03659900419066294,0.9634009958093371,2.24,8972.0,8972.0,20106.25,6500.0,130690625.0,78.34609397850159,2062.315809562827,2140.6619035413287
Sonora,Huatabampo,33,Navojoa,149,Cártamo,2013,2014,26.604878,-109.232063,39.0,1,1.0,0.0,673.3117250086814,4.343946612959234,1.6814485993303936,7.53646306607008,21.87767741935484,12.51,30.81,26.400322580645163,17.84,35.54,17.355032258064515,7.02,26.65,58.469096774193545,31.25,83.7,16.396903225806454,3.94,23.89,2.883032258064516,1.46,5.43,64.50999999999999,0.4161935483870967,0.0,20.67,51.608000000000004,0.33295483870967746,0.0,16.536,9.462464357407478,3.699510566032945,14.732719532895182,0.09581000538668509,8,4,2,0,486.14450893404,3.1364161866712257,0.7228752756420433,6.441556236567934,16.778911669653947,0.10825104303002547,0.0,3.259637965270963,469.365597264386,3.0281651436412,0.0,6.441556236567934,167.78911669653948,4693.65597264386,4861.445089340399,434.53650893404,0.0345142470218264,0.9654857529781735,2.05,1244.0,1244.0,2553.93,6045.0,15438506.85,81.84834960806805,2289.5882793384685,2371.4366289465365
Sonora,Huatabampo,33,Navojoa,149,Cártamo,2014,2015,26.604878,-109.232063,39.0,0,0.0,0.0,654.694855319753,4.22383777625647,1.6074455852362457,6.32249937972779,22.60125806451613,15.895,29.115000000000002,27.068322580645162,19.55,33.66,18.1341935483871,11.15,25.16,60.46167741935485,40.89,82.84,16.34948387096774,3.06,22.87,2.591290322580645,0.88,4.58,96.67000000000002,0.6236774193548388,0.0,45.18,77.336,0.49894193548387095,0.0,36.144,9.508619788703307,3.255089399310885,14.376382126952326,0.14765657498986515,9,3,0,0,466.43889923623226,3.0092832208789178,0.7924028667266619,6.721947138462966,20.223654606311474,0.1304751910084611,0.0,2.9099959379304643,446.2152446299208,2.8788080298704566,0.0,6.721947138462966,202.23654606311473,4462.152446299207,4664.388992362322,389.10289923623225,0.04335756438716107,0.9566424356128389,1.71,3961.0,3961.0,6777.27,6200.0,42019074.0,118.26698600182148,2609.4458750287763,2727.7128610305977
Sonora,Huatabampo,33,Navojoa,149,Cártamo,2015,2016,26.604878,-109.232063,39.0,0,0.0,0.0,636.2699022579955,4.104967111341906,1.623981356664172,6.255507846056995,22.94316129032258,14.445,30.47,27.1278064516129,17.62,34.56,18.758516129032255,10.31,27.15,63.01670967741936,39.57,82.63,16.243741935483868,3.2,22.67,2.5001290322580645,0.96,4.85,86.0,0.5548387096774193,0.0,15.17,68.80000000000001,0.4438709677419356,0.0,12.136000000000001,9.594031817754106,3.4318853389809103,14.896215572816867,0.13516276613871422,13,5,0,0,475.45515200262685,3.0674525935653345,0.4788205417349001,6.881058630662695,23.17743925141638,0.1495318661381702,0.0,3.542741542441887,452.2777127512105,2.917920727427165,0.0,6.881058630662695,231.77439251416382,4522.777127512105,4754.551520026269,406.65515200262683,0.048747897995831006,0.9512521020041691,1.17,3183.0,3183.0,3720.0,6963.76,25905187.2,198.0977713796272,3865.6214765060727,4063.7192478857
Sonora,Huatabampo,33,Navojoa,149,Cártamo,2016,2017,26.604878,-109.232063,39.0,1,1.0,0.0,683.732452790158,4.382900338398449,1.480142355036308,6.6579841265323685,22.668365384615388,13.485,30.755000000000003,27.227371794871804,18.0,34.32,18.109358974358972,8.97,27.33,58.55461538461539,35.61,84.89,16.59179487179487,4.18,23.28,2.666923076923077,1.35,5.61,63.589999999999996,0.4076282051282051,0.0,11.67,50.872,0.3261025641025641,0.0,9.336,9.583429033485654,3.7041952231321655,13.959102868449833,0.09300421493890415,14,4,0,0,488.7159823277051,3.13279475851093,0.8835480648838894,6.434748034432137,27.395661263033407,0.17561321322457313,0.0,2.7680000000000002,461.3203210646718,2.9571815452863577,0.0,6.434748034432137,273.95661263033406,4613.203210646718,4887.159823277052,437.8439823277051,0.05605640546591218,0.943943594534088,2.45,2585.0,2585.0,6333.25,6322.86,40044253.1,111.81902556340165,1882.940085978252,1994.7591115416537
Sonora,Huatabampo,33,Navojoa,149,Cártamo,2017,2018,26.604878,-109.232063,39.0,1,1.0,0.0,650.1860457506907,4.194748682262521,1.7556945314113401,6.247733627524598,22.723903225806453,16.075,30.54,27.245290322580647,19.4,36.12,18.202516129032258,11.52,26.76,62.4541935483871,35.63,79.2,16.608387096774194,4.13,22.63,2.58,1.17,5.54,49.62999999999999,0.3201935483870967,0.0,24.29,39.704,0.2561548387096774,0.0,19.432000000000002,9.741934540015146,3.6974973300749827,14.07577758501617,0.07633199808632969,9,1,5,0,478.95068934466775,3.090004447384953,0.5916159844662859,6.872506990277058,19.688813521579924,0.12702460336503177,0.0,2.9920000000000004,459.26187582308785,2.9629798440199218,0.0,6.872506990277058,196.88813521579925,4592.6187582308785,4789.506893446678,439.24668934466774,0.04110822671227276,0.9588917732877272,1.85,881.28,881.28,1633.01,6688.09,10921717.85,106.42601903556717,2482.496626070745,2588.9226451063123
Sonora,Huatabampo,33,Navojoa,149,Cártamo,2018,2019,26.604878,-109.232063,39.0,3,1.3,0.1,668.5189728831166,4.313025631503978,1.9973422866347426,6.788532741810938,23.369451612903227,16.575,32.16,27.915225806451613,19.32,36.26,18.82367741935484,11.79,28.06,60.10922580645161,34.26,79.56,16.55632258064516,4.67,23.21,2.483032258064516,1.03,4.91,87.81,0.5665161290322581,0.0,34.19,70.248,0.4532129032258065,0.0,27.352,9.701617494807355,4.164857715465415,14.435379210206492,0.13135004923091786,11,5,6,0,494.5156982371185,3.190423859594313,0.49933557165868564,7.467386015992032,21.872375568299837,0.14111210044064412,0.0,3.7600000000000002,472.6433226688186,3.0493117591536683,0.0,7.467386015992032,218.7237556829984,4726.433226688186,4945.156982371184,424.2676982371185,0.04422989127801583,0.9557701087219841,2.28,3323.23,3323.23,7576.96,7917.68,59991944.65,95.93147179078878,2072.9970292492044,2168.928501039993
Sonora,Huatabampo,33,Navojoa,149,Cártamo,2019,2020,26.604878,-109.232063,39.0,0,0.0,0.0,605.3665244867944,3.9055904805599644,1.6305846876662526,6.501623065192141,21.57406451612903,14.11,29.310000000000002,25.77316129032258,17.79,33.1,17.37496774193548,9.58,27.08,63.95748387096774,40.1,83.95,16.212967741935486,2.74,23.18,2.548709677419355,1.17,6.74,85.13,0.5492258064516129,0.0,25.66,68.104,0.43938064516129033,0.0,20.528000000000002,9.51641313608184,3.171840712104043,14.44685137539295,0.1406255492441869,11,4,0,0,437.1825515336517,2.8205325905396883,0.5579267186242195,7.151785371711355,22.437501825851356,0.1447580762958152,0.0,2.562931019654511,414.7450497078004,2.6757745142438734,0.0,7.151785371711355,224.37501825851356,4147.4504970780035,4371.825515336517,369.0785515336517,0.051322958217659455,0.9486770417823407,2.16,2060.85,2060.85,4451.44,8759.55,38992611.25,103.87732326783035,1920.1159708694458,2023.9932941372763
Sonora,Huatabampo,33,Navojoa,149,Cártamo,2020,2021,26.604878,-109.232063,39.0,1,1.0,0.0,595.0729782123394,3.814570373156022,1.4154354080074274,6.764085640927966,21.872179487179487,12.61,30.59,26.004871794871796,16.49,35.01,17.739487179487178,8.73,26.66,67.07891025641027,38.46,89.03,15.726858974358976,2.03,23.65,2.7056410256410257,1.23,5.69,167.6,1.0743589743589743,0.0,54.03,134.08,0.8594871794871796,0.0,43.224000000000004,9.355829021295898,2.5018206024918523,14.188299882263138,0.28164612767914227,20,10,1,0,430.9401728426958,2.762437005401896,0.5618729961553276,6.227089971327203,40.69738236801839,0.2608806562052461,0.0,4.264,390.2427904746774,2.50155634919665,0.0,6.227089971327203,406.9738236801839,3902.427904746774,4309.401728426958,296.86017284269576,0.09443859016335888,0.9055614098366411,2.2,4911.5,4911.5,10805.3,8309.72,89789017.52,184.98810167281084,1773.830865793988,1958.818967466799
Sonora,Huatabampo,33,Navojoa,149,Cártamo,2021,2022,26.604878,-109.232063,39.0,3,2.9,0.9,687.4980568714072,4.43547133465424,1.5549562982643004,7.245290519359374,22.189225806451613,15.254999999999999,31.895,27.00458064516129,18.79,36.68,17.373870967741933,10.31,27.76,57.24909677419355,34.44,88.19,17.19309677419355,4.5,23.02,2.5973548387096774,1.26,5.63,25.14999999999999,0.16225806451612898,0.0,7.63,20.12,0.12980645161290325,0.0,6.104,9.767531648893396,4.037498765708421,14.793219054214378,0.036581921575822234,4,2,12,0,512.5401512690843,3.3067106533489308,0.3887390745660751,7.931957646509282,6.036054640273807,0.0389422880017665,0.0,2.0325957196451605,506.50409662881043,3.267768365347164,0.0,7.931957646509282,60.36054640273807,5065.040966288105,5125.4015126908425,492.4201512690843,0.011776744954181883,0.9882232550458181,2.0,4137.0,4137.0,8274.0,8670.05,71735993.7,30.180273201369037,2532.5204831440524,2562.7007563454213
Sonora,Huatabampo,33,Navojoa,149,Cártamo,2022,2023,26.604878,-109.232063,39.0,1,1.0,0.0,682.0358023831324,4.400230983116983,1.7258157956334577,7.229509430475885,22.827096774193546,15.55,31.205,27.438193548387098,19.21,36.97,18.216000000000005,11.42,26.9,59.738,39.71,84.99,17.118,4.27,23.47,2.6439354838709677,1.25,5.24,42.19,0.27219354838709675,0.0,24.18,33.75200000000001,0.2177548387096775,0.0,19.344,9.891457701987473,3.8172930380441086,14.58216514563638,0.06185892273188885,5,2,4,0,499.3936987482546,3.2218948306339006,0.4796944402809909,7.8185137146775725,10.565444963786952,0.06816416105669001,0.0,2.584523226827238,488.8282537844677,3.153730669577211,0.0,7.8185137146775725,105.65444963786952,4888.282537844677,4993.936987482546,465.6416987482546,0.02115654440628618,0.9788434555937139,2.27,4311.0,4311.0,9800.0,12022.25,117818050.0,46.543810413158376,2153.4284307685803,2199.972241181739
Sonora,Huatabampo,33,Navojoa,149,Cártamo,2023,2024,26.604878,-109.232063,39.0,2,1.5714285714285714,0.0,633.8556663252942,4.08939139564706,2.3082767945147853,6.063859179585933,21.00603225806452,15.495000000000001,29.02,25.569548387096773,19.01,33.33,16.44251612903226,9.86,25.8,61.517161290322576,38.09,79.38,16.97458064516129,4.49,24.08,2.6281935483870966,1.27,5.17,11.8,0.07612903225806453,0.0,2.32,9.44,0.06090322580645161,0.0,1.8559999999999999,9.759654679585795,3.879646045931595,14.804544265262386,0.018616225470396364,5,0,0,0,460.32705092050946,2.969851941422642,0.6571069648553054,5.85474199703572,8.250883016233004,0.05323150333053551,0.0,1.088,452.0761679042764,2.916620438092106,0.0,5.85474199703572,82.50883016233004,4520.761679042764,4603.270509205094,450.88705092050947,0.017923958628400898,0.982076041371599,2.45,751.0,751.0,1839.95,12671.79,23315460.01,33.677073535644915,1845.208848588883,1878.885922124528
Sonora,Huatabampo,33,Navojoa,149,Girasol,2017,2018,26.604878,-109.232063,39.0,1,1.0,0.0,1018.3365353623096,6.788910235748731,3.438788751201299,8.857965258978373,28.074466666666666,19.83,32.145,32.162733333333335,23.72,35.88,23.9862,15.21,28.78,59.92926666666666,33.84,81.93,26.1784,12.46,30.89,2.544666666666667,1.13,5.14,253.20000000000002,1.6880000000000002,0.0,28.43,151.92,1.0128,0.0,17.058,17.305289231405315,9.22121382816343,19.757603931967815,0.24864078937314674,49,16,12,0,762.7466903431082,5.084977935620722,1.2035760629204546,9.300863521927292,94.63436131834808,0.6308957421223206,0.0,6.552358505912188,668.1123290247601,4.454082193498401,0.0,9.300863521927292,946.3436131834808,6681.123290247601,7627.466903431082,610.8266903431082,0.1240704974750903,0.8759295025249098,2.33,214.26,214.26,499.23,6621.11,3305456.75,406.15605716029216,2867.4348885182835,3273.5909456785757
Sonora,Huatabampo,33,Navojoa,149,Girasol,2018,2019,26.604878,-109.232063,39.0,3,2.5,0.6666666666666666,1030.789693714265,6.871931291428433,3.1449962357833856,9.707564300862382,28.396433333333334,22.134999999999998,32.345,32.51813333333333,26.89,38.13,24.274733333333334,16.15,28.92,59.51966666666667,37.41,85.25,25.6978,7.45,30.95,2.7092000000000005,1.09,5.64,310.0899999999999,2.067266666666666,0.0,105.16,186.05400000000003,1.2403600000000001,0.0,63.096,17.03249593691205,6.140459695893307,19.990148214420994,0.30082761002648994,40,12,22,0,778.7903764630371,5.191935843086914,1.1007486825241848,10.192942515905502,73.97982865918016,0.4931988577278677,0.0,5.493943163997581,704.8105478038569,4.698736985359046,0.0,10.192942515905502,739.7982865918016,7048.105478038569,7787.903764630371,592.736376463037,0.09499324965360738,0.9050067503463927,1.85,582.93,582.93,1078.42,7710.0,8314618.2,399.89096572529814,3809.786744885713,4209.677710611011
Sonora,Huatabampo,33,Navojoa,149,Girasol,2019,2020,26.604878,-109.232063,39.0,1,1.0,0.0,1032.1893683625344,6.881262455750229,2.029339101858635,9.589065425457921,27.921466666666667,21.43,32.66,32.179199999999994,25.24,37.89,23.66373333333333,16.21,28.98,59.94826666666666,42.92,89.38,26.250733333333333,4.96,30.8,2.8060666666666663,1.66,5.59,221.67999999999998,1.4778666666666664,0.0,26.83,177.344,1.1822933333333332,0.0,21.464,17.348858217876575,4.395718796902023,20.03639756268496,0.21476679260092865,37,15,28,0,781.0105675131651,5.206737116754434,0.7102686856505223,10.068518696730818,78.42096887487081,0.5228064591658054,0.0,5.6317127399663445,702.5895986382943,4.683930657588629,0.0,10.052518696730818,784.2096887487081,7025.895986382943,7810.105675131651,603.6665675131651,0.10040961305372978,0.8995903869462702,1.89,57.84,57.84,109.32,8101.1,885612.25,416.0263600788903,3727.2657752694663,4143.292135348356
Sonora,Huatabampo,33,Navojoa,149,Girasol,2022,2023,26.604878,-109.232063,39.0,3,2.4285714285714284,0.5714285714285714,994.0678066395399,6.627118710930266,2.0158967969513597,9.99665008128471,28.228133333333336,21.655,32.08,32.30466666666666,26.06,36.14,24.1516,16.43,28.72,63.10833333333335,37.09,83.44,25.703933333333335,4.08,30.61,2.5835999999999997,1.12,4.83,280.86,1.8724,0.0,26.08,168.51600000000002,1.1234400000000002,0.0,15.647999999999998,17.140045891292356,3.875880316288014,19.8541293929976,0.28253605853050523,58,16,13,0,755.5542677053979,5.03702845136932,0.7055638789329759,10.496482585348945,108.71971331181234,0.7247980887454156,0.0,7.160542985728554,646.8345543935856,4.312230362623904,0.0,10.496482585348945,1087.1971331181235,6468.345543935856,7555.54267705398,587.0382677053979,0.14389398347519336,0.8561060165248067,2.0,60.0,60.0,120.0,8300.0,996000.0,543.5985665590617,3234.172771967928,3777.77133852699
Sonora,Huatabampo,33,Navojoa,149,Girasol,2023,2024,26.604878,-109.232063,39.0,3,2.375,0.5,1093.7248561007852,7.291499040671901,3.770148840465453,11.343819446305696,28.902733333333334,18.915,34.370000000000005,33.33453333333333,24.95,40.19,24.470933333333335,12.72,30.93,56.2978,35.78,79.69,26.4556,9.14,30.58,2.8242666666666665,1.29,5.7,95.53000000000003,0.6368666666666669,0.0,7.84,76.424,0.5094933333333334,0.0,6.272,17.462061408544717,7.241516267131485,19.57282018272896,0.08734372220502692,32,2,56,0,809.0644149719392,5.393762766479594,1.3195520941629084,11.911010418620982,63.06775843605952,0.42045172290706345,0.0,3.3600000000000003,745.9966565358795,4.97331104357253,0.0,11.911010418620982,630.6775843605952,7459.966565358795,8090.644149719391,732.6404149719392,0.07795146748389237,0.9220485325161075,2.18,60.0,60.0,130.8,8715.0,1139922.0,287.98063212812565,3406.377427104472,3694.358059232598
Sonora,Huatabampo,33,Navojoa,149,Higuerilla,2016,2017,26.604878,-109.232063,39.0,1,1.0,0.0,1127.122255047396,6.591358216651439,3.242341654892446,8.686592950701645,26.938479532163747,16.009999999999998,32.41,31.100701754385963,18.33,37.77,22.77625730994152,11.97,29.08,58.33116959064327,38.12,85.85,25.559239766081866,7.14,31.1,2.6051461988304094,1.2,4.88,486.27000000000004,2.843684210526316,0.0,117.0,291.762,1.7062105263157894,0.0,70.2,16.66943881756963,5.974658183330587,19.526894263324518,0.43142613662574886,40,18,16,0,1034.2084392384616,6.048002568645974,1.4656574712766184,9.989581893306891,91.7322015739738,0.5364456232396129,0.0,5.99281104076768,942.4762376644878,5.511556945406362,0.0,9.989581893306891,917.3220157397379,9424.762376644878,10342.084392384615,742.4464392384616,0.08869798204462605,0.911302017955374,0.91,3200.0,1728.0,1572.48,9300.0,14624064.0,1008.0461711425692,10356.881732576789,11364.927903719357
Sonora,Huatabampo,33,Navojoa,149,Ajonjolí,2014,2015,26.604878,-109.232063,39.0,1,1.0,0.0,676.7101178713914,6.151910162467194,2.3900771609678624,8.655741432713054,30.022454545454547,26.68,32.425,32.79427272727272,27.97,36.5,27.25063636363636,25.39,29.0,70.66063636363636,50.31,89.55,23.695090909090904,5.6,29.32,2.481727272727273,1.15,6.88,477.41999999999996,4.340181818181818,0.0,40.49,286.45199999999994,2.6041090909090903,0.0,24.294,16.32357350999766,4.800008559951338,19.900596999627982,0.7055014952365963,65,34,22,0,536.8083724312285,4.880076113011168,0.5975192902419656,9.271975533090549,189.34537093709494,1.7213215539735904,0.0,6.32534136465882,347.4630014941335,3.158754559037577,0.0,9.271975533090549,1893.4537093709494,3474.630014941335,5368.083724312284,250.35637243122852,0.35272432521784547,0.6472756747821545,0.6,41.0,41.0,24.6,15000.0,369000.0,3155.7561822849157,5791.050024902225,8946.80620718714
Sonora,Huatabampo,33,Navojoa,149,Ajonjolí,2015,2016,26.604878,-109.232063,39.0,0,0.0,0.0,683.789652288136,6.216269566255782,3.2457916788041437,8.751043057284296,30.23204545454546,27.66,32.85,33.10781818181818,28.78,36.67,27.356272727272728,24.26,29.68,69.21272727272726,48.41,86.92,23.68627272727273,9.6,30.19,2.3832727272727268,1.1,6.67,386.98999999999995,3.5180909090909087,0.0,26.27,232.19400000000002,2.1108545454545458,0.0,15.761999999999999,16.305708738234742,7.533392525908892,19.88536399809095,0.5659488977422105,68,31,22,0,547.1657997427136,4.974234543115578,0.8497930495419643,8.71586400913462,182.00760275005317,1.6546145704550288,0.0,7.522535021503094,365.1581969926605,3.31961997266055,0.0,8.710474595146492,1820.0760275005316,3651.5819699266053,5471.657997427137,314.9717997427136,0.3326370230662007,0.6673629769337994,1.8,20.0,20.0,36.0,18490.0,665640.0,1011.1533486114064,2028.6566499592252,3039.8099985706317
Sonora,Huatabampo,33,Navojoa,149,Ajonjolí,2016,2017,26.604878,-109.232063,39.0,1,1.0,0.0,703.6194548049572,6.396540498226884,3.1978684063329066,8.686592950701645,29.65509090909091,26.845,32.41,32.708636363636366,28.62,37.77,26.60154545454545,23.34,29.08,67.90181818181817,45.28,88.07,24.800272727272723,6.03,30.22,2.471454545454545,1.18,7.43,651.6700000000001,5.924272727272728,0.0,117.0,391.00199999999995,3.554563636363636,0.0,70.2,16.868351210810072,5.084099299538396,19.409085152017575,0.9261682512468938,54,25,16,0,559.4816761631484,5.086197056028622,0.7994671015832266,8.893672934194495,164.93665378816516,1.499424125346956,0.0,7.823999999999999,394.54502237498326,3.586772930681666,0.0,8.7542862004523,1649.3665378816515,3945.4502237498327,5594.816761631484,168.4796761631485,0.2948026017925716,0.7051973982074283,0.65,79.75,79.75,51.44,16200.0,833328.0,2537.486981356387,6069.923421153589,8607.410402509975
Sonora,Huatabampo,33,Navojoa,149,Ajonjolí,2020,2021,26.604878,-109.232063,39.0,1,1.0,0.0,760.3786101717727,6.912532819743388,3.5784196855303287,9.695944947813542,30.90981818181818,27.875,33.215,34.489636363636365,30.02,37.25,27.33,23.3,29.57,64.38190909090909,45.27,83.0,25.040181818181818,11.29,30.2,2.726818181818182,1.25,4.53,218.52999999999997,1.9866363636363633,0.0,29.35,174.824,1.589309090909091,0.0,23.480000000000004,17.05716340705579,8.580565145570965,20.42693523377565,0.287396301101412,49,11,49,0,615.8584308501909,5.598713007729008,0.8946049213825822,10.665539442594897,127.26247103386962,1.15693155485336,0.0,7.661379613745605,488.5959598163212,4.441781452875648,0.0,10.641539442594897,1272.624710338696,4885.959598163212,6158.584308501908,441.03443085019086,0.20664241107844236,0.7933575889215576,0.6,687.0,587.0,352.2,16500.0,5811300.0,2121.041183897827,8143.265996938687,10264.307180836513
Sonora,Huatabampo,33,Navojoa,149,Ajonjolí,2023,2024,26.604878,-109.232063,39.0,3,2.0,0.2857142857142857,804.7410372473585,7.315827611339622,3.770148840465453,11.343819446305696,31.77709090909091,26.925,34.370000000000005,35.565999999999995,30.48,40.19,27.98818181818182,21.92,30.93,60.992,43.08,79.69,25.377727272727274,11.16,30.58,2.7724545454545457,1.29,5.7,109.32,0.9938181818181817,0.0,7.84,87.45599999999999,0.7950545454545453,0.0,6.272,17.248054047973284,8.413593379388557,19.542434002525674,0.13584494258417892,34,3,70,0,653.0997856786123,5.937270778896475,1.1061610069194876,10.244848736664585,80.00025797975722,0.7272750725432475,0.0,6.048,573.099527698855,5.209995706353228,0.0,10.244848736664585,800.0025797975723,5730.99527698855,6530.997856786123,565.6437856786123,0.12249316219975766,0.8775068378002422,1.5,148.0,148.0,222.0,23500.0,5217000.0,533.3350531983815,3820.663517992367,4353.998571190748
Sonora,Huatabampo,33,Navojoa,149,Papa,2010,2011,26.604878,-109.232063,39.0,4,3.0,0.75,651.2307600488069,5.009467384990822,2.3670218755167145,8.156470632119154,20.77503846153846,16.990000000000002,27.865000000000002,25.53792307692308,19.07,33.36,16.012153846153847,10.05,22.58,58.607000000000006,38.24,77.7,21.45738461538462,6.53,30.18,2.8599999999999994,1.29,6.62,70.97,0.545923076923077,0.0,22.39,56.776,0.4367384615384616,0.0,17.912000000000003,12.88755441085854,5.399577430563955,19.089248887902233,0.10897826754172531,9,4,0,0,614.5802415774015,4.727540319826165,1.2753439837487297,8.548974780240568,23.229508390325556,0.17868852607942734,0.0,3.3520000000000003,591.350733187076,4.5488517937467385,0.0,8.548974780240568,232.29508390325555,5913.50733187076,6145.802415774016,557.8042415774015,0.037797356339839286,0.9622026436601608,31.15,1174.0,1174.0,36570.1,7000.0,255990700.0,7.45730606430997,189.8397217293984,197.29702779370837
Sonora,Huatabampo,33,Navojoa,149,Papa,2011,2012,26.604878,-109.232063,39.0,3,2.5,0.5,689.9344534771553,5.307188103670426,2.980328099479279,8.601043184938407,20.619346153846152,7.545,27.77,25.94846153846154,9.93,33.54,15.290230769230769,4.48,22.01,53.03515384615385,37.34,69.78,22.212999999999997,7.15,30.29,2.7848461538461535,1.18,5.14,1.0699999999999998,0.008230769230769229,0.0,0.47,0.8560000000000001,0.006584615384615385,0.0,0.376,13.122202742704074,4.925632864955008,19.1155413202277,0.0015508719627022206,0,0,0,1,648.4899842391286,4.988384494147143,1.4901640497396396,7.557192518656012,0.8560000000000001,0.006584615384615385,0.0,0.376,647.6339842391286,4.981799878762528,1.4901640497396396,7.557192518656012,8.56,6476.339842391286,6484.899842391286,647.6339842391286,0.0013199895461829566,0.998680010453817,29.85,1688.0,821.0,24506.85,6758.16,165621213.4,0.2867671691792295,216.9628087903278,217.24957595950704
Sonora,Huatabampo,33,Navojoa,149,Papa,2012,2013,26.604878,-109.232063,39.0,3,2.75,0.75,695.9102283831887,5.312291819718998,2.472144517687985,8.91881600848339,20.969045801526715,15.780000000000001,28.665,26.184809160305345,18.58,34.26,15.753282442748095,11.38,23.22,51.65114503816794,31.0,74.47,21.608015267175574,3.97,29.91,2.711221374045801,1.36,5.15,4.789999999999999,0.0365648854961832,0.0,3.8,3.8320000000000007,0.02925190839694657,0.0,3.04,12.787559900655735,3.9920029830719126,18.426754791812144,0.0068830717018323285,1,0,0,0,651.0549938490952,4.969885449229735,1.2360722588439925,8.068176467614158,3.8320000000000007,0.02925190839694657,0.0,3.04,647.2229938490952,4.940633540832788,0.34640402919569535,8.068176467614158,38.32000000000001,6472.229938490953,6510.549938490953,647.2229938490952,0.005885831513778698,0.9941141684862214,30.25,1720.0,1720.0,52030.0,5900.0,306977000.0,1.2667768595041324,213.9580144955687,215.22479135507282
Sonora,Huatabampo,33,Navojoa,149,Papa,2013,2014,26.604878,-109.232063,39.0,1,1.0,0.0,709.3735132794886,5.4567193329191435,2.8915011025681734,8.113007569382562,20.946653846153847,12.51,27.045,26.13184615384615,17.84,32.78,15.761461538461537,7.02,22.18,52.45507692307692,31.25,75.64,21.865846153846157,7.66,29.94,3.0134615384615384,1.61,5.43,7.42,0.057076923076923074,0.0,3.39,5.936,0.04566153846153846,0.0,2.712,12.971746771375646,5.2201623038522635,18.923862191184128,0.01045993381638506,2,0,0,0,667.0158142836153,5.130890879104733,1.4786702987408131,8.854189248808826,4.836044498891107,0.037200342299162366,0.0,1.612044498891107,662.179769784724,5.093690536805569,0.0,8.854189248808826,48.36044498891107,6621.797697847241,6670.1581428361515,661.0798142836153,0.007250269626793016,0.9927497303732067,28.63,1665.0,1510.0,43231.3,5960.28,257670652.76,1.6891528113486227,231.28877743092005,232.97793024226868
Sonora,Huatabampo,33,Navojoa,149,Papa,2014,2015,26.604878,-109.232063,39.0,1,1.0,0.0,706.8908388258315,5.437621837121781,2.3764952977137113,9.720764891908612,22.745538461538462,17.265,27.375,27.84107692307692,21.18,35.83,17.65,12.87,22.35,53.11846153846154,31.2,75.42,21.031846153846153,4.25,30.49,2.6431538461538464,1.42,4.68,6.609999999999999,0.05084615384615384,0.0,5.79,5.288000000000001,0.04067692307692308,0.0,4.632000000000001,12.62680217757421,3.956342368538194,18.993367604184034,0.009350807277371741,1,1,1,0,662.5408789150276,5.096468299346366,1.1882476488568556,11.178879625694902,4.807826047581263,0.03698327728908664,0.0,4.151826047581262,657.7330528674463,5.059485022057279,0.0,11.178879625694902,48.07826047581263,6577.3305286744635,6625.408789150276,657.2528789150276,0.007256648156494926,0.9927433518435049,30.75,1595.0,1595.0,49046.25,8836.54,433399149.98,1.5635206658800855,213.89692776177117,215.46044842765124
Sonora,Huatabampo,33,Navojoa,149,Papa,2015,2016,26.604878,-109.232063,39.0,0,0.0,0.0,628.1406665949576,4.831851281499674,1.9152821669396003,8.265915841522045,22.491615384615383,14.445,27.045,26.92530769230769,17.62,32.56,18.057923076923075,10.31,22.51,59.80484615384615,41.93,82.63,19.473384615384614,3.2,29.96,2.501923076923077,1.22,5.37,68.93,0.5302307692307693,0.0,14.1,55.144000000000005,0.42418461538461544,0.0,11.280000000000001,12.050596822427192,3.4318853389809103,18.81614282245372,0.1097365664504062,13,4,0,0,587.7493828065823,4.521149098512171,1.077502195803713,9.441229022731365,33.42660585917571,0.25712773737827466,0.0,3.7786769232003077,554.3227769474065,4.264021361133897,0.0,9.441229022731365,334.2660585917571,5543.227769474065,5877.4938280658225,532.6053828065823,0.05687220920515335,0.9431277907948465,31.53,1582.0,1582.0,49874.13,5632.91,280936485.6,10.601524217943453,175.8080485085336,186.40957272647705
Sonora,Huatabampo,33,Navojoa,149,Papa,2016,2017,26.604878,-109.232063,39.0,1,1.0,0.0,709.8524325042514,5.41872085881108,2.543079004743189,7.905674175678963,22.27503816793893,16.009999999999998,26.345,27.38969465648855,18.33,31.83,17.160381679389314,11.53,22.12,53.38702290076335,35.61,75.51,21.5942748091603,5.34,30.09,2.6845801526717556,1.49,5.61,8.259999999999998,0.0630534351145038,0.0,3.46,6.6080000000000005,0.05044274809160306,0.0,2.7680000000000002,12.906322167559,4.257143865121389,18.800041142126855,0.011636221307096144,2,0,0,0,669.9467803777472,5.114097560135475,1.2715395023715945,7.9723843085265,5.49643024249548,0.04195748276714107,0.0,2.704,664.4503501352519,5.072140077368336,0.0,7.9723843085265,54.964302424954795,6644.503501352519,6699.467803777474,663.3387803777473,0.008204278912119462,0.9917957210878808,31.4,1510.0,1510.0,47414.0,6575.62,311776446.7,1.7504554912405987,211.6083917628191,213.3588472540597
Sonora,Huatabampo,33,Navojoa,149,Papa,2017,2018,26.604878,-109.232063,39.0,1,1.0,0.0,677.7225988403337,5.21325076031026,2.256456489118572,8.020571227697722,21.967769230769232,16.075,27.425,26.977461538461537,19.4,33.13,16.958076923076923,11.52,21.91,57.843923076923076,33.84,79.2,21.905615384615384,6.81,30.02,2.674923076923077,1.17,5.71,32.92,0.25323076923076926,0.0,24.29,26.336,0.20258461538461536,0.0,19.432000000000002,13.193489610435929,5.3682996847921505,18.921951847751643,0.04857444632410097,3,1,0,0,639.3579780960335,4.918138293046412,1.128228244559286,9.22365691185238,7.594790850056725,0.05842146807735942,0.0,3.0105626054974386,631.763187245977,4.859716824969054,0.0,9.22365691185238,75.94790850056725,6317.6318724597695,6393.579780960336,613.0219780960335,0.011878777007950253,0.98812122299205,28.96,1225.0,1225.0,35476.0,6330.8,224591460.8,2.622510652643897,218.15027183908043,220.77278249172434
Sonora,Huatabampo,33,Navojoa,149,Papa,2018,2019,26.604878,-109.232063,39.0,3,2.375,0.625,669.1688225604569,5.147452481234284,1.9973422866347426,8.625113524226382,22.028230769230767,16.575,28.240000000000002,27.04230769230769,19.32,34.25,17.014153846153846,11.79,23.16,55.49492307692308,36.83,79.56,20.72823076923077,4.67,29.18,2.6374615384615385,1.03,4.85,43.68,0.336,0.0,34.19,34.944,0.26880000000000004,0.0,27.352,12.510753753374273,4.42030156721764,19.062516604070357,0.06527500763240307,4,1,0,0,624.9601459883553,4.807385738371964,1.5064529805653921,8.286408997545289,9.31837445078117,0.07167980346754746,0.0,3.1094308211512165,615.6417715375742,4.735705934904416,0.0,8.286408997545289,93.1837445078117,6156.417715375742,6249.601459883554,590.0161459883553,0.014910349900863592,0.9850896500991365,30.8,1275.11,1275.11,39273.39,10169.0,399371102.9,3.0254462502536263,199.88369205765395,202.90913830790757
Sonora,Huatabampo,33,Navojoa,149,Papa,2019,2020,26.604878,-109.232063,39.0,1,1.0,0.0,645.1715882083548,4.962858370833499,1.6305846876662526,8.129448791119398,21.221884615384617,15.115,25.94,26.09846153846154,18.3,32.17,16.345307692307692,10.13,20.91,58.14207692307693,42.24,82.06,20.487,2.74,29.9,2.759923076923077,1.17,5.09,38.75,0.2980769230769231,0.0,20.11,31.000000000000004,0.2384615384615385,0.0,16.088,12.481103655932287,3.171840712104043,19.00949418350346,0.060061541314317596,5,2,0,0,607.9923321228111,4.6768640932523935,0.8152923438331263,8.006656619072293,11.758200400428315,0.09044769538791012,0.0,3.6054501949139874,596.2341317223827,4.5864163978644825,0.0,8.006656619072293,117.58200400428315,5962.341317223827,6079.923321228111,576.9923321228111,0.01933938929685913,0.9806606107031407,29.15,1543.0,1133.0,33026.95,9084.24,300024740.27,4.033687958980554,204.54001088246406,208.5736988414446
Sonora,Huatabampo,33,Navojoa,149,Papa,2020,2021,26.604878,-109.232063,39.0,1,1.0,0.0,633.583287431734,4.836513644517053,2.276732660522829,7.849241969585001,21.26534351145038,12.61,28.904999999999998,26.105725190839696,16.49,34.29,16.42496183206107,8.73,23.95,59.87022900763359,37.44,81.76,19.682442748091603,5.71,30.16,2.8343511450381684,1.32,6.1,25.919999999999998,0.19786259541984733,0.0,6.97,20.736000000000004,0.15829007633587788,0.0,5.5760000000000005,12.08647103627703,5.028279383154191,19.12468659083614,0.04091017000317069,8,1,0,0,589.8798339449323,4.5028994957628425,1.1383663302614144,8.086141581782655,18.118252441068314,0.13830727054250622,0.0,2.958252441068314,571.761581503864,4.364592225220336,0.0,8.086141581782655,181.18252441068313,5717.61581503864,5898.798339449323,569.1438339449323,0.03071515823807553,0.9692848417619245,29.5,1603.39,1603.39,47300.01,8535.91,403748628.36,6.141780488497734,193.81748525554713,199.95926574404487
Sonora,Huatabampo,33,Navojoa,149,Papa,2021,2022,26.604878,-109.232063,39.0,3,3.0,1.0,686.4562725570339,5.280432865823338,1.5549562982643004,8.485630017676371,20.9285,15.254999999999999,27.07,26.13923076923077,18.79,34.66,15.71776923076923,10.31,22.06,54.81161538461539,33.45,88.19,21.838230769230773,4.5,30.11,2.7943846153846152,1.37,6.3,17.199999999999996,0.13230769230769227,0.0,7.6,13.760000000000002,0.10584615384615385,0.0,6.08,12.986844423745904,4.037498765708421,19.000684555572604,0.025056220895076666,3,1,0,0,651.2730276831261,5.009792520639431,0.7774781491321502,9.482647312494185,5.382917841257294,0.0414070603173638,0.0,1.6966932685712035,645.8901098418688,4.968385460322068,0.0,9.482647312494185,53.829178412572944,6458.901098418688,6512.730276831261,637.5130276831261,0.008265224587001211,0.9917347754129988,29.6,2358.0,2358.0,69796.8,8200.78,572388201.5,1.818553324749086,218.20611818982053,220.0246715145696
Sonora,Huatabampo,33,Navojoa,149,Papa,2022,2023,26.604878,-109.232063,39.0,3,1.5714285714285714,0.14285714285714285,689.767217902117,5.30590167617013,1.9187777611239636,8.747182164646903,21.398038461538462,15.55,27.945,26.70869230769231,19.21,33.85,16.087384615384618,10.74,22.04,56.04030769230769,37.09,75.41,22.392076923076925,4.88,29.89,2.747769230769231,1.25,5.24,3.2600000000000002,0.02507692307692308,0.0,2.98,2.608,0.020061538461538464,0.0,2.384,13.352117746366481,4.3051958550727125,19.06112190153033,0.004726232148165989,1,0,0,0,649.9313995870434,4.999472304515718,1.4007265949005228,8.47742344501085,2.430594425292558,0.01869688019455814,0.0,2.206594425292558,647.5008051617508,4.98077542432116,0.0,8.47742344501085,24.30594425292558,6475.008051617508,6499.313995870433,647.3233995870435,0.0037397707309370204,0.9962602292690629,31.0,1820.0,1820.0,56420.0,7998.99,451303015.8,0.7840627178363091,208.8712274715325,209.65529018936883
Sonora,Huatabampo,33,Navojoa,149,Papa,2023,2024,26.604878,-109.232063,39.0,2,2.0,0.0,675.5151110132183,5.196270084717064,2.420430404520748,8.087516549829763,20.691923076923075,15.495000000000001,26.445,25.889846153846158,19.01,32.58,15.493999999999998,9.86,21.53,55.63223076923077,35.78,79.38,21.168153846153846,6.96,30.36,2.9471538461538462,1.5,5.53,12.01,0.09238461538461538,0.0,2.87,9.608000000000002,0.07390769230769233,0.0,2.2960000000000003,12.675065153417506,5.588986042109562,19.211200144121143,0.017779024931042574,3,0,0,0,630.0377981020894,4.846444600785303,1.210215202260374,8.86253221154604,9.608000000000002,0.07390769230769233,0.0,2.2960000000000003,620.4297981020893,4.77253690847761,0.850215202260374,8.86253221154604,96.08000000000003,6204.297981020893,6300.377981020893,620.4297981020894,0.015249878704012535,0.9847501212959874,32.0,2200.0,2200.0,70400.0,8149.01,573690304.0,3.002500000000001,193.8843119069029,196.8868119069029
Sonora,Huatabampo,33,Navojoa,149,Aguacate,2010,2011,26.604878,-109.232063,39.0,4,2.8333333333333335,0.5833333333333334,1999.3222357233794,5.477595166365423,2.3491647066196273,9.31723196115199,24.73205479452055,15.76,33.125,28.968328767123285,18.31,37.42,20.495780821917812,10.05,29.34,61.43695890410958,37.29,84.43,21.824493150684933,6.53,30.66,2.6747123287671237,0.81,6.62,356.01000000000005,0.9753698630136988,0.0,22.39,213.60599999999997,0.5852219178082191,0.0,13.434,13.700897898265637,5.399577430563955,19.914316244020547,0.1780653431642505,63,25,23,0,1600.9106608073835,4.386056604951736,1.5304127804984755,7.919647166979191,155.178787830107,0.42514736391810143,0.0,4.948974246226751,1445.7318729772765,3.960909241033634,0.0,7.518640225888492,1551.7878783010701,14457.318729772764,16009.106608073835,1387.3046608073835,0.0969315725287544,0.9030684274712456,12.8,7.0,7.0,89.6,4350.0,389760.0,121.2334279922711,1129.478025763497,1250.7114537557682
Sonora,Huatabampo,33,Navojoa,149,Aguacate,2011,2012,26.604878,-109.232063,39.0,4,2.4166666666666665,0.5,2046.413984952587,5.606613657404348,1.5929119942138759,9.373217680335717,24.715219178082194,7.545,32.69,29.24369863013699,9.93,37.44,20.186739726027398,4.48,28.81,59.14983561643836,35.39,85.4,21.892,4.66,30.89,2.652082191780822,1.09,5.56,335.86,0.9201643835616439,0.0,18.59,201.51599999999996,0.5520986301369862,0.0,11.154,13.682232918662418,4.044793621857961,19.94342393440616,0.16412123962678132,50,22,46,1,1637.6723321811403,4.486773512825042,1.194683995660407,7.9672350282853595,127.34844007613455,0.34889983582502615,0.0,6.696,1510.323892105006,4.137873677000017,0.0,7.9672350282853595,1273.4844007613456,15103.23892105006,16376.723321811405,1436.1563321811404,0.0777618560035908,0.9222381439964094,13.6,7.0,7.0,95.2,8510.0,810152.0,93.63855887951071,1110.532273606622,1204.170832486133
Sonora,Huatabampo,33,Navojoa,149,Aguacate,2012,2013,26.604878,-109.232063,39.0,3,2.3333333333333335,0.5,2015.8319383512335,5.50773753647878,1.6814485993303936,9.206527896244802,25.128688524590164,15.780000000000001,33.195,29.448879781420768,18.53,37.37,20.808497267759563,11.38,29.02,59.579535519125685,31.0,83.7,21.146065573770493,3.94,30.86,2.6351092896174864,0.79,5.15,420.65999999999997,1.1493442622950818,0.0,20.67,252.396,0.6896065573770491,0.0,12.402000000000001,13.322496624924328,3.699510566032945,19.959178193950127,0.2086781105095802,75,29,15,0,1614.9980753568307,4.412563047423035,1.2610864494977951,7.825548711808081,182.4087573052894,0.4983845828013372,0.0,4.9794696747124965,1432.5893180515413,3.9141784646216977,0.0,7.825548711808081,1824.0875730528942,14325.893180515413,16149.980753568307,1362.6020753568307,0.11294673355259978,0.8870532664474002,13.8,7.0,7.0,96.6,12000.0,1159200.0,132.1802589168764,1038.108201486624,1170.2884604035005
Sonora,Huatabampo,33,Navojoa,149,Aguacate,2013,2014,26.604878,-109.232063,39.0,1,1.0,0.0,2040.3787680544513,5.590078816587537,1.6074455852362457,9.051267572355144,24.98772602739726,12.51,32.375,29.308876712328768,17.84,37.0,20.666575342465755,7.02,28.78,59.88709589041096,31.25,84.9,21.56931506849315,3.06,30.79,2.7583013698630134,0.88,5.43,437.35,1.1982191780821918,0.0,45.18,262.40999999999997,0.718931506849315,0.0,27.108,13.581374890789672,3.255089399310885,20.232244120826522,0.21434745687783424,66,24,23,0,1634.3853968569542,4.477768210566998,1.2055841889271843,7.693577436501872,156.754435351964,0.42946420644373695,0.0,4.529834350187785,1477.6309615049902,4.048304004123261,0.0,7.630075088479438,1567.54435351964,14776.309615049902,16343.853968569543,1371.9753968569544,0.09591032546755161,0.9040896745324484,13.0,7.0,7.0,91.0,12210.0,1111110.0,120.58033488612615,1136.6392011576847,1257.2195360438109
Sonora,Huatabampo,33,Navojoa,149,Aguacate,2014,2015,26.604878,-109.232063,39.0,1,1.0,0.0,2007.0430607614603,5.4987481116752335,1.623981356664172,9.720764891908612,25.900178082191783,16.98,32.425,29.980054794520544,20.43,36.98,21.820301369863017,12.3,29.0,61.172219178082194,31.2,89.55,21.08501369863014,3.83,30.89,2.5394520547945203,0.96,6.88,523.6099999999999,1.4345479452054792,0.0,40.49,314.166,0.8607287671232876,0.0,24.294,13.365640639836041,3.676962883297314,19.900596999627982,0.260886281035418,73,36,28,0,1607.3406351208203,4.403672972933754,1.217986017498129,8.26265015812232,201.15488944492571,0.5511092861504814,0.0,6.012,1406.1857456758944,3.8525636867832724,0.0,8.26265015812232,2011.5488944492572,14061.857456758944,16073.406351208201,1293.1746351208203,0.12514764142064097,0.874852358579359,14.05,7.0,7.0,98.35,14613.35,1437222.97,143.17073981845246,1000.8439471002806,1144.014686918733
Sonora,Huatabampo,33,Navojoa,149,Aguacate,2015,2016,26.604878,-109.232063,39.0,0,0.0,0.0,1908.2228309660163,5.228007756071277,1.480142355036308,8.751043057284296,25.634767123287673,13.485,32.85,29.454958904109592,17.62,36.67,21.81457534246575,8.97,29.68,63.0948493150685,39.33,86.92,20.128,3.2,30.83,2.5055616438356165,1.1,6.67,568.9,1.5586301369863014,0.0,26.27,341.34,0.9351780821917808,0.0,15.761999999999999,12.93488959271708,3.4318853389809103,19.88536399809095,0.29813080043277795,99,42,25,0,1525.4331833943786,4.179268995601038,1.110106766277231,7.438386598691651,246.8219429783512,0.6762245013105512,0.0,5.812867971161481,1278.6112404160276,3.503044494290487,0.0,7.438386598691651,2468.2194297835117,12786.112404160276,15254.331833943788,1184.0931833943787,0.16180449308774408,0.8381955069122561,13.58,8.0,8.0,108.64,14230.0,1545947.2,181.75400808420557,941.5399413961911,1123.2939494803968
Sonora,Huatabampo,33,Navojoa,149,Aguacate,2016,2017,26.604878,-109.232063,39.0,1,1.0,0.0,2033.199589692193,5.555190135771019,1.7556945314113401,8.686592950701645,25.644521857923497,16.009999999999998,32.41,29.85027322404371,18.33,37.77,21.43877049180328,11.53,29.08,60.30745901639344,35.61,88.07,21.490191256830602,4.13,31.1,2.544289617486339,1.06,7.43,702.16,1.9184699453551912,0.0,117.0,421.29600000000005,1.151081967213115,0.0,70.2,13.57995406647295,3.6974973300749827,19.526894263324518,0.34534730557677334,69,27,21,0,1628.1190926504546,4.448412821449329,1.3167708985585052,7.383604008096397,174.37170492795067,0.47642542330041165,0.0,6.095361260966205,1453.7473877225038,3.9719873981489178,0.0,7.383604008096397,1743.7170492795067,14537.473877225038,16281.190926504545,1206.8230926504546,0.10710009219539754,0.8928999078046024,13.4,8.0,8.0,107.2,14145.0,1516344.0,130.12813800593332,1084.8861102406745,1215.0142482466078
Sonora,Huatabampo,33,Navojoa,149,Aguacate,2017,2018,26.604878,-109.232063,39.0,1,1.0,0.0,2025.3487580547817,5.548900706999402,2.256456489118572,8.857965258978373,25.688328767123288,16.075,32.16,29.994438356164387,19.4,36.42,21.38221917808219,11.52,28.78,61.52917808219178,33.84,81.93,21.726575342465754,4.24,30.89,2.5570136986301373,1.13,7.94,553.27,1.5158082191780822,0.0,128.05,331.962,0.9094849315068493,0.0,76.83,13.756067056310577,4.034314876501589,19.757603931967815,0.2731727055894218,76,27,20,0,1620.355420203503,4.439329918365761,1.3538738934711432,7.529270470131617,176.54104345312936,0.4836740916524092,0.0,5.3042902190717705,1443.8143767503736,3.9556558267133526,0.0,7.529270470131617,1765.4104345312935,14438.143767503736,16203.55420203503,1288.393420203503,0.10895204919360056,0.8910479508063994,13.63,8.0,8.0,109.04,19128.5,2085771.64,129.5238763412541,1059.2915456715873,1188.8154220128413
Sonora,Huatabampo,33,Navojoa,149,Aguacate,2018,2019,26.604878,-109.232063,39.0,3,2.230769230769231,0.5384615384615384,1964.5946178661345,5.382451007852423,1.550182056398827,9.707564300862382,25.299342465753426,14.11,32.345,29.40454794520548,17.79,38.13,21.19413698630137,9.58,28.92,61.956794520547945,36.83,90.19,21.099123287671233,1.66,30.95,2.554109589041096,1.03,6.77,651.99,1.7862739726027397,0.0,105.16,391.19399999999996,1.0717643835616437,0.0,63.096,13.383392168866585,2.2996880848531474,19.990148214420994,0.3318699919417299,73,26,23,0,1574.4757107134672,4.3136320841464855,1.1626365422991203,8.251429655733025,161.80054991598436,0.44328917785201194,0.0,4.62,1412.6751607974827,3.870342906294473,0.0,8.251429655733025,1618.0054991598436,14126.751607974827,15744.757107134672,1183.2817107134672,0.10276471641640322,0.8972352835835967,12.23,8.0,8.0,97.84,16380.0,1602619.2,132.2980784268065,1155.0900742416047,1287.3881526684113
Sonora,Huatabampo,33,Navojoa,149,Aguacate,2019,2020,26.604878,-109.232063,39.0,1,1.0,0.0,1925.2102431869944,5.274548611471218,1.4154354080074274,9.589065425457921,25.021315068493152,15.115,32.66,29.107287671232875,18.3,37.89,20.935342465753422,10.13,28.98,63.70901369863013,42.24,89.38,20.755890410958905,2.03,30.8,2.677506849315068,1.11,5.69,556.4899999999999,1.5246301369863011,0.0,54.03,333.894,0.9147780821917808,0.0,32.418,13.260968068614307,2.5018206024918523,20.03639756268496,0.2890541445898324,78,38,29,0,1545.7027152394721,4.234801959560198,0.9783508125997515,8.150705611639232,184.86205300128282,0.5064713780857063,0.0,5.15250587545685,1360.8406622381895,3.728330581474492,0.0,8.138705611639232,1848.620530012828,13608.406622381895,15457.027152394723,1211.8087152394721,0.1195974175232283,0.8804025824767718,13.72,8.0,8.0,109.76,16689.0,1831784.64,134.73910568606618,991.8663718937241,1126.6054775797902
Sonora,Huatabampo,33,Navojoa,149,Aguacate,2020,2021,26.604878,-109.232063,39.0,3,1.5217391304347827,0.21739130434782608,2068.2281704774323,5.650896640648722,1.8478142905865094,9.695944947813542,25.68956284153006,12.61,33.215,30.091584699453552,16.49,37.34,21.287540983606558,8.73,29.57,59.76653005464482,34.44,83.0,21.29185792349727,5.71,30.59,2.7043715846994534,1.25,6.1,261.67,0.7149453551912569,0.0,29.35,157.002,0.4289672131147541,0.0,17.61,13.486889762160954,4.77834911453671,20.42693523377565,0.12651892268714035,61,13,69,0,1651.650643868228,4.512706677235595,1.3660395963136973,8.24155320564151,129.6314531728986,0.3541842982866082,0.0,5.542402873705834,1522.0191906953291,4.1585223789489865,0.0,8.22355320564151,1296.314531728986,15220.191906953292,16516.506438682278,1494.648643868228,0.07848600044698124,0.9215139995530186,13.0,8.0,8.0,104.0,16100.0,1674400.0,99.71650244069123,1170.783992842561,1270.5004952832523
Sonora,Huatabampo,33,Navojoa,149,Aguacate,2021,2022,26.604878,-109.232063,39.0,4,2.4285714285714284,0.6190476190476191,2042.1024733693075,5.5948012969022125,1.5549562982643004,10.360589643846575,25.42443835616438,15.254999999999999,33.015,29.7046301369863,18.79,37.5,21.144246575342464,10.31,29.09,60.66786301369863,33.45,88.19,21.703369863013698,4.27,30.75,2.632794520547945,1.23,6.3,482.93999999999994,1.3231232876712327,0.0,70.59,289.764,0.7938739726027397,0.0,42.354,13.688247738633267,3.8172930380441086,19.941691330739136,0.23649156019246534,76,24,22,0,1635.0468420261836,4.479580389112832,0.9560957082647271,8.806501197269588,180.16780962600623,0.49361043733152393,0.0,6.011903891957823,1454.8790324001773,3.9859699517813074,0.0,8.806501197269588,1801.6780962600624,14548.790324001773,16350.468420261835,1345.2828420261835,0.11019122204642075,0.8898087779535792,13.5,8.0,8.0,108.0,16300.0,1760400.0,133.45763676000462,1077.6881721482796,1211.1458089082842
Sonora,Huatabampo,33,Navojoa,149,Aguacate,2022,2023,26.604878,-109.232063,39.0,3,1.7333333333333334,0.26666666666666666,1956.4416436758136,5.360114092262503,1.9187777611239636,9.99665008128471,24.8658904109589,15.55,32.08,29.132438356164386,19.21,36.14,20.599342465753427,10.74,28.72,62.86189041095891,37.09,85.09,21.696684931506848,4.08,30.61,2.5600821917808223,0.94,6.66,489.07,1.339917808219178,0.0,32.46,293.442,0.8039506849315069,0.0,19.476,13.6717738140912,3.875880316288014,19.8541293929976,0.2499793446847321,89,29,13,0,1568.3480857611735,4.296844070578557,1.5119225977135198,8.497152569092004,205.38917979172268,0.562710081621158,0.0,5.796630036065972,1362.9589059694506,3.734133988957399,0.0,8.497152569092004,2053.891797917227,13629.589059694506,15683.480857611734,1274.9060857611735,0.13095892528987926,0.8690410747101206,14.2,8.0,8.0,113.6,30000.0,3408000.0,144.64026745895964,959.8302154714441,1104.4704829304037
Sonora,Huatabampo,33,Navojoa,149,Aguacate,2023,2024,26.604878,-109.232063,39.0,3,2.347826086956522,0.43478260869565216,2145.4708783258016,5.878002406372059,2.2073551499761725,11.343819446305696,26.068767123287667,15.495000000000001,34.565,30.569397260273977,19.01,40.25,21.56813698630137,9.86,30.93,57.68397260273973,35.78,79.69,21.557945205479452,3.34,30.58,2.767342465753425,1.25,5.7,195.02,0.5343013698630137,0.0,15.11,156.016,0.42744109589041096,0.0,12.088000000000001,13.60624526044789,3.3908368734943313,19.57282018272896,0.0908984605524835,55,7,92,0,1711.8198805836844,4.68991748105119,1.4522582427124489,9.642246529359841,128.50328834793854,0.3520638036929823,0.0,5.050040299954902,1583.316592235746,4.337853677358208,0.0,9.642246529359841,1285.0328834793854,15833.165922357459,17118.198805836844,1555.8038805836843,0.07506822990285776,0.9249317700971423,14.7,8.0,8.0,117.6,33000.0,3880800.0,87.41720295778133,1077.086117167174,1164.5033201249553
Sonora,Huatabampo,33,Navojoa,149,Limón,2010,2011,26.604878,-109.232063,39.0,4,2.8333333333333335,0.5833333333333334,1999.3222357233794,5.477595166365423,2.3491647066196273,9.31723196115199,24.73205479452055,15.76,33.125,28.968328767123285,18.31,37.42,20.495780821917812,10.05,29.34,61.43695890410958,37.29,84.43,21.824493150684933,6.53,30.66,2.6747123287671237,0.81,6.62,356.01000000000005,0.9753698630136988,0.0,22.39,213.60599999999997,0.5852219178082191,0.0,13.434,13.700897898265637,5.399577430563955,19.914316244020547,0.1780653431642505,63,25,23,0,1331.959338570952,3.6492036673176766,1.5385642190858644,6.056200774748794,146.34618746888805,0.40094845881887137,0.0,4.374,1185.613151102064,3.2482552084988052,0.0,5.749548408032377,1463.4618746888805,11856.13151102064,13319.59338570952,1118.353338570952,0.10987286415657527,0.8901271358434247,8.5,11.0,11.0,93.5,2830.0,264605.0,172.17198525751536,1394.8390012965458,1567.0109865540612
Sonora,Huatabampo,33,Navojoa,149,Limón,2011,2012,26.604878,-109.232063,39.0,4,2.4166666666666665,0.5,2046.413984952587,5.606613657404348,1.5929119942138759,9.373217680335717,24.715219178082194,7.545,32.69,29.24369863013699,9.93,37.44,20.186739726027398,4.48,28.81,59.14983561643836,35.39,85.4,21.892,4.66,30.89,2.652082191780822,1.09,5.56,335.86,0.9201643835616439,0.0,18.59,201.51599999999996,0.5520986301369862,0.0,11.154,13.682232918662418,4.044793621857961,19.94342393440616,0.16412123962678132,50,22,46,1,1363.9175663055435,3.736760455631626,1.115038395949713,6.092591492218216,116.6218684576024,0.31951196837699286,0.0,5.288859579397156,1247.2956978479413,3.4172484872546334,0.0,6.092591492218216,1166.218684576024,12472.956978479413,13639.175663055437,1162.4015663055434,0.08550507108248277,0.9144949289175174,8.35,11.0,11.0,91.85,7505.0,689334.25,139.66690833245798,1493.767302811906,1633.4342111443639
Sonora,Huatabampo,33,Navojoa,149,Limón,2012,2013,26.604878,-109.232063,39.0,3,2.3333333333333335,0.5,2015.8319383512335,5.50773753647878,1.6814485993303936,9.206527896244802,25.128688524590164,15.780000000000001,33.195,29.448879781420768,18.53,37.37,20.808497267759563,11.38,29.02,59.579535519125685,31.0,83.7,21.146065573770493,3.94,30.86,2.6351092896174864,0.79,5.15,420.65999999999997,1.1493442622950818,0.0,20.67,252.396,0.6896065573770491,0.0,12.402000000000001,13.322496624924328,3.699510566032945,19.959178193950127,0.2086781105095802,75,29,15,0,1343.288855208445,3.6701881289848224,1.1770140195312755,5.984243132559122,172.01724300080775,0.46999246721532173,0.0,3.8078297512507326,1171.2716122076372,3.2001956617695004,0.0,5.984243132559122,1720.1724300080775,11712.716122076372,13432.888552084449,1090.892855208445,0.1280567782080757,0.8719432217919242,8.9,11.0,11.0,97.9,6500.0,636350.0,193.27780112450307,1316.0355193344237,1509.3133204589267
Sonora,Huatabampo,33,Navojoa,149,Limón,2013,2014,26.604878,-109.232063,39.0,1,1.0,0.0,2040.3787680544513,5.590078816587537,1.6074455852362457,9.051267572355144,24.98772602739726,12.51,32.375,29.308876712328768,17.84,37.0,20.666575342465755,7.02,28.78,59.88709589041096,31.25,84.9,21.56931506849315,3.06,30.79,2.7583013698630134,0.88,5.43,437.35,1.1982191780821918,0.0,45.18,262.40999999999997,0.718931506849315,0.0,27.108,13.581374890789672,3.255089399310885,20.232244120826522,0.21434745687783424,66,24,23,0,1358.7337679510188,3.7225582683589553,1.1252119096653719,5.8833239220308435,148.15728584053497,0.40591037216584924,0.0,4.1579553021094675,1210.5764821104835,3.3166478961931056,0.0,5.830528008837218,1481.5728584053497,12105.764821104836,13587.337679510187,1096.323767951019,0.10904070343666906,0.8909592965633307,8.0,11.0,11.0,88.0,6455.0,568040.0,185.19660730066872,1513.2206026381045,1698.4172099387733
Sonora,Huatabampo,33,Navojoa,149,Limón,2014,2015,26.604878,-109.232063,39.0,1,1.0,0.0,2007.0430607614603,5.4987481116752335,1.623981356664172,9.720764891908612,25.900178082191783,16.98,32.425,29.980054794520544,20.43,36.98,21.820301369863017,12.3,29.0,61.172219178082194,31.2,89.55,21.08501369863014,3.83,30.89,2.5394520547945203,0.96,6.88,523.6099999999999,1.4345479452054792,0.0,40.49,314.166,0.8607287671232876,0.0,24.294,13.365640639836041,3.676962883297314,19.900596999627982,0.260886281035418,73,36,28,0,1338.5918962482785,3.667375058214462,1.1367869496649203,6.318497179740598,180.73064936616967,0.4951524640169032,0.0,4.638875628451328,1157.861246882109,3.1722225941975593,0.0,6.318497179740598,1807.3064936616968,11578.612468821091,13385.918962482789,1024.4258962482786,0.13501549641284263,0.8649845035871575,7.9,11.0,11.0,86.9,3852.59,334790.07,228.77297388122744,1465.647147952037,1694.4201218332644
Sonora,Huatabampo,33,Navojoa,149,Limón,2019,2020,26.604878,-109.232063,39.0,1,1.0,0.0,1925.2102431869944,5.274548611471218,1.4154354080074274,9.589065425457921,25.021315068493152,15.115,32.66,29.107287671232875,18.3,37.89,20.935342465753422,10.13,28.98,63.70901369863013,42.24,89.38,20.755890410958905,2.03,30.8,2.677506849315068,1.11,5.69,556.4899999999999,1.5246301369863011,0.0,54.03,333.894,0.9147780821917808,0.0,32.418,13.260968068614307,2.5018206024918523,20.03639756268496,0.2890541445898324,78,38,29,0,1281.019937969303,3.5096436656693237,0.9908047856051991,6.232892526547649,173.2595264243866,0.4746836340394153,0.0,4.584,1107.7604115449167,3.034960031629909,0.0,6.220892526547649,1732.595264243866,11077.604115449167,12810.199379693033,947.1259379693031,0.1352512332470335,0.8647487667529666,8.3,30.0,10.0,83.0,5411.5,449154.5,208.74641737877903,1334.6510982468874,1543.3975156256665
Sonora,Huatabampo,33,Navojoa,149,Limón,2020,2021,26.604878,-109.232063,39.0,3,1.5217391304347827,0.21739130434782608,2068.2281704774323,5.650896640648722,1.8478142905865094,9.695944947813542,25.68956284153006,12.61,33.215,30.091584699453552,16.49,37.34,21.287540983606558,8.73,29.57,59.76653005464482,34.44,83.0,21.29185792349727,5.71,30.59,2.7043715846994534,1.25,6.1,261.67,0.7149453551912569,0.0,29.35,157.002,0.4289672131147541,0.0,17.61,13.486889762160954,4.77834911453671,20.42693523377565,0.12651892268714035,61,13,69,0,1378.69445386649,3.7669247373401364,1.2934700034105564,6.302364216078803,124.4101919778661,0.33991855731657405,0.0,4.527178862667857,1254.2842618886239,3.4270061800235623,0.0,6.284364216078803,1244.101919778661,12542.84261888624,13786.9445386649,1221.69245386649,0.09023768219924509,0.9097623178007549,9.05,30.0,10.0,90.5,5600.0,506800.0,137.4698253899073,1385.9494606504131,1523.4192860403205
Sonora,Huatabampo,33,Navojoa,149,Limón,2021,2022,26.604878,-109.232063,39.0,4,2.4285714285714284,0.6190476190476191,2042.1024733693075,5.5948012969022125,1.5549562982643004,10.360589643846575,25.42443835616438,15.254999999999999,33.015,29.7046301369863,18.79,37.5,21.144246575342464,10.31,29.09,60.66786301369863,33.45,88.19,21.703369863013698,4.27,30.75,2.632794520547945,1.23,6.3,482.93999999999994,1.3231232876712327,0.0,70.59,289.764,0.7938739726027397,0.0,42.354,13.688247738633267,3.8172930380441086,19.941691330739136,0.23649156019246534,76,24,22,0,1360.8741760854455,3.728422400234097,1.0884694087850102,6.734383268500274,169.1427434557267,0.4634047765910321,0.0,4.597338270320689,1191.731432629719,3.2650176236430655,0.0,6.734383268500274,1691.4274345572671,11917.31432629719,13608.741760854457,1071.1101760854453,0.12428977375576764,0.8757102262442324,10.5,65.0,30.0,315.0,6000.0,1890000.0,161.0883271006921,1134.9823167902086,1296.0706438909008
Sonora,Huatabampo,33,Navojoa,149,Limón,2022,2023,26.604878,-109.232063,39.0,3,1.7333333333333334,0.26666666666666666,1956.4416436758136,5.360114092262503,1.9187777611239636,9.99665008128471,24.8658904109589,15.55,32.08,29.132438356164386,19.21,36.14,20.599342465753427,10.74,28.72,62.86189041095891,37.09,85.09,21.696684931506848,4.08,30.61,2.5600821917808223,0.94,6.66,489.07,1.339917808219178,0.0,32.46,293.442,0.8039506849315069,0.0,19.476,13.6717738140912,3.875880316288014,19.8541293929976,0.2499793446847321,89,29,13,0,1303.8397819292065,3.5721637861074154,1.3103329180183838,6.4978225528350615,193.6109748899977,0.5304410270958841,0.0,4.4327170864033905,1110.228807039209,3.0417227590115314,0.0,6.4978225528350615,1936.109748899977,11102.28807039209,13038.397819292066,1010.3977819292065,0.1484929188182341,0.851507081181766,13.0,65.0,30.0,390.0,7200.0,2808000.0,148.93151914615208,854.0221592609299,1002.953678407082
Sonora,Huatabampo,33,Navojoa,149,Limón,2023,2024,26.604878,-109.232063,39.0,3,2.347826086956522,0.43478260869565216,2145.4708783258016,5.878002406372059,2.2073551499761725,11.343819446305696,26.068767123287667,15.495000000000001,34.565,30.569397260273977,19.01,40.25,21.56813698630137,9.86,30.93,57.68397260273973,35.78,79.69,21.557945205479452,3.34,30.58,2.767342465753425,1.25,5.7,195.02,0.5343013698630137,0.0,15.11,156.016,0.42744109589041096,0.0,12.088000000000001,13.60624526044789,3.3908368734943313,19.57282018272896,0.0908984605524835,55,7,92,0,1428.8118340129586,3.9145529698985166,1.5451486049833207,7.373482640098703,126.2183972175821,0.3458038279933756,0.0,4.376701593294248,1302.5934367953764,3.568749141905141,0.0,7.373482640098703,1262.183972175821,13025.934367953763,14288.118340129584,1272.7958340129585,0.0883380121951295,0.9116619878048704,12.8,65.0,30.0,384.0,7500.0,2880000.0,98.60812282623601,1017.6511224963878,1116.2592453226239
Sonora,Huatabampo,33,Navojoa,149,Naranja,2010,2011,26.604878,-109.232063,39.0,4,2.8333333333333335,0.5833333333333334,1999.3222357233794,5.477595166365423,2.3491647066196273,9.31723196115199,24.73205479452055,15.76,33.125,28.968328767123285,18.31,37.42,20.495780821917812,10.05,29.34,61.43695890410958,37.29,84.43,21.824493150684933,6.53,30.66,2.6747123287671237,0.81,6.62,356.01000000000005,0.9753698630136988,0.0,22.39,213.60599999999997,0.5852219178082191,0.0,13.434,13.700897898265637,5.399577430563955,19.914316244020547,0.1780653431642505,63,25,23,0,1331.959338570952,3.6492036673176766,1.5385642190858644,6.056200774748794,146.34618746888805,0.40094845881887137,0.0,4.374,1185.613151102064,3.2482552084988052,0.0,5.749548408032377,1463.4618746888805,11856.13151102064,13319.59338570952,1118.353338570952,0.10987286415657527,0.8901271358434247,21.0,8.0,8.0,168.0,1420.0,238560.0,69.6886606994705,564.5776910009829,634.2663517004534
Sonora,Huatabampo,33,Navojoa,149,Naranja,2011,2012,26.604878,-109.232063,39.0,4,2.4166666666666665,0.5,2046.413984952587,5.606613657404348,1.5929119942138759,9.373217680335717,24.715219178082194,7.545,32.69,29.24369863013699,9.93,37.44,20.186739726027398,4.48,28.81,59.14983561643836,35.39,85.4,21.892,4.66,30.89,2.652082191780822,1.09,5.56,335.86,0.9201643835616439,0.0,18.59,201.51599999999996,0.5520986301369862,0.0,11.154,13.682232918662418,4.044793621857961,19.94342393440616,0.16412123962678132,50,22,46,1,1363.9175663055435,3.736760455631626,1.115038395949713,6.092591492218216,116.6218684576024,0.31951196837699286,0.0,5.288859579397156,1247.2956978479413,3.4172484872546334,0.0,6.092591492218216,1166.218684576024,12472.956978479413,13639.175663055437,1162.4015663055434,0.08550507108248277,0.9144949289175174,20.5,8.0,8.0,164.0,1700.0,278800.0,56.88871632078166,608.4369257794835,665.3256421002652
Sonora,Huatabampo,33,Navojoa,149,Naranja,2012,2013,26.604878,-109.232063,39.0,3,2.3333333333333335,0.5,2015.8319383512335,5.50773753647878,1.6814485993303936,9.206527896244802,25.128688524590164,15.780000000000001,33.195,29.448879781420768,18.53,37.37,20.808497267759563,11.38,29.02,59.579535519125685,31.0,83.7,21.146065573770493,3.94,30.86,2.6351092896174864,0.79,5.15,420.65999999999997,1.1493442622950818,0.0,20.67,252.396,0.6896065573770491,0.0,12.402000000000001,13.322496624924328,3.699510566032945,19.959178193950127,0.2086781105095802,75,29,15,0,1343.288855208445,3.6701881289848224,1.1770140195312755,5.984243132559122,172.01724300080775,0.46999246721532173,0.0,3.8078297512507326,1171.2716122076372,3.2001956617695004,0.0,5.984243132559122,1720.1724300080775,11712.716122076372,13432.888552084449,1090.892855208445,0.1280567782080757,0.8719432217919242,21.2,8.0,8.0,169.6,1900.0,322240.0,81.14020896264518,552.4866095319044,633.6268184945495
Sonora,Huatabampo,33,Navojoa,149,Naranja,2013,2014,26.604878,-109.232063,39.0,1,1.0,0.0,2040.3787680544513,5.590078816587537,1.6074455852362457,9.051267572355144,24.98772602739726,12.51,32.375,29.308876712328768,17.84,37.0,20.666575342465755,7.02,28.78,59.88709589041096,31.25,84.9,21.56931506849315,3.06,30.79,2.7583013698630134,0.88,5.43,437.35,1.1982191780821918,0.0,45.18,262.40999999999997,0.718931506849315,0.0,27.108,13.581374890789672,3.255089399310885,20.232244120826522,0.21434745687783424,66,24,23,0,1358.7337679510188,3.7225582683589553,1.1252119096653719,5.8833239220308435,148.15728584053497,0.40591037216584924,0.0,4.1579553021094675,1210.5764821104835,3.3166478961931056,0.0,5.830528008837218,1481.5728584053497,12105.764821104836,13587.337679510187,1096.323767951019,0.10904070343666906,0.8909592965633307,19.9,8.0,8.0,159.2,1960.0,312032.0,74.45089740730401,608.3298905077808,682.7807879150848
Sonora,Huatabampo,33,Navojoa,149,Naranja,2014,2015,26.604878,-109.232063,39.0,1,1.0,0.0,2007.0430607614603,5.4987481116752335,1.623981356664172,9.720764891908612,25.900178082191783,16.98,32.425,29.980054794520544,20.43,36.98,21.820301369863017,12.3,29.0,61.172219178082194,31.2,89.55,21.08501369863014,3.83,30.89,2.5394520547945203,0.96,6.88,523.6099999999999,1.4345479452054792,0.0,40.49,314.166,0.8607287671232876,0.0,24.294,13.365640639836041,3.676962883297314,19.900596999627982,0.260886281035418,73,36,28,0,1338.5918962482785,3.667375058214462,1.1367869496649203,6.318497179740598,180.73064936616967,0.4951524640169032,0.0,4.638875628451328,1157.861246882109,3.1722225941975593,0.0,6.318497179740598,1807.3064936616968,11578.612468821091,13385.918962482789,1024.4258962482786,0.13501549641284263,0.8649845035871575,20.65,8.0,8.0,165.2,2208.21,364796.29,87.52089557683762,560.7076256087696,648.2285211856072
Sonora,Huatabampo,33,Navojoa,149,Naranja,2019,2020,26.604878,-109.232063,39.0,1,1.0,0.0,1925.2102431869944,5.274548611471218,1.4154354080074274,9.589065425457921,25.021315068493152,15.115,32.66,29.107287671232875,18.3,37.89,20.935342465753422,10.13,28.98,63.70901369863013,42.24,89.38,20.755890410958905,2.03,30.8,2.677506849315068,1.11,5.69,556.4899999999999,1.5246301369863011,0.0,54.03,333.894,0.9147780821917808,0.0,32.418,13.260968068614307,2.5018206024918523,20.03639756268496,0.2890541445898324,78,38,29,0,1281.019937969303,3.5096436656693237,0.9908047856051991,6.232892526547649,173.2595264243866,0.4746836340394153,0.0,4.584,1107.7604115449167,3.034960031629909,0.0,6.220892526547649,1732.595264243866,11077.604115449167,12810.199379693033,947.1259379693031,0.1352512332470335,0.8647487667529666,22.7,22.5,2.5,56.75,2579.4,146380.95,76.32578256580908,488.0001812973201,564.3259638631292
Sonora,Huatabampo,33,Navojoa,149,Naranja,2020,2021,26.604878,-109.232063,39.0,3,1.5217391304347827,0.21739130434782608,2068.2281704774323,5.650896640648722,1.8478142905865094,9.695944947813542,25.68956284153006,12.61,33.215,30.091584699453552,16.49,37.34,21.287540983606558,8.73,29.57,59.76653005464482,34.44,83.0,21.29185792349727,5.71,30.59,2.7043715846994534,1.25,6.1,261.67,0.7149453551912569,0.0,29.35,157.002,0.4289672131147541,0.0,17.61,13.486889762160954,4.77834911453671,20.42693523377565,0.12651892268714035,61,13,69,0,1378.69445386649,3.7669247373401364,1.2934700034105564,6.302364216078803,124.4101919778661,0.33991855731657405,0.0,4.527178862667857,1254.2842618886239,3.4270061800235623,0.0,6.284364216078803,1244.101919778661,12542.84261888624,13786.9445386649,1221.69245386649,0.09023768219924509,0.9097623178007549,22.2,22.5,2.5,55.5,2700.0,149850.0,56.040627017056806,564.9929107606414,621.0335377776983
Sonora,Huatabampo,33,Navojoa,149,Naranja,2021,2022,26.604878,-109.232063,39.0,4,2.4285714285714284,0.6190476190476191,2042.1024733693075,5.5948012969022125,1.5549562982643004,10.360589643846575,25.42443835616438,15.254999999999999,33.015,29.7046301369863,18.79,37.5,21.144246575342464,10.31,29.09,60.66786301369863,33.45,88.19,21.703369863013698,4.27,30.75,2.632794520547945,1.23,6.3,482.93999999999994,1.3231232876712327,0.0,70.59,289.764,0.7938739726027397,0.0,42.354,13.688247738633267,3.8172930380441086,19.941691330739136,0.23649156019246534,76,24,22,0,1360.8741760854455,3.728422400234097,1.0884694087850102,6.734383268500274,169.1427434557267,0.4634047765910321,0.0,4.597338270320689,1191.731432629719,3.2650176236430655,0.0,6.734383268500274,1691.4274345572671,11917.31432629719,13608.741760854457,1071.1101760854453,0.12428977375576764,0.8757102262442324,21.8,32.5,2.5,54.5,2800.0,152600.0,77.58841442923243,546.6657947842748,624.2542092135072
Sonora,Huatabampo,33,Navojoa,149,Naranja,2022,2023,26.604878,-109.232063,39.0,3,1.7333333333333334,0.26666666666666666,1956.4416436758136,5.360114092262503,1.9187777611239636,9.99665008128471,24.8658904109589,15.55,32.08,29.132438356164386,19.21,36.14,20.599342465753427,10.74,28.72,62.86189041095891,37.09,85.09,21.696684931506848,4.08,30.61,2.5600821917808223,0.94,6.66,489.07,1.339917808219178,0.0,32.46,293.442,0.8039506849315069,0.0,19.476,13.6717738140912,3.875880316288014,19.8541293929976,0.2499793446847321,89,29,13,0,1303.8397819292065,3.5721637861074154,1.3103329180183838,6.4978225528350615,193.6109748899977,0.5304410270958841,0.0,4.4327170864033905,1110.228807039209,3.0417227590115314,0.0,6.4978225528350615,1936.109748899977,11102.28807039209,13038.397819292066,1010.3977819292065,0.1484929188182341,0.851507081181766,21.5,32.5,12.5,268.75,3100.0,833125.0,90.05161622790591,516.3854916461437,606.4371078740496
Sonora,Huatabampo,33,Navojoa,149,Naranja,2023,2024,26.604878,-109.232063,39.0,3,2.347826086956522,0.43478260869565216,2145.4708783258016,5.878002406372059,2.2073551499761725,11.343819446305696,26.068767123287667,15.495000000000001,34.565,30.569397260273977,19.01,40.25,21.56813698630137,9.86,30.93,57.68397260273973,35.78,79.69,21.557945205479452,3.34,30.58,2.767342465753425,1.25,5.7,195.02,0.5343013698630137,0.0,15.11,156.016,0.42744109589041096,0.0,12.088000000000001,13.60624526044789,3.3908368734943313,19.57282018272896,0.0908984605524835,55,7,92,0,1428.8118340129586,3.9145529698985166,1.5451486049833207,7.373482640098703,126.2183972175821,0.3458038279933756,0.0,4.376701593294248,1302.5934367953764,3.568749141905141,0.0,7.373482640098703,1262.183972175821,13025.934367953763,14288.118340129584,1272.7958340129585,0.0883380121951295,0.9116619878048704,22.0,32.5,12.5,275.0,3150.0,866250.0,57.37199873526459,592.0879258160802,649.4599245513448
Sonora,Huatabampo,33,Navojoa,149,Varios,2013,2014,26.604878,-109.232063,39.0,1,1.0,0.0,804.5965949320466,4.445285054873186,1.6814485993303936,7.098360227738006,23.16599447513812,12.51,31.18,27.40121546961326,17.84,35.91,18.930773480662985,7.02,27.95,61.0857458563536,38.33,83.7,16.840828729281768,3.94,24.64,2.779723756906078,1.14,5.43,159.98000000000002,0.8838674033149172,0.0,20.67,127.98400000000001,0.7070939226519337,0.0,16.536,10.074857608729074,3.699510566032945,16.75041913342409,0.19883255908324016,26,12,4,0,655.4420227515088,3.6212266450359603,1.2610864494977951,7.098360227738006,67.02424811038836,0.37029971331706274,0.0,4.050973880756122,588.4177746411206,3.2509269317188982,0.0,7.098360227738006,670.2424811038836,5884.177746411206,6554.420227515089,527.4580227515088,0.10225808810522145,0.8977419118947787,5.04,41.0,41.0,206.64,1600.0,330624.0,132.98461926664356,1167.4955846053979,1300.4802038720413
Sonora,Huatabampo,33,Navojoa,149,Varios,2015,2016,26.604878,-109.232063,39.0,0,0.0,0.0,765.6145859735705,4.229914839632986,1.623981356664172,6.255507846056995,23.9867955801105,14.445,30.5,27.87176795580111,17.62,34.56,20.101823204419887,10.31,28.65,65.19546961325966,39.57,89.55,16.82132596685083,3.2,24.32,2.4879558011049725,0.96,6.88,203.03000000000003,1.1217127071823205,0.0,40.49,162.424,0.8973701657458564,0.0,32.392,10.224202246633775,3.4318853389809103,16.37432037064919,0.2651856478698393,26,10,0,0,632.2382054048644,3.4930287591428972,1.1950385804839312,6.255507846056995,61.23736261375919,0.3383279702417635,0.0,3.220674129492624,571.0008427911055,3.154700788901135,0.0,6.255507846056995,612.3736261375918,5710.008427911054,6322.382054048646,469.8142054048644,0.0968580545912198,0.9031419454087806,5.39,10.0,10.0,53.9,1680.0,90552.0,113.61291765075916,1059.3707658462067,1172.9836834969658
Sonora,Huatabampo,33,Navojoa,149,Algodón hueso,2011,2012,26.604878,-109.232063,39.0,4,2.6666666666666665,0.6666666666666666,1383.4422881761889,6.525671170642401,2.493010125401967,9.373217680335717,27.428372641509437,18.375,32.69,31.790141509433962,22.75,37.44,23.066603773584905,12.29,28.81,59.45603773584906,37.8,80.73,25.17811320754717,6.96,30.89,2.5623113207547172,1.09,5.14,278.97999999999996,1.3159433962264149,0.0,18.43,167.38800000000003,0.7895660377358492,0.0,11.058,16.453582082717418,5.817546497154584,19.94342393440616,0.20165640618647213,45,19,35,0,1266.9782723618073,5.976312605480223,1.6212819715678375,10.779200332386074,119.68115159771324,0.5645337339514775,0.0,6.893486356320282,1147.2971207640937,5.411778871528744,0.0,10.779200332386074,1196.8115159771323,11472.971207640938,12669.782723618071,1099.5902723618074,0.09446188163480695,0.9055381183651928,3.88,643.0,643.0,2491.63,6200.0,15448106.0,308.4565762827661,2956.9513421754996,3265.4079184582656
Sonora,Huatabampo,33,Navojoa,149,Algodón hueso,2012,2013,26.604878,-109.232063,39.0,3,2.25,0.5,1362.7637711234022,6.4281309958651045,3.0638380157960325,9.206527896244802,27.155165094339626,15.91,33.195,31.335047169811318,18.58,37.37,22.975283018867927,11.81,29.02,59.55033018867924,31.0,83.47,24.681792452830184,8.32,30.86,2.6253773584905655,0.79,5.15,351.0300000000001,1.6558018867924533,0.0,20.63,210.618,0.9934811320754717,0.0,12.377999999999998,16.12450304885499,6.4994543607524005,19.959178193950127,0.25758683011555733,67,24,13,0,1259.3084833885246,5.940134355606248,1.2624096780695833,10.587507080681522,163.93136210140383,0.773261141987754,0.0,6.736929559905142,1095.3771212871206,5.166873213618493,0.0,10.587507080681522,1639.3136210140383,10953.771212871206,12593.084833885245,1048.6904833885246,0.13017569901562187,0.869824300984378,4.55,90.0,90.0,409.5,6300.0,2579850.0,360.2887079151733,2407.4222445870782,2767.7109525022515
Sonora,Huatabampo,33,Navojoa,149,Algodón hueso,2013,2014,26.604878,-109.232063,39.0,1,1.0,0.0,1402.3892718026345,6.615043734918087,3.152838255024734,9.051267572355144,27.50941037735849,17.16,32.375,31.782028301886793,20.91,37.0,23.236792452830187,11.65,28.78,59.60599056603774,31.25,84.9,25.43702830188679,7.71,30.79,2.7007547169811317,1.15,5.28,333.06,1.5710377358490566,0.0,38.09,199.836,0.942622641509434,0.0,22.854000000000003,16.616610020976132,6.2140371187733185,20.232244120826522,0.23749468617360706,55,21,23,0,1282.9985884617927,6.051880134253739,1.2646246632236684,10.408957708208415,133.6528898411113,0.6304381596278834,0.0,5.1251276396936785,1149.345698620681,5.421441974625854,0.0,10.329395707942767,1336.528898411113,11493.456986206811,12829.985884617923,1083.1625884617927,0.10417228128157947,0.8958277187184203,4.7,90.0,90.0,423.0,8400.0,3553200.0,284.36785072576873,2445.4163800440024,2729.784230769771
Sonora,Huatabampo,33,Navojoa,149,Algodón hueso,2014,2015,26.604878,-109.232063,39.0,1,1.0,0.0,1337.340097833192,6.308208008647132,2.3900771609678624,9.720764891908612,27.761933962264155,20.45,32.425,31.54240566037736,24.45,36.98,23.98146226415094,15.09,29.0,62.23551886792453,31.2,89.55,24.08834905660377,5.6,30.89,2.562783018867924,1.15,6.88,496.9099999999999,2.3439150943396223,0.0,40.49,298.146,1.4063490566037737,0.0,24.294,15.919869412638397,4.800008559951338,19.900596999627982,0.3715659171553384,70,35,28,0,1234.2789305220654,5.822070426990875,1.2635992318725582,11.178879625694902,192.8000011235762,0.9094339675640387,0.0,6.236502108306616,1041.4789293984893,4.912636459426836,0.0,11.178879625694902,1928.000011235762,10414.789293984893,12342.789305220656,936.1329305220654,0.15620456313065897,0.8437954368693411,3.45,96.0,96.0,331.2,8662.1,2868887.52,558.8405829668875,3018.7795055028673,3577.6200884697546
Sonora,Huatabampo,33,Navojoa,149,Algodón hueso,2016,2017,26.604878,-109.232063,39.0,1,1.0,0.0,1349.7968186910125,6.366966125901002,3.1978684063329066,8.686592950701645,27.33889150943396,16.009999999999998,32.41,31.18754716981132,18.33,37.77,23.490235849056607,11.97,29.08,61.2877358490566,38.12,88.07,24.95608490566038,6.03,31.1,2.5313207547169805,1.06,7.43,672.4100000000001,3.1717452830188684,0.0,117.0,403.446,1.903047169811321,0.0,70.2,16.38120656275127,5.084099299538396,19.526894263324518,0.4981564563562097,60,26,16,0,1237.533782289389,5.837423501365042,1.4656574712766184,9.989581893306891,154.7961062252191,0.7301703123831089,0.0,7.823999999999999,1082.7376760641698,5.107253188981933,0.0,9.989581893306891,1547.961062252191,10827.376760641699,12375.33782289389,834.0877822893889,0.12508434795117462,0.8749156520488254,3.1,42.23,42.23,130.91,12398.75,1623120.36,499.342278145868,3492.702180852161,3992.044458998029
Sonora,Huatabampo,33,Navojoa,149,Algodón hueso,2017,2018,26.604878,-109.232063,39.0,1,1.0,0.0,1367.0173766140433,6.448195172707751,3.0353823927076005,8.857965258978373,27.5123820754717,19.595,32.145,31.63316037735849,23.34,36.42,23.391603773584908,15.21,28.78,61.004999999999995,33.84,81.93,25.23943396226415,4.24,30.89,2.529764150943396,1.13,7.94,477.01000000000005,2.250047169811321,0.0,128.05,286.206,1.3500283018867925,0.0,76.83,16.54050928693455,4.034314876501589,19.757603931967815,0.348942162813982,67,22,14,0,1249.5069890259729,5.893900891631947,1.2323377526874624,10.186660047825129,151.66916316881174,0.715420580984961,0.0,7.176392649332395,1097.8378258571613,5.178480310646988,0.0,10.186660047825129,1516.6916316881175,10978.378258571613,12495.06989025973,963.3009890259729,0.12138320513680541,0.8786167948631948,4.11,228.0,228.0,937.0,12100.0,11337700.0,369.0247279046514,2671.138262426183,3040.162990330834
Sonora,Huatabampo,33,Navojoa,149,Algodón hueso,2018,2019,26.604878,-109.232063,39.0,3,2.4444444444444446,0.6666666666666666,1356.4479864797931,6.398339558866949,1.550182056398827,9.707564300862382,27.51957547169811,17.445,32.345,31.582122641509436,22.57,38.13,23.457028301886794,12.32,28.92,61.543207547169814,37.41,90.19,24.535896226415097,1.66,30.95,2.6676886792452827,1.09,6.77,546.8899999999999,2.579669811320754,0.0,105.16,328.13400000000007,1.5478018867924532,0.0,63.096,16.163712058423286,2.2996880848531474,19.990148214420994,0.40317801010510534,59,22,23,0,1250.1260666390613,5.896821069052176,1.0851274394791788,11.163698945991738,139.55196575003558,0.6582639893869603,0.0,6.017175846283063,1110.5741008890259,5.238557079665217,0.0,11.163698945991738,1395.5196575003558,11105.741008890258,12501.260666390614,921.9920666390612,0.11163031431319421,0.888369685686806,1.8,90.0,90.0,162.0,15000.0,2430000.0,775.2886986113087,6169.856116050143,6945.144814661452
Sonora,Huatabampo,33,Navojoa,149,Algodón hueso,2020,2021,26.604878,-109.232063,39.0,1,1.0,0.0,1393.158866834413,6.571504088841571,2.7195984231508086,9.695944947813542,28.000259433962267,15.85,33.215,32.20169811320755,19.15,37.25,23.79882075471698,11.31,29.57,60.141603773584905,37.44,83.0,24.531745283018864,5.71,30.59,2.7114150943396225,1.25,6.1,239.11,1.1278773584905661,0.0,29.35,191.28800000000004,0.902301886792453,0.0,23.480000000000004,16.248322850152594,5.028279383154191,20.42693523377565,0.1716315387227263,56,11,55,0,1284.5505870546353,6.059200882333186,0.9518594481027829,11.150336689985572,146.82452163953172,0.6925684982996779,0.0,7.49854506442554,1137.7260654151037,5.366632384033508,0.0,11.126336689985573,1468.2452163953171,11377.260654151036,12845.505870546353,1093.2625870546353,0.11430030324939386,0.8856996967506062,3.5,20.0,20.0,70.0,12800.0,896000.0,419.4986332558049,3250.64590118601,3670.1445344418153
Sonora,Huatabampo,33,Navojoa,149,Algodón hueso,2021,2022,26.604878,-109.232063,39.0,4,3.0,0.8181818181818182,1383.9867983320435,6.52823961477379,2.646520794187825,10.360589643846575,27.44584905660377,17.36,33.015,31.51844339622641,20.86,37.5,23.373254716981133,11.82,29.09,60.73405660377358,33.45,85.05,25.196556603773587,8.19,30.75,2.671462264150943,1.23,6.3,427.34,2.015754716981132,0.0,70.59,256.404,1.2094528301886793,0.0,42.354,16.5128238920126,6.375507213895444,19.941691330739136,0.3087746216329683,69,21,18,0,1270.0929270963593,5.991004373096034,1.553965706758107,11.91467809042356,172.9046491019164,0.8155879674618698,0.0,8.133752324413525,1097.1882779944428,5.175416405634165,0.0,11.91467809042356,1729.046491019164,10971.882779944428,12700.929270963592,1013.6889270963593,0.1361354318358459,0.863864568164154,3.7,70.0,70.0,259.0,12500.0,3237500.0,467.30986243761186,2965.3737243093046,3432.6835867469163
