Estado,Municipio,IdMunicipio,DDR,IdDDR,Cultivo,Anio,AnioFin,Lat,Lon,Z_m,ET0_total_mm,ET0_mean_mm_d,ET0_min_mm_d,ET0_max_mm_d,Tmean_ciclo_mean_C,Tmean_ciclo_min_C,Tmean_ciclo_max_C,Tmax_ciclo_mean_C,Tmax_ciclo_min_C,Tmax_ciclo_max_C,Tmin_ciclo_mean_C,Tmin_ciclo_min_C,Tmin_ciclo_max_C,RH_mean_pct,RH_min_pct,RH_max_pct,Rs_mean_MJ_m2_d,Rs_min_MJ_m2_d,Rs_max_MJ_m2_d,Ws_mean_m_s,Ws_min_m_s,Ws_max_m_s,Ptot_total_mm,Ptot_mean_mm_d,Ptot_min_mm_d,Ptot_max_mm_d,Pef_total_mm,Pef_mean_mm_d,Pef_min_mm_d,Pef_max_mm_d,Rn_mean_MJ_m2_d,Rn_min_MJ_m2_d,Rn_max_MJ_m2_d,ratio_Ptot_ET0,dias_lluvia_ge_1mm,dias_lluvia_ge_5mm,dias_estres_calor,dias_riesgo_helada,ETc_total_mm,ETc_mean_mm_d,ETc_min_mm_d,ETc_max_mm_d,ETverde_total_mm,ETverde_mean_mm_d,ETverde_min_mm_d,ETverde_max_mm_d,ETazul_total_mm,ETazul_mean_mm_d,ETazul_min_mm_d,ETazul_max_mm_d,UACverde_m3_ha,UACazul_m3_ha,UACtotal_m3_ha,deficit_hidrico_mm,frac_verde,frac_azul,Rend_t_ha,SupSembradaTotal_ha,SupCosechadaTotal_ha,VolumenTotal_t,PMR,Valorproduccion,HHverde_m3_ton,HHazul_m3_ton,HHtotal_m3_ton
Sonora,Huépac,34,Ures,142,Ajo,2010,2011,29.931454,-110.254851,652.0,519.6498558212193,4.330415465176827,1.0040729564274185,8.689574808322014,13.372666666666666,5.619999999999999,23.445,21.429250000000003,10.41,31.8,5.316083333333334,-2.08,15.09,46.071999999999996,22.13,91.62,20.30858333333333,5.65,29.9,2.479,1.19,7.65,127.07000000000002,1.058916666666667,0.0,31.12,101.656,0.8471333333333334,0.0,24.896,11.29907396050083,4.352832737631974,17.63563356153658,0.24453003994235165,16,8,0,62,500.08435870558964,4.167369655879914,0.7290815367280846,8.689574808322014,29.92291488659998,0.24935762405499984,0.0,2.773026529634632,470.1614438189896,3.9180120318249134,0.0,8.689574808322014,299.2291488659998,4701.614438189896,5000.843587055895,398.42835870558963,0.05983573444298873,0.9401642655570112,6.5,12.0,12.0,78.0,12000.0,936000.0,46.035253671692274,723.3252981830609,769.3605518547532
Sonora,Huépac,34,Ures,142,Ajo,2011,2012,29.931454,-110.254851,652.0,1031.2573527870748,4.86442147541073,1.3831649219266748,10.180082912077335,16.34495283018868,-4.755,27.18,24.935471698113208,-0.64,35.43,7.754433962264152,-8.87,19.54,33.25169811320755,10.11,79.35,19.59235849056604,6.94,30.54,2.2891981132075467,1.02,8.6,27.6,0.13018867924528302,0.0,6.41,22.080000000000002,0.10415094339622642,0.0,5.128,10.013267966883392,4.568653931526888,17.055965458964153,0.026763445540929506,8,2,2,58,898.393634110541,4.237705821276137,1.3831649219266748,7.41990302394168,17.34868694407554,0.08183342898148839,0.0,3.1325476505506735,881.0449471664655,4.155872392294649,0.0,7.41990302394168,0.0,0.0,0.0,876.313634110541,0.01931078570169488,0.9806892142983051,5.0,10.0,10.0,50.0,13700.0,685000.0,0.0,0.0,0.0
Sonora,Huépac,34,Ures,142,Ajo,2012,2013,29.931454,-110.254851,652.0,967.3912778228439,4.5417430883701595,0.9623830673703511,9.32974000530348,15.573591549295774,2.335,26.82,23.912394366197184,7.39,37.68,7.234788732394365,-2.86,21.11,38.06619718309859,9.54,90.88,19.065915492957746,2.71,30.42,2.2328169014084507,0.96,6.42,124.64,0.5851643192488263,0.0,42.76,99.712,0.46813145539906104,0.0,34.208,9.921530483319772,3.1267199454483254,17.539871460864298,0.12884135184731843,13,8,7,76,832.1230334412005,3.9066809081746503,0.9623830673703511,7.029042458910529,22.113496006493747,0.10381923007743543,0.0,2.3178956263086636,810.0095374347068,3.802861678097215,0.0,7.029042458910529,0.0,0.0,0.0,732.4110334412005,0.02657479136834437,0.9734252086316556,6.6,4.0,4.0,26.4,22100.0,583440.0,0.0,0.0,0.0
Sonora,Huépac,34,Ures,142,Ajo,2013,2014,29.931454,-110.254851,652.0,986.0901254003393,4.651368516039336,1.4303285864203132,9.221724636587862,16.279575471698116,1.5400000000000005,26.155,24.604575471698112,8.55,34.82,7.954575471698113,-5.47,17.9,34.53933962264151,5.49,85.59,18.819622641509433,4.56,30.91,2.1841037735849054,1.03,5.58,51.5,0.2429245283018868,0.0,14.72,41.2,0.19433962264150945,0.0,11.776000000000002,9.763654706889321,3.776921778337538,17.073142802335376,0.05222646355888788,9,3,0,68,852.222224302314,4.019916152369405,1.4303285864203132,6.651000069284287,18.895181383569273,0.08912821407343997,0.0,2.4699632174384543,833.3270429187446,3.930787938295965,0.0,6.651000069284287,0.0,0.0,0.0,811.0222243023139,0.022171659978755108,0.9778283400212447,7.4,5.0,5.0,37.0,13800.0,510600.0,0.0,0.0,0.0
Sonora,Huépac,34,Ures,142,Ajo,2014,2015,29.931454,-110.254851,652.0,994.848211921354,4.692680244912047,1.2232591621491036,9.89937878537255,17.03483490566038,5.2,24.450000000000003,25.17207547169811,9.1,35.17,8.897594339622643,0.12,17.33,35.96910377358491,7.0,87.4,18.557216981132076,5.6,31.35,2.1947169811320757,1.04,4.72,46.45,0.21910377358490568,0.0,8.26,37.160000000000004,0.17528301886792455,0.0,6.6080000000000005,9.681856014556127,4.156598108148954,17.263761289918115,0.04669053976615281,10,3,1,41,865.3844343146011,4.082002048653779,1.2232591621491036,6.929565149760784,23.03572004675305,0.10865905682430683,0.0,2.984,842.3487142678482,3.9733429918294725,0.0,6.929565149760784,0.0,0.0,0.0,828.2244343146011,0.026619059845925844,0.9733809401540744,7.6,4.0,4.0,30.4,14000.0,425600.0,0.0,0.0,0.0
Sonora,Huépac,34,Ures,142,Ajo,2017,2018,29.931454,-110.254851,652.0,1000.2029321964134,4.717938359417044,1.0751568039375163,9.842967411496604,18.048349056603772,6.875,27.055,26.10311320754717,11.05,36.32,9.993584905660379,-1.12,19.09,38.79641509433962,9.13,87.27,18.777547169811317,3.27,31.08,2.1554716981132076,0.87,5.64,101.87,0.4805188679245283,0.0,18.33,81.49600000000001,0.3844150943396227,0.0,14.664,9.904779117790543,3.3600983970325995,17.837514461788963,0.10184933149145721,13,7,6,32,862.7958527809187,4.06979175840056,1.0751568039375163,6.890077188047623,23.37864664320046,0.11027663510943614,0.0,2.457048833982513,839.4172061377183,3.959515123291124,0.0,6.890077188047623,0.0,0.0,0.0,781.2998527809187,0.027096382728136238,0.9729036172718638,9.2,10.0,10.0,92.0,17734.96,1631616.32,0.0,0.0,0.0
Sonora,Huépac,34,Ures,142,Ajo,2018,2019,29.931454,-110.254851,652.0,1048.2366262509981,4.944512387976406,1.0358830884448318,9.33662385573344,18.74540094339623,6.38,29.005,26.858490566037737,11.35,37.38,10.632311320754718,-1.94,21.32,33.47056603773585,6.94,89.17,18.517075471698114,4.44,30.25,2.183490566037736,1.0,5.6,73.32000000000001,0.34584905660377363,0.0,34.7,58.656000000000006,0.2766792452830189,0.0,27.760000000000005,9.613985009179586,3.7526042230770393,17.361839415746974,0.06994603905630338,10,3,12,27,909.4725601377788,4.289964906310278,1.0358830884448318,7.3763736770039,19.494732166772717,0.09195628380553168,0.0,2.4666254102384975,889.9778279710061,4.198008622504746,0.0,7.3763736770039,0.0,0.0,0.0,850.8165601377789,0.02143520653753358,0.9785647934624665,7.0,12.0,12.0,84.0,19000.0,1596000.0,0.0,0.0,0.0
Sonora,Huépac,34,Ures,142,Ajo,2019,2020,29.931454,-110.254851,652.0,829.5031328984244,3.9127506268793604,0.883250744794917,8.903179133886587,15.401132075471699,4.015,25.25,22.77117924528302,7.92,34.73,8.031084905660377,-3.81,19.52,48.8263679245283,21.93,90.38,17.67070754716981,2.93,30.25,2.061037735849057,0.79,6.27,221.2,1.0433962264150942,0.0,41.51,176.96,0.8347169811320755,0.0,33.208,9.740651705350025,3.254744356236189,18.013425904780597,0.26666565951003673,26,12,0,50,717.9477074725676,3.3865457899649414,0.8425234612464441,6.2322253937206105,44.592845703238396,0.2103436118077283,0.0,4.039325364606049,673.3548617693291,3.1762021781572125,0.0,6.2322253937206105,0.0,0.0,0.0,540.9877074725675,0.062111551076917765,0.9378884489230821,7.1,13.0,13.0,92.3,18100.0,1670630.0,0.0,0.0,0.0
Sonora,Huépac,34,Ures,142,Ajo,2020,2021,29.931454,-110.254851,652.0,778.043412095139,3.652785972277648,0.6831427771792279,8.841569501341592,15.302159624413147,2.8,26.965,22.438544600938968,9.25,37.1,8.165774647887323,-4.93,19.46,55.320845070422536,26.76,95.56,17.44075117370892,2.18,29.92,2.042676056338028,0.82,5.81,379.57,1.782018779342723,0.0,88.3,227.742,1.0692112676056338,0.0,52.98,9.802551710326084,2.863685214857269,17.631008830249314,0.48785195542994486,29,17,3,56,669.7236756677228,3.1442426087686517,0.6831427771792279,6.453126219130644,44.29703057717052,0.2079672797050259,0.0,2.362035633053435,625.4266450905523,2.9362753290636254,0.0,6.453126219130644,0.0,0.0,0.0,441.9816756677228,0.06614224968679185,0.9338577503132082,6.14,22.0,22.0,135.0,18900.0,2551500.0,0.0,0.0,0.0
Sonora,Huépac,34,Ures,142,Ajo,2021,2022,29.931454,-110.254851,652.0,1040.8992664895472,4.909902200422392,1.3962600672232655,9.408430828069756,16.81507075471698,3.18,27.795,25.382924528301885,7.41,37.79,8.247216981132075,-2.8,19.79,31.058301886792453,10.52,87.81,19.162264150943393,5.16,30.05,2.2977830188679245,1.05,5.24,80.12,0.37792452830188683,0.0,23.0,64.096,0.30233962264150943,0.0,18.400000000000002,9.711203478025203,4.1499765509048085,17.831321708603177,0.07697190552377488,8,3,16,66,904.4385973119327,4.266219798641192,1.3962600672232655,6.585901579648829,16.169048601260766,0.07626909717575833,0.0,2.7840000000000003,888.2695487106719,4.189950701465433,0.0,6.585901579648829,0.0,0.0,0.0,840.3425973119326,0.01787744203898035,0.9821225579610197,7.1,20.0,20.0,142.0,23500.0,3337000.0,0.0,0.0,0.0
Sonora,Huépac,34,Ures,142,Ajo,2022,2023,29.931454,-110.254851,652.0,1001.1532862481088,4.7224211615476825,1.2843837719684417,11.150785744272358,16.931745283018866,4.52,26.049999999999997,25.31641509433962,12.5,38.33,8.547075471698113,-3.8,17.75,36.25584905660377,5.54,88.39,19.133301886792452,5.5,30.98,2.1858490566037734,1.07,5.16,74.59,0.3518396226415095,0.0,35.99,59.67200000000001,0.2814716981132076,0.0,28.792,9.954567122970815,4.093366011613611,16.989869917830433,0.0745040754743274,8,4,4,55,865.0471708080825,4.0804111830569925,1.2843837719684417,7.80555002099065,15.704301978686388,0.07407689612587919,0.0,2.9239856467970475,849.3428688293961,4.006334286931114,0.0,7.80555002099065,0.0,0.0,0.0,805.3751708080824,0.01815427240114113,0.9818457275988589,7.77,13.0,13.0,101.0,28600.0,2888600.0,0.0,0.0,0.0
Sonora,Huépac,34,Ures,142,Ajo,2023,2024,29.931454,-110.254851,652.0,887.1756417836938,4.184790763130631,0.9947877000951213,9.146193154344315,15.215542452830187,4.0200000000000005,25.169999999999998,23.12301886792453,10.21,36.62,7.308066037735848,-3.74,18.31,43.574622641509436,12.98,85.23,18.307311320754717,2.41,30.27,2.1769811320754715,1.01,5.03,89.51,0.4222169811320755,0.0,17.77,71.608,0.3377735849056604,0.0,14.216000000000001,9.808670593047061,3.2642154415032483,17.378400322720733,0.10089321187858293,16,4,3,71,767.1972791637961,3.6188550903952645,0.9947877000951213,6.402335208041021,30.83985032251804,0.14547099208734923,0.0,2.4960000000000004,736.3574288412781,3.4733840983079154,0.0,6.402335208041021,0.0,0.0,0.0,695.5892791637962,0.040198070509493755,0.9598019294905062,8.08,12.0,12.0,96.96,30500.0,2957280.0,0.0,0.0,0.0
Sonora,Huépac,34,Ures,142,Calabacita,2010,2011,29.931454,-110.254851,652.0,796.513227217292,8.297012783513457,4.076549463897741,10.804264311410419,23.389479166666664,11.965,32.894999999999996,32.41947916666666,17.23,41.29,14.359479166666668,3.6,25.36,25.118333333333336,10.11,58.61,29.14916666666667,18.63,32.38,2.6981249999999997,1.24,5.28,7.9,0.08229166666666667,0.0,3.88,6.32,0.06583333333333334,0.0,3.104,17.045598938053697,12.0153630404592,19.073375412096865,0.00991822826043898,2,0,36,2,666.6514191281667,6.944285615918403,2.0382747319488703,10.264051095839898,6.32,0.06583333333333334,0.0,3.104,660.3314191281668,6.87845228258507,0.9182747319488704,10.264051095839898,63.2,6603.314191281668,6666.514191281668,660.3314191281667,0.00948021682495654,0.9905197831750435,21.0,3.0,3.0,63.0,3206.4,202003.2,3.0095238095238095,314.4435329181747,317.4530567276985
Sonora,Huépac,34,Ures,142,Calabacita,2011,2012,29.931454,-110.254851,652.0,845.4119060114062,8.806374020952148,4.191027059647039,11.394520382778767,24.28046875,12.195,32.93,33.73145833333333,18.62,43.01,14.829479166666665,4.07,23.06,21.844375,6.37,67.27,29.316770833333333,17.42,32.72,2.820520833333333,1.55,6.67,44.86,0.46729166666666666,0.0,9.62,35.888000000000005,0.3738333333333334,0.0,7.696,16.90982123874907,10.806200343675009,19.03563353530745,0.053062891214350545,7,4,39,2,699.217887013981,7.283519656395636,2.0955135298235197,10.824794363639828,32.068274913622176,0.334044530350231,0.0,6.379437008836219,667.1496121003589,6.949475126045406,0.0,10.824794363639828,320.6827491362218,6671.496121003589,6992.178870139811,663.329887013981,0.04586306430255976,0.9541369356974404,20.4,3.0,3.0,61.2,3140.0,192168.0,15.719742604716755,327.0341235786073,342.7538661833241
Sonora,Huépac,34,Ures,142,Calabacita,2012,2013,29.931454,-110.254851,652.0,824.7115571727202,8.590745387215835,4.156330585290779,10.970782075306916,24.65244791666667,13.16,31.55,33.945,20.45,41.31,15.359895833333333,2.56,23.37,23.086875000000003,6.43,74.58,29.4140625,16.85,32.48,2.5738541666666666,1.25,4.49,78.08000000000001,0.8133333333333335,0.0,11.67,62.464000000000006,0.6506666666666667,0.0,9.336,17.02868884277346,11.943736889934396,19.00954803882155,0.09467552542573092,15,9,46,2,683.3695797232634,7.118433122117327,2.835387013934923,10.42224297154157,55.27453749753855,0.5757764322660266,0.0,8.018671413313239,628.0950422257249,6.542656689851301,0.0,10.42224297154157,552.7453749753855,6280.950422257249,6833.6957972326345,620.9055797232634,0.08088527663160316,0.9191147233683968,20.5,3.0,3.0,61.5,3000.0,184500.0,26.96318902318954,306.3878254759633,333.3510144991529
Sonora,Huépac,34,Ures,142,Calabacita,2013,2014,29.931454,-110.254851,652.0,836.0515744929994,8.70887056763541,5.049395934983545,11.44047475446148,24.710781249999997,13.78,32.86,33.81260416666667,19.95,45.09,15.608958333333334,4.6,24.56,23.156041666666667,5.49,65.56,29.31385416666667,21.97,32.47,2.7396875,1.62,5.58,33.040000000000006,0.34416666666666673,0.0,14.8,26.432000000000002,0.2753333333333334,0.0,11.840000000000002,17.01397695068355,14.100587436103208,19.024116142004104,0.03951909308948579,5,2,34,1,692.228405761895,7.21071256001974,2.5246979674917727,10.868451016738405,19.54796144785689,0.2036245984151759,0.0,4.955961447856885,672.6804443140381,7.007087961604564,0.0,10.868451016738405,195.4796144785689,6726.804443140381,6922.28405761895,665.796405761895,0.028239178405777207,0.9717608215942228,18.0,2.0,2.0,36.0,2350.0,84600.0,10.859978582142716,373.7113579522434,384.57133653438615
Sonora,Huépac,34,Ures,142,Calabacita,2015,2016,29.931454,-110.254851,652.0,721.8403381352326,7.5191701889086735,3.6676561842986826,10.818384758756704,23.285885416666662,13.515,32.335,31.49666666666667,17.94,42.28,15.075104166666668,4.93,23.55,35.54125,13.64,80.11,27.733645833333338,8.35,32.35,2.5669791666666666,1.08,4.55,99.24000000000001,1.0337500000000002,0.0,19.17,79.39200000000001,0.8270000000000001,0.0,15.336000000000002,16.879703019913048,6.905328766825755,19.763189595249607,0.13748192606743456,15,8,28,1,599.42463394116,6.24400660355375,1.8338280921493413,10.277465520818868,53.91521485894259,0.5616168214473186,0.0,6.0,545.5094190822174,5.682389782106431,0.0,10.277465520818868,539.1521485894259,5455.094190822174,5994.2463394116,520.0326339411599,0.0899449435443705,0.9100550564556295,22.23,3.0,3.0,66.69,2600.0,173394.0,24.25335801122024,245.39335091417786,269.6467089253981
Sonora,Huépac,34,Ures,142,Calabacita,2016,2017,29.931454,-110.254851,652.0,768.542924635279,8.005655464950822,4.774971877604597,10.833839581651914,23.952499999999997,13.879999999999999,32.42,32.55635416666667,21.74,43.96,15.348645833333334,4.86,25.01,28.149166666666662,9.63,76.83,28.450729166666665,10.7,32.57,2.5383333333333336,0.91,4.29,51.629999999999995,0.5378124999999999,0.0,13.31,41.304,0.43025,0.0,10.648000000000001,16.87689601005393,7.7847294495759645,19.00927885200192,0.06717907138954095,9,4,27,1,636.2041179043079,6.627126228169874,2.4046525874641262,10.292147602569317,30.610108703222707,0.3188552989919032,0.0,4.4,605.5940092010851,6.3082709291779695,0.0,10.292147602569317,306.10108703222704,6055.940092010851,6362.041179043078,594.9001179043079,0.04811366013167932,0.9518863398683206,23.39,3.2,3.2,74.85,2700.0,202095.0,13.086835700394486,258.9115045750684,271.9983402754629
Sonora,Huépac,34,Ures,142,Calabacita,2017,2018,29.931454,-110.254851,652.0,815.2532057240786,8.492220892959152,4.474342192442979,11.132140092777266,25.0684375,14.12,34.69,34.16052083333334,19.83,44.53,15.976354166666667,5.94,26.29,23.219583333333333,5.43,64.29,28.8928125,17.72,32.59,2.555625,0.79,4.88,50.07,0.5215625,0.0,11.84,40.056000000000004,0.41725000000000007,0.0,9.472,16.72402986855717,11.821132021950708,19.303258298819973,0.061416501828446816,9,4,44,0,667.7707118186534,6.955944914777639,2.8255173191961975,10.575533088138403,31.827563824077178,0.3315371231674706,0.0,6.241292739950146,635.9431479945761,6.624407791610167,0.0,10.575533088138403,318.2756382407718,6359.431479945761,6677.707118186532,627.7147118186533,0.04766241355119599,0.9523375864488038,20.12,2.5,2.5,50.29,2865.0,144080.85,15.818868699839552,316.07512325774155,331.8939919575811
Sonora,Huépac,34,Ures,142,Calabacita,2018,2019,29.931454,-110.254851,652.0,838.2891549547996,8.73217869744583,2.9717340389566758,11.263454590347772,25.68822916666667,16.39,32.415,34.49854166666666,23.11,42.51,16.877916666666668,6.28,23.72,21.983541666666667,6.81,68.29,28.979375,7.59,32.56,2.6379166666666665,1.24,4.77,27.29,0.2842708333333333,0.0,11.23,21.832,0.22741666666666668,0.0,8.984,16.779518386392876,6.398428221408652,19.662163710716204,0.03255439944403369,7,1,50,0,687.7603186499359,7.164169985936833,2.823147337008842,10.700281860830383,15.671147337008843,0.16324111809384212,0.0,3.8320000000000003,672.089171312927,7.0009288678429895,0.0,10.700281860830383,156.71147337008844,6720.891713129269,6877.603186499357,665.9283186499359,0.0227857684022409,0.9772142315977589,20.62,2.0,2.0,41.24,3700.0,152588.0,7.599974460237072,325.9404322565116,333.5404067167487
Sonora,Huépac,34,Ures,142,Calabacita,2019,2020,29.931454,-110.254851,652.0,777.1679587674804,8.095499570494587,4.260597142220127,11.056691200681492,23.342343749999998,14.36,34.155,31.847291666666667,19.4,42.59,14.837395833333332,6.11,26.28,28.273229166666667,11.74,65.17,28.918958333333336,16.05,32.63,2.66,0.86,4.45,23.72,0.24708333333333332,0.0,10.14,18.976,0.19766666666666666,0.0,8.112,17.132618819340138,10.582854426998871,19.042715238216147,0.03052107299639298,6,2,25,0,644.6680749405564,6.715292447297462,2.3953387013720824,10.503856640647417,14.059447856665095,0.14645258184026141,0.0,4.208,630.6086270838914,6.568839865457202,0.0,10.503856640647417,140.59447856665093,6306.086270838914,6446.680749405565,625.6920749405564,0.021808816665788034,0.9781911833342122,20.66,2.0,2.0,41.31,5200.0,214812.0,6.805153851241575,305.23166848203846,312.03682233328004
Sonora,Huépac,34,Ures,142,Calabacita,2020,2021,29.931454,-110.254851,652.0,782.653398410838,8.152639566779563,4.428202268104474,10.919790964197913,24.709374999999998,12.965,31.48,33.41395833333333,19.93,42.0,16.004791666666666,5.37,23.6,30.814270833333328,12.62,60.56,28.95114583333333,12.78,32.73,2.5,1.25,3.87,34.89,0.3634375,0.0,7.02,27.912,0.29075,0.0,5.616,17.318275468094075,9.36963497553764,19.242982331750582,0.044579120298772666,10,3,42,0,657.6636322643488,6.8506628360869675,2.214101134052237,10.373801415988018,27.912,0.29075,0.0,5.616,629.7516322643488,6.5599128360869665,1.4628629829743875,10.373801415988018,279.12,6297.516322643488,6576.636322643488,629.7516322643488,0.04244114868249356,0.9575588513175064,16.8,2.5,2.5,42.0,5500.0,231000.0,16.614285714285714,374.85216206211237,391.46644777639807
Sonora,Huépac,34,Ures,142,Calabacita,2022,2023,29.931454,-110.254851,652.0,788.8775045072703,8.217474005284066,5.227178367898575,11.218352766759885,24.9865625,16.935000000000002,31.990000000000002,33.78604166666667,25.94,42.16,16.187083333333334,6.2,23.44,27.249687500000004,2.8,67.22,28.564375,17.94,32.26,2.411770833333333,0.73,4.37,91.88,0.9570833333333333,0.0,12.74,73.504,0.7656666666666667,0.0,10.192,16.77502680605391,11.58811208889693,19.398795049126264,0.11646928639115889,17,6,34,0,647.7461697796236,6.747355935204413,3.0153105241227394,10.657435128421891,56.3278269467987,0.5867481973624865,0.0,5.699953535619904,591.4183428328249,6.160607737841926,0.0,10.657435128421891,563.278269467987,5914.18342832825,6477.461697796237,574.2421697796236,0.08695972214851161,0.9130402778514883,16.5,2.0,2.0,33.0,6150.0,202950.0,34.13807693745376,358.4353592926212,392.57343623007495
Sonora,Huépac,34,Ures,142,Calabacita,2023,2024,29.931454,-110.254851,652.0,821.6078669547011,8.558415280778137,5.676232722116277,11.268537234877764,24.540833333333335,13.01,34.0,33.608125,21.18,44.65,15.473541666666668,2.17,26.28,21.438020833333336,10.19,48.68,28.831145833333334,14.26,32.04,2.605625,1.71,4.05,11.24,0.11708333333333333,0.0,4.89,8.992,0.09366666666666668,0.0,3.912,16.715539405320047,9.952350205505638,18.900999168932838,0.013680492181338511,3,0,30,2,673.2794242315855,7.013327335745682,2.9586442250817715,10.705110373133875,8.992,0.09366666666666668,0.0,3.912,664.2874242315855,6.919660669079016,2.9586442250817715,10.705110373133875,89.92000000000002,6642.874242315856,6732.794242315856,664.2874242315855,0.013355524729220086,0.9866444752707799,17.0,1.0,1.0,17.0,6700.0,113900.0,5.289411764705883,390.75730837152093,396.04672013622684
Sonora,Huépac,34,Ures,142,Calabaza,2010,2011,29.931454,-110.254851,652.0,702.5348188789271,7.0253481887892715,2.773026529634632,10.645694574086965,19.0017,8.525,30.8,28.1125,16.02,40.72,9.890900000000002,0.19,21.21,30.1362,10.53,76.06,27.1971,13.87,32.38,2.6851,1.24,5.28,11.21,0.1121,0.0,4.32,8.968000000000002,0.08968000000000002,0.0,3.4560000000000004,15.628515834641277,8.761276963334648,18.598298464850526,0.015956504501639372,4,0,14,15,620.7384435308082,6.207384435308082,1.386513264817316,10.215378632863192,6.898513264817316,0.06898513264817316,0.0,1.656,613.8399302659909,6.138399302659909,0.0,10.215378632863192,68.98513264817316,6138.399302659909,6207.384435308082,611.7704435308083,0.011113397819503558,0.9888866021804964,17.6,10.0,10.0,176.0,3200.0,563200.0,3.919609809555293,348.77268765113115,352.69229746068646
Sonora,Huépac,34,Ures,142,Calabaza,2011,2012,29.931454,-110.254851,652.0,794.4393647220637,7.944393647220637,4.191027059647039,10.946619023536698,21.129499999999997,12.195,29.965,30.776599999999995,18.62,40.58,11.482399999999998,4.07,20.32,20.086000000000002,6.37,59.95,27.808399999999995,17.42,32.58,2.7769,1.55,6.67,2.75,0.0275,0.0,2.75,2.2,0.022000000000000002,0.0,2.2,15.444001072951655,10.806200343675009,18.573835400332904,0.00346156059495125,1,0,15,3,692.1424139937501,6.921424139937501,2.279149305433169,10.636380716635436,2.2,0.022000000000000002,0.0,2.2,689.9424139937502,6.899424139937501,1.9910270596470392,10.636380716635436,22.0,6899.424139937501,6921.424139937501,689.94241399375,0.00317853660680281,0.9968214633931973,14.4,8.0,8.0,115.2,3000.0,345600.0,1.5277777777777777,479.1266763845487,480.6544541623265
Sonora,Huépac,34,Ures,142,Calabaza,2012,2013,29.931454,-110.254851,652.0,775.5434856416288,7.755434856416287,2.022853970262034,10.94554251982212,20.872249999999998,8.595,29.065,30.427699999999994,11.87,40.2,11.3168,0.0,19.21,20.7869,6.43,70.89,27.7481,6.64,32.48,2.6628000000000003,1.46,4.73,1.78,0.0178,0.0,0.74,1.424,0.01424,0.0,0.592,15.469296664440922,5.589004466191202,18.834665770470608,0.002295164659306443,0,0,24,12,683.8361992456063,6.838361992456063,1.011426985131017,10.351839450473072,1.424,0.01424,0.0,0.592,682.4121992456063,6.824121992456063,0.6594269851310168,10.351839450473072,14.239999999999998,6824.121992456063,6838.361992456063,682.4121992456063,0.0020823700201465303,0.9979176299798534,8.2,9.0,9.0,73.8,4000.0,295200.0,1.7365853658536585,832.2099990800077,833.9465844458614
Sonora,Huépac,34,Ures,142,Calabaza,2013,2014,29.931454,-110.254851,652.0,773.0610896266602,7.730610896266602,3.675603670298428,11.44047475446148,21.16245,9.57,30.195,30.4399,16.23,40.4,11.885,1.68,19.99,22.418499999999998,5.49,55.7,27.6393,14.07,32.47,2.7116999999999996,1.54,5.58,2.4800000000000004,0.024800000000000003,0.0,1.3,1.9840000000000002,0.019840000000000003,0.0,1.04,15.521466710299318,8.878887838916725,19.024116142004104,0.003208025902839948,1,0,10,6,676.5810324200017,6.765810324200017,1.837801835149214,11.44047475446148,1.9840000000000002,0.019840000000000003,0.0,1.04,674.5970324200016,6.745970324200016,0.797801835149214,11.44047475446148,19.840000000000003,6745.970324200016,6765.810324200016,674.5970324200017,0.0029323908075040315,0.9970676091924957,17.0,6.0,6.0,102.0,1890.0,192780.0,1.167058823529412,396.82178377647153,397.98884260000096
Sonora,Huépac,34,Ures,142,Calabaza,2014,2015,29.931454,-110.254851,652.0,770.1346616134568,7.701346616134568,3.5688765722370053,12.112200239211854,21.578050000000005,14.274999999999999,33.655,30.467600000000008,21.35,44.31,12.6885,5.19,23.14,21.902900000000002,7.0,59.4,26.7579,7.64,32.05,2.6611000000000002,1.37,4.83,7.110000000000001,0.07110000000000001,0.0,3.73,5.688000000000001,0.05688000000000001,0.0,2.984,15.053465681526763,6.614809201436527,18.954097826701712,0.009232151666962143,2,0,19,0,677.1306791288908,6.771306791288908,1.7844382861185026,11.172563867075233,4.710639647749583,0.047106396477495836,0.0,2.0066396477495827,672.4200394811412,6.724200394811412,0.0,11.172563867075233,47.106396477495835,6724.2003948114125,6771.306791288908,671.4426791288909,0.00695676594333266,0.9930432340566673,17.3,4.0,4.0,69.2,2375.0,164350.0,2.72291309118473,388.6821037463244,391.40501683750915
Sonora,Huépac,34,Ures,142,Calabaza,2015,2016,29.931454,-110.254851,652.0,650.2327999552131,6.502327999552131,1.468761863905447,10.818384758756704,19.93445,9.955,29.805,28.023699999999998,14.83,39.14,11.8452,3.75,21.71,37.1595,13.64,86.68,25.515300000000003,6.32,31.94,2.5229999999999997,0.89,4.76,81.47000000000001,0.8147000000000001,0.0,19.41,65.176,0.65176,0.0,15.528,15.159122029992869,5.186979343495572,18.916238701139932,0.1252935871669524,10,5,9,2,574.1186146013588,5.741186146013588,0.7343809319527235,8.727584687049735,22.970910583381357,0.22970910583381357,0.0,6.130798601553918,551.1477040179774,5.5114770401797735,0.0,8.727584687049735,229.70910583381357,5511.477040179774,5741.186146013588,508.9426146013588,0.04001073993974449,0.9599892600602554,18.1,9.0,9.0,162.9,2425.0,395032.5,12.69111081954771,304.5014939325842,317.1926047521319
Sonora,Huépac,34,Ures,142,Calabaza,2016,2017,29.931454,-110.254851,652.0,732.1630146432357,7.321630146432357,1.9754504851578005,10.711349139595537,20.712099999999996,7.415,32.36,29.8086,10.01,43.06,11.615599999999999,2.19,22.72,26.132600000000007,9.63,72.58,27.351100000000002,10.7,32.57,2.5601,0.95,4.29,16.15,0.16149999999999998,0.0,13.45,12.92,0.1292,0.0,10.76,15.6370289312913,7.7847294495759645,19.00927885200192,0.022057929282141467,2,1,10,3,640.8644653476144,6.408644653476144,0.9877252425789003,10.462686253716011,3.147725242578901,0.031477252425789005,0.0,1.2080000000000002,637.7167401050356,6.377167401050356,0.0,10.462686253716011,31.477252425789008,6377.167401050356,6408.644653476144,627.9444653476145,0.004911686343650724,0.9950883136563493,18.25,7.0,7.0,127.75,2475.0,316181.25,1.7247809548377537,349.43383019454006,351.1586111493778
Sonora,Huépac,34,Ures,142,Calabaza,2017,2018,29.931454,-110.254851,652.0,758.7542925533643,7.587542925533643,3.824471118918301,11.132140092777266,22.084599999999995,14.12,30.26,31.28259999999999,19.83,39.4,12.886600000000003,4.52,21.46,24.914599999999997,9.13,53.21,27.48250000000001,13.79,32.05,2.5355000000000003,1.44,4.88,2.7500000000000004,0.027500000000000004,0.0,0.68,2.2,0.022000000000000002,0.0,0.544,15.545111152257386,8.484376371205338,18.53766727068659,0.0036243617031090324,0,0,21,1,665.4302189907401,6.6543021899074,1.9122355594591505,9.842967411496604,2.2,0.022000000000000002,0.0,0.544,663.2302189907402,6.632302189907403,1.9122355594591505,9.842967411496604,22.0,6632.302189907403,6654.302189907403,663.23021899074,0.003306131788449203,0.996693868211551,14.5,6.0,4.0,58.0,2590.0,150220.0,1.5172413793103448,457.40015102809673,458.9173924074071
Sonora,Huépac,34,Ures,142,Calabaza,2018,2019,29.931454,-110.254851,652.0,783.5993980199032,7.835993980199032,4.328167750594664,11.263454590347772,22.512750000000004,12.225000000000001,31.36,31.4258,19.39,40.7,13.599700000000002,0.69,23.72,21.707499999999996,6.81,45.73,26.9739,11.75,32.56,2.5960999999999994,1.24,4.77,1.3,0.013000000000000001,0.0,1.0,1.04,0.0104,0.0,0.8,15.175687464671599,8.096017555770032,18.677574181809653,0.0016590109733174915,1,0,27,1,692.5284774927184,6.925284774927183,2.2362532674203,10.552120627085944,1.04,0.0104,0.0,0.8,691.4884774927184,6.9148847749271845,2.2362532674203,10.552120627085944,10.4,6914.8847749271845,6925.284774927184,691.4884774927184,0.0015017432983626803,0.9984982567016374,13.2,6.0,6.0,79.2,3120.0,247104.0,0.787878787878788,523.8549071914534,524.6427859793322
Sonora,Huépac,34,Ures,142,Calabaza,2019,2020,29.931454,-110.254851,652.0,665.8235035621035,6.658235035621035,1.914022245751378,9.624020196388887,19.57255,9.635,28.2,27.9767,12.76,36.43,11.168399999999998,2.38,19.97,34.2617,16.01,80.19,26.2868,4.35,32.06,2.4701999999999997,0.86,4.45,57.54,0.5754,0.0,34.93,46.032000000000004,0.46032000000000006,0.0,27.944000000000003,15.475089596282334,4.408223313808016,19.042715238216147,0.08641929834583116,6,3,1,3,590.9673694510818,5.909673694510818,0.957011122875689,9.35426387193216,12.592673805178716,0.12592673805178717,0.0,4.208,578.374695645903,5.78374695645903,0.0,9.35426387193216,125.92673805178717,5783.74695645903,5909.673694510817,544.9353694510818,0.021308577184008283,0.9786914228159915,12.95,5.5,5.5,71.23,3150.0,224374.5,9.724072436431442,446.6213865991529,456.3454590355843
Sonora,Huépac,34,Ures,142,Cebolla,2010,2011,29.931454,-110.254851,652.0,519.6498558212193,4.330415465176827,1.0040729564274185,8.689574808322014,13.372666666666666,5.619999999999999,23.445,21.429250000000003,10.41,31.8,5.316083333333334,-2.08,15.09,46.071999999999996,22.13,91.62,20.30858333333333,5.65,29.9,2.479,1.19,7.65,127.07000000000002,1.058916666666667,0.0,31.12,101.656,0.8471333333333334,0.0,24.896,11.29907396050083,4.352832737631974,17.63563356153658,0.24453003994235165,16,8,0,62,522.8059353107124,4.356716127589269,0.7290815367280846,9.124053548738114,30.867406554093577,0.2572283879507798,0.0,2.9116778561163636,491.9385287566188,4.09948773963849,0.0,9.124053548738114,308.67406554093577,4919.385287566188,5228.059353107124,421.14993531071235,0.05904180589638593,0.940958194103614,21.0,3.0,3.0,63.0,3260.0,205380.0,14.424021754249337,229.8778171759901,244.30183893023943
Sonora,Huépac,34,Ures,142,Cebolla,2011,2012,29.931454,-110.254851,652.0,1031.2573527870748,4.86442147541073,1.3831649219266748,10.180082912077335,16.34495283018868,-4.755,27.18,24.935471698113208,-0.64,35.43,7.754433962264152,-8.87,19.54,33.25169811320755,10.11,79.35,19.59235849056604,6.94,30.54,2.2891981132075467,1.02,8.6,27.6,0.13018867924528302,0.0,6.41,22.080000000000002,0.10415094339622642,0.0,5.128,10.013267966883392,4.568653931526888,17.055965458964153,0.026763445540929506,8,2,2,58,945.241429676438,4.458685989039802,1.4523231680230086,7.790898175138764,17.417845190171874,0.08215964712345224,0.0,3.1325476505506735,927.8235844862659,4.376526341916349,0.0,7.790898175138764,0.0,0.0,0.0,923.1614296764379,0.018426874492936805,0.981573125507063,18.0,4.0,4.0,72.0,3500.0,252000.0,0.0,0.0,0.0
Sonora,Huépac,34,Ures,142,Cebolla,2012,2013,29.931454,-110.254851,652.0,967.3912778228439,4.5417430883701595,0.9623830673703511,9.32974000530348,15.573591549295774,2.335,26.82,23.912394366197184,7.39,37.68,7.234788732394365,-2.86,21.11,38.06619718309859,9.54,90.88,19.065915492957746,2.71,30.42,2.2328169014084507,0.96,6.42,124.64,0.5851643192488263,0.0,42.76,99.712,0.46813145539906104,0.0,34.208,9.921530483319772,3.1267199454483254,17.539871460864298,0.12884135184731843,13,8,7,76,874.7408956143081,4.106764768142291,1.0105022207388688,7.3804945818560554,22.883970806818436,0.10743648266111942,0.0,2.433790407624097,851.8569248074897,3.9993282854811723,0.0,7.3804945818560554,0.0,0.0,0.0,775.0288956143081,0.026160856227886328,0.9738391437721137,20.8,6.0,6.0,124.8,3460.0,431808.0,0.0,0.0,0.0
Sonora,Huépac,34,Ures,142,Cebolla,2013,2014,29.931454,-110.254851,652.0,986.0901254003393,4.651368516039336,1.4303285864203132,9.221724636587862,16.279575471698116,1.5400000000000005,26.155,24.604575471698112,8.55,34.82,7.954575471698113,-5.47,17.9,34.53933962264151,5.49,85.59,18.819622641509433,4.56,30.91,2.1841037735849054,1.03,5.58,51.5,0.2429245283018868,0.0,14.72,41.2,0.19433962264150945,0.0,11.776000000000002,9.763654706889321,3.776921778337538,17.073142802335376,0.05222646355888788,9,3,0,68,896.3891205065753,4.228250568427242,1.501845015741329,6.9835500727485025,19.487140452747738,0.09192047383371575,0.0,2.5934613783103773,876.9019800538275,4.136330094593526,0.0,6.9835500727485025,0.0,0.0,0.0,855.1891205065753,0.021739599474093343,0.9782604005259066,22.5,6.0,6.0,135.0,2000.0,270000.0,0.0,0.0,0.0
Sonora,Huépac,34,Ures,142,Cebolla,2014,2015,29.931454,-110.254851,652.0,994.848211921354,4.692680244912047,1.2232591621491036,9.89937878537255,17.03483490566038,5.2,24.450000000000003,25.17207547169811,9.1,35.17,8.897594339622643,0.12,17.33,35.96910377358491,7.0,87.4,18.557216981132076,5.6,31.35,2.1947169811320757,1.04,4.72,46.45,0.21910377358490568,0.0,8.26,37.160000000000004,0.17528301886792455,0.0,6.6080000000000005,9.681856014556127,4.156598108148954,17.263761289918115,0.04669053976615281,10,3,1,41,910.2200919821439,4.2934909999157735,1.2844221202565589,7.424534089029413,23.435506049090698,0.11054483985420141,0.0,2.984,886.7845859330532,4.182946160061571,0.0,7.424534089029413,0.0,0.0,0.0,873.060091982144,0.02574707618028546,0.9742529238197145,19.5,5.0,5.0,97.5,2025.0,197437.5,0.0,0.0,0.0
Sonora,Huépac,34,Ures,142,Chile verde,2010,2011,29.931454,-110.254851,652.0,1278.645356357201,7.064338985398901,2.5367890769079295,10.804264311410419,22.911049723756904,8.525,32.894999999999996,30.910276243093918,16.02,41.29,14.911823204419889,0.19,25.36,38.96331491712707,10.11,89.62,26.875359116022093,11.68,32.38,2.3422099447513816,0.87,5.28,296.21,1.6365193370165745,0.0,30.23,177.726,0.9819116022099448,0.0,18.137999999999998,16.20881515826609,8.761276963334648,19.073375412096865,0.2316592310192155,41,18,54,15,1274.4162246159153,7.040973616662516,1.6638159177807792,11.34447752698094,127.06863309530196,0.7020366469353699,0.0,6.87001752858466,1147.3475915206132,6.338936969727144,0.0,11.34447752698094,1270.6863309530197,11473.47591520613,12744.16224615915,1096.6902246159152,0.09970732531563463,0.9002926746843652,7.3,6.0,6.0,43.8,7300.0,319740.0,174.06662067849587,1571.709029480292,1745.7756501587878
Sonora,Huépac,34,Ures,142,Chile verde,2011,2012,29.931454,-110.254851,652.0,1367.531485055631,7.555422569368127,3.1209441798496433,11.394520382778767,24.040165745856356,12.195,32.93,32.451270718232045,18.62,43.01,15.629060773480663,4.07,23.98,33.608895027624314,6.37,87.85,27.121049723756904,14.98,32.72,2.3515469613259667,0.88,6.67,264.68,1.4623204419889504,0.0,19.8,158.80800000000002,0.8773922651933703,0.0,11.88,16.07619605012374,10.716859432767759,19.588097208036988,0.1935458180615365,39,20,55,3,1348.9746354348745,7.452898538314224,2.7349791665198024,11.964246401917705,131.2688387076075,0.7252422028044613,0.0,7.706369880073711,1217.7057967272667,6.727656335509761,0.0,11.964246401917705,1312.688387076075,12177.057967272667,13489.746354348743,1190.1666354348745,0.09731008668320129,0.9026899133167985,6.6,5.0,5.0,33.0,6800.0,224400.0,198.8921798600114,1845.008782920101,2043.9009627801124
Sonora,Huépac,34,Ures,142,Chile verde,2012,2013,29.931454,-110.254851,652.0,1306.6951327419129,7.219310125645928,2.022853970262034,10.970782075306916,23.586878453038675,8.595,31.55,31.695359116022097,11.87,41.31,15.478397790055249,0.0,23.37,35.933646408839785,6.43,86.88,26.650662983425406,6.64,32.48,2.2329281767955798,0.72,4.73,306.51,1.6934254143646408,0.0,14.49,183.906,1.0160552486187846,0.0,8.693999999999999,15.897543241689982,5.589004466191202,19.00954803882155,0.23456886944763664,53,30,55,12,1293.7285249765746,7.147671408710357,1.2137123821572202,11.519321179072262,169.53947715225206,0.9366821942113374,0.0,7.002,1124.1890478243226,6.21098921449902,0.0,11.519321179072262,1695.3947715225206,11241.890478243226,12937.285249765746,1109.8225249765746,0.13104718175346863,0.8689528182465315,6.8,5.0,5.0,34.0,6600.0,224400.0,249.32276051801773,1653.219187976945,1902.5419484949628
Sonora,Huépac,34,Ures,142,Chile verde,2013,2014,29.931454,-110.254851,652.0,1341.6243105858598,7.412289008761657,3.4638443933714282,11.44047475446148,24.108895027624303,9.57,32.86,32.20149171270718,16.23,45.09,16.016298342541436,1.68,24.56,34.68834254143646,5.49,83.47,26.686243093922656,14.07,32.47,2.348508287292818,0.97,5.58,252.27999999999997,1.3938121546961324,0.0,26.56,151.368,0.8362872928176796,0.0,15.935999999999998,15.902476186002596,8.878887838916725,19.024116142004104,0.1880407190071224,36,14,45,6,1325.1285254773657,7.321152074460584,2.2053622021790567,12.012498492184555,110.52137228637015,0.6106153164992826,0.0,6.93834602699964,1214.6071531909956,6.710536757961302,0.0,12.012498492184555,1105.2137228637016,12146.071531909956,13251.285254773658,1173.7605254773657,0.0834042661986737,0.9165957338013264,7.0,5.0,5.0,35.0,6000.0,210000.0,157.8876746948145,1735.1530759871366,1893.040750681951
Sonora,Huépac,34,Ures,142,Chile verde,2014,2015,29.931454,-110.254851,652.0,1311.6297522396071,7.24657321679341,3.550038292937932,12.112200239211854,23.926823204419897,14.274999999999999,33.655,31.547458563535912,21.35,44.31,16.306187845303867,5.19,23.65,36.838563535911604,7.0,88.52,26.169060773480666,7.64,32.05,2.281546961325967,0.58,4.83,287.22,1.586850828729282,0.0,18.51,172.33200000000002,0.9521104972375691,0.0,11.106,15.705040550392676,6.614809201436527,19.021673764161832,0.21897947916290555,46,21,47,0,1297.0563467920126,7.166057164596755,2.141325943342203,12.717810251172446,147.0045312787639,0.8121797308219,0.0,6.4884820911366745,1150.0518155132486,6.353877433774854,0.0,12.717810251172446,1470.045312787639,11500.518155132486,12970.563467920125,1124.7243467920125,0.11333704325363173,0.8866629567463682,5.5,1.0,1.0,5.5,7850.0,43175.0,267.2809659613889,2091.003300933179,2358.284266894568
Sonora,Huépac,34,Ures,142,Chile verde,2015,2016,29.931454,-110.254851,652.0,1179.6539401391074,6.517425083641477,1.468761863905447,10.818384758756704,23.104364640883976,9.955,32.335,30.29359116022099,14.83,42.28,15.91513812154696,3.75,23.55,46.777624309392266,13.64,86.68,25.727292817679558,6.32,32.35,2.164806629834254,0.64,4.76,388.2700000000001,2.145138121546962,0.0,21.07,232.962,1.2870828729281767,0.0,12.642,16.00988736707517,5.186979343495572,19.763189595249607,0.3291388997982022,51,26,34,2,1173.6530677207693,6.484271092379941,0.8812571183432681,11.359303996694539,166.14187105584284,0.9179108898112864,0.0,6.47136930590867,1007.5111966649265,5.566360202568655,0.0,11.359303996694539,1661.4187105584283,10075.111966649265,11736.530677207693,940.6910677207693,0.14155961043793788,0.8584403895620621,6.3,4.0,4.0,25.2,7800.0,196560.0,263.71725564419495,1599.2241216903597,1862.9413773345545
Sonora,Huépac,34,Ures,142,Chile verde,2016,2017,29.931454,-110.254851,652.0,1288.3285794149776,7.117837455331368,1.9754504851578005,10.833839581651914,23.80124309392265,7.415,32.42,31.79154696132597,10.01,43.96,15.810939226519338,2.19,25.01,37.593425414364646,9.63,85.89,26.780773480662983,10.7,32.57,2.215524861878453,0.8,4.29,254.66000000000003,1.406961325966851,0.0,17.9,152.79599999999996,0.8441767955801103,0.0,10.739999999999998,16.187528183772542,7.7847294495759645,19.00927885200192,0.1976669648325582,41,20,44,3,1274.0334193631465,7.038858670514622,1.1852702910946802,11.37553156073451,129.40179734379717,0.7149270571480507,0.0,6.03,1144.6316220193494,6.323931613366571,0.0,11.37553156073451,1294.0179734379717,11446.316220193494,12740.334193631465,1121.2374193631465,0.1015686051693067,0.8984313948306933,6.4,4.4,4.4,28.16,7850.0,221056.0,202.19030834968308,1788.4869094052333,1990.6772177549165
Sonora,Huépac,34,Ures,142,Chile verde,2017,2018,29.931454,-110.254851,652.0,1303.566080518362,7.202022544300343,2.6413793713699953,11.132140092777266,24.469254143646406,14.12,34.69,32.40541436464089,19.83,44.53,16.533093922651933,4.52,26.29,37.584806629834254,5.43,88.9,26.582320441988948,10.77,32.59,2.1769613259668508,0.78,4.88,250.8,1.3856353591160222,0.0,16.41,150.48,0.8313812154696132,0.0,9.846,15.922847706599986,8.214523800017965,19.303258298819973,0.19239530987203166,45,21,48,1,1286.8542183571699,7.10969181412801,2.2946826713509805,11.68874709741613,134.16315556192097,0.741232903657022,0.0,7.104,1152.6910627952489,6.368458910470988,0.0,11.68874709741613,1341.6315556192098,11526.91062795249,12868.542183571699,1136.3742183571699,0.10425668552666129,0.8957433144733387,6.55,4.5,4.5,29.48,8760.0,258244.8,204.8292451327038,1759.8336836568687,1964.6629287895726
Sonora,Huépac,34,Ures,142,Chile verde,2018,2019,29.931454,-110.254851,652.0,1321.2695741576154,7.299831901423289,2.9717340389566758,11.263454590347772,24.733756906077346,12.225000000000001,32.82,32.410276243093925,19.39,42.51,17.05723756906077,0.69,25.87,36.14453038674033,6.81,82.59,26.094475138121545,7.59,32.56,2.216298342541436,0.85,4.77,248.31000000000006,1.3718784530386743,0.0,25.73,198.648,1.0975027624309392,0.0,20.584000000000003,15.670856881297398,6.398428221408652,19.662163710716204,0.18793288277928585,44,16,65,1,1310.9212724709278,7.242658963927778,2.5969006503567984,11.82662731986516,143.66037269224532,0.7937037165317421,0.0,8.111105746879174,1167.260899778682,6.448955247396033,0.0,11.82662731986516,1436.6037269224532,11672.60899778682,13109.212724709272,1112.2732724709279,0.10958733808740698,0.8904126619125926,6.68,3.5,3.5,23.38,11400.0,266532.0,215.0604381620439,1747.396556554913,1962.456994716957
Sonora,Huépac,34,Ures,142,Chile verde,2019,2020,29.931454,-110.254851,652.0,1250.7579210258098,6.910264757048672,1.914022245751378,11.056691200681492,23.3871270718232,9.635,34.155,30.897127071823206,12.76,42.59,15.877127071823205,2.38,26.28,41.03657458563536,11.74,83.74,26.26906077348066,4.35,32.63,2.220552486187845,0.86,4.45,274.51,1.5166298342541435,0.0,34.93,164.70600000000002,0.9099779005524863,0.0,20.958,16.06645623236014,4.408223313808016,19.205638906783058,0.21947492427220486,42,18,43,3,1251.0963265957175,6.912134401081312,1.1484133474508267,11.609525760715567,111.00776681448748,0.6133025790855662,0.0,6.621231229658587,1140.0885597812298,6.298831821995745,0.0,11.609525760715567,1110.077668144875,11400.8855978123,12510.963265957174,1086.3903265957174,0.08872839321376956,0.9112716067862303,7.55,3.0,3.0,22.65,9325.0,211211.25,147.03015472117548,1510.0510725579204,1657.0812272790959
Sonora,Huépac,34,Ures,142,Chile verde,2020,2021,29.931454,-110.254851,652.0,1266.7394484345818,6.99856048858885,1.0773961878223053,10.919790964197913,24.257983425414363,7.9399999999999995,32.745000000000005,32.0485635359116,11.41,42.14,16.467403314917128,0.96,24.29,41.79276243093923,12.62,87.58,26.27088397790055,3.44,32.73,2.182707182320442,0.83,4.39,265.62,1.4675138121546962,0.0,27.45,159.372,0.8805082872928177,0.0,16.47,16.182454560773618,3.831807078654041,19.242982331750582,0.20968795147909014,48,18,80,6,1276.9891051149766,7.055188426049595,0.6464377126933831,11.46578051240781,114.52744149054988,0.6327482955278999,0.0,8.26022179792815,1162.4616636244266,6.422440130521694,0.0,11.46578051240781,1145.2744149054988,11624.616636244265,12769.891051149763,1117.6171051149765,0.08968552748947543,0.9103144725105244,8.0,3.0,3.0,24.0,12500.0,300000.0,143.15930186318735,1453.0770795305332,1596.2363813937204
Sonora,Huépac,34,Ures,142,Chile verde,2021,2022,29.931454,-110.254851,652.0,1288.6252985079284,7.119476787336621,2.4949387831675827,11.514792133296107,23.90886740331491,7.92,33.335,31.673149171270715,13.19,43.2,16.144585635359118,-1.7,23.47,38.058397790055245,8.61,84.73,26.238232044198895,9.83,32.41,2.2701657458563536,0.69,5.24,237.48999999999998,1.3120994475138121,0.0,19.95,189.99200000000002,1.0496795580110498,0.0,15.96,15.817895408530935,7.66417289047331,19.005797359361985,0.18429717333268605,48,17,48,11,1277.9070838585221,7.060260131815039,1.8250317550590773,12.090531739960912,151.67776735764414,0.8379987146831168,0.0,6.38727860873861,1126.2293165008782,6.222261417131924,0.0,12.090531739960912,1516.7776735764414,11262.293165008781,12779.070838585223,1087.9150838585222,0.11869232847482711,0.8813076715251731,8.0,3.0,3.0,24.0,12900.0,309600.0,189.59720919705518,1407.7866456260977,1597.383854823153
Sonora,Huépac,34,Ures,142,Chile verde,2022,2023,29.931454,-110.254851,652.0,1260.9725408899274,6.966699120938825,1.8534584139779287,11.218352766759885,23.85972375690608,10.595,31.990000000000002,31.659226519337025,19.34,42.16,16.060220994475134,0.66,23.44,39.59049723756907,2.8,91.18,26.03972375690608,7.09,32.26,2.1447513812154697,0.73,4.39,449.9599999999999,2.4859668508287287,0.0,32.39,269.97600000000006,1.491580110497238,0.0,19.434,15.67033430966249,5.886581039290359,19.398795049126264,0.35683568468702903,62,27,50,9,1244.1691729144945,6.873862833781738,1.830782601785132,11.77927040509788,184.9333716188281,1.0217313349106525,0.0,7.293363421022085,1059.2358012956663,5.852131498871085,0.0,11.77927040509788,1849.333716188281,10592.358012956664,12441.691729144944,974.1931729144944,0.14864005285199075,0.8513599471480091,8.0,3.0,3.0,24.0,10850.0,260400.0,231.16671452353512,1324.044751619583,1555.211466143118
Sonora,Huépac,34,Ures,142,Chile verde,2023,2024,29.931454,-110.254851,652.0,1366.277535257858,7.548494669932918,3.0359568187901265,11.268537234877764,24.768839779005525,6.3,34.0,33.2192817679558,12.67,44.65,16.31839779005525,-1.1,26.28,32.057955801104974,10.19,77.96,26.65917127071823,8.92,32.04,2.3314917127071824,0.85,4.12,138.94,0.7676243093922652,0.0,14.54,111.15200000000002,0.6140994475138123,0.0,11.632,15.964179189238543,6.996355987155378,18.979259941272847,0.10169236953294251,30,8,77,9,1366.7252444073995,7.550968201145854,1.8215740912740759,11.831964096621652,100.35670227190468,0.5544569186293076,0.0,7.9250781219270765,1266.3685421354949,6.996511282516546,0.0,11.831964096621652,1003.5670227190468,12663.685421354949,13667.252444073996,1255.5732444073994,0.07342858609114117,0.9265714139088589,8.33,3.0,3.0,24.99,10650.0,266143.5,120.47623321957344,1520.250350702875,1640.7265839224485
Sonora,Huépac,34,Ures,142,Pepino,2010,2011,29.931454,-110.254851,652.0,742.1794441494195,7.001692869334146,2.5367890769079295,10.804264311410419,27.387830188679246,21.5,32.894999999999996,34.09792452830188,23.62,41.29,20.677735849056607,13.43,25.36,49.63801886792453,10.11,89.62,26.131981132075474,11.68,32.23,1.9071698113207545,0.87,4.75,312.07,2.9440566037735847,0.0,30.23,187.24200000000002,1.7664339622641512,0.0,18.137999999999998,16.611263607913592,8.765937234080038,19.073375412096865,0.4204778271077694,43,19,47,0,645.4873647167643,6.089503440724192,2.5367890769079295,10.492818856682524,131.85648874801706,1.2439291391322365,0.0,6.542873836747296,513.6308759687471,4.845574301591954,0.0,10.408818856682524,1318.5648874801705,5136.308759687471,6454.873647167642,458.2453647167643,0.2042743141933922,0.7957256858066075,25.5,4.0,4.0,102.0,3972.0,405144.0,51.70842696000668,201.42387292892045,253.13229988892712
Sonora,Huépac,34,Ures,142,Sandía,2010,2011,29.931454,-110.254851,652.0,891.8130582902932,8.107391439002665,4.076549463897741,10.804264311410419,24.058999999999997,11.965,32.894999999999996,32.78963636363636,17.23,41.29,15.328363636363637,3.6,25.36,28.122272727272733,10.11,77.8,28.620090909090905,15.47,32.38,2.5830909090909087,1.14,5.28,57.73,0.5248181818181817,0.0,17.64,46.184000000000005,0.4198545454545455,0.0,14.112000000000002,16.95120933323296,11.03246632444975,19.073375412096865,0.06473329748128488,11,3,43,2,754.4666708306971,6.858787916642701,1.8392045218239337,10.804264311410419,32.74604089935306,0.2976912809032097,0.0,4.746586991534712,721.720629931344,6.56109663573949,0.0,10.804264311410419,327.4604089935306,7217.20629931344,7544.666708306971,708.2826708306972,0.04340289924709119,0.9565971007529087,20.0,3.0,3.0,60.0,2800.0,168000.0,16.37302044967653,360.860314965672,377.2333354153485
Sonora,Huépac,34,Ures,142,Sandía,2011,2012,29.931454,-110.254851,652.0,943.8388825752114,8.580353477956468,4.051444193418848,11.394520382778767,24.755863636363635,12.195,32.93,33.85454545454545,18.62,43.01,15.657181818181817,4.07,23.98,25.619,6.37,76.62,29.031909090909092,17.38,32.72,2.6851818181818183,1.12,6.67,95.69999999999999,0.8699999999999999,0.0,18.5,76.56000000000002,0.6960000000000002,0.0,14.8,17.007959091876398,10.806200343675009,19.588097208036988,0.10139442416155596,14,7,47,2,795.2758065088685,7.229780059171532,1.6764108238588158,11.394520382778767,56.56687699527956,0.5142443363207232,0.0,6.379437008836219,738.7089295135888,6.715535722850808,0.0,11.394520382778767,565.6687699527956,7387.089295135888,7952.758065088684,718.7158065088685,0.0711286279958634,0.9288713720041364,38.4,3.0,3.0,115.2,2700.0,311040.0,14.730957550854054,192.37211706083042,207.10307461168446
Sonora,Huépac,34,Ures,142,Sandía,2012,2013,29.931454,-110.254851,652.0,906.8454271988136,8.244049338171033,3.6273925078180964,10.970782075306916,24.902136363636366,13.16,31.55,33.69327272727273,20.45,41.31,16.111,2.56,23.37,27.810181818181817,6.43,77.05,28.706818181818186,13.32,32.48,2.431909090909091,1.08,4.49,149.01,1.3546363636363636,0.0,11.67,119.20800000000001,1.083709090909091,0.0,9.336,16.89625339361167,9.79400272982196,19.00954803882155,0.16431686760585226,27,17,49,2,769.6472586392787,6.996793260357079,2.2683096111479384,10.970782075306916,98.2651157797981,0.8933192343618008,0.0,8.440706750856041,671.3821428594806,6.103474025995278,0.0,10.970782075306916,982.6511577979809,6713.821428594806,7696.472586392787,650.4392586392787,0.12767552236011195,0.8723244776398881,36.8,4.0,4.0,147.2,2300.0,338560.0,26.70247711407557,182.44079969007626,209.14327680415184
Sonora,Huépac,34,Ures,142,Sandía,2013,2014,29.931454,-110.254851,652.0,917.2853160571625,8.338957418701478,3.8537265182967055,11.44047475446148,24.876409090909096,13.78,32.86,33.472818181818184,19.95,45.09,16.279999999999998,4.6,24.56,28.662727272727267,5.49,83.47,28.66781818181818,18.01,32.47,2.6172727272727268,0.97,5.58,158.60000000000002,1.441818181818182,0.0,26.56,126.88000000000001,1.1534545454545455,0.0,21.248,16.929746679265698,12.63897601239875,19.024116142004104,0.17290149228783308,17,10,36,1,774.6183986210931,7.0419854420099375,2.0197583739934184,11.44047475446148,58.87729466676997,0.5352481333342725,0.0,4.955961447856885,715.7411039543232,6.506737308675666,0.0,11.44047475446148,588.7729466676997,7157.411039543232,7746.183986210932,647.7383986210931,0.07600812835271936,0.9239918716472807,30.0,2.0,2.0,60.0,1850.0,111000.0,19.62576488892332,238.5803679847744,258.2061328736977
Sonora,Huépac,34,Ures,142,Sandía,2015,2016,29.931454,-110.254851,652.0,810.2829346601137,7.366208496910125,3.6676561842986826,10.818384758756704,23.654863636363643,13.515,32.335,31.519909090909096,17.94,42.28,15.789818181818182,4.93,23.55,38.800090909090905,13.64,80.11,27.49954545454546,8.35,32.35,2.4709090909090903,0.98,4.55,163.20000000000002,1.4836363636363639,0.0,19.26,130.56,1.186909090909091,0.0,15.408000000000001,16.924104706152967,6.905328766825755,19.763189595249607,0.20141112816161788,24,11,30,1,683.1560750670911,6.210509773337193,1.467062473719473,10.818384758756704,78.67075464603994,0.7151886786003631,0.0,5.7730660795810245,604.4853204210511,5.495321094736829,0.0,10.818384758756704,786.7075464603994,6044.853204210512,6831.560750670911,552.5960750670911,0.1151578058327504,0.8848421941672495,25.0,3.0,3.0,75.0,2500.0,187500.0,31.468301858415977,241.79412816842046,273.26243002683645
Sonora,Huépac,34,Ures,142,Avena forrajera en verde,2010,2011,29.931454,-110.254851,652.0,351.42713331502955,3.738586524627974,1.0040729564274185,7.8097934470946715,11.99207446808511,5.619999999999999,19.39,19.869574468085105,10.41,30.06,4.114574468085106,-2.08,10.44,49.65234042553191,22.95,91.62,18.675319148936172,5.65,27.59,2.4377659574468082,1.19,7.65,124.08000000000001,1.32,0.0,31.12,99.26400000000001,1.056,0.0,24.896,10.146621853986357,4.352832737631974,16.11416717136946,0.3530746155811796,15,8,0,61,348.70562815133337,3.7096343420354616,0.3124635157406077,8.981262464158872,29.947771868093284,0.31859331774567323,0.0,3.1889805090798267,318.75785628324013,3.391041024289789,0.0,8.981262464158872,299.47771868093287,3187.578562832401,3487.056281513334,249.44162815133336,0.08588267423976412,0.914117325760236,41.08,58.0,58.0,2382.76,504.0,1200909.02,7.290109997101579,77.59441486933791,84.88452486643949
Sonora,Huépac,34,Ures,142,Avena forrajera en verde,2011,2012,29.931454,-110.254851,652.0,692.8488981866985,4.4130503069216465,1.3831649219266748,8.304932030365846,14.7071974522293,-4.755,23.62,23.368407643312096,-0.64,34.09,6.045987261146497,-8.87,14.19,31.631464968152862,10.8,79.35,18.216687898089173,6.94,26.9,2.262229299363057,1.13,8.6,11.3,0.07197452229299363,0.0,6.41,9.04,0.0575796178343949,0.0,5.128,8.848714116996163,4.568653931526888,14.954372673037824,0.01630947242547977,3,1,0,56,634.1310333700051,4.039051167961816,1.0128183590161302,7.474438827329261,5.502639660215676,0.035048660256150804,0.0,2.2079999999999997,628.6283937097894,4.004002507705665,0.0,7.474438827329261,0.0,0.0,0.0,625.0910333700051,0.00867744893507676,0.9913225510649233,33.1,54.0,54.0,1787.4,375.0,670275.0,0.0,0.0,0.0
Sonora,Huépac,34,Ures,142,Avena forrajera en verde,2012,2013,29.931454,-110.254851,652.0,607.2567307526081,3.8433970300797977,0.9623830673703511,7.640047307715408,13.255063291139239,2.335,22.615000000000002,21.362405063291142,7.39,32.54,5.147721518987341,-2.86,15.09,42.14911392405063,11.99,90.88,17.348987341772155,2.71,28.61,2.2546835443037976,0.96,6.42,121.91999999999999,0.7716455696202531,0.0,42.76,97.536,0.6173164556962025,0.0,34.208,8.817525007247195,3.1267199454483254,15.371963763860425,0.20077175571013853,12,8,0,75,554.902456153445,3.5120408617306644,0.38007687881797325,6.876042576943867,17.7256544325547,0.11218768628199176,0.0,2.208321264636719,537.1768017208901,3.399853175448672,0.0,6.876042576943867,0.0,0.0,0.0,457.366456153445,0.031943730354751024,0.9680562696452487,40.0,58.0,58.0,2320.0,407.5,945400.0,0.0,0.0,0.0
Sonora,Huépac,34,Ures,142,Avena forrajera en verde,2013,2014,29.931454,-110.254851,652.0,640.3365183798295,4.078576550189997,1.4303285864203132,7.609562917889697,14.527675159235667,1.5400000000000005,23.395,22.726178343949044,8.55,33.31,6.329171974522294,-5.47,17.52,35.73828025477707,12.8,85.59,17.05,4.56,27.99,2.1508280254777072,1.03,4.61,50.33,0.3205732484076433,0.0,14.72,40.264,0.25645859872611465,0.0,11.776000000000002,8.556650172222211,3.776921778337538,15.059036049956532,0.07859929670627604,9,3,0,67,583.4176797943264,3.7160361770339265,0.7700019898469851,6.848606626100728,19.171620733457928,0.1221122339710696,0.0,2.8404577000542224,564.2460590608687,3.593923943062858,0.0,6.848606626100728,0.0,0.0,0.0,543.1536797943264,0.032860884058598536,0.9671391159414018,39.6,58.0,58.0,2296.8,386.0,886564.8,0.0,0.0,0.0
Sonora,Huépac,34,Ures,142,Avena forrajera en verde,2014,2015,29.931454,-110.254851,652.0,657.2580064214492,4.18635672879904,1.2232591621491036,7.984130044238984,15.738726114649682,5.2,23.075,23.710955414012737,9.1,32.41,7.766496815286624,0.12,15.4,37.76598726114649,11.64,87.4,16.9887898089172,5.6,27.85,2.193503184713376,1.04,4.61,43.83,0.279171974522293,0.0,8.26,35.064,0.2233375796178344,0.0,6.6080000000000005,8.59544104111997,4.156598108148954,15.604300239476816,0.06668614086367657,10,3,0,41,606.4826821371469,3.862947019981827,0.6518274514809849,7.185717039815086,17.31179482000138,0.11026620904459479,0.0,2.984,589.1708873171455,3.7526808109372323,0.0,7.185717039815086,0.0,0.0,0.0,571.4186821371469,0.028544582277267038,0.9714554177227329,40.4,52.0,52.0,2100.8,376.38,790699.1,0.0,0.0,0.0
Sonora,Huépac,34,Ures,142,Avena forrajera en verde,2015,2016,29.931454,-110.254851,652.0,584.5143936926306,3.723021615876628,1.0613935385358944,6.773485199314739,15.451656050955414,4.92,23.525,23.005541401273884,10.82,33.19,7.897770700636943,-3.23,16.34,47.45993630573249,23.94,88.75,16.414331210191083,3.05,26.78,2.1145222929936303,0.89,5.39,136.45999999999998,0.8691719745222929,0.0,28.23,109.168,0.6953375796178345,0.0,22.584000000000003,8.673778682698748,3.3457612128950442,15.643185048097706,0.2334587504987226,16,8,0,29,539.5620345730576,3.4367008571532334,0.805989598098365,6.476563533168505,33.040032502217,0.2104460668931019,0.0,3.170472046627148,506.52200207084064,3.2262547902601315,0.0,6.476563533168505,0.0,0.0,0.0,430.39403457305764,0.06123490976966305,0.9387650902303369,42.6,75.0,75.0,3195.0,363.16,1160296.2,0.0,0.0,0.0
Sonora,Huépac,34,Ures,142,Avena forrajera en verde,2016,2017,29.931454,-110.254851,652.0,630.1256398135404,3.988136960845192,1.4455110137539642,8.092125436672077,14.384968354430379,2.5650000000000004,21.720000000000002,22.732911392405065,8.83,32.34,6.037025316455695,-4.08,14.15,41.15658227848101,13.77,85.46,17.58740506329114,4.6,28.16,2.161139240506329,0.82,4.72,106.75,0.6756329113924051,0.0,14.24,85.4,0.540506329113924,0.0,11.392000000000001,8.934546768662761,3.9506233061247813,15.207513256577744,0.1694106591688417,18,8,0,54,583.3799568336914,3.6922782078081733,0.44039342200700676,7.28291289300487,30.63356526635209,0.19388332447058285,0.0,3.537219928375834,552.7463915673393,3.4983948833375904,0.0,7.28291289300487,0.0,0.0,0.0,497.9799568336914,0.05251048636058135,0.9474895136394187,42.5,82.0,82.0,3485.0,394.03,1373194.55,0.0,0.0,0.0
Sonora,Huépac,34,Ures,142,Avena forrajera en verde,2017,2018,29.931454,-110.254851,652.0,635.116297533815,4.045326735884172,1.0751568039375163,7.712258814304828,16.02248407643312,6.875,25.259999999999998,23.790891719745222,11.05,33.97,8.254076433121021,-1.12,18.15,42.75343949044586,18.06,87.27,16.935095541401274,3.27,27.76,2.181592356687898,1.14,5.64,99.93,0.6364968152866243,0.0,18.33,79.94400000000002,0.5091974522292995,0.0,14.664,8.770108299211909,3.3600983970325995,15.645111118164253,0.1573412623609765,12,7,0,32,573.7465556013285,3.6544366598810734,1.0753836900820677,6.941032932874346,23.444362323919915,0.14932714855999946,0.0,2.8256061590798898,550.3021932774086,3.505109511321074,0.0,6.941032932874346,0.0,0.0,0.0,493.8025556013285,0.04086187898653004,0.95913812101347,42.55,80.0,80.0,3404.0,398.65,1357004.6,0.0,0.0,0.0
Sonora,Huépac,34,Ures,142,Avena forrajera en verde,2018,2019,29.931454,-110.254851,652.0,663.5424113783321,4.226384785849249,1.0358830884448318,7.845767373624241,16.877324840764334,6.38,24.94,24.759872611464967,11.35,33.86,8.994777070063693,-1.94,17.31,36.61605095541401,14.6,89.17,16.6159872611465,4.44,27.88,2.1432484076433123,1.08,5.6,70.27000000000001,0.447579617834395,0.0,34.7,56.216,0.35806369426751594,0.0,27.760000000000005,8.424995962949625,3.7526042230770393,15.135526178993029,0.10590129401681025,9,3,0,27,612.8743610003266,3.9036583503205518,1.0703477500815959,7.19614024834193,16.382831474354468,0.1043492450595826,0.0,2.2199628692146476,596.4915295259722,3.7993091052609693,0.0,7.19614024834193,0.0,0.0,0.0,556.6583610003266,0.026731141840579845,0.9732688581594201,42.22,81.0,81.0,3419.98,429.69,1469531.21,0.0,0.0,0.0
Sonora,Huépac,34,Ures,142,Avena forrajera en verde,2019,2020,29.931454,-110.254851,652.0,540.4087470200061,3.442093930063733,0.883250744794917,6.782914838153832,13.777292993630573,4.015,21.355,21.149745222929937,7.92,30.2,6.40484076433121,-3.81,14.53,48.529936305732484,29.57,90.38,16.07910828025478,2.93,27.08,2.0363694267515924,0.81,6.27,141.63,0.9021019108280255,0.0,34.93,113.304,0.7216815286624204,0.0,27.944000000000003,8.554350484911618,3.254744356236189,15.645418968257028,0.2620793996784749,19,9,0,50,494.1204435353263,3.147263971562588,0.7488315302517119,6.1046233543384485,33.696379258461235,0.21462661948064482,0.0,3.635392828145444,460.42406427686507,2.9326373520819433,0.0,6.1046233543384485,0.0,0.0,0.0,380.81644353532624,0.06819466731101194,0.9318053326889881,41.9,83.0,83.0,3477.7,434.21,1510052.12,0.0,0.0,0.0
Sonora,Huépac,34,Ures,142,Avena forrajera en verde,2020,2021,29.931454,-110.254851,652.0,472.2231453309997,2.988754084373416,0.6831427771792279,5.872866953802039,13.395411392405066,2.8,22.205,20.18310126582279,9.25,29.81,6.607721518987342,-4.93,17.16,58.878544303797476,27.69,95.56,15.4026582278481,2.18,27.53,2.0196835443037977,0.82,5.81,363.27,2.2991772151898733,0.0,88.3,217.962,1.379506329113924,0.0,52.98,8.475100299830157,2.863685214857269,15.937625434249512,0.7692761432635196,27,16,0,56,424.31385699374783,2.6855307404667585,0.7533084728461826,5.285580258421835,40.25474204149256,0.254776848363877,0.0,2.1601065009135185,384.0591149522553,2.4307538921028815,0.0,5.285580258421835,0.0,0.0,0.0,206.35185699374784,0.09487020369001455,0.9051297963099855,40.8,92.0,80.0,3264.0,422.0,1377408.0,0.0,0.0,0.0
Sonora,Huépac,34,Ures,142,Avena forrajera en verde,2021,2022,29.931454,-110.254851,652.0,672.7848180307733,4.285253618030403,1.3962600672232655,8.835229723633454,14.779745222929936,3.18,26.005,23.267324840764328,7.41,35.72,6.292165605095541,-2.8,18.48,33.668598726114645,14.92,87.81,17.611656050955414,5.16,27.75,2.264904458598726,1.05,5.1,79.69,0.5075796178343949,0.0,23.0,63.75200000000001,0.406063694267516,0.0,18.400000000000002,8.652520427833354,4.1499765509048085,15.456088074385534,0.11844797603080717,8,3,1,64,617.7259983546571,3.9345604990742493,0.9213012706657248,7.951706751270108,17.30517453638675,0.11022404163303663,0.0,2.7375476325886163,600.4208238182704,3.8243364574412126,0.0,7.951706751270108,0.0,0.0,0.0,553.9739983546572,0.028014321207914052,0.971985678792086,40.84,95.0,95.0,3879.8,534.06,2072045.99,0.0,0.0,0.0
Sonora,Huépac,34,Ures,142,Avena forrajera en verde,2022,2023,29.931454,-110.254851,652.0,641.0280314278448,4.082981091897101,1.2843837719684417,8.034894850354231,15.239076433121019,4.52,23.115000000000002,23.40286624203822,12.5,33.37,7.075286624203821,-3.8,14.87,38.03764331210191,8.94,88.39,17.361337579617835,5.5,27.35,2.132420382165605,1.07,5.16,74.19,0.4725477707006369,0.0,35.99,59.352000000000004,0.37803821656050957,0.0,28.792,8.772548455555468,4.093366011613611,15.482414916326864,0.11573596841739822,8,4,0,55,580.544975957764,3.6977387003679234,0.8913139991004878,7.231405365318808,16.490747275489344,0.1050366068502506,0.0,3.3625834938166044,564.0542286822747,3.5927020935176732,0.0,7.231405365318808,0.0,0.0,0.0,521.192975957764,0.028405632566681768,0.9715943674333183,45.29,85.0,85.0,3850.0,665.29,2561366.5,0.0,0.0,0.0
Sonora,Huépac,34,Ures,142,Avena forrajera en verde,2023,2024,29.931454,-110.254851,652.0,564.4330474310838,3.5951149517903422,0.9947877000951213,8.003923051789702,13.293757961783438,4.0200000000000005,19.950000000000003,21.0443949044586,10.21,30.03,5.5431210191082805,-3.74,13.93,45.13847133757962,19.6,85.23,16.5143949044586,2.41,28.75,2.2122929936305735,1.01,5.03,75.14,0.4785987261146497,0.0,17.77,60.112,0.38287898089171973,0.0,14.216000000000001,8.597598659056917,3.2642154415032483,16.196264394538094,0.13312473524005425,11,4,0,70,522.4032143682477,3.327409008714954,0.7166079017464636,7.203530746610732,20.842274965869386,0.13275334373165215,0.0,2.1526021394708192,501.5609394023783,3.1946556649833013,0.0,7.203530746610732,0.0,0.0,0.0,462.2912143682477,0.039896911796521675,0.9601030882034782,45.74,115.0,115.0,5260.1,663.35,3489287.34,0.0,0.0,0.0
Sonora,Huépac,34,Ures,142,Cebada forrajera en verde,2010,2011,29.931454,-110.254851,652.0,351.42713331502955,3.738586524627974,1.0040729564274185,7.8097934470946715,11.99207446808511,5.619999999999999,19.39,19.869574468085105,10.41,30.06,4.114574468085106,-2.08,10.44,49.65234042553191,22.95,91.62,18.675319148936172,5.65,27.59,2.4377659574468082,1.19,7.65,124.08000000000001,1.32,0.0,31.12,99.26400000000001,1.056,0.0,24.896,10.146621853986357,4.352832737631974,16.11416717136946,0.3530746155811796,15,8,0,61,348.70562815133337,3.7096343420354616,0.3124635157406077,8.981262464158872,29.947771868093284,0.31859331774567323,0.0,3.1889805090798267,318.75785628324013,3.391041024289789,0.0,8.981262464158872,299.47771868093287,3187.578562832401,3487.056281513334,249.44162815133336,0.08588267423976412,0.914117325760236,37.8,93.0,93.0,3515.4,505.0,1775277.0,7.92269097039505,84.32747520720639,92.25016617760144
Sonora,Huépac,34,Ures,142,Cebada forrajera en verde,2011,2012,29.931454,-110.254851,652.0,692.8488981866985,4.4130503069216465,1.3831649219266748,8.304932030365846,14.7071974522293,-4.755,23.62,23.368407643312096,-0.64,34.09,6.045987261146497,-8.87,14.19,31.631464968152862,10.8,79.35,18.216687898089173,6.94,26.9,2.262229299363057,1.13,8.6,11.3,0.07197452229299363,0.0,6.41,9.04,0.0575796178343949,0.0,5.128,8.848714116996163,4.568653931526888,14.954372673037824,0.01630947242547977,3,1,0,56,634.1310333700051,4.039051167961816,1.0128183590161302,7.474438827329261,5.502639660215676,0.035048660256150804,0.0,2.2079999999999997,628.6283937097894,4.004002507705665,0.0,7.474438827329261,0.0,0.0,0.0,625.0910333700051,0.00867744893507676,0.9913225510649233,31.4,90.0,90.0,2826.0,376.0,1062576.0,0.0,0.0,0.0
Sonora,Huépac,34,Ures,142,Cebada forrajera en verde,2012,2013,29.931454,-110.254851,652.0,607.2567307526081,3.8433970300797977,0.9623830673703511,7.640047307715408,13.255063291139239,2.335,22.615000000000002,21.362405063291142,7.39,32.54,5.147721518987341,-2.86,15.09,42.14911392405063,11.99,90.88,17.348987341772155,2.71,28.61,2.2546835443037976,0.96,6.42,121.91999999999999,0.7716455696202531,0.0,42.76,97.536,0.6173164556962025,0.0,34.208,8.817525007247195,3.1267199454483254,15.371963763860425,0.20077175571013853,12,8,0,75,554.902456153445,3.5120408617306644,0.38007687881797325,6.876042576943867,17.7256544325547,0.11218768628199176,0.0,2.208321264636719,537.1768017208901,3.399853175448672,0.0,6.876042576943867,0.0,0.0,0.0,457.366456153445,0.031943730354751024,0.9680562696452487,37.0,85.0,85.0,3145.0,420.0,1320900.0,0.0,0.0,0.0
Sonora,Huépac,34,Ures,142,Cebada forrajera en verde,2013,2014,29.931454,-110.254851,652.0,640.3365183798295,4.078576550189997,1.4303285864203132,7.609562917889697,14.527675159235667,1.5400000000000005,23.395,22.726178343949044,8.55,33.31,6.329171974522294,-5.47,17.52,35.73828025477707,12.8,85.59,17.05,4.56,27.99,2.1508280254777072,1.03,4.61,50.33,0.3205732484076433,0.0,14.72,40.264,0.25645859872611465,0.0,11.776000000000002,8.556650172222211,3.776921778337538,15.059036049956532,0.07859929670627604,9,3,0,67,583.4176797943264,3.7160361770339265,0.7700019898469851,6.848606626100728,19.171620733457928,0.1221122339710696,0.0,2.8404577000542224,564.2460590608687,3.593923943062858,0.0,6.848606626100728,0.0,0.0,0.0,543.1536797943264,0.032860884058598536,0.9671391159414018,36.6,73.0,73.0,2671.8,395.0,1055361.0,0.0,0.0,0.0
Sonora,Huépac,34,Ures,142,Cebada forrajera en verde,2014,2015,29.931454,-110.254851,652.0,657.2580064214492,4.18635672879904,1.2232591621491036,7.984130044238984,15.738726114649682,5.2,23.075,23.710955414012737,9.1,32.41,7.766496815286624,0.12,15.4,37.76598726114649,11.64,87.4,16.9887898089172,5.6,27.85,2.193503184713376,1.04,4.61,43.83,0.279171974522293,0.0,8.26,35.064,0.2233375796178344,0.0,6.6080000000000005,8.59544104111997,4.156598108148954,15.604300239476816,0.06668614086367657,10,3,0,41,606.4826821371469,3.862947019981827,0.6518274514809849,7.185717039815086,17.31179482000138,0.11026620904459479,0.0,2.984,589.1708873171455,3.7526808109372323,0.0,7.185717039815086,0.0,0.0,0.0,571.4186821371469,0.028544582277267038,0.9714554177227329,37.2,62.0,62.0,2306.4,378.74,873525.94,0.0,0.0,0.0
Sonora,Huépac,34,Ures,142,Cebada forrajera en verde,2015,2016,29.931454,-110.254851,652.0,584.5143936926306,3.723021615876628,1.0613935385358944,6.773485199314739,15.451656050955414,4.92,23.525,23.005541401273884,10.82,33.19,7.897770700636943,-3.23,16.34,47.45993630573249,23.94,88.75,16.414331210191083,3.05,26.78,2.1145222929936303,0.89,5.39,136.45999999999998,0.8691719745222929,0.0,28.23,109.168,0.6953375796178345,0.0,22.584000000000003,8.673778682698748,3.3457612128950442,15.643185048097706,0.2334587504987226,16,8,0,29,539.5620345730576,3.4367008571532334,0.805989598098365,6.476563533168505,33.040032502217,0.2104460668931019,0.0,3.170472046627148,506.52200207084064,3.2262547902601315,0.0,6.476563533168505,0.0,0.0,0.0,430.39403457305764,0.06123490976966305,0.9387650902303369,39.6,50.0,50.0,1980.0,375.3,743094.0,0.0,0.0,0.0
Sonora,Huépac,34,Ures,142,Cebada forrajera en verde,2016,2017,29.931454,-110.254851,652.0,630.1256398135404,3.988136960845192,1.4455110137539642,8.092125436672077,14.384968354430379,2.5650000000000004,21.720000000000002,22.732911392405065,8.83,32.34,6.037025316455695,-4.08,14.15,41.15658227848101,13.77,85.46,17.58740506329114,4.6,28.16,2.161139240506329,0.82,4.72,106.75,0.6756329113924051,0.0,14.24,85.4,0.540506329113924,0.0,11.392000000000001,8.934546768662761,3.9506233061247813,15.207513256577744,0.1694106591688417,18,8,0,54,583.3799568336914,3.6922782078081733,0.44039342200700676,7.28291289300487,30.63356526635209,0.19388332447058285,0.0,3.537219928375834,552.7463915673393,3.4983948833375904,0.0,7.28291289300487,0.0,0.0,0.0,497.9799568336914,0.05251048636058135,0.9474895136394187,39.4,51.0,51.0,2009.4,398.51,800765.99,0.0,0.0,0.0
Sonora,Huépac,34,Ures,142,Cebada forrajera en verde,2017,2018,29.931454,-110.254851,652.0,635.116297533815,4.045326735884172,1.0751568039375163,7.712258814304828,16.02248407643312,6.875,25.259999999999998,23.790891719745222,11.05,33.97,8.254076433121021,-1.12,18.15,42.75343949044586,18.06,87.27,16.935095541401274,3.27,27.76,2.181592356687898,1.14,5.64,99.93,0.6364968152866243,0.0,18.33,79.94400000000002,0.5091974522292995,0.0,14.664,8.770108299211909,3.3600983970325995,15.645111118164253,0.1573412623609765,12,7,0,32,573.7465556013285,3.6544366598810734,1.0753836900820677,6.941032932874346,23.444362323919915,0.14932714855999946,0.0,2.8256061590798898,550.3021932774086,3.505109511321074,0.0,6.941032932874346,0.0,0.0,0.0,493.8025556013285,0.04086187898653004,0.95913812101347,40.0,55.0,55.0,2200.0,405.0,891000.0,0.0,0.0,0.0
Sonora,Huépac,34,Ures,142,Cebada forrajera en verde,2018,2019,29.931454,-110.254851,652.0,663.5424113783321,4.226384785849249,1.0358830884448318,7.845767373624241,16.877324840764334,6.38,24.94,24.759872611464967,11.35,33.86,8.994777070063693,-1.94,17.31,36.61605095541401,14.6,89.17,16.6159872611465,4.44,27.88,2.1432484076433123,1.08,5.6,70.27000000000001,0.447579617834395,0.0,34.7,56.216,0.35806369426751594,0.0,27.760000000000005,8.424995962949625,3.7526042230770393,15.135526178993029,0.10590129401681025,9,3,0,27,612.8743610003266,3.9036583503205518,1.0703477500815959,7.19614024834193,16.382831474354468,0.1043492450595826,0.0,2.2199628692146476,596.4915295259722,3.7993091052609693,0.0,7.19614024834193,0.0,0.0,0.0,556.6583610003266,0.026731141840579845,0.9732688581594201,40.45,53.0,53.0,2143.85,415.0,889697.75,0.0,0.0,0.0
Sonora,Huépac,34,Ures,142,Cebada forrajera en verde,2019,2020,29.931454,-110.254851,652.0,540.4087470200061,3.442093930063733,0.883250744794917,6.782914838153832,13.777292993630573,4.015,21.355,21.149745222929937,7.92,30.2,6.40484076433121,-3.81,14.53,48.529936305732484,29.57,90.38,16.07910828025478,2.93,27.08,2.0363694267515924,0.81,6.27,141.63,0.9021019108280255,0.0,34.93,113.304,0.7216815286624204,0.0,27.944000000000003,8.554350484911618,3.254744356236189,15.645418968257028,0.2620793996784749,19,9,0,50,494.1204435353263,3.147263971562588,0.7488315302517119,6.1046233543384485,33.696379258461235,0.21462661948064482,0.0,3.635392828145444,460.42406427686507,2.9326373520819433,0.0,6.1046233543384485,0.0,0.0,0.0,380.81644353532624,0.06819466731101194,0.9318053326889881,38.75,54.0,54.0,2092.5,426.0,891405.0,0.0,0.0,0.0
Sonora,Huépac,34,Ures,142,Cebada forrajera en verde,2022,2023,29.931454,-110.254851,652.0,641.0280314278448,4.082981091897101,1.2843837719684417,8.034894850354231,15.239076433121019,4.52,23.115000000000002,23.40286624203822,12.5,33.37,7.075286624203821,-3.8,14.87,38.03764331210191,8.94,88.39,17.361337579617835,5.5,27.35,2.132420382165605,1.07,5.16,74.19,0.4725477707006369,0.0,35.99,59.352000000000004,0.37803821656050957,0.0,28.792,8.772548455555468,4.093366011613611,15.482414916326864,0.11573596841739822,8,4,0,55,580.544975957764,3.6977387003679234,0.8913139991004878,7.231405365318808,16.490747275489344,0.1050366068502506,0.0,3.3625834938166044,564.0542286822747,3.5927020935176732,0.0,7.231405365318808,0.0,0.0,0.0,521.192975957764,0.028405632566681768,0.9715943674333183,45.0,25.0,25.0,1125.0,645.0,725625.0,0.0,0.0,0.0
Sonora,Huépac,34,Ures,142,Cebada forrajera en verde,2023,2024,29.931454,-110.254851,652.0,564.4330474310838,3.5951149517903422,0.9947877000951213,8.003923051789702,13.293757961783438,4.0200000000000005,19.950000000000003,21.0443949044586,10.21,30.03,5.5431210191082805,-3.74,13.93,45.13847133757962,19.6,85.23,16.5143949044586,2.41,28.75,2.2122929936305735,1.01,5.03,75.14,0.4785987261146497,0.0,17.77,60.112,0.38287898089171973,0.0,14.216000000000001,8.597598659056917,3.2642154415032483,16.196264394538094,0.13312473524005425,11,4,0,70,522.4032143682477,3.327409008714954,0.7166079017464636,7.203530746610732,20.842274965869386,0.13275334373165215,0.0,2.1526021394708192,501.5609394023783,3.1946556649833013,0.0,7.203530746610732,0.0,0.0,0.0,462.2912143682477,0.039896911796521675,0.9601030882034782,42.11,45.0,45.0,1894.95,681.98,1292318.0,0.0,0.0,0.0
Sonora,Huépac,34,Ures,142,Maíz grano,2010,2011,29.931454,-110.254851,652.0,1235.049630663239,7.222512460018941,2.5367890769079295,10.804264311410419,24.9240350877193,11.965,32.894999999999996,32.54116959064327,17.23,41.29,17.306900584795326,3.6,25.36,41.07222222222223,10.11,89.62,26.907543859649127,11.68,32.38,2.1879532163742694,0.87,5.28,317.30999999999995,1.855614035087719,0.0,30.23,190.38599999999997,1.1133684210526313,0.0,18.137999999999998,16.511730633545653,8.765937234080038,19.073375412096865,0.2569208492695148,45,19,59,2,1138.3427758137932,6.656975297156685,1.2229648391693222,12.965117173692503,120.12707404271168,0.7024975090217057,0.0,7.115440470741417,1018.2157017710815,5.954477788134979,0.0,12.965117173692503,1201.2707404271168,10182.157017710815,11383.427758137932,947.9567758137932,0.10552803302751554,0.8944719669724844,3.2,52.0,52.0,166.4,3100.0,515840.0,443.27333595096565,3757.2535120704115,4200.526848021377
Sonora,Huépac,34,Ures,142,Maíz grano,2011,2012,29.931454,-110.254851,652.0,1289.911050982158,7.543339479427825,3.1209441798496433,11.394520382778767,25.439210526315787,12.195,32.93,33.37070175438596,18.62,43.01,17.50771929824561,4.07,23.98,38.29461988304094,6.37,87.85,27.073859649122813,14.98,32.72,2.2540935672514624,0.88,6.67,293.21,1.7146783625730992,0.0,19.8,175.92600000000002,1.0288070175438597,0.0,11.88,16.46145939529191,10.716859432767759,19.588097208036988,0.22731024730483965,46,22,60,2,1160.3489698861845,6.785666490562482,1.2573081178941117,13.67342445933452,132.61076276260036,0.7755015366233939,0.0,7.89,1027.7382071235843,6.010164953939089,0.0,13.67342445933452,1326.1076276260037,10277.382071235843,11603.489698861846,984.4229698861844,0.11428524194372991,0.8857147580562702,3.65,66.0,66.0,240.9,3160.0,761244.0,438.38268681851366,3397.481676441601,3835.8643632601147
Sonora,Huépac,34,Ures,142,Maíz grano,2012,2013,29.931454,-110.254851,652.0,1229.3397080653785,7.189121099797536,3.285754076717758,10.970782075306916,25.10698830409357,13.16,31.55,32.68052631578948,20.45,41.31,17.533450292397664,2.56,23.37,41.342865497076026,6.43,86.88,26.59982456140351,13.32,32.48,2.0682456140350873,0.72,4.49,349.7199999999999,2.045146198830409,0.0,14.49,209.832,1.2270877192982457,0.0,8.693999999999999,16.235338869575507,9.79400272982196,19.00954803882155,0.28447791745892353,62,34,55,2,1106.4882009008043,6.470691233338036,1.7012322083609537,13.164938490368298,178.61081326880492,1.0445076799345316,0.0,7.002,927.8773876319995,5.426183553403505,0.0,13.164938490368298,1786.1081326880492,9278.773876319994,11064.882009008043,896.6562009008043,0.16142134468618452,0.8385786553138156,3.64,65.0,65.0,236.6,3070.0,726362.0,558.1587914650154,2899.616836349998,3457.775627815013
Sonora,Huépac,34,Ures,142,Maíz grano,2013,2014,29.931454,-110.254851,652.0,1260.0466509512294,7.368693865211868,2.4493923786390233,11.44047475446148,25.475906432748538,13.78,32.86,33.123450292397656,19.95,45.09,17.82836257309942,4.6,24.56,40.03514619883042,5.49,83.77,26.642163742690055,9.48,32.47,2.2192397660818712,0.97,5.58,337.03000000000003,1.97093567251462,0.0,26.56,202.21800000000002,1.182561403508772,0.0,15.935999999999998,16.284758195259673,7.196592746264014,19.024116142004104,0.267474223867482,45,20,48,1,1133.9554942169023,6.631318679631008,1.469635427183414,13.728569705353776,131.87284542373845,0.7711862305481781,0.0,7.929538316571016,1002.0826487931637,5.860132449082829,0.0,13.728569705353776,1318.7284542373845,10020.826487931638,11339.554942169023,931.7374942169022,0.11629455132611571,0.8837054486738842,3.7,65.0,65.0,240.5,3050.0,733525.0,483.0507158378698,3670.632413161772,4153.683128999642
Sonora,Huépac,34,Ures,142,Maíz grano,2014,2015,29.931454,-110.254851,652.0,1227.6559830246968,7.1792747545303905,1.6757258556400827,12.112200239211854,25.1940350877193,14.274999999999999,33.655,32.41812865497076,21.65,44.31,17.969941520467835,5.19,23.65,41.73058479532164,7.0,89.51,25.86111111111111,5.01,32.05,2.1643859649122805,0.58,4.83,414.0199999999999,2.421169590643274,0.0,44.19,248.41199999999998,1.4527017543859648,0.0,26.514,15.880631312756128,4.53183560645255,19.021673764161832,0.3372443141440472,55,27,50,0,1121.001994845779,6.555567221320346,1.0054355133840496,14.534640287054224,146.67763549334518,0.8577639502534806,0.0,7.415408104156199,974.3243593524339,5.697803271066865,0.0,14.534640287054224,1466.7763549334518,9743.24359352434,11210.019948457792,872.5899948457791,0.1308451155018009,0.8691548844981991,2.55,10.0,5.0,12.75,3170.0,40417.5,598.6842265034496,3976.8341198058524,4575.518346309302
Sonora,Huépac,34,Ures,142,Maíz grano,2015,2016,29.931454,-110.254851,652.0,1127.173757687924,6.591659401683766,2.0692059203599777,10.818384758756704,24.4466081871345,13.515,32.335,31.336900584795327,17.94,42.28,17.556315789473686,4.93,23.55,49.37157894736843,13.64,85.75,25.764502923976604,7.04,32.35,2.066842105263158,0.64,4.55,377.75,2.2090643274853803,0.0,21.07,226.65,1.325438596491228,0.0,12.642,16.281558815366857,5.815566697628668,19.763189595249607,0.3351302294109885,52,28,34,1,1020.2174948590336,5.966184180462185,1.1002968552896046,12.982061710508043,158.203527658359,0.9251668284114561,0.0,6.798,862.0139672006746,5.041017352050729,0.0,12.982061710508043,1582.03527658359,8620.139672006746,10202.174948590336,793.5674948590337,0.15506843242304763,0.8449315675769523,3.62,18.0,18.0,65.16,3325.0,216657.0,576.3334340923825,3140.3058914414373,3716.63932553382
Sonora,Huépac,34,Ures,142,Maíz grano,2016,2017,29.931454,-110.254851,652.0,1229.4057788016491,7.189507478372217,1.9321992337387544,10.833839581651914,25.2293567251462,13.879999999999999,32.42,32.89976608187135,21.74,43.96,17.55894736842105,4.86,25.01,40.926608187134505,9.63,85.89,26.819649122807018,6.52,32.57,2.1404093567251463,0.8,4.87,294.0,1.719298245614035,0.0,24.14,176.4,1.0315789473684212,0.0,14.484,16.52337635074319,5.496961615458216,19.00927885200192,0.23913992033336098,45,21,51,1,1106.7089868376156,6.4719823791673425,1.1593195402432526,13.000607497982296,129.36707290274293,0.7565325900745201,0.0,6.497407672030808,977.3419139348727,5.715449789092823,0.0,13.000607497982296,1293.6707290274294,9773.419139348727,11067.089868376157,930.3089868376156,0.11689348730455788,0.883106512695442,3.64,20.0,20.0,72.8,3380.0,246064.0,414.63805417545814,3132.506134406643,3547.1441885821014
Sonora,Huépac,34,Ures,142,Maíz grano,2017,2018,29.931454,-110.254851,652.0,1242.7189651334343,7.26736236920137,2.6413793713699953,11.132140092777266,25.68649122807017,14.12,34.69,33.34883040935672,19.83,44.53,18.024152046783627,5.94,26.29,40.26970760233918,5.43,88.9,26.538596491228073,10.29,32.59,2.112163742690059,0.7,4.88,267.36,1.5635087719298246,0.0,16.41,160.41600000000003,0.9381052631578949,0.0,9.846,16.194202409452064,7.720784377097216,19.303258298819973,0.21514116023110086,50,22,58,0,1098.605609816057,6.424594209450626,1.6953103915177186,13.358568111332719,140.7760572499915,0.8232517967835761,0.0,7.104,957.8295525660656,5.60134241266705,0.0,13.358568111332719,1407.760572499915,9578.295525660655,10986.05609816057,938.189609816057,0.12814066849118136,0.8718593315088187,3.65,18.5,18.5,67.52,3610.0,243747.2,586.566905208298,3990.956469025273,4577.52337423357
Sonora,Huépac,34,Ures,142,Maíz grano,2018,2019,29.931454,-110.254851,652.0,1258.666232276964,7.360621241385754,2.9717340389566758,11.263454590347772,26.155,16.39,32.82,33.473216374269015,23.11,42.51,18.836783625730995,6.28,25.87,40.39140350877193,6.81,83.93,26.469590643274856,7.59,32.56,2.1004678362573097,0.83,4.77,314.77000000000004,1.8407602339181288,0.0,25.73,188.86200000000002,1.1044561403508772,0.0,15.437999999999999,16.19826378835346,6.398428221408652,19.662163710716204,0.2500821837657247,52,19,71,0,1130.385585420172,6.610442020001006,1.7670469752761717,13.516145508417326,129.3032590690854,0.7561594097607334,0.0,7.386,1001.0823263510865,5.854282610240272,0.0,13.516145508417326,1293.0325906908542,10010.823263510865,11303.85585420172,941.5235854201719,0.11438863051409358,0.8856113694859064,4.29,15.0,15.0,64.35,4250.0,273487.5,402.18743100804176,3113.786396115355,3515.9738271233964
Sonora,Huépac,34,Ures,142,Maíz grano,2019,2020,29.931454,-110.254851,652.0,1213.1102896246257,7.0942122200270505,3.2661091317237414,11.056691200681492,24.979415204678364,14.36,34.155,32.21409356725147,19.4,42.59,17.744736842105265,6.11,26.28,43.610994152046786,11.74,83.74,26.731871345029237,13.47,32.63,2.152280701754386,0.86,4.45,272.88,1.5957894736842104,0.0,20.69,163.728,0.9574736842105264,0.0,12.414,16.5736831538553,9.666756156001009,19.205638906783058,0.22494244944904193,47,20,44,0,1105.6711012363508,6.4659128727271975,1.4372032208232495,13.26802944081779,122.64250737111969,0.7172076454451444,0.0,7.567121405324098,983.0285938652311,5.748705227282053,0.0,13.26802944081779,1226.425073711197,9830.28593865231,11056.711012363507,941.9431012363507,0.11092132844385824,0.8890786715561417,3.65,9.0,7.0,25.55,5235.0,133754.25,460.1970257828131,3688.662641145332,4148.859666928145
Sonora,Huépac,34,Ures,142,Maíz grano,2020,2021,29.931454,-110.254851,652.0,1264.336938259193,7.393783264673643,3.1002798661428472,10.919790964197913,26.315146198830405,12.965,32.745000000000005,34.17818713450292,19.93,42.14,18.452105263157897,5.37,24.29,40.6985380116959,12.62,83.17,26.864152046783627,12.78,32.73,2.1500584795321633,0.59,3.87,226.54000000000002,1.324795321637427,0.0,29.84,181.232,1.0598362573099416,0.0,23.872,16.6434572019551,9.36963497553764,19.242982331750582,0.179176921234234,47,18,86,0,1153.6934227728589,6.7467451624143795,1.3284606804313424,13.103749157037496,137.4092245383111,0.8035627165983105,0.0,9.440253483346456,1016.2841982345476,5.943182445816068,0.0,13.103749157037496,1374.0922453831108,10162.841982345475,11536.934227728587,972.4614227728589,0.11910375999895464,0.8808962400010452,3.87,15.0,15.0,58.0,5125.0,297250.0,710.1251914124604,5252.114719558385,5962.239910970846
Sonora,Huépac,34,Ures,142,Maíz grano,2021,2022,29.931454,-110.254851,652.0,1224.396520990842,7.160213573045859,2.4949387831675827,11.514792133296107,25.75020467836257,15.245000000000001,33.335,33.061052631578946,22.41,43.2,18.439356725146197,8.08,23.47,42.63818713450292,8.61,89.73,26.201520467836264,9.83,32.41,2.10812865497076,0.69,5.24,299.62,1.7521637426900585,0.0,19.95,179.772,1.051298245614035,0.0,11.969999999999999,16.15984732549201,7.66417289047331,19.005797359361985,0.24470830720552256,58,22,50,0,1094.172386858851,6.398668928999129,1.6141274226246565,13.817750559955327,138.16468570785426,0.8079806181745863,0.0,6.852499777771043,956.0077011509967,5.590688310824542,0.0,13.817750559955327,1381.6468570785426,9560.077011509968,10941.72386858851,914.4003868588511,0.1262732338772479,0.873726766122752,4.13,15.0,15.0,61.95,6000.0,371700.0,473.1667318762132,3273.9989765445093,3747.1657084207227
Sonora,Huépac,34,Ures,142,Maíz grano,2022,2023,29.931454,-110.254851,652.0,1174.986078563135,6.871263617328275,1.8534584139779287,11.218352766759885,25.25915204678363,16.935000000000002,31.990000000000002,32.502105263157894,23.8,42.16,18.01619883040936,6.2,23.44,46.44187134502925,2.8,91.18,25.744269005847954,7.09,32.26,2.0140935672514617,0.73,4.37,459.96,2.689824561403509,0.0,32.39,275.97599999999994,1.6138947368421048,0.0,19.434,15.946248232361068,5.886581039290359,19.398795049126264,0.3914599571787907,66,27,50,0,1054.483786633334,6.166571851656924,1.1120750483867572,13.462023320111863,175.6790185786318,1.0273626817463848,0.0,8.335272481168095,878.8047680547022,5.139209169910539,0.0,13.462023320111863,1756.790185786318,8788.047680547023,10544.83786633334,778.507786633334,0.16660191536896438,0.8333980846310357,8.0,2.0,2.0,16.0,9350.0,149600.0,219.59877322328975,1098.5059600683778,1318.1047332916676
Sonora,Huépac,34,Ures,142,Maíz grano,2023,2024,29.931454,-110.254851,652.0,1353.1854045974733,7.91336493916651,3.1681838336192505,11.268537234877764,26.947777777777777,13.01,34.0,35.31777777777778,21.18,44.65,18.57777777777778,2.17,26.28,31.935614035087724,10.19,77.96,27.1766081871345,8.92,32.04,2.254152046783626,0.85,4.05,165.04,0.9651461988304093,0.0,14.54,132.03199999999998,0.7721169590643274,0.0,11.632,16.4420895265605,6.996355987155378,18.979259941272847,0.12196407043652217,33,11,94,2,1211.88942199845,7.087072643265789,1.7751865350490628,13.522244681853316,109.83238411173686,0.6422946439282857,0.0,9.05723213934523,1102.0570378867133,6.4447779993375045,0.0,13.522244681853316,1098.3238411173686,11020.570378867133,12118.8942199845,1079.85742199845,0.09062904759958977,0.9093709524004103,9.0,2.0,2.0,18.0,9200.0,165600.0,122.03598234637428,1224.5078198741257,1346.5438022205
Sonora,Huépac,34,Ures,142,Sorgo grano,2010,2011,29.931454,-110.254851,652.0,1222.0880251901535,7.146713597603237,2.5367890769079295,10.804264311410419,22.68362573099415,8.525,32.894999999999996,30.86029239766082,16.02,41.29,14.506959064327486,0.19,25.36,37.16783625730994,10.11,89.62,27.019356725146196,11.68,32.38,2.391345029239766,0.87,5.28,252.26,1.475204678362573,0.0,30.23,151.35599999999997,0.8851228070175436,0.0,18.137999999999998,16.20586160536982,8.761276963334648,19.073375412096865,0.206417209562911,35,15,51,15,926.1176962084253,5.4158929602831885,0.8319079588903896,10.645694574086965,78.54457418900499,0.4593249952573391,0.0,3.6156048179501887,847.5731220194202,4.956567965025849,0.0,10.645694574086965,785.4457418900499,8475.731220194202,9261.176962084251,774.7616962084253,0.0848105748443968,0.9151894251556031,3.22,5.0,5.0,16.1,2000.0,32200.0,297.5173264735038,3210.5042500735613,3508.021576547065
Sonora,Huépac,34,Ures,142,Sorgo grano,2011,2012,29.931454,-110.254851,652.0,1305.5077236605086,7.634548091581922,3.1209441798496433,11.394520382778767,23.798918128654975,12.195,32.93,32.293040935672515,18.62,43.01,15.304795321637426,4.07,23.98,32.158596491228074,6.37,87.85,27.226023391812873,14.98,32.72,2.4085964912280704,0.91,6.67,253.91,1.4848538011695906,0.0,19.8,152.346,0.8909122807017544,0.0,11.88,16.04521706287375,10.716859432767759,19.588097208036988,0.19449138093803275,36,19,49,3,986.2424253853155,5.767499563656816,1.3674895832599012,10.946619023536698,93.27855022730589,0.5454885978205023,0.0,4.678253806479894,892.9638751580097,5.222010965836314,0.0,10.946619023536698,932.7855022730589,8929.638751580098,9862.424253853156,833.8964253853155,0.09457973803029499,0.9054202619697052,3.3,18.0,18.0,59.4,2200.0,130680.0,351.99452915964486,3369.6750005962635,3721.6695297559086
Sonora,Huépac,34,Ures,142,Sorgo grano,2012,2013,29.931454,-110.254851,652.0,1253.6775855642902,7.331447868797019,2.022853970262034,10.970782075306916,23.458216374269007,8.595,31.55,31.734385964912285,11.87,41.31,15.182046783625731,0.0,23.37,34.027602339181286,6.43,83.74,26.833274853801168,6.64,32.48,2.28672514619883,0.92,4.73,260.42999999999995,1.5229824561403507,0.0,14.49,156.258,0.9137894736842106,0.0,8.693999999999999,15.917124216698069,5.589004466191202,19.00954803882155,0.20773283577753235,46,26,55,12,964.1567228137387,5.6383434082674775,0.6068561910786101,10.94554251982212,113.73428970153958,0.6651128052721613,0.0,4.642388712970823,850.4224331121993,4.973230602995318,0.0,10.94554251982212,1137.342897015396,8504.224331121994,9641.56722813739,807.8987228137387,0.117962450512842,0.8820375494871582,3.32,18.0,18.0,59.76,3510.0,209757.6,424.3816779908194,3173.2180340007444,3597.5997119915637
Sonora,Huépac,34,Ures,142,Sorgo grano,2013,2014,29.931454,-110.254851,652.0,1287.844859255045,7.531256486871609,3.675603670298428,11.44047475446148,23.959766081871344,9.57,32.86,32.196432748538015,16.23,45.09,15.723099415204675,1.68,24.56,33.08245614035088,5.49,83.47,27.010584795321634,14.07,32.47,2.3884795321637426,0.97,5.58,215.23,1.258654970760234,0.0,26.56,172.18400000000003,1.0069239766081872,0.0,21.248,16.00891431816085,8.878887838916725,19.024116142004104,0.1671241675216221,30,12,43,6,974.1998092866695,5.697074908109179,1.1026811010895283,11.44047475446148,83.62314057998347,0.48902421391803197,0.0,4.329014853234823,890.5766687066862,5.208050694191147,0.0,11.44047475446148,836.2314057998346,8905.766687066862,9741.998092866696,802.0158092866695,0.0858377714539014,0.9141622285460987,3.2,15.0,15.0,48.0,2900.0,139200.0,327.93388462738613,3492.457524339946,3820.391408967332
Sonora,Huépac,34,Ures,142,Sorgo grano,2014,2015,29.931454,-110.254851,652.0,1261.0306040852565,7.3744479771067635,3.550038292937932,12.112200239211854,23.905701754385966,14.274999999999999,33.655,31.67812865497076,21.35,44.31,16.13327485380117,5.19,23.65,34.8306432748538,7.0,86.2,26.358479532163745,7.64,32.05,2.331988304093567,0.58,4.83,250.16,1.4629239766081872,0.0,18.51,150.096,0.8777543859649123,0.0,11.106,15.735747955242818,6.614809201436527,19.021673764161832,0.1983774217608814,39,19,47,0,963.4228832230858,5.634051948673016,1.0706629716711016,12.112200239211854,92.92826138538095,0.5434401250607073,0.0,3.5407866673814614,870.4946218377047,5.090611823612308,0.0,12.112200239211854,929.2826138538095,8704.946218377047,9634.228832230856,813.3268832230858,0.0964563568123832,0.9035436431876166,1.85,8.0,8.0,14.8,2760.0,40848.0,502.31492640746455,4705.376334257863,5207.691260665328
Sonora,Huépac,34,Ures,142,Sorgo grano,2015,2016,29.931454,-110.254851,652.0,1126.2250856695466,6.586111612102612,1.468761863905447,10.818384758756704,22.932251461988304,9.955,32.335,30.242923976608182,14.83,42.28,15.621578947368421,3.75,23.55,45.49795321637427,13.64,86.68,25.837251461988306,6.32,32.35,2.2204093567251464,0.64,4.76,372.45000000000005,2.178070175438597,0.0,21.07,223.46999999999997,1.3068421052631578,0.0,12.642,16.020232908641617,5.186979343495572,19.763189595249607,0.3307065388075392,48,26,34,2,853.6012874901387,4.9918203946791735,0.44062855917163407,10.818384758756704,119.03361530751522,0.6961030134942411,0.0,5.058,734.5676721826237,4.295717381184934,0.0,10.818384758756704,1190.3361530751522,7345.676721826238,8536.01287490139,630.1312874901387,0.1394487298133209,0.8605512701866793,2.4,12.0,12.0,28.8,3400.0,97920.0,573.6559773856154,3540.0851671451746,4113.74114453079
Sonora,Huépac,34,Ures,142,Sorgo grano,2016,2017,29.931454,-110.254851,652.0,1227.721402740456,7.179657325967579,1.9754504851578005,10.833839581651914,23.664269005847952,7.415,32.42,31.721929824561407,10.01,43.96,15.6066081871345,2.19,25.01,36.60169590643275,9.63,85.89,26.86251461988304,10.7,32.57,2.262046783625731,0.8,4.29,241.96999999999997,1.4150292397660817,0.0,17.9,193.576,1.1320233918128655,0.0,14.32,16.185331188953015,7.7847294495759645,19.00927885200192,0.19708868759629597,38,19,44,3,928.2276939914518,5.428232128604981,0.5926351455473401,10.711349139595537,104.75006522918464,0.6125734808724248,0.0,4.616,823.4776287622672,4.8156586477325565,0.0,10.695349139595537,1047.5006522918463,8234.776287622672,9282.276939914518,734.6516939914518,0.11284953671092397,0.887150463289076,2.5,18.0,18.0,45.0,3460.0,155700.0,457.4238656296272,3595.9721780011664,4053.3960436307934
Sonora,Huépac,34,Ures,142,Sorgo grano,2017,2018,29.931454,-110.254851,652.0,1245.8238170946784,7.285519398214493,2.6413793713699953,11.132140092777266,24.33038011695907,14.12,34.69,32.357602339181284,19.83,44.53,16.30315789473684,4.52,26.29,36.43584795321638,5.43,88.9,26.757368421052632,10.77,32.59,2.227485380116959,0.79,4.88,231.92000000000002,1.3562573099415205,0.0,16.41,185.536,1.0850058479532163,0.0,13.128,15.955307676449083,8.256891689561067,19.303258298819973,0.18615794369772823,40,20,46,1,948.0942137200007,5.544410606549712,1.1473413356754902,11.132140092777266,101.94271543418535,0.596156230609271,0.0,4.576948009296774,846.1514982858154,4.948254375940441,0.0,11.132140092777266,1019.4271543418535,8461.514982858154,9480.942137200007,762.5582137200006,0.10752382406617234,0.8924761759338278,2.12,9.0,9.0,19.08,3580.0,68306.4,605.0012785411593,5021.670612972198,5626.671891513357
Sonora,Huépac,34,Ures,142,Sorgo grano,2018,2019,29.931454,-110.254851,652.0,1269.0606822872883,7.421407498756071,2.9717340389566758,11.263454590347772,24.70461988304094,12.225000000000001,32.82,32.58146198830409,19.39,42.51,16.827777777777776,0.69,25.87,34.15953216374269,6.81,82.59,26.222105263157896,7.59,32.56,2.2792397660818713,0.85,4.77,228.33999999999997,1.3353216374269004,0.0,25.73,182.67200000000003,1.0682573099415207,0.0,20.584000000000003,15.66231723174581,6.398428221408652,19.662163710716204,0.179928354244221,39,15,65,1,976.9349977065347,5.7130701620265185,1.3417519604521801,11.263454590347772,91.67144685773623,0.5360903325013815,0.0,4.248674438841472,885.2635508487983,5.176979829525137,0.0,11.263454590347772,916.7144685773623,8852.635508487983,9769.349977065345,794.2629977065346,0.09383576908693549,0.9061642309130644,3.16,8.0,8.0,25.28,4110.0,103900.8,334.56732429830737,3230.8888717109426,3565.45619600925
Sonora,Huépac,34,Ures,142,Sorgo grano,2019,2020,29.931454,-110.254851,652.0,1196.2644548733037,6.995698566510549,1.914022245751378,11.056691200681492,23.169999999999998,9.635,34.155,30.803625730994153,12.76,42.59,15.536374269005849,2.38,26.28,39.68438596491229,11.74,83.74,26.465029239766086,4.35,32.63,2.271345029239766,0.86,4.45,253.06999999999996,1.4799415204678361,0.0,34.93,151.842,0.8879649122807018,0.0,20.958,16.117098207402652,4.408223313808016,19.205638906783058,0.21155021280541397,36,16,40,3,900.7063471023649,5.267288579545994,0.5742066737254133,9.624020196388887,73.70751842357407,0.4310381194361057,0.0,3.468263977440212,826.9988286787909,4.836250460109889,0.0,9.624020196388887,737.0751842357407,8269.98828678791,9007.06347102365,748.864347102365,0.0818330176762896,0.9181669823237104,1.32,4.0,4.0,5.28,4640.0,24499.2,558.3902910876824,6265.142641505991,6823.532932593674
Sonora,Huépac,34,Ures,142,Sorgo grano,2020,2021,29.931454,-110.254851,652.0,1200.9079840719342,7.022853708023007,1.0773961878223053,10.919790964197913,23.95964912280702,7.9399999999999995,32.745000000000005,31.773742690058477,11.41,42.14,16.145555555555553,0.96,24.29,41.36964912280702,12.62,87.58,26.372397660818717,3.44,32.73,2.2175438596491226,0.83,4.39,249.18,1.4571929824561405,0.0,27.45,199.344,1.1657543859649122,0.0,21.96,16.206138279559923,3.831807078654041,19.242982331750582,0.2074929997176821,44,17,72,6,907.00087009186,5.304098655507953,0.32321885634669156,9.862188605466146,108.88215491053333,0.6367377480148148,0.0,5.616,798.1187151813265,4.667360907493137,0.0,9.862188605466146,1088.8215491053334,7981.187151813265,9070.008700918599,707.6568700918599,0.1200463621380053,0.8799536378619945,0.0,2.0,0.0,0.0,0.0,0.0,,,
Sonora,Huépac,34,Ures,142,Sorgo grano,2021,2022,29.931454,-110.254851,652.0,1225.783713237979,7.168325808409235,2.4949387831675827,11.514792133296107,23.647485380116958,7.92,33.335,31.479766081871343,13.19,43.2,15.815204678362576,-1.7,23.47,37.063099415204675,8.61,84.73,26.28409356725146,9.83,32.41,2.321345029239766,0.69,5.24,225.72,1.32,0.0,19.95,180.576,1.056,0.0,15.96,15.775966091138407,7.66417289047331,19.005797359361985,0.18414341581007587,45,16,43,11,941.7188328502693,5.507127677486955,1.078674517124776,11.514792133296107,108.47738909161663,0.6343706964422026,0.0,4.708797866775637,833.2414437586528,4.872756981044754,0.0,11.514792133296107,1084.7738909161662,8332.414437586529,9417.188328502696,761.1428328502693,0.11519084604402749,0.8848091539559727,1.5,4.0,4.0,6.0,5050.0,30300.0,723.1825939441109,5554.94295839102,6278.12555233513
Sonora,Huépac,34,Ures,142,Sorgo forrajero en verde,2010,2011,29.931454,-110.254851,652.0,1104.9973645697187,7.317863341521316,2.773026529634632,10.804264311410419,22.130927152317884,8.525,32.894999999999996,30.645894039735104,16.02,41.29,13.61596026490066,0.19,25.36,33.52701986754967,10.11,88.33,27.29900662251656,13.87,32.38,2.5223841059602647,0.87,5.28,135.76000000000002,0.8990728476821194,0.0,21.01,108.608,0.7192582781456954,0.0,16.808000000000003,16.15703739442311,8.761276963334648,19.073375412096865,0.1228600215285259,23,7,45,15,982.4565965744232,6.506335076651809,0.8319079588903896,10.645694574086965,66.55050425497784,0.4407318162581314,0.0,5.379465257072673,915.9060923194456,6.065603260393679,0.0,10.645694574086965,665.5050425497784,9159.060923194456,9824.565965744234,873.8485965744233,0.06773887466074588,0.9322611253392544,47.8,125.0,125.0,5975.0,505.0,3017375.0,13.922699634932604,191.61215320490496,205.53485283983755
Sonora,Huépac,34,Ures,142,Sorgo forrajero en verde,2011,2012,29.931454,-110.254851,652.0,1197.1083189019805,7.92786966160252,4.051444193418848,11.394520382778767,23.457814569536424,12.195,32.93,32.383046357615896,18.62,43.01,14.532582781456954,4.07,23.98,27.671920529801326,6.37,78.45,27.77543046357616,17.38,32.72,2.545761589403974,0.91,6.67,137.06000000000003,0.9076821192052982,0.0,18.5,109.648,0.7261456953642383,0.0,14.8,16.119485972376026,10.806200343675009,19.588097208036988,0.11449256331767463,23,11,47,3,1047.4234390221002,6.936579066371524,1.3674895832599012,10.946619023536698,88.01297742792748,0.5828674001849502,0.0,7.230028610014381,959.4104615941727,6.353711666186574,0.0,10.946619023536698,880.1297742792748,9594.104615941727,10474.234390221001,937.7754390221002,0.08402807704026417,0.9159719229597358,49.2,145.0,145.0,7134.0,375.82,2681099.88,17.888816550391763,195.002126340279,212.89094289067077
Sonora,Huépac,34,Ures,142,Sorgo forrajero en verde,2012,2013,29.931454,-110.254851,652.0,1136.7441406306125,7.528106891593461,2.022853970262034,10.970782075306916,23.023841059602653,8.595,31.55,31.616821192052978,11.87,41.31,14.430860927152317,0.0,23.37,30.469668874172186,6.43,83.74,27.184834437086092,6.64,32.48,2.4033112582781455,1.08,4.73,204.44000000000003,1.353907284768212,0.0,11.67,163.552,1.0831258278145695,0.0,9.336,15.906099312510323,5.589004466191202,19.00954803882155,0.17984697936211597,35,22,49,12,1008.2035245969109,6.676844533754377,0.6068561910786101,10.94554251982212,129.30644023984092,0.8563340413234498,0.0,7.1746007382276344,878.8970843570702,5.8205104924309286,0.0,10.94554251982212,1293.0644023984091,8788.970843570702,10082.035245969111,844.6515245969109,0.12825430291124884,0.8717456970887514,48.4,147.0,147.0,7114.8,372.0,2646705.6,26.716206661124158,181.59030668534507,208.30651334646922
Sonora,Huépac,34,Ures,142,Sorgo forrajero en verde,2013,2014,29.931454,-110.254851,652.0,1164.1430942114403,7.709556915307552,3.675603670298428,11.44047475446148,23.4778476821192,9.57,32.86,31.952781456953648,16.23,45.09,15.002913907284766,1.68,24.56,30.28701986754967,5.49,83.47,27.363443708609267,14.07,32.47,2.503509933774834,0.97,5.58,179.8,1.190728476821192,0.0,26.56,143.83999999999997,0.9525827814569535,0.0,21.248,16.012263780075426,8.878887838916725,19.024116142004104,0.1544483671243111,22,11,36,6,1023.4884398881206,6.778069138331925,1.1026811010895283,11.44047475446148,76.14065932244371,0.5042427769698259,0.0,5.616756307571136,947.3477805656771,6.2738263613621,0.0,11.44047475446148,761.4065932244371,9473.47780565677,10234.884398881208,879.6484398881207,0.07439327730049085,0.9256067226995094,48.5,145.0,145.0,7032.5,370.0,2602025.0,15.699105014936848,195.32943929189216,211.02854430682902
Sonora,Huépac,34,Ures,142,Sorgo forrajero en verde,2014,2015,29.931454,-110.254851,652.0,1155.5682115213854,7.6527696127244065,3.5688765722370053,12.112200239211854,23.692417218543046,14.274999999999999,33.655,31.830529801324502,21.35,44.31,15.554304635761591,5.19,23.65,30.34781456953642,7.0,82.63,26.771125827814572,7.64,32.05,2.465364238410596,0.58,4.83,145.62,0.9643708609271523,0.0,16.05,116.49600000000001,0.771496688741722,0.0,12.840000000000002,15.75419040961491,6.614809201436527,19.021673764161832,0.12601592753082158,22,11,46,0,1021.0486322853346,6.7619114720883085,1.0706629716711016,12.112200239211854,81.8598828931861,0.5421184297561993,0.0,5.472124849589531,939.1887493921487,6.21979304233211,0.0,12.112200239211854,818.5988289318609,9391.887493921487,10210.486322853349,904.5526322853347,0.0801723642780515,0.9198276357219487,40.0,70.0,70.0,2800.0,373.0,1044400.0,20.464970723296524,234.7971873480372,255.26215807133372
Sonora,Huépac,34,Ures,142,Sorgo forrajero en verde,2015,2016,29.931454,-110.254851,652.0,1013.635217776219,6.7128160117630395,1.468761863905447,10.818384758756704,22.45198675496689,9.955,32.335,30.0446357615894,14.83,42.28,14.85933774834437,3.75,23.55,42.629933774834434,13.64,86.68,26.030728476821196,6.32,32.35,2.334966887417218,0.89,4.76,265.62000000000006,1.7590728476821196,0.0,19.41,159.372,1.0554437086092716,0.0,11.645999999999999,15.977858002568441,5.186979343495572,19.763189595249607,0.26204693300094195,37,17,30,2,900.6975854951104,5.964884672153049,0.44062855917163407,10.818384758756704,100.62362663367234,0.6663816333355784,0.0,5.3427689775274025,800.0739588614381,5.298503038817471,0.0,10.818384758756704,1006.2362663367235,8000.73958861438,9006.975854951104,741.3255854951103,0.11171743796599597,0.8882825620340041,47.0,155.0,155.0,7285.0,384.5,2801082.5,21.40928226248348,170.22850188541236,191.63778414789584
Sonora,Huépac,34,Ures,142,Sorgo forrajero en verde,2016,2017,29.931454,-110.254851,652.0,1114.6065670655116,7.381500444142461,1.9754504851578005,10.833839581651914,23.39109271523179,7.415,32.42,31.782913907284765,10.01,43.96,14.99927152317881,2.19,25.01,32.645894039735104,9.63,76.83,27.211192052980127,10.7,32.57,2.3509933774834435,0.91,4.29,167.11,1.1066887417218545,0.0,13.76,133.688,0.8853509933774834,0.0,11.008000000000001,16.19925687907207,7.7847294495759645,19.00927885200192,0.1499273420216427,27,14,42,3,980.7476000969154,6.495017219184871,0.5926351455473401,10.711349139595537,93.87806609441822,0.6217090469829021,0.0,5.017831724413403,886.8695340024972,5.873308172201968,0.0,10.695349139595537,938.7806609441822,8868.695340024971,9807.476000969153,847.0596000969155,0.09572092359455316,0.9042790764054468,49.0,165.0,165.0,8085.0,406.48,3286390.8,19.15878899886086,180.9937824494892,200.15257144835007
Sonora,Huépac,34,Ures,142,Sorgo forrajero en verde,2017,2018,29.931454,-110.254851,652.0,1128.9399391475722,7.476423438063392,2.6413793713699953,11.132140092777266,24.036192052980134,14.12,34.69,32.373907284768215,19.83,44.53,15.698476821192052,4.52,26.29,32.73344370860927,5.43,88.9,26.96456953642384,10.77,32.59,2.3443708609271523,0.79,4.88,181.22999999999996,1.2001986754966885,0.0,12.74,144.98400000000004,0.9601589403973513,0.0,10.192,15.850469768248782,8.256891689561067,19.303258298819973,0.16053112633860855,30,17,46,1,994.8637748273546,6.588501820048706,1.1473413356754902,11.132140092777266,103.07867314701276,0.6826402195166408,0.0,7.073465105276832,891.785101680342,5.9058616005320665,0.0,11.132140092777266,1030.7867314701277,8917.851016803419,9948.637748273546,849.8797748273546,0.10361084176062266,0.8963891582393775,47.62,158.0,158.0,7523.96,398.34,2997094.23,21.646088439103902,187.2711259303532,208.9172143694571
Sonora,Huépac,34,Ures,142,Sorgo forrajero en verde,2018,2019,29.931454,-110.254851,652.0,1162.860327968252,7.701061774624185,2.9717340389566758,11.263454590347772,24.489205298013246,12.225000000000001,32.82,32.76278145695365,19.39,42.51,16.21562913907285,0.69,25.87,29.669602649006627,6.81,79.93,26.70721854304636,7.59,32.56,2.405695364238411,0.85,4.77,151.23000000000005,1.0015231788079473,0.0,25.73,120.984,0.8012185430463575,0.0,20.584000000000003,15.717903929825075,6.398428221408652,19.662163710716204,0.13005001233830799,25,9,60,1,1032.3030818155694,6.836444250434234,1.3417519604521801,11.263454590347772,73.25297803776493,0.4851190598527479,0.0,6.566133223664092,959.0501037778043,6.351325190581486,0.0,11.263454590347772,732.5297803776493,9590.501037778044,10323.030818155694,911.3190818155693,0.0709607278406365,0.9290392721593634,47.19,158.5,158.5,7479.77,672.76,5032092.76,20.154898345787572,263.8740139710564,284.02891231684396
Sonora,Huépac,34,Ures,142,Sorgo forrajero en verde,2019,2020,29.931454,-110.254851,652.0,1082.609859063831,7.16960171565451,1.914022245751378,11.056691200681492,22.684900662251653,9.635,34.155,30.652847682119212,12.76,42.59,14.716953642384105,2.38,26.28,36.0812582781457,11.74,80.19,26.765099337748335,4.35,32.63,2.3922516556291393,0.86,4.45,184.85,1.2241721854304635,0.0,34.93,147.88,0.9793377483443708,0.0,27.944000000000003,16.100865830997463,4.408223313808016,19.205638906783058,0.1707447964309562,25,11,34,3,963.2322260576734,6.379021364620354,0.5742066737254133,9.624020196388887,71.59281802241219,0.4741246226649814,0.0,5.360044328771236,891.6394080352611,5.904896741955372,0.0,9.624020196388887,715.9281802241219,8916.394080352611,9632.322260576733,815.3522260576734,0.0743256050676668,0.9256743949323331,39.72,78.0,45.0,1787.4,686.0,1226156.4,22.541819276578146,280.74288666097647,303.28470593755463
Sonora,Huépac,34,Ures,142,Sorgo forrajero en verde,2020,2021,29.931454,-110.254851,652.0,1065.2352712777774,7.054538220382632,1.0773961878223053,10.919790964197913,23.17745033112583,7.9399999999999995,32.745000000000005,31.078079470198674,11.41,42.14,15.276821192052978,0.96,24.29,39.87178807947019,12.62,87.58,26.434569536423837,3.44,32.73,2.3133774834437086,0.83,4.39,206.23000000000002,1.3657615894039736,0.0,27.45,164.984,1.0926092715231788,0.0,21.96,16.091628120774175,3.831807078654041,19.242982331750582,0.19360042383183743,34,13,56,6,956.2440052425416,6.332741756573123,0.32321885634669156,9.862188605466146,92.87821101171252,0.6150874901437915,0.0,6.686846217370407,863.3657942308291,5.717654266429332,0.0,9.862188605466146,928.7821101171253,8633.657942308291,9562.440052425416,791.2600052425415,0.09712814982631437,0.9028718501736858,42.9,105.0,105.0,4504.0,750.0,3378000.0,43.299865273525654,402.50153577194834,445.801401045474
Sonora,Huépac,34,Ures,142,Sorgo forrajero en verde,2021,2022,29.931454,-110.254851,652.0,1120.182667763856,7.418428263336795,2.4949387831675827,11.514792133296107,23.33162251655629,7.92,33.335,31.528741721854306,13.19,43.2,15.134503311258278,-1.7,23.47,32.60622516556292,8.61,84.73,26.720529801324503,9.83,32.41,2.44251655629139,0.69,5.24,148.56,0.983841059602649,0.0,19.95,118.84800000000003,0.7870728476821194,0.0,15.96,15.803442456865502,7.66417289047331,19.005797359361985,0.13262122712232297,29,10,40,11,991.9773377899936,6.56938634298009,1.078674517124776,11.514792133296107,84.0159035713193,0.556396712392843,0.0,5.872,907.9614342186743,6.0129896305872474,0.0,11.514792133296107,840.159035713193,9079.614342186744,9919.773377899937,873.1293377899935,0.0846953860442988,0.9153046139557012,43.33,105.0,105.0,4549.65,800.58,3642358.8,26.357930532178603,284.85064602938803,311.20857656156664
Sonora,Huépac,34,Ures,142,Sorgo forrajero en verde,2022,2023,29.931454,-110.254851,652.0,1124.1050359215703,7.444404211401128,3.0513043363085535,11.218352766759885,23.70480132450331,10.595,31.990000000000002,32.18039735099337,19.34,42.16,15.229205298013243,0.66,23.44,31.64470198675497,2.8,80.59,27.033245033112586,10.46,32.26,2.293841059602649,0.73,4.39,208.81000000000003,1.3828476821192055,0.0,22.27,167.048,1.1062781456953643,0.0,17.816,15.919958867162144,7.062948794950051,19.398795049126264,0.1857566627026203,35,11,50,9,993.5777463952018,6.579985075464912,0.915391300892566,11.218352766759885,114.7294716244508,0.7597978253274887,0.0,5.904151340827402,878.848274770751,5.820187250137423,0.0,11.218352766759885,1147.294716244508,8788.48274770751,9935.777463952018,826.5297463952018,0.11547105603029119,0.8845289439697088,44.55,110.0,110.0,4900.5,865.07,4239275.54,35.09619811087513,268.8431553290765,303.9393534399517
Sonora,Huépac,34,Ures,142,Sorgo forrajero en verde,2023,2024,29.931454,-110.254851,652.0,1168.4062704109538,7.737789870271217,3.0359568187901265,11.268537234877764,23.78738410596026,6.3,34.0,32.51562913907285,12.67,44.65,15.059139072847682,-1.1,26.28,28.847218543046353,10.19,65.41,27.191059602649002,10.08,32.04,2.467284768211921,1.22,4.12,77.71999999999998,0.5147019867549668,0.0,12.23,62.176,0.4117615894039735,0.0,9.784,16.034383393198436,7.239647134914102,18.979259941272847,0.0665179586657509,17,4,54,9,1034.9201232168882,6.8537756504429685,0.9107870456370379,9.73544950728797,55.390712403755806,0.3668259099586477,0.0,6.415539432036204,979.5294108131325,6.486949740484321,0.0,9.73544950728797,553.9071240375581,9795.294108131326,10349.201232168884,972.7441232168882,0.05352172709868892,0.9464782729013111,42.32,80.0,80.0,3385.6,949.62,3215033.47,17.83632664748215,315.41761739273306,333.25394404021523
Sonora,Huépac,34,Ures,142,Trigo grano,2010,2011,29.931454,-110.254851,652.0,451.12916637511313,4.1387996915148,1.0040729564274185,7.8097934470946715,12.947201834862387,5.619999999999999,21.169999999999998,21.006605504587164,10.41,31.2,4.887798165137614,-2.08,13.06,46.87412844036698,22.84,91.62,19.790000000000006,5.65,29.01,2.4217431192660546,1.19,7.65,124.45,1.141743119266055,0.0,31.12,99.56000000000002,0.9133944954128442,0.0,24.896,10.884050307877978,4.352832737631974,16.779857572189993,0.27586334308635685,15,8,0,61,442.97029002097156,4.0639476148712985,0.3124635157406077,8.981262464158872,23.70768922754956,0.21750173603256479,0.0,3.1889805090798267,419.26260079342194,3.8464458788387335,0.0,8.981262464158872,237.07689227549562,4192.626007934219,4429.702900209715,343.41029002097156,0.05351981783344244,0.9464801821665574,5.9,37.0,37.0,218.3,2750.0,600325.0,40.18252411449078,710.6145776159693,750.7971017304601
Sonora,Huépac,34,Ures,142,Trigo grano,2011,2012,29.931454,-110.254851,652.0,805.0024973292998,4.680247077495929,1.3831649219266748,9.713357460004982,15.094447674418603,-4.755,23.995,23.811686046511625,-0.64,34.56,6.377209302325582,-8.87,14.19,31.100988372093024,10.11,79.35,18.984418604651164,6.94,29.49,2.3370348837209303,1.13,8.6,14.05,0.0816860465116279,0.0,6.41,11.239999999999998,0.06534883720930232,0.0,5.128,9.410988042800199,4.568653931526888,16.721285891357137,0.017453362003984705,4,1,0,58,621.1529809518327,3.611354540417632,0.7908934224917185,8.532888477532932,6.550396425127436,0.03808370014608974,0.0,2.2079999999999997,614.6025845267051,3.573270840271541,0.0,8.532888477532932,0.0,0.0,0.0,609.9129809518327,0.010545544537337392,0.9894544554626624,4.5,19.0,19.0,85.5,3485.0,297967.5,0.0,0.0,0.0
Sonora,Huépac,34,Ures,142,Trigo grano,2012,2013,29.931454,-110.254851,652.0,717.0000829567335,4.144509150038922,0.9623830673703511,8.88139845365759,13.796560693641618,2.335,23.23,21.997341040462427,7.39,33.35,5.59578034682081,-2.86,15.09,40.276936416184974,9.54,90.88,18.263815028901732,2.71,29.75,2.2810982658959538,0.96,6.42,121.98,0.7050867052023122,0.0,42.76,97.584,0.5640693641618497,0.0,34.208,9.398008844828585,3.1267199454483254,17.03576051523124,0.17012550332907106,12,8,0,76,534.4019082016576,3.089028371107848,0.38007687881797325,8.417739604853912,15.577218988366143,0.0900417282564517,0.0,2.665579970254963,518.8246892132914,2.9989866428513956,0.0,8.417739604853912,0.0,0.0,0.0,436.81790820165764,0.02914888354494432,0.9708511164550555,5.09,23.0,23.0,117.0,3450.0,403650.0,0.0,0.0,0.0
Sonora,Huépac,34,Ures,142,Trigo grano,2013,2014,29.931454,-110.254851,652.0,746.8927527902117,4.342399725524487,1.4303285864203132,9.037959104293105,14.83470930232558,1.5400000000000005,23.47,23.100930232558138,8.55,33.31,6.568488372093023,-5.47,17.52,35.073662790697675,7.7,85.59,18.001918604651163,4.56,30.91,2.233313953488372,1.03,5.58,51.37,0.29866279069767443,0.0,14.72,41.096000000000004,0.23893023255813955,0.0,11.776000000000002,9.198130377044846,3.776921778337538,17.073142802335376,0.0687782814977037,9,3,0,68,558.1257581400536,3.2449171984886833,0.7700019898469851,8.750997355573151,20.4581807167213,0.1189429111437285,0.0,2.8404577000542224,537.6675774233323,3.125974287344955,0.0,8.750997355573151,0.0,0.0,0.0,517.0297581400536,0.036655145221926165,0.963344854778074,4.6,54.0,54.0,248.3,3658.01,908284.0,0.0,0.0,0.0
Sonora,Huépac,34,Ures,142,Trigo grano,2014,2015,29.931454,-110.254851,652.0,762.9803962997133,4.4359325366262405,1.2232591621491036,8.632260374007545,16.17031976744186,5.2,24.450000000000003,24.226976744186047,9.1,35.17,8.113662790697674,0.12,17.33,36.22406976744187,7.0,87.4,17.674593023255813,5.6,29.3,2.205116279069767,1.04,4.61,44.949999999999996,0.26133720930232557,0.0,8.26,35.96,0.20906976744186048,0.0,6.6080000000000005,9.070587167146051,4.156598108148954,16.26094249402322,0.05891370239392465,10,3,1,41,595.5934083979346,3.4627523744065964,0.48638022672844883,8.2093763971633,15.414163991745637,0.08961723251014905,0.0,2.984,580.179244406189,3.373135141896448,0.0,8.2093763971633,0.0,0.0,0.0,559.6334083979345,0.025880346851399255,0.9741196531486008,2.55,13.0,13.0,33.2,3300.0,109560.0,0.0,0.0,0.0
Sonora,Huépac,34,Ures,142,Trigo grano,2015,2016,29.931454,-110.254851,652.0,679.9976302748303,3.953474594621106,1.0613935385358944,7.502353822315788,15.76438953488372,4.92,23.525,23.397034883720924,10.82,33.19,8.131744186046511,-3.23,16.34,46.328197674418604,23.94,88.75,17.211279069767443,3.05,30.22,2.1345930232558143,0.89,5.39,154.63000000000002,0.8990116279069769,0.0,28.23,123.70400000000001,0.7192093023255814,0.0,22.584000000000003,9.232978842087537,3.3457612128950442,17.159575303075336,0.22739785128001727,18,10,0,30,513.1280934005076,2.9833028686076024,0.7615050745151297,7.775806709121842,38.33218328251062,0.22286153071227105,0.0,3.6799999999999997,474.7959101179969,2.760441337895331,0.0,7.775806709121842,0.0,0.0,0.0,389.4240934005076,0.07470295190521077,0.9252970480947891,4.22,10.0,10.0,42.2,4100.0,173020.0,0.0,0.0,0.0
Sonora,Huépac,34,Ures,142,Alfalfa achicalada,2010,2011,29.931454,-110.254851,652.0,244.9396222405506,3.2228897663230343,1.0040729564274185,6.115311380023172,11.073092105263157,5.619999999999999,16.294999999999998,18.605526315789472,10.41,27.4,3.540657894736842,-2.08,8.58,53.095131578947374,25.52,91.62,17.040394736842103,5.65,25.78,2.3932894736842103,1.19,7.65,122.99000000000001,1.6182894736842106,0.0,31.12,98.392,1.2946315789473684,0.0,24.896,9.111443050412499,4.352832737631974,14.417464385505038,0.5021237432921891,14,8,0,58,208.1338945336118,2.7386038754422604,0.9538693086060475,5.503780242020855,25.71814788674878,0.3383966827203787,0.0,2.5025390718945606,182.41574664686306,2.4002071927218824,0.0,5.503780242020855,257.18147886748784,1824.1574664686304,2081.3389453361183,109.7418945336118,0.12356539978449078,0.8764346002155095,12.4,175.0,175.0,2170.0,2220.0,4817400.0,20.740441844152244,147.1094731023089,167.84991494646113
Sonora,Huépac,34,Ures,142,Alfalfa achicalada,2011,2012,29.931454,-110.254851,652.0,339.7513359513623,4.470412315149504,2.276011029752642,7.41990302394168,13.65625,-4.755,20.785,22.584605263157897,-0.64,31.72,4.727894736842106,-8.87,11.94,29.00171052631579,10.8,57.76,18.75236842105263,9.01,25.06,2.3389473684210524,1.3,8.6,3.8899999999999997,0.05118421052631578,0.0,2.76,3.112,0.040947368421052635,0.0,2.2079999999999997,9.102301820240555,4.997688564774101,13.13306254134632,0.011449550269191228,2,0,0,40,299.3826202849584,3.939245003749453,0.9104044119010569,6.6779127215475125,3.112,0.040947368421052635,0.0,2.2079999999999997,296.27062028495845,3.898297635328401,0.2979433565149008,6.6779127215475125,31.12,2962.7062028495848,2993.8262028495847,296.2706202849584,0.010394724974475592,0.9896052750255245,11.4,178.0,178.0,2029.2,2256.0,4577875.2,2.729824561403509,259.8865090218934,262.6163335832969
Sonora,Huépac,34,Ures,142,Alfalfa achicalada,2012,2013,29.931454,-110.254851,652.0,309.12497461784415,4.014610059972002,1.6165794267428604,7.319773569438184,13.302077922077919,7.260000000000001,20.905,21.893506493506493,11.97,30.24,4.710649350649351,-0.65,11.57,38.727272727272734,16.17,69.37,18.33675324675325,5.92,25.94,2.171038961038961,0.96,4.73,11.919999999999998,0.15480519480519478,0.0,5.61,9.536000000000001,0.12384415584415587,0.0,4.488,9.307198010303884,4.723245063981005,13.75943301226396,0.03856045605741206,3,1,0,42,267.3870474428735,3.4725590576996557,1.000840452158848,6.587796212494366,5.4497513003989475,0.07077599091427204,0.0,2.2020008449932305,261.93729614247457,3.401783066785384,0.0,6.587796212494366,54.497513003989475,2619.372961424746,2673.870474428735,257.8510474428735,0.02038150820137715,0.9796184917986229,12.3,193.0,193.0,2373.9,1876.51,4454647.09,4.430692114145486,212.95715133534517,217.38784344949065
Sonora,Huépac,34,Ures,142,Alfalfa achicalada,2013,2014,29.931454,-110.254851,652.0,295.66625568062216,3.8903454694818707,1.4925752232029144,7.609562917889697,11.99263157894737,1.5400000000000005,21.985,20.480394736842104,8.55,33.31,3.504868421052631,-5.47,13.56,38.21144736842105,13.75,85.59,17.604342105263157,6.29,25.18,2.311315789473684,1.1,4.61,24.83,0.32671052631578945,0.0,11.34,19.864,0.2613684210526316,0.0,9.072000000000001,8.966759295488083,5.08473388162038,13.322785061531885,0.08397982361173233,5,1,0,49,258.66075494518765,3.40343098612089,0.8362020654372788,6.848606626100728,9.442568633976885,0.1242443241312748,0.0,2.309398509406584,249.2181863112108,3.2791866619896157,0.0,6.848606626100728,94.42568633976884,2492.1818631121077,2586.6075494518764,238.79675494518764,0.03650560996768854,0.9634943900323115,11.0,195.0,195.0,2145.0,2630.0,5641350.0,8.58415330361535,226.56198755564617,235.14614085926152
Sonora,Huépac,34,Ures,142,Alfalfa achicalada,2014,2015,29.931454,-110.254851,652.0,335.42952569204965,4.413546390684864,2.2928402040041744,7.138588171446349,16.052763157894734,9.925,22.134999999999998,24.49578947368421,16.42,32.41,7.609736842105265,1.44,12.96,30.992236842105267,11.64,59.4,17.78986842105263,6.52,25.72,2.033421052631579,1.1,4.61,6.199999999999999,0.08157894736842104,0.0,3.73,4.960000000000001,0.06526315789473686,0.0,2.984,8.842050493818629,4.429247932025153,13.340379060818327,0.018483763429019306,2,0,0,18,294.11186971501087,3.8698930225659325,0.9171360816016698,6.424729354301714,4.960000000000001,0.06526315789473686,0.0,2.984,289.15186971501083,3.8046298646711953,0.627951365949249,6.424729354301714,49.60000000000001,2891.5186971501084,2941.1186971501083,289.1518697150109,0.016864331265535635,0.9831356687344642,13.1,200.0,200.0,2620.0,2127.82,5574888.4,3.7862595419847334,220.72661810306172,224.51287764504644
Sonora,Huépac,34,Ures,142,Alfalfa achicalada,2015,2016,29.931454,-110.254851,652.0,277.3722945509917,3.6496354546183114,1.0613935385358944,6.761571051410298,14.854078947368421,4.92,19.35,22.374605263157896,10.82,28.91,7.333552631578947,-3.23,13.05,48.84644736842105,26.96,88.75,16.505131578947367,3.05,24.09,2.1677631578947367,0.89,5.39,99.15,1.3046052631578948,0.0,28.23,79.32000000000001,1.043684210526316,0.0,22.584000000000003,8.859452636816169,3.3457612128950442,13.530692242145598,0.35746180115250276,9,6,0,14,242.42946716231407,3.1898614100304483,0.7982566577793555,6.085413946269268,17.94393772728596,0.23610444378007842,0.0,2.874688473031365,224.48552943502813,2.95375696625037,0.0,6.085413946269268,179.4393772728596,2244.8552943502814,2424.294671623141,163.10946716231405,0.07401714790418581,0.9259828520958142,12.58,206.0,206.0,2591.5,2473.16,6409194.14,14.26386146843081,178.4463668004993,192.7102282689301
Sonora,Huépac,34,Ures,142,Alfalfa achicalada,2016,2017,29.931454,-110.254851,652.0,326.3855144611025,4.238772915079253,1.4921481210952854,6.228323544299216,14.467207792207791,4.745,21.37,23.27935064935065,9.7,31.65,5.655064935064934,-4.08,14.15,37.88506493506494,19.77,85.46,18.347402597402596,9.55,25.53,2.223246753246753,1.24,4.72,53.09,0.6894805194805195,0.0,13.45,42.472,0.5515844155844156,0.0,10.76,9.263988929445496,5.606633719440216,13.534642792151985,0.16266040509689067,8,5,0,32,291.2963509160602,3.783069492416366,0.5968592484381142,5.605491189869294,8.399041941779661,0.10907846677635923,0.0,2.1331634941445445,282.8973089742805,3.6739910256400066,0.0,5.605491189869294,83.9904194177966,2828.9730897428053,2912.963509160602,248.82435091606018,0.02883332357362734,0.9711666764263727,12.45,202.0,202.0,2514.9,2688.91,6762339.76,6.746218427132257,227.22675419620927,233.97297262334152
Sonora,Huépac,34,Ures,142,Alfalfa achicalada,2017,2018,29.931454,-110.254851,652.0,291.0391903279385,3.82946303063077,1.0751568039375163,6.48151623057594,14.856776315789475,6.875,24.075,22.626315789473683,11.05,32.74,7.087236842105262,-1.12,15.68,46.526842105263164,25.39,86.35,17.192894736842106,4.19,24.77,2.2035526315789475,1.14,5.64,67.63,0.8898684210526315,0.0,16.8,54.104,0.7118947368421052,0.0,13.440000000000001,9.082382291970925,4.069304589844303,13.559147469268076,0.23237420336345613,8,5,0,22,253.7631815823043,3.338989231346109,0.4300627215750066,5.833364607518346,11.588586903058712,0.15248140661919357,0.0,2.0270297227027596,242.1745946792456,3.1865078247269154,0.0,5.833364607518346,115.88586903058712,2421.745946792456,2537.631815823043,199.6591815823043,0.045666935726450635,0.9543330642735494,12.7,205.0,205.0,2603.5,2795.83,7278943.41,9.124871577211584,190.68865722775246,199.81352880496405
Sonora,Huépac,34,Ures,142,Alfalfa achicalada,2018,2019,29.931454,-110.254851,652.0,312.97778189254404,4.118128709112422,1.4225130382085114,6.257513259427766,15.418552631578947,7.7299999999999995,21.355,23.324078947368424,11.35,30.05,7.513026315789474,-0.21,14.03,39.0471052631579,22.78,87.52,16.998815789473685,6.38,24.3,2.2609210526315793,1.21,4.54,28.06,0.36921052631578943,0.0,10.1,22.448,0.29536842105263156,0.0,8.08,8.750075677535639,4.884352832879629,13.719028237928889,0.08965492639868589,5,2,0,17,274.01694450260516,3.6054861118763837,1.0161080186756994,5.944637596456377,10.146780336140765,0.13351026758079954,0.0,2.3432941397265723,263.8701641664644,3.471975844295584,0.0,5.944637596456377,101.46780336140765,2638.701641664644,2740.1694450260516,251.56894450260515,0.037029755056057476,0.9629702449439426,11.8,210.0,210.0,2478.0,3014.07,7468865.46,8.598966386559969,223.61878319191896,232.21774957847893
Sonora,Huépac,34,Ures,142,Alfalfa achicalada,2019,2020,29.931454,-110.254851,652.0,246.93785336097037,3.2491822810653996,0.883250744794917,5.691359766221374,12.617039473684212,4.015,20.405,19.882368421052632,7.92,28.27,5.351710526315788,-3.81,12.54,50.853815789473686,30.14,90.38,15.572763157894734,2.93,25.01,2.143684210526316,0.96,4.71,113.82999999999998,1.4977631578947366,0.0,34.93,91.06400000000001,1.1982105263157896,0.0,27.944000000000003,8.468554722792044,3.254744356236189,14.114563514991637,0.4609661842066994,13,5,0,32,217.74698015658848,2.865091844165638,0.35330029791796685,5.122223789599237,21.218928061430923,0.2791964218609332,0.0,3.635392828145444,196.52805209515762,2.5858954223047057,0.0,5.122223789599237,212.1892806143092,1965.2805209515761,2177.4698015658855,126.68298015658847,0.09744763415856214,0.9025523658414382,12.96,208.0,208.0,2695.68,3173.05,8553527.42,16.37262967703003,151.64201550552283,168.01464518255287
Sonora,Huépac,34,Ures,142,Alfalfa achicalada,2020,2021,29.931454,-110.254851,652.0,231.37484402997808,3.0048681042854297,1.0773961878223053,5.626354706394447,12.448246753246753,2.8,18.29,19.566753246753244,10.53,25.92,5.329740259740259,-4.93,14.5,57.958311688311674,32.82,87.58,15.897142857142859,3.24,24.88,1.987272727272727,0.99,5.03,99.94,1.297922077922078,0.0,26.22,79.952,1.0383376623376623,0.0,20.976,8.730876828095347,3.439357670248061,14.344849319469281,0.4319397833372554,12,6,0,37,201.3951424778251,2.615521330880845,0.7293865216629989,5.063719235755002,22.811515101015047,0.2962534428703253,0.0,2.4480000000000004,178.58362737681003,2.3192678880105198,0.0,5.063719235755002,228.11515101015047,1785.8362737681002,2013.9514247782506,121.44314247782509,0.11326745432068573,0.8867325456793143,13.38,210.0,210.0,2810.0,3356.37,9431399.7,17.04896494844174,133.47057352526906,150.5195384737108
Sonora,Huépac,34,Ures,142,Alfalfa achicalada,2021,2022,29.931454,-110.254851,652.0,304.1230784545866,4.001619453349824,1.3962600672232655,6.3043221989224,13.05888157894737,3.18,18.86,21.478157894736842,7.41,28.97,4.639605263157894,-2.8,12.4,38.075657894736835,16.35,87.81,17.812763157894732,5.16,25.8,2.2685526315789475,1.05,3.84,55.580000000000005,0.7313157894736843,0.0,23.0,44.464,0.5850526315789474,0.0,18.400000000000002,9.023921413719206,4.1499765509048085,14.038315118170779,0.18275495658676072,6,2,0,39,263.90541762625793,3.472439705608657,0.7988895961034947,5.67388997903016,9.809933741050424,0.12907807554013714,0.0,2.7840000000000003,254.09548388520759,3.3433616300685207,0.0,5.67388997903016,98.09933741050423,2540.9548388520757,2639.05417626258,219.44141762625793,0.037172157469473485,0.9628278425305268,13.41,208.0,208.0,2789.28,3516.62,9808837.83,7.315386831506654,189.48209089128082,196.79747772278748
Sonora,Huépac,34,Ures,142,Alfalfa achicalada,2022,2023,29.931454,-110.254851,652.0,307.35237076097496,4.0441101415917755,1.6839270818561356,8.034894850354231,13.17217105263158,4.52,21.07,21.769342105263156,12.5,31.05,4.575,-3.8,12.69,38.2078947368421,13.99,75.23,18.25815789473684,6.24,25.51,2.2564473684210524,1.07,5.16,3.04,0.04,0.0,0.93,2.4320000000000004,0.03200000000000001,0.0,0.7440000000000001,9.245906995523342,4.729944803714462,13.400862664605656,0.009890927447454697,0,0,0,47,268.7585797684372,3.536297102216279,0.6735708327424543,7.231405365318808,2.4320000000000004,0.03200000000000001,0.0,0.7440000000000001,266.32657976843717,3.5042971022162788,0.23357083274245427,7.231405365318808,24.320000000000004,2663.2657976843716,2687.5857976843718,266.32657976843717,0.009049013438363215,0.9909509865616367,13.83,200.0,200.0,2765.0,3433.93,9494816.45,1.758496023138106,192.57164119192853,194.33013721506663
Sonora,Huépac,34,Ures,142,Alfalfa achicalada,2023,2024,29.931454,-110.254851,652.0,271.37131397474565,3.5706751838782322,0.9947877000951213,6.075440413762258,12.447434210526316,4.0200000000000005,19.87,20.14907894736842,10.21,29.07,4.74578947368421,-3.74,12.36,45.11868421052632,25.27,85.23,16.219473684210524,2.41,24.31,2.4206578947368422,1.11,5.03,72.04,0.9478947368421053,0.0,17.77,57.632000000000005,0.7583157894736843,0.0,14.216000000000001,8.559893904835093,3.2642154415032483,13.578479853406112,0.2654665260850091,10,4,0,40,236.4653548315766,3.1113862477839027,0.7487311789463721,5.771668393074145,16.40583158328515,0.21586620504322565,0.0,2.2138069729111,220.0595232482914,2.8955200427406766,0.0,5.771668393074145,164.0583158328515,2200.595232482914,2364.6535483157654,178.8333548315766,0.0693794302128118,0.930620569787188,13.97,200.0,200.0,2794.0,3376.88,9435002.72,11.743616022394523,157.5229228692136,169.26653889160812
Sonora,Huépac,34,Ures,142,Pastos y praderas,2010,2011,29.931454,-110.254851,652.0,1591.4007103260687,6.495513103371709,1.673690533698616,10.804264311410419,23.148326530612245,8.525,32.894999999999996,30.835755102040817,16.02,41.29,15.460897959183674,0.19,25.36,43.184979591836736,10.11,89.62,25.13983673469388,5.15,32.38,2.1762040816326533,0.87,5.28,367.09000000000003,1.498326530612245,0.0,30.23,220.25399999999996,0.8989959183673468,0.0,18.137999999999998,15.179534958863838,4.57019760573325,19.073375412096865,0.23067100424052558,56,22,63,15,1336.2342380909345,5.454017298330345,1.1092106118538527,9.183624664698856,143.99862426188108,0.5877494867831881,0.0,5.5614427612352015,1192.2356138290536,4.866267811547157,0.0,9.183624664698856,1439.9862426188108,11922.356138290535,13362.342380909346,1115.9802380909346,0.1077645072675361,0.892235492732464,46.4,130.0,130.0,6032.0,643.5,3881592.0,31.03418626333644,256.94733056660635,287.9815168299428
Sonora,Huépac,34,Ures,142,Pastos y praderas,2011,2012,29.931454,-110.254851,652.0,1729.0431027164507,7.057318786597758,3.1209441798496433,11.394520382778767,24.29451020408163,12.195,32.93,32.57,18.62,43.01,16.019020408163268,4.07,23.98,35.39922448979593,6.37,87.85,25.608693877551016,14.98,32.72,2.1906938775510207,0.88,6.67,299.98999999999995,1.2244489795918365,0.0,19.8,179.99399999999997,0.7346693877551019,0.0,11.88,15.087640387084448,8.353073408717112,19.588097208036988,0.17350059089255448,48,22,70,3,1441.996087476466,5.8856983162304735,1.8233194443465353,9.685342325361951,142.3926127669618,0.5811943378243339,0.0,6.238489902916814,1299.6034747095043,5.3045039784061405,0.0,9.685342325361951,1423.926127669618,12996.034747095044,14419.960874764662,1262.0020874764662,0.09874687872153169,0.9012531212784683,40.4,121.0,121.0,4888.4,454.0,2219333.6,35.24569622944599,321.6840283934417,356.92972462288765
Sonora,Huépac,34,Ures,142,Pastos y praderas,2012,2013,29.931454,-110.254851,652.0,1628.4118295824667,6.646578896254966,2.022853970262034,10.970782075306916,23.605775510204083,8.595,31.55,31.46791836734694,11.87,41.31,15.743632653061223,0.0,23.37,39.43795918367346,6.43,86.88,24.98028571428571,6.64,32.48,2.077020408163265,0.72,4.73,352.16,1.4373877551020409,0.0,14.49,211.29600000000005,0.8624326530612247,0.0,8.693999999999999,14.866602522957674,5.589004466191202,19.00954803882155,0.21625978981637323,63,34,57,12,1358.5887021170242,5.545260008640915,1.7194258747227287,9.325164764010879,184.5893610198679,0.7534259633463997,0.0,7.002,1173.9993410971565,4.791834045294516,0.0,9.325164764010879,1845.8936101986792,11739.993410971565,13585.887021170245,1147.2927021170242,0.13586846462967864,0.8641315353703215,43.8,184.0,184.0,8059.2,458.0,3691113.6,42.14368973056345,268.0363792459262,310.1800689764896
Sonora,Huépac,34,Ures,142,Pastos y praderas,2013,2014,29.931454,-110.254851,652.0,1665.6822181245968,6.798702931120803,2.050556400007318,11.44047475446148,23.82114285714286,9.57,32.86,31.725142857142856,16.23,45.09,15.917142857142856,1.68,24.56,38.71151020408163,5.49,83.77,25.181061224489795,8.24,32.47,2.179836734693877,0.81,5.58,343.86,1.4035102040816327,0.0,26.56,206.316,0.8421061224489796,0.0,15.935999999999998,14.979567488500756,6.059902132836034,19.024116142004104,0.20643793651537828,47,20,48,6,1392.43307359125,5.6834003003724485,1.4702414681193714,9.724403541292258,133.82794317334006,0.5462365027483268,0.0,5.616756307571136,1258.6051304179098,5.137163797624122,0.0,9.724403541292258,1338.2794317334005,12586.051304179098,13924.3307359125,1186.11707359125,0.0961108621387324,0.9038891378612676,44.2,174.0,174.0,7690.8,454.0,3491623.2,30.277815197588247,284.7522919497533,315.0301071473416
Sonora,Huépac,34,Ures,142,Pastos y praderas,2014,2015,29.931454,-110.254851,652.0,1599.4562252900066,6.528392756285741,1.6757258556400827,12.112200239211854,23.82761224489796,14.274999999999999,33.655,31.130000000000003,21.35,44.31,16.52522448979592,5.19,23.65,43.39367346938776,7.0,89.51,24.47383673469388,5.01,32.05,2.081387755102041,0.58,4.83,444.74,1.815265306122449,0.0,44.19,266.844,1.0891591836734693,0.0,26.514,14.76714101301018,4.53183560645255,19.021673764161832,0.27805700022791285,65,28,50,0,1337.6357715686208,5.459737843137228,1.4243669772940704,10.295370203330075,167.94190994473195,0.6854771834478856,0.0,5.252580740443975,1169.6938616238888,4.774260659689342,0.0,10.295370203330075,1679.4190994473195,11696.938616238887,13376.357715686207,1070.7917715686208,0.125551299923588,0.874448700076412,45.4,153.0,153.0,6946.2,455.7,3165383.34,36.99161011998501,257.64181974094464,294.63342986092965
Sonora,Huépac,34,Ures,142,Pastos y praderas,2015,2016,29.931454,-110.254851,652.0,1450.6566545604007,5.921047569634289,1.468761863905447,10.818384758756704,23.13461224489796,9.955,32.335,29.96579591836734,14.83,42.28,16.303428571428572,3.75,23.55,51.247142857142855,13.64,90.85,23.804816326530613,4.51,32.35,2.0278775510204077,0.64,4.76,529.0500000000001,2.159387755102041,0.0,34.75,317.43,1.2956326530612245,0.0,20.849999999999998,14.82503840076895,4.271715117760659,19.763189595249607,0.36469691042110897,70,34,36,2,1216.1650646518701,4.963939039395388,0.5875047455621788,9.195627044943198,193.3656409052491,0.789247513898976,0.0,5.3427689775274025,1022.7994237466212,4.174691525496413,0.0,9.195627044943198,1933.6564090524912,10227.994237466211,12161.650646518703,898.7350646518701,0.15899621402181985,0.8410037859781803,47.1,135.0,135.0,6358.5,433.42,2755901.07,41.054276200689834,217.15486703749917,258.20914323818903
Sonora,Huépac,34,Ures,142,Pastos y praderas,2016,2017,29.931454,-110.254851,652.0,1629.7863017796888,6.652188986855872,1.9321992337387544,10.833839581651914,24.19522448979592,7.415,32.42,32.03061224489795,10.01,43.96,16.35983673469388,2.19,25.01,39.702163265306126,9.63,85.89,25.186204081632656,6.52,32.57,2.0749795918367346,0.8,4.87,318.41999999999996,1.299673469387755,0.0,24.14,191.052,0.779804081632653,0.0,14.484,15.126427973369276,5.496961615458216,19.00927885200192,0.1953753075800752,51,22,52,3,1362.0171646505464,5.5592537332675365,0.7901801940631202,9.208763644404126,134.8139771947125,0.5502611314069897,0.0,5.017831724413403,1227.2031874558338,5.008992601860546,0.0,9.208763644404126,1348.139771947125,12272.031874558339,13620.171646505463,1170.9651646505465,0.09898111469784729,0.9010188853021526,47.0,176.0,176.0,8272.0,445.33,3683769.76,28.683824935045212,261.1070611608157,289.7908860958609
Sonora,Huépac,34,Ures,142,Pastos y praderas,2017,2018,29.931454,-110.254851,652.0,1679.4492171498619,6.854894763876987,2.6413793713699953,11.132140092777266,24.792183673469385,14.12,34.69,32.700040816326535,19.83,44.53,16.884326530612245,4.52,26.29,38.475632653061226,5.43,88.9,25.22595918367347,10.29,32.59,2.1058367346938773,0.7,4.88,271.32,1.1074285714285714,0.0,16.41,162.792,0.6644571428571429,0.0,9.846,14.989577121155934,7.720784377097216,19.303258298819973,0.16155296464423513,51,22,69,1,1404.9067332663608,5.734313197005554,1.5297884475673205,9.462319078860677,137.27909082895255,0.5603228197100104,0.0,7.073465105276832,1267.6276424374082,5.173990377295544,0.0,9.462319078860677,1372.7909082895255,12676.276424374082,14049.067332663608,1242.1147332663609,0.09771402441056232,0.9022859755894377,47.35,175.0,175.0,8286.25,450.0,3728812.5,28.992416225755555,267.7143912222615,296.70680744801706
Sonora,Huépac,34,Ures,142,Pastos y praderas,2018,2019,29.931454,-110.254851,652.0,1604.479771290295,6.548897025674673,1.2036049446377772,11.263454590347772,24.29816326530612,12.225000000000001,32.82,31.57930612244898,19.14,42.51,17.017020408163265,0.69,25.87,43.35783673469387,6.81,88.5,24.443551020408165,3.16,32.56,2.0434285714285716,0.79,4.77,429.6700000000001,1.7537551020408166,0.0,41.51,257.802,1.0522530612244898,0.0,24.906,14.785807854050988,3.5042436538392168,19.662163710716204,0.2677939651769289,60,24,71,1,1340.528794579454,5.471546100324302,1.0230642029421106,9.573936401795606,147.83626314899078,0.6034133189754726,0.0,6.566133223664092,1192.692531430463,4.868132781348829,0.0,9.573936401795606,1478.362631489908,11926.92531430463,13405.287945794538,1082.7267945794538,0.11028204970067015,0.8897179502993298,47.85,178.0,178.0,8517.3,461.0,3926475.3,30.895770773038826,249.25653739403614,280.152308167075
Sonora,Huépac,34,Ures,142,Pastos y praderas,2019,2020,29.931454,-110.254851,652.0,1554.5932220901884,6.3452784575109735,1.914022245751378,11.056691200681492,23.419428571428572,9.635,34.155,30.73510204081633,12.76,42.59,16.103755102040818,2.38,26.28,45.437265306122455,11.74,83.74,24.62926530612245,4.35,32.63,2.0788571428571427,0.86,4.45,380.7199999999999,1.553959183673469,0.0,34.93,228.43200000000002,0.9323755102040817,0.0,20.958,15.048701641226852,4.408223313808016,19.205638906783058,0.24490007713279016,59,26,44,3,1303.4002475632506,5.3200010104622475,0.8724052269835726,9.398187520579267,148.06390894168612,0.6043424854762699,0.0,5.360044328771236,1155.3363386215644,4.715658524985978,0.0,9.398187520579267,1480.6390894168612,11553.363386215644,13034.002475632506,1074.9682475632505,0.11359818997924578,0.8864018100207542,45.25,175.0,175.0,7918.75,468.0,3705975.0,32.721305843466546,255.32294776167168,288.04425360513824
Sonora,Huépac,34,Ures,142,Pastos y praderas,2022,2023,29.931454,-110.254851,652.0,1537.307447028167,6.274724273584355,1.8534584139779287,11.218352766759885,23.464673469387755,10.595,31.990000000000002,30.826448979591834,19.34,42.16,16.10289795918367,0.66,23.44,45.804040816326534,2.8,91.18,24.33559183673469,7.09,32.26,1.990122448979592,0.73,4.39,509.60999999999996,2.0800408163265303,0.0,32.39,305.766,1.2480244897959185,0.0,19.434,14.719842034838873,5.522793347714182,19.398795049126264,0.3314951742315099,79,29,50,9,1284.9661824821908,5.244759928498738,1.2205217345234214,9.535599851745902,201.47464044208223,0.8223454711921724,0.0,5.904151340827402,1083.4915420401085,4.422414457306565,0.0,9.535599851745902,2014.7464044208223,10834.915420401085,12849.661824821907,979.2001824821907,0.1567937298185469,0.843206270181453,46.55,176.5,176.5,8216.08,685.0,5628014.8,43.281340589061706,232.75865564771397,276.03999623677566
Sonora,Huépac,34,Ures,142,Pastos y praderas,2023,2024,29.931454,-110.254851,652.0,1755.2579757868732,7.1643182685178495,2.542823238079525,11.268537234877764,25.265285714285717,6.3,34.0,33.5714693877551,12.67,44.65,16.959102040816326,-1.1,26.28,33.65787755102041,10.19,77.96,25.317020408163266,8.92,32.04,2.211795918367347,0.85,4.12,200.16,0.8169795918367346,0.0,29.73,160.12800000000001,0.6535836734693878,0.0,23.784000000000002,15.029873705656817,6.996355987155378,18.979259941272847,0.11403451957554518,37,12,113,9,1470.8657173175202,6.003533540071511,1.24023943158195,9.578256649646098,116.77249836596157,0.4766224423100472,0.0,6.415539432036204,1354.0932189515584,5.526911097761463,0.0,9.578256649646098,1167.7249836596156,13540.932189515584,14708.657173175201,1310.7377173175203,0.07939031890615038,0.9206096810938494,46.93,210.0,210.0,9855.3,676.65,6668588.75,24.882271119957718,288.5346726937052,313.4169438136629
Sonora,Huépac,34,Ures,142,Frijol,2010,2011,29.931454,-110.254851,652.0,1044.4062004727425,7.40713617356555,2.5367890769079295,10.804264311410419,26.40613475177305,14.555,32.894999999999996,33.782978723404256,22.53,41.29,19.029290780141846,5.72,25.36,42.547872340425535,10.11,89.62,27.055390070921984,11.68,32.38,2.0976595744680853,0.87,4.75,314.32,2.2292198581560285,0.0,30.23,188.592,1.3375319148936171,0.0,18.137999999999998,16.739374809492773,8.765937234080038,19.073375412096865,0.3009557008161436,44,19,59,0,838.4906337157609,5.946742083090503,0.8878761769177753,12.42490395812198,99.7310254422567,0.7073122371791255,0.0,6.818963784460524,738.7596082735042,5.239429845911378,0.0,12.42490395812198,997.3102544225669,7387.596082735043,8384.90633715761,649.8986337157609,0.11894113235385814,0.8810588676461419,1.19,2.0,2.0,2.38,12079.66,28749.6,838.0758440525773,6208.063935071465,7046.1397791240415
Sonora,Huépac,34,Ures,142,Frijol,2011,2012,29.931454,-110.254851,652.0,1053.6009996713915,7.47234751539994,3.1209441798496433,11.394520382778767,26.45354609929078,17.36,32.93,34.06354609929078,23.76,43.01,18.84354609929078,7.67,23.98,41.54496453900709,6.37,87.85,26.90851063829787,14.98,32.72,2.106312056737589,0.88,6.67,290.4599999999999,2.0599999999999996,0.0,19.8,174.27600000000004,1.2360000000000002,0.0,11.88,16.621625271744247,10.716859432767759,19.588097208036988,0.27568310972615984,45,22,59,0,848.0464657172249,6.014513941256914,1.0923304629473751,13.103698440195581,114.65379233981928,0.8131474634029736,0.0,7.89,733.3926733774055,5.20136647785394,0.0,13.103698440195581,1146.5379233981928,7333.926733774055,8480.464657172248,673.7704657172249,0.1351975357185791,0.8648024642814207,1.36,4.0,4.0,5.44,10950.0,59568.0,843.0425907339652,5392.593186598569,6235.635777332534
Sonora,Huépac,34,Ures,142,Frijol,2012,2013,29.931454,-110.254851,652.0,1001.264202985388,7.101164560180057,3.285754076717758,10.970782075306916,26.04858156028369,19.7,31.55,33.22425531914894,24.47,41.31,18.87290780141844,9.11,23.37,46.094184397163126,6.43,86.88,26.264326241134754,13.32,32.48,1.982482269503546,0.72,4.49,349.66,2.479858156028369,0.0,14.49,209.796,1.4879148936170212,0.0,8.693999999999999,16.35069403583987,9.79400272982196,19.00954803882155,0.3492185169083717,62,34,51,0,795.5550277384349,5.64223423927968,1.1500139268512153,12.616399386602952,160.24737034222284,1.1365061726398782,0.0,7.002,635.3076573962121,4.5057280666398025,0.0,12.616399386602952,1602.4737034222285,6353.076573962121,7955.550277384349,585.759027738435,0.20142839244918892,0.7985716075508111,1.32,2.0,2.0,2.64,11500.0,30360.0,1213.9952298653245,4812.936798456152,6026.9320283214765
Sonora,Huépac,34,Ures,142,Frijol,2013,2014,29.931454,-110.254851,652.0,1031.559980182089,7.316028228241766,2.4493923786390233,11.44047475446148,26.647943262411353,19.645,32.86,33.91581560283687,25.22,45.09,19.380070921985812,10.89,24.56,43.99723404255319,9.54,83.77,26.226241134751774,9.48,32.47,2.105531914893617,0.97,5.03,335.99,2.38290780141844,0.0,26.56,201.594,1.4297446808510639,0.0,15.935999999999998,16.36192080175269,7.196592746264014,19.024116142004104,0.3257105805332732,45,20,48,0,826.8511741852592,5.8641927247181505,0.8572873325236581,12.84406084556013,117.0704494832782,0.8302868757679305,0.0,7.59914088671389,709.7807247019807,5.0339058489502175,0.0,12.84406084556013,1170.704494832782,7097.807247019808,8268.51174185259,625.2571741852591,0.1415858780132156,0.858414121986784,1.7,3.0,3.0,5.1,13000.0,66300.0,688.649702842813,4175.180733541063,4863.830436383876
Sonora,Huépac,34,Ures,142,Frijol,2014,2015,29.931454,-110.254851,652.0,1006.4676605968741,7.138068514871447,1.6757258556400827,12.112200239211854,26.232375886524824,17.849999999999998,33.655,33.096879432624114,24.46,44.31,19.36787234042553,9.87,23.65,46.18645390070921,7.68,89.51,25.768014184397163,5.01,32.05,2.0731205673758866,0.58,4.83,412.8999999999999,2.9283687943262406,0.0,44.19,247.73999999999995,1.7570212765957443,0.0,26.514,16.093106214192765,4.53183560645255,19.021673764161832,0.41024666381742886,55,27,49,0,814.5048449484995,5.776630106017727,0.5865040494740289,13.92903027509363,123.523859285292,0.876055739612,0.0,7.106432766483024,690.9809856632075,4.900574366405727,0.0,13.92903027509363,1235.23859285292,6909.809856632075,8145.048449484995,566.7648449484996,0.15165515595318813,0.848344844046812,1.1,3.0,2.0,2.2,9700.0,21340.0,1122.9441753208362,6281.6453242109765,7404.589499531812
Sonora,Huépac,34,Ures,142,Frijol,2016,2017,29.931454,-110.254851,652.0,1014.9647675982837,7.198331685094211,1.9321992337387544,10.833839581651914,26.401347517730493,16.985,32.42,33.76709219858156,24.78,43.96,19.035602836879434,8.26,25.01,44.09978723404256,9.63,85.89,26.715744680851063,6.52,32.57,2.0368794326241133,0.8,4.87,293.88,2.0842553191489364,0.0,24.14,176.328,1.2505531914893617,0.0,14.484,16.700052074575787,5.496961615458216,19.00927885200192,0.28954699648876453,45,21,51,0,809.0009844160484,5.737595634156372,0.676269731808564,12.4589155188997,116.7534699277262,0.828038793813661,0.0,6.226682352362857,692.2475144883222,4.90955684034271,0.0,12.4589155188997,1167.534699277262,6922.475144883221,8090.009844160483,632.6729844160484,0.1443180814075288,0.8556819185924712,1.53,4.0,4.0,6.12,8450.0,51714.0,763.0945746910209,4524.493558747204,5287.588133438225
Sonora,Huépac,34,Ures,142,Frijol,2017,2018,29.931454,-110.254851,652.0,1006.033871618033,7.1349919972910145,2.6413793713699953,11.132140092777266,26.514645390070918,14.12,34.69,33.76397163120567,19.83,44.53,19.265319148936168,7.8,26.29,44.680638297872335,5.43,88.9,26.142340425531913,10.29,32.59,2.01709219858156,0.7,4.35,266.69,1.891418439716312,0.0,16.41,160.014,1.1348510638297873,0.0,9.846,16.295665548891993,7.720784377097216,19.303258298819973,0.2650904780880537,50,22,53,0,798.0725899287194,5.660089290274605,1.0315907102922006,12.801961106693856,131.02504350842437,0.9292556277193218,0.0,7.104,667.047546420295,4.730833662555284,0.0,12.801961106693856,1310.2504350842437,6670.47546420295,7980.725899287194,638.0585899287194,0.16417684952709252,0.8358231504729076,1.52,3.5,3.5,5.32,9465.0,50353.8,862.0068651870024,4388.47070013352,5250.477565320522
Sonora,Huépac,34,Ures,142,Frijol,2018,2019,29.931454,-110.254851,652.0,1017.4450076877147,7.215922040338402,2.9717340389566758,11.263454590347772,26.987304964539007,16.615,32.82,33.94553191489362,23.11,42.51,20.0290780141844,8.04,25.87,45.23921985815603,6.81,83.93,26.209148936170212,7.59,32.56,1.9795744680851064,0.83,4.77,314.77000000000004,2.232411347517731,0.0,25.73,188.862,1.3394468085106384,0.0,15.437999999999999,16.37222400668331,6.398428221408652,19.662163710716204,0.3093729858829016,52,19,70,0,815.2420995922944,5.781858862356698,1.115106998882237,12.952972778899937,113.07913573238415,0.8019796860452776,0.0,7.386,702.1629638599103,4.97987917631142,0.0,12.952972778899937,1130.7913573238416,7021.629638599103,8152.420995922945,626.3800995922944,0.13870620247523457,0.8612937975247655,1.48,3.0,3.0,4.44,12700.0,56388.0,764.0482144080011,4744.344350404799,5508.392564812801
Sonora,Huépac,34,Ures,142,Frijol,2019,2020,29.931454,-110.254851,652.0,1006.5135979585524,7.138394311762783,3.2661091317237414,11.056691200681492,26.11840425531915,17.884999999999998,34.155,33.0468794326241,24.81,42.59,19.189929078014185,8.78,26.28,45.91326241134752,11.74,83.74,26.618368794326237,13.47,32.63,2.0634042553191487,0.86,4.45,271.44999999999993,1.9251773049645384,0.0,20.69,162.86999999999998,1.1551063829787231,0.0,12.414,16.698291447041377,9.666756156001009,19.205638906783058,0.2696933261016689,46,20,44,0,824.2973523717108,5.846080513274544,1.1431381961033094,12.715194880783715,104.83051906810573,0.7434788586390477,0.0,7.251824680102261,719.4668333036052,5.102601654635498,0.0,12.715194880783715,1048.3051906810574,7194.668333036052,8242.97352371711,661.4273523717108,0.12717561055665405,0.8728243894433462,1.45,3.2,2.0,2.9,18320.0,53128.0,722.969097021419,4961.840229680036,5684.809326701455
Sonora,Huépac,34,Ures,142,Frijol,2020,2021,29.931454,-110.254851,652.0,1073.2486462460229,7.611692526567538,3.1002798661428472,10.919790964197913,27.842446808510637,21.89,32.745000000000005,35.573049645390064,25.8,42.14,20.11184397163121,12.59,24.29,40.72978723404255,12.62,83.17,26.749007092198582,12.78,32.73,2.1009929078014187,0.59,3.87,226.10999999999999,1.6036170212765957,0.0,29.84,180.888,1.2828936170212766,0.0,23.872,16.69762957576877,9.36963497553764,19.242982331750582,0.21067811339979864,47,18,83,0,850.4521538995004,6.031575559570925,1.0850979531499965,12.557759608827599,123.63311000098736,0.8768305673828891,0.0,9.04690958820702,726.8190438985132,5.154744992188037,0.0,12.557759608827599,1236.3311000098736,7268.190438985132,8504.521538995004,669.5641538995004,0.14537338689084833,0.8546266131091518,1.67,3.0,3.0,5.0,19550.0,97750.0,740.3180239580082,4352.209843703672,5092.52786766168
Sonora,Huépac,34,Ures,142,Frijol,2021,2022,29.931454,-110.254851,652.0,991.8850466124459,7.034645720655645,2.4949387831675827,11.514792133296107,26.7190780141844,18.475,33.335,33.704255319148935,23.14,43.2,19.73390070921986,8.54,23.47,47.09297872340426,8.61,89.73,25.923971631205678,9.83,32.41,1.9430496453900712,0.69,4.62,299.34,2.122978723404255,0.0,19.95,179.60399999999998,1.2737872340425531,0.0,11.969999999999999,16.305382384946753,7.66417289047331,19.005797359361985,0.3017890036978847,58,22,48,0,787.308311034812,5.583746886771717,0.9415743298643828,13.24201095329052,118.76373982598287,0.8422960271346303,0.0,6.566978953697249,668.5445712088293,4.741450859637087,0.0,13.24201095329052,1187.6373982598286,6685.4457120882935,7873.083110348122,607.704311034812,0.15084781674650904,0.8491521832534912,1.5,3.0,3.0,4.5,19850.0,89325.0,791.7582655065524,4456.963808058862,5248.722073565415
Sonora,Huépac,34,Ures,142,Haba grano,2012,2013,29.931454,-110.254851,652.0,555.0875213549717,3.676076300364051,0.9623830673703511,7.460604310024312,14.515331125827812,2.335,26.82,22.43887417218543,7.39,36.31,6.591788079470198,-2.86,21.11,44.144437086092715,16.43,90.88,16.35569536423841,2.71,22.75,2.104701986754967,0.96,6.42,123.4,0.8172185430463577,0.0,42.76,98.72,0.6537748344370861,0.0,34.208,8.202434881038837,3.1267199454483254,12.68259733798656,0.22230728534264277,13,8,3,63,366.9982162213474,2.4304517630552804,0.4849738280228581,6.449904156224827,19.902776485512344,0.13180646679147248,0.0,2.571724808429306,347.09543973583504,2.298645296263808,0.0,6.449904156224827,0.0,0.0,0.0,268.2782162213474,0.054231262185504454,0.9457687378144956,2.4,2.0,2.0,4.8,4150.0,19920.0,0.0,0.0,0.0
Sonora,Huépac,34,Ures,142,Haba grano,2013,2014,29.931454,-110.254851,652.0,566.0695393170772,3.748804896139584,1.4303285864203132,6.350470249558104,15.188841059602648,1.5400000000000005,26.155,23.110397350993377,8.55,34.65,7.26728476821192,-5.47,17.9,39.2676821192053,16.55,85.59,15.87887417218543,4.56,23.17,2.0164238410596025,1.03,4.57,49.07999999999999,0.3250331125827814,0.0,14.72,39.264,0.2600264900662252,0.0,11.776000000000002,7.947807424888272,3.776921778337538,12.775679556023778,0.0867031284870257,8,3,0,62,402.1317078163597,2.6631238928235743,0.42909857592609396,6.934973126520856,10.871861051067238,0.0719990798083923,0.0,2.8404577000542224,391.2598467652925,2.591124813015182,0.0,6.934973126520856,0.0,0.0,0.0,362.8677078163597,0.027035572773167288,0.9729644272268327,2.5,2.0,2.0,5.0,3500.0,17500.0,0.0,0.0,0.0
Sonora,Huépac,34,Ures,142,Haba grano,2014,2015,29.931454,-110.254851,652.0,590.5548366654821,3.910959183215113,1.2232591621491036,6.954597962993772,16.193509933774834,5.2,23.435000000000002,24.123311258278147,9.1,32.41,8.263708609271525,0.12,16.24,40.481192052980134,11.64,87.4,16.05430463576159,5.6,22.95,2.0635099337748346,1.04,4.28,39.34,0.2605298013245033,0.0,8.26,31.472000000000005,0.20842384105960268,0.0,6.6080000000000005,8.029864613116512,4.156598108148954,13.165317195133639,0.06661532097870874,8,3,0,41,388.8536948415422,2.5751900320631935,0.6878520612012523,6.478450355213284,18.547078053766,0.12282833148189404,0.0,2.5349523241539105,370.3066167877762,2.4523617005812994,0.0,6.478450355213284,0.0,0.0,0.0,357.38169484154224,0.0476968029359318,0.9523031970640681,2.36,2.0,2.0,4.72,3310.0,15623.2,0.0,0.0,0.0
Sonora,Huépac,34,Ures,142,Haba verde,2015,2016,29.931454,-110.254851,652.0,978.5268510517358,4.637568014463203,1.0613935385358944,9.246221316988018,16.60248815165877,4.92,27.99,24.40568720379147,10.82,36.73,8.799289099526067,-3.23,19.25,43.62805687203792,17.79,88.75,19.518246445497628,3.05,31.94,2.2887677725118487,0.89,5.39,156.4,0.7412322274881517,0.0,28.23,125.11999999999998,0.5929857819905212,0.0,22.584000000000003,10.812035145736711,3.3457612128950442,18.916238701139932,0.15983209845687818,18,10,2,30,921.2803624454032,4.366257641921342,0.864602194058818,10.17084344868682,46.560917822211536,0.22066785697730587,0.0,6.744,874.7194446231917,4.145589784944037,0.0,10.17084344868682,0.0,0.0,0.0,796.1603624454032,0.050539357746237454,0.9494606422537627,12.14,2.0,2.0,24.28,3300.0,80124.0,0.0,0.0,0.0
Sonora,Huépac,34,Ures,142,Cacahuate,2010,2011,29.931454,-110.254851,652.0,1190.1723406807557,6.960072167723718,1.673690533698616,10.804264311410419,26.03236842105263,14.555,32.894999999999996,33.32023391812866,22.53,41.29,18.744502923976608,5.72,25.36,44.56333333333333,10.11,89.62,25.744269005847954,5.15,32.38,2.0451461988304094,0.87,4.75,356.06,2.082222222222222,0.0,30.23,213.636,1.2493333333333334,0.0,18.137999999999998,15.867342432097907,4.57019760573325,19.073375412096865,0.2991667574767706,52,22,63,0,943.1867892120349,5.515712217614239,1.0042143202191696,12.42490395812198,142.2281501088692,0.8317435678881239,0.0,6.917999999999999,800.9586391031658,4.683968649726116,0.0,12.42490395812198,1422.2815010886918,8009.5863910316575,9431.86789212035,729.5507892120349,0.1507953161936149,0.8492046838063851,2.4,25.0,25.0,60.0,12000.0,720000.0,592.6172921202883,3337.3276629298575,3929.944955050146
Sonora,Huépac,34,Ures,142,Cacahuate,2011,2012,29.931454,-110.254851,652.0,1228.7147941081187,7.18546663221122,3.1209441798496433,11.394520382778767,26.126812865497072,17.165,32.93,33.89976608187135,23.76,43.01,18.353859649122807,7.67,23.98,40.283099415204674,6.37,87.85,25.948654970760234,14.98,32.72,2.0568421052631582,0.88,6.67,296.98,1.7367251461988304,0.0,19.8,178.188,1.042035087719298,0.0,11.88,15.794216727123096,10.214513886671469,19.588097208036988,0.2416997023426966,47,22,69,0,963.9692765561356,5.63724723132243,2.2616367191625155,13.103698440195581,148.28303196767502,0.8671522337290937,0.0,7.89,815.6862445884603,4.770094997593335,0.0,13.103698440195581,1482.8303196767502,8156.862445884603,9639.692765561354,785.7812765561356,0.15382547512035766,0.8461745248796421,2.34,18.0,18.0,42.12,14000.0,589680.0,633.6881708020301,3485.8386520874374,4119.526822889467
Sonora,Huépac,34,Ures,142,Cacahuate,2012,2013,29.931454,-110.254851,652.0,1157.568729829162,6.769407776778726,2.3553985237523833,10.970782075306916,25.662982456140345,19.63,31.55,32.921461988304095,24.44,41.31,18.404502923976608,9.11,23.37,45.633625730994154,6.43,86.88,25.1612865497076,7.35,32.48,1.935672514619883,0.72,4.49,350.9,2.052046783625731,0.0,14.49,210.53999999999996,1.2312280701754383,0.0,8.693999999999999,15.512193800842896,5.824491723357947,19.00954803882155,0.3031353482153816,63,34,53,0,902.6812388433258,5.278837654054537,1.41323911425143,12.616399386602952,181.78933875031152,1.0630955482474358,0.0,7.002,720.8919000930142,4.2157421058071005,0.0,12.616399386602952,1817.8933875031153,7208.919000930142,9026.812388433256,692.1412388433258,0.20138818768766265,0.7986118123123374,2.46,18.0,18.0,44.28,14150.0,626562.0,738.9810518305346,2930.454878426887,3669.435930257421
Sonora,Huépac,34,Ures,142,Cacahuate,2013,2014,29.931454,-110.254851,652.0,1184.9549869497948,6.929561327191783,2.050556400007318,11.44047475446148,25.840497076023393,17.63,32.86,33.18076023391813,22.78,45.09,18.500233918128657,7.67,24.56,44.700994152046775,9.54,83.77,25.364210526315794,8.24,32.47,2.057777777777778,0.81,5.03,340.12,1.9890058479532164,0.0,26.56,204.072,1.19340350877193,0.0,15.935999999999998,15.656088108581287,6.059902132836034,19.024116142004104,0.28703200015682157,46,20,48,0,935.3800991510277,5.470059059362735,1.2303338400043908,12.84406084556013,133.5917131009179,0.7812380883094614,0.0,7.59914088671389,801.7883860501097,4.688820971053273,0.0,12.84406084556013,1335.917131009179,8017.883860501097,9353.800991510276,731.3080991510277,0.14282077758781567,0.8571792224121842,2.2,18.0,18.0,39.6,14030.0,555588.0,607.2350595496267,3644.4926638641346,4251.727723413761
Sonora,Huépac,34,Ures,142,Cacahuate,2014,2015,29.931454,-110.254851,652.0,1141.6113466103475,6.676089746259342,1.6757258556400827,12.112200239211854,25.64678362573099,17.849999999999998,33.655,32.44666666666667,24.46,44.31,18.84690058479532,9.87,23.65,49.21485380116959,7.68,89.51,24.8419298245614,5.01,32.05,1.972514619883041,0.58,4.83,437.52000000000004,2.5585964912280703,0.0,44.19,262.51199999999994,1.5351578947368418,0.0,26.514,15.4602507920778,4.53183560645255,19.021673764161832,0.38324776755160744,63,28,49,0,898.7123817100917,5.25562796321691,1.0054355133840496,12.353839010270697,165.58786416021002,0.9683500828082457,0.0,7.106432766483024,733.1245175498818,4.2872778804086655,0.0,12.353839010270697,1655.8786416021003,7331.245175498818,8987.123817100917,636.2003817100917,0.1842501199829087,0.8157498800170915,1.6,6.0,5.0,8.0,14220.0,113760.0,1034.9241510013126,4582.028234686761,5616.952385688073
Sonora,Huépac,34,Ures,142,Cacahuate,2015,2016,29.931454,-110.254851,652.0,1059.761184528162,6.19743382765007,1.6371222718557328,10.818384758756704,25.195146198830408,17.1,32.335,31.67736842105263,22.69,42.28,18.712923976608188,7.91,23.55,54.3672514619883,13.64,90.85,24.301754385964916,4.51,32.35,1.9539181286549707,0.64,4.55,430.01,2.5146783625730995,0.0,34.75,258.006,1.5088070175438595,0.0,20.849999999999998,15.511481701280802,4.271715117760659,19.763189595249607,0.4057612283577395,58,28,36,0,841.2559962920964,4.919625709310505,0.9822733631134396,11.844081769662868,170.9590373236038,0.9997604521848176,0.0,6.798,670.2969589684925,3.919865257125687,0.0,11.772146386325586,1709.590373236038,6702.969589684925,8412.559962920963,583.2499962920964,0.20321880388029273,0.7967811961197072,1.82,10.0,10.0,18.2,14650.0,266630.0,939.3353699099109,3682.950324002706,4622.285693912617
Sonora,Huépac,34,Ures,142,Cacahuate,2016,2017,29.931454,-110.254851,652.0,1171.7176018485397,6.852149718412513,1.9321992337387544,10.833839581651914,26.10695906432748,16.985,32.42,33.484210526315785,24.78,43.96,18.72970760233918,8.26,25.01,44.155146198830415,9.63,85.89,25.58432748538012,6.52,32.57,1.9809941520467835,0.8,4.87,303.29,1.773625730994152,0.0,24.14,181.97400000000002,1.0641754385964914,0.0,14.484,15.824021378617967,5.496961615458216,19.00927885200192,0.25884223256655003,49,21,52,0,918.7227011191341,5.372647374965696,1.1593195402432526,12.4589155188997,143.6536693509252,0.8400799377247089,0.0,6.226682352362857,775.0690317682089,4.532567437240988,0.0,12.4589155188997,1436.536693509252,7750.690317682089,9187.22701119134,736.748701119134,0.15636238135395453,0.8436376186460456,2.34,10.2,10.2,23.87,14725.0,351485.75,613.9045698757487,3312.2608195222606,3926.165389398009
Sonora,Huépac,34,Ures,142,Cacahuate,2017,2018,29.931454,-110.254851,652.0,1183.0375879290705,6.918348467421465,2.6413793713699953,11.132140092777266,26.338771929824564,14.12,34.69,33.71456140350877,19.83,44.53,18.96298245614035,7.8,26.29,43.62906432748538,5.43,88.9,25.359239766081874,10.29,32.59,1.9966081871345027,0.7,4.35,270.65,1.5827485380116957,0.0,16.41,162.39,0.9496491228070174,0.0,9.846,15.595095287245545,7.720784377097216,19.303258298819973,0.2287754867313877,51,22,61,0,921.2656815266364,5.387518605418927,1.7684412176437725,12.451933466609665,147.2010038958985,0.860824584186541,0.0,7.104,774.064677630738,4.526694021232386,0.0,12.451933466609665,1472.0100389589852,7740.64677630738,9212.656815266364,758.8756815266364,0.15978127357568622,0.8402187264243138,2.16,8.0,8.0,17.28,16840.0,290995.2,681.4861291476783,3583.632766808972,4265.118895956651
Sonora,Huépac,34,Ures,142,Cacahuate,2018,2019,29.931454,-110.254851,652.0,1139.719927774138,6.665028817392619,1.2036049446377772,11.263454590347772,26.057631578947365,16.025,32.82,32.83918128654971,19.14,42.51,19.276081871345028,8.04,25.87,48.79286549707602,6.81,88.5,24.861520467836257,3.16,32.56,1.9318128654970763,0.79,4.77,420.77,2.460643274853801,0.0,41.51,252.462,1.4763859649122806,0.0,24.906,15.50642793133688,3.5042436538392168,19.662163710716204,0.3691871921742737,59,23,70,0,891.9116449986064,5.215857573091266,0.7221629667826663,11.679556724506321,147.69772720575156,0.8637293988640442,0.0,7.386,744.2139177928548,4.352128174227221,0.0,11.679556724506321,1476.9772720575156,7442.139177928548,8919.116449986064,639.4496449986065,0.16559681447592528,0.8344031855240746,2.11,7.0,7.0,14.77,19200.0,283584.0,699.9892284632776,3527.080179113056,4227.069407576334
Sonora,Huépac,34,Ures,142,Cacahuate,2019,2020,29.931454,-110.254851,652.0,1141.2014678212045,6.673692794276049,2.2536284381958245,11.056691200681492,25.662163742690066,17.884999999999998,34.155,32.531052631578945,23.57,42.59,18.793274853801172,8.78,26.28,48.48350877192983,11.74,83.74,25.27017543859649,9.51,32.63,1.999473684210526,0.86,4.45,328.77,1.9226315789473682,0.0,20.69,197.26199999999997,1.1535789473684208,0.0,12.414,15.80640116745602,6.771584277031161,19.205638906783058,0.2880911121045889,54,24,44,0,923.8723479923319,5.4027622689610055,1.3521770629174947,12.715194880783715,138.60620081345024,0.8105625778564342,0.0,7.251824680102261,785.2661471788817,4.592199691104572,0.0,12.715194880783715,1386.0620081345023,7852.661471788817,9238.72347992332,726.610347992332,0.15002743735609744,0.8499725626439026,2.08,10.5,9.0,18.72,27000.0,505440.0,666.37596544928,3775.318015283085,4441.693980732365
Sonora,Huépac,34,Ures,142,Cacahuate,2022,2023,29.931454,-110.254851,652.0,1062.1710947346908,6.211526869793513,1.8534584139779287,11.218352766759885,25.429415204678364,18.285,31.990000000000002,31.998187134502928,23.73,42.16,18.860643274853803,11.59,23.44,54.29333333333333,2.8,91.18,24.181578947368422,7.09,32.26,1.7967836257309941,0.73,4.12,508.78,2.9753216374269003,0.0,32.39,305.26800000000003,1.7851929824561406,0.0,19.434,15.295613914286118,5.886581039290359,19.398795049126264,0.4790000429517272,79,29,46,0,827.509461742244,4.839236618375696,1.1120750483867572,11.505448601628702,206.6474511867777,1.2084646268232613,0.0,7.987969461119425,620.8620105554662,3.630771991552434,0.0,11.481448601628703,2066.474511867777,6208.620105554663,8275.09461742244,522.2414617422439,0.24972216118435764,0.7502778388156423,2.07,7.0,7.0,14.49,30000.0,434700.0,998.2968656366073,2999.3333843259243,3997.6302499625317
Sonora,Huépac,34,Ures,142,Cacahuate,2023,2024,29.931454,-110.254851,652.0,1310.9683126283167,7.666481360399513,3.1681838336192505,11.268537234877764,28.077748538011697,19.775,34.0,36.144853801169596,26.47,44.65,20.010643274853802,10.17,26.28,34.35508771929825,10.19,77.96,25.90391812865497,8.92,32.04,2.16421052631579,0.85,3.84,165.86,0.9699415204678363,0.0,14.54,132.688,0.775953216374269,0.0,11.632,15.744968819434101,6.996355987155378,18.979259941272847,0.12651716933376736,33,11,108,0,1055.189665140124,6.170699796141076,1.9009103001715502,12.958817820109427,109.3394113660569,0.6394117623746017,0.0,8.679847466872511,945.850253774067,5.531288033766474,0.0,12.958817820109427,1093.394113660569,9458.502537740671,10551.896651401239,922.5016651401239,0.10362062383499289,0.8963793761650071,2.25,8.0,8.0,18.0,31500.0,567000.0,485.95293940469736,4203.778905662521,4689.731845067218
Sonora,Huépac,34,Ures,142,Nuez,2011,2012,29.931454,-110.254851,652.0,1514.8190892109324,7.179237389625272,3.1209441798496433,11.394520382778767,25.20642180094787,12.195,32.93,33.242701421800945,18.62,43.01,17.170142180094786,4.07,23.98,37.57374407582938,6.37,87.85,25.87611374407583,14.98,32.72,2.1683886255924167,0.88,6.67,299.99,1.4217535545023696,0.0,19.8,179.994,0.8530521327014218,0.0,11.88,15.497060041632839,8.99577209508944,19.588097208036988,0.19803684950673844,48,22,70,2,1447.5834670295108,6.860585151798629,2.0955135298235197,12.533972421056644,154.55325305741633,0.73247987231003,0.0,7.89,1293.0302139720945,6.1281052794886,0.0,12.533972421056644,1545.5325305741633,12930.302139720945,14475.834670295108,1267.5894670295108,0.10676638451430004,0.8932336154857,0.0,50.0,0.0,0.0,0.0,0.0,,,
Sonora,Huépac,34,Ures,142,Nuez,2012,2013,29.931454,-110.254851,652.0,1434.096725374063,6.796666944900773,2.3553985237523833,10.970782075306916,24.773720379146916,13.16,31.55,32.40559241706161,20.45,41.31,17.14184834123223,2.56,23.37,41.44345971563981,6.43,86.88,25.29672985781991,7.35,32.48,2.001895734597156,0.72,4.49,350.98,1.6634123222748816,0.0,14.49,210.58799999999997,0.9980473933649288,0.0,8.693999999999999,15.27196008156259,5.824491723357947,19.00954803882155,0.24473941944777264,63,34,57,2,1373.1272177326096,6.507711932382036,1.5310090404390493,12.067860282837609,194.6396639633849,0.9224628623857104,0.0,7.002,1178.4875537692249,5.585249069996326,0.0,12.067860282837609,1946.396639633849,11784.875537692249,13731.272177326098,1162.5392177326096,0.1417491849624725,0.8582508150375276,0.0,50.0,0.0,0.0,0.0,0.0,,,
Sonora,Huépac,34,Ures,142,Nuez,2014,2015,29.931454,-110.254851,652.0,1404.2345369673892,6.655139985627437,1.6757258556400827,12.112200239211854,24.709905213270147,14.274999999999999,33.655,31.84109004739336,21.65,44.31,17.57872037914692,5.19,23.65,45.471516587677726,7.0,89.51,24.766161137440758,5.01,32.05,2.035876777251185,0.58,4.83,438.75000000000006,2.0793838862559246,0.0,44.19,263.25,1.2476303317535544,0.0,26.514,15.150921930769513,4.53183560645255,19.021673764161832,0.31244780586833637,63,28,50,0,1361.4803958107432,6.452513724221531,1.0892218061660537,13.32342026313304,180.3679723413348,0.8548245134660417,0.0,6.79745742880985,1181.1124234694084,5.59768921075549,0.0,13.32342026313304,1803.6797234133478,11811.124234694085,13614.803958107434,1098.2303958107432,0.13247930186606036,0.8675206981339397,0.0,132.0,0.0,0.0,0.0,0.0,,,
Sonora,Huépac,34,Ures,142,Nuez,2015,2016,29.931454,-110.254851,652.0,1294.7146243371621,6.136088267000768,1.6371222718557328,10.818384758756704,24.11220379146919,13.515,32.335,30.870000000000005,17.94,42.28,17.354407582938386,4.93,23.55,51.657345971563984,13.64,90.85,24.324739336492893,4.51,32.35,2.013412322274881,0.64,4.55,452.6700000000001,2.145355450236967,0.0,34.75,271.602,1.28721327014218,0.0,20.849999999999998,15.283737818147651,4.271715117760659,19.763189595249607,0.34962917039092495,61,30,36,1,1250.2730661401567,5.925464768436762,1.0641294767062264,11.900223234632374,185.8941967595179,0.8810151505190422,0.0,6.779529749047179,1064.3788693806387,5.044449617917719,0.0,11.900223234632374,1858.941967595179,10643.788693806386,12502.730661401565,978.6710661401568,0.14868287720010678,0.8513171227998931,0.0,170.0,0.0,0.0,0.0,0.0,,,
Sonora,Huépac,34,Ures,142,Nuez,2016,2017,29.931454,-110.254851,652.0,1436.7238487581894,6.80911776662649,1.9321992337387544,10.833839581651914,25.150213270142178,13.879999999999999,32.42,32.81654028436019,21.74,43.96,17.48388625592417,4.86,25.01,41.177630331753555,9.63,85.89,25.505071090047398,6.52,32.57,2.0534597156398102,0.8,4.87,303.46000000000004,1.4381990521327015,0.0,24.14,182.07600000000002,0.862919431279621,0.0,14.484,15.52470278899571,5.496961615458216,19.00927885200192,0.21121665117641855,49,21,52,1,1378.1289815164669,6.531416974011691,2.087851580000592,11.917223539817106,146.07621431719798,0.6923043332568625,0.0,6.03,1232.0527671992688,5.839112640754829,0.0,11.917223539817106,1460.76214317198,12320.527671992688,13781.289815164668,1196.0529815164668,0.10599603975852717,0.8940039602414728,0.0,170.0,0.0,0.0,0.0,0.0,,,
Sonora,Huépac,34,Ures,142,Nuez,2017,2018,29.931454,-110.254851,652.0,1479.7347341467162,7.012960825339887,2.6413793713699953,11.132140092777266,25.606327014218007,14.12,34.69,33.37341232227489,19.83,44.53,17.839241706161136,5.94,26.29,39.269857819905205,5.43,88.9,25.522322274881514,10.29,32.59,2.079004739336493,0.7,4.88,271.32,1.2858767772511848,0.0,16.41,162.792,0.7715260663507109,0.0,9.846,15.325096678977285,7.720784377097216,19.303258298819973,0.18335718810875634,51,22,69,0,1400.4570551126621,6.637237228022095,2.430819296624988,12.245354102054995,147.94062153365923,0.7011403864154465,0.0,7.104,1252.5164335790028,5.936096841606648,0.0,12.245354102054995,1479.4062153365921,12525.164335790028,14004.57055112662,1237.6650551126622,0.10563738530472674,0.8943626146952731,0.0,170.0,0.0,0.0,0.0,0.0,,,
Sonora,Huépac,34,Ures,142,Nuez,2018,2019,29.931454,-110.254851,652.0,1419.0522915031772,6.725366310441598,1.2036049446377772,11.263454590347772,25.278601895734596,16.025,32.82,32.36985781990522,19.14,42.51,18.18734597156398,6.28,25.87,45.03327014218009,6.81,88.5,24.947582938388628,3.16,32.56,2.016208530805687,0.79,4.77,429.37000000000006,2.034928909952607,0.0,41.51,257.622,1.2209573459715641,0.0,24.906,15.250420622700089,3.5042436538392168,19.662163710716204,0.30257517821642493,60,24,71,0,1366.3990010619316,6.475824649582614,0.7823432140145552,12.38980004938255,156.69383777632765,0.7426248235844912,0.0,7.386,1209.705163285604,5.733199825998123,0.0,12.38980004938255,1566.9383777632765,12097.051632856039,13663.990010619316,1108.7770010619315,0.11467648736170699,0.885323512638293,1.0,171.0,170.0,170.0,91750.0,15597500.0,1566.9383777632765,12097.051632856039,13663.990010619316
Sonora,Huépac,34,Ures,142,Nuez,2019,2020,29.931454,-110.254851,652.0,1397.9635482078122,6.625419659752665,2.2536284381958245,11.056691200681492,24.53438388625592,14.36,34.155,31.76018957345972,19.4,42.59,17.308578199052135,6.11,26.28,45.72374407582938,11.74,83.74,25.29706161137441,9.51,32.63,2.085260663507109,0.86,4.45,330.2,1.5649289099526065,0.0,20.69,198.11999999999998,0.9389573459715639,0.0,12.414,15.569419528328607,6.771584277031161,19.205638906783058,0.23620072241748796,55,24,44,0,1351.4376110415424,6.404917587874609,1.4648584848272859,12.162360320749642,146.00045896686564,0.6919453031605006,0.0,6.936527954880424,1205.4371520746768,5.712972284714108,0.0,12.162360320749642,1460.0045896686563,12054.371520746769,13514.376110415426,1153.3176110415425,0.10803344362626124,0.8919665563737388,1.69,243.0,170.0,286.5,92382.2,26467500.0,863.908041224057,7132.764213459626,7996.672254683684
Sonora,Huépac,34,Ures,142,Nuez,2020,2021,29.931454,-110.254851,652.0,1502.9718670094408,7.123089417106354,3.1002798661428472,10.919790964197913,26.15945497630332,8.63,32.745000000000005,34.17649289099526,15.39,42.14,18.142417061611372,1.87,24.29,38.140236966824645,12.62,83.17,25.683127962085308,12.76,32.73,2.088388625592417,0.59,3.87,227.15999999999997,1.0765876777251184,0.0,29.84,181.728,0.8612701421800948,0.0,23.872,15.558180246610023,7.531526881146053,19.242982331750582,0.1511405535833447,47,18,110,2,1449.2280848984415,6.8683795492817135,2.1005880855090466,12.011770060617705,152.98131482876485,0.7250299280984116,0.0,8.653565693067586,1296.2467700696766,6.143349621183301,0.0,12.011770060617705,1529.8131482876486,12962.467700696765,14492.280848984414,1267.5000848984414,0.1055605507669177,0.8944394492330823,1.8,243.0,243.0,437.0,86962.24,38002498.88,849.8961934931381,7201.370944831536,8051.267138324674
Sonora,Huépac,34,Ures,142,Nuez,2021,2022,29.931454,-110.254851,652.0,1420.901741110819,6.7341314744588585,2.4949387831675827,11.514792133296107,25.08689573459716,15.245000000000001,33.335,32.39696682464455,22.41,43.2,17.776824644549762,6.54,23.47,43.83739336492891,8.61,89.73,25.026018957345972,9.62,32.41,2.0634597156398105,0.69,5.24,318.0,1.5071090047393365,0.0,19.95,190.8,0.9042654028436019,0.0,11.969999999999999,15.277241839277961,7.105462229830502,19.005797359361985,0.2238015415136285,64,23,50,0,1352.3635784021308,6.4093060587778705,1.7089014183456765,12.666271346625718,159.8900445326995,0.7577727229037892,0.0,6.691434732964258,1192.4735338694315,5.651533335874083,0.0,12.666271346625718,1598.900445326995,11924.735338694316,13523.635784021311,1161.5635784021308,0.11823007295243465,0.8817699270475655,1.28,243.0,243.0,311.04,93387.1,29047123.58,1249.1409729117147,9316.199483354934,10565.34045626665
Sonora,Huépac,34,Ures,142,Nuez,2022,2023,29.931454,-110.254851,652.0,1342.85811778079,6.3642564823734125,1.8534584139779287,11.218352766759885,24.6036018957346,15.239999999999998,31.990000000000002,31.682322274881514,22.31,42.16,17.524881516587676,5.6,23.44,49.15625592417062,2.8,91.18,24.451563981042657,7.09,32.26,1.9334123222748814,0.73,4.37,509.42,2.414312796208531,0.0,32.39,305.652,1.4485876777251183,0.0,19.434,15.07888718746155,5.522793347714182,19.398795049126264,0.37935504373452983,79,29,50,0,1283.9913616617775,6.085267116880463,1.5021205434285472,12.340188043435875,217.9919987795985,1.0331374349744005,0.0,7.640666441070755,1065.999362882179,5.052129681906061,0.0,12.340188043435875,2179.919987795985,10659.99362882179,12839.913616617776,978.3393616617775,0.16977684218799352,0.8302231578120064,1.28,243.0,243.0,310.0,76432.26,23694000.6,1703.0624904656133,8328.120022517023,10031.182512982636
Sonora,Huépac,34,Ures,142,Nuez,2023,2024,29.931454,-110.254851,652.0,1587.1562236922332,7.522067410863665,2.542823238079525,11.268537234877764,26.774526066350706,13.01,34.0,35.07867298578199,21.18,44.65,18.47037914691943,2.17,26.28,32.66383886255924,10.19,77.96,25.87943127962085,8.92,32.04,2.1881516587677723,0.85,4.05,198.08999999999997,0.9388151658767772,0.0,29.73,158.47200000000004,0.751052132701422,0.0,23.784000000000002,15.467100962138264,6.996355987155378,18.979259941272847,0.12480812981294258,36,12,113,2,1517.8636198473923,7.1936664447743714,1.6528351047516912,12.39539095836554,119.22436802778617,0.5650443982359534,0.0,8.302462794399794,1398.6392518196062,6.6286220465384185,0.0,12.39539095836554,1192.2436802778616,13986.392518196062,15178.636198473923,1359.3916198473923,0.07854748375863513,0.9214525162413649,1.17,243.0,243.0,284.31,71578.95,20350611.27,1019.011692545181,11954.181639483815,12973.193332028995
