Estado,Municipio,IdMunicipio,DDR,IdDDR,Cultivo,Anio,AnioFin,Lat,Lon,Z_m,ET0_total_mm,ET0_mean_mm_d,ET0_min_mm_d,ET0_max_mm_d,Tmean_ciclo_mean_C,Tmean_ciclo_min_C,Tmean_ciclo_max_C,Tmax_ciclo_mean_C,Tmax_ciclo_min_C,Tmax_ciclo_max_C,Tmin_ciclo_mean_C,Tmin_ciclo_min_C,Tmin_ciclo_max_C,RH_mean_pct,RH_min_pct,RH_max_pct,Rs_mean_MJ_m2_d,Rs_min_MJ_m2_d,Rs_max_MJ_m2_d,Ws_mean_m_s,Ws_min_m_s,Ws_max_m_s,Ptot_total_mm,Ptot_mean_mm_d,Ptot_min_mm_d,Ptot_max_mm_d,Pef_total_mm,Pef_mean_mm_d,Pef_min_mm_d,Pef_max_mm_d,Rn_mean_MJ_m2_d,Rn_min_MJ_m2_d,Rn_max_MJ_m2_d,ratio_Ptot_ET0,dias_lluvia_ge_1mm,dias_lluvia_ge_5mm,dias_estres_calor,dias_riesgo_helada,ETc_total_mm,ETc_mean_mm_d,ETc_min_mm_d,ETc_max_mm_d,ETverde_total_mm,ETverde_mean_mm_d,ETverde_min_mm_d,ETverde_max_mm_d,ETazul_total_mm,ETazul_mean_mm_d,ETazul_min_mm_d,ETazul_max_mm_d,UACverde_m3_ha,UACazul_m3_ha,UACtotal_m3_ha,deficit_hidrico_mm,frac_verde,frac_azul,Rend_t_ha,SupSembradaTotal_ha,SupCosechadaTotal_ha,VolumenTotal_t,PMR,Valorproduccion,HHverde_m3_ton,HHazul_m3_ton,HHtotal_m3_ton
Sonora,Imuris,35,Magdalena,140,Ajo,2010,2011,30.838011,-110.787299,987.0,465.55589860058495,3.879632488338208,0.8949712546795854,8.191107267725787,10.698333333333332,2.9850000000000003,20.745,18.235333333333333,7.39,28.68,3.1613333333333333,-4.41,12.81,49.230916666666666,22.92,90.13,19.810499999999998,4.23,30.32,2.79025,1.25,8.97,170.60999999999999,1.4217499999999998,0.0,35.27,136.488,1.1374,0.0,28.216000000000005,11.04160167881063,3.7568952976155168,17.977333159382137,0.36646512376459367,21,9,0,90,446.7905340812591,3.7232544506771594,0.8949712546795854,8.191107267725787,36.28499932389365,0.3023749943657804,0.0,3.2450756514503034,410.50553475736547,3.4208794563113787,0.0,8.191107267725787,362.8499932389365,4105.055347573654,4467.905340812591,310.3025340812591,0.08121255164572128,0.9187874483542787,7.0,1.0,1.0,7.0,12000.0,84000.0,51.835713319848075,586.4364782248077,638.2721915446558
Sonora,Imuris,35,Magdalena,140,Ajo,2013,2014,30.838011,-110.787299,987.0,872.837153977068,4.117156386684283,1.1445377574790796,9.01043942745803,13.260141509433963,-1.125,23.985,20.84433962264151,4.11,32.65,5.6759433962264145,-6.41,16.9,39.895094339622645,10.32,88.01,18.6175,6.21,31.28,2.4400943396226413,0.92,6.59,85.36,0.40264150943396226,0.0,15.55,68.28800000000001,0.3221132075471699,0.0,12.440000000000001,9.727853924840801,4.382945010804168,17.317684363291978,0.09779602026684883,14,5,0,88,752.873076512323,3.5512880967562404,1.1445377574790796,6.3073075992206205,28.797176886911103,0.13583574003259954,0.0,2.5846278658383266,724.0758996254119,3.415452356723641,0.0,6.3073075992206205,0.0,0.0,0.0,684.585076512323,0.03824971005778788,0.9617502899422121,10.2,10.0,10.0,102.0,22000.0,2244000.0,0.0,0.0,0.0
Sonora,Imuris,35,Magdalena,140,Berenjena,2015,2016,30.838011,-110.787299,987.0,610.1112583239717,6.040705527960116,1.4797278464736996,10.183108164255872,17.269950495049503,7.414999999999999,27.04,24.996039603960394,12.37,35.61,9.543861386138614,0.2,20.36,39.537722772277235,15.47,86.22,25.53247524752475,6.35,32.57,2.81910891089109,1.41,5.23,48.46999999999999,0.4799009900990098,0.0,14.14,38.775999999999996,0.3839207920792079,0.0,11.312000000000001,15.172296614967753,5.181371439141497,19.3878570186767,0.07944452645104644,9,4,2,7,581.1153322472962,5.753617150963329,0.8878367078842198,10.692263572468667,17.58678776618072,0.17412661154634376,0.0,5.693294229355275,563.5285444811154,5.579490539416985,0.0,10.692263572468667,175.8678776618072,5635.285444811154,5811.153322472961,542.3393322472963,0.03026385089198883,0.969736149108011,45.0,3.0,3.0,135.0,7000.0,945000.0,3.908175059151271,125.22856544024786,129.13674049939914
Sonora,Imuris,35,Magdalena,140,Calabacita,2010,2011,30.838011,-110.787299,987.0,739.5931702123041,7.704095523044835,2.834926668772313,10.592265879647504,20.39723958333333,6.88,30.235,29.222604166666667,11.67,38.59,11.571875,1.6,23.69,28.79625,10.53,70.26,29.350937500000004,13.92,33.19,2.8781249999999994,1.43,5.88,15.969999999999999,0.16635416666666666,0.0,12.77,12.776000000000002,0.13308333333333336,0.0,10.216000000000001,17.277114333548102,9.622668668501662,19.30283267378296,0.021592952238073976,2,1,22,14,620.9337835329056,6.468060245134434,1.4174633343861565,10.062652585665129,3.9774633343861567,0.04143190973318913,0.0,1.672,616.9563201985195,6.426628335401245,0.0,10.062652585665129,39.77463334386157,6169.563201985195,6209.337835329056,608.1577835329057,0.006405615928570869,0.9935943840714292,15.0,9.0,9.0,135.0,4000.0,540000.0,2.6516422229241043,411.30421346567965,413.9558556886038
Sonora,Imuris,35,Magdalena,140,Calabacita,2011,2012,30.838011,-110.787299,987.0,812.7631282970183,8.466282586427274,3.028882080728517,11.941880128774988,21.826822916666668,7.4399999999999995,32.239999999999995,30.894791666666666,14.12,42.05,12.758854166666666,-1.12,23.72,22.317604166666666,8.05,67.84,29.733541666666667,16.64,33.27,3.1077083333333335,1.79,5.64,19.75,0.20572916666666666,0.0,5.84,15.799999999999999,0.16458333333333333,0.0,4.672,17.106096549696062,10.447663601558457,19.062228021632848,0.024299822804932297,7,1,21,5,674.3464233515856,7.02444190991235,1.5144410403642585,11.344786122336238,12.642441040364258,0.13169209417046102,0.0,2.712,661.7039823112212,6.892749815741888,0.0,11.344786122336238,126.42441040364258,6617.039823112213,6743.464233515855,658.5464233515856,0.018747694957036702,0.9812523050429631,15.0,3.0,3.0,45.0,4500.0,202500.0,8.428294026909505,441.13598820748086,449.56428223439036
Sonora,Imuris,35,Magdalena,140,Calabacita,2013,2014,30.838011,-110.787299,987.0,796.8495273542845,8.300515909940463,3.4454092892226527,10.94813384330924,22.254062500000003,8.165,31.419999999999998,30.973020833333337,13.33,42.19,13.535104166666668,0.59,22.93,23.919999999999998,9.36,62.46,29.537916666666664,19.14,32.78,2.9257291666666667,1.46,6.59,21.42,0.22312500000000002,0.0,9.84,17.136,0.1785,0.0,7.872,17.105003394062994,12.12590736372675,19.183384817664514,0.02688085926475869,3,2,28,6,664.1203711404914,6.9179205327134525,1.7227046446113263,10.400727151143776,13.980795628246963,0.1456332877942392,0.0,5.058090983635635,650.1395755122445,6.772287244919213,0.0,10.400727151143776,139.80795628246963,6501.395755122445,6641.203711404914,646.9843711404915,0.0210515988302509,0.9789484011697491,17.25,12.5,12.5,215.63,3990.0,860363.7,8.104809059853313,376.8925075433301,384.99731660318344
Sonora,Imuris,35,Magdalena,140,Calabacita,2014,2015,30.838011,-110.787299,987.0,788.5952623850914,8.214533983178034,3.6000435003855142,10.93223070984785,22.241145833333334,10.125,31.034999999999997,30.662291666666665,18.16,39.83,13.819999999999999,1.08,22.24,22.924479166666668,7.51,73.79,28.790833333333335,11.06,32.5,2.8564583333333338,0.96,6.42,14.989999999999998,0.15614583333333332,0.0,6.92,11.992000000000003,0.12491666666666669,0.0,5.5360000000000005,16.679705314737905,8.397604393485091,18.940053760059392,0.019008483457867893,3,1,23,5,656.5167437193633,6.838716080410034,1.8000217501927571,10.385619174355458,10.719211269158892,0.11165845072040513,0.0,4.475081781326742,645.7975324502044,6.727057629689629,0.0,10.385619174355458,107.19211269158892,6457.975324502044,6565.167437193632,644.5247437193633,0.016327399676711003,0.983672600323289,17.5,6.5,6.5,113.75,5400.0,614250.0,6.125263582376509,369.02716140011677,375.1524249824933
Sonora,Imuris,35,Magdalena,140,Calabacita,2015,2016,30.838011,-110.787299,987.0,677.7242920991057,7.059628042699018,2.699222768388018,10.51523754080412,20.700729166666665,11.435,31.435000000000002,28.562187500000004,15.82,40.49,12.839270833333332,2.82,23.35,36.27291666666667,15.47,74.93,27.781562499999996,9.51,33.09,2.7475,1.18,5.09,61.61999999999999,0.6418749999999999,0.0,8.88,49.296,0.5135,0.0,7.104000000000001,16.826992263388437,7.521483856617168,19.989841774107187,0.09092192904749696,15,4,14,2,561.6149020574223,5.850155229764816,1.349611384194009,9.989475663763914,38.369681933068726,0.3996841868027992,0.0,5.151075731321439,523.2452201243535,5.450471042962016,0.0,9.989475663763914,383.6968193306873,5232.4522012435355,5616.149020574223,512.3189020574223,0.06832027033560732,0.9316797296643925,22.11,7.0,7.0,154.78,5441.43,842224.54,17.353994542319644,236.65545912453803,254.00945366685767
Sonora,Imuris,35,Magdalena,140,Calabacita,2016,2017,30.838011,-110.787299,987.0,720.1818166200451,7.501893923125469,3.521605145440173,11.202116861072428,21.374739583333337,11.385000000000002,32.435,29.7096875,17.01,42.66,13.039791666666666,3.35,22.62,30.71885416666667,9.5,80.8,28.209374999999994,9.99,33.04,2.6986458333333334,1.31,4.91,59.03999999999999,0.6149999999999999,0.0,15.36,47.232,0.492,0.0,12.288,16.774590698574738,7.470688815763904,19.34542153839416,0.08197929833480985,13,4,14,5,600.4118578973615,6.2542901864308496,1.8083345339899526,10.642011018018806,33.94484434357901,0.353592128578948,0.0,4.800000000000001,566.4670135537826,5.900698057851902,0.0,10.642011018018806,339.44844343579007,5664.670135537826,6004.118578973616,553.1798578973616,0.056535932622073175,0.943464067377927,22.57,26.0,26.0,586.92,6029.67,3538933.92,15.039806975444842,250.98228336454702,266.02209033999185
Sonora,Imuris,35,Magdalena,140,Calabacita,2017,2018,30.838011,-110.787299,987.0,778.6055730337221,8.110474719101271,3.2424860425587743,10.702392681477171,22.659062500000005,10.785,33.955,31.479166666666668,15.8,43.11,13.838958333333332,2.94,25.59,24.1746875,5.45,63.29,28.995520833333334,16.26,33.34,2.735416666666667,1.39,5.63,20.299999999999997,0.2114583333333333,0.0,3.82,16.240000000000002,0.1691666666666667,0.0,3.056,16.833117587709264,11.143234035417532,19.18405006244678,0.026072251089732164,9,0,30,2,641.2867618506002,6.680070435943752,2.351392753139091,10.167273047403313,16.240000000000002,0.1691666666666667,0.0,3.056,625.0467618506002,6.5109037692770855,0.328361740430835,10.167273047403313,162.40000000000003,6250.467618506002,6412.867618506001,625.0467618506002,0.025324084272588514,0.9746759157274115,20.24,20.0,20.0,404.89,6144.14,2487700.84,8.023715415019765,308.81757008428866,316.8412854993084
Sonora,Imuris,35,Magdalena,140,Calabacita,2018,2019,30.838011,-110.787299,987.0,797.1039504285457,8.30316615029735,2.7733305901019993,10.869476521800454,23.03765625,11.29,31.54,31.568020833333332,18.2,39.95,14.507291666666667,2.47,23.13,23.415833333333335,7.56,62.36,29.18645833333333,7.32,32.98,2.8140625,1.49,5.3,22.32,0.2325,0.0,8.9,17.856,0.18600000000000003,0.0,7.120000000000001,16.943401427408585,6.291228350006676,19.73014723598979,0.028001366682476152,5,2,21,4,657.5875179260377,6.849869978396225,2.6346640605968994,9.99987524902121,13.282345600268682,0.13835776666946545,0.0,4.911681539671782,644.3051723257689,6.71151221172676,0.0,9.99987524902121,132.8234560026868,6443.051723257689,6575.875179260376,639.7315179260377,0.020198597507081358,0.9798014024929186,18.63,25.0,25.0,465.79,6284.93,2927457.54,7.129546752693871,345.8428192838266,352.9723660365205
Sonora,Imuris,35,Magdalena,140,Calabacita,2019,2020,30.838011,-110.787299,987.0,721.0623671340192,7.5110663243127,3.519770831968404,11.359862251227245,20.640104166666664,10.58,31.075,28.878541666666667,14.25,39.73,12.401666666666666,3.48,24.04,31.371458333333333,13.58,56.83,28.812083333333334,15.91,32.89,2.8246874999999996,0.94,5.04,14.73,0.1534375,0.0,4.45,11.784,0.12275000000000001,0.0,3.5600000000000005,17.148190486560335,10.50455149082391,19.624151826363832,0.020428191334609245,5,0,11,1,597.6889426434108,6.225926485868862,1.759885415984202,10.791869138665882,11.784,0.12275000000000001,0.0,3.5600000000000005,585.9049426434109,6.103176485868864,0.5050350951133016,10.791869138665882,117.84,5859.049426434109,5976.889426434109,585.9049426434108,0.01971594111793782,0.9802840588820624,22.04,20.0,20.0,440.8,6047.14,2665579.31,5.346642468239565,265.8370883137073,271.18373078194685
Sonora,Imuris,35,Magdalena,140,Calabacita,2020,2021,30.838011,-110.787299,987.0,747.2479713764914,7.783833035171785,3.1630147576644205,10.84978487028401,22.16625,9.26,29.925,30.713333333333328,15.0,39.32,13.619166666666667,3.39,21.81,31.287291666666665,10.62,71.32,28.945520833333337,16.82,33.85,2.702291666666667,1.17,4.67,28.71,0.2990625,0.0,5.22,22.968,0.23925,0.0,4.176,17.241151189134012,11.482398521258347,19.419159094799298,0.03842098085206421,8,2,28,7,627.6950028567062,6.5384896130906895,1.5815073788322103,10.30729562676981,21.64550737883221,0.22547403519616885,0.0,4.176,606.049495477874,6.313015577894521,0.0,10.30729562676981,216.4550737883221,6060.49495477874,6276.950028567062,604.7270028567062,0.03448411613971949,0.9655158838602804,17.76,17.0,17.0,302.0,6500.0,1963000.0,12.187785686279396,341.2440852915957,353.43187097787506
Sonora,Imuris,35,Magdalena,140,Calabacita,2021,2022,30.838011,-110.787299,987.0,773.9653836327341,8.06213941284098,3.577155983051902,11.09014299682453,22.726979166666666,11.200000000000001,32.215,31.144270833333334,17.59,41.51,14.3096875,4.64,22.92,24.73760416666667,6.82,74.7,28.1484375,14.15,32.88,2.814479166666667,0.92,5.26,55.72,0.5804166666666667,0.0,13.34,44.57600000000001,0.46433333333333343,0.0,10.672,16.394220013890575,10.314559413343396,19.042894986830017,0.07199288389161411,8,5,19,1,637.9863747626662,6.645691403777772,2.6828669872889264,10.535635846983304,22.36019552304745,0.2329187033650776,0.0,3.876081384537806,615.6261792396189,6.412772700412696,0.0,10.535635846983304,223.60195523047452,6156.261792396189,6379.863747626663,593.4103747626662,0.03504807689876691,0.9649519231012333,20.0,5.0,5.0,100.0,6944.0,694400.0,11.180097761523726,307.81308961980943,318.99318738133314
Sonora,Imuris,35,Magdalena,140,Calabacita,2022,2023,30.838011,-110.787299,987.0,770.0179540276025,8.021020354454192,5.182633574060347,10.85230799958589,22.82822916666667,12.584999999999999,30.76,31.438645833333336,22.65,39.67,14.217812499999999,2.36,22.43,25.006041666666665,3.84,58.72,28.455,15.6,32.92,2.671041666666667,1.08,5.01,64.55000000000001,0.6723958333333334,0.0,12.18,51.64,0.5379166666666667,0.0,9.744,16.557777744959616,10.715893353709616,19.223568720415418,0.08382921419217469,16,2,18,2,634.052918525367,6.604717901305906,2.7151819813142515,10.309692599606594,44.39012016766243,0.46239708507981697,0.0,6.693840435182511,589.6627983577044,6.142320816226088,0.0,10.309692599606594,443.9012016766243,5896.627983577045,6340.529185253669,582.412918525367,0.0700101188255732,0.9299898811744266,21.88,8.0,8.0,175.04,7500.0,1312800.0,20.287989107706778,269.498536726556,289.78652583426276
Sonora,Imuris,35,Magdalena,140,Calabacita,2023,2024,30.838011,-110.787299,987.0,770.2614484421597,8.02355675460583,4.109800300274107,10.833023943582091,21.699739583333336,7.14,31.955,30.377395833333335,14.67,40.48,13.022083333333333,-1.96,23.65,24.579270833333336,8.17,56.09,29.03833333333333,16.14,32.48,2.779375,1.29,4.55,5.96,0.06208333333333333,0.0,3.04,4.768000000000001,0.04966666666666667,0.0,2.4320000000000004,16.931386168564703,11.23605843832156,19.56755923497311,0.007737632477977439,2,0,15,4,634.7884438786189,6.612379623735613,2.3680821871802706,10.261358013913144,4.768000000000001,0.04966666666666667,0.0,2.4320000000000004,630.020443878619,6.562712957068947,2.3680821871802706,10.261358013913144,47.68000000000001,6300.20443878619,6347.88443878619,630.0204438786188,0.007511163831003379,0.9924888361689967,20.79,3.0,3.0,62.37,6900.0,430353.0,2.293410293410294,303.04013654575226,305.3335468391626
Sonora,Imuris,35,Magdalena,140,Calabaza,2010,2011,30.838011,-110.787299,987.0,630.9144111459465,6.309144111459465,1.930182449756333,10.183576785879584,15.82885,4.73,28.835,24.5996,11.67,38.59,7.058099999999999,-2.83,19.8,35.3183,14.33,81.82,27.2773,10.87,33.18,2.8834999999999997,1.33,6.24,32.91,0.32909999999999995,0.0,12.77,26.328000000000003,0.26328,0.0,10.216000000000001,15.838564006715712,7.67782243592463,19.296732929233613,0.052162384340254164,5,2,5,40,556.367648139259,5.56367648139259,0.9650912248781665,9.20534046171569,11.30651777884889,0.1130651777884889,0.0,3.2450756514503034,545.0611303604101,5.4506113036041,0.0,9.20534046171569,113.06517778848891,5450.611303604101,5563.676481392589,530.039648139259,0.02032202594213182,0.979677974057868,12.0,2.0,2.0,24.0,4000.0,96000.0,9.422098149040742,454.21760863367507,463.6397067827158
Sonora,Imuris,35,Magdalena,140,Calabaza,2011,2012,30.838011,-110.787299,987.0,736.760027136009,7.367600271360089,3.028882080728517,10.25739264354594,18.22645,7.4399999999999995,26.549999999999997,27.333100000000005,14.12,36.69,9.1198,-1.12,17.99,23.4397,8.05,67.84,28.0291,16.64,33.27,3.0471000000000004,1.55,6.1,6.42,0.0642,0.0,5.84,5.136,0.05136,0.0,4.672,15.706326284116948,10.447663601558457,19.062228021632848,0.008713827791331629,1,1,3,16,641.8179682970857,6.418179682970857,2.1505955624670827,10.035006237157315,3.492882080728517,0.03492882080728517,0.0,3.028882080728517,638.3250862163574,6.383250862163574,0.0,10.035006237157315,34.92882080728517,6383.250862163573,6418.179682970858,636.6819682970857,0.0054421693583868724,0.9945578306416134,15.0,1.0,1.0,15.0,5000.0,75000.0,2.3285880538190113,425.55005747757156,427.8786455313906
Sonora,Imuris,35,Magdalena,140,Calabaza,2014,2015,30.838011,-110.787299,987.0,707.6740527703088,7.0767405277030875,1.5427014809722082,10.93223070984785,18.674400000000002,10.125,31.034999999999997,27.039799999999996,14.58,39.83,10.309,1.08,22.24,25.9939,7.51,85.91,27.0669,7.15,32.5,2.8383999999999996,1.26,6.42,35.32,0.3532,0.0,30.18,28.256,0.28256,0.0,24.144000000000002,15.316736139682764,5.553332829508251,18.683186865488132,0.049909983080111436,2,1,8,8,623.7839309637205,6.237839309637206,0.7713507404861041,10.557603474754,3.5541156494477293,0.03554115649447729,0.0,1.7107649089616246,620.2298153142727,6.202298153142728,0.0,10.557603474754,35.54115649447729,6202.298153142728,6237.839309637205,595.5279309637206,0.0056976710572790275,0.9943023289427209,16.0,3.0,3.0,48.0,1500.0,72000.0,2.2213222809048307,387.6436345714205,389.8649568523253
Sonora,Imuris,35,Magdalena,140,Calabaza,2015,2016,30.838011,-110.787299,987.0,604.2046984079863,6.042046984079863,1.4797278464736996,10.183108164255872,17.2057,7.414999999999999,27.04,24.9564,12.37,35.61,9.455,0.2,20.36,39.305200000000006,15.47,86.22,25.557299999999994,6.35,32.57,2.814800000000001,1.41,5.23,47.06999999999999,0.47069999999999995,0.0,14.14,37.656,0.37656,0.0,11.312000000000001,15.169134614643076,5.181371439141497,19.3878570186767,0.07790406152753253,8,4,2,7,534.4921398430407,5.344921398430407,0.7398639232368498,8.146486531404697,14.459728777673725,0.14459728777673725,0.0,4.337747984270686,520.0324110653669,5.200324110653669,0.0,8.146486531404697,144.59728777673723,5200.324110653669,5344.921398430406,496.8361398430407,0.02705321126316278,0.972946788736837,13.5,2.0,2.0,27.0,2100.0,56700.0,10.71091020568424,385.20919338175327,395.9201035874375
Sonora,Imuris,35,Magdalena,140,Cebolla,2010,2011,30.838011,-110.787299,987.0,465.55589860058495,3.879632488338208,0.8949712546795854,8.191107267725787,10.698333333333332,2.9850000000000003,20.745,18.235333333333333,7.39,28.68,3.1613333333333333,-4.41,12.81,49.230916666666666,22.92,90.13,19.810499999999998,4.23,30.32,2.79025,1.25,8.97,170.60999999999999,1.4217499999999998,0.0,35.27,136.488,1.1374,0.0,28.216000000000005,11.04160167881063,3.7568952976155168,17.977333159382137,0.36646512376459367,21,9,0,90,466.94076825806735,3.891173068817228,0.9397198174135647,8.600662631112076,37.377593838059994,0.31147994865049994,0.0,3.407329434022819,429.5631744200074,3.5796931201667284,0.0,8.600662631112076,373.77593838059994,4295.631744200074,4669.407682580673,330.45276825806735,0.08004782700276508,0.919952172997235,55.0,46.0,46.0,2530.0,5000.0,12650000.0,10.679312525159999,122.73233554857353,133.41164807373352
Sonora,Imuris,35,Magdalena,140,Cebolla,2011,2012,30.838011,-110.787299,987.0,923.9096231577431,4.3580642601780335,1.2033199572068758,9.557928046274537,13.402641509433963,-7.15,25.395000000000003,21.30575471698113,-3.06,33.63,5.499528301886793,-11.24,17.16,38.210424528301886,11.41,78.96,19.315283018867927,7.01,31.15,2.571556603773585,0.93,8.6,42.22,0.1991509433962264,0.0,9.93,33.776,0.15932075471698115,0.0,7.944,9.916365961544063,4.483632185522038,17.430498054215064,0.045697110346897635,10,4,0,98,842.4896300702748,3.97400768901073,1.2634859550672197,7.1684460347059025,20.599231793854692,0.09716618770686175,0.0,3.0474755959886606,821.8903982764201,3.8768415013038684,0.0,7.1684460347059025,0.0,0.0,0.0,808.7136300702748,0.024450427706910107,0.9755495722930899,45.0,37.0,37.0,1665.0,4000.0,6660000.0,0.0,0.0,0.0
Sonora,Imuris,35,Magdalena,140,Cebolla,2012,2013,30.838011,-110.787299,987.0,890.7232838386726,4.181799454641656,0.8296746826326784,8.743808570270867,13.041995305164319,-0.2649999999999997,25.53,20.847276995305165,4.82,35.21,5.236713615023475,-5.35,20.18,40.135070422535215,12.28,90.72,18.785446009389673,2.47,30.89,2.520798122065728,1.07,6.35,98.47999999999999,0.46234741784037553,0.0,23.25,78.784,0.3698779342723005,0.0,18.6,9.755592724761915,3.0335513387150126,17.698656445510863,0.11056183417097766,19,7,1,112,806.9743603822969,3.7886120205741642,0.8711584167643124,6.720452235672242,28.358063084764197,0.13313644640734365,0.0,2.2660253593748076,778.6162972975328,3.655475574166821,0.0,6.720452235672242,0.0,0.0,0.0,728.190360382297,0.03514121944510085,0.9648587805548993,48.0,20.0,20.0,960.0,5000.0,4800000.0,0.0,0.0,0.0
Sonora,Imuris,35,Magdalena,140,Cebolla,2013,2014,30.838011,-110.787299,987.0,872.837153977068,4.117156386684283,1.1445377574790796,9.01043942745803,13.260141509433963,-1.125,23.985,20.84433962264151,4.11,32.65,5.6759433962264145,-6.41,16.9,39.895094339622645,10.32,88.01,18.6175,6.21,31.28,2.4400943396226413,0.92,6.59,85.36,0.40264150943396226,0.0,15.55,68.28800000000001,0.3221132075471699,0.0,12.440000000000001,9.727853924840801,4.382945010804168,17.317684363291978,0.09779602026684883,14,5,0,88,791.7182953186718,3.7345202609371313,1.2017646453530337,6.757829570593522,29.568635731256663,0.1394746968455503,0.0,2.713859259130243,762.1496595874153,3.5950455640915813,0.0,6.757829570593522,0.0,0.0,0.0,723.4302953186718,0.03734742004333131,0.9626525799566689,35.0,43.0,43.0,1505.0,2018.6,3037993.0,0.0,0.0,0.0
Sonora,Imuris,35,Magdalena,140,Cebolla,2014,2015,30.838011,-110.787299,987.0,916.1086055673387,4.321267007393107,0.883434439040815,8.760984753265276,14.171556603773585,3.255,23.715,21.80933962264151,6.34,31.29,6.533773584905662,-3.94,16.69,38.894198113207544,10.15,88.91,18.593254716981136,5.74,31.49,2.5179716981132074,1.24,6.08,80.46000000000001,0.3795283018867925,0.0,30.18,64.368,0.30362264150943397,0.0,24.144000000000002,9.66080148811218,4.067206862719601,17.517384264975565,0.08782801461642398,6,4,0,68,836.904117679845,3.9476609324520986,0.9276061609928558,6.570738564948957,14.898617742667918,0.07027649878616943,0.0,3.04,822.0054999371771,3.8773844336659296,0.0,6.570738564948957,0.0,0.0,0.0,772.5361176798449,0.017802060508402634,0.9821979394915974,33.5,12.0,12.0,402.0,2100.0,844200.0,0.0,0.0,0.0
Sonora,Imuris,35,Magdalena,140,Cebolla,2015,2016,30.838011,-110.787299,987.0,784.8334691320042,3.702044665717001,0.845952338271608,7.981419992924403,13.711438679245282,1.04,21.89,20.848632075471702,6.63,30.19,6.574245283018868,-4.92,16.38,52.88509433962264,22.9,91.8,17.955707547169812,2.62,30.77,2.4100471698113206,1.1,7.07,172.57,0.8140094339622641,0.0,34.0,138.056,0.6512075471698113,0.0,27.200000000000003,9.800977662577598,3.1642593937913195,17.860984765522566,0.21988104073957984,24,10,0,67,714.292367169375,3.369303618723467,0.8882499551851885,6.110029592071938,40.78084190611991,0.19236246182132033,0.0,2.4320000000000004,673.5115252632552,3.176941156902147,0.0,6.110029592071938,0.0,0.0,0.0,576.236367169375,0.05709264690553503,0.9429073530944652,41.0,20.0,20.0,820.0,3000.0,2460000.0,0.0,0.0,0.0
Sonora,Imuris,35,Magdalena,140,Cebolla,2016,2017,30.838011,-110.787299,987.0,858.1978418943906,4.02909784926944,0.6481940409006496,8.04263152766772,13.393051643192488,0.44499999999999984,26.05,20.98765258215962,5.52,33.13,5.798450704225353,-4.85,18.97,44.68478873239437,17.8,94.27,18.526103286384977,5.57,30.93,2.512723004694836,0.94,6.08,121.45,0.57018779342723,0.0,13.79,97.16,0.456150234741784,0.0,11.032,9.811968999404343,4.108877230507974,18.072561893154997,0.1415174847467696,28,8,0,92,786.2226148043603,3.691185984996997,0.680603742945682,6.0695587295066105,47.04279942083227,0.22085821324334398,0.0,2.9200625606827773,739.179815383528,3.4703277717536523,0.0,6.0695587295066105,0.0,0.0,0.0,689.0626148043604,0.05983394338324669,0.9401660566167532,35.0,10.0,10.0,350.0,2817.14,985999.0,0.0,0.0,0.0
Sonora,Imuris,35,Magdalena,140,Cebolla,2017,2018,30.838011,-110.787299,987.0,896.9171875195632,4.230741450563977,0.8875658185659006,9.434695398057439,14.98563679245283,3.2800000000000002,24.11,22.31448113207547,7.55,32.8,7.656792452830188,-3.84,17.64,44.105801886792456,15.55,90.22,18.47518867924528,3.82,31.48,2.513632075471698,0.89,6.4,120.22,0.5670754716981132,0.0,18.55,96.17600000000002,0.45366037735849063,0.0,14.840000000000002,9.806137877813578,3.5421690014399845,17.522774550085696,0.13403690070035346,15,8,0,68,811.9408905021669,3.829909860859278,0.9319441094941956,7.076021548543079,27.82692728797131,0.13125909098099675,0.0,2.19377441824661,784.1139632141956,3.698650769878281,0.0,7.076021548543079,0.0,0.0,0.0,715.7648905021668,0.034272109723111725,0.9657278902768882,32.29,47.0,47.0,1517.6,2706.09,4106760.0,0.0,0.0,0.0
Sonora,Imuris,35,Magdalena,140,Cebolla,2018,2019,30.838011,-110.787299,987.0,955.2318489591489,4.505810608297872,0.9128160580031739,9.076940320380903,15.841533018867924,3.75,26.525000000000002,23.384103773584908,8.47,33.63,8.298962264150944,-4.92,19.42,36.707830188679246,15.04,93.02,18.278160377358493,3.84,30.26,2.4313207547169813,0.89,5.9,114.28,0.5390566037735849,0.0,32.02,91.424,0.43124528301886794,0.0,25.616000000000003,9.51150956048274,3.8105452862433147,17.459870323843926,0.11963587701197687,13,6,0,59,873.1210926064774,4.118495719841874,0.9584568609033326,8.050440629587676,24.750622616010027,0.11674821988683975,0.0,2.8160000000000003,848.3704699904674,4.001747499955035,0.0,8.050440629587676,0.0,0.0,0.0,781.6970926064774,0.028347296641435427,0.9716527033585646,29.06,40.0,40.0,1162.5,2874.56,3341677.88,0.0,0.0,0.0
Sonora,Imuris,35,Magdalena,140,Cebolla,2019,2020,30.838011,-110.787299,987.0,752.1123306719587,3.5476996729809374,0.6906259483130978,8.274932799039975,12.489716981132075,-0.1349999999999998,22.985,19.53679245283019,3.81,31.65,5.442641509433963,-5.15,16.93,52.46287735849056,24.69,91.0,17.35872641509434,2.64,30.56,2.4617924528301884,1.09,7.6,222.49,1.0494811320754718,0.0,31.22,177.99200000000002,0.8395849056603775,0.0,24.976,9.521630091454005,3.1240551662793195,18.688157953243138,0.29582017329940735,36,10,0,91,682.7629046245713,3.2205797387951476,0.7251572457287527,6.206199599279982,62.29148291255362,0.29382774958751706,0.0,3.608,620.4714217120177,2.9267519892076304,0.0,6.206199599279982,0.0,0.0,0.0,504.7709046245713,0.09123442777959011,0.9087655722204099,30.0,35.0,35.0,1050.0,4220.0,4431000.0,0.0,0.0,0.0
Sonora,Imuris,35,Magdalena,140,Cebolla,2020,2021,30.838011,-110.787299,987.0,748.8908706620919,3.5159195805732013,0.7181161583892988,8.364560071407443,12.813685446009387,0.6949999999999998,24.605,19.848122065727697,6.1,33.9,5.779248826291078,-5.82,17.77,54.37352112676057,26.67,92.95,17.492159624413148,2.38,30.17,2.4585446009389664,0.57,6.81,294.90999999999997,1.3845539906103286,0.0,47.7,176.946,0.8307323943661972,0.0,28.62,9.640851173872928,2.943767823395902,17.747600126495332,0.393795693809528,24,17,0,96,677.7857754516583,3.1820928424960484,0.7540219663087637,6.273420053555582,37.84168047942052,0.17766047173436864,0.0,2.201713786336338,639.9440949722377,3.0044323707616796,0.0,6.273420053555582,0.0,0.0,0.0,500.8397754516583,0.05583132879146635,0.9441686712085335,32.0,33.0,33.0,1056.0,4350.0,4593600.0,0.0,0.0,0.0
Sonora,Imuris,35,Magdalena,140,Cebolla,2021,2022,30.838011,-110.787299,987.0,981.4585608474133,4.629521513431195,0.9787034021439581,8.709711368902449,14.1675,0.7000000000000002,26.13,22.23617924528302,4.44,35.11,6.09882075471698,-4.65,18.32,32.38764150943396,10.77,87.5,18.936839622641507,7.63,30.2,2.674952830188679,1.02,7.28,59.32,0.279811320754717,0.0,9.68,47.456,0.2238490566037736,0.0,7.744,9.53113507040479,4.514194572635337,17.809816606756094,0.060440656759651455,11,5,3,103,895.3109981730881,4.223165085722114,1.027638572251156,7.2638332800222445,17.76446280998037,0.08379463589613381,0.0,2.304,877.5465353631079,4.1393704498259805,0.0,7.2638332800222445,0.0,0.0,0.0,847.8549981730881,0.019841667137150493,0.9801583328628496,27.56,32.0,32.0,882.03,4530.82,3996315.0,0.0,0.0,0.0
Sonora,Imuris,35,Magdalena,140,Cebolla,2022,2023,30.838011,-110.787299,987.0,923.4560066736517,4.355924559781376,0.8903941773821963,9.477319846995726,14.060872641509432,2.1300000000000003,23.79,21.8938679245283,8.45,34.52,6.227877358490566,-5.37,18.45,38.54405660377358,7.19,90.16,18.851462264150943,4.6,31.38,2.564150943396227,0.94,6.58,60.339999999999996,0.28462264150943395,0.0,27.87,48.272000000000006,0.2276981132075472,0.0,22.296000000000003,9.779622543006584,3.725158151670839,17.28695205859139,0.0653414992852216,12,2,0,89,838.115302719981,3.9533740694338726,0.9349138862513061,7.107989885246795,21.712101008840715,0.10241557079641847,0.0,2.5646984844689573,816.4032017111401,3.8509584986374534,0.0,7.107989885246795,0.0,0.0,0.0,789.8433027199809,0.025905863952581775,0.9740941360474181,33.67,15.0,15.0,505.0,4381.19,2212500.95,0.0,0.0,0.0
Sonora,Imuris,35,Magdalena,140,Cebolla,2023,2024,30.838011,-110.787299,987.0,775.0300623201535,3.6558021807554413,0.9791758414114304,8.016080973505142,12.070353773584905,0.9700000000000002,23.259999999999998,19.399528301886797,5.69,32.39,4.7411792452830195,-5.37,16.03,49.3258962264151,21.11,86.72,17.93231132075472,1.66,30.36,2.527735849056603,1.03,6.83,139.34,0.6572641509433963,0.0,13.81,111.472,0.5258113207547169,0.0,11.048000000000002,9.659229558488569,2.8116892386085244,17.49045075816342,0.17978657444959947,32,10,0,116,704.3807606460612,3.3225507577644393,1.028134633482002,6.012060730128857,50.90430905058123,0.24011466533293035,0.0,3.2254620443600475,653.47645159548,3.082436092431509,0.0,6.012060730128857,0.0,0.0,0.0,592.9087606460612,0.07226817070342974,0.9277318292965703,26.39,18.0,18.0,475.04,5739.79,2726630.08,0.0,0.0,0.0
Sonora,Imuris,35,Magdalena,140,Chile verde,2010,2011,30.838011,-110.787299,987.0,1208.5934969781447,6.677312138000799,1.930182449756333,10.592265879647504,20.53997237569061,4.73,30.27,28.426187845303865,11.67,38.59,12.653756906077348,-2.83,23.69,39.515801104972375,10.53,81.82,26.657569060773483,10.87,33.19,2.57707182320442,0.83,6.24,260.73,1.4404972375690608,0.0,24.02,156.43800000000005,0.8642983425414367,0.0,14.411999999999999,16.058407842005657,7.67782243592463,19.30283267378296,0.2157301033407057,37,20,39,40,1208.786480517972,6.67837834540316,1.1581094698537997,11.12187917362988,117.1337577572201,0.6471478329128182,0.0,5.76,1091.6527227607517,6.031230512490341,0.0,11.12187917362988,1171.3375775722009,10916.527227607516,12087.864805179717,1052.348480517972,0.09690194227439373,0.903098057725606,9.08,9.0,9.0,81.73,7499.91,612967.5,129.00193585596926,1202.2607078862902,1331.2626437422596
Sonora,Imuris,35,Magdalena,140,Chile verde,2011,2012,30.838011,-110.787299,987.0,1319.2587507781413,7.288722379989731,3.028882080728517,11.941880128774988,22.10182320441989,7.4399999999999995,32.239999999999995,30.262375690607733,14.12,42.05,13.941270718232044,-1.12,23.72,31.82348066298342,8.05,73.26,26.882872928176795,13.27,33.27,2.5916574585635357,1.05,6.1,149.56999999999996,0.8263535911602208,0.0,14.1,119.656,0.6610828729281768,0.0,11.280000000000001,15.828938647440095,9.602261778422196,19.062228021632848,0.11337427165958062,42,8,34,16,1306.5205317578761,7.218345479325283,2.580714674960499,12.538974135213738,108.05376090006344,0.59698210442024,0.0,5.726695260578134,1198.4667708578127,6.621363374905043,0.0,12.538974135213738,1080.5376090006343,11984.667708578127,13065.20531757876,1186.8645317578762,0.08270345415443339,0.9172965458455666,9.0,10.0,10.0,90.0,8000.0,720000.0,120.05973433340381,1331.6297453975696,1451.6894797309735
Sonora,Imuris,35,Magdalena,140,Chile verde,2012,2013,30.838011,-110.787299,987.0,1267.8573528370798,7.004736756005966,1.604942631479033,11.475473249304375,21.75549723756906,2.9699999999999998,30.22,29.651215469613263,6.05,39.38,13.859779005524862,-4.48,23.56,34.50237569060773,6.34,82.22,26.53806629834254,6.84,33.15,2.49817679558011,0.89,6.35,234.37999999999997,1.294917127071823,0.0,13.65,187.50400000000002,1.0359337016574586,0.0,10.920000000000002,15.735671027794645,5.672857664682033,19.029577321432022,0.18486306797490165,44,18,36,19,1260.294323600156,6.96295206408926,0.9629655788874197,12.049246911769595,142.38554387808085,0.7866604634148113,0.0,7.824522955092538,1117.9087797220755,6.17629160067445,0.0,12.049246911769595,1423.8554387808085,11179.087797220755,12602.943236001563,1072.7903236001562,0.11297800935208721,0.887021990647913,8.75,21.0,21.0,183.75,5500.0,1010625.0,162.72633586066382,1277.6100339680863,1440.33636982875
Sonora,Imuris,35,Magdalena,140,Chile verde,2013,2014,30.838011,-110.787299,987.0,1272.672635613098,7.03134052824916,2.5846278658383266,10.94813384330924,21.96149171270718,5.925,31.419999999999998,29.830055248618784,10.91,42.19,14.092928176795578,-1.06,22.93,34.89596685082873,9.36,78.66,26.367071823204423,10.5,32.78,2.525635359116022,1.0,6.59,200.51000000000002,1.1077900552486188,0.0,24.44,160.40800000000002,0.8862320441988951,0.0,19.552000000000003,15.682010223705982,7.223748537275327,19.183384817664514,0.15755033493228698,35,12,35,15,1264.614728351787,6.986821703601033,1.550776719502996,11.495540535474703,116.66248194555813,0.6445440991467299,0.0,7.081327377089889,1147.952246406229,6.3422776044543046,0.0,11.495540535474703,1166.6248194555812,11479.522464062291,12646.147283517872,1104.2067283517872,0.0922514022097529,0.9077485977902472,9.52,7.0,7.0,66.66,4650.0,309969.0,122.54462389239299,1205.8321916031819,1328.3768154955749
Sonora,Imuris,35,Magdalena,140,Chile verde,2014,2015,30.838011,-110.787299,987.0,1245.8288944130481,6.883032565817945,1.5427014809722082,10.93223070984785,21.683480662983424,10.125,31.034999999999997,29.16375690607735,14.58,39.83,14.203204419889504,1.08,22.24,36.45364640883978,7.51,85.91,26.070441988950275,7.15,32.5,2.465303867403315,0.83,6.42,255.84000000000003,1.4134806629834256,0.0,30.18,153.504,0.8480883977900552,0.0,18.108,15.56009486381702,5.553332829508251,18.940053760059392,0.20535725342968134,40,19,26,8,1237.938009310823,6.839436515529409,0.9256208885833248,11.478842245340243,119.25132396908924,0.6588470937518742,0.0,5.9225006222079255,1118.686685341734,6.180589421777535,0.0,11.478842245340243,1192.5132396908925,11186.86685341734,12379.380093108231,1084.434009310823,0.09633061031503354,0.9036693896849666,16.5,18.0,18.0,297.0,8500.0,2524500.0,72.27352967823592,677.9919305101417,750.2654601883777
Sonora,Imuris,35,Magdalena,140,Chile verde,2015,2016,30.838011,-110.787299,987.0,1131.0024701862073,6.248632431967996,1.4797278464736996,10.51523754080412,21.14657458563536,7.414999999999999,31.435000000000002,28.281270718232044,12.37,40.49,14.011878453038676,0.2,23.56,44.7560773480663,15.47,86.22,25.322596685082875,6.35,33.09,2.3946961325966853,0.82,5.23,259.4,1.433149171270718,0.0,14.14,155.64,0.8598895027624308,0.0,8.484,15.62427797512236,5.181371439141497,19.989841774107187,0.22935405256656297,56,19,19,7,1127.2780582766527,6.228055570589241,0.8878367078842198,11.040999417844327,133.65087042584403,0.7384025990378124,0.0,5.873150296843133,993.6271878508086,5.489652971551429,0.0,11.040999417844327,1336.5087042584403,9936.271878508085,11272.780582766525,971.6380582766527,0.11856069533559918,0.8814393046644008,17.25,9.0,9.0,155.25,10100.0,1568025.0,77.4787654642574,576.0157610729325,653.4945265371899
Sonora,Imuris,35,Magdalena,140,Chile verde,2016,2017,30.838011,-110.787299,987.0,1224.6126040685754,6.765815492091576,2.0033085772834296,11.202116861072428,21.640193370165747,5.9750000000000005,32.435,29.356574585635357,9.21,42.66,13.923812154696135,1.37,23.13,37.73762430939226,9.5,82.61,26.438618784530384,9.99,33.04,2.375635359116022,0.79,4.91,232.12999999999997,1.2824861878453038,0.0,21.66,185.70399999999998,1.025988950276243,0.0,17.328,15.914777450836155,7.470688815763904,19.34542153839416,0.18955382235066498,41,16,27,15,1213.5644541518695,6.704775989789335,1.2019851463700577,11.76222270412605,122.84507907810088,0.6787020943541485,0.0,6.0253287103091155,1090.7193750737683,6.026073895435184,0.0,11.76222270412605,1228.450790781009,10907.193750737682,12135.644541518692,1027.8604541518696,0.10122666221626794,0.8987733377837318,17.66,9.0,9.0,158.94,9348.01,1485772.71,69.56119993097445,617.6213901889968,687.1825901199712
Sonora,Imuris,35,Magdalena,140,Chile verde,2017,2018,30.838011,-110.787299,987.0,1241.9765997915238,6.861749170118916,3.038042399230432,10.702392681477171,22.28256906077348,10.505,33.955,29.9792817679558,15.8,43.11,14.58585635359116,0.92,25.59,37.85497237569061,5.45,85.48,26.30348066298343,10.51,33.34,2.3689502762430936,0.77,5.63,284.91999999999996,1.5741436464088396,0.0,20.82,170.95199999999997,0.9444861878453037,0.0,12.491999999999999,15.72330241550396,7.005755544258633,19.18405006244678,0.22940850902329898,42,22,32,9,1229.4100866755327,6.7923209208592965,2.165931052141155,11.23751231555103,126.87560498404895,0.7009701932820384,0.0,5.791772335593781,1102.5344816914837,6.091350727577258,0.0,11.23751231555103,1268.7560498404896,11025.344816914838,12294.100866755327,1058.4580866755327,0.10320039371657937,0.8967996062834206,16.51,7.0,7.0,115.57,7029.54,812403.94,76.8477316681096,667.7979901220374,744.645721790147
Sonora,Imuris,35,Magdalena,140,Chile verde,2018,2019,30.838011,-110.787299,987.0,1245.181723252545,6.879457034544448,2.7733305901019993,10.869476521800454,22.333922651933705,8.64,32.45,29.847237569060777,16.72,40.48,14.820607734806629,-2.98,24.42,37.0553591160221,7.56,78.67,25.832983425414366,7.32,32.98,2.3775138121546964,0.96,5.3,256.34999999999997,1.4162983425414364,0.0,52.4,153.80999999999997,0.8497790055248617,0.0,31.439999999999998,15.496221921353458,6.291228350006676,19.73014723598979,0.2058735646475656,41,15,32,20,1242.2944050512538,6.86350500028317,2.2520011089850605,11.412950347890478,109.30782592772157,0.6039106404846495,0.0,6.54535223415171,1132.9865791235322,6.259594359798521,0.0,11.052493696286602,1093.0782592772157,11329.865791235323,12422.944050512539,1088.4844050512538,0.08798866475069717,0.9120113352493029,16.8,12.0,12.0,201.6,8971.84,1808722.94,65.06418209983427,674.3967732878168,739.4609553876511
Sonora,Imuris,35,Magdalena,140,Chile verde,2019,2020,30.838011,-110.787299,987.0,1192.9133326600002,6.590681395911603,1.5339442905350555,11.359862251227245,21.261132596685083,7.1450000000000005,31.75,28.76530386740332,10.64,39.73,13.756961325966852,-0.83,24.9,40.16110497237569,13.58,83.0,25.85950276243094,7.17,32.89,2.471436464088398,0.93,5.14,201.94,1.1156906077348065,0.0,31.22,161.55200000000002,0.8925524861878454,0.0,24.976,15.743442861453527,5.680875880833814,19.624151826363832,0.16928304384838005,35,10,27,12,1194.1862125230027,6.597713881342557,0.9203665743210333,11.927855363788607,106.80767458274994,0.5900976496284527,0.0,6.957789453847488,1087.378537940253,6.007616231714104,0.0,11.927855363788607,1068.0767458274995,10873.785379402529,11941.862125230029,1032.6342125230026,0.08943971506511811,0.9105602849348821,16.5,9.0,9.0,148.5,8252.53,1225500.71,64.73192398954542,659.0172957213654,723.7492197109108
Sonora,Imuris,35,Magdalena,140,Chile verde,2020,2021,30.838011,-110.787299,987.0,1228.6858075207551,6.788319378567708,1.2100577731303734,10.84978487028401,22.22303867403315,5.945,32.22,29.98397790055249,10.15,40.81,14.462099447513811,-1.94,23.89,40.046408839779005,10.62,85.18,26.028784530386744,4.01,33.85,2.4198342541436464,0.91,5.15,204.01,1.1271270718232043,0.0,17.64,163.208,0.9017016574585636,0.0,14.112000000000002,15.864862061268166,4.1324752431736504,19.419159094799298,0.16603919305591378,41,14,61,20,1239.6012596881667,6.848625744133518,0.726034663878224,11.39227411379821,114.93838611167527,0.6350187077993109,0.0,7.430261760343749,1124.6628735764916,6.213607036334208,0.0,11.39227411379821,1149.3838611167528,11246.628735764916,12396.012596881668,1076.3932596881666,0.09272206301289908,0.9072779369871011,17.5,8.0,8.0,140.0,10357.14,1449999.6,65.67907777810017,642.6644991865667,708.3435769646668
Sonora,Imuris,35,Magdalena,140,Chile verde,2021,2022,30.838011,-110.787299,987.0,1233.5338698974133,6.815104253576869,2.345750413087883,11.09014299682453,21.751132596685085,4.925,32.215,29.434088397790052,9.49,41.51,14.068176795580111,-4.35,23.24,37.903480662983426,6.82,87.78,25.78795580110497,10.48,32.88,2.5156906077348067,0.92,5.26,284.7200000000001,1.5730386740331497,0.0,22.46,170.83199999999997,0.9438232044198893,0.0,13.476,15.466889542894751,8.052531524980273,19.042894986830017,0.23081652393029045,46,19,30,22,1226.3497997696736,6.775413258395987,1.6086843813067007,11.644650146665757,136.23348652128016,0.7526711962501667,0.0,6.4096003768438825,1090.116313248394,6.022742062145823,0.0,11.644650146665757,1362.3348652128016,10901.16313248394,12263.49799769674,1055.5177997696737,0.11108860338776652,0.8889113966122338,18.0,5.0,5.0,90.0,10560.0,950400.0,75.68527028960008,605.6201740268856,681.3054443164857
Sonora,Imuris,35,Magdalena,140,Chile verde,2022,2023,30.838011,-110.787299,987.0,1223.4752070015068,6.759531530395065,2.1987503088809395,10.85230799958589,21.91704419889503,7.104999999999999,30.76,29.668397790055245,14.92,39.67,14.165690607734808,-2.37,23.45,37.29751381215469,3.84,87.23,25.783480662983422,8.33,32.92,2.349502762430939,0.77,5.01,368.56,2.036243093922652,0.0,24.87,221.13599999999997,1.221745856353591,0.0,14.922,15.405904906133017,6.657917431048887,19.223568720415418,0.30124026861424263,62,27,29,20,1214.4193748244381,6.70949930842231,2.051758787575166,11.394923399565185,179.49959246669985,0.9917104556171262,0.0,7.696560929384697,1034.9197823577383,5.717788852805184,0.0,11.394923399565185,1794.9959246669985,10349.197823577382,12144.193748244381,993.2833748244382,0.1478069241876589,0.8521930758123412,17.0,5.0,5.0,85.0,10300.0,875500.0,105.58799556864697,608.7763425633755,714.3643381320225
Sonora,Imuris,35,Magdalena,140,Chile verde,2023,2024,30.838011,-110.787299,987.0,1278.190582272075,7.06182642139268,2.163817539261595,10.833023943582091,22.17074585635359,2.525,32.535,30.226077348066298,9.11,40.87,14.115414364640884,-4.06,25.07,34.22259668508288,8.17,77.91,26.304033149171268,10.48,32.48,2.526353591160221,0.88,5.72,136.42,0.7537016574585634,0.0,9.62,109.136,0.6029613259668508,0.0,7.696,15.757948286207506,7.920399749875114,19.56755923497311,0.1067289979225975,42,4,50,19,1284.806705925666,7.098379590749536,1.2982905235569568,11.374675140761196,104.1986926011661,0.5756833845368293,0.0,6.5200000000000005,1180.6080133244998,6.522696206212706,0.0,11.374675140761196,1041.9869260116611,11806.080133244997,12848.067059256658,1175.670705925666,0.08110067617221375,0.9188993238277862,16.67,3.0,3.0,50.01,10750.0,537607.5,62.50671421785609,708.2231633620273,770.7298775798835
Sonora,Imuris,35,Magdalena,140,Cilantro,2015,2016,30.838011,-110.787299,987.0,367.20073208647455,3.8250076259007764,1.492772193427534,5.93008465356601,18.122916666666665,5.585,26.34,24.69739583333333,11.19,33.57,11.5484375,-2.71,20.91,56.65729166666667,27.29,89.84,16.881145833333335,5.87,24.64,2.1942708333333334,0.94,4.88,149.03,1.5523958333333334,0.0,54.96,119.22400000000002,1.2419166666666668,0.0,43.968,9.646261364819301,4.315839690098822,15.530560188720772,0.40585431067415173,26,8,0,17,335.91775637087164,3.499143295529913,1.4181335837561573,5.93008465356601,47.51120199657266,0.4949083541309652,0.0,4.171517943832539,288.40655437429893,3.004234941398947,0.0,5.93008465356601,475.1120199657266,2884.0655437429896,3359.177563708716,216.69375637087163,0.14143700681341084,0.858562993186589,9.51,22.0,22.0,209.22,8350.0,1746987.0,49.95920294066526,303.26661869011457,353.2258216307798
Sonora,Imuris,35,Magdalena,140,Cilantro,2016,2017,30.838011,-110.787299,987.0,426.561327555723,4.443347162038781,1.4483317055448186,7.659904312507212,19.37953125,6.055000000000001,27.085,26.294583333333332,12.71,35.04,12.464479166666669,-2.04,20.03,46.9240625,21.9,88.29,18.21875,7.23,26.66,2.2130208333333337,0.89,5.75,77.59,0.8082291666666667,0.0,46.56,62.072,0.6465833333333334,0.0,37.248000000000005,10.003095007776968,4.800798008617634,15.62346825491396,0.18189647065430278,7,3,1,12,389.18345694653976,4.053994343193122,1.3759151202675777,6.871767678309032,18.743285888653542,0.19524256134014106,0.0,4.420896088527432,370.44017105788623,3.8587517818529817,0.0,6.871767678309032,187.43285888653543,3704.4017105788625,3891.834569465398,327.11145694653976,0.04816054113838712,0.9518394588616129,10.0,15.0,15.0,150.0,3098.66,464799.0,18.743285888653542,370.44017105788623,389.18345694653976
Sonora,Imuris,35,Magdalena,140,Cilantro,2017,2018,30.838011,-110.787299,987.0,470.59770761064476,4.902059454277549,1.922364409787758,7.667086313893025,21.033125000000002,13.58,27.455,28.474270833333332,17.57,35.74,13.591979166666667,6.3,20.61,40.17416666666667,20.8,72.8,18.586875000000003,5.92,24.87,2.0711458333333335,0.87,4.04,18.77,0.19552083333333334,0.0,6.51,15.016000000000002,0.15641666666666668,0.0,5.208,10.078255767240131,4.170926780846722,15.253316650844342,0.03988544715889183,6,1,2,0,431.1195989473072,4.490829155701117,1.82624618929837,7.667086313893025,12.204427931182614,0.12712945761648556,0.0,2.3964279311826124,418.9151710161246,4.363699698084631,0.0,7.667086313893025,122.04427931182614,4189.151710161246,4311.195989473073,416.1035989473072,0.02830868269729087,0.9716913173027091,20.55,5.0,5.0,102.75,7410.0,761377.5,5.938894370405165,203.8516647280412,209.79055909844635
Sonora,Imuris,35,Magdalena,140,Cilantro,2018,2019,30.838011,-110.787299,987.0,371.24300068353364,3.8671145904534754,1.349590455309512,6.239342093464838,17.752916666666664,4.71,27.089999999999996,24.37552083333333,11.2,34.98,11.130312500000002,-1.78,20.2,56.62260416666667,33.54,89.5,17.793333333333333,4.48,25.38,2.060520833333333,1.0,7.6,139.54999999999998,1.453645833333333,0.0,26.28,111.64,1.1629166666666666,0.0,21.024,10.127373203557726,4.081893206705742,16.00601626807713,0.37589934286453924,20,7,0,18,334.9532168269391,3.489096008613949,1.349590455309512,6.1618513975046145,45.10881457778544,0.46988348518526496,0.0,3.6880000000000006,289.84440224915375,3.019212523428685,0.0,6.1618513975046145,451.0881457778544,2898.4440224915375,3349.532168269392,223.31321682693914,0.13467198495690785,0.8653280150430923,10.1,5.5,5.5,55.55,7160.0,397738.0,44.66219265127271,286.97465569223147,331.6368483435042
Sonora,Imuris,35,Magdalena,140,Cilantro,2019,2020,30.838011,-110.787299,987.0,379.0802647176562,3.948752757475585,0.7181161583892988,6.256534083331093,18.72375,6.5,26.94,25.3871875,11.03,34.11,12.0603125,0.74,21.5,55.28000000000001,26.67,92.95,16.826875,2.38,25.03,2.174375,0.57,6.07,239.55,2.4953125000000003,0.0,47.7,191.64000000000004,1.9962500000000005,0.0,38.160000000000004,9.685371465782024,2.943767823395902,16.093854484620845,0.6319242184196001,20,9,0,9,344.15212971497976,3.5849180178643727,0.6822103504698338,5.814119484646502,41.33144176910103,0.4305358517614691,0.0,3.7439999999999998,302.8206879458787,3.1543821661029035,0.0,5.814119484646502,413.31441769101036,3028.206879458787,3441.5212971497976,152.51212971497972,0.1200964288767614,0.8799035711232386,10.5,3.0,3.0,31.5,7000.0,220500.0,39.36327787533432,288.40065518655115,327.7639330618855
Sonora,Imuris,35,Magdalena,140,Cilantro,2022,2023,30.838011,-110.787299,987.0,358.7912748996627,3.737409113538153,1.4536524103365986,6.507234273620205,17.256249999999998,6.989999999999999,25.57,23.791875,12.62,32.82,10.720625,-0.93,19.69,58.01583333333334,30.24,81.72,17.51125,5.94,26.0,2.1115625,1.03,4.53,82.98,0.864375,0.0,9.24,66.38400000000001,0.6915000000000001,0.0,7.392,9.96738221689881,4.240964861018287,16.317996604680737,0.2312765270649507,24,3,0,24,324.80529143954334,3.383388452495243,1.3809697898197686,5.862083114097536,52.099062908654716,0.5426985719651533,0.0,3.2159999999999997,272.70622853088867,2.8406898805300904,0.0,4.956158520865764,520.9906290865472,2727.0622853088867,3248.0529143954336,258.4212914395433,0.16040090565566423,0.8395990943443359,12.0,5.0,5.0,60.0,9500.0,570000.0,43.415885757212266,227.2551904424072,270.6710761996195
Sonora,Imuris,35,Magdalena,140,Cilantro,2023,2024,30.838011,-110.787299,987.0,478.4293415781979,4.983638974772895,1.4534689413203021,7.579254267013951,20.51390625,7.92,30.27,27.91916666666667,12.6,39.16,13.108645833333334,1.74,22.82,40.03104166666667,17.78,80.29,18.7978125,7.64,26.96,2.2140625000000003,1.13,5.4,35.99,0.3748958333333334,0.0,9.48,28.792,0.29991666666666666,0.0,7.5840000000000005,10.094587593214184,5.033560480944645,15.971915233456167,0.0752253193361418,8,3,8,11,434.1203712048086,4.522087200050089,1.380795494254287,7.579254267013951,18.33272384106924,0.19096587334447124,0.0,3.860110580822586,415.7876473637393,4.331121326705618,0.0,7.579254267013951,183.3272384106924,4157.876473637393,4341.203712048085,405.3283712048086,0.04222958667014559,0.9577704133298544,11.0,2.0,2.0,22.0,9704.55,213500.1,16.666112582790216,377.98877033067214,394.65488291346236
Sonora,Imuris,35,Magdalena,140,Col (repollo),2010,2011,30.838011,-110.787299,987.0,112.60703990077072,2.559250906835698,0.8949712546795854,4.076618363028761,8.617840909090908,2.9850000000000003,13.945,15.121590909090907,7.39,21.14,2.1140909090909092,-4.41,8.17,55.117954545454545,22.92,90.13,13.662954545454545,4.23,19.8,2.6574999999999998,1.25,8.97,122.07000000000001,2.774318181818182,0.0,35.27,97.656,2.219454545454546,0.0,28.216000000000005,6.917366794988438,3.7568952976155168,10.267512182915205,1.0840352442224577,12,6,0,41,82.12837483824035,1.8665539735963714,0.6264798782757097,3.55206277897382,14.18160665676777,0.3223092421992675,0.0,1.738100424943523,67.94676818147259,1.5442447313971044,0.0,3.55206277897382,141.8160665676777,679.4676818147259,821.2837483824036,-15.527625161759659,0.17267609014180293,0.8273239098581973,31.0,11.0,11.0,341.0,2700.0,920700.0,4.290306052569284,20.55567030145896,24.845976354028245
Sonora,Imuris,35,Magdalena,140,Col (repollo),2011,2012,30.838011,-110.787299,987.0,631.9165812023648,3.8067263927853303,1.2033199572068758,7.037278115152878,14.511626506024099,-7.15,26.775000000000002,21.85759036144578,-3.06,35.11,7.1656626506024095,-11.24,20.35,44.893313253012046,17.45,89.98,17.23475903614458,7.01,26.19,2.2957831325301203,0.78,8.6,74.36000000000001,0.44795180722891575,0.0,17.25,59.488,0.3583614457831325,0.0,13.8,8.865946394121197,4.483632185522038,16.27706377389525,0.11767375981575484,13,5,1,73,584.2340372208455,3.519482151932804,1.2634859550672197,7.155605187563772,32.133272060323804,0.1935739280742398,0.0,4.750393409031996,552.1007651605216,3.325908223858564,0.0,7.155605187563772,0.0,0.0,0.0,524.7460372208454,0.05500068467968625,0.9449993153203137,30.0,9.0,4.0,120.0,2200.0,264000.0,0.0,0.0,0.0
Sonora,Imuris,35,Magdalena,140,Col (repollo),2012,2013,30.838011,-110.787299,987.0,631.894134978975,3.8065911745721386,0.8296746826326784,7.252406395558742,14.68617469879518,-0.2649999999999997,29.259999999999998,22.02777108433735,4.82,36.25,7.344578313253012,-5.35,23.13,44.98728915662652,21.73,90.72,16.619277108433735,2.47,25.04,2.2906626506024095,1.0,6.34,133.84,0.8062650602409639,0.0,23.25,107.07199999999999,0.645012048192771,0.0,18.6,8.609745564563394,3.0335513387150126,15.755030776056152,0.21180763135972652,26,7,4,78,582.2504328195228,3.5075327278284503,0.8711584167643124,6.661174084366607,55.63013312303852,0.33512128387372603,0.0,5.076684476891119,526.6202996964842,3.172411443954724,0.0,6.661174084366607,0.0,0.0,0.0,475.17843281952275,0.0955433091799554,0.9044566908200444,46.0,15.0,15.0,690.0,2300.0,1587000.0,0.0,0.0,0.0
Sonora,Imuris,35,Magdalena,140,Col (repollo),2013,2014,30.838011,-110.787299,987.0,596.542916109672,3.59363202475706,1.1445377574790796,6.232447130085042,14.578253012048192,-1.125,27.18,21.528373493975902,4.11,34.91,7.628132530120482,-6.41,19.83,47.00969879518072,24.68,88.01,16.24259036144578,6.21,24.91,2.1848795180722895,0.92,5.95,149.72000000000003,0.9019277108433736,0.0,15.91,119.77600000000001,0.7215421686746989,0.0,12.728000000000002,8.526230651704088,4.382945010804168,15.127063087316074,0.25097942823023084,23,9,0,58,550.9165885259613,3.318774629674466,1.2017646453530337,5.948079681374395,51.88810706294118,0.31257895821048903,0.0,3.904,499.02848146302006,3.0061956714639764,0.0,5.948079681374395,0.0,0.0,0.0,431.1405885259613,0.09418505113772957,0.9058149488622703,30.0,9.0,9.0,270.0,2800.0,756000.0,0.0,0.0,0.0
Sonora,Imuris,35,Magdalena,140,Col (repollo),2014,2015,30.838011,-110.787299,987.0,650.4549489805115,3.918403307111515,0.883434439040815,6.982067828740029,15.064216867469879,3.255,27.1,22.43975903614458,6.34,34.55,7.6886746987951815,-3.94,20.81,44.92921686746988,21.86,88.91,16.873072289156628,5.74,25.24,2.379036144578313,0.86,5.73,83.34,0.5020481927710844,0.0,15.28,66.67200000000001,0.40163855421686756,0.0,12.224,8.754400733974498,4.067206862719601,16.064243823643515,0.12812570667749193,12,6,0,60,600.6366780371446,3.6182932411876183,0.9276061609928558,6.084850494752731,29.223807110187547,0.17604703078426234,0.0,4.12894987220163,571.4128709269571,3.442246210403356,0.0,6.060850494752731,0.0,0.0,0.0,533.9646780371446,0.048654716201630775,0.9513452837983692,37.5,6.0,6.0,225.0,4500.0,1012500.0,0.0,0.0,0.0
Sonora,Imuris,35,Magdalena,140,Col (repollo),2015,2016,30.838011,-110.787299,987.0,546.8225484106501,3.294111737413555,0.845952338271608,6.880512904951088,14.92144578313253,1.04,26.994999999999997,21.596144578313254,6.63,34.27,8.24674698795181,-4.92,20.33,58.68222891566265,29.44,91.8,16.077289156626506,2.56,26.4,2.202409638554217,0.7,7.07,334.64000000000004,2.0159036144578315,0.0,90.84,200.78400000000002,1.209542168674699,0.0,54.504,8.747436856506065,3.1642593937913195,15.877581853394876,0.611971837980415,30,14,0,55,507.9974232826593,3.060225441461803,0.7994195260936265,4.977426158190359,51.77567804247975,0.3119016749546973,0.0,3.3970590046319913,456.22174524017953,2.7483237665071054,0.0,4.977426158190359,0.0,0.0,0.0,307.2134232826593,0.1019211430402685,0.8980788569597314,34.8,12.0,12.0,417.64,3500.0,1461740.0,0.0,0.0,0.0
Sonora,Imuris,35,Magdalena,140,Col (repollo),2016,2017,30.838011,-110.787299,987.0,564.9313150270086,3.403200692933787,0.6481940409006496,5.93008465356601,14.171475903614455,0.44499999999999984,26.34,21.055301204819273,5.52,33.57,7.287650602409637,-4.85,20.91,53.51626506024097,27.29,94.27,15.910180722891567,5.57,24.64,2.376566265060241,0.94,6.08,206.92,1.2465060240963854,0.0,54.96,165.53600000000003,0.9972048192771086,0.0,43.968,8.493611172697053,4.108877230507974,15.530560188720772,0.3662746151540695,35,11,0,74,523.794532739438,3.1553887514423975,0.680603742945682,5.127117435538047,62.316295932953096,0.37539937309007887,0.0,4.380093841024166,461.4782368064849,2.779989378352319,0.0,5.111117435538047,0.0,0.0,0.0,358.2585327394379,0.11897087891895274,0.8810291210810474,32.8,8.0,8.0,262.4,1590.7,417399.68,0.0,0.0,0.0
Sonora,Imuris,35,Magdalena,140,Col (repollo),2017,2018,30.838011,-110.787299,987.0,618.4656676185227,3.725696792882667,0.8875658185659006,7.659904312507212,15.907259036144579,3.2800000000000002,27.085,22.694216867469883,7.55,35.04,9.120301204819276,-3.84,20.03,49.78777108433735,21.9,90.22,16.16909638554217,3.82,26.66,2.352409638554217,0.89,6.4,175.49,1.0571686746987952,0.0,46.56,140.392,0.8457349397590361,0.0,37.248000000000005,8.579403233740534,3.5421690014399845,15.62346825491396,0.283750593102032,18,10,1,46,572.6898774685753,3.449939020895032,0.9319441094941956,7.215356062224484,36.157673373692106,0.2178173094800729,0.0,3.0946272619692023,536.5322040948834,3.23212171141496,0.0,7.215356062224484,0.0,0.0,0.0,432.29787746857534,0.06313656796854446,0.9368634320314557,34.0,50.0,50.0,1700.0,3116.09,5297353.0,0.0,0.0,0.0
Sonora,Imuris,35,Magdalena,140,Col (repollo),2018,2019,30.838011,-110.787299,987.0,717.7531628990007,4.32381423433133,0.9128160580031739,7.667086313893025,17.493433734939757,3.75,27.455,24.839759036144574,9.07,35.74,10.14710843373494,-4.92,20.61,38.706927710843374,15.04,89.82,16.843493975903613,5.27,24.87,2.2849397590361447,0.87,5.9,41.010000000000005,0.24704819277108436,0.0,15.63,32.808,0.19763855421686746,0.0,12.504000000000001,8.611659291829913,3.9292834099461804,15.253316650844342,0.057136634319186926,9,2,2,31,667.163490236879,4.019057170101681,0.9584568609033326,8.050440629587676,18.450884792085947,0.11114990838605993,0.0,2.8160000000000003,648.7126054447931,3.907907261715621,0.0,8.050440629587676,0.0,0.0,0.0,634.3554902368791,0.02765571716991721,0.9723442828300828,34.2,53.0,53.0,1812.6,3344.63,6062476.34,0.0,0.0,0.0
Sonora,Imuris,35,Magdalena,140,Col (repollo),2019,2020,30.838011,-110.787299,987.0,543.1110077024339,3.2717530584483967,0.8329920527980262,6.239342093464838,14.117921686746987,-0.1349999999999998,27.089999999999996,20.791626506024095,4.2,34.98,7.44421686746988,-5.15,20.2,56.75801204819277,29.02,91.0,15.769397590361445,2.64,25.38,2.2145180722891564,1.0,7.6,210.25,1.266566265060241,0.0,26.28,168.20000000000002,1.0132530120481928,0.0,21.024,8.614881527616653,3.1240551662793195,16.00601626807713,0.38712159580310745,39,9,0,68,497.25245165329363,2.995496696706588,0.8746416554379276,4.489250300504222,72.91632529047084,0.4392549716293424,0.0,3.6880000000000006,424.3361263628228,2.556241725077246,0.0,4.489250300504222,0.0,0.0,0.0,329.0524516532936,0.14663844300422135,0.8533615569957786,34.5,45.0,45.0,1552.5,3485.51,5411254.28,0.0,0.0,0.0
Sonora,Imuris,35,Magdalena,140,Col (repollo),2022,2023,30.838011,-110.787299,987.0,625.6982716170437,3.769266696488215,0.8903941773821963,6.571588063783056,15.526596385542168,2.1300000000000003,26.835,22.65096385542169,9.3,34.93,8.40222891566265,-5.37,20.35,46.81349397590362,21.37,90.16,16.51433734939759,4.6,24.89,2.26289156626506,0.94,6.58,88.16,0.5310843373493975,0.0,27.87,70.52800000000002,0.4248674698795182,0.0,22.296000000000003,8.702395199324613,3.725158151670839,15.617924884044276,0.14089858322951865,20,4,0,56,580.9599916606676,3.499758985907636,0.9349138862513061,6.312185553610208,37.24535729471158,0.22436962225729867,0.0,3.166138335749501,543.714634365956,3.2753893636503375,0.0,6.312185553610208,0.0,0.0,0.0,510.43199166066756,0.06411002105023815,0.9358899789497619,34.75,40.0,40.0,1390.0,5500.0,7645000.0,0.0,0.0,0.0
Sonora,Imuris,35,Magdalena,140,Col (repollo),2023,2024,30.838011,-110.787299,987.0,540.9532317189969,3.2587544079457644,0.9791758414114304,6.507234273620205,13.571114457831325,0.9700000000000002,25.57,20.280783132530125,5.69,32.82,6.86144578313253,-4.66,19.69,55.3666265060241,26.08,86.55,16.030180722891565,1.66,26.0,2.268433734939759,1.03,6.83,142.51,0.8584939759036144,0.0,13.81,114.00800000000001,0.6867951807228916,0.0,11.048000000000002,8.621910549340393,2.8116892386085244,16.317996604680737,0.26344236736906695,33,8,0,85,500.3330984812455,3.014054810127985,1.028134633482002,5.046620357836607,61.684723622040586,0.37159472061470233,0.0,3.058215814590026,438.64837485920486,2.6424600895132824,0.0,5.046620357836607,0.0,0.0,0.0,386.3250984812455,0.12328731361024035,0.8767126863897595,38.02,62.0,62.0,2357.14,5366.05,12648521.14,0.0,0.0,0.0
Sonora,Imuris,35,Magdalena,140,Elote,2011,2012,30.838011,-110.787299,987.0,838.5904056478415,7.623549142253105,3.028882080728517,10.72503767616954,18.902499999999996,7.4399999999999995,28.345,28.05045454545454,14.12,37.43,9.754545454545456,-1.12,19.26,22.737363636363632,8.05,67.84,28.356181818181817,16.64,33.27,3.0614545454545454,1.55,6.1,6.42,0.05836363636363636,0.0,5.84,5.136,0.046690909090909095,0.0,4.672,15.920753664458157,10.447663601558457,19.062228021632848,0.007655704091964082,1,1,8,16,841.4368982197191,7.649426347451992,1.7204764499736662,11.540257172730911,3.9472143928377945,0.03588376720761632,0.0,3.4832143928377945,837.4896838268812,7.613542580244375,0.0,11.540257172730911,39.472143928377946,8374.896838268813,8414.368982197191,836.3008982197191,0.004691040292134995,0.9953089597078649,9.85,12.0,12.0,118.2,5450.0,644190.0,4.007324256688117,850.2433338343973,854.2506580910854
Sonora,Imuris,35,Magdalena,140,Elote,2012,2013,30.838011,-110.787299,987.0,819.9274561091845,7.45388596462895,1.604942631479033,11.475473249304375,18.971136363636365,2.9699999999999998,29.655,27.980636363636364,6.05,38.37,9.961636363636364,-4.48,20.94,23.702181818181817,6.34,77.45,28.19754545454546,6.84,33.15,2.914636363636364,1.52,6.35,17.999999999999996,0.1636363636363636,0.0,5.95,14.4,0.13090909090909092,0.0,4.760000000000001,15.878646688643583,5.672857664682033,19.029577321432022,0.021953161668003776,4,2,13,19,833.2916137792607,7.575378307084188,0.6419770525916132,12.049246911769595,6.943348927919054,0.06312135389017322,0.0,2.72,826.3482648513417,7.512256953194015,0.0,12.049246911769595,69.43348927919054,8263.482648513416,8332.916137792607,818.8916137792608,0.008332435864113173,0.9916675641358869,9.63,10.0,10.0,96.32,4850.0,467152.0,7.2101234973198896,858.0978866576755,865.3080101549954
Sonora,Imuris,35,Magdalena,140,Elote,2013,2014,30.838011,-110.787299,987.0,804.0632543780683,7.3096659488915305,2.5846278658383266,10.631416518156925,19.267136363636364,5.925,29.895000000000003,27.993727272727277,10.91,40.17,10.540545454545454,-1.06,21.34,26.13,10.3,64.9,27.96681818181818,10.5,32.78,2.8343636363636366,1.46,6.59,6.970000000000001,0.06336363636363637,0.0,3.47,5.5760000000000005,0.0506909090909091,0.0,2.7760000000000002,15.913605276766402,7.223748537275327,19.183384817664514,0.008668472240273183,2,0,16,15,812.6340219103085,7.387582017366442,1.0338511463353306,11.212791364609991,3.833851146335331,0.0348531922394121,0.0,2.064,808.8001707639733,7.35272882512703,0.0,11.212791364609991,38.33851146335331,8088.001707639733,8126.3402191030855,807.0580219103085,0.0047178078236533375,0.9952821921763467,9.65,10.0,10.0,96.5,4950.0,477675.0,3.9729027423164056,838.134891983392,842.1077947257083
Sonora,Imuris,35,Magdalena,140,Elote,2015,2016,30.838011,-110.787299,987.0,687.7580751023552,6.252346137294138,1.4797278464736996,10.183108164255872,18.068454545454546,7.414999999999999,31.314999999999998,25.888727272727273,12.37,40.26,10.248181818181816,0.2,22.37,38.620363636363635,15.47,86.22,25.928636363636368,6.35,33.09,2.7756363636363632,1.34,5.23,48.519999999999996,0.44109090909090903,0.0,14.14,38.816,0.3528727272727273,0.0,11.312000000000001,15.431173309769333,5.181371439141497,19.989841774107187,0.07054806298389013,9,4,7,7,703.2087796848883,6.39280708804444,0.5918911385894798,10.692263572468667,16.788145883106743,0.15261950802824312,0.0,5.693294229355275,686.4206338017814,6.240187580016195,0.0,10.692263572468667,167.88145883106745,6864.206338017813,7032.08779684888,664.3927796848883,0.02387362952241524,0.9761263704775844,13.15,18.0,18.0,236.7,2222.05,525959.24,12.766650861678132,521.9928774158033,534.7595282774814
Sonora,Imuris,35,Magdalena,140,Elote,2017,2018,30.838011,-110.787299,987.0,796.7120798496655,7.242837089542414,3.2424860425587743,10.702392681477171,19.937090909090916,10.505,29.34,28.596545454545456,15.8,40.11,11.277636363636363,0.92,21.93,27.132454545454543,5.45,63.29,27.86681818181818,10.51,33.34,2.7206363636363644,1.35,5.63,6.81,0.06190909090909091,0.0,3.44,5.448,0.04952727272727273,0.0,2.7520000000000002,15.870149782243468,7.005755544258633,19.18405006244678,0.00854762990575592,3,0,15,9,802.3996132320966,7.294541938473605,1.4439540347607702,11.23751231555103,5.448,0.04952727272727273,0.0,2.7520000000000002,796.9516132320965,7.245014665746332,0.9768589489425898,11.23751231555103,54.480000000000004,7969.516132320965,8023.9961323209645,796.9516132320966,0.006789634379377685,0.9932103656206221,9.52,8.0,8.0,76.16,3272.23,249213.04,5.722689075630253,837.1340475127064,842.8567365883366
Sonora,Imuris,35,Magdalena,140,Elote,2018,2019,30.838011,-110.787299,987.0,790.5569449879255,7.18688131807205,2.7733305901019993,10.526184472653906,19.960818181818187,8.64,29.919999999999998,28.33445454545455,16.72,37.93,11.587181818181817,-2.98,22.79,27.582,7.56,62.36,26.963545454545457,7.32,32.88,2.728272727272728,1.44,5.3,19.97,0.18154545454545454,0.0,8.9,15.976000000000003,0.14523636363636366,0.0,7.120000000000001,15.473629422793968,6.291228350006676,19.350459827119963,0.025260672398880777,4,2,11,20,806.928479227428,7.335713447522073,1.5013340726567073,11.052493696286602,11.7679971196071,0.10698179199642818,0.0,5.0,795.1604821078208,7.228731655525644,0.0,11.052493696286602,117.67997119607101,7951.604821078208,8069.284792274279,790.9524792274281,0.01458369288300997,0.9854163071169899,9.6,10.0,10.0,96.0,3061.46,293900.16,12.258330332924064,828.2921688623134,840.5504991952374
Sonora,Imuris,35,Magdalena,140,Elote,2019,2020,30.838011,-110.787299,987.0,702.3355143440982,6.384868312219075,1.5339442905350555,11.359862251227245,17.609545454545458,7.1450000000000005,29.91,25.709818181818186,10.64,38.28,9.509272727272725,-0.83,21.54,36.966818181818184,14.52,83.0,26.44545454545454,7.17,32.89,2.7776363636363635,0.94,5.14,43.42,0.39472727272727276,0.0,31.22,34.736000000000004,0.3157818181818182,0.0,24.976,15.655093597273563,5.680875880833814,19.624151826363832,0.061822304458787565,5,1,4,12,718.5872554999993,6.532611413636357,0.6135777162140222,11.927855363788607,9.92216557477871,0.09020150522526099,0.0,3.5600000000000005,708.6650899252206,6.442409908411096,0.0,11.927855363788607,99.2216557477871,7086.650899252207,7185.872554999994,683.8512554999993,0.013807878582364755,0.9861921214176353,9.8,12.0,12.0,117.6,3022.96,355500.1,10.124658749774193,723.1276427808374,733.2523015306116
Sonora,Imuris,35,Magdalena,140,Elote,2020,2021,30.838011,-110.787299,987.0,711.6646100272302,6.46967827297482,1.2100577731303734,10.84978487028401,18.46590909090909,5.945,28.924999999999997,26.537272727272722,10.15,38.12,10.394545454545455,-1.94,20.09,39.535363636363634,10.62,85.18,26.453181818181818,4.01,33.85,2.6859090909090897,1.17,5.15,75.31,0.6846363636363637,0.0,17.64,60.248000000000005,0.5477090909090909,0.0,14.112000000000002,15.733968397116108,4.1324752431736504,19.419159094799298,0.10582231986654281,10,4,17,20,735.4780141829334,6.686163765299395,0.4840231092521494,11.39227411379821,17.404725844094916,0.15822478040086288,0.0,2.904,718.0732883388384,6.527938984898531,0.0,11.39227411379821,174.04725844094915,7180.732883388384,7354.780141829333,675.2300141829334,0.023664508671180872,0.976335491328819,8.67,15.0,15.0,130.0,3630.77,472000.1,20.074654952819973,828.2275528706325,848.3022078234525
Sonora,Imuris,35,Magdalena,140,Elote,2021,2022,30.838011,-110.787299,987.0,813.6597962323069,7.396907238475517,2.6811406355111678,11.09014299682453,19.08790909090909,4.925,32.215,27.821545454545454,9.49,41.51,10.354272727272726,-4.35,22.92,24.644090909090917,6.82,63.66,27.587727272727275,13.09,32.88,2.9861818181818185,1.47,5.26,7.470000000000001,0.06790909090909092,0.0,3.97,5.976000000000001,0.05432727272727274,0.0,3.176,15.630844616199902,8.776959884376359,19.042894986830017,0.009180741182727985,3,0,10,22,827.0143065357545,7.518311877597768,1.079249140020926,11.644650146665757,5.8833117308378435,0.05348465209852585,0.0,3.083311730837843,821.1309948049166,7.464827225499241,0.0,11.644650146665757,58.833117308378434,8211.309948049166,8270.143065357544,821.0383065357545,0.0071139177210636185,0.9928860822789363,9.0,5.0,5.0,45.0,4200.0,189000.0,6.5370130342642705,912.3677720054628,918.9047850397271
Sonora,Imuris,35,Magdalena,140,Elote,2022,2023,30.838011,-110.787299,987.0,825.3385962485761,7.503078147714328,3.419597979291943,10.85230799958589,19.64104545454546,7.104999999999999,30.76,28.67790909090909,14.92,39.67,10.604181818181816,-2.37,21.97,22.627454545454544,3.84,63.24,27.805181818181826,11.31,32.92,2.841363636363637,1.26,5.01,14.780000000000001,0.13436363636363638,0.0,4.86,11.824000000000002,0.10749090909090911,0.0,3.8880000000000003,15.625678403111943,7.374465545371672,19.223568720415418,0.01790780180059403,4,0,17,20,838.7085826277652,7.624623478434229,1.4553386265403663,11.396864307480095,11.824000000000002,0.10749090909090911,0.0,3.8880000000000003,826.8845826277651,7.517132569343319,0.04453767618573412,11.396864307480095,118.24000000000001,8268.845826277651,8387.085826277651,826.8845826277652,0.014097864556189617,0.9859021354438103,10.0,6.0,6.0,60.0,4758.33,285499.8,11.824000000000002,826.8845826277651,838.708582627765
Sonora,Imuris,35,Magdalena,140,Elote,2023,2024,30.838011,-110.787299,987.0,734.1680360072207,6.674254872792916,2.163817539261595,10.676787545960767,17.82195454545455,2.525,28.315,26.266,9.11,35.92,9.37790909090909,-4.06,20.71,32.30654545454545,13.69,77.91,26.844545454545454,12.05,32.48,2.781545454545455,1.29,5.72,18.85,0.17136363636363638,0.0,4.12,15.08,0.1370909090909091,0.0,3.2960000000000003,15.627765609303458,8.177470686177994,19.56755923497311,0.02567532101031787,7,0,1,19,750.5442034857944,6.8231291225981305,0.865527015704638,11.210626923258806,10.26353920770377,0.0933049018882161,0.0,2.4320000000000004,740.2806642780906,6.729824220709915,0.0,11.210626923258806,102.63539207703771,7402.806642780906,7505.442034857944,735.4642034857943,0.013674796447745838,0.9863252035522542,9.5,6.0,6.0,57.0,5234.16,298347.12,10.803725481793442,779.2428045032533,790.0465299850467
Sonora,Imuris,35,Magdalena,140,Espárrago,2016,2017,30.838011,-110.787299,987.0,1474.5213185725652,6.35569533867485,1.8446214349912236,11.202116861072428,20.866487068965515,1.84,32.435,28.570344827586208,7.57,42.66,13.162629310344828,-4.85,23.13,38.44581896551724,9.5,88.29,25.07043103448276,7.23,33.04,2.3772844827586206,0.79,6.08,307.24,1.3243103448275861,0.0,46.56,184.344,0.7945862068965517,0.0,27.936,14.882954078648458,5.896046313753478,19.34542153839416,0.20836592603315413,44,19,28,28,1104.2693629383866,4.759781736803391,0.5937279590635547,10.642011018018806,83.4510232338225,0.35970268635268315,0.0,5.451487880755866,1020.8183397045643,4.400079050450708,0.0,10.642011018018806,834.510232338225,10208.183397045643,11042.693629383868,919.9253629383866,0.07557125646569142,0.9244287435343087,4.9,70.0,70.0,343.0,49892.86,17113250.0,170.3082106812704,2083.3027340909475,2253.610944772218
Sonora,Imuris,35,Magdalena,140,Espárrago,2017,2018,30.838011,-110.787299,987.0,1466.3582071427736,6.3478710265920935,1.3774009298804888,10.702392681477171,21.33670995670996,7.33,33.955,28.884199134199132,10.81,43.11,13.789220779220782,-0.33,25.59,40.626277056277054,5.45,85.48,24.790822510822508,5.84,33.34,2.362727272727273,0.77,6.28,316.97999999999996,1.372207792207792,0.0,20.82,190.188,0.8233246753246752,0.0,12.491999999999999,14.743375219376496,4.789443511929337,19.18405006244678,0.2161681903207276,49,24,34,22,1105.7842182866032,4.786944667907373,0.6887004649402444,10.167273047403313,109.81892926219214,0.47540662018264995,0.0,5.406,995.965289024411,4.311538047724723,0.0,10.167273047403313,1098.1892926219214,9959.65289024411,11057.84218286603,915.5962182866032,0.09931316385791344,0.9006868361420866,10.5,70.0,70.0,735.0,43666.17,32094631.8,104.58945644018299,948.538370499439,1053.127826939622
Sonora,Imuris,35,Magdalena,140,Espárrago,2018,2019,30.838011,-110.787299,987.0,1456.6208773973174,6.305718083971071,0.9265184294325779,10.869476521800454,21.279502164502166,4.32,32.45,28.58874458874459,8.47,40.48,13.97025974025974,-4.7,24.42,40.19606060606061,7.56,93.02,24.34034632034632,3.84,32.98,2.324199134199134,0.96,5.72,405.02,1.7533333333333332,0.0,52.4,243.01199999999994,1.0519999999999998,0.0,31.439999999999998,14.527124206127766,3.8105452862433147,19.73014723598979,0.2780545070339014,59,22,32,33,1121.1575160124348,4.853495740313571,0.46325921471628895,10.32600269571043,106.27261519641424,0.46005461123988844,0.0,5.8662023613646435,1014.8849008160205,4.393441129073682,0.0,9.99987524902121,1062.7261519641424,10148.849008160205,11211.575160124346,878.1455160124349,0.09478830019745019,0.9052116998025497,10.8,70.0,70.0,756.0,45082.5,34082367.3,98.40056962630948,939.7082414963152,1038.1088111226247
Sonora,Imuris,35,Magdalena,140,Espárrago,2019,2020,30.838011,-110.787299,987.0,1381.4425558722132,5.9802708046416155,0.6906259483130978,11.359862251227245,20.03508658008658,0.32499999999999996,31.75,27.308528138528132,3.81,39.73,12.761645021645021,-5.15,24.9,44.1125974025974,13.58,89.53,24.113766233766235,4.24,32.89,2.456883116883117,0.92,5.48,291.22,1.2606926406926409,0.0,31.22,174.732,0.7564155844155844,0.0,18.732,14.648744283906925,4.139387518833644,19.624151826363832,0.21080862085946814,55,13,27,32,1054.9333606685768,4.566811085145354,0.3453129741565489,10.791869138665882,94.05837063401695,0.40717909365375304,0.0,5.4053744171677875,960.87499003456,4.159631991491602,0.0,10.791869138665882,940.5837063401696,9608.7499003456,10549.33360668577,880.2013606685769,0.08916048552527177,0.9108395144747283,8.5,70.0,70.0,595.0,30000.0,17850000.0,110.65690662825524,1130.441164746541,1241.0980713747963
Sonora,Imuris,35,Magdalena,140,Espárrago,2020,2021,30.838011,-110.787299,987.0,1452.1901325691315,6.259440226591084,1.2100577731303734,10.84978487028401,20.94603448275862,0.6949999999999998,32.22,28.54573275862069,7.21,40.81,13.34633620689655,-5.82,23.89,42.464827586206894,10.62,85.18,24.438491379310342,4.01,33.85,2.4459051724137932,0.72,6.58,268.35,1.1566810344827587,0.0,17.7,161.01,0.6940086206896552,0.0,10.62,14.763214188231775,4.1324752431736504,19.419159094799298,0.18478985222496355,49,18,65,40,1088.5357555903706,4.691964463751598,0.6050288865651867,10.30729562676981,87.54584606398474,0.37735278475855494,0.0,3.8339999999999996,1000.989909526386,4.314611678993043,0.0,10.30729562676981,875.4584606398474,10009.89909526386,10885.357555903707,927.5257555903706,0.08042532880925347,0.9195746711907467,9.74,70.0,70.0,682.0,33500.0,22847000.0,89.8827988336599,1027.71037939054,1117.5931782242
Sonora,Imuris,35,Magdalena,140,Espárrago,2021,2022,30.838011,-110.787299,987.0,1460.7525848192522,6.323604263286806,2.345750413087883,11.09014299682453,20.816753246753247,4.925,32.215,28.413809523809526,9.49,41.51,13.219696969696967,-4.35,23.24,39.46948051948052,6.82,87.78,24.497186147186145,10.48,32.88,2.435064935064935,0.92,5.26,336.12000000000006,1.4550649350649354,0.0,25.08,201.672,0.8730389610389611,0.0,15.047999999999998,14.551176187788128,7.134885433996455,19.042894986830017,0.23010056835982956,58,21,30,39,1110.3174261869162,4.8065689445321045,0.8227660875673802,10.535635846983304,122.97796070035052,0.5323721242439416,0.0,5.799162245715894,987.3394654865657,4.2741968202881635,0.0,10.535635846983304,1229.7796070035051,9873.394654865657,11103.174261869162,908.6454261869162,0.11075928180528062,0.8892407181947194,10.0,70.0,70.0,700.0,38637.14,27045998.0,122.97796070035051,987.3394654865657,1110.3174261869162
Sonora,Imuris,35,Magdalena,140,Espárrago,2022,2023,30.838011,-110.787299,987.0,1443.878911755492,6.2505580595475845,1.914492409768865,10.85230799958589,20.55337662337662,2.1300000000000003,30.76,28.20168831168831,8.45,39.67,12.905064935064937,-5.37,23.45,39.83,3.84,87.23,24.511818181818178,7.41,32.92,2.414025974025974,0.77,6.58,388.88000000000005,1.6834632034632038,0.0,24.87,233.328,1.0100779220779221,0.0,14.922,14.521602176328162,5.035137258588238,19.223568720415418,0.26933006419990807,69,27,29,45,1111.3775841345102,4.811158372876668,0.6596250926642818,10.309692599606594,140.09234346398253,0.6064603613159417,0.0,6.963555126586154,971.2852406705276,4.204698011560725,0.0,10.309692599606594,1400.9234346398252,9712.852406705277,11113.775841345101,878.0495841345103,0.12605287839513157,0.8739471216048683,11.12,70.0,70.0,778.4,47335.21,36845727.46,125.9823232589771,873.4579502432804,999.4402735022575
Sonora,Imuris,35,Magdalena,140,Espárrago,2023,2024,30.838011,-110.787299,987.0,1506.4145015098147,6.521274898310886,1.1577386188438075,10.833023943582091,20.92859307359307,2.11,32.535,28.78861471861472,7.88,40.87,13.068571428571428,-5.37,25.07,37.06025974025974,8.17,86.72,24.737575757575755,2.44,32.48,2.5650649350649353,0.78,6.83,197.72,0.8559307359307359,0.0,13.59,158.176,0.6847445887445887,0.0,10.872,14.716995461282986,3.294624890441692,19.56755923497311,0.13125205566053283,55,10,57,43,1142.077015525862,4.944056344267801,0.5788693094219037,10.291372746402986,107.22169135859377,0.4641631660545185,0.0,6.376,1034.855324167268,4.479893178213281,0.0,10.291372746402986,1072.2169135859376,10348.55324167268,11420.770155258619,983.901015525862,0.09388306559100504,0.9061169344089948,10.47,70.0,70.0,732.9,44305.05,32471171.15,102.4084922240628,988.4005006373142,1090.808992861377
Sonora,Imuris,35,Magdalena,140,Hortalizas,2010,2011,30.838011,-110.787299,987.0,89.25516736499635,2.6251519813234223,0.8949712546795854,4.076618363028761,8.900588235294117,2.9850000000000003,13.945,15.395294117647056,7.39,21.14,2.405882352941177,-4.41,8.17,51.40235294117647,22.92,90.13,12.875588235294117,4.23,17.2,2.825882352941176,1.25,8.97,107.39,3.158529411764706,0.0,35.27,85.912,2.526823529411765,0.0,28.216000000000005,6.357051613180146,3.7568952976155168,8.350733872971812,1.2031796384498818,9,5,0,31,68.62921198461665,2.018506234841666,0.747778955547329,3.057012092489368,10.780667237558504,0.3170784481634854,0.0,2.0214031675459165,57.848544747058135,1.7014277866781804,0.0,3.057012092489368,107.80667237558504,578.4854474705813,686.2921198461663,-17.28278801538336,0.15708569173102277,0.8429143082689772,10.0,16.0,16.0,160.0,2985.0,477600.0,11.366017119197158,60.98950421408343,72.35552133328059
Sonora,Imuris,35,Magdalena,140,Hortalizas,2011,2012,30.838011,-110.787299,987.0,593.2189326914629,3.802685465970916,1.2033199572068758,7.037278115152878,14.904134615384615,-7.15,26.775000000000002,22.113589743589745,-3.06,35.11,7.694679487179487,-11.24,20.35,45.7226282051282,21.32,89.98,17.110064102564102,7.01,26.19,2.275576923076923,0.78,8.6,74.36000000000001,0.47666666666666674,0.0,17.25,59.488,0.38133333333333336,0.0,13.8,8.847127559465534,4.483632185522038,16.27706377389525,0.12535001144118094,13,5,1,63,549.0169742482439,3.5193395785143835,1.0829879614861881,7.155605187563772,32.635684898472554,0.20920310832354203,0.0,4.750393409031996,516.3812893497714,3.310136470190842,0.0,7.155605187563772,0.0,0.0,0.0,489.52897424824386,0.05944385406873774,0.9405561459312624,10.0,20.0,20.0,200.0,4500.0,900000.0,0.0,0.0,0.0
Sonora,Imuris,35,Magdalena,140,Hortalizas,2012,2013,30.838011,-110.787299,987.0,598.2608775430347,3.8350056252758633,0.8296746826326784,7.252406395558742,14.916538461538462,-0.2649999999999997,29.259999999999998,22.244615384615386,4.82,36.25,7.588461538461538,-5.35,23.13,44.90814102564103,21.73,90.72,16.602179487179487,2.47,25.04,2.288397435897436,1.0,6.34,132.16000000000003,0.8471794871794873,0.0,23.25,105.72800000000001,0.6777435897435898,0.0,18.6,8.60492850959051,3.0335513387150126,15.755030776056152,0.22090697379838842,25,7,4,69,552.0560284859398,3.538820695422691,0.7467072143694106,6.916254389871375,53.84064530121349,0.34513234167444545,0.0,5.076684476891119,498.2153831847264,3.193688353748246,0.0,6.661174084366607,0.0,0.0,0.0,446.3280284859398,0.09752750178070875,0.9024724982192914,10.14,14.0,14.0,141.96,3600.0,511056.0,0.0,0.0,0.0
Sonora,Imuris,35,Magdalena,140,Hortalizas,2013,2014,30.838011,-110.787299,987.0,568.572217750538,3.64469370352909,1.1445377574790796,6.232447130085042,15.027435897435899,-1.125,27.18,21.976410256410254,4.11,34.91,8.07846153846154,-6.41,19.83,46.75346153846154,24.68,88.01,16.16705128205128,6.21,24.91,2.180448717948718,0.92,5.95,146.42000000000002,0.9385897435897437,0.0,15.91,117.13600000000002,0.750871794871795,0.0,12.728000000000002,8.497220650444273,4.382945010804168,15.127063087316074,0.25752225562354514,22,9,0,50,529.61089616196,3.3949416420638463,1.0300839817311718,6.5440694865892945,47.49982876068772,0.3044860817992803,0.0,3.904,482.1110674012723,3.090455560264566,0.0,6.5440694865892945,0.0,0.0,0.0,412.47489616196,0.08968816371587987,0.9103118362841202,8.35,19.0,19.0,158.65,4650.0,737722.5,0.0,0.0,0.0
Sonora,Imuris,35,Magdalena,140,Hortalizas,2014,2015,30.838011,-110.787299,987.0,613.8648346845494,3.9350309915676243,0.883434439040815,6.982067828740029,15.287403846153847,3.255,27.1,22.603525641025637,6.34,34.55,7.971282051282051,-3.94,20.81,45.138910256410256,21.86,88.91,16.77916666666667,5.74,25.24,2.3991666666666664,0.86,5.73,83.28999999999999,0.5339102564102564,0.0,15.28,66.632,0.42712820512820515,0.0,12.224,8.730941618995185,4.067206862719601,16.064243823643515,0.13568133454460013,12,6,0,53,567.7069615087513,3.6391471891586624,0.7950909951367335,7.331171220177031,29.051291944331425,0.18622623041238093,0.0,4.12894987220163,538.6556695644199,3.4529209587462812,0.0,7.331171220177031,0.0,0.0,0.0,501.0749615087513,0.05117304157610474,0.9488269584238953,9.65,16.0,16.0,154.4,8500.0,1312400.0,0.0,0.0,0.0
Sonora,Imuris,35,Magdalena,140,Hortalizas,2015,2016,30.838011,-110.787299,987.0,508.5325654304746,3.2598241373748373,0.845952338271608,6.880512904951088,14.936570512820513,1.04,26.994999999999997,21.526217948717942,6.63,34.27,8.346923076923078,-4.92,20.33,59.61378205128205,29.44,91.8,15.89602564102564,2.56,26.4,2.1866666666666665,0.7,5.41,334.64000000000004,2.1451282051282052,0.0,90.84,200.78400000000002,1.2870769230769232,0.0,54.504,8.702416579556152,3.1642593937913195,15.877581853394876,0.6580502857604136,30,14,0,53,472.15307235676914,3.026622258697238,0.7613571044444472,5.844572409296273,55.21058626800081,0.3539140145384667,0.0,3.6366196513022464,416.9424860887683,2.672708244158771,0.0,5.844572409296273,0.0,0.0,0.0,271.36907235676915,0.11693365880775734,0.8830663411922426,9.45,15.0,15.0,141.75,7527.69,1067050.06,0.0,0.0,0.0
Sonora,Imuris,35,Magdalena,140,Lechuga,2010,2011,30.838011,-110.787299,987.0,357.7498277615938,3.3749983751093753,0.9248767924158389,5.7581200657093285,12.755235849056604,3.4600000000000004,23.405,20.040849056603776,8.39,32.42,5.469622641509435,-3.44,16.51,44.67792452830189,22.92,89.72,15.201509433962263,5.73,22.52,2.3933962264150943,1.04,5.29,30.19,0.284811320754717,0.0,6.56,24.152000000000005,0.22784905660377364,0.0,5.248,7.500887043252511,4.172716843342594,12.111343027081004,0.08438858011168286,9,2,0,55,326.1312853420828,3.0767102390762524,0.8786329527950468,5.746206030412355,17.45316126227944,0.1646524647384853,0.0,2.8059822934654544,308.67812407980335,2.9120577743377676,0.0,5.746206030412355,0.0,0.0,0.0,301.9792853420828,0.05351575284773009,0.94648424715227,24.0,4.5,4.5,108.0,3800.0,410400.0,0.0,0.0,0.0
Sonora,Imuris,35,Magdalena,140,Lechuga,2011,2012,30.838011,-110.787299,987.0,366.2045443821695,3.4547598526619763,1.2033199572068758,6.814862083394068,13.239716981132078,0.685,25.395000000000003,20.51698113207547,5.57,33.63,5.96245283018868,-5.65,17.16,45.32792452830189,21.32,78.96,16.071320754716982,7.01,22.53,2.300754716981132,0.93,5.83,29.99,0.2829245283018868,0.0,9.93,23.992000000000004,0.22633962264150947,0.0,7.944,7.857486466511883,4.483632185522038,12.902124718833988,0.08189412299783631,8,2,0,50,333.9126697436372,3.15011952588337,1.1431539593465319,6.814862083394068,15.179195240607577,0.14319995510007147,0.0,3.0474755959886606,318.73347450302964,3.0069195707832983,0.0,6.814862083394068,0.0,0.0,0.0,309.9206697436372,0.04545857829312516,0.954541421706875,25.0,9.0,9.0,225.0,4890.0,1100250.0,0.0,0.0,0.0
Sonora,Imuris,35,Magdalena,140,Lechuga,2012,2013,30.838011,-110.787299,987.0,363.7920774927104,3.432000731063306,0.8296746826326784,6.343975318444388,12.765849056603773,-0.2649999999999997,24.57,20.091792452830184,4.82,33.17,5.439905660377359,-5.35,20.18,45.87283018867924,22.26,90.72,15.29801886792453,2.47,22.86,2.459245283018868,1.09,6.34,75.56,0.7128301886792453,0.0,23.25,60.448,0.5702641509433962,0.0,18.6,7.548036291340218,3.0335513387150126,12.544340374960418,0.20770105968433042,13,4,0,55,327.18454767467114,3.0866466761761426,0.7881909485010444,5.535353808829664,18.16527404562133,0.17137050986435218,0.0,1.9178996632185805,309.01927362904974,2.91527616631179,0.0,5.535353808829664,0.0,0.0,0.0,266.73654767467116,0.055519963197294936,0.9444800368027049,36.0,6.0,6.0,216.0,4800.0,1036800.0,0.0,0.0,0.0
Sonora,Imuris,35,Magdalena,140,Lechuga,2013,2014,30.838011,-110.787299,987.0,364.3174087142741,3.436956685983718,1.2023955106512312,6.232447130085042,13.740377358490564,-1.125,23.985,20.826415094339627,4.11,31.85,6.654339622641508,-6.36,16.9,43.40933962264151,24.68,82.32,15.430849056603774,6.21,23.32,2.1810377358490567,0.92,5.95,45.839999999999996,0.4324528301886792,0.0,15.55,36.672000000000004,0.34596226415094344,0.0,12.440000000000001,7.603967750202777,4.382945010804168,12.74870999262131,0.12582434685670282,7,3,0,39,330.4223249627786,3.1171917449318736,1.1422757351186696,5.664837791785138,13.706779910356254,0.12930924443732314,0.0,2.173048203074523,316.7155450524224,2.9878825004945506,0.0,5.664837791785138,0.0,0.0,0.0,293.75032496277856,0.04148260839185214,0.958517391608148,29.2,7.0,7.0,204.4,3500.0,715400.0,0.0,0.0,0.0
Sonora,Imuris,35,Magdalena,140,Lechuga,2014,2015,30.838011,-110.787299,987.0,380.81470648348915,3.5925915705989544,0.883434439040815,6.982067828740029,13.418490566037734,3.255,22.415,20.75396226415094,6.34,30.57,6.083018867924529,-3.94,15.29,44.90754716981133,21.86,88.91,15.616226415094337,5.74,23.23,2.5722641509433966,1.24,5.73,44.32,0.4181132075471698,0.0,15.28,35.456,0.33449056603773586,0.0,12.224,7.699219981142863,4.067206862719601,13.03677764339913,0.11638205995051708,4,3,0,42,345.06567445180514,3.2553365514321237,0.8392627170887742,5.795095709288315,8.284953218664244,0.07815993602513438,0.0,1.392276971925901,336.7807212331409,3.17717661540699,0.0,5.771095709288315,0.0,0.0,0.0,309.6096744518051,0.024009786635040664,0.9759902133649594,29.5,7.0,7.0,206.5,3200.0,660800.0,0.0,0.0,0.0
Sonora,Imuris,35,Magdalena,140,Lechuga,2016,2017,30.838011,-110.787299,987.0,319.4636570700947,3.0138080855669314,0.6481940409006496,5.577302342226763,12.536084905660376,0.44499999999999984,26.05,19.36311320754717,5.52,33.13,5.709056603773584,-4.84,18.97,54.87867924528301,27.29,94.27,14.781226415094341,5.57,22.35,2.402169811320755,0.94,4.88,91.22,0.860566037735849,0.0,13.79,72.976,0.6884528301886792,0.0,11.032,7.591205650030046,4.108877230507974,12.79658312884768,0.2855410873230725,23,6,0,50,290.9584301136331,2.744890850128614,0.6157843388556171,4.882968986226711,34.53240725038981,0.3257774268904699,0.0,2.9200625606827773,256.42602286324325,2.419113423238144,0.0,4.866968986226711,0.0,0.0,0.0,217.9824301136331,0.11868502052648298,0.8813149794735169,28.0,4.0,4.0,112.0,1640.18,183700.16,0.0,0.0,0.0
Sonora,Imuris,35,Magdalena,140,Lechuga,2017,2018,30.838011,-110.787299,987.0,377.56546306414594,3.5619383307938297,0.8961224644820378,6.871767678309032,15.395424528301886,3.565,24.11,22.332924528301888,8.41,31.73,8.457924528301886,-2.04,17.64,47.553207547169826,21.9,89.34,15.117264150943397,3.82,23.06,2.3439622641509437,0.89,5.75,62.75999999999999,0.5920754716981131,0.0,16.97,50.208000000000006,0.4736603773584906,0.0,13.576,7.62578384241827,3.5421690014399845,12.32066413090973,0.16622283058060708,6,5,0,30,341.2990097818011,3.219801979073595,0.8513163412579359,5.822790428800944,13.881594087422215,0.13095843478700203,0.0,1.9848435212707425,327.4174156943789,3.0888435442865934,0.0,5.822790428800944,0.0,0.0,0.0,291.09100978180106,0.04067282262640311,0.959327177373597,33.0,25.0,25.0,825.0,3486.0,2875950.0,0.0,0.0,0.0
Sonora,Imuris,35,Magdalena,140,Lechuga,2018,2019,30.838011,-110.787299,987.0,423.595723579789,3.9961860715074438,0.9128160580031739,7.667086313893025,17.14622641509434,3.75,26.525000000000002,24.370943396226416,9.07,33.63,9.921509433962262,-4.92,19.42,37.87500000000001,19.28,89.82,15.33811320754717,5.27,23.65,2.159056603773585,0.89,4.98,27.77,0.2619811320754717,0.0,15.63,22.216,0.20958490566037738,0.0,12.504000000000001,7.494518266705251,3.9292834099461804,12.846538511577926,0.06555779120081039,6,1,0,15,383.7728947235921,3.6204990068263405,0.8671752551030152,7.667086313893025,10.579175255103017,0.0998035401424813,0.0,2.8160000000000003,373.1937194684891,3.5206954666838595,0.0,7.667086313893025,0.0,0.0,0.0,361.5568947235921,0.027566238784848374,0.9724337612151517,33.2,20.0,20.0,664.0,3323.13,2206558.32,0.0,0.0,0.0
Sonora,Imuris,35,Magdalena,140,Lechuga,2019,2020,30.838011,-110.787299,987.0,302.9323816698155,2.8578526572624106,0.8329920527980262,5.340612563033206,12.484669811320755,-0.1349999999999998,22.1,19.059150943396226,4.2,28.77,5.910188679245285,-4.6,16.93,57.44226415094339,29.02,91.0,14.395471698113209,2.64,22.68,2.252830188679245,1.18,7.6,138.0,1.3018867924528301,0.0,26.28,110.40000000000002,1.0415094339622644,0.0,21.024,7.528653608346065,3.1240551662793195,13.407864562417137,0.455547205747105,24,7,0,46,276.93040324229815,2.6125509739839448,0.7913424501581249,4.2121723386035725,37.50087624318994,0.3537818513508485,0.0,3.5643292705915215,239.42952699910825,2.2587691226330966,0.0,4.2121723386035725,0.0,0.0,0.0,166.53040324229812,0.13541624828523735,0.8645837517147628,32.3,22.0,22.0,710.6,3566.49,2534347.79,0.0,0.0,0.0
Sonora,Imuris,35,Magdalena,140,Lechuga,2020,2021,30.838011,-110.787299,987.0,323.5684028991966,3.0525321028226093,0.7181161583892988,5.814119484646502,13.289716981132074,1.0299999999999998,23.424999999999997,20.126320754716986,6.1,31.58,6.453113207547169,-4.26,17.77,55.90603773584905,26.67,92.95,14.690754716981134,2.38,22.03,2.3546226415094336,0.57,6.81,185.16,1.7467924528301886,0.0,47.7,148.12800000000001,1.3974339622641512,0.0,38.160000000000004,7.630717409294655,2.943767823395902,12.34649572140539,0.5722437615692781,12,10,0,44,291.7405675635432,2.752269505316445,0.7181161583892988,5.814119484646502,17.030574344399746,0.16066579570188438,0.0,1.9920267590662106,274.7099932191435,2.591603709614561,0.0,5.814119484646502,0.0,0.0,0.0,143.6125675635432,0.058375749682773766,0.9416242503172263,29.5,20.0,20.0,590.0,3854.58,2274202.2,0.0,0.0,0.0
Sonora,Imuris,35,Magdalena,140,Lechuga,2021,2022,30.838011,-110.787299,987.0,443.9315200593259,4.188033208106848,1.5569790611139749,6.917936457164042,15.071179245283016,3.9400000000000004,26.13,23.062264150943392,9.29,35.11,7.080094339622642,-3.46,18.32,30.209056603773583,13.18,79.52,16.362547169811318,8.65,23.03,2.3872641509433965,1.02,7.28,13.79,0.1300943396226415,0.0,9.54,11.032,0.10407547169811321,0.0,7.632,7.447523481920381,4.514194572635337,11.874643738079198,0.031063349586344168,2,1,3,51,401.3768675140429,3.7865742218305933,1.4791301080582762,6.917936457164042,4.879130108058276,0.04602952932130449,0.0,2.304,396.49773740598465,3.7405446925092893,0.0,6.917936457164042,0.0,0.0,0.0,390.3448675140429,0.012155982327226596,0.9878440176727735,30.13,15.0,15.0,451.95,4126.77,1865093.7,0.0,0.0,0.0
Sonora,Imuris,35,Magdalena,140,Lechuga,2022,2023,30.838011,-110.787299,987.0,374.6149566279537,3.5341033644146576,0.8903941773821963,6.011605289152579,14.843443396226414,3.64,23.79,22.023018867924527,9.3,31.19,7.663867924528302,-3.62,18.45,45.161509433962266,21.37,90.16,15.323207547169813,4.6,22.8,2.308207547169811,0.94,6.03,47.55,0.44858490566037734,0.0,27.87,38.040000000000006,0.35886792452830196,0.0,22.296000000000003,7.66253717292767,3.725158151670839,13.028263817474256,0.12693032981922278,7,2,0,29,340.2546119512241,3.209949169351171,0.8458744685130865,5.7663948260420375,12.255268950622064,0.11561574481718928,0.0,1.816,327.99934300060204,3.0943334245339815,0.0,5.7663948260420375,0.0,0.0,0.0,302.2146119512241,0.0360179363340382,0.9639820636659618,32.0,20.0,20.0,640.0,5500.0,3520000.0,0.0,0.0,0.0
Sonora,Imuris,35,Magdalena,140,Lechuga,2023,2024,30.838011,-110.787299,987.0,314.8267112020403,2.9700633132267953,0.9791758414114304,4.806305102701531,12.588726415094339,3.09,21.134999999999998,19.418301886792456,7.79,28.47,5.759150943396227,-4.51,16.03,53.74698113207547,26.08,86.55,15.05254716981132,3.1,21.86,2.1630188679245284,1.03,5.16,66.68,0.629056603773585,0.0,13.81,53.344,0.503245283018868,0.0,11.048000000000002,7.683907392831972,3.320226002268896,12.971733753427737,0.21179905524981982,16,4,0,58,287.43302246058676,2.711632287364026,0.9302170493408589,4.658254690036714,25.616739297940157,0.24166735186735996,0.0,2.421680647274913,261.8162831626466,2.469964935496666,0.0,4.658254690036714,0.0,0.0,0.0,234.08902246058676,0.08912246435237886,0.9108775356476211,31.2,5.0,5.0,156.0,6268.46,977879.76,0.0,0.0,0.0
Sonora,Imuris,35,Magdalena,140,Pepino,2010,2011,30.838011,-110.787299,987.0,744.5140978135358,7.023717903901281,2.8886160173963487,10.592265879647504,25.952783018867922,19.35,30.27,32.908584905660376,25.41,38.59,18.996981132075472,11.12,23.69,44.537735849056595,10.53,77.42,25.73066037735849,11.4,33.19,2.1859433962264148,0.78,5.77,244.79000000000002,2.3093396226415095,0.0,24.02,195.83200000000002,1.8474716981132078,0.0,19.216,16.10426849297791,8.595520126526269,19.30283267378296,0.328791624925426,36,20,40,0,648.306666743301,6.116100629653783,2.8886160173963487,10.450390099409576,141.03216247012236,1.3304920987747393,0.0,6.985430152171431,507.27450427317865,4.785608530879044,0.0,10.450390099409576,1410.3216247012235,5072.745042731786,6483.06666743301,452.474666743301,0.2175392753225604,0.7824607246774397,95.77,13.0,13.0,1245.0,8909.64,11092500.0,14.726131614297,52.967996687185824,67.69412830148282
Sonora,Imuris,35,Magdalena,140,Pepino,2011,2012,30.838011,-110.787299,987.0,762.6224333365758,7.194551257892225,3.288474747550056,11.941880128774988,26.733773584905663,21.915,32.239999999999995,33.87028301886792,24.58,42.05,19.597264150943396,13.53,23.72,41.152641509433955,9.63,73.26,25.31415094339623,13.27,33.12,2.083867924528302,1.05,4.58,190.67,1.7987735849056603,0.0,14.1,152.536,1.4390188679245284,0.0,11.280000000000001,15.750445029995335,9.537827328756446,18.93463327094806,0.2500188712857463,51,10,40,0,658.329215301861,6.210652974545859,3.1314795224334104,10.581261445740587,132.686911443159,1.2517633155015,0.0,5.453995486264889,525.6423038587021,4.95888965904436,0.0,10.035754883003724,1326.86911443159,5256.423038587021,6583.292153018611,505.79321530186104,0.20155099965040835,0.7984490003495918,23.33,6.0,6.0,140.0,9714.29,1360000.0,56.873944039073734,225.30745986228126,282.181403901355
Sonora,Imuris,35,Magdalena,140,Pepino,2013,2014,30.838011,-110.787299,987.0,731.3649261953531,6.899669115050501,2.881009978734035,10.94813384330924,26.178396226415092,20.689999999999998,31.419999999999998,33.108396226415095,24.11,42.19,19.248396226415093,15.79,22.93,45.04103773584905,9.36,80.43,24.680094339622638,11.9,32.78,2.095754716981132,0.86,3.75,235.02000000000004,2.217169811320755,0.0,24.44,188.01600000000002,1.773735849056604,0.0,19.552000000000003,15.490793575321865,8.793009112532815,18.478574938007092,0.32134436801967237,41,15,35,0,631.5243690135236,5.957777066165317,2.1717610205095172,10.879216765737008,134.07656543057018,1.264873258778964,0.0,6.74412131151418,497.44780358295344,4.692903807386354,0.0,10.879216765737008,1340.765654305702,4974.478035829535,6315.243690135237,443.5083690135236,0.2123062418636438,0.7876937581363562,67.5,3.6,3.6,243.0,7700.0,1871100.0,11.891491390737933,44.119539120439335,56.01103051117727
Sonora,Imuris,35,Magdalena,140,Pepino,2014,2015,30.838011,-110.787299,987.0,711.5575064232025,6.712806664369835,3.1351861839390356,10.93223070984785,25.521556603773586,21.244999999999997,31.034999999999997,32.09811320754717,23.31,39.83,18.945,15.96,22.24,47.60292452830189,7.51,80.57,24.92830188679245,12.64,32.5,2.0316981132075473,0.83,4.39,271.81000000000006,2.5642452830188684,0.0,17.82,163.086,1.538547169811321,0.0,10.692,15.694815930730963,9.005487171377895,18.940053760059392,0.3819930189006251,45,21,24,0,612.4096738907818,5.777449753686621,2.3513896379542767,10.457967881274982,129.01416420265915,1.2171147566288598,0.0,5.7,483.3955096881227,4.560334997057761,0.0,10.457967881274982,1290.1416420265914,4833.955096881226,6124.096738907818,449.32367389078183,0.21066643735883855,0.7893335626411614,175.0,3.0,3.0,525.0,8526.0,4476150.0,7.372237954437665,27.622600553607008,34.99483850804467
Sonora,Imuris,35,Magdalena,140,Pepino,2015,2016,30.838011,-110.787299,987.0,665.8306238795988,6.281420979996215,2.6174154691376867,10.51523754080412,25.642169811320755,20.915,31.435000000000002,31.862924528301885,23.9,40.49,19.421415094339622,15.72,23.56,52.1256603773585,15.47,82.51,23.939999999999998,9.97,33.09,1.9008490566037737,0.82,3.67,267.25,2.5212264150943398,0.0,13.31,160.35000000000002,1.512735849056604,0.0,7.986,15.465740246680728,7.500244156828248,19.989841774107187,0.40137835421689233,57,19,18,0,581.0543065915458,5.481644401807036,1.9630616018532652,9.917584504107577,140.02997804676605,1.321037528743076,0.0,5.593476473183936,441.02432854477973,4.160606873063959,0.0,9.701584504107577,1400.2997804676604,4410.2432854477975,5810.543065915458,420.7043065915458,0.240992926923095,0.759007073076905,141.23,3.6,3.6,508.43,6100.0,3101423.0,9.915030662519722,31.227382889243064,41.142413551762786
Sonora,Imuris,35,Magdalena,140,Pepino,2016,2017,30.838011,-110.787299,987.0,717.8426198686734,6.772100187440315,1.9790931968785157,11.202116861072428,26.031367924528304,19.935,32.435,32.830377358490566,22.58,42.66,19.23235849056604,13.83,23.13,45.9388679245283,9.5,88.29,25.0343396226415,7.23,33.04,1.993584905660377,0.79,5.45,277.84999999999997,2.6212264150943394,0.0,46.56,166.70999999999998,1.5727358490566037,0.0,27.936,15.77545467524213,5.896046313753478,19.026865118159723,0.38706255704186465,39,17,28,0,621.6760361705528,5.864868265759933,1.4843198976588867,9.312069003178495,100.66439873123012,0.949664138973869,0.0,5.738408295532491,521.0116374393227,4.9152041267860636,0.0,9.306069003178495,1006.6439873123012,5210.1163743932275,6216.760361705528,454.96603617055285,0.1619242062977211,0.8380757937022789,137.95,2.5,2.5,344.88,4252.5,1466602.2,7.297165547751368,37.76815059364428,45.06531614139565
Sonora,Imuris,35,Magdalena,140,Pepino,2023,2024,30.838011,-110.787299,987.0,811.8054756049625,7.658542222688325,3.5026018010818505,10.833023943582091,27.70396226415094,18.975,32.535,35.23688679245283,27.86,40.87,20.17103773584906,10.09,25.07,35.29735849056603,8.17,71.18,25.793867924528303,10.48,32.48,2.2383962264150945,0.78,5.64,140.89,1.3291509433962263,0.0,9.62,112.712,1.0633207547169812,0.0,7.696,15.919514216615289,7.920399749875114,19.56755923497311,0.17355142855498468,40,6,57,0,715.2009007617182,6.7471783090728135,2.626951350811388,10.833023943582091,105.90619724894079,0.9991150683862339,0.0,6.5200000000000005,609.2947035127776,5.748063240686581,0.0,10.833023943582091,1059.061972489408,6092.947035127776,7152.009007617184,602.4889007617182,0.1480789483572327,0.8519210516427674,110.63,20.7,20.7,2290.04,8843.97,20253045.06,9.819767941487324,56.49464103039199,66.31440897187932
Sonora,Imuris,35,Magdalena,140,Quelite,2017,2018,30.838011,-110.787299,987.0,470.59770761064476,4.902059454277549,1.922364409787758,7.667086313893025,21.033125000000002,13.58,27.455,28.474270833333332,17.57,35.74,13.591979166666667,6.3,20.61,40.17416666666667,20.8,72.8,18.586875000000003,5.92,24.87,2.0711458333333335,0.87,4.04,18.77,0.19552083333333334,0.0,6.51,15.016000000000002,0.15641666666666668,0.0,5.208,10.078255767240131,4.170926780846722,15.253316650844342,0.03988544715889183,6,1,2,0,431.1195989473072,4.490829155701117,1.82624618929837,7.667086313893025,12.204427931182614,0.12712945761648556,0.0,2.3964279311826124,418.9151710161246,4.363699698084631,0.0,7.667086313893025,122.04427931182614,4189.151710161246,4311.195989473073,416.1035989473072,0.02830868269729087,0.9716913173027091,9.6,6.0,6.0,57.6,3800.0,218880.0,12.712945761648557,436.36996980846317,449.0829155701117
Sonora,Imuris,35,Magdalena,140,Quelite,2018,2019,30.838011,-110.787299,987.0,371.24300068353364,3.8671145904534754,1.349590455309512,6.239342093464838,17.752916666666664,4.71,27.089999999999996,24.37552083333333,11.2,34.98,11.130312500000002,-1.78,20.2,56.62260416666667,33.54,89.5,17.793333333333333,4.48,25.38,2.060520833333333,1.0,7.6,139.54999999999998,1.453645833333333,0.0,26.28,111.64,1.1629166666666666,0.0,21.024,10.127373203557726,4.081893206705742,16.00601626807713,0.37589934286453924,20,7,0,18,334.9532168269391,3.489096008613949,1.349590455309512,6.1618513975046145,45.10881457778544,0.46988348518526496,0.0,3.6880000000000006,289.84440224915375,3.019212523428685,0.0,6.1618513975046145,451.0881457778544,2898.4440224915375,3349.532168269392,223.31321682693914,0.13467198495690785,0.8653280150430923,9.8,6.5,6.5,63.7,3788.35,241317.9,46.0294026303933,295.7595941317895,341.7889967621828
Sonora,Imuris,35,Magdalena,140,Quelite,2019,2020,30.838011,-110.787299,987.0,379.0802647176562,3.948752757475585,0.7181161583892988,6.256534083331093,18.72375,6.5,26.94,25.3871875,11.03,34.11,12.0603125,0.74,21.5,55.28000000000001,26.67,92.95,16.826875,2.38,25.03,2.174375,0.57,6.07,239.55,2.4953125000000003,0.0,47.7,191.64000000000004,1.9962500000000005,0.0,38.160000000000004,9.685371465782024,2.943767823395902,16.093854484620845,0.6319242184196001,20,9,0,9,344.15212971497976,3.5849180178643727,0.6822103504698338,5.814119484646502,41.33144176910103,0.4305358517614691,0.0,3.7439999999999998,302.8206879458787,3.1543821661029035,0.0,5.814119484646502,413.31441769101036,3028.206879458787,3441.5212971497976,152.51212971497972,0.1200964288767614,0.8799035711232386,11.0,3.0,3.0,33.0,3850.0,127050.0,37.57403797191003,275.2915344962534,312.86557246816346
Sonora,Imuris,35,Magdalena,140,Quelite,2022,2023,30.838011,-110.787299,987.0,358.7912748996627,3.737409113538153,1.4536524103365986,6.507234273620205,17.256249999999998,6.989999999999999,25.57,23.791875,12.62,32.82,10.720625,-0.93,19.69,58.01583333333334,30.24,81.72,17.51125,5.94,26.0,2.1115625,1.03,4.53,82.98,0.864375,0.0,9.24,66.38400000000001,0.6915000000000001,0.0,7.392,9.96738221689881,4.240964861018287,16.317996604680737,0.2312765270649507,24,3,0,24,324.80529143954334,3.383388452495243,1.3809697898197686,5.862083114097536,52.099062908654716,0.5426985719651533,0.0,3.2159999999999997,272.70622853088867,2.8406898805300904,0.0,4.956158520865764,520.9906290865472,2727.0622853088867,3248.0529143954336,258.4212914395433,0.16040090565566423,0.8395990943443359,11.67,3.0,3.0,35.0,4250.0,148750.0,44.64358432618228,233.68142976083004,278.32501408701233
Sonora,Imuris,35,Magdalena,140,Quelite,2023,2024,30.838011,-110.787299,987.0,478.4293415781979,4.983638974772895,1.4534689413203021,7.579254267013951,20.51390625,7.92,30.27,27.91916666666667,12.6,39.16,13.108645833333334,1.74,22.82,40.03104166666667,17.78,80.29,18.7978125,7.64,26.96,2.2140625000000003,1.13,5.4,35.99,0.3748958333333334,0.0,9.48,28.792,0.29991666666666666,0.0,7.5840000000000005,10.094587593214184,5.033560480944645,15.971915233456167,0.0752253193361418,8,3,8,11,434.1203712048086,4.522087200050089,1.380795494254287,7.579254267013951,18.33272384106924,0.19096587334447124,0.0,3.860110580822586,415.7876473637393,4.331121326705618,0.0,7.579254267013951,183.3272384106924,4157.876473637393,4341.203712048085,405.3283712048086,0.04222958667014559,0.9577704133298544,12.72,3.0,3.0,38.16,4462.5,170289.0,14.41251874297896,326.87708126080133,341.28960000378027
Sonora,Imuris,35,Magdalena,140,Rábano,2017,2018,30.838011,-110.787299,987.0,190.22147246736046,5.434899213353156,3.6098850869019254,7.3178395767725135,16.45285714285714,10.505,22.155,24.477999999999998,16.36,30.55,8.427714285714286,0.92,14.83,36.51285714285714,24.32,57.07,24.154285714285713,10.51,27.96,2.549142857142857,1.35,4.74,1.7799999999999998,0.05085714285714285,0.0,1.43,1.4239999999999997,0.040685714285714276,0.0,1.144,13.448155331943058,7.005755544258633,15.946058043119326,0.009357513517857059,1,0,0,9,165.4062624953608,4.7258932141531655,2.5269195608313475,6.586055619095262,1.4239999999999997,0.040685714285714276,0.0,1.144,163.9822624953608,4.6852074998674516,2.5269195608313475,6.586055619095262,14.239999999999997,1639.822624953608,1654.062624953608,163.9822624953608,0.008609105716538024,0.9913908942834619,23.0,3.0,3.0,69.0,5100.0,351900.0,0.6191304347826085,71.29663586754818,71.91576630233078
Sonora,Imuris,35,Magdalena,140,Rábano,2018,2019,30.838011,-110.787299,987.0,174.04855398258297,4.9728158280737995,3.7533351816417677,6.875128259137553,14.798714285714286,8.64,20.75,22.863714285714288,16.72,29.58,6.733714285714286,-2.98,11.92,38.128285714285724,26.04,58.74,22.261714285714287,13.16,27.64,2.440571428571429,1.44,3.6,0.72,0.02057142857142857,0.0,0.62,0.576,0.016457142857142854,0.0,0.496,12.608524774661207,8.410215268502833,15.700884548064852,0.004136776684005374,0,0,0,16,150.62566679786178,4.303590479938908,2.931525873404522,5.84385902026692,0.576,0.016457142857142854,0.0,0.496,150.04966679786176,4.287133337081765,2.931525873404522,5.84385902026692,5.76,1500.4966679786176,1506.2566679786175,150.0496667978618,0.003824049461457233,0.9961759505385426,23.5,4.0,4.0,94.0,4900.0,460600.0,0.2451063829787234,63.8509220416433,64.09602842462202
Sonora,Imuris,35,Magdalena,140,Rábano,2019,2020,30.838011,-110.787299,987.0,158.04148832792734,4.5154710950836385,1.5339442905350555,6.516673500135058,13.643857142857142,7.1450000000000005,18.505,21.34342857142857,10.64,27.28,5.944285714285715,-0.83,12.72,46.23428571428572,28.81,83.0,21.12942857142857,7.17,27.23,2.684857142857143,1.48,5.14,35.00000000000001,1.0000000000000002,0.0,31.22,28.0,0.8,0.0,24.976,12.29024664953457,5.680875880833814,15.843525711870951,0.2214608351914337,2,1,0,11,136.55462853670605,3.9015608153344585,1.3805498614815501,5.545571601479114,4.40454986148155,0.12584428175661572,0.0,1.9600000000000002,132.15007867522448,3.7757165335778424,0.0,5.545571601479114,44.0454986148155,1321.5007867522447,1365.5462853670601,108.55462853670605,0.03225485586742746,0.9677451441325724,12.8,3.0,3.0,38.4,5200.0,199680.0,3.441054579282461,103.24224896501912,106.68330354430158
Sonora,Imuris,35,Magdalena,140,Rábano,2022,2023,30.838011,-110.787299,987.0,184.98425956352906,5.285264558957973,3.419597979291943,7.094549152766229,13.616428571428573,7.104999999999999,20.93,22.257714285714282,14.92,29.67,4.975142857142858,-2.37,13.12,30.96542857142858,12.86,63.24,23.981142857142856,11.31,27.28,2.710571428571429,1.26,4.89,6.920000000000001,0.19771428571428573,0.0,4.86,5.5360000000000005,0.15817142857142857,0.0,3.8880000000000003,13.0780588656063,7.374465545371672,15.373412543984383,0.03740858825679418,2,0,0,18,160.55852632250105,4.587386466357173,2.7633825127027074,6.385094237489606,4.725638181362749,0.1350182337532214,0.0,3.0776381813627487,155.8328881411383,4.452368232603952,0.0,6.385094237489606,47.256381813627485,1558.328881411383,1605.5852632250105,155.02252632250105,0.029432495985113476,0.9705675040148866,10.5,4.0,4.0,42.0,7200.0,302400.0,4.500607791774046,148.41227442013172,152.91288221190578
Sonora,Imuris,35,Magdalena,140,Rábano,2023,2024,30.838011,-110.787299,987.0,154.57160175056669,4.41633147858762,2.163817539261595,7.357348671831525,12.16642857142857,2.525,17.055,19.937142857142856,9.11,26.03,4.395714285714287,-4.06,10.33,45.616571428571426,23.54,77.91,21.98514285714285,12.05,29.04,2.8482857142857143,1.29,5.72,12.930000000000001,0.3694285714285715,0.0,4.12,10.344000000000001,0.29554285714285716,0.0,3.2960000000000003,12.62823828014872,8.177470686177994,16.519324522965217,0.08365055322946861,5,0,0,17,134.29033111729342,3.8368666033512406,1.5146722774831163,6.2537463710567955,7.824980307056481,0.22357086591589945,0.0,2.1503080295733645,126.46535081023696,3.6132957374353416,0.0,6.2537463710567955,78.24980307056481,1264.6535081023696,1342.9033111729345,123.94633111729343,0.0582691266150941,0.941730873384906,11.45,4.0,4.0,45.8,7560.0,346248.0,6.83404393629387,110.45008804387508,117.28413198016895
Sonora,Imuris,35,Magdalena,140,Sandía,2010,2011,30.838011,-110.787299,987.0,835.9098281186886,7.599180255624441,2.834926668772313,10.592265879647504,21.32540909090909,6.88,30.27,29.84445454545454,11.67,38.59,12.806363636363638,1.6,23.69,30.57927272727273,10.53,70.26,28.62218181818181,13.92,33.19,2.770727272727272,1.42,5.88,47.65,0.43318181818181817,0.0,12.77,38.120000000000005,0.3465454545454546,0.0,10.216000000000001,17.02822546919715,9.622668668501662,19.30283267378296,0.05700375614346085,8,4,29,14,706.2640953375013,6.420582684886376,1.1560464271718942,10.592265879647504,28.25622608716081,0.25687478261055285,0.0,5.496,678.0078692503405,6.1637079022758225,0.0,10.592265879647504,282.56226087160815,6780.078692503404,7062.640953375013,668.1440953375013,0.040008017218627054,0.9599919827813729,25.0,6.0,6.0,150.0,1500.0,225000.0,11.302490434864326,271.2031477001362,282.50563813500054
Sonora,Imuris,35,Magdalena,140,Tomate rojo (jitomate),2010,2011,30.838011,-110.787299,987.0,586.9276626077358,4.315644577998057,0.8949712546795854,9.20534046171569,11.497904411764706,2.9850000000000003,21.605,19.26345588235294,7.39,31.78,3.7323529411764707,-4.41,13.14,46.48911764705882,18.71,90.13,21.117720588235294,4.23,32.78,2.814117647058824,1.25,8.97,170.61,1.2544852941176472,0.0,35.27,136.48800000000003,1.003588235294118,0.0,28.216000000000005,11.86309754400456,3.7568952976155168,19.041702412319992,0.29068318102775237,21,9,0,94,550.6131102819561,4.048625810896736,0.6409533904691391,8.027080375665042,34.164480875784065,0.2512094182042946,0.0,3.731836999167849,516.4486294061721,3.7974163926924422,0.0,8.027080375665042,341.6448087578407,5164.486294061721,5506.131102819562,414.12511028195604,0.06204807012003262,0.9379519298799676,270.0,15.0,15.0,4050.0,10000.0,40500000.0,1.2653511435475582,19.127727015043412,20.39307815859097
Sonora,Imuris,35,Magdalena,140,Tomate rojo (jitomate),2011,2012,30.838011,-110.787299,987.0,728.5801251376588,5.357206802482786,1.9431434432942865,10.035006237157315,13.609411764705882,-7.15,23.7,22.139485294117645,-3.06,32.59,5.079338235294118,-11.24,15.43,30.50095588235294,8.05,67.84,22.671911764705882,7.99,32.7,2.828602941176471,1.27,8.6,12.29,0.09036764705882352,0.0,5.84,9.832,0.07229411764705883,0.0,4.672,12.039045070615316,4.678902064203096,18.645939582650456,0.016868426101628715,2,2,0,63,690.6969216964148,5.07865383600305,1.2368553824367374,9.495439554153485,6.573829352626223,0.04833698053401635,0.0,3.4832143928377945,684.1230923437886,5.030316855469033,0.0,9.495439554153485,65.73829352626223,6841.230923437886,6906.9692169641485,680.8649216964149,0.009517675765052342,0.9904823242349476,150.0,19.0,19.0,2850.0,7500.0,21375000.0,0.4382552901750815,45.60820615625258,46.04646144642766
Sonora,Imuris,35,Magdalena,140,Tomate rojo (jitomate),2012,2013,30.838011,-110.787299,987.0,708.6203756032804,5.172411500753872,1.604942631479033,10.504152746686982,13.96368613138686,2.9699999999999998,25.53,22.307226277372266,6.05,35.21,5.62014598540146,-4.48,15.85,33.096715328467155,10.56,77.45,22.384160583941608,6.55,31.77,2.617226277372263,1.07,6.35,27.409999999999997,0.2000729927007299,0.0,5.95,21.927999999999997,0.16005839416058393,0.0,4.760000000000001,11.997475932372847,4.92830696212246,18.001567975449486,0.03868079573165622,8,3,3,66,661.6500351306381,4.829562300223636,1.2878909722391705,9.744994857419561,14.478856438369338,0.10568508349174699,0.0,2.72,647.1711786922688,4.723877216731889,0.0,9.744994857419561,144.78856438369337,6471.711786922688,6616.500351306381,639.7220351306381,0.021882952723656382,0.9781170472763436,300.0,25.6,25.6,7680.0,4800.0,36864000.0,0.4633234060278188,20.709477718152602,21.17280112418042
Sonora,Imuris,35,Magdalena,140,Tomate rojo (jitomate),2013,2014,30.838011,-110.787299,987.0,669.7282086871492,4.924472122699626,1.1445377574790796,9.750253360530428,12.772757352941175,-1.125,23.68,20.80279411764706,4.11,32.65,4.742720588235294,-6.41,14.8,36.32477941176471,10.32,88.01,21.84235294117647,7.8,31.67,2.7688235294117653,1.13,6.59,40.50999999999999,0.29786764705882346,0.0,14.87,32.408,0.23829411764705882,0.0,11.896,11.913164787511693,5.129621680811741,18.173652220315418,0.06048722373425287,7,2,0,63,634.6638667009386,4.666646078683372,0.6867226544874477,9.093468088299419,13.895963971710891,0.1021762056743448,0.0,2.7760000000000002,620.7679027292277,4.564469873009027,0.0,9.093468088299419,138.95963971710893,6207.679027292277,6346.638667009386,602.2558667009386,0.021894997810327273,0.9781050021896727,356.0,22.0,22.0,7832.0,4250.0,33286000.0,0.3903360666210925,17.43730063846145,17.827636705082544
Sonora,Imuris,35,Magdalena,140,Tomate rojo (jitomate),2014,2015,30.838011,-110.787299,987.0,716.1382241603965,5.265722236473503,1.5427014809722082,10.48509551643415,15.062941176470591,6.125,25.035,23.136323529411765,11.79,34.24,6.989558823529412,-1.34,16.69,31.263529411764708,7.88,85.91,21.921911764705882,6.9,32.37,2.5388970588235296,1.4,6.42,36.13999999999999,0.265735294117647,0.0,30.18,28.912000000000003,0.21258823529411766,0.0,24.144000000000002,11.759467069941504,4.7278154342103935,18.49738007509221,0.05046511801876053,2,1,0,37,672.264558309462,4.943121752275456,1.4668157669236854,9.80127369530385,6.54210670311804,0.04810372575822088,0.0,3.04,665.722451606344,4.895018026517235,0.0,9.80127369530385,65.4210670311804,6657.224516063439,6722.64558309462,643.352558309462,0.009731446678625183,0.9902685533213748,352.0,27.0,27.0,9504.0,5500.0,52272000.0,0.1858553040658534,18.9125696479075,19.098424951973353
Sonora,Imuris,35,Magdalena,140,Tomate rojo (jitomate),2015,2016,30.838011,-110.787299,987.0,598.3539668459866,4.399661520926372,0.845952338271608,7.981419992924403,13.966213235294118,1.04,22.035,21.365808823529413,6.63,31.04,6.566617647058824,-4.92,14.79,48.31404411764706,22.9,91.8,20.56235294117647,2.62,31.59,2.655441176470588,1.12,7.07,123.39999999999999,0.9073529411764705,0.0,34.0,98.72000000000001,0.7258823529411765,0.0,27.200000000000003,11.6802606051158,3.1642593937913195,19.292510215864066,0.20623244239602834,15,7,0,36,570.32630710645,4.193575787547426,0.5075714029629648,8.010186980296556,24.39362852781276,0.17936491564568205,0.0,3.1041061836462203,545.9326785786373,4.014210871901745,0.0,8.010186980296556,243.93628527812757,5459.326785786372,5703.2630710645,471.60630710645,0.0427713542648485,0.9572286457351514,310.0,26.4,26.4,8184.0,10003.23,81866434.32,0.7868912428326695,17.610731567052813,18.397622809885483
Sonora,Imuris,35,Magdalena,140,Tomate rojo (jitomate),2016,2017,30.838011,-110.787299,987.0,689.5619112601004,5.033298622336499,0.6481940409006496,9.745381462468828,14.135474452554744,1.84,25.78,22.347226277372265,6.39,34.03,5.923722627737226,-4.85,17.53,37.026204379562046,13.59,94.27,22.18109489051095,5.57,31.53,2.6667883211678833,1.36,6.08,64.72999999999999,0.47248175182481744,0.0,13.79,51.784000000000006,0.37798540145985404,0.0,11.032,12.08222832767865,4.108877230507974,18.99523933926418,0.09387119407699428,9,4,0,57,657.5752201338374,4.799819125064507,0.3889164245403897,8.416328453143434,15.42686175826299,0.11260483035228461,0.0,2.64,642.1483583755745,4.687214294712223,0.0,8.416328453143434,154.2686175826299,6421.483583755745,6575.752201338375,605.7912201338374,0.023460223691402386,0.9765397763085977,90.0,26.0,26.0,2340.0,8012.82,18749998.8,1.71409575091811,71.34981759728605,73.06391334820415
Sonora,Imuris,35,Magdalena,140,Tomate rojo (jitomate),2017,2018,30.838011,-110.787299,987.0,671.1648821874755,4.93503589843732,0.8875658185659006,9.756469723295483,14.754595588235293,3.2800000000000002,25.28,22.44433823529412,7.55,35.41,7.064852941176471,-3.84,16.29,40.989411764705885,11.03,90.22,21.62433823529412,5.04,31.48,2.6813235294117646,1.02,6.4,82.82,0.608970588235294,0.0,18.55,66.256,0.4871764705882353,0.0,14.840000000000002,11.93936718528928,3.8850856642398495,18.76886687775061,0.12339739786454738,13,5,1,44,644.1205156678573,4.736180262263656,0.5325394911395404,9.601495616808178,16.832427702432,0.12376785075317646,0.0,2.2697402297911418,627.2880879654253,4.612412411510481,0.0,9.601495616808178,168.32427702432,6272.8808796542535,6441.205156678573,577.8645156678573,0.02613241977703392,0.9738675802229663,95.0,22.0,22.0,2090.0,8393.59,17542603.1,1.495883377243457,55.746553029586785,57.242436406830244
Sonora,Imuris,35,Magdalena,140,Tomate rojo (jitomate),2018,2019,30.838011,-110.787299,987.0,713.9670664735074,5.249757841716966,0.9265184294325779,9.751717135738513,15.390514705882353,3.9050000000000002,27.145000000000003,23.252573529411762,8.47,35.56,7.52845588235294,-4.7,19.41,34.55801470588235,11.19,93.02,21.409632352941177,3.84,31.48,2.7200735294117644,1.13,5.9,90.3,0.6639705882352941,0.0,32.02,72.24,0.5311764705882352,0.0,25.616000000000003,11.639164203465933,3.8105452862433147,18.311784475795733,0.1264764220092366,8,5,1,49,663.3084672295324,4.877268141393621,1.0654961938474645,9.90938214938315,17.310462337301978,0.127282811303691,0.0,2.714203582662428,645.9980048922305,4.74998533008993,0.0,9.90938214938315,173.10462337301976,6459.980048922305,6633.084672295325,591.0684672295324,0.026097152671069154,0.973902847328931,95.5,22.0,22.0,2101.0,8636.5,18145286.5,1.5348875986258181,57.279482611476375,58.81437021010219
Sonora,Imuris,35,Magdalena,140,Tomate rojo (jitomate),2019,2020,30.838011,-110.787299,987.0,582.5292530090243,4.283303330948708,0.6906259483130978,8.4026043502991,12.76753676470588,-0.1299999999999999,22.985,20.18816176470588,3.81,31.66,5.346911764705882,-5.15,14.89,48.1189705882353,23.96,91.0,20.243970588235296,2.64,31.04,2.592132352941176,0.94,5.48,120.97999999999999,0.8895588235294117,0.0,31.22,96.784,0.7116470588235294,0.0,24.976,11.549252877819496,3.1240551662793195,18.688157953243138,0.20768055745713052,20,4,0,55,550.5259213464717,4.0479847157828805,0.49979523167881573,9.516172718895971,32.55819261188272,0.23939847508737291,0.0,2.995289017451907,517.967728734589,3.808586240695507,0.0,9.516172718895971,325.58192611882714,5179.677287345889,5505.259213464717,453.7419213464717,0.05914016279606265,0.9408598372039373,98.0,25.0,25.0,2450.0,8177.55,20034997.5,2.8435102717801497,45.23735622136148,48.08086649314163
Sonora,Imuris,35,Magdalena,140,Tomate rojo (jitomate),2020,2021,30.838011,-110.787299,987.0,583.4447521029363,4.258720818269608,1.0975311612324588,9.083001588912373,13.082627737226277,0.6949999999999998,26.494999999999997,20.473722627737224,7.21,35.8,5.6915328467153286,-5.82,18.63,50.65116788321168,21.36,85.18,20.74883211678832,3.34,31.78,2.531459854014598,1.17,6.58,111.64999999999998,0.8149635036496349,0.0,17.7,89.32,0.651970802919708,0.0,14.16,11.822683309493087,3.4617874208984594,18.789262353071575,0.19136344889139004,12,7,1,66,539.6072697174723,3.9387391950180457,0.6585186967394753,7.651962569254841,25.22487122736497,0.1841231476449998,0.0,2.904,514.3823984901073,3.7546160473730463,0.0,7.651962569254841,252.24871227364972,5143.823984901073,5396.072697174723,450.28726971747227,0.046746722371943245,0.9532532776280568,100.0,22.0,22.0,2200.0,8350.0,18370000.0,2.271078709585394,46.31155113803074,48.58262984761613
Sonora,Imuris,35,Magdalena,140,Tomate rojo (jitomate),2021,2022,30.838011,-110.787299,987.0,718.5193400033176,5.283230441200864,0.9787034021439581,9.523256000273603,13.88264705882353,0.7000000000000002,24.15,22.171323529411765,4.44,32.85,5.593970588235294,-4.65,16.46,32.15948529411765,10.77,87.5,21.894338235294118,7.63,31.7,2.88375,1.02,5.37,45.53,0.3347794117647059,0.0,9.68,36.424,0.2678235294117647,0.0,7.744,11.748970174869502,5.014404853835994,18.535291794880905,0.06336642239830285,9,4,0,64,683.9676246123142,5.029173710384663,0.5872220412863749,10.016168074237815,10.864328484653456,0.0798847682695107,0.0,3.083311730837843,673.1032961276607,4.949288942115152,0.0,10.016168074237815,108.64328484653456,6731.032961276606,6839.676246123141,647.5436246123143,0.015884273017763906,0.9841157269822359,105.08,6.5,6.5,683.02,8500.0,5805670.0,0.9551477853666935,59.17651730868703,60.13166509405372
Sonora,Imuris,35,Magdalena,140,Tomate rojo (jitomate),2022,2023,30.838011,-110.787299,987.0,731.0225175120327,5.375165569941417,1.7122921642316535,9.962932040646194,13.992279411764704,2.1300000000000003,26.089999999999996,22.525955882352942,8.45,35.96,5.458602941176472,-5.37,17.63,30.96867647058824,3.84,79.87,22.41389705882353,7.41,32.92,2.8284558823529413,1.17,6.58,16.15,0.11875,0.0,4.86,12.920000000000002,0.09500000000000001,0.0,3.8880000000000003,11.891653552602573,4.972782688067243,18.15257843091344,0.0220923427296946,6,0,2,71,692.151756522608,5.089351150901529,1.0273752985389921,10.898917824045085,11.288149673193296,0.08300110053818599,0.0,3.8880000000000003,680.8636068494147,5.006350050363344,0.0,10.898917824045085,112.88149673193296,6808.636068494147,6921.5175652260805,679.2317565226081,0.016308778482200654,0.9836912215177993,120.0,10.0,10.0,1200.0,9100.0,10920000.0,0.918893701265277,55.42460880372948,56.34350250499475
Sonora,Imuris,35,Magdalena,140,Tomate rojo (jitomate),2023,2024,30.838011,-110.787299,987.0,613.0966381123634,4.508063515532084,0.992342863925139,8.12010927135906,12.389963235294116,0.9700000000000002,23.259999999999998,20.19375,5.69,32.39,4.586176470588235,-5.37,15.08,43.53632352941176,17.58,86.72,20.94,1.66,31.95,2.8157352941176472,1.08,6.83,92.33000000000001,0.6788970588235295,0.0,13.81,73.864,0.5431176470588236,0.0,11.048000000000002,11.701434612953124,2.8116892386085244,18.616800854788732,0.1505961609645599,19,7,0,69,578.2414313278555,4.251775230351878,0.5954057183550834,8.725173712819597,29.47797281914727,0.21674980014078873,0.0,3.2960000000000003,548.7634585087081,4.035025430211089,0.0,8.725173712819597,294.7797281914727,5487.634585087081,5782.414313278554,504.37743132785545,0.05097865912419139,0.9490213408758085,118.38,44.5,44.5,5268.03,8946.65,47131210.19,2.681034362814668,49.91027362516673,52.5913079879814
Sonora,Imuris,35,Magdalena,140,Tomate verde,2010,2011,30.838011,-110.787299,987.0,586.9276626077358,4.315644577998057,0.8949712546795854,9.20534046171569,11.497904411764706,2.9850000000000003,21.605,19.26345588235294,7.39,31.78,3.7323529411764707,-4.41,13.14,46.48911764705882,18.71,90.13,21.117720588235294,4.23,32.78,2.814117647058824,1.25,8.97,170.61,1.2544852941176472,0.0,35.27,136.48800000000003,1.003588235294118,0.0,28.216000000000005,11.86309754400456,3.7568952976155168,19.041702412319992,0.29068318102775237,21,9,0,94,550.6131102819561,4.048625810896736,0.6409533904691391,8.027080375665042,34.164480875784065,0.2512094182042946,0.0,3.731836999167849,516.4486294061721,3.7974163926924422,0.0,8.027080375665042,341.6448087578407,5164.486294061721,5506.131102819562,414.12511028195604,0.06204807012003262,0.9379519298799676,20.0,15.0,15.0,300.0,6000.0,1800000.0,17.082240437892033,258.22431470308607,275.3065551409781
Sonora,Imuris,35,Magdalena,140,Tomate verde,2012,2013,30.838011,-110.787299,987.0,708.6203756032804,5.172411500753872,1.604942631479033,10.504152746686982,13.96368613138686,2.9699999999999998,25.53,22.307226277372266,6.05,35.21,5.62014598540146,-4.48,15.85,33.096715328467155,10.56,77.45,22.384160583941608,6.55,31.77,2.617226277372263,1.07,6.35,27.409999999999997,0.2000729927007299,0.0,5.95,21.927999999999997,0.16005839416058393,0.0,4.760000000000001,11.997475932372847,4.92830696212246,18.001567975449486,0.03868079573165622,8,3,3,66,661.6500351306381,4.829562300223636,1.2878909722391705,9.744994857419561,14.478856438369338,0.10568508349174699,0.0,2.72,647.1711786922688,4.723877216731889,0.0,9.744994857419561,144.78856438369337,6471.711786922688,6616.500351306381,639.7220351306381,0.021882952723656382,0.9781170472763436,30.5,65.0,65.0,1982.5,5000.0,9912500.0,4.7471660453669955,212.1872717023832,216.93443774775022
Sonora,Imuris,35,Magdalena,140,Tomate verde,2015,2016,30.838011,-110.787299,987.0,598.3539668459866,4.399661520926372,0.845952338271608,7.981419992924403,13.966213235294118,1.04,22.035,21.365808823529413,6.63,31.04,6.566617647058824,-4.92,14.79,48.31404411764706,22.9,91.8,20.56235294117647,2.62,31.59,2.655441176470588,1.12,7.07,123.39999999999999,0.9073529411764705,0.0,34.0,98.72000000000001,0.7258823529411765,0.0,27.200000000000003,11.6802606051158,3.1642593937913195,19.292510215864066,0.20623244239602834,15,7,0,36,570.32630710645,4.193575787547426,0.5075714029629648,8.010186980296556,24.39362852781276,0.17936491564568205,0.0,3.1041061836462203,545.9326785786373,4.014210871901745,0.0,8.010186980296556,243.93628527812757,5459.326785786372,5703.2630710645,471.60630710645,0.0427713542648485,0.9572286457351514,29.8,1.5,1.5,44.7,4434.56,198224.83,8.185781385172065,183.19888542907287,191.38466681424495
Sonora,Imuris,35,Magdalena,140,Zempoalxochitl,2018,2019,30.838011,-110.787299,987.0,786.2344739067452,8.276152356913107,2.7733305901019993,10.526184472653906,22.94815789473684,11.29,29.919999999999998,31.479789473684214,18.2,39.03,14.416526315789474,2.47,22.79,23.36073684210526,7.56,62.36,29.224315789473685,7.32,32.98,2.7993684210526317,1.49,5.3,21.479999999999997,0.2261052631578947,0.0,8.9,17.184000000000005,0.18088421052631584,0.0,7.120000000000001,16.951942905607915,6.291228350006676,19.73014723598979,0.027320094339373532,5,2,20,4,755.777027316835,7.955547655966684,2.9119971196070993,11.052493696286602,12.975997119607099,0.13658944336428525,0.0,5.0,742.8010301972279,7.818958212602399,0.0,11.052493696286602,129.75997119607098,7428.010301972279,7557.77027316835,738.593027316835,0.01716908115833393,0.9828309188416661,10.51,6.0,6.0,63.06,5250.0,331065.0,12.346334081452996,706.7564511867059,719.102785268159
Sonora,Imuris,35,Magdalena,140,Zempoalxochitl,2020,2021,30.838011,-110.787299,987.0,739.9118805205525,7.788546110742658,3.1630147576644205,10.84978487028401,22.09784210526316,9.26,29.925,30.64305263157895,15.0,39.32,13.552631578947368,3.39,21.81,31.155157894736835,10.62,71.32,28.978947368421057,16.82,33.85,2.7109473684210523,1.17,4.67,27.450000000000003,0.2889473684210527,0.0,5.22,21.960000000000004,0.23115789473684215,0.0,4.176,17.245177125193745,11.482398521258347,19.419159094799298,0.03709901235899608,7,2,27,7,719.5330721995042,7.57403233894215,2.214110330365094,11.39227411379821,21.270110330365096,0.22389589821436942,0.0,4.176,698.2629618691392,7.350136440727781,0.0,11.39227411379821,212.70110330365097,6982.629618691391,7195.330721995042,697.5730721995042,0.029560990525905325,0.9704390094740948,9.0,3.0,3.0,27.0,5100.0,137700.0,23.633455922627885,775.8477354101547,799.4811913327825
Sonora,Imuris,35,Magdalena,140,Zempoalxochitl,2021,2022,30.838011,-110.787299,987.0,770.3861159540761,8.109327536358697,3.577155983051902,11.09014299682453,22.722842105263155,11.200000000000001,32.215,31.20399999999999,17.59,41.51,14.241684210526312,4.64,22.92,24.242315789473682,6.82,74.7,28.285368421052627,14.15,32.88,2.8344210526315794,1.31,5.26,49.45,0.5205263157894737,0.0,13.34,39.56,0.41642105263157897,0.0,10.672,16.452318362434088,10.314559413343396,19.042894986830017,0.06418859189688174,7,4,19,1,741.4124087597946,7.804341144839944,3.219440384746712,11.644650146665757,22.23969371686482,0.23410203912489286,0.0,4.651297661445367,719.1727150429298,7.57023910571505,0.0,11.644650146665757,222.3969371686482,7191.727150429298,7414.124087597946,701.8524087597946,0.029996387238873573,0.9700036127611263,8.5,2.0,2.0,17.0,5450.0,92650.0,26.16434554925273,846.0855471093291,872.2498926585819
Sonora,Imuris,35,Magdalena,140,Zempoalxochitl,2022,2023,30.838011,-110.787299,987.0,762.1671891457543,8.022812517323729,5.182633574060347,10.85230799958589,22.802578947368424,12.584999999999999,30.76,31.420421052631575,22.65,39.67,14.184736842105268,2.36,22.43,24.77126315789474,3.84,58.72,28.439473684210526,15.6,32.92,2.670421052631579,1.08,5.01,64.55,0.6794736842105263,0.0,12.18,51.64000000000001,0.5435789473684212,0.0,9.744,16.53102004967639,10.715893353709616,19.223568720415418,0.08469270380472345,16,2,18,2,734.730872089405,7.734009179888473,3.801254773839952,11.394923399565185,44.858668722833016,0.4721965128719265,0.0,6.341533043857116,689.872203366572,7.261812667016547,0.0,11.394923399565185,448.58668722833016,6898.722033665719,7347.30872089405,683.090872089405,0.061054558106787206,0.9389454418932127,10.25,4.0,4.0,41.0,5500.0,225500.0,43.7645548515444,673.0460520649482,716.8106069164926
Sonora,Imuris,35,Magdalena,140,Zempoalxochitl,2023,2024,30.838011,-110.787299,987.0,760.5487473455997,8.005776287848418,4.109800300274107,10.833023943582091,21.6098947368421,7.14,31.955,30.283894736842104,14.67,40.48,12.935894736842103,-1.96,23.65,24.640947368421045,8.17,56.09,29.02063157894736,16.14,32.48,2.78378947368421,1.29,4.55,5.96,0.06273684210526316,0.0,3.04,4.768000000000001,0.050189473684210534,0.0,2.4320000000000004,16.92086365806838,11.23605843832156,19.56755923497311,0.007836447066412334,2,0,14,4,730.9299977194105,7.693999975993795,3.315315062052379,11.210626923258806,4.768000000000001,0.050189473684210534,0.0,2.4320000000000004,726.1619977194104,7.643810502309583,3.315315062052379,11.210626923258806,47.68000000000001,7261.619977194104,7309.299977194104,726.1619977194105,0.006523196496075868,0.993476803503924,9.74,4.0,4.0,38.96,6050.0,235708.0,4.895277207392198,745.546198890565,750.4414760979572
Sonora,Imuris,35,Magdalena,140,Flores,2010,2011,30.838011,-110.787299,987.0,730.8037211270636,7.6926707487059325,2.834926668772313,10.592265879647504,20.343473684210526,6.88,30.235,29.173368421052633,11.67,38.59,11.513578947368421,1.6,23.69,28.85852631578948,10.53,70.26,29.325684210526315,13.92,33.19,2.8839999999999995,1.43,5.88,15.969999999999997,0.1681052631578947,0.0,12.77,12.775999999999998,0.13448421052631576,0.0,10.216000000000001,17.26261449415423,9.622668668501662,19.30283267378296,0.021852652823620915,2,1,22,14,706.4715385861401,7.436542511433054,2.023081247550815,11.12187917362988,5.53667300221093,0.05828076844432557,0.0,2.9766730022109287,700.9348655839292,7.3782617429887285,0.0,11.12187917362988,55.366730022109294,7009.348655839292,7064.715385861402,693.6955385861402,0.007837078636304954,0.992162921363695,10.0,6.0,6.0,60.0,8000.0,480000.0,5.53667300221093,700.9348655839292,706.4715385861401
Sonora,Imuris,35,Magdalena,140,Flores,2011,2012,30.838011,-110.787299,987.0,806.0783775638237,8.485035553303407,3.028882080728517,11.941880128774988,21.76726315789474,7.4399999999999995,32.239999999999995,30.857684210526315,14.12,42.05,12.67684210526316,-1.12,23.72,21.92852631578947,8.05,67.84,29.77189473684211,16.64,33.27,3.119368421052631,1.79,5.64,17.25,0.18157894736842106,0.0,5.84,13.8,0.14526315789473684,0.0,4.672,17.101872761237964,10.447663601558457,19.062228021632848,0.021399904128595958,6,1,21,5,778.0098623671457,8.189577498601533,2.1202174565099616,12.538974135213738,11.248217456509963,0.11840228901589435,0.0,2.712,766.7616449106358,8.07117520958564,0.0,12.538974135213738,112.48217456509963,7667.616449106358,7780.098623671458,764.2098623671458,0.014457679780930446,0.9855423202190696,10.0,8.0,8.0,80.0,9000.0,720000.0,11.248217456509963,766.7616449106358,778.0098623671458
Sonora,Imuris,35,Magdalena,140,Flores,2012,2013,30.838011,-110.787299,987.0,783.5998177983624,8.248419134719605,4.057312400150626,11.475473249304375,22.43842105263158,8.725,30.22,31.373052631578954,14.73,39.38,13.503789473684208,0.18,22.78,22.95778947368421,6.34,74.18,29.510947368421053,18.14,33.15,2.757578947368421,1.41,5.87,43.18,0.45452631578947367,0.0,10.38,34.544000000000004,0.363621052631579,0.0,8.304,17.019912461162175,12.570098788982511,19.029577321432022,0.05510465804001906,10,3,26,5,760.232996182398,8.002452591393663,2.840118680105438,12.049246911769595,30.54648435312776,0.32154194055923957,0.0,6.70673396150789,729.6865118292704,7.680910650834425,0.0,12.049246911769595,305.4648435312776,7296.865118292704,7602.329961823982,725.688996182398,0.0401804242995511,0.9598195757004492,9.5,6.0,6.0,57.0,7000.0,399000.0,32.15419405592396,768.0910650834426,800.2452591393666
Sonora,Imuris,35,Magdalena,140,Flores,2013,2014,30.838011,-110.787299,987.0,791.4245620620497,8.33078486381105,3.4454092892226527,10.94813384330924,22.224052631578946,8.165,31.419999999999998,31.000631578947363,13.33,42.19,13.447473684210529,0.59,22.93,23.51431578947368,9.36,56.56,29.621789473684213,19.14,32.78,2.9352631578947364,1.46,6.59,20.68,0.21768421052631579,0.0,9.84,16.543999999999997,0.1741473684210526,0.0,7.872,17.130957338869592,12.12590736372675,19.183384817664514,0.026130096273634017,3,2,28,6,765.8913062098839,8.062013749577725,2.4117865024558567,11.495540535474703,14.74170918036276,0.15517588610908167,0.0,6.069709180362762,751.149597029521,7.906837863468643,0.0,11.495540535474703,147.41709180362759,7511.49597029521,7658.913062098838,749.3473062098839,0.01924778236916422,0.9807522176308358,9.65,7.0,7.0,67.55,5850.0,395167.5,15.2763825703241,778.3933647974311,793.6697473677552
Sonora,Imuris,35,Magdalena,140,Flores,2014,2015,30.838011,-110.787299,987.0,783.8294905304963,8.250836742426277,3.6000435003855142,10.93223070984785,22.21673684210526,10.125,31.034999999999997,30.677368421052627,18.16,39.83,13.756105263157894,1.08,22.24,22.529578947368424,7.51,73.79,28.881052631578942,11.06,32.5,2.8764210526315783,1.25,6.42,12.86,0.13536842105263158,0.0,6.92,10.288,0.10829473684210526,0.0,5.5360000000000005,16.710052918433945,8.397604393485091,18.940053760059392,0.01640662944602447,2,1,23,5,759.0139708675989,7.989620745974725,2.52003045026986,11.478842245340243,10.12209813759209,0.10654840144833778,0.0,5.37009813759209,748.891872730007,7.883072344526389,0.0,11.478842245340243,101.2209813759209,7488.91872730007,7590.139708675991,748.7259708675989,0.013335852205753103,0.986664147794247,9.25,9.0,9.0,83.25,3000.0,249750.0,10.942808797396854,809.6128353837913,820.5556441811882
Sonora,Imuris,35,Magdalena,140,Flores,2015,2016,30.838011,-110.787299,987.0,673.1541225023783,7.085832868446087,2.699222768388018,10.51523754080412,20.687684210526317,11.435,31.435000000000002,28.607684210526315,15.82,40.49,12.767684210526314,2.82,23.35,35.86600000000001,15.47,66.0,27.85326315789473,9.51,33.09,2.7514736842105263,1.18,5.09,59.68,0.6282105263157894,0.0,8.88,47.744,0.5025684210526316,0.0,7.104000000000001,16.85313525487111,7.521483856617168,19.989841774107187,0.08865725991270171,14,4,14,2,647.6987062855547,6.817881118795313,1.8894559378716125,11.040999417844327,39.524743948290826,0.4160499362977982,0.0,5.693294229355275,608.1739623372641,6.401831182497517,0.0,11.040999417844327,395.24743948290825,6081.739623372641,6476.987062855549,599.9547062855547,0.06102334861058888,0.9389766513894114,10.0,9.0,9.0,90.0,4980.0,448200.0,39.524743948290826,608.1739623372641,647.698706285555
Sonora,Imuris,35,Magdalena,140,Avena forrajera en verde,2010,2011,30.838011,-110.787299,987.0,500.7845222623789,3.1897103328813943,0.8949712546795854,6.616066755636425,10.13735668789809,2.9850000000000003,19.9,17.337707006369428,7.39,28.91,2.9370063694267516,-4.41,13.77,49.91133757961784,22.92,90.13,16.473503184713376,4.23,27.7,2.6105732484076434,1.04,8.97,168.54000000000002,1.073503184713376,0.0,35.27,134.83200000000002,0.8588025477707008,0.0,28.216000000000005,8.53115387797749,3.7568952976155168,16.033664194946883,0.33655193502904607,24,8,0,124,453.2630149838685,2.8870255731456593,0.5048964296695757,5.954460080072783,41.88162646924646,0.26676195203341696,0.0,2.920568086305273,411.38138851462213,2.620263621112243,0.0,5.954460080072783,0.0,0.0,0.0,318.4310149838685,0.09240027331755056,0.9075997266824496,26.0,108.0,108.0,2808.0,600.0,1684800.0,0.0,0.0,0.0
Sonora,Imuris,35,Magdalena,140,Avena forrajera en verde,2011,2012,30.838011,-110.787299,987.0,611.2825201263652,3.8935192364736637,1.2033199572068758,8.186658243876364,11.683375796178344,-7.15,21.87,19.57267515923567,-3.06,32.17,3.794076433121019,-11.24,13.13,37.53331210191083,14.55,78.96,17.943184713375796,7.01,27.46,2.5494267515923568,1.07,8.6,21.599999999999998,0.1375796178343949,0.0,9.93,17.28,0.11006369426751593,0.0,7.944,8.783514202246032,4.483632185522038,15.261586019478441,0.035335543367958265,4,2,0,94,555.5729432837811,3.5386811674126184,0.856019088212146,7.367992419488727,7.935684437244688,0.05054576074678145,0.0,2.0670373874919226,547.6372588465365,3.4881354066658377,0.0,7.367992419488727,0.0,0.0,0.0,538.2929432837811,0.014283784934413589,0.9857162150655865,20.0,120.0,120.0,2400.0,780.0,1872000.0,0.0,0.0,0.0
Sonora,Imuris,35,Magdalena,140,Avena forrajera en verde,2012,2013,30.838011,-110.787299,987.0,563.1580508145117,3.56429146085134,0.8296746826326784,7.108770641406189,10.858987341772151,-0.2649999999999997,19.345,18.454113924050635,4.82,27.5,3.2638607594936713,-5.35,11.77,43.29911392405064,17.18,90.72,17.075189873417724,2.47,28.7,2.5829113924050633,1.07,6.35,96.78,0.6125316455696203,0.0,23.25,77.42399999999999,0.49002531645569614,0.0,18.6,8.605534192155874,3.0335513387150126,15.857709212770946,0.1718522888202065,19,7,0,108,517.7906263346475,3.277155862877516,0.3845854532532597,6.39789357726557,25.887297898129134,0.1638436575830958,0.0,2.2055846127013674,491.9033284365184,3.11331220529442,0.0,6.39789357726557,0.0,0.0,0.0,440.36662633464755,0.04999568663762986,0.9500043133623701,18.0,34.0,34.0,612.0,900.0,550800.0,0.0,0.0,0.0
Sonora,Imuris,35,Magdalena,140,Avena forrajera en verde,2013,2014,30.838011,-110.787299,987.0,557.086133227293,3.5483193199190635,1.1445377574790796,6.780069479896133,11.417292993630573,-1.125,20.965,18.81184713375796,4.11,29.62,4.022738853503184,-6.41,13.54,41.67815286624204,20.61,88.01,16.727579617834394,6.21,27.97,2.4454777070063694,0.92,5.95,81.77000000000001,0.5208280254777071,0.0,15.55,65.416,0.4166624203821656,0.0,12.440000000000001,8.472957309872706,4.382945010804168,15.612904932106831,0.14678161081894597,13,5,0,82,508.7681720787293,3.240561605597002,0.6183508084014543,6.10206253190652,26.37410564064682,0.16798793401685874,0.0,2.794991433783869,482.3940664380825,3.0725736715801433,0.0,6.10206253190652,0.0,0.0,0.0,443.3521720787293,0.051839142242108574,0.9481608577578915,18.3,30.0,30.0,549.0,823.38,452035.62,0.0,0.0,0.0
Sonora,Imuris,35,Magdalena,140,Avena forrajera en verde,2014,2015,30.838011,-110.787299,987.0,592.3518059369886,3.7729414390890996,0.883434439040815,6.997248542726436,12.76512738853503,3.255,19.965,20.19,6.34,28.91,5.340254777070063,-3.94,11.95,41.62828025477707,15.66,88.91,16.87624203821656,5.74,28.29,2.531910828025478,1.24,6.08,79.46000000000001,0.5061146496815287,0.0,30.18,63.568,0.4048917197452229,0.0,24.144000000000002,8.52716609221699,4.067206862719601,16.123218917226502,0.13414325609138525,6,4,0,66,545.2141047614921,3.4727013042133255,0.6655519866801693,6.297523688453793,14.230525014583714,0.09064028671709372,0.0,3.04,530.9835797469084,3.382061017496232,0.0,6.297523688453793,0.0,0.0,0.0,481.6461047614921,0.026100801300452347,0.9738991986995477,17.25,65.0,65.0,1121.25,823.0,922788.75,0.0,0.0,0.0
Sonora,Imuris,35,Magdalena,140,Avena forrajera en verde,2015,2016,30.838011,-110.787299,987.0,507.30328659425714,3.231231124804186,0.845952338271608,6.668983907898437,12.315095541401275,1.04,21.525,19.302229299363056,6.63,30.0,5.32796178343949,-4.92,14.79,54.30980891719746,26.18,91.8,16.090891719745223,2.62,27.18,2.458853503184713,1.1,7.07,130.57999999999998,0.8317197452229298,0.0,34.0,104.46400000000001,0.6653757961783441,0.0,27.200000000000003,8.499377412990702,3.1642593937913195,15.513311960703112,0.2574002642021878,19,6,0,66,466.7125882457673,2.9726916448774987,0.5621764231008208,6.002085517108593,31.137103746180678,0.1983255015680298,0.0,2.5487270027733295,435.57548449958654,2.7743661433094684,0.0,6.002085517108593,0.0,0.0,0.0,362.2485882457673,0.0667158001099043,0.9332841998900956,18.0,45.0,45.0,810.0,795.0,643950.0,0.0,0.0,0.0
Sonora,Imuris,35,Magdalena,140,Avena forrajera en verde,2016,2017,30.838011,-110.787299,987.0,578.8486311611509,3.6635989313996893,0.6481940409006496,7.318546480994291,11.72012658227848,0.44499999999999984,20.285,19.407151898734178,5.52,28.6,4.0331012658227845,-4.85,13.1,43.59018987341772,20.11,94.27,17.32221518987342,5.57,27.99,2.516518987341772,0.94,6.08,90.88,0.5751898734177215,0.0,13.79,72.70400000000001,0.4601518987341773,0.0,11.032,8.735020028198267,4.108877230507974,15.614695473282909,0.15700132142957265,18,6,0,90,533.8593312971431,3.378856527197108,0.5243187439789657,6.5866918328948625,24.15992041486701,0.15291088870168992,0.0,2.1213146502399067,509.6994108822761,3.225945638495418,0.0,6.5866918328948625,0.0,0.0,0.0,461.15533129714305,0.04525521799190906,0.954744782008091,17.35,64.0,64.0,1110.4,688.27,764255.01,0.0,0.0,0.0
Sonora,Imuris,35,Magdalena,140,Avena forrajera en verde,2017,2018,30.838011,-110.787299,987.0,562.3118392056242,3.5816040713734028,0.8875658185659006,7.3178395767725135,12.939808917197453,3.2800000000000002,22.83,20.049108280254774,7.55,30.55,5.830509554140127,-3.84,15.8,48.11273885350318,21.9,90.22,16.570127388535035,3.82,27.96,2.586624203821656,1.02,6.4,118.42999999999999,0.7543312101910827,0.0,18.55,94.744,0.6034649681528662,0.0,14.840000000000002,8.596188769084051,3.5421690014399845,15.946058043119326,0.2106126738631461,15,8,0,68,507.5386028754081,3.2327299546204338,0.9558844179271799,6.586055619095262,27.03522098929293,0.17219885980441357,0.0,2.4027053152224775,480.5033818861153,3.060531094816021,0.0,6.586055619095262,0.0,0.0,0.0,412.79460287540815,0.053267319640570486,0.9467326803594297,19.0,128.0,128.0,2432.0,722.92,1758141.44,0.0,0.0,0.0
Sonora,Imuris,35,Magdalena,140,Avena forrajera en verde,2018,2019,30.838011,-110.787299,987.0,600.872523758057,3.827213527121382,0.9128160580031739,6.875128259137553,14.06025477707006,3.75,22.865000000000002,21.32426751592357,8.47,30.83,6.79624203821656,-4.92,16.89,39.26197452229299,15.04,93.02,16.33031847133758,3.84,27.64,2.3889171974522294,0.89,5.9,114.23,0.727579617834395,0.0,32.02,91.38400000000001,0.582063694267516,0.0,25.616000000000003,8.24352625236558,3.8105452862433147,15.700884548064852,0.19010687871957851,13,6,0,56,560.747902642113,3.571642691987981,0.8338665864893201,7.449483472985207,22.227909649530254,0.1415790423536959,0.0,2.8160000000000003,538.5199929925827,3.430063649634285,0.0,7.449483472985207,0.0,0.0,0.0,469.363902642113,0.039639755306792125,0.9603602446932079,19.5,130.0,130.0,2535.0,738.36,1871742.6,0.0,0.0,0.0
Sonora,Imuris,35,Magdalena,140,Avena forrajera en verde,2019,2020,30.838011,-110.787299,987.0,484.7924909541488,3.087850260854451,0.6906259483130978,6.516673500135058,10.758057324840765,-0.1349999999999998,18.63,17.742866242038215,3.81,27.28,3.773248407643312,-5.15,12.72,52.60573248407643,28.81,91.0,15.72828025477707,2.64,27.23,2.4624203821656048,1.18,7.6,143.63,0.9148407643312102,0.0,31.22,114.904,0.7318726114649682,0.0,24.976,8.317339564199015,3.1240551662793195,15.843525711870951,0.2962710905800403,26,5,0,89,440.40621979053583,2.805135157901502,0.621563353481788,5.865006150121552,42.711863241651145,0.27205008434172706,0.0,2.3440000000000003,397.6943565488848,2.533085073559776,0.0,5.865006150121552,0.0,0.0,0.0,325.50221979053583,0.09698287926534185,0.9030171207346585,19.8,125.0,125.0,2475.0,749.36,1854666.0,0.0,0.0,0.0
Sonora,Imuris,35,Magdalena,140,Avena forrajera en verde,2020,2021,30.838011,-110.787299,987.0,455.51244392074886,2.8829901513971445,0.7181161583892988,5.921451514403525,10.985949367088608,0.6949999999999998,19.32,17.70373417721519,6.1,26.37,4.2681645569620255,-5.82,13.67,58.24854430379747,26.67,92.95,15.375569620253165,2.38,28.03,2.4849367088607597,0.57,6.81,291.03999999999996,1.842025316455696,0.0,47.7,174.62400000000002,1.105215189873418,0.0,28.62,8.29570924279569,2.943767823395902,16.30225716188004,0.6389287578950001,23,17,0,89,408.7275453055172,2.5868831981361846,0.6649710710252936,5.329306362963173,35.96949887821512,0.22765505619123494,0.0,2.4114008136064653,372.758046427302,2.3592281419449495,0.0,5.329306362963173,0.0,0.0,0.0,234.10354530551717,0.08800360849506364,0.9119963915049363,19.7,130.0,130.0,2561.0,780.0,1997580.0,0.0,0.0,0.0
Sonora,Imuris,35,Magdalena,140,Avena forrajera en verde,2021,2022,30.838011,-110.787299,987.0,632.080661281711,4.025991473131917,0.9787034021439581,8.697032208643714,12.096783439490446,0.7000000000000002,23.025,20.048980891719747,4.44,32.67,4.144585987261147,-4.65,16.09,34.98974522292993,15.65,87.5,17.30541401273885,7.63,27.7,2.7011464968152867,1.02,7.28,58.89,0.3750955414012739,0.0,9.68,47.11200000000001,0.30007643312101917,0.0,7.744,8.43112731973224,4.514194572635337,15.540555591589492,0.09316848878208824,11,5,0,99,575.2351256508794,3.6639179977763017,0.7369584123867662,7.827328987779342,17.47401027160187,0.11129942848154058,0.0,2.413026571960051,557.7611153792774,3.5526185692947605,0.0,7.827328987779342,0.0,0.0,0.0,528.1231256508794,0.03037716142912866,0.9696228385708712,21.0,120.0,120.0,2520.0,824.53,2077815.6,0.0,0.0,0.0
Sonora,Imuris,35,Magdalena,140,Avena forrajera en verde,2022,2023,30.838011,-110.787299,987.0,580.5005674401034,3.6974558435675378,0.8903941773821963,7.094549152766229,12.37952229299363,2.1300000000000003,20.995,19.94656050955414,8.45,29.67,4.812484076433121,-5.37,14.13,40.94031847133758,12.86,90.16,16.94140127388535,4.6,27.28,2.5320382165605095,0.94,6.58,59.82,0.38101910828025476,0.0,27.87,47.856,0.3048152866242038,0.0,22.296000000000003,8.550758035285211,3.725158151670839,15.373412543984383,0.10304899487660239,12,2,0,85,526.3193599974393,3.3523526114486577,0.790269606544775,6.385094237489606,22.195861458906492,0.14137491375099676,0.0,3.0776381813627487,504.1234985385329,3.2109776976976616,0.0,6.385094237489606,0.0,0.0,0.0,478.4633599974393,0.042171850678292516,0.9578281493217077,25.43,105.0,105.0,2670.0,858.65,2292595.5,0.0,0.0,0.0
Sonora,Imuris,35,Magdalena,140,Avena forrajera en verde,2023,2024,30.838011,-110.787299,987.0,485.37976153504815,3.0915908378028543,0.9791758414114304,7.357348671831525,10.032229299363056,0.9700000000000002,17.055,17.1828025477707,5.69,26.03,2.8816560509554145,-5.37,12.25,50.962547770700645,23.54,86.72,16.120063694267518,1.66,29.04,2.600636942675159,1.08,6.83,116.56,0.7424203821656051,0.0,13.81,93.24799999999999,0.593936305732484,0.0,11.048000000000002,8.400471298591667,2.8116892386085244,16.519324522965217,0.24014186259305637,24,9,0,111,446.59277275981015,2.844539953884141,0.6881675354849626,6.621613804648372,34.642357750359025,0.22065196019336958,0.0,2.764681752308612,411.9504150094511,2.6238879936907713,0.0,6.621613804648372,0.0,0.0,0.0,353.34477275981016,0.07757035013414926,0.9224296498658506,24.2,100.0,100.0,2420.0,866.9,2097898.0,0.0,0.0,0.0
Sonora,Imuris,35,Magdalena,140,Cebada forrajera en verde,2010,2011,30.838011,-110.787299,987.0,500.7845222623789,3.1897103328813943,0.8949712546795854,6.616066755636425,10.13735668789809,2.9850000000000003,19.9,17.337707006369428,7.39,28.91,2.9370063694267516,-4.41,13.77,49.91133757961784,22.92,90.13,16.473503184713376,4.23,27.7,2.6105732484076434,1.04,8.97,168.54000000000002,1.073503184713376,0.0,35.27,134.83200000000002,0.8588025477707008,0.0,28.216000000000005,8.53115387797749,3.7568952976155168,16.033664194946883,0.33655193502904607,24,8,0,124,453.2630149838685,2.8870255731456593,0.5048964296695757,5.954460080072783,41.88162646924646,0.26676195203341696,0.0,2.920568086305273,411.38138851462213,2.620263621112243,0.0,5.954460080072783,0.0,0.0,0.0,318.4310149838685,0.09240027331755056,0.9075997266824496,27.0,78.0,78.0,2106.0,600.0,1263600.0,0.0,0.0,0.0
Sonora,Imuris,35,Magdalena,140,Cebada forrajera en verde,2011,2012,30.838011,-110.787299,987.0,611.2825201263652,3.8935192364736637,1.2033199572068758,8.186658243876364,11.683375796178344,-7.15,21.87,19.57267515923567,-3.06,32.17,3.794076433121019,-11.24,13.13,37.53331210191083,14.55,78.96,17.943184713375796,7.01,27.46,2.5494267515923568,1.07,8.6,21.599999999999998,0.1375796178343949,0.0,9.93,17.28,0.11006369426751593,0.0,7.944,8.783514202246032,4.483632185522038,15.261586019478441,0.035335543367958265,4,2,0,94,555.5729432837811,3.5386811674126184,0.856019088212146,7.367992419488727,7.935684437244688,0.05054576074678145,0.0,2.0670373874919226,547.6372588465365,3.4881354066658377,0.0,7.367992419488727,0.0,0.0,0.0,538.2929432837811,0.014283784934413589,0.9857162150655865,20.0,91.0,91.0,1820.0,800.0,1456000.0,0.0,0.0,0.0
Sonora,Imuris,35,Magdalena,140,Cebada forrajera en verde,2012,2013,30.838011,-110.787299,987.0,563.1580508145117,3.56429146085134,0.8296746826326784,7.108770641406189,10.858987341772151,-0.2649999999999997,19.345,18.454113924050635,4.82,27.5,3.2638607594936713,-5.35,11.77,43.29911392405064,17.18,90.72,17.075189873417724,2.47,28.7,2.5829113924050633,1.07,6.35,96.78,0.6125316455696203,0.0,23.25,77.42399999999999,0.49002531645569614,0.0,18.6,8.605534192155874,3.0335513387150126,15.857709212770946,0.1718522888202065,19,7,0,108,517.7906263346475,3.277155862877516,0.3845854532532597,6.39789357726557,25.887297898129134,0.1638436575830958,0.0,2.2055846127013674,491.9033284365184,3.11331220529442,0.0,6.39789357726557,0.0,0.0,0.0,440.36662633464755,0.04999568663762986,0.9500043133623701,19.0,41.0,41.0,779.0,850.0,662150.0,0.0,0.0,0.0
Sonora,Imuris,35,Magdalena,140,Cebada forrajera en verde,2013,2014,30.838011,-110.787299,987.0,557.086133227293,3.5483193199190635,1.1445377574790796,6.780069479896133,11.417292993630573,-1.125,20.965,18.81184713375796,4.11,29.62,4.022738853503184,-6.41,13.54,41.67815286624204,20.61,88.01,16.727579617834394,6.21,27.97,2.4454777070063694,0.92,5.95,81.77000000000001,0.5208280254777071,0.0,15.55,65.416,0.4166624203821656,0.0,12.440000000000001,8.472957309872706,4.382945010804168,15.612904932106831,0.14678161081894597,13,5,0,82,508.7681720787293,3.240561605597002,0.6183508084014543,6.10206253190652,26.37410564064682,0.16798793401685874,0.0,2.794991433783869,482.3940664380825,3.0725736715801433,0.0,6.10206253190652,0.0,0.0,0.0,443.3521720787293,0.051839142242108574,0.9481608577578915,18.2,64.0,64.0,1164.8,804.17,936697.22,0.0,0.0,0.0
Sonora,Imuris,35,Magdalena,140,Cebada forrajera en verde,2014,2015,30.838011,-110.787299,987.0,592.3518059369886,3.7729414390890996,0.883434439040815,6.997248542726436,12.76512738853503,3.255,19.965,20.19,6.34,28.91,5.340254777070063,-3.94,11.95,41.62828025477707,15.66,88.91,16.87624203821656,5.74,28.29,2.531910828025478,1.24,6.08,79.46000000000001,0.5061146496815287,0.0,30.18,63.568,0.4048917197452229,0.0,24.144000000000002,8.52716609221699,4.067206862719601,16.123218917226502,0.13414325609138525,6,4,0,66,545.2141047614921,3.4727013042133255,0.6655519866801693,6.297523688453793,14.230525014583714,0.09064028671709372,0.0,3.04,530.9835797469084,3.382061017496232,0.0,6.297523688453793,0.0,0.0,0.0,481.6461047614921,0.026100801300452347,0.9738991986995477,18.22,60.0,60.0,1093.2,855.0,934686.0,0.0,0.0,0.0
Sonora,Imuris,35,Magdalena,140,Cebada forrajera en verde,2015,2016,30.838011,-110.787299,987.0,507.30328659425714,3.231231124804186,0.845952338271608,6.668983907898437,12.315095541401275,1.04,21.525,19.302229299363056,6.63,30.0,5.32796178343949,-4.92,14.79,54.30980891719746,26.18,91.8,16.090891719745223,2.62,27.18,2.458853503184713,1.1,7.07,130.57999999999998,0.8317197452229298,0.0,34.0,104.46400000000001,0.6653757961783441,0.0,27.200000000000003,8.499377412990702,3.1642593937913195,15.513311960703112,0.2574002642021878,19,6,0,66,466.7125882457673,2.9726916448774987,0.5621764231008208,6.002085517108593,31.137103746180678,0.1983255015680298,0.0,2.5487270027733295,435.57548449958654,2.7743661433094684,0.0,6.002085517108593,0.0,0.0,0.0,362.2485882457673,0.0667158001099043,0.9332841998900956,18.1,52.5,52.5,950.25,849.52,807256.38,0.0,0.0,0.0
Sonora,Imuris,35,Magdalena,140,Cebada forrajera en verde,2016,2017,30.838011,-110.787299,987.0,578.8486311611509,3.6635989313996893,0.6481940409006496,7.318546480994291,11.72012658227848,0.44499999999999984,20.285,19.407151898734178,5.52,28.6,4.0331012658227845,-4.85,13.1,43.59018987341772,20.11,94.27,17.32221518987342,5.57,27.99,2.516518987341772,0.94,6.08,90.88,0.5751898734177215,0.0,13.79,72.70400000000001,0.4601518987341773,0.0,11.032,8.735020028198267,4.108877230507974,15.614695473282909,0.15700132142957265,18,6,0,90,533.8593312971431,3.378856527197108,0.5243187439789657,6.5866918328948625,24.15992041486701,0.15291088870168992,0.0,2.1213146502399067,509.6994108822761,3.225945638495418,0.0,6.5866918328948625,0.0,0.0,0.0,461.15533129714305,0.04525521799190906,0.954744782008091,18.33,61.0,61.0,1118.13,752.18,841035.02,0.0,0.0,0.0
Sonora,Imuris,35,Magdalena,140,Cebada forrajera en verde,2017,2018,30.838011,-110.787299,987.0,562.3118392056242,3.5816040713734028,0.8875658185659006,7.3178395767725135,12.939808917197453,3.2800000000000002,22.83,20.049108280254774,7.55,30.55,5.830509554140127,-3.84,15.8,48.11273885350318,21.9,90.22,16.570127388535035,3.82,27.96,2.586624203821656,1.02,6.4,118.42999999999999,0.7543312101910827,0.0,18.55,94.744,0.6034649681528662,0.0,14.840000000000002,8.596188769084051,3.5421690014399845,15.946058043119326,0.2106126738631461,15,8,0,68,507.5386028754081,3.2327299546204338,0.9558844179271799,6.586055619095262,27.03522098929293,0.17219885980441357,0.0,2.4027053152224775,480.5033818861153,3.060531094816021,0.0,6.586055619095262,0.0,0.0,0.0,412.79460287540815,0.053267319640570486,0.9467326803594297,21.5,110.0,110.0,2365.0,758.0,1792670.0,0.0,0.0,0.0
Sonora,Imuris,35,Magdalena,140,Cebada forrajera en verde,2018,2019,30.838011,-110.787299,987.0,600.872523758057,3.827213527121382,0.9128160580031739,6.875128259137553,14.06025477707006,3.75,22.865000000000002,21.32426751592357,8.47,30.83,6.79624203821656,-4.92,16.89,39.26197452229299,15.04,93.02,16.33031847133758,3.84,27.64,2.3889171974522294,0.89,5.9,114.23,0.727579617834395,0.0,32.02,91.38400000000001,0.582063694267516,0.0,25.616000000000003,8.24352625236558,3.8105452862433147,15.700884548064852,0.19010687871957851,13,6,0,56,560.747902642113,3.571642691987981,0.8338665864893201,7.449483472985207,22.227909649530254,0.1415790423536959,0.0,2.8160000000000003,538.5199929925827,3.430063649634285,0.0,7.449483472985207,0.0,0.0,0.0,469.363902642113,0.039639755306792125,0.9603602446932079,21.8,130.0,130.0,2834.0,760.62,2155597.08,0.0,0.0,0.0
Sonora,Imuris,35,Magdalena,140,Cebada forrajera en verde,2019,2020,30.838011,-110.787299,987.0,484.7924909541488,3.087850260854451,0.6906259483130978,6.516673500135058,10.758057324840765,-0.1349999999999998,18.63,17.742866242038215,3.81,27.28,3.773248407643312,-5.15,12.72,52.60573248407643,28.81,91.0,15.72828025477707,2.64,27.23,2.4624203821656048,1.18,7.6,143.63,0.9148407643312102,0.0,31.22,114.904,0.7318726114649682,0.0,24.976,8.317339564199015,3.1240551662793195,15.843525711870951,0.2962710905800403,26,5,0,89,440.40621979053583,2.805135157901502,0.621563353481788,5.865006150121552,42.711863241651145,0.27205008434172706,0.0,2.3440000000000003,397.6943565488848,2.533085073559776,0.0,5.865006150121552,0.0,0.0,0.0,325.50221979053583,0.09698287926534185,0.9030171207346585,22.0,150.0,150.0,3300.0,793.69,2619177.0,0.0,0.0,0.0
Sonora,Imuris,35,Magdalena,140,Cebada forrajera en verde,2022,2023,30.838011,-110.787299,987.0,580.5005674401034,3.6974558435675378,0.8903941773821963,7.094549152766229,12.37952229299363,2.1300000000000003,20.995,19.94656050955414,8.45,29.67,4.812484076433121,-5.37,14.13,40.94031847133758,12.86,90.16,16.94140127388535,4.6,27.28,2.5320382165605095,0.94,6.58,59.82,0.38101910828025476,0.0,27.87,47.856,0.3048152866242038,0.0,22.296000000000003,8.550758035285211,3.725158151670839,15.373412543984383,0.10304899487660239,12,2,0,85,526.3193599974393,3.3523526114486577,0.790269606544775,6.385094237489606,22.195861458906492,0.14137491375099676,0.0,3.0776381813627487,504.1234985385329,3.2109776976976616,0.0,6.385094237489606,0.0,0.0,0.0,478.4633599974393,0.042171850678292516,0.9578281493217077,22.0,110.0,110.0,2420.0,870.0,2105400.0,0.0,0.0,0.0
Sonora,Imuris,35,Magdalena,140,Cebada forrajera en verde,2023,2024,30.838011,-110.787299,987.0,485.37976153504815,3.0915908378028543,0.9791758414114304,7.357348671831525,10.032229299363056,0.9700000000000002,17.055,17.1828025477707,5.69,26.03,2.8816560509554145,-5.37,12.25,50.962547770700645,23.54,86.72,16.120063694267518,1.66,29.04,2.600636942675159,1.08,6.83,116.56,0.7424203821656051,0.0,13.81,93.24799999999999,0.593936305732484,0.0,11.048000000000002,8.400471298591667,2.8116892386085244,16.519324522965217,0.24014186259305637,24,9,0,111,446.59277275981015,2.844539953884141,0.6881675354849626,6.621613804648372,34.642357750359025,0.22065196019336958,0.0,2.764681752308612,411.9504150094511,2.6238879936907713,0.0,6.621613804648372,0.0,0.0,0.0,353.34477275981016,0.07757035013414926,0.9224296498658506,24.46,65.0,65.0,1589.9,890.44,1415710.56,0.0,0.0,0.0
Sonora,Imuris,35,Magdalena,140,Maíz grano,2010,2011,30.838011,-110.787299,987.0,1185.8238706747102,6.934642518565557,2.834926668772313,10.592265879647504,22.775233918128652,6.88,30.27,30.471169590643274,11.67,38.59,15.079298245614032,1.6,23.69,40.11561403508772,10.53,77.42,26.72105263157895,11.4,33.19,2.4222807017543864,0.78,5.88,260.08000000000004,1.5209356725146201,0.0,24.02,156.048,0.9125614035087719,0.0,14.411999999999999,16.328259163244095,8.595520126526269,19.30283267378296,0.2193243081301945,38,21,40,14,1092.6525205911344,6.389780822170376,0.8504780006316939,12.710719055577005,106.99257160916,0.6256875532699415,0.0,6.270870250092603,985.6599489819741,5.764093268900433,0.0,12.710719055577005,1069.9257160916,9856.599489819742,10926.525205911343,936.6045205911344,0.09792003367298882,0.9020799663270109,4.0,16.0,16.0,64.0,3500.0,224000.0,305.69306174045715,2816.1712828056407,3121.864344546098
Sonora,Imuris,35,Magdalena,140,Maíz grano,2011,2012,30.838011,-110.787299,987.0,1261.4259745255822,7.376760084944925,3.028882080728517,11.941880128774988,23.780350877192983,7.4399999999999995,32.239999999999995,31.644269005847953,14.12,42.05,15.916432748538012,-1.12,23.72,35.04947368421052,8.05,73.26,26.76543859649123,13.27,33.27,2.494093567251462,1.05,5.64,197.46,1.1547368421052633,0.0,14.1,157.96800000000002,0.9237894736842106,0.0,11.280000000000001,16.102710773615403,9.537827328756446,19.062228021632848,0.15653712860500119,52,11,41,5,1138.1357820371834,6.65576480723499,0.9086646242185551,14.330256154529986,125.53245287437389,0.7341079115460462,0.0,6.5447945835178665,1012.6033291628095,5.921656895688944,0.0,14.330256154529986,1255.324528743739,10126.033291628095,11381.357820371833,980.1677820371833,0.1102965523583483,0.8897034476416517,4.5,1.5,1.5,6.75,5533.33,37349.98,278.96100638749755,2250.229620361799,2529.1906267492964
Sonora,Imuris,35,Magdalena,140,Maíz grano,2016,2017,30.838011,-110.787299,987.0,1179.1336777193128,6.895518583153876,1.9790931968785157,11.202116861072428,23.17833333333333,11.385000000000002,32.435,30.68789473684211,17.01,42.66,15.66877192982456,3.35,23.13,40.12573099415204,9.5,88.29,26.448304093567252,7.23,33.04,2.3079532163742686,0.79,5.45,285.89,1.6718713450292397,0.0,46.56,171.53400000000002,1.003122807017544,0.0,27.936,16.182207689586527,5.896046313753478,19.34542153839416,0.24245766650730396,42,17,28,5,1070.3940276445844,6.259614196751955,1.0850007203939716,13.442540233286913,95.45442686916606,0.5582130226267021,0.0,6.886089954638988,974.9396007754183,5.7014011741252535,0.0,13.442540233286913,954.5442686916606,9749.396007754183,10703.940276445845,898.8600276445844,0.08917690533010048,0.9108230946698994,2.0,3.0,3.0,6.0,3860.0,23160.0,477.2721343458303,4874.698003877092,5351.970138222922
Sonora,Imuris,35,Magdalena,140,Maíz grano,2017,2018,30.838011,-110.787299,987.0,1196.5902635899054,6.997603880642721,3.038042399230432,10.702392681477171,23.59181286549708,10.785,33.955,31.159298245614035,15.8,43.11,16.024327485380116,2.94,25.59,39.81719298245615,5.45,85.48,26.269181286549706,11.39,33.34,2.3063157894736843,0.77,5.63,297.25999999999993,1.7383625730994148,0.0,20.82,178.35600000000002,1.0430175438596492,0.0,12.491999999999999,15.966343830325194,8.41035987529278,19.18405006244678,0.2484225461672958,45,23,34,2,1067.274304046579,6.241370199102801,1.4108356518834544,12.842871217772606,126.8608208572333,0.7418761453639374,0.0,6.619168383535749,940.4134831893455,5.499494053738863,0.0,12.842871217772606,1268.608208572333,9404.134831893454,10672.743040465788,888.9183040465789,0.11886430730716509,0.8811356926928348,1.51,3.0,3.0,4.53,3359.21,15217.22,840.1378864717437,6227.903862181095,7068.041748652839
Sonora,Imuris,35,Magdalena,140,Maíz grano,2018,2019,30.838011,-110.787299,987.0,1211.34031418164,7.0838614864423395,2.7733305901019993,10.869476521800454,24.113070175438597,11.29,32.45,31.423801169590647,18.2,40.48,16.802339181286552,2.47,24.42,39.11263157894737,7.56,78.67,26.177953216374267,7.32,32.98,2.2807602339181288,0.96,5.3,302.08000000000004,1.7665497076023393,0.0,52.4,181.24800000000002,1.0599298245614037,0.0,31.439999999999998,15.932465887875766,6.291228350006676,19.73014723598979,0.24937665861808614,51,16,32,4,1095.6595325070962,6.407365687176001,1.5874053283927918,13.043371826160545,118.05721643462917,0.6903930785650828,0.0,6.803999999999999,977.6023160724669,5.716972608610917,0.0,12.631421367184688,1180.5721643462916,9776.02316072467,10956.59532507096,914.4115325070961,0.10774991037999714,0.8922500896200027,1.52,3.0,3.0,4.56,2794.55,12743.15,776.6922133857182,6431.594184687283,7208.286398073001
Sonora,Imuris,35,Magdalena,140,Maíz grano,2019,2020,30.838011,-110.787299,987.0,1165.0456580339696,6.813132503122629,3.3433873282858637,11.359862251227245,23.159210526315793,10.58,31.75,30.489181286549705,14.25,39.73,15.829239766081873,3.48,24.9,41.411695906432755,13.58,76.29,26.177251461988305,13.56,32.89,2.364736842105263,0.92,5.04,208.31,1.218187134502924,0.0,16.88,166.648,0.9745497076023392,0.0,13.504,16.136132171588855,9.79901905492721,19.624151826363832,0.1787998595278454,44,10,27,1,1059.112313408465,6.193639259698626,1.055931249590521,13.631834701472693,119.04787780450127,0.6961864199093641,0.0,6.827841369054048,940.0644356039637,5.497452839789261,0.0,13.631834701472693,1190.4787780450126,9400.644356039636,10591.12313408465,892.464313408465,0.11240344984884373,0.8875965501511562,2.1,5.0,5.0,10.5,3000.0,31500.0,566.8946562119107,4476.497312399827,5043.391968611738
Sonora,Imuris,35,Magdalena,140,Maíz grano,2020,2021,30.838011,-110.787299,987.0,1242.3199937686447,7.265029203325408,2.39199737700916,10.84978487028401,24.46514619883041,9.26,32.22,32.331637426900585,15.0,40.81,16.598654970760233,3.39,23.89,37.72093567251462,10.62,74.23,26.585555555555555,9.03,33.85,2.3771345029239765,0.72,4.68,179.38000000000002,1.0490058479532165,0.0,14.05,143.504,0.8392046783625731,0.0,11.240000000000002,16.272651324954026,6.995481087899364,19.419159094799298,0.14439113988324467,40,13,65,7,1129.3961977467434,6.604656127173938,0.9489044272993261,13.019741844340812,110.87516436355271,0.6483927740558638,0.0,5.112,1018.5210333831907,5.956263353118074,0.0,13.019741844340812,1108.7516436355272,10185.210333831907,11293.961977467434,985.8921977467434,0.0981720715766173,0.9018279284233827,0.0,4.0,0.0,0.0,0.0,0.0,,,
Sonora,Imuris,35,Magdalena,140,Maíz grano,2021,2022,30.838011,-110.787299,987.0,1185.513291451291,6.932826265797024,2.345750413087883,11.09014299682453,23.903508771929825,11.200000000000001,32.215,31.27959064327485,17.59,41.51,16.527426900584793,4.64,23.24,40.96005847953217,6.82,87.78,25.724736842105266,10.48,32.88,2.3040350877192983,0.92,5.26,326.6,1.9099415204678365,0.0,25.08,195.96,1.1459649122807019,0.0,15.047999999999998,15.736270090322463,8.052531524980273,19.042894986830017,0.2754924827541834,53,21,30,1,1062.3299548991536,6.212455876603237,1.3899893435090178,13.308171596189437,140.88723131851518,0.8239019375351765,0.0,7.325257573535866,921.4427235806384,5.388553939068061,0.0,13.308171596189437,1408.8723131851518,9214.427235806383,10623.299548991534,866.3699548991535,0.13262097210832158,0.8673790278916784,1.8,5.0,5.0,9.0,6000.0,54000.0,782.7068406584176,5119.126242114657,5901.833082773074
Sonora,Imuris,35,Magdalena,140,Maíz forrajero en verde,2014,2015,30.838011,-110.787299,987.0,1143.656318000707,7.103455391308739,3.1351861839390356,10.93223070984785,23.255683229813663,10.125,31.034999999999997,30.58925465838509,18.16,39.83,15.922111801242236,1.08,22.24,37.62956521739131,7.51,80.57,26.26167701863354,11.06,32.5,2.362919254658385,0.83,6.42,270.2900000000001,1.678819875776398,0.0,17.82,162.174,1.0072919254658386,0.0,10.692,15.923297348530339,8.397604393485091,18.940053760059392,0.2363384836386074,44,21,26,5,1157.4756115690316,7.189289512851127,1.0800130501156542,13.11867685181742,134.61274186436492,0.8361039867351858,0.0,6.596572762015111,1022.8628697046669,6.353185526115944,0.0,13.11867685181742,1346.1274186436492,10228.628697046668,11574.756115690318,995.3016115690316,0.11629855568350923,0.883701444316491,16.5,4.0,4.0,66.0,850.0,56100.0,81.58347991779692,619.916890730101,701.500370647898
Sonora,Imuris,35,Magdalena,140,Sorgo forrajero en verde,2010,2011,30.838011,-110.787299,987.0,1028.3928030496863,6.81054836456746,1.930182449756333,10.592265879647504,19.421192052980135,4.73,30.27,27.660728476821195,11.67,38.59,11.181655629139073,-2.83,23.69,35.901059602649006,10.53,81.82,27.14655629139073,10.87,33.19,2.7222516556291385,0.83,6.24,139.45,0.9235099337748344,0.0,24.02,111.56,0.7388079470198675,0.0,19.216,16.11215741611996,7.67782243592463,19.30283267378296,0.13559993767601514,20,9,30,40,914.0353685679637,6.053214361377243,0.5790547349268999,10.183576785879584,61.32168819430569,0.4061038953265278,0.0,5.496,852.713680373658,5.647110466050715,0.0,10.183576785879584,613.2168819430569,8527.13680373658,9140.353685679636,802.4753685679636,0.0670889664700607,0.9329110335299393,28.08,219.0,219.0,6150.4,550.0,3382717.8,33.992066626555264,472.6794237104534,506.67149033700866
Sonora,Imuris,35,Magdalena,140,Sorgo forrajero en verde,2011,2012,30.838011,-110.787299,987.0,1142.4364371177019,7.565804219322529,3.028882080728517,11.941880128774988,21.17185430463576,7.4399999999999995,32.239999999999995,29.74582781456953,14.12,42.05,12.597880794701986,-1.12,23.72,27.63470198675497,8.05,71.65,27.720000000000002,16.24,33.27,2.790397350993377,1.07,6.1,75.47999999999999,0.4998675496688741,0.0,14.1,60.38399999999999,0.3998940397350993,0.0,11.280000000000001,16.03199584335076,10.447663601558457,19.062228021632848,0.06606932127482862,21,3,26,16,1000.8164990142294,6.6279238345313205,1.2903573374802495,10.25739264354594,52.09677824405367,0.34501177645068654,0.0,5.32,948.7197207701759,6.282912058080635,0.0,10.25739264354594,520.9677824405367,9487.197207701758,10008.164990142295,940.4324990142294,0.05205427597903036,0.9479457240209698,22.0,208.0,208.0,4576.0,800.0,3660800.0,33.077319520034074,602.3617274731275,635.4390469931616
Sonora,Imuris,35,Magdalena,140,Sorgo forrajero en verde,2012,2013,30.838011,-110.787299,987.0,1086.6286112435487,7.196215968500322,1.604942631479033,11.475473249304375,20.87774834437086,2.9699999999999998,30.22,29.112847682119206,6.05,39.38,12.642649006622516,-4.48,22.78,30.324834437086093,6.34,77.45,27.04754966887417,6.84,33.15,2.654172185430464,1.25,6.35,153.08999999999997,1.0138410596026488,0.0,12.29,122.47200000000001,0.8110728476821193,0.0,9.832,15.769942998420492,5.672857664682033,19.029577321432022,0.14088530194764726,28,14,28,19,965.0781792924628,6.391246220479886,0.48148278944370987,11.475473249304375,85.40498340598502,0.5655959165959273,0.0,6.334137630313007,879.6731958864777,5.825650303883958,0.0,11.475473249304375,854.0498340598502,8796.731958864777,9650.781792924627,842.6061792924628,0.08849540403928603,0.911504595960714,17.63,63.0,63.0,1110.38,825.0,916063.5,68.65352363825163,707.1327941209628,775.7863177592144
Sonora,Imuris,35,Magdalena,140,Sorgo forrajero en verde,2013,2014,30.838011,-110.787299,987.0,1097.7683481609868,7.269989060668786,2.5846278658383266,10.94813384330924,21.161589403973508,5.925,31.419999999999998,29.306556291390734,10.91,42.19,13.01662251655629,-1.06,22.93,31.481986754966893,9.36,78.66,27.219006622516556,10.5,32.78,2.679403973509934,1.13,6.59,137.79999999999998,0.9125827814569535,0.0,24.44,110.24,0.7300662251655629,0.0,19.552000000000003,15.935841304934906,7.223748537275327,19.183384817664514,0.12552739403613386,20,8,30,15,968.4450454883491,6.4135433476049615,0.775388359751498,10.152261077778084,65.91220547441688,0.43650467201600585,0.0,5.732503114787052,902.5328400139322,5.977038675588955,0.0,10.152261077778084,659.1220547441687,9025.328400139322,9684.45045488349,858.2050454883491,0.06805983032437316,0.9319401696756268,18.45,52.0,52.0,959.4,895.0,858663.0,49.37243855761564,676.054561808189,725.4270003658046
Sonora,Imuris,35,Magdalena,140,Sorgo forrajero en verde,2014,2015,30.838011,-110.787299,987.0,1088.890354488507,7.211194400586139,1.5427014809722082,10.93223070984785,21.21254966887417,10.125,31.034999999999997,29.065298013245023,14.58,39.83,13.35980132450331,1.08,22.24,31.172913907284766,7.51,85.91,26.807152317880796,7.15,32.5,2.6325165562913906,0.96,6.42,137.29000000000002,0.9092052980132451,0.0,30.18,109.83199999999998,0.7273642384105959,0.0,24.144000000000002,15.72313753020224,5.553332829508251,18.940053760059392,0.12608248335939234,18,10,26,8,964.4096638010079,6.386818965569589,0.4628104442916624,10.93223070984785,61.04952469900764,0.4043014880728983,0.0,5.589202890533904,903.3601391020004,5.982517477496692,0.0,10.93223070984785,610.4952469900765,9033.601391020004,9644.09663801008,854.5776638010079,0.06330248129036203,0.9366975187096381,25.0,107.0,107.0,2675.0,923.72,2470951.0,35.649357488471615,527.5095702785403,563.158927767012
Sonora,Imuris,35,Magdalena,140,Sorgo forrajero en verde,2015,2016,30.838011,-110.787299,987.0,958.0129460037564,6.344456596051367,1.4797278464736996,10.51523754080412,20.134139072847685,7.414999999999999,31.435000000000002,27.507019867549673,12.37,40.49,12.761258278145696,0.2,23.35,42.18079470198676,15.47,86.22,25.689470198675497,6.35,33.09,2.566953642384106,1.06,5.23,172.79,1.1443046357615894,0.0,14.14,138.232,0.9154437086092715,0.0,11.312000000000001,15.667283211550078,5.181371439141497,19.989841774107187,0.18036290712017422,35,13,14,7,851.7505230349212,5.640731940628617,0.4439183539421099,10.183108164255872,94.42383338021885,0.625323399868999,0.0,5.422184980338357,757.3266896547024,5.015408540759618,0.0,10.183108164255872,944.2383338021885,7573.266896547024,8517.505230349212,713.5185230349213,0.110858556380772,0.889141443619228,17.6,217.0,217.0,3819.2,905.86,3459660.51,73.9129811195451,592.8193265398844,666.7323076594295
Sonora,Imuris,35,Magdalena,140,Sorgo forrajero en verde,2016,2017,30.838011,-110.787299,987.0,1053.130933804036,6.974377045059841,2.0033085772834296,11.202116861072428,21.028509933774835,5.9750000000000005,32.435,29.06821192052981,9.21,42.66,12.988807947019868,1.37,23.13,33.78781456953642,9.5,80.8,27.00781456953642,9.99,33.04,2.5082119205298015,0.85,4.91,120.44999999999999,0.797682119205298,0.0,15.36,96.36,0.6381456953642384,0.0,12.288,16.049397487319435,7.470688815763904,19.34542153839416,0.11437324280744471,27,8,26,15,925.5614415524683,6.129545970546148,0.6009925731850289,10.831776259160405,72.48319816274461,0.4800211798857259,0.0,4.877647051202617,853.0782433897236,5.649524790660421,0.0,10.831776259160405,724.8319816274461,8530.782433897237,9255.614415524684,829.2014415524683,0.0783126812642137,0.9216873187357862,19.5,105.0,105.0,2047.5,789.2,1615887.0,49.988412526030764,588.3298230273956,638.3182355534263
Sonora,Imuris,35,Magdalena,140,Sorgo forrajero en verde,2017,2018,30.838011,-110.787299,987.0,1071.7577685264869,7.097733566400575,3.038042399230432,10.702392681477171,21.776357615894035,10.505,33.955,29.78317880794702,15.8,43.11,13.769536423841059,0.92,25.59,33.442317880794704,5.45,85.48,26.757284768211917,10.51,33.34,2.5222516556291388,1.21,5.63,196.44,1.3009271523178807,0.0,20.82,157.15200000000002,1.0407417218543047,0.0,16.656000000000002,15.729314489401744,7.005755544258633,19.18405006244678,0.1832876847443586,29,14,32,9,942.2059262819512,6.239774346238088,1.0829655260705775,10.156769209142011,83.51438521071965,0.5530753987464878,0.0,5.191018360271126,858.6915410712315,5.6866989474916,0.0,10.156769209142011,835.1438521071965,8586.915410712316,9422.059262819512,785.0539262819511,0.08863708333938915,0.9113629166606109,19.52,95.0,95.0,1854.4,752.62,1395658.53,60.25568918522342,619.5465664294601,679.8022556146835
Sonora,Imuris,35,Magdalena,140,Sorgo forrajero en verde,2018,2019,30.838011,-110.787299,987.0,1087.837153109911,7.204219557019278,2.7733305901019993,10.869476521800454,21.83039735099338,8.64,32.45,29.80682119205298,16.72,40.48,13.853973509933773,-2.98,24.42,31.95576158940397,7.56,76.29,26.58523178807947,7.32,32.98,2.5567549668874174,0.96,5.3,109.27000000000001,0.7236423841059604,0.0,11.34,87.41600000000003,0.5789139072847683,0.0,9.072000000000001,15.678636327868684,6.291228350006676,19.73014723598979,0.1004470197470446,21,9,28,20,969.582986735357,6.421079382353358,1.1260005544925302,10.526184472653906,65.9324395471021,0.43663867249736493,0.0,5.2487073759578395,903.6505471882549,5.984440709855993,0.0,10.526184472653906,659.324395471021,9036.505471882549,9695.82986735357,882.166986735357,0.06800082143468762,0.9319991785653123,19.6,120.0,120.0,2352.0,880.3,2070465.6,47.38227779166518,649.4075078607652,696.7897856524304
Sonora,Imuris,35,Magdalena,140,Sorgo forrajero en verde,2019,2020,30.838011,-110.787299,987.0,1016.4325484235146,6.7313413802881765,1.5339442905350555,11.359862251227245,20.2135761589404,7.1450000000000005,31.75,28.006291390728475,10.64,39.73,12.420860927152319,-0.83,24.9,37.131456953642385,13.58,83.0,26.415430463576158,7.17,32.89,2.630331125827815,0.93,5.14,104.40000000000002,0.6913907284768214,0.0,31.22,83.52,0.5531125827814569,0.0,24.976,15.875536058826649,5.680875880833814,19.624151826363832,0.10271217717488905,21,4,19,12,901.5545658141111,5.970560038504047,0.46018328716051665,9.655882913543158,52.85986316164719,0.3500653189513059,0.0,5.369000421446608,848.6947026524639,5.620494719552741,0.0,9.655882913543158,528.598631616472,8486.947026524638,9015.54565814111,818.0345658141111,0.05863190667102252,0.9413680933289774,19.0,110.0,110.0,2090.0,824.0,1722160.0,39.01096912298686,626.3429539870581,665.3539231100449
Sonora,Imuris,35,Magdalena,140,Sorgo forrajero en verde,2020,2021,30.838011,-110.787299,987.0,1024.8648371295376,6.787184351851242,1.2100577731303734,10.84978487028401,20.917582781456957,5.945,32.22,28.727814569536427,10.15,40.81,13.107350993377484,-1.94,23.63,39.2453642384106,10.62,85.18,26.35344370860927,4.01,33.85,2.559801324503311,0.91,5.15,149.65,0.9910596026490066,0.0,17.64,119.72000000000001,0.7928476821192054,0.0,14.112000000000002,15.916308781268393,4.1324752431736504,19.419159094799298,0.14601925500648727,29,10,39,20,917.751228696513,6.077822706599424,0.363017331939112,9.611947530302814,67.02828747584334,0.44389594354863143,0.0,5.016,850.7229412206696,5.633926763050792,0.0,9.571947530302815,670.2828747584334,8507.229412206696,9177.51228696513,798.0312286965129,0.07303535574781413,0.9269646442521858,16.8,93.0,93.0,1562.0,850.0,1327700.0,60.79663263115042,771.6307856876822,832.4274183188326
Sonora,Imuris,35,Magdalena,140,Sorgo forrajero en verde,2021,2022,30.838011,-110.787299,987.0,1069.2344090978008,7.081022576806628,2.345750413087883,11.09014299682453,21.041655629139072,4.925,32.215,29.08470198675497,9.49,41.51,12.99860927152318,-4.35,22.92,32.617417218543046,6.82,87.78,26.28562913907285,10.48,32.88,2.694172185430464,0.92,5.26,186.36,1.2341721854304637,0.0,22.46,149.088,0.9873377483443708,0.0,17.968,15.480749477774388,8.052531524980273,19.042894986830017,0.17429293185321912,29,13,25,22,948.5221660007828,6.281603748349555,0.8094368550156944,10.695935555993112,91.83580263902041,0.6081841234372213,0.0,6.035576311454832,856.6863633617623,5.673419624912333,0.0,10.695935555993112,918.3580263902041,8566.863633617624,9485.221660007828,799.4341660007829,0.09681988036845163,0.9031801196315483,22.3,84.0,84.0,1873.2,850.0,1592220.0,61.63476687182578,574.9572908468203,636.5920577186462
Sonora,Imuris,35,Magdalena,140,Sorgo forrajero en verde,2022,2023,30.838011,-110.787299,987.0,1080.4555412962,7.155334710570861,3.26733490370755,10.85230799958589,21.448476821192056,7.104999999999999,30.76,29.694966887417223,14.92,39.67,13.201986754966889,-2.37,23.45,30.631986754966878,3.84,77.93,26.731854304635764,11.31,32.92,2.5352980132450336,1.08,5.01,168.01999999999998,1.1127152317880793,0.0,17.75,134.416,0.8901721854304635,0.0,14.200000000000001,15.649745234793599,7.374465545371672,19.223568720415418,0.15550848098611247,34,10,29,20,959.4945648707369,6.3542686415280585,1.0915039699052747,10.85230799958589,103.27162091823135,0.6839180193260355,0.0,6.230549323787612,856.2229439525056,5.670350622202024,0.0,10.85230799958589,1032.7162091823134,8562.229439525056,9594.94564870737,825.078564870737,0.10763127244201127,0.8923687275579888,22.63,95.0,95.0,2149.85,880.74,1893458.89,67.16853393055696,556.8929716764263,624.0615056069832
Sonora,Imuris,35,Magdalena,140,Sorgo forrajero en verde,2023,2024,30.838011,-110.787299,987.0,1087.2698004172219,7.200462254418688,2.163817539261595,10.833023943582091,21.041026490066226,2.525,32.535,29.342913907284768,9.11,40.87,12.739139072847683,-4.06,25.07,31.734039735099337,8.17,77.91,27.037350993377483,12.05,32.48,2.6545033112582783,1.29,5.72,86.27000000000001,0.5713245033112584,0.0,8.15,69.01599999999999,0.4570596026490066,0.0,6.5200000000000005,15.982621138388431,8.177470686177994,19.56755923497311,0.07934553131788938,26,2,36,19,964.3301613097824,6.3862924590051815,0.6491452617784784,9.596787018696881,62.44631373266869,0.4135517465739649,0.0,6.324736814722565,901.8838475771136,5.972740712431215,0.0,9.596787018696881,624.4631373266869,9018.838475771136,9643.301613097823,895.3141613097824,0.06475615534813535,0.9352438446518645,21.27,75.0,75.0,1595.25,937.12,1494940.68,43.08127887731542,622.203413299147,665.2846921764624
Sonora,Imuris,35,Magdalena,140,Trigo forrajero verde,2010,2011,30.838011,-110.787299,987.0,455.3103275324068,3.0557740102846096,0.8949712546795854,6.156541347934179,9.963422818791946,2.9850000000000003,19.9,17.07053691275168,7.39,28.91,2.8563087248322145,-4.41,13.77,50.540939597315436,22.92,90.13,15.951208053691273,4.23,26.92,2.5726174496644294,1.04,8.97,168.31,1.1295973154362415,0.0,35.27,134.648,0.9036778523489932,0.0,28.216000000000005,8.185550128977232,3.7568952976155168,15.125785962148296,0.36965996557154857,24,8,0,119,405.85541787236355,2.7238618649151918,0.5045877502135164,5.540887213140762,42.84709605967613,0.2875644030850747,0.0,2.920568086305273,363.0083218126874,2.436297461830117,0.0,5.540887213140762,0.0,0.0,0.0,271.2074178723635,0.10557231509756759,0.8944276849024324,10.0,6.0,6.0,60.0,600.0,36000.0,0.0,0.0,0.0
Sonora,Imuris,35,Magdalena,140,Trigo forrajero verde,2011,2012,30.838011,-110.787299,987.0,556.618599056317,3.7356952956799794,1.2033199572068758,7.374681946436913,11.2955033557047,-7.15,20.15,19.108120805369126,-3.06,28.63,3.482885906040268,-11.24,11.98,38.21825503355705,14.55,78.96,17.461543624161077,7.01,26.52,2.5512080536912753,1.07,8.6,21.599999999999998,0.1449664429530201,0.0,9.93,17.28,0.11597315436241612,0.0,7.944,8.456775582479583,4.483632185522038,14.866983537212985,0.038805746046970624,4,2,0,94,512.9057832792596,3.442320693149393,0.6102798672591484,7.622545549384276,8.42147029806826,0.056519934886364157,0.0,2.2346149597884293,504.48431298119135,3.3858007582630294,0.0,7.622545549384276,0.0,0.0,0.0,495.6257832792596,0.016419136949920213,0.9835808630500799,20.0,30.0,30.0,600.0,800.0,480000.0,0.0,0.0,0.0
Sonora,Imuris,35,Magdalena,140,Trigo forrajero verde,2012,2013,30.838011,-110.787299,987.0,513.1132720664183,3.420755147109455,0.8296746826326784,6.667672028813101,10.596433333333334,-0.2649999999999997,19.345,18.124399999999998,4.82,27.4,3.0684666666666667,-5.35,11.77,44.327333333333335,17.18,90.72,16.519333333333332,2.47,26.82,2.5867999999999998,1.07,6.35,96.78,0.6452,0.0,23.25,77.42399999999999,0.51616,0.0,18.6,8.257554909472924,3.0335513387150126,15.332967155971374,0.18861332432553532,19,7,0,106,475.4097757971341,3.1693985053142275,0.3845854532532597,7.087071189044824,24.796613031863533,0.1653107535457569,0.0,2.4818372983628842,450.6131627652706,3.0040877517684708,0.0,7.087071189044824,0.0,0.0,0.0,397.9857757971341,0.05215839954129318,0.9478416004587069,8.0,10.0,10.0,80.0,850.0,68000.0,0.0,0.0,0.0
Sonora,Imuris,35,Magdalena,140,Trigo forrajero verde,2013,2014,30.838011,-110.787299,987.0,509.3311973166778,3.418330183333408,1.1445377574790796,6.780069479896133,11.110838926174496,-1.125,20.965,18.45080536912752,4.11,29.62,3.770872483221476,-6.41,13.54,42.32248322147651,20.61,88.01,16.257583892617447,6.21,26.77,2.457785234899329,0.92,5.95,81.77000000000001,0.5487919463087249,0.0,15.55,65.416,0.4390335570469798,0.0,12.440000000000001,8.152397694903428,4.382945010804168,14.4919809961099,0.16054386699811624,13,5,0,82,464.4674499442014,3.117231207679204,0.6183508084014543,6.453001624124198,26.67144572549257,0.17900299144625886,0.0,2.794991433783869,437.7960042187088,2.938228216232945,0.0,6.453001624124198,0.0,0.0,0.0,399.0514499442014,0.05742371339196478,0.9425762866080352,7.95,12.0,12.0,95.4,794.0,75747.6,0.0,0.0,0.0
Sonora,Imuris,35,Magdalena,140,Trigo forrajero verde,2015,2016,30.838011,-110.787299,987.0,460.88327970073533,3.0931763738304383,0.845952338271608,6.100009485543508,11.94255033557047,1.04,19.46,18.906644295302012,6.63,29.04,4.978456375838927,-4.92,12.73,55.313221476510066,29.06,91.8,15.68469798657718,2.62,26.96,2.470872483221476,1.1,7.07,130.48999999999998,0.8757718120805368,0.0,34.0,104.39200000000001,0.7006174496644296,0.0,27.200000000000003,8.21419070590485,3.1642593937913195,14.978484850028828,0.28313025390014335,19,6,0,66,421.0502705858913,2.8258407421871903,0.5621764231008208,5.905271625114056,31.762759226692232,0.21317288071605525,0.0,2.5487270027733295,389.28751135919924,2.612667861471136,0.0,5.897271625114056,0.0,0.0,0.0,316.65827058589133,0.07543697616556418,0.9245630238344362,7.35,25.0,25.0,183.75,755.0,138731.25,0.0,0.0,0.0
Sonora,Imuris,35,Magdalena,140,Trigo forrajero verde,2016,2017,30.838011,-110.787299,987.0,537.178668508064,3.5811911233870934,0.6481940409006496,7.318546480994291,11.650899999999998,0.44499999999999984,20.285,19.331133333333334,5.52,28.6,3.970666666666667,-4.85,13.1,43.87173333333333,21.79,94.27,16.91053333333333,5.57,27.12,2.4968,0.94,6.08,90.88,0.6058666666666667,0.0,13.79,72.70400000000001,0.48469333333333336,0.0,11.032,8.430099539633753,4.108877230507974,14.882802540085638,0.1691802101010564,18,6,0,86,504.2117077138095,3.36141138475873,0.4478316580282602,6.647611941840573,22.891064050453608,0.15260709366969072,0.0,2.1213146502399067,481.3206436633559,3.2088042910890393,0.0,6.647611941840573,0.0,0.0,0.0,431.5077077138095,0.04539970750430605,0.9546002924956939,7.94,8.0,8.0,63.49,745.0,47300.05,0.0,0.0,0.0
Sonora,Imuris,35,Magdalena,140,Trigo forrajero verde,2017,2018,30.838011,-110.787299,987.0,517.4373882598236,3.4727341493947894,0.8875658185659006,6.753598750507707,12.91204697986577,3.2800000000000002,22.83,19.981610738255032,7.55,30.55,5.84248322147651,-3.84,15.8,48.613489932885905,21.9,90.22,16.020268456375835,3.82,26.61,2.555503355704698,1.02,6.4,116.8,0.7838926174496644,0.0,18.55,93.44,0.6271140939597315,0.0,14.840000000000002,8.234988100476995,3.5421690014399845,14.917018794957983,0.22572779364244663,14,8,0,64,466.59147349633747,3.1314863993042783,0.6550822125879477,6.258251156480522,26.319396553492385,0.17664024532545225,0.0,2.4027053152224775,440.2720769428451,2.954846153978826,0.0,6.258251156480522,0.0,0.0,0.0,373.1514734963375,0.056407795788190676,0.9435922042118093,7.95,20.0,20.0,159.0,712.0,113208.0,0.0,0.0,0.0
Sonora,Imuris,35,Magdalena,140,Trigo forrajero verde,2018,2019,30.838011,-110.787299,987.0,552.3939366884445,3.707341856969426,0.9128160580031739,6.477811715639311,13.915604026845635,3.75,22.865000000000002,21.093154362416108,8.47,30.83,6.738053691275168,-4.92,16.89,39.86087248322147,15.04,93.02,15.829060402684561,3.84,25.45,2.3914765100671143,0.89,5.9,114.23,0.7666442953020135,0.0,32.02,91.384,0.6133154362416108,0.0,25.616000000000003,7.908877542267147,3.8105452862433147,14.406084401312711,0.2067908288146668,13,6,0,54,506.15418880752634,3.397007978574002,0.923915664400835,7.449483472985207,24.871758638841364,0.1669245546230964,0.0,2.8160000000000003,481.282430168685,3.230083423950906,0.0,7.449483472985207,0.0,0.0,0.0,414.7701888075263,0.04913869960740218,0.9508613003925979,8.15,23.0,23.0,187.45,658.0,123342.1,0.0,0.0,0.0
Sonora,Imuris,35,Magdalena,140,Trigo forrajero verde,2019,2020,30.838011,-110.787299,987.0,437.8173551571574,2.938371511121862,0.6906259483130978,5.4940833543338154,10.487046979865772,-0.1349999999999998,18.63,17.38738255033557,3.81,27.28,3.5867114093959738,-5.15,12.72,53.49476510067114,29.02,91.0,15.186644295302017,2.64,26.01,2.445704697986577,1.18,7.6,143.63,0.9639597315436241,0.0,31.22,114.904,0.7711677852348993,0.0,24.976,7.9678485927334854,3.1240551662793195,14.748399410123458,0.3280591742381776,26,5,0,89,397.54429469506874,2.668082514732005,0.5231388716974462,6.251988624226678,44.2976638480013,0.2972997573691362,0.0,2.424,353.2466308470674,2.3707827573628686,0.0,6.251988624226678,0.0,0.0,0.0,282.64029469506875,0.11142824696296863,0.8885717530370313,8.3,20.0,20.0,166.0,750.0,124500.0,0.0,0.0,0.0
Sonora,Imuris,35,Magdalena,140,Trigo forrajero verde,2023,2024,30.838011,-110.787299,987.0,439.1877237761568,2.947568615947361,0.9791758414114304,5.397401278157801,9.868322147651007,0.9700000000000002,17.055,16.918590604026846,5.69,24.76,2.8180536912751677,-5.37,12.25,51.888187919463086,26.08,86.72,15.54798657718121,1.66,27.17,2.5728187919463084,1.08,6.83,116.56,0.7822818791946309,0.0,13.81,93.24799999999999,0.6258255033557046,0.0,11.048000000000002,8.038440200308125,2.8116892386085244,15.191413968151423,0.26539903938528064,24,9,0,106,403.48957938447376,2.7079837542582132,0.6881675354849626,5.761474446086886,37.019791114868674,0.24845497392529312,0.0,3.2960000000000003,366.46978826960503,2.4595287803329198,0.0,5.761474446086886,0.0,0.0,0.0,310.24157938447377,0.09174906368422855,0.9082509363157714,6.67,15.0,15.0,100.05,880.0,88044.0,0.0,0.0,0.0
Sonora,Imuris,35,Magdalena,140,Alfalfa achicalada,2010,2011,30.838011,-110.787299,987.0,221.16300473088222,2.9100395359326607,0.8949712546795854,6.156541347934179,8.743355263157897,2.9850000000000003,14.605,15.660526315789474,7.39,24.68,1.8261842105263157,-4.41,8.17,55.20328947368422,22.92,90.13,16.397894736842105,4.23,25.47,2.7401315789473686,1.25,8.97,150.36,1.978421052631579,0.0,35.27,120.288,1.5827368421052632,0.0,28.216000000000005,8.731276366489562,3.7568952976155168,14.251276715824847,0.6798605407941648,18,8,0,71,186.79407604295267,2.457816790038851,0.8502226919456061,5.540887213140762,27.41225242275386,0.36068753187834024,0.0,1.8800000000000001,159.38182362019882,2.0971292581605105,0.0,5.540887213140762,274.1225242275386,1593.8182362019882,1867.9407604295268,66.50607604295267,0.14675118720815591,0.8532488127918442,12.6,660.0,660.0,8316.0,1800.0,14968800.0,21.75575589107449,126.49351080968161,148.2492667007561
Sonora,Imuris,35,Magdalena,140,Alfalfa achicalada,2011,2012,30.838011,-110.787299,987.0,294.4239525024507,3.8739993750322457,1.9431434432942865,6.916747588359668,10.538026315789473,-7.15,20.15,18.662105263157894,-3.06,28.63,2.4139473684210526,-11.24,11.98,35.071973684210526,14.55,66.48,18.270789473684207,7.99,25.02,2.576973684210526,1.27,8.6,5.87,0.07723684210526316,0.0,5.38,4.696000000000001,0.06178947368421053,0.0,4.304,8.979509590500241,4.678902064203096,13.181083603936028,0.019937236594061214,1,1,0,54,259.4299290505741,3.41355169803387,0.824570254957825,6.225072829523701,2.1408290989648577,0.028168803933748127,0.0,1.7488290989648578,257.2890999516092,3.3853828941001214,0.0,6.225072829523701,21.408290989648577,2572.890999516092,2594.299290505741,254.73392905057412,0.008252051360456246,0.9917479486395436,13.5,660.0,660.0,8910.0,2100.0,18711000.0,1.5857993325665614,190.58451848267347,192.17031781524003
Sonora,Imuris,35,Magdalena,140,Alfalfa achicalada,2012,2013,30.838011,-110.787299,987.0,290.84524384676854,3.777210959048942,1.9118886295485853,6.667672028813101,10.98474025974026,4.94,17.375,18.91831168831169,9.82,26.59,3.051168831168831,-3.29,9.73,38.585584415584414,17.18,73.29,18.24207792207792,6.55,26.01,2.4918181818181817,1.07,6.25,12.459999999999999,0.1618181818181818,0.0,5.81,9.967999999999998,0.12945454545454543,0.0,4.648,9.105041378822909,4.92830696212246,13.904531607189924,0.04284065242120492,5,1,0,57,250.5201750674142,3.2535087671092753,0.9033294883026542,6.000904825931791,7.37021342038673,0.09571705740761988,0.0,2.0502134203867306,243.14996164702745,3.1577917097016552,0.0,6.000904825931791,73.7021342038673,2431.4996164702743,2505.2017506741417,240.5521750674142,0.02941964022819092,0.9705803597718091,14.11,694.0,694.0,9792.34,1908.55,18689170.51,5.22339717957954,172.3245653061853,177.54796248576483
Sonora,Imuris,35,Magdalena,140,Alfalfa achicalada,2013,2014,30.838011,-110.787299,987.0,257.4400479631558,3.3873690521467865,1.1445377574790796,6.780069479896133,9.007302631578948,-1.125,19.125,16.617368421052632,4.11,29.62,1.3972368421052632,-6.41,10.91,43.11855263157895,20.61,88.01,17.246315789473684,7.8,25.2,2.639078947368421,1.13,5.55,37.669999999999995,0.495657894736842,0.0,14.87,30.136,0.39652631578947367,0.0,11.896,8.835297426428312,5.129621680811741,13.618641975115462,0.14632533010322946,6,2,0,56,224.75253958550098,2.9572702577039602,0.6839080368947312,6.10206253190652,12.65023872194823,0.16645050949931883,0.0,2.326165079254494,212.10230086355276,2.7908197482046417,0.0,6.10206253190652,126.5023872194823,2121.0230086355277,2247.52539585501,194.616539585501,0.0562851870118059,0.9437148129881942,14.02,694.0,694.0,9729.88,1286.65,12518950.1,9.022994808807582,151.2855213006796,160.3085161094872
Sonora,Imuris,35,Magdalena,140,Alfalfa achicalada,2014,2015,30.838011,-110.787299,987.0,297.50085105836666,3.9144848823469296,1.5427014809722082,6.165319093844782,13.12671052631579,6.125,19.965,20.77223684210526,11.79,28.91,5.481184210526315,-1.34,11.84,36.62526315789474,15.66,85.91,17.48723684210526,6.9,25.63,2.2901315789473684,1.4,6.08,35.2,0.46315789473684216,0.0,30.18,28.16,0.3705263157894737,0.0,24.144000000000002,8.751799322860501,4.7278154342103935,13.597774171024199,0.11831898925591348,2,1,0,31,259.40031367690807,3.4131620220645797,0.9778771779491238,5.548787184460304,5.404431332874988,0.07111093859046036,0.0,3.04,253.99588234403308,3.3420510834741193,0.0,5.548787184460304,54.04431332874988,2539.958823440331,2594.003136769081,231.24031367690807,0.020834328441122825,0.9791656715588771,14.5,600.0,600.0,8700.0,1930.14,16792218.0,3.7271940226724056,175.16957403036764,178.89676805304003
Sonora,Imuris,35,Magdalena,140,Alfalfa achicalada,2015,2016,30.838011,-110.787299,987.0,242.44655833977433,3.190086293944399,0.845952338271608,5.819075801973274,11.851315789473684,1.04,17.095,18.849473684210526,6.63,25.52,4.853157894736842,-4.92,11.43,55.402105263157885,31.4,91.8,16.232236842105266,2.62,24.5,2.586052631578947,1.12,7.07,102.88,1.3536842105263158,0.0,34.0,82.30400000000002,1.0829473684210529,0.0,27.200000000000003,8.691262565048625,3.1642593937913195,13.723629817171604,0.42434093807931,11,5,0,34,211.67459513619423,2.7851920412657134,0.5824248626005141,5.2371682217759465,17.03018487212393,0.22408137989636748,0.0,2.202635110782074,194.64441026407027,2.5611106613693457,0.0,5.2371682217759465,170.30184872123928,1946.4441026407028,2116.745951361942,129.3705951361942,0.08045455271175307,0.9195454472882468,14.0,625.0,625.0,8750.0,2038.46,17836525.0,12.164417765802806,139.03172161719306,151.19613938299585
Sonora,Imuris,35,Magdalena,140,Alfalfa achicalada,2016,2017,30.838011,-110.787299,987.0,299.1892380115223,3.88557451963016,0.6481940409006496,5.780532123339629,11.96077922077922,1.84,20.285,19.923896103896098,6.39,28.12,3.9976623376623377,-4.85,13.1,40.947792207792205,21.79,94.27,18.047272727272727,5.57,25.44,2.575194805194805,1.39,6.08,56.699999999999996,0.7363636363636363,0.0,13.79,45.36,0.5890909090909091,0.0,11.032,9.075040007497204,4.108877230507974,13.796921544085333,0.18951216419695008,6,4,0,47,267.81878848322464,3.4781660841977224,0.25927761636025987,5.202478911005667,6.993599825293235,0.09082597175705501,0.0,1.8029777195550867,260.8251886579314,3.3873401124406675,0.0,5.202478911005667,69.93599825293235,2608.251886579314,2678.1878848322463,222.45878848322462,0.026113178484978822,0.9738868215150212,13.2,630.0,630.0,8316.0,1739.17,14462937.72,5.298181685828209,197.59483989237228,202.8930215782005
Sonora,Imuris,35,Magdalena,140,Alfalfa achicalada,2017,2018,30.838011,-110.787299,987.0,259.7975618744552,3.418388972032305,0.8875658185659006,5.975540032292095,12.096315789473685,3.2800000000000002,21.75,19.131184210526317,7.55,29.24,5.061447368421053,-3.84,14.83,49.78815789473684,26.56,90.22,16.690263157894737,5.04,25.0,2.5281578947368426,1.02,6.4,76.3,1.0039473684210527,0.0,18.55,61.040000000000006,0.8031578947368422,0.0,14.840000000000002,8.77218356453296,3.8850856642398495,13.466473883113387,0.2936902080585009,10,5,0,38,226.89435347321032,2.985452019384346,0.35844898579281514,5.377986029062885,13.227863316286573,0.17405083310903385,0.0,1.7120000000000002,213.66649015692374,2.8114011862753125,0.0,5.377986029062885,132.27863316286573,2136.6649015692374,2268.943534732103,165.85435347321032,0.058299658470118795,0.9417003415298812,13.3,480.0,480.0,6384.0,1941.06,12391727.04,9.945761891944791,160.65149635858927,170.59725825053405
Sonora,Imuris,35,Magdalena,140,Alfalfa achicalada,2018,2019,30.838011,-110.787299,987.0,287.0417616440964,3.7768652847907425,0.9265184294325779,6.477811715639311,12.531447368421052,3.9050000000000002,17.965,19.859868421052628,8.47,26.41,5.203026315789474,-4.7,11.14,40.70697368421052,15.04,93.02,16.744473684210526,3.84,25.13,2.6243421052631577,1.13,5.9,89.6,1.1789473684210525,0.0,32.02,71.68,0.9431578947368422,0.0,25.616000000000003,8.49990593890015,3.8105452862433147,14.317743913262138,0.312149700750148,8,5,0,38,250.42587343029342,3.295077281977545,0.7465861031865066,6.153921129857346,13.865121965609369,0.18243581533696537,0.0,2.2083526520248418,236.56075146468407,3.11264146664058,0.0,6.153921129857346,138.6512196560937,2365.6075146468406,2504.2587343029345,178.74587343029341,0.05536617193617877,0.9446338280638213,13.22,484.0,484.0,6400.0,1868.24,11956736.0,10.48798938397078,178.94156691731018,189.42955630128097
Sonora,Imuris,35,Magdalena,140,Alfalfa achicalada,2019,2020,30.838011,-110.787299,987.0,216.04372798123381,2.842680631332024,0.6906259483130978,5.436511847153634,9.399736842105265,-0.1299999999999999,16.755,16.291315789473686,3.81,25.18,2.5081578947368413,-5.15,9.58,56.606973684210516,31.98,91.0,15.25947368421053,2.64,25.45,2.6146052631578947,1.2,5.48,113.84999999999998,1.4980263157894733,0.0,31.22,91.08000000000001,1.198421052631579,0.0,24.976,8.280093960277366,3.1240551662793195,13.981003132395333,0.5269766498839963,17,4,0,52,190.14519611093795,2.5019104751439203,0.3331968211192105,4.89286066243827,25.354722358958757,0.3336147678810363,0.0,2.3440000000000003,164.79047375197916,2.168295707262884,0.0,4.89286066243827,253.54722358958756,1647.9047375197915,1901.451961109379,99.06519611093793,0.13334400698803794,0.866655993011962,13.12,490.0,490.0,6430.0,2200.96,14152181.9,19.32524570042588,125.602495237789,144.92774093821487
Sonora,Imuris,35,Magdalena,140,Alfalfa achicalada,2020,2021,30.838011,-110.787299,987.0,220.38620311200233,2.862158481974056,1.0975311612324588,4.9156116721790415,9.997207792207792,0.6949999999999998,15.27,16.936363636363634,7.21,23.24,3.058051948051948,-5.82,10.89,58.37935064935065,32.12,85.18,16.10948051948052,3.34,24.99,2.451688311688312,1.17,6.58,88.57999999999998,1.15038961038961,0.0,17.7,70.864,0.9203116883116884,0.0,14.16,8.66018772004494,3.4617874208984594,14.332006517431044,0.40193078672435223,10,6,0,53,191.96829822760787,2.4930947821767258,0.6694701526195999,4.424050504961137,17.797154077291815,0.23113187113365993,0.0,2.172499389982347,174.17114415031602,2.2619629110430655,0.0,4.424050504961137,177.97154077291816,1741.7114415031601,1919.6829822760783,121.10429822760787,0.09270881828722864,0.9072911817127711,13.5,500.0,500.0,6752.0,2433.52,16431127.04,13.183077094290233,129.0156623335674,142.19873942785765
Sonora,Imuris,35,Magdalena,140,Alfalfa achicalada,2021,2022,30.838011,-110.787299,987.0,285.69033077260667,3.7590832996395616,0.9787034021439581,6.113546362198413,10.620131578947369,0.7000000000000002,16.99,18.499868421052632,4.44,26.12,2.7403947368421044,-4.65,11.03,38.23934210526316,15.65,87.5,17.44171052631579,7.63,25.66,2.7235526315789476,1.02,5.37,39.370000000000005,0.5180263157894738,0.0,9.68,31.496000000000002,0.41442105263157897,0.0,7.744,8.728572504381335,5.014404853835994,14.046407385027283,0.13780655401787573,7,4,0,55,248.52179032669181,3.2700235569301555,0.8057105417293894,5.502191725978572,8.313943193541384,0.10939398938870241,0.0,1.6246486947373544,240.2078471331504,3.1606295675414526,0.0,5.502191725978572,83.13943193541384,2402.0784713315043,2485.2179032669183,217.0257903266918,0.03345357838687857,0.9665464216131213,13.56,492.0,492.0,6671.52,2950.99,19687588.8,6.131226543909575,177.14443003919646,183.27565658310604
Sonora,Imuris,35,Magdalena,140,Alfalfa achicalada,2022,2023,30.838011,-110.787299,987.0,283.4209219168218,3.7292226568002866,1.7122921642316535,7.094549152766229,10.295723684210525,2.1300000000000003,17.025,18.288421052631577,8.45,27.63,2.3030263157894733,-5.37,8.57,39.380921052631585,19.88,79.87,17.978815789473682,7.41,25.68,2.757236842105263,1.17,6.58,9.29,0.12223684210526314,0.0,3.36,7.432,0.09778947368421054,0.0,2.688,9.036193991902524,4.972782688067243,13.731000572627487,0.032778102396852776,4,0,0,62,247.1581059779136,3.252080341814653,0.7040997821288633,6.385094237489606,5.448099782128864,0.071685523449064,0.0,1.528,241.71000619578473,3.1803948183655883,0.0,6.385094237489606,54.48099782128864,2417.100061957847,2471.581059779136,239.72610597791362,0.02204297431626909,0.9779570256837309,27.44,482.0,482.0,13226.08,4582.98,60614860.12,1.9854591042743672,88.08673695181659,90.07219605609096
Sonora,Imuris,35,Magdalena,140,Alfalfa achicalada,2023,2024,30.838011,-110.787299,987.0,230.55162629809155,3.0335740302380465,0.992342863925139,5.397401278157801,9.10546052631579,0.9700000000000002,17.055,16.11276315789474,5.69,24.76,2.0981578947368424,-5.37,10.33,51.90710526315789,26.12,86.72,15.852368421052631,1.66,23.45,2.855,1.08,6.83,87.12,1.1463157894736842,0.0,13.81,69.696,0.9170526315789473,0.0,11.048000000000002,8.402410628137117,2.8116892386085244,13.25317161178553,0.3778763194988626,17,7,0,55,201.4463213689477,2.6506094916966805,0.4457663950471374,4.857661150342021,24.080459711500986,0.31684815409869715,0.0,2.764681752308612,177.36586165744671,2.333761337597983,0.0,4.857661150342021,240.80459711500987,1773.658616574467,2014.463213689477,131.7503213689477,0.11953784783886806,0.8804621521611319,27.71,350.0,350.0,9698.5,4050.0,39278925.0,8.69016950974413,64.00788944693133,72.69805895667545
Sonora,Imuris,35,Magdalena,140,Pastos y praderas,2010,2011,30.838011,-110.787299,987.0,1517.421001515393,6.193555108226094,1.872196941449331,10.592265879647504,20.875183673469387,4.73,30.27,28.49122448979592,11.67,38.59,13.259142857142859,-2.83,23.69,43.06595918367347,10.53,89.98,24.925061224489795,8.01,33.19,2.428938775510204,0.78,6.24,327.19,1.335469387755102,0.0,24.02,196.31399999999996,0.8012816326530611,0.0,14.411999999999999,14.971361880631349,6.213235107295462,19.30283267378296,0.21562242757497574,49,25,40,40,1275.3920819096847,5.205681966978305,0.7720729799025332,9.00342599770038,138.40482451729665,0.5649176510910067,0.0,5.76,1136.9872573923878,4.6407643158872975,0.0,9.00342599770038,1384.0482451729665,11369.872573923878,12753.920819096844,1079.078081909685,0.10851943216556492,0.8914805678344349,27.0,72.0,72.0,1944.0,600.0,1166400.0,51.26104611751728,421.1063916268103,472.3674377443276
Sonora,Imuris,35,Magdalena,140,Pastos y praderas,2011,2012,30.838011,-110.787299,987.0,1659.7259651155266,6.774391694349088,3.028882080728517,11.941880128774988,22.266632653061222,7.4399999999999995,32.239999999999995,30.296571428571433,14.12,42.05,14.236693877551021,-1.12,23.72,34.172448979591834,8.05,73.26,25.262081632653057,13.27,33.27,2.4117959183673467,1.0,6.1,207.35999999999999,0.8463673469387755,0.0,14.1,165.88799999999998,0.6770938775510204,0.0,11.280000000000001,14.78122544301971,8.415356679452142,19.062228021632848,0.12493628728979156,54,11,41,17,1386.5826871476008,5.659521172031024,1.7204764499736662,10.15059810945874,142.2209643654884,0.5804937321040343,0.0,5.32,1244.3617227821123,5.079027439926989,0.0,10.15059810945874,1422.209643654884,12443.617227821123,13865.826871476007,1220.694687147601,0.10256940728003557,0.8974305927199644,20.0,127.0,127.0,2540.0,820.0,2082800.0,71.1104821827442,622.1808613910562,693.2913435738004
Sonora,Imuris,35,Magdalena,140,Pastos y praderas,2012,2013,30.838011,-110.787299,987.0,1575.697549297735,6.431418568562183,1.604942631479033,11.475473249304375,21.700775510204085,2.9699999999999998,30.22,29.350653061224488,6.05,39.38,14.050897959183674,-4.48,23.56,38.65302040816327,6.34,84.01,24.861755102040817,6.84,33.15,2.339591836734694,0.89,6.35,318.84000000000003,1.301387755102041,0.0,15.91,191.304,0.7808326530612245,0.0,9.546,14.68945842574575,5.672857664682033,19.029577321432022,0.20234847743597895,57,24,36,19,1316.927561842764,5.37521453813373,1.3642012367571779,9.754152261908718,144.01896871326733,0.5878325253602747,0.0,6.228000000000001,1172.9085931294965,4.787382012773455,0.0,9.754152261908718,1440.1896871326733,11729.085931294965,13169.275618427639,1125.6235618427638,0.10935982576880918,0.8906401742311908,18.0,36.0,36.0,648.0,900.0,583200.0,106.6807175653832,868.8211800959233,975.5018976613065
Sonora,Imuris,35,Magdalena,140,Pastos y praderas,2013,2014,30.838011,-110.787299,987.0,1601.6638464226148,6.537403454786183,2.5846278658383266,10.94813384330924,21.741959183673472,5.925,31.419999999999998,29.49461224489796,10.91,42.19,13.989306122448978,-1.06,22.93,37.69657142857143,9.36,80.43,24.96677551020408,10.5,32.78,2.402326530612245,0.86,6.59,243.69,0.9946530612244898,0.0,24.44,194.952,0.7957224489795919,0.0,19.552000000000003,14.730187361729719,7.223748537275327,19.183384817664514,0.15214803065218216,44,15,35,16,1341.662384514369,5.476172998017833,1.0338511463353306,9.305913766812854,132.17572357078728,0.5394927492685195,0.0,5.732503114787052,1209.4866609435817,4.936680248749313,0.0,9.305913766812854,1321.757235707873,12094.866609435816,13416.62384514369,1146.710384514369,0.09851638168914595,0.901483618310854,18.3,43.0,43.0,786.9,815.0,641323.5,72.227171350157,660.9216726467658,733.1488439969228
Sonora,Imuris,35,Magdalena,140,Pastos y praderas,2014,2015,30.838011,-110.787299,987.0,1522.1401026407743,6.212816745472549,1.1420278944194666,10.93223070984785,21.640612244897955,10.125,31.034999999999997,28.812204081632654,14.58,39.83,14.469020408163267,1.08,22.24,43.2990612244898,7.51,91.11,24.36779591836735,2.56,32.5,2.2913061224489795,0.7,6.42,497.74,2.031591836734694,0.0,90.84,298.644,1.2189551020408163,0.0,54.504,14.593666938426226,3.1987148701481782,18.940053760059392,0.32700012248311866,58,30,26,8,1275.0530214490257,5.204298046730717,0.6170805923888834,9.292396103370672,150.75895370683963,0.6153426681911822,0.0,5.589202890533904,1124.294067742186,4.588955378539534,0.0,9.292396103370672,1507.5895370683963,11242.940677421859,12750.530214490254,976.4090214490257,0.11823739967731742,0.8817626003226825,18.25,32.0,32.0,584.0,845.0,493480.0,82.60764586676144,616.051543968321,698.6591898350824
Sonora,Imuris,35,Magdalena,140,Pastos y praderas,2015,2016,30.838011,-110.787299,987.0,1399.809174721374,5.713506835597444,1.4797278464736996,10.51523754080412,21.26202040816326,7.414999999999999,31.435000000000002,28.091265306122448,12.37,40.49,14.43277551020408,0.2,23.56,49.2778775510204,15.47,89.84,23.42322448979592,6.35,33.09,2.285387755102041,0.82,5.23,399.89,1.632204081632653,0.0,54.96,239.934,0.9793224489795919,0.0,32.976,14.45048844075348,5.181371439141497,19.989841774107187,0.2856746528180146,77,27,19,7,1174.0346629832575,4.791978216258194,0.5918911385894798,8.937951909683502,167.71356064135304,0.6845451454749104,0.0,4.940019484806008,1006.3211023419042,4.107433070783283,0.0,8.937951909683502,1677.1356064135305,10063.211023419042,11740.346629832573,934.1006629832575,0.14285230745673883,0.857147692543261,17.85,75.0,75.0,1338.75,855.0,1144631.25,93.95717682988966,563.7653234408426,657.7225002707323
Sonora,Imuris,35,Magdalena,140,Pastos y praderas,2016,2017,30.838011,-110.787299,987.0,1546.3066403573685,6.311455674928035,1.9790931968785157,11.202116861072428,21.933102040816326,5.9750000000000005,32.435,29.382653061224488,9.21,42.66,14.483551020408163,1.37,23.13,40.418122448979595,9.5,88.29,24.79461224489796,7.23,33.04,2.279224489795918,0.79,5.74,308.50000000000006,1.259183673469388,0.0,46.56,185.10000000000002,0.7555102040816327,0.0,27.936,14.818252357369394,5.896046313753478,19.34542153839416,0.1995076474150705,48,19,28,15,1292.939924741846,5.2773058152728405,0.8013234309133719,9.521799331911563,109.79371639892584,0.44813761795479934,0.0,4.877647051202617,1183.14620834292,4.829168197318041,0.0,9.521799331911563,1097.9371639892584,11831.4620834292,12929.399247418458,1107.839924741846,0.08491787924396234,0.9150821207560377,18.75,55.0,55.0,1031.25,750.0,773437.5,58.55664874609378,631.011311116224,689.5679598623177
Sonora,Imuris,35,Magdalena,140,Pastos y praderas,2017,2018,30.838011,-110.787299,987.0,1603.2251662277254,6.5437761886845935,3.038042399230432,10.702392681477171,22.39065306122449,10.505,33.955,30.079102040816327,15.8,43.11,14.702204081632653,0.92,25.59,38.999142857142864,5.45,85.48,24.975999999999996,10.51,33.34,2.335591836734694,0.77,5.63,298.7699999999999,1.2194693877551017,0.0,20.82,179.262,0.7316816326530612,0.0,12.491999999999999,14.781041308708225,7.005755544258633,19.18405006244678,0.186355607617478,45,23,34,9,1341.5085486568846,5.4755450965587125,1.4439540347607702,9.097033779255595,121.87060210278244,0.49743102899094876,0.0,4.9559999999999995,1219.637946554102,4.9781140675677635,0.0,9.097033779255595,1218.7060210278244,12196.37946554102,13415.085486568845,1162.2465486568847,0.09084593775030284,0.909154062249697,23.2,140.0,140.0,3248.0,761.0,2471728.0,52.5304319408545,525.7060114457337,578.2364433865882
Sonora,Imuris,35,Magdalena,140,Pastos y praderas,2018,2019,30.838011,-110.787299,987.0,1525.9718806892884,6.228456655874647,1.349590455309512,10.869476521800454,22.00814285714286,8.64,32.45,29.224204081632653,16.72,40.48,14.792081632653058,-2.98,24.42,43.43502040816327,7.56,89.5,24.182000000000002,4.48,32.98,2.266530612244898,0.96,5.3,401.06000000000006,1.636979591836735,0.0,52.4,240.636,0.9821877551020408,0.0,31.439999999999998,14.55349280380435,4.20833933859213,19.73014723598979,0.26282266736058035,63,22,32,21,1276.878525065275,5.2117490818990815,1.147151887013085,9.239055043530385,140.2568938278903,0.5724771176648584,0.0,5.29861847526567,1136.621631237385,4.639271964234224,0.0,8.94725680175582,1402.568938278903,11366.21631237385,12768.785250652752,1036.242525065275,0.10984356857338506,0.8901564314266152,23.5,160.0,160.0,3760.0,772.14,2903246.4,59.68378460761289,483.66877924995106,543.352563857564
Sonora,Imuris,35,Magdalena,140,Pastos y praderas,2019,2020,30.838011,-110.787299,987.0,1493.751329119384,6.096944200487282,1.5339442905350555,11.359862251227245,21.30563265306122,7.1450000000000005,31.75,28.637224489795923,10.64,39.73,13.974040816326532,-0.83,24.9,43.650571428571425,13.58,83.0,24.217714285714283,4.78,32.89,2.362530612244898,0.92,5.85,331.67,1.3537551020408163,0.0,45.65,199.00199999999998,0.8122530612244897,0.0,27.389999999999997,14.662489568595355,4.439767882461996,19.624151826363832,0.22203829615705212,51,14,27,13,1252.5701469021728,5.112531211845603,0.8724969860898713,9.655882913543158,116.77633720614931,0.47663811104550735,0.0,5.632496224543203,1135.7938096960236,4.6358931008000965,0.0,9.655882913543158,1167.763372061493,11357.938096960235,12525.70146902173,1053.5681469021729,0.09322937920479568,0.9067706207952043,23.0,160.0,160.0,3680.0,760.96,2800332.8,50.77232052441274,493.82339552001025,544.5957160444229
Sonora,Imuris,35,Magdalena,140,Pastos y praderas,2022,2023,30.838011,-110.787299,987.0,1498.5583212106924,6.116564576370173,2.1987503088809395,10.85230799958589,21.589306122448978,7.104999999999999,30.76,28.929836734693875,14.92,39.67,14.248775510204078,-2.37,23.45,43.676081632653066,3.84,87.23,24.043142857142858,8.33,32.92,2.2726938775510206,0.77,5.01,441.51,1.802081632653061,0.0,24.87,264.906,1.0812489795918367,0.0,14.922,14.420223886320004,6.162811464891874,19.223568720415418,0.2946231679814116,84,29,29,23,1254.3552360159056,5.119817289860839,1.4553386265403663,9.224461799648006,205.71156430988447,0.8396390379995284,0.0,6.230549323787612,1048.6436717060212,4.280178251861311,0.0,9.224461799648006,2057.115643098845,10486.436717060213,12543.552360159058,989.4492360159056,0.1639978519667741,0.836002148033226,23.25,160.0,160.0,3720.0,870.0,3236400.0,88.47809217629441,451.02953621764357,539.5076283939379
Sonora,Imuris,35,Magdalena,140,Pastos y praderas,2023,2024,30.838011,-110.787299,987.0,1654.191006579188,6.751800026853829,2.163817539261595,10.833023943582091,22.67051020408163,2.525,32.535,30.570530612244898,9.11,40.87,14.770489795918369,-4.06,25.07,35.04424489795918,8.17,77.91,24.93914285714286,10.48,32.48,2.4308571428571426,0.78,5.72,173.42000000000002,0.7078367346938776,0.0,9.62,138.736,0.566269387755102,0.0,7.696,14.750206315211718,7.115356441484547,19.56755923497311,0.10483674455383891,50,7,60,19,1388.1567458686307,5.665945901504615,0.865527015704638,9.208070352044777,120.68524351145336,0.49259283065899334,0.0,6.324736814722565,1267.471502357177,5.173353070845621,0.0,9.208070352044777,1206.8524351145336,12674.71502357177,13881.567458686304,1249.4207458686305,0.08693920471923025,0.9130607952807696,23.3,115.0,115.0,2679.5,881.57,2362166.82,51.79624185040917,543.9791855610202,595.7754274114294
Sonora,Imuris,35,Magdalena,140,Frijol,2010,2011,30.838011,-110.787299,987.0,1016.3177389497197,7.207927226593757,2.8886160173963487,10.592265879647504,24.49836879432624,10.555,30.27,32.02985815602837,18.47,38.59,16.96687943262411,2.64,23.69,40.16588652482269,10.53,77.42,26.862695035460995,11.4,33.19,2.3339716312056735,0.78,5.77,244.85000000000002,1.7365248226950356,0.0,24.02,195.88,1.3892198581560284,0.0,19.216,16.510749135808354,8.595520126526269,19.30283267378296,0.24091875071769606,36,20,40,5,816.6299165087136,5.791701535522791,1.3057225985887653,12.18110576159463,100.52036268232104,0.7129103736334825,0.0,6.009583989672078,716.1095538263927,5.07879116188931,0.0,12.18110576159463,1005.2036268232104,7161.095538263927,8166.299165087137,620.7499165087136,0.12309169753671212,0.8769083024632881,1.5,32.0,32.0,48.0,14000.0,672000.0,804.1629014585683,5728.876430611142,6533.039332069709
Sonora,Imuris,35,Magdalena,140,Frijol,2011,2012,30.838011,-110.787299,987.0,1043.3467950726824,7.399622660089946,3.288474747550056,11.941880128774988,25.062056737588655,12.46,32.239999999999995,32.664964539007094,21.25,42.05,17.459148936170216,3.67,23.72,36.83851063829787,8.05,73.26,26.51028368794326,13.27,33.27,2.332340425531915,1.05,5.64,191.57999999999998,1.3587234042553191,0.0,14.1,153.26400000000004,1.0869787234042556,0.0,11.280000000000001,16.146512950112484,9.537827328756446,19.062228021632848,0.18362063400659986,51,10,41,1,840.9698884369923,5.964325449907746,1.1509661616425195,13.733162148091235,108.44002708645445,0.769078206286911,0.0,6.272094809204622,732.5298613505379,5.195247243620836,0.0,13.733162148091235,1084.4002708645444,7325.298613505379,8409.698884369924,687.7058884369923,0.12894638509352416,0.8710536149064759,1.5,9.0,9.0,13.5,16000.0,216000.0,722.9335139096962,4883.532409003586,5606.465922913282
Sonora,Imuris,35,Magdalena,140,Frijol,2012,2013,30.838011,-110.787299,987.0,997.7199857388723,7.076028267651576,3.144402520350127,11.475473249304375,24.71109929078014,17.66,30.22,31.961418439716315,23.38,39.38,17.46078014184397,7.56,23.56,41.81553191489362,6.34,84.01,26.035886524822697,14.26,33.15,2.2566666666666673,0.89,5.76,305.02000000000004,2.163262411347518,0.0,15.91,183.012,1.2979574468085107,0.0,9.546,15.999335610354747,10.123225757412797,19.029577321432022,0.3057170392092669,54,22,35,0,792.2034835907234,5.618464422629244,1.1005408821225444,13.19679423670003,124.79160353818136,0.8850468336041232,0.0,6.228000000000001,667.4118800525421,4.733417589025121,0.0,13.19679423670003,1247.9160353818136,6674.118800525421,7922.034835907234,609.1914835907235,0.15752468415381587,0.8424753158461842,1.45,18.5,18.5,26.83,14500.0,389035.0,860.6317485391818,4602.840552086497,5463.472300625679
Sonora,Imuris,35,Magdalena,140,Frijol,2013,2014,30.838011,-110.787299,987.0,1015.8464720705056,7.204584908301458,2.881009978734035,10.94813384330924,25.05790780141844,17.23,31.419999999999998,32.390425531914886,24.11,42.19,17.725390070921986,8.39,22.93,40.61702127659574,9.36,80.43,25.83177304964539,11.9,32.78,2.3345390070921987,0.86,5.32,235.59,1.6708510638297873,0.0,24.44,188.472,1.33668085106383,0.0,19.552000000000003,15.920361093794387,8.793009112532815,19.183384817664514,0.23191496596903938,41,15,35,0,816.4516626891864,5.790437324036783,1.0134884762377747,12.590353919805624,113.03336516646633,0.801655072102598,0.0,7.755739508241306,703.4182975227202,4.988782251934186,0.0,12.590353919805624,1130.3336516646632,7034.182975227202,8164.516626891866,627.9796626891864,0.13844465059225045,0.8615553494077497,1.32,6.0,6.0,7.92,13965.0,110602.8,856.3133724732296,5328.926496384244,6185.239868857474
Sonora,Imuris,35,Magdalena,140,Frijol,2014,2015,30.838011,-110.787299,987.0,984.7125000768981,6.983776596290057,1.1420278944194666,10.93223070984785,24.496879432624112,14.275,31.034999999999997,31.435177304964544,20.77,39.83,17.558581560283688,6.97,22.24,42.50780141843971,7.51,91.11,25.553333333333335,2.56,32.5,2.295531914893617,0.83,6.42,410.2000000000001,2.909219858156029,0.0,90.84,246.11999999999998,1.7455319148936168,0.0,54.504,15.7610182929162,3.1987148701481782,18.940053760059392,0.4165682876656555,49,25,26,0,793.7044381858411,5.629109490679724,0.39970976304681327,12.572065316325027,102.32038126854114,0.7256764628974549,0.0,6.321715563597814,691.3840569173,4.9034330277822695,0.0,12.572065316325027,1023.2038126854114,6913.8405691729995,7937.044381858411,547.5844381858411,0.12891496676321146,0.8710850332367885,1.75,3.0,3.0,5.25,11500.0,60375.0,584.6878929630923,3950.7660395274283,4535.453932490521
Sonora,Imuris,35,Magdalena,140,Frijol,2015,2016,30.838011,-110.787299,987.0,903.7359505649944,6.409474826702088,2.6174154691376867,10.51523754080412,24.055709219858155,13.299999999999999,31.435000000000002,30.696241134751773,21.68,40.49,17.415177304964537,4.47,23.56,48.73595744680851,15.47,82.51,25.023758865248222,9.51,33.09,2.1482978723404256,0.82,5.09,271.11,1.9227659574468086,0.0,13.31,162.66600000000003,1.1536595744680853,0.0,7.986,15.884794349727503,7.500244156828248,19.989841774107187,0.29998806601696926,58,19,19,1,726.3310317810361,5.151283913340682,0.9160954141981903,12.092523171924737,122.42732344033135,0.86827888964774,0.0,6.168011146519609,603.9037083407047,4.283005023692941,0.0,12.092523171924737,1224.2732344033134,6039.037083407047,7263.310317810361,563.6650317810361,0.16855582108357306,0.8314441789164269,2.2,8.0,8.0,17.6,9439.46,166134.5,556.4878338196878,2745.016856094112,3301.5046899137997
Sonora,Imuris,35,Magdalena,140,Haba verde,2016,2017,30.838011,-110.787299,987.0,978.896359713344,4.617435659025208,0.6481940409006496,9.745381462468828,13.467452830188678,0.44499999999999984,25.78,21.441226415094334,5.52,34.03,5.493679245283018,-4.85,17.53,39.926509433962266,13.59,94.27,20.461415094339625,5.57,32.67,2.6351886792452834,0.94,6.08,93.62,0.44160377358490566,0.0,13.79,74.896,0.3532830188679245,0.0,11.032,10.956628332753578,4.108877230507974,19.34542153839416,0.09563831663181922,20,5,0,93,948.7035894300351,4.475016931273751,0.3240970204503248,10.719919608715712,25.524710316301913,0.12039957696368828,0.0,2.64,923.1788791137332,4.354617354310062,0.0,10.719919608715712,0.0,0.0,0.0,873.8075894300351,0.026904831604607635,0.9730951683953923,2.0,3.0,3.0,6.0,2800.0,16800.0,0.0,0.0,0.0
Sonora,Imuris,35,Magdalena,140,Nopalitos,2010,2011,30.838011,-110.787299,987.0,1185.8238706747102,6.934642518565557,2.834926668772313,10.592265879647504,22.775233918128652,6.88,30.27,30.471169590643274,11.67,38.59,15.079298245614032,1.6,23.69,40.11561403508772,10.53,77.42,26.72105263157895,11.4,33.19,2.4222807017543864,0.78,5.88,260.08000000000004,1.5209356725146201,0.0,24.02,156.048,0.9125614035087719,0.0,14.411999999999999,16.328259163244095,8.595520126526269,19.30283267378296,0.2193243081301945,38,21,40,14,563.9246829826343,3.297805163641136,1.1560464271718942,5.296132939823752,82.32162323004087,0.48141300134526827,0.0,3.763801138686654,481.60305975259337,2.816392162295868,0.0,5.296132939823752,823.2162323004087,4816.030597525933,5639.246829826342,407.8766829826343,0.1459798191393866,0.8540201808606133,15.0,3.0,3.0,45.0,4500.0,202500.0,54.88108215336058,321.0687065017289,375.9497886550895
Sonora,Imuris,35,Magdalena,140,Nopalitos,2011,2012,30.838011,-110.787299,987.0,1261.4259745255822,7.376760084944925,3.028882080728517,11.941880128774988,23.780350877192983,7.4399999999999995,32.239999999999995,31.644269005847953,14.12,42.05,15.916432748538012,-1.12,23.72,35.04947368421052,8.05,73.26,26.76543859649123,13.27,33.27,2.494093567251462,1.05,5.64,197.46,1.1547368421052633,0.0,14.1,157.96800000000002,0.9237894736842106,0.0,11.280000000000001,16.102710773615403,9.537827328756446,19.062228021632848,0.15653712860500119,52,11,41,5,599.3984440032011,3.5052540584982523,1.2115528322914069,5.970940064387494,108.9372781163962,0.6370601059438374,0.0,3.4710965236010156,490.461165886805,2.868193952554415,0.0,5.970940064387494,1089.372781163962,4904.611658868051,5993.984440032013,441.4304440032011,0.18174434586255686,0.8182556541374433,49.8,3.0,3.0,149.4,5100.0,761940.0,21.874955445059477,98.48617788891669,120.36113333397617
Sonora,Imuris,35,Magdalena,140,Nopalitos,2012,2013,30.838011,-110.787299,987.0,1206.5360328937707,7.055766274232577,3.144402520350127,11.475473249304375,23.512982456140353,8.725,30.22,31.044561403508776,14.73,39.38,15.981403508771931,0.18,23.56,38.725789473684216,6.34,84.01,26.400584795321638,14.26,33.15,2.3329239766081873,0.89,5.87,305.48,1.7864327485380118,0.0,15.91,183.28799999999998,1.071859649122807,0.0,9.546,15.983354098730617,10.123225757412797,19.029577321432022,0.2531876310957188,54,22,36,5,573.6546205547502,3.3547053833611122,1.414981134157557,5.737736624652188,102.58033413956329,0.5998849949682064,0.0,3.725963311948828,471.0742864151868,2.7548203883929054,0.0,5.737736624652188,1025.803341395633,4710.742864151868,5736.546205547501,390.36662055475017,0.17881898003429908,0.8211810199657008,48.5,3.0,3.0,145.5,6000.0,873000.0,21.150584358672845,97.12871884849213,118.27930320716497
Sonora,Imuris,35,Magdalena,140,Nopalitos,2013,2014,30.838011,-110.787299,987.0,1220.9304457110143,7.139944126964996,2.881009978734035,10.94813384330924,23.643040935672516,8.165,31.419999999999998,31.236198830409354,13.33,42.19,16.049883040935672,0.59,22.93,38.11701754385965,9.36,80.43,26.30877192982456,11.9,32.78,2.4355555555555557,0.86,6.59,238.36,1.393918128654971,0.0,24.44,190.68800000000002,1.1151345029239768,0.0,19.552000000000003,15.960799940413537,8.793009112532815,19.183384817664514,0.19522815639279928,42,15,35,6,580.7779780377607,3.396362444665267,1.2964544904303157,5.47406692165462,96.37408836974981,0.5635911600570165,0.0,3.583692302888317,484.40388966801095,2.8327712846082513,0.0,5.47406692165462,963.7408836974981,4844.038896680109,5807.7797803776075,390.0899780377607,0.16593963961127295,0.8340603603887271,38.0,3.0,3.0,114.0,7000.0,798000.0,25.36160220256574,127.4747078073713,152.83631000993705
Sonora,Imuris,35,Magdalena,140,Nopalitos,2014,2015,30.838011,-110.787299,987.0,1187.6477539767209,6.945308502787841,1.1420278944194666,10.93223070984785,23.229941520467836,10.125,31.034999999999997,30.4533918128655,18.16,39.83,16.006491228070175,1.08,22.24,39.420292397660816,7.51,91.11,25.775847953216374,2.56,32.5,2.3763742690058476,0.83,6.42,411.1400000000001,2.4043274853801178,0.0,90.84,246.684,1.4425964912280702,0.0,54.504,15.67568574832316,3.1987148701481782,18.940053760059392,0.34618008464491135,49,25,26,5,565.2056269940504,3.3052960642926923,0.51391255248876,5.466115354923925,92.96598618604892,0.5436607379301107,0.0,3.2784036197933633,472.23964080800147,2.7616353263625815,0.0,5.466115354923925,929.6598618604892,4722.396408080014,5652.056269940504,318.5216269940504,0.16448170673825852,0.8355182932617415,40.0,3.0,3.0,120.0,7150.0,858000.0,23.24149654651223,118.05991020200035,141.3014067485126
Sonora,Imuris,35,Magdalena,140,Nopalitos,2015,2016,30.838011,-110.787299,987.0,1089.3042833745499,6.370200487570467,2.6174154691376867,10.51523754080412,22.676286549707598,11.435,31.435000000000002,29.58865497076024,15.82,40.49,15.763918128654971,2.82,23.56,46.431403508771936,15.47,82.51,25.383918128654972,9.51,33.09,2.272573099415205,0.82,5.09,281.21000000000004,1.6445029239766085,0.0,13.31,168.726,0.9867017543859649,0.0,7.986,15.884363073106092,7.500244156828248,19.989841774107187,0.2581555992131428,60,20,19,2,516.2928182460953,3.019256247053189,1.0796891073552073,5.25761877040206,111.40150399627744,0.6514707836039616,0.0,3.1744975668788147,404.8913142498179,2.3677854634492275,0.0,5.25761877040206,1114.0150399627744,4048.9131424981792,5162.928182460953,347.5668182460953,0.21577194192768528,0.7842280580723149,42.0,3.0,3.0,126.0,5000.0,630000.0,26.524167618161293,96.40269386900427,122.92686148716555
Sonora,Imuris,35,Magdalena,140,Nopalitos,2016,2017,30.838011,-110.787299,987.0,1179.1336777193128,6.895518583153876,1.9790931968785157,11.202116861072428,23.17833333333333,11.385000000000002,32.435,30.68789473684211,17.01,42.66,15.66877192982456,3.35,23.13,40.12573099415204,9.5,88.29,26.448304093567252,7.23,33.04,2.3079532163742686,0.79,5.45,285.89,1.6718713450292397,0.0,46.56,171.53400000000002,1.003122807017544,0.0,27.936,16.182207689586527,5.896046313753478,19.34542153839416,0.24245766650730396,42,17,28,5,559.945281629755,3.2745338107003215,0.890591938595332,5.601058430536214,77.34016677194083,0.4522816770288937,0.0,3.5944690526366516,482.6051148578141,2.8222521336714275,0.0,5.601058430536214,773.4016677194084,4826.051148578141,5599.452816297549,388.41128162975497,0.13812093665087694,0.861879063349123,45.0,3.0,3.0,135.0,4600.0,621000.0,17.186703727097964,107.24558107951424,124.4322848066122
Sonora,Imuris,35,Magdalena,140,Nopalitos,2017,2018,30.838011,-110.787299,987.0,1196.5902635899054,6.997603880642721,3.038042399230432,10.702392681477171,23.59181286549708,10.785,33.955,31.159298245614035,15.8,43.11,16.024327485380116,2.94,25.59,39.81719298245615,5.45,85.48,26.269181286549706,11.39,33.34,2.3063157894736843,0.77,5.63,297.25999999999993,1.7383625730994148,0.0,20.82,178.35600000000002,1.0430175438596492,0.0,12.491999999999999,15.966343830325194,8.41035987529278,19.18405006244678,0.2484225461672958,45,23,34,2,567.7554306925972,3.3202071970327323,1.3671190796536945,5.351196340738586,83.52760625495472,0.48846553365470596,0.0,3.053540211924192,484.22782443764254,2.8317416633780264,0.0,5.351196340738586,835.2760625495472,4842.278244376425,5677.554306925973,389.3994306925972,0.14711899127598044,0.8528810087240196,45.2,3.0,3.0,135.6,7901.77,1071480.01,18.479558905963433,107.13004965434568,125.60960856030911
Sonora,Imuris,35,Magdalena,140,Nopalitos,2018,2019,30.838011,-110.787299,987.0,1211.34031418164,7.0838614864423395,2.7733305901019993,10.869476521800454,24.113070175438597,11.29,32.45,31.423801169590647,18.2,40.48,16.802339181286552,2.47,24.42,39.11263157894737,7.56,78.67,26.177953216374267,7.32,32.98,2.2807602339181288,0.96,5.3,302.08000000000004,1.7665497076023393,0.0,52.4,181.24800000000002,1.0599298245614037,0.0,31.439999999999998,15.932465887875766,6.291228350006676,19.73014723598979,0.24937665861808614,51,16,32,4,574.7041486565863,3.3608429745999198,1.3251647776717623,5.434738260900227,90.81424240393468,0.5310774409586824,0.0,3.087474927034023,483.88990625265166,2.829765533641238,0.0,5.263092236326953,908.1424240393469,4838.899062526517,5747.041486565864,393.45614865658627,0.15801911751676012,0.84198088248324,45.5,3.0,3.0,136.5,7292.85,995474.03,19.959174154710922,106.34942994563774,126.30860410034866
Sonora,Imuris,35,Magdalena,140,Nopalitos,2019,2020,30.838011,-110.787299,987.0,1165.0456580339696,6.813132503122629,3.3433873282858637,11.359862251227245,23.159210526315793,10.58,31.75,30.489181286549705,14.25,39.73,15.829239766081873,3.48,24.9,41.411695906432755,13.58,76.29,26.177251461988305,13.56,32.89,2.364736842105263,0.92,5.04,208.31,1.218187134502924,0.0,16.88,166.648,0.9745497076023392,0.0,13.504,16.136132171588855,9.79901905492721,19.624151826363832,0.1787998595278454,44,10,27,1,553.3359544533785,3.2358827745811607,1.4079083327873616,5.6799311256136225,93.7973339576037,0.5485224208047,0.0,2.9819097659346374,459.5386204957748,2.687360353776461,0.0,5.6799311256136225,937.973339576037,4595.386204957748,5533.359544533785,386.68795445337844,0.1695124511658796,0.8304875488341205,45.5,3.0,3.0,136.5,6942.12,947599.38,20.614798672000813,100.99749901006041,121.61229768206123
Sonora,Imuris,35,Magdalena,140,Nopalitos,2020,2021,30.838011,-110.787299,987.0,1242.3199937686447,7.265029203325408,2.39199737700916,10.84978487028401,24.46514619883041,9.26,32.22,32.331637426900585,15.0,40.81,16.598654970760233,3.39,23.89,37.72093567251462,10.62,74.23,26.585555555555555,9.03,33.85,2.3771345029239765,0.72,4.68,179.38000000000002,1.0490058479532165,0.0,14.05,143.504,0.8392046783625731,0.0,11.240000000000002,16.272651324954026,6.995481087899364,19.419159094799298,0.14439113988324467,40,13,65,7,591.0436437956264,3.4563955777522013,1.0763988196541219,5.424892435142005,93.23685394540038,0.5452447599146222,0.0,4.0382237655406445,497.806789850226,2.9111508178375787,0.0,5.424892435142005,932.3685394540039,4978.06789850226,5910.436437956263,447.5396437956264,0.15774952480098106,0.8422504751990189,44.0,3.0,3.0,132.0,6632.95,875549.4,21.190194078500088,113.13790678414226,134.32810086264234
Sonora,Imuris,35,Magdalena,140,Nopalitos,2021,2022,30.838011,-110.787299,987.0,1185.513291451291,6.932826265797024,2.345750413087883,11.09014299682453,23.903508771929825,11.200000000000001,32.215,31.27959064327485,17.59,41.51,16.527426900584793,4.64,23.24,40.96005847953217,6.82,87.78,25.724736842105266,10.48,32.88,2.3040350877192983,0.92,5.26,326.6,1.9099415204678365,0.0,25.08,195.96,1.1459649122807019,0.0,15.047999999999998,15.736270090322463,8.052531524980273,19.042894986830017,0.2754924827541834,53,21,30,1,561.653737985384,3.284524783540258,1.0555876858895472,5.545071498412265,102.5023613074496,0.5994290134938574,0.0,3.550339006738137,459.1513766779344,2.6850957700464,0.0,5.545071498412265,1025.023613074496,4591.513766779344,5616.53737985384,365.693737985384,0.1825009865956185,0.8174990134043815,44.0,3.0,3.0,132.0,6500.0,858000.0,23.295991206238547,104.35258560862145,127.64857681486001
Sonora,Imuris,35,Magdalena,140,Nopalitos,2022,2023,30.838011,-110.787299,987.0,1170.4370581921135,6.844661159018207,2.1987503088809395,10.85230799958589,23.70122807017544,12.584999999999999,30.76,31.07169590643275,22.65,39.67,16.330760233918127,2.36,23.45,41.69286549707602,3.84,87.23,25.628888888888888,8.33,32.92,2.2632163742690063,0.77,5.01,377.45000000000005,2.207309941520468,0.0,24.87,226.47,1.3243859649122807,0.0,14.922,15.663453585293466,6.657917431048887,19.223568720415418,0.3224863715294685,65,27,29,2,555.2157106510747,3.2468755008834775,0.9894376389964228,5.426153999792945,123.88108452136838,0.7244507866746689,0.0,3.5230739132539535,431.3346261297063,2.5224247142088085,0.0,5.426153999792945,1238.8108452136837,4313.346261297063,5552.157106510747,328.74571065107466,0.2231224407826987,0.7768775592173013,31.67,3.0,3.0,95.0,4278.95,406500.25,39.11622498306548,136.1965980832669,175.31282306633238
Sonora,Imuris,35,Magdalena,140,Nopalitos,2023,2024,30.838011,-110.787299,987.0,1283.6611915912379,7.506790594100806,3.5026018010818505,10.833023943582091,24.58845029239766,7.14,32.535,32.61239766081872,14.67,40.87,16.564502923976608,-1.96,25.07,32.634678362573105,8.17,71.18,26.858947368421052,10.48,32.48,2.407017543859649,0.78,5.64,146.80999999999997,0.8585380116959063,0.0,9.62,117.44800000000002,0.6868304093567252,0.0,7.696,16.193399243915987,7.920399749875114,19.56755923497311,0.11436818450358617,42,6,57,4,608.5801894768657,3.558948476472899,1.5761708104868328,5.416511971791046,94.07258902922224,0.550132099586095,0.0,3.720433420425038,514.5076004476434,3.0088163768868035,0.0,5.416511971791046,940.7258902922224,5145.076004476434,6085.801894768656,491.1321894768657,0.15457714637423023,0.8454228536257697,20.0,3.0,3.0,60.0,4773.67,286420.2,47.03629451461112,257.2538002238217,304.29009473843286
Sonora,Imuris,35,Magdalena,140,Chabacano,2015,2016,30.838011,-110.787299,987.0,1270.9209986781011,5.994910371123119,1.4797278464736996,10.51523754080412,21.543915094339624,7.414999999999999,31.435000000000002,28.45292452830189,12.37,40.49,14.634905660377358,0.2,23.56,47.63268867924528,15.47,89.84,24.371320754716983,6.35,33.09,2.306603773584906,0.82,5.23,372.01000000000005,1.7547641509433964,0.0,54.96,223.206,1.0528584905660376,0.0,32.976,15.121316496350573,5.181371439141497,19.989841774107187,0.2927089885106405,69,24,19,7,1073.3665222298164,5.063049633159511,0.6658775309131648,9.463713786723709,152.58519088151908,0.7197414664222598,0.0,5.230608866265185,920.7813313482973,4.343308166737251,0.0,9.463713786723709,1525.8519088151909,9207.813313482973,10733.665222298165,850.1605222298164,0.14215572008388888,0.8578442799161111,4.5,3.0,3.0,13.5,9750.0,131625.0,339.0782019589313,2046.1807363295495,2385.2589382884807
Sonora,Imuris,35,Magdalena,140,Chabacano,2016,2017,30.838011,-110.787299,987.0,1386.606721717099,6.54059774394858,1.9790931968785157,11.202116861072428,21.893301886792454,5.9750000000000005,32.435,29.431556603773583,9.21,42.66,14.355047169811321,1.37,23.13,40.14339622641509,9.5,88.29,25.65754716981132,7.23,33.04,2.3399056603773585,0.79,5.74,303.9300000000001,1.4336320754716987,0.0,46.56,182.35799999999998,0.8601792452830187,0.0,27.936,15.494863871156833,5.896046313753478,19.34542153839416,0.2191897639322198,46,19,28,15,1160.1514316816356,5.472412413592621,0.9014888597775433,10.081905174965184,107.38165911113725,0.5065172599581946,0.0,5.164567465979242,1052.7697725704984,4.965895153634427,0.0,10.081905174965184,1073.8165911113724,10527.697725704984,11601.514316816356,977.7934316816356,0.09255831280187958,0.9074416871981205,6.5,3.0,3.0,19.5,12150.0,236925.0,165.2025524786727,1619.6458039546128,1784.8483564332855
Sonora,Imuris,35,Magdalena,140,Chabacano,2017,2018,30.838011,-110.787299,987.0,1421.4531790742426,6.704967825821899,3.038042399230432,10.702392681477171,22.473750000000003,10.505,33.955,30.110566037735847,15.8,43.11,14.83693396226415,0.92,25.59,39.40995283018868,5.45,85.48,25.76009433962264,10.51,33.34,2.3388207547169815,0.77,5.63,297.62,1.403867924528302,0.0,20.82,178.572,0.8423207547169811,0.0,12.491999999999999,15.43265418948818,7.005755544258633,19.18405006244678,0.20937727980166929,45,23,34,9,1185.189966064505,5.590518707851438,1.6244482891058665,9.632153413329455,123.94143045102308,0.5846293889199202,0.0,5.209903249405337,1061.2485356134816,5.0058893189315175,0.0,9.632153413329455,1239.4143045102307,10612.485356134817,11851.899660645047,1006.6179660645049,0.10457516010077111,0.8954248398992287,6.8,3.0,3.0,20.4,18350.0,374340.0,182.26680948679865,1560.6596111962967,1742.9264206830953
Sonora,Imuris,35,Magdalena,140,Chabacano,2018,2019,30.838011,-110.787299,987.0,1408.4302183112225,6.643538765618974,2.0163957871388885,10.869476521800454,22.66757075471698,8.64,32.45,30.03957547169811,16.72,40.48,15.295566037735846,-2.98,24.42,40.09094339622642,7.56,89.5,25.27004716981132,7.32,32.98,2.2791981132075474,0.96,5.3,321.34999999999997,1.5158018867924528,0.0,52.4,192.80999999999997,0.9094811320754715,0.0,31.439999999999998,15.250879946059742,6.291228350006676,19.73014723598979,0.22816181861343085,53,17,32,20,1185.0793717717006,5.589997036658965,1.3106572616402776,9.782528869620409,123.8622786453855,0.584256031346158,0.0,5.61030191498718,1061.2170931263154,5.005741005312808,0.0,9.473566025388516,1238.622786453855,10612.170931263154,11850.79371771701,992.2693717717007,0.1045181289926688,0.8954818710073315,7.0,3.0,3.0,21.0,8960.0,188160.0,176.94611235055072,1516.024418751879,1692.9705311024297
Sonora,Imuris,35,Magdalena,140,Chabacano,2019,2020,30.838011,-110.787299,987.0,1339.170563342302,6.31684227991652,1.5339442905350555,11.359862251227245,21.662311320754718,7.1450000000000005,31.75,28.94896226415094,10.64,39.73,14.375660377358493,-0.83,24.9,43.44448113207547,13.58,83.0,24.90731132075472,4.78,32.89,2.3878301886792452,0.92,5.14,331.46,1.5634905660377358,0.0,45.65,198.876,0.9380943396226415,0.0,27.389999999999997,15.266400854269756,4.439767882461996,19.624151826363832,0.24751141420906242,51,14,27,12,1133.167476869589,5.34512960787542,0.6902749307407751,10.22387602610452,114.3969430647991,0.5396082220037693,0.0,5.963819531869275,1018.7705338047901,4.805521385871652,0.0,10.22387602610452,1143.969430647991,10187.705338047901,11331.674768695892,934.2914768695891,0.10095325307149149,0.8990467469285086,7.1,3.0,3.0,21.3,9100.0,193830.0,161.1224550208438,1434.8880757813945,1596.0105308022382
Sonora,Imuris,35,Magdalena,140,Chabacano,2022,2023,30.838011,-110.787299,987.0,1377.2319465866258,6.496377106540687,2.1987503088809395,10.85230799958589,22.198419811320758,7.104999999999999,30.76,29.706226415094335,14.92,39.67,14.69061320754717,-2.37,23.45,41.12943396226415,3.84,87.23,25.054386792452835,8.33,32.92,2.302735849056604,0.77,5.01,405.62999999999994,1.9133490566037732,0.0,24.87,243.37800000000001,1.1480094339622642,0.0,14.922,15.095601641510227,6.657917431048887,19.223568720415418,0.2945255525079315,74,27,29,20,1155.1179909825303,5.44866976878552,1.637255954857912,9.7670771996273,192.91010152767666,0.9099533090928145,0.0,6.597052225186883,962.2078894548538,4.538716459692706,0.0,9.7670771996273,1929.1010152767667,9622.078894548538,11551.179909825305,911.7399909825302,0.16700467227905394,0.8329953277209462,7.33,3.0,3.0,22.0,11500.0,253000.0,263.1788561086994,1312.6983485059397,1575.8772046146391
Sonora,Imuris,35,Magdalena,140,Chabacano,2023,2024,30.838011,-110.787299,987.0,1480.541138029484,6.983684613346623,2.163817539261595,10.833023943582091,22.80808962264151,2.525,32.535,30.746698113207543,9.11,40.87,14.869481132075471,-4.06,25.07,34.774811320754715,8.17,77.91,25.81811320754717,10.48,32.48,2.4580660377358488,0.78,5.72,159.79999999999998,0.7537735849056603,0.0,9.62,127.84,0.6030188679245283,0.0,7.696,15.442943344933965,7.920399749875114,19.56755923497311,0.10793350883359086,47,6,59,19,1244.261284750341,5.869157003539344,0.9737178926677177,9.749721549223883,114.11853918486884,0.5382949961550417,0.0,6.376,1130.142745565472,5.330862007384302,0.0,9.749721549223883,1141.1853918486884,11301.42745565472,12442.61284750341,1116.421284750341,0.09171589647890277,0.9082841035210971,7.22,1.8,1.8,13.0,12300.0,159900.0,158.0589185385995,1565.2946614480222,1723.3535799866218
Sonora,Imuris,35,Magdalena,140,Ciruela,2015,2016,30.838011,-110.787299,987.0,1270.9209986781011,5.994910371123119,1.4797278464736996,10.51523754080412,21.543915094339624,7.414999999999999,31.435000000000002,28.45292452830189,12.37,40.49,14.634905660377358,0.2,23.56,47.63268867924528,15.47,89.84,24.371320754716983,6.35,33.09,2.306603773584906,0.82,5.23,372.01000000000005,1.7547641509433964,0.0,54.96,223.206,1.0528584905660376,0.0,32.976,15.121316496350573,5.181371439141497,19.989841774107187,0.2927089885106405,69,24,19,7,1073.3665222298164,5.063049633159511,0.6658775309131648,9.463713786723709,152.58519088151908,0.7197414664222598,0.0,5.230608866265185,920.7813313482973,4.343308166737251,0.0,9.463713786723709,1525.8519088151909,9207.813313482973,10733.665222298165,850.1605222298164,0.14215572008388888,0.8578442799161111,5.0,6.0,6.0,30.0,7500.0,225000.0,305.17038176303816,1841.5626626965945,2146.7330444596328
Sonora,Imuris,35,Magdalena,140,Ciruela,2016,2017,30.838011,-110.787299,987.0,1386.606721717099,6.54059774394858,1.9790931968785157,11.202116861072428,21.893301886792454,5.9750000000000005,32.435,29.431556603773583,9.21,42.66,14.355047169811321,1.37,23.13,40.14339622641509,9.5,88.29,25.65754716981132,7.23,33.04,2.3399056603773585,0.79,5.74,303.9300000000001,1.4336320754716987,0.0,46.56,182.35799999999998,0.8601792452830187,0.0,27.936,15.494863871156833,5.896046313753478,19.34542153839416,0.2191897639322198,46,19,28,15,1160.1514316816356,5.472412413592621,0.9014888597775433,10.081905174965184,107.38165911113725,0.5065172599581946,0.0,5.164567465979242,1052.7697725704984,4.965895153634427,0.0,10.081905174965184,1073.8165911113724,10527.697725704984,11601.514316816356,977.7934316816356,0.09255831280187958,0.9074416871981205,12.5,6.0,6.0,75.0,8900.0,667500.0,85.90532728890979,842.2158180563987,928.1211453453085
Sonora,Imuris,35,Magdalena,140,Ciruela,2017,2018,30.838011,-110.787299,987.0,1421.4531790742426,6.704967825821899,3.038042399230432,10.702392681477171,22.473750000000003,10.505,33.955,30.110566037735847,15.8,43.11,14.83693396226415,0.92,25.59,39.40995283018868,5.45,85.48,25.76009433962264,10.51,33.34,2.3388207547169815,0.77,5.63,297.62,1.403867924528302,0.0,20.82,178.572,0.8423207547169811,0.0,12.491999999999999,15.43265418948818,7.005755544258633,19.18405006244678,0.20937727980166929,45,23,34,9,1185.189966064505,5.590518707851438,1.6244482891058665,9.632153413329455,123.94143045102308,0.5846293889199202,0.0,5.209903249405337,1061.2485356134816,5.0058893189315175,0.0,9.632153413329455,1239.4143045102307,10612.485356134817,11851.899660645047,1006.6179660645049,0.10457516010077111,0.8954248398992287,12.6,6.0,6.0,75.6,9780.0,739368.0,98.36621464366911,842.2607425503824,940.6269571940514
Sonora,Imuris,35,Magdalena,140,Ciruela,2018,2019,30.838011,-110.787299,987.0,1408.4302183112225,6.643538765618974,2.0163957871388885,10.869476521800454,22.66757075471698,8.64,32.45,30.03957547169811,16.72,40.48,15.295566037735846,-2.98,24.42,40.09094339622642,7.56,89.5,25.27004716981132,7.32,32.98,2.2791981132075474,0.96,5.3,321.34999999999997,1.5158018867924528,0.0,52.4,192.80999999999997,0.9094811320754715,0.0,31.439999999999998,15.250879946059742,6.291228350006676,19.73014723598979,0.22816181861343085,53,17,32,20,1185.0793717717006,5.589997036658965,1.3106572616402776,9.782528869620409,123.8622786453855,0.584256031346158,0.0,5.61030191498718,1061.2170931263154,5.005741005312808,0.0,9.473566025388516,1238.622786453855,10612.170931263154,11850.79371771701,992.2693717717007,0.1045181289926688,0.8954818710073315,12.8,6.0,6.0,76.8,9680.0,743424.0,96.76740519170743,829.0758540049338,925.8432591966413
Sonora,Imuris,35,Magdalena,140,Ciruela,2019,2020,30.838011,-110.787299,987.0,1339.170563342302,6.31684227991652,1.5339442905350555,11.359862251227245,21.662311320754718,7.1450000000000005,31.75,28.94896226415094,10.64,39.73,14.375660377358493,-0.83,24.9,43.44448113207547,13.58,83.0,24.90731132075472,4.78,32.89,2.3878301886792452,0.92,5.14,331.46,1.5634905660377358,0.0,45.65,198.876,0.9380943396226415,0.0,27.389999999999997,15.266400854269756,4.439767882461996,19.624151826363832,0.24751141420906242,51,14,27,12,1133.167476869589,5.34512960787542,0.6902749307407751,10.22387602610452,114.3969430647991,0.5396082220037693,0.0,5.963819531869275,1018.7705338047901,4.805521385871652,0.0,10.22387602610452,1143.969430647991,10187.705338047901,11331.674768695892,934.2914768695891,0.10095325307149149,0.8990467469285086,12.5,6.0,6.0,75.0,9900.0,742500.0,91.51755445183927,815.0164270438321,906.5339814956714
Sonora,Imuris,35,Magdalena,140,Ciruela,2022,2023,30.838011,-110.787299,987.0,1377.2319465866258,6.496377106540687,2.1987503088809395,10.85230799958589,22.198419811320758,7.104999999999999,30.76,29.706226415094335,14.92,39.67,14.69061320754717,-2.37,23.45,41.12943396226415,3.84,87.23,25.054386792452835,8.33,32.92,2.302735849056604,0.77,5.01,405.62999999999994,1.9133490566037732,0.0,24.87,243.37800000000001,1.1480094339622642,0.0,14.922,15.095601641510227,6.657917431048887,19.223568720415418,0.2945255525079315,74,27,29,20,1155.1179909825303,5.44866976878552,1.637255954857912,9.7670771996273,192.91010152767666,0.9099533090928145,0.0,6.597052225186883,962.2078894548538,4.538716459692706,0.0,9.7670771996273,1929.1010152767667,9622.078894548538,11551.179909825305,911.7399909825302,0.16700467227905394,0.8329953277209462,13.18,6.0,6.0,79.08,12500.0,988500.0,146.36578264618868,730.0515094498132,876.4172920960019
Sonora,Imuris,35,Magdalena,140,Ciruela,2023,2024,30.838011,-110.787299,987.0,1480.541138029484,6.983684613346623,2.163817539261595,10.833023943582091,22.80808962264151,2.525,32.535,30.746698113207543,9.11,40.87,14.869481132075471,-4.06,25.07,34.774811320754715,8.17,77.91,25.81811320754717,10.48,32.48,2.4580660377358488,0.78,5.72,159.79999999999998,0.7537735849056603,0.0,9.62,127.84,0.6030188679245283,0.0,7.696,15.442943344933965,7.920399749875114,19.56755923497311,0.10793350883359086,47,6,59,19,1244.261284750341,5.869157003539344,0.9737178926677177,9.749721549223883,114.11853918486884,0.5382949961550417,0.0,6.376,1130.142745565472,5.330862007384302,0.0,9.749721549223883,1141.1853918486884,11301.42745565472,12442.61284750341,1116.421284750341,0.09171589647890277,0.9082841035210971,12.16,3.7,3.7,44.99,12450.0,560125.5,93.84748288229345,929.3937052347632,1023.2411881170566
Sonora,Imuris,35,Magdalena,140,Granada,2016,2017,30.838011,-110.787299,987.0,1736.852011872215,5.675986966902663,1.0853464960970796,11.202116861072428,20.12718954248366,4.614999999999999,32.435,27.491013071895424,8.62,42.66,12.763366013071895,-2.04,23.13,42.203071895424834,9.5,89.34,22.567124183006534,3.82,33.04,2.3423856209150324,0.79,5.75,348.85,1.1400326797385623,0.0,46.56,209.31,0.6840196078431373,0.0,27.936,13.172853099611753,3.5421690014399845,19.34542153839416,0.20085188468300308,52,22,28,39,1390.012923214531,4.542525892857944,0.7054752224631018,10.081905174965184,118.43087660528599,0.3870290085140065,0.0,5.164567465979242,1271.582046609245,4.155496884343938,0.0,10.081905174965184,1184.30876605286,12715.82046609245,13900.12923214531,1180.702923214531,0.08520127736035997,0.9147987226396401,18.5,3.0,3.0,55.5,12800.0,710400.0,64.01669005691134,687.3416468158081,751.3583368727194
Sonora,Imuris,35,Magdalena,140,Granada,2017,2018,30.838011,-110.787299,987.0,1810.8891549759526,5.917938414954094,0.9128160580031739,10.702392681477171,21.005816993464055,3.75,33.955,28.535555555555558,9.07,43.11,13.47607843137255,-4.92,25.59,38.86986928104575,5.45,89.82,22.712320261437906,5.27,33.34,2.2800980392156864,0.77,5.63,321.62,1.0510457516339868,0.0,20.82,192.97199999999998,0.6306274509803921,0.0,12.491999999999999,13.097325165371567,3.9292834099461804,19.18405006244678,0.1776033608220879,50,24,34,20,1441.8685970852023,4.711988879363406,0.5933304377020631,9.632153413329455,130.41262800700466,0.42618505884642044,0.0,5.209903249405337,1311.4559690781978,4.285803820516986,0.0,9.632153413329455,1304.1262800700465,13114.559690781978,14418.685970852024,1248.8965970852023,0.09044695769825298,0.9095530423017472,18.7,3.0,3.0,56.1,14908.47,836365.17,69.73937326577789,701.3133524482341,771.052725714012
Sonora,Imuris,35,Magdalena,140,Granada,2018,2019,30.838011,-110.787299,987.0,1693.1917038064198,5.533306221589608,1.192707029447325,10.869476521800454,19.809264705882352,-0.1349999999999998,32.45,26.941503267973857,4.2,40.48,12.67702614379085,-4.47,24.42,45.01274509803921,7.56,89.5,22.110261437908495,3.65,32.98,2.2735294117647062,0.96,7.6,430.84,1.4079738562091502,0.0,52.4,258.50399999999996,0.8447843137254901,0.0,31.439999999999998,12.984385283396776,3.4833532072823097,19.73014723598979,0.25445435329705424,72,23,32,56,1373.8929694197013,4.489846305293142,0.7752595691407612,9.782528869620409,149.25834947993087,0.4877723839213427,0.0,5.61030191498718,1224.6346199397706,4.0020739213717995,0.0,9.473566025388516,1492.5834947993087,12246.346199397705,13738.929694197013,1115.3889694197014,0.10863899357675143,0.8913610064232487,19.0,3.0,3.0,57.0,13629.97,776908.29,78.55702604206888,644.5445368104056,723.1015628524744
Sonora,Imuris,35,Magdalena,140,Granada,2019,2020,30.838011,-110.787299,987.0,1639.375399234127,5.3574359452095655,0.7181161583892988,11.359862251227245,19.386503267973854,1.0299999999999998,31.75,26.504379084967322,6.1,39.73,12.268627450980391,-4.26,24.9,47.23598039215686,13.58,92.95,21.818300653594772,2.38,32.89,2.3796732026143794,0.57,6.81,515.89,1.6859150326797385,0.0,47.7,309.534,1.0115490196078432,0.0,28.62,12.994119085524988,2.943767823395902,19.624151826363832,0.31468692298360107,63,24,27,42,1329.9240537258406,4.346157038319741,0.4667755029530442,10.22387602610452,127.02907536048731,0.4151276972564945,0.0,5.963819531869275,1202.8949783653534,3.931029341063246,0.0,10.22387602610452,1270.290753604873,12028.949783653534,13299.240537258407,1020.3900537258406,0.09551603717867181,0.9044839628213283,19.2,3.0,3.0,57.6,13475.17,776169.79,66.16097675025381,626.5078012319549,692.6687779822087
Sonora,Imuris,35,Magdalena,140,Granada,2020,2021,30.838011,-110.787299,987.0,1830.6909140959312,5.982650046065134,1.2100577731303734,10.84978487028401,20.6409477124183,3.9400000000000004,32.22,28.414281045751636,9.29,40.81,12.867614379084968,-3.46,23.89,37.4825816993464,10.62,85.18,22.714836601307187,4.01,33.85,2.4014052287581698,0.72,7.28,254.66,0.8322222222222222,0.0,17.64,152.796,0.4993333333333333,0.0,10.584,13.076055192839137,4.1324752431736504,19.419159094799298,0.13910595067642062,48,18,69,59,1475.9038511819035,4.8232151999408615,0.5445259979086681,9.764806383255609,107.17918444528429,0.3502587726970075,0.0,6.048,1368.7246667366194,4.4729564272438544,0.0,9.764806383255609,1071.791844452843,13687.246667366195,14759.038511819037,1323.1078511819035,0.07261935413980743,0.9273806458601926,18.33,3.0,3.0,55.0,13934.09,766374.95,58.47200460735641,746.7128569212327,805.1848615285892
Sonora,Imuris,35,Magdalena,140,Granada,2021,2022,30.838011,-110.787299,987.0,1729.8305503083918,5.653041014079712,0.8903941773821963,11.09014299682453,20.113218954248367,4.925,32.215,27.479575163398692,9.3,41.51,12.746862745098039,-4.35,23.24,42.43434640522876,6.82,90.16,22.17800653594771,4.6,32.88,2.337647058823529,0.92,5.32,397.6,1.2993464052287582,0.0,27.87,238.55999999999997,0.7796078431372548,0.0,16.722,12.929905104689247,3.725158151670839,19.042894986830017,0.22984910280901008,67,24,30,40,1389.6571123580356,4.541363112281163,0.5787562152984276,9.981128697142077,159.04053890085743,0.5197403232054164,0.0,5.493943180151899,1230.6165734571784,4.021622789075747,0.0,9.981128697142077,1590.4053890085743,12306.165734571785,13896.57112358036,1151.0971123580357,0.11444588559762771,0.8855541144023724,18.67,3.0,3.0,56.01,13967.14,782299.51,85.18507707598147,659.1411748565497,744.3262519325311
Sonora,Imuris,35,Magdalena,140,Granada,2022,2023,30.838011,-110.787299,987.0,1659.516388725208,5.423256172304601,0.9791758414114304,10.85230799958589,19.379640522875818,3.09,30.76,26.65686274509804,7.79,39.67,12.102418300653595,-4.51,23.45,45.40738562091503,3.84,87.23,22.05104575163399,3.1,32.92,2.248692810457516,0.77,5.01,470.78999999999996,1.5385294117647057,0.0,24.87,282.474,0.9231176470588235,0.0,14.922,12.893213889336558,3.320226002268896,19.223568720415418,0.28369108205170973,91,31,29,67,1338.8039482255322,4.375176301390628,0.6364642969174298,9.7670771996273,213.2205181119345,0.6967990787971715,0.0,6.597052225186883,1125.5834301135976,3.6783772225934563,0.0,9.7670771996273,2132.205181119345,11255.834301135976,13388.03948225532,1056.3299482255322,0.15926194301603286,0.8407380569839671,18.33,3.0,3.0,55.0,15450.0,849750.0,116.3232504702316,614.0662466522627,730.3894971224944
Sonora,Imuris,35,Magdalena,140,Granada,2023,2024,30.838011,-110.787299,987.0,1858.7400731291793,6.074313964474443,1.4534689413203021,10.833023943582091,20.833627450980394,2.525,32.535,28.620620915032678,9.11,40.87,13.046633986928105,-4.06,25.07,36.40673202614379,8.17,80.29,22.808529411764702,7.64,32.48,2.3994117647058824,0.78,5.72,201.37,0.6580718954248366,0.0,22.92,161.09600000000003,0.5264575163398694,0.0,18.336000000000002,13.119885931940777,4.617390894098845,19.56755923497311,0.108336826063579,54,8,60,46,1501.6433004816097,4.907331047325522,0.9447548118581964,9.749721549223883,125.09955489592916,0.4088220748232979,0.0,6.376,1376.5437455856804,4.498508972502224,0.0,9.749721549223883,1250.9955489592917,13765.437455856805,15016.433004816097,1340.5473004816097,0.08330843606854371,0.9166915639314562,18.33,3.0,3.0,54.99,15800.0,868842.0,68.24852967590245,750.9785846075727,819.2271142834751
Sonora,Imuris,35,Magdalena,140,Membrillo,2010,2011,30.838011,-110.787299,987.0,1373.818578006039,6.4802763113492405,1.872196941449331,10.592265879647504,21.107193396226414,4.73,30.27,28.807641509433964,11.67,38.59,13.406745283018866,-2.83,23.69,41.8716037735849,10.53,89.98,25.843726415094345,8.01,33.19,2.4945754716981132,0.78,6.24,312.44999999999993,1.4738207547169808,0.0,24.02,187.47,0.8842924528301886,0.0,14.411999999999999,15.647940525235805,6.213235107295462,19.30283267378296,0.22743177665677664,44,24,40,40,1144.139701173342,5.396885382893123,0.8685821023903498,9.533039291682755,124.06786137727968,0.5852257612135834,0.0,5.76,1020.0718397960622,4.811659621679539,0.0,9.533039291682755,1240.6786137727968,10200.718397960623,11441.397011733421,956.669701173342,0.10843768575642047,0.8915623142435795,18.5,17.0,17.0,314.5,11000.0,3459500.0,67.06370885258362,551.3901836735472,618.4538925261309
Sonora,Imuris,35,Magdalena,140,Membrillo,2011,2012,30.838011,-110.787299,987.0,1497.1429864186491,7.061995218955892,3.028882080728517,11.941880128774988,22.619693396226417,7.4399999999999995,32.239999999999995,30.63127358490566,14.12,42.05,14.60811320754717,-1.12,23.72,33.719669811320756,8.05,73.26,26.12891509433962,13.27,33.27,2.469622641509434,1.0,6.1,202.40999999999997,0.9547641509433961,0.0,14.1,161.92799999999997,0.7638113207547168,0.0,11.280000000000001,15.456958484116873,9.537827328756446,19.062228021632848,0.13519750740988987,53,11,41,16,1233.043685012763,5.8162437972300145,1.9355360062203746,10.74769211589749,136.66039902803254,0.6446245237171346,0.0,5.32,1096.3832859847305,5.17161927351288,0.0,10.74769211589749,1366.6039902803254,10963.832859847305,12330.436850127631,1071.1156850127632,0.11083175777881543,0.8891682422211846,18.0,17.0,17.0,306.0,13000.0,3978000.0,75.92244390446253,609.1018255470725,685.024269451535
Sonora,Imuris,35,Magdalena,140,Membrillo,2012,2013,30.838011,-110.787299,987.0,1419.8607233531334,6.697456242231762,1.604942631479033,11.475473249304375,21.963278301886792,2.9699999999999998,30.22,29.622783018867924,6.05,39.38,14.303773584905661,-4.48,23.56,38.123867924528305,6.34,84.01,25.6513679245283,6.84,33.15,2.4045754716981134,0.89,6.35,318.02,1.5000943396226414,0.0,15.91,190.81199999999998,0.9000566037735849,0.0,9.546,15.320690299410161,5.672857664682033,19.029577321432022,0.2239797148898986,57,24,36,19,1181.6236853766727,5.573696629135249,0.7222241841655649,10.327925924373938,140.2116440218894,0.6613756793485349,0.0,6.228000000000001,1041.4120413547832,4.9123209497867135,0.0,10.327925924373938,1402.1164402188942,10414.120413547833,11816.236853766728,990.8116853766727,0.11866015022980296,0.881339849770197,17.5,17.0,17.0,297.5,13450.0,4001375.0,80.12093944107967,595.0925950598762,675.2135345009559
Sonora,Imuris,35,Magdalena,140,Membrillo,2013,2014,30.838011,-110.787299,987.0,1440.9711828771813,6.797033881496138,2.5846278658383266,10.94813384330924,22.293490566037732,5.925,31.419999999999998,30.008301886792452,10.91,42.19,14.57867924528302,-1.06,22.93,37.619056603773586,9.36,80.43,25.675518867924534,10.5,32.78,2.4329245283018865,0.86,6.59,243.61,1.1491037735849057,0.0,24.44,194.88799999999998,0.9192830188679244,0.0,19.552000000000003,15.352349673714853,7.223748537275327,19.183384817664514,0.16905959181889046,44,15,35,15,1194.479855233679,5.634338939781505,1.163082539627247,9.853320458978317,128.71030066716844,0.6071240597507945,0.0,6.069709180362762,1065.7695545665106,5.02721488003071,0.0,9.853320458978317,1287.1030066716844,10657.695545665105,11944.79855233679,999.5918552336791,0.10775426651459813,0.8922457334854019,16.25,17.0,17.0,276.25,10500.0,2900625.0,79.20633887210366,655.8581874255449,735.0645262976485
Sonora,Imuris,35,Magdalena,140,Membrillo,2014,2015,30.838011,-110.787299,987.0,1389.446551447079,6.553993167203203,1.1420278944194666,10.93223070984785,21.98858490566038,10.125,31.034999999999997,29.20391509433962,14.58,39.83,14.773254716981134,1.08,22.24,40.61325471698113,7.51,91.11,25.119339622641515,2.56,32.5,2.378254716981132,0.7,6.42,465.84999999999997,2.1974056603773584,0.0,90.84,279.51,1.318443396226415,0.0,54.504,15.122160735032079,3.1987148701481782,18.940053760059392,0.3352773804179996,55,27,26,8,1157.3241343675577,5.459076105507347,0.6942156664374937,9.839007638863066,137.07676865167215,0.6465885313758121,0.0,5.7,1020.2473657158857,4.812487574131536,0.0,9.839007638863066,1370.7676865167216,10202.473657158858,11573.24134367558,877.8141343675577,0.11844284983012164,0.8815571501698786,18.0,8.0,8.0,144.0,10800.0,1555200.0,76.15376036204009,566.804092064381,642.9578524264211
Sonora,Imuris,35,Magdalena,140,Membrillo,2015,2016,30.838011,-110.787299,987.0,1270.9209986781011,5.994910371123119,1.4797278464736996,10.51523754080412,21.543915094339624,7.414999999999999,31.435000000000002,28.45292452830189,12.37,40.49,14.634905660377358,0.2,23.56,47.63268867924528,15.47,89.84,24.371320754716983,6.35,33.09,2.306603773584906,0.82,5.23,372.01000000000005,1.7547641509433964,0.0,54.96,223.206,1.0528584905660376,0.0,32.976,15.121316496350573,5.181371439141497,19.989841774107187,0.2927089885106405,69,24,19,7,1060.0274129859154,5.000129306537336,0.6658775309131648,9.463713786723709,151.23058695311988,0.7133518252505655,0.0,5.230608866265185,908.7968260327956,4.286777481286772,0.0,9.463713786723709,1512.3058695311988,9087.968260327956,10600.274129859155,836.8214129859153,0.14266667550335257,0.8573333244966476,14.35,8.0,8.0,114.8,12300.0,1412040.0,105.38716860844592,633.3078927057809,738.6950613142268
Sonora,Imuris,35,Magdalena,140,Membrillo,2016,2017,30.838011,-110.787299,987.0,1386.606721717099,6.54059774394858,1.9790931968785157,11.202116861072428,21.893301886792454,5.9750000000000005,32.435,29.431556603773583,9.21,42.66,14.355047169811321,1.37,23.13,40.14339622641509,9.5,88.29,25.65754716981132,7.23,33.04,2.3399056603773585,0.79,5.74,303.9300000000001,1.4336320754716987,0.0,46.56,182.35799999999998,0.8601792452830187,0.0,27.936,15.494863871156833,5.896046313753478,19.34542153839416,0.2191897639322198,46,19,28,15,1145.5008677206526,5.403305979814399,0.9014888597775433,10.081905174965184,106.59310835200074,0.5027976809056639,0.0,5.164567465979242,1038.907759368652,4.900508298908736,0.0,10.081905174965184,1065.9310835200074,10389.077593686521,11455.008677206528,963.1428677206527,0.09305371244641872,0.9069462875535814,17.5,8.0,8.0,140.0,11650.0,1631000.0,60.91034762971471,593.661576782087,654.5719244118017
Sonora,Imuris,35,Magdalena,140,Membrillo,2017,2018,30.838011,-110.787299,987.0,1421.4531790742426,6.704967825821899,3.038042399230432,10.702392681477171,22.473750000000003,10.505,33.955,30.110566037735847,15.8,43.11,14.83693396226415,0.92,25.59,39.40995283018868,5.45,85.48,25.76009433962264,10.51,33.34,2.3388207547169815,0.77,5.63,297.62,1.403867924528302,0.0,20.82,178.572,0.8423207547169811,0.0,12.491999999999999,15.43265418948818,7.005755544258633,19.18405006244678,0.20937727980166929,45,23,34,9,1171.7921964243847,5.5273216812470976,1.6244482891058665,9.632153413329455,123.07134221895464,0.5805251991460124,0.0,5.209903249405337,1048.72085420543,4.946796482101085,0.0,9.632153413329455,1230.7134221895465,10487.2085420543,11717.921964243847,993.2201964243847,0.10502829989352672,0.8949717001064732,17.65,8.0,8.0,141.2,14210.66,2006545.19,69.728805789776,594.1761213628499,663.904927152626
Sonora,Imuris,35,Magdalena,140,Membrillo,2018,2019,30.838011,-110.787299,987.0,1408.4302183112225,6.643538765618974,2.0163957871388885,10.869476521800454,22.66757075471698,8.64,32.45,30.03957547169811,16.72,40.48,15.295566037735846,-2.98,24.42,40.09094339622642,7.56,89.5,25.27004716981132,7.32,32.98,2.2791981132075474,0.96,5.3,321.34999999999997,1.5158018867924528,0.0,52.4,192.80999999999997,0.9094811320754715,0.0,31.439999999999998,15.250879946059742,6.291228350006676,19.73014723598979,0.22816181861343085,53,17,32,20,1173.644223101472,5.536057656139019,1.3106572616402776,9.782528869620409,122.11071838042437,0.5759939546246433,0.0,5.61030191498718,1051.5335047210478,4.960063701514376,0.0,9.473566025388516,1221.1071838042437,10515.33504721048,11736.442231014724,980.8342231014722,0.10404406716861316,0.895955932831387,17.9,8.0,8.0,143.2,13940.67,1996303.94,68.2182784248181,587.4488853190212,655.6671637438393
Sonora,Imuris,35,Magdalena,140,Membrillo,2019,2020,30.838011,-110.787299,987.0,1339.170563342302,6.31684227991652,1.5339442905350555,11.359862251227245,21.662311320754718,7.1450000000000005,31.75,28.94896226415094,10.64,39.73,14.375660377358493,-0.83,24.9,43.44448113207547,13.58,83.0,24.90731132075472,4.78,32.89,2.3878301886792452,0.92,5.14,331.46,1.5634905660377358,0.0,45.65,198.876,0.9380943396226415,0.0,27.389999999999997,15.266400854269756,4.439767882461996,19.624151826363832,0.24751141420906242,51,14,27,12,1118.6634215866022,5.2767142527669915,0.6902749307407751,10.22387602610452,113.22691775728218,0.5340892347041613,0.0,5.963819531869275,1005.4365038293201,4.742625018062831,0.0,10.22387602610452,1132.2691775728217,10054.365038293201,11186.634215866023,919.7874215866022,0.10121625108354061,0.8987837489164595,17.5,8.0,8.0,140.0,13471.18,1885965.2,64.7010958613041,574.5351450453257,639.2362409066299
Sonora,Imuris,35,Magdalena,140,Membrillo,2022,2023,30.838011,-110.787299,987.0,1377.2319465866258,6.496377106540687,2.1987503088809395,10.85230799958589,22.198419811320758,7.104999999999999,30.76,29.706226415094335,14.92,39.67,14.69061320754717,-2.37,23.45,41.12943396226415,3.84,87.23,25.054386792452835,8.33,32.92,2.302735849056604,0.77,5.01,405.62999999999994,1.9133490566037732,0.0,24.87,243.37800000000001,1.1480094339622642,0.0,14.922,15.095601641510227,6.657917431048887,19.223568720415418,0.2945255525079315,74,27,29,20,1145.5413688437598,5.403497022847923,1.4291877007726108,9.7670771996273,189.36782770088558,0.8932444702871961,0.0,6.597052225186883,956.1735411428742,4.510252552560727,0.0,9.7670771996273,1893.6782770088557,9561.735411428743,11455.413688437598,902.1633688437597,0.1653085893283994,0.8346914106716007,18.44,8.0,8.0,147.52,14800.0,2183296.0,102.69404972933056,518.5322891230337,621.2263388523643
Sonora,Imuris,35,Magdalena,140,Membrillo,2023,2024,30.838011,-110.787299,987.0,1480.541138029484,6.983684613346623,2.163817539261595,10.833023943582091,22.80808962264151,2.525,32.535,30.746698113207543,9.11,40.87,14.869481132075471,-4.06,25.07,34.774811320754715,8.17,77.91,25.81811320754717,10.48,32.48,2.4580660377358488,0.78,5.72,159.79999999999998,0.7537735849056603,0.0,9.62,127.84,0.6030188679245283,0.0,7.696,15.442943344933965,7.920399749875114,19.56755923497311,0.10793350883359086,47,6,59,19,1230.8096401285438,5.805705849662942,0.9737178926677177,9.749721549223883,113.16842832595705,0.5338133411601748,0.0,6.376,1117.6412118025864,5.271892508502766,0.0,9.749721549223883,1131.6842832595705,11176.412118025864,12308.096401285435,1102.969640128544,0.09194632917738434,0.9080536708226153,14.5,8.0,8.0,116.0,14500.0,1682000.0,78.0471919489359,770.7870426224735,848.8342345714093
Sonora,Imuris,35,Magdalena,140,Pera,2015,2016,30.838011,-110.787299,987.0,1270.9209986781011,5.994910371123119,1.4797278464736996,10.51523754080412,21.543915094339624,7.414999999999999,31.435000000000002,28.45292452830189,12.37,40.49,14.634905660377358,0.2,23.56,47.63268867924528,15.47,89.84,24.371320754716983,6.35,33.09,2.306603773584906,0.82,5.23,372.01000000000005,1.7547641509433964,0.0,54.96,223.206,1.0528584905660376,0.0,32.976,15.121316496350573,5.181371439141497,19.989841774107187,0.2927089885106405,69,24,19,7,1133.1132017473305,5.344873593147786,0.6658775309131648,9.989475663763914,155.40925377585285,0.7330625178106266,0.0,5.328,977.7039479714779,4.61181107533716,0.0,9.989475663763914,1554.0925377585286,9777.039479714778,11331.132017473306,909.9072017473305,0.1371524517905203,0.8628475482094798,4.3,2.0,2.0,8.6,5500.0,47300.0,361.4168692461694,2273.7301115615765,2635.146980807746
Sonora,Imuris,35,Magdalena,140,Pera,2016,2017,30.838011,-110.787299,987.0,1386.606721717099,6.54059774394858,1.9790931968785157,11.202116861072428,21.893301886792454,5.9750000000000005,32.435,29.431556603773583,9.21,42.66,14.355047169811321,1.37,23.13,40.14339622641509,9.5,88.29,25.65754716981132,7.23,33.04,2.3399056603773585,0.79,5.74,303.9300000000001,1.4336320754716987,0.0,46.56,182.35799999999998,0.8601792452830187,0.0,27.936,15.494863871156833,5.896046313753478,19.34542153839416,0.2191897639322198,46,19,28,15,1224.406771306705,5.775503638239174,0.9014888597775433,10.642011018018806,109.73460938427024,0.5176160820012747,0.0,5.451487880755866,1114.6721619224347,5.2578875562378995,0.0,10.642011018018806,1097.3460938427024,11146.721619224347,12244.067713067048,1042.048771306705,0.08962267438880614,0.9103773256111939,10.65,2.0,2.0,21.3,9800.0,208740.0,103.0371919101129,1046.6405276266992,1149.677719536812
Sonora,Imuris,35,Magdalena,140,Pera,2017,2018,30.838011,-110.787299,987.0,1421.4531790742426,6.704967825821899,3.038042399230432,10.702392681477171,22.473750000000003,10.505,33.955,30.110566037735847,15.8,43.11,14.83693396226415,0.92,25.59,39.40995283018868,5.45,85.48,25.76009433962264,10.51,33.34,2.3388207547169815,0.77,5.63,297.62,1.403867924528302,0.0,20.82,178.572,0.8423207547169811,0.0,12.491999999999999,15.43265418948818,7.005755544258633,19.18405006244678,0.20937727980166929,45,23,34,9,1251.0040547348403,5.900962522334153,1.6244482891058665,10.167273047403313,127.40888281787967,0.6009852963107531,0.0,5.406,1123.595171916961,5.2999772260234,0.0,10.167273047403313,1274.0888281787968,11235.951719169609,12510.040547348406,1072.4320547348402,0.10184529965003586,0.8981547003499644,15.6,2.0,2.0,31.2,9889.82,308562.38,81.6723607806921,720.2533153313852,801.9256761120773
Sonora,Imuris,35,Magdalena,140,Pera,2018,2019,30.838011,-110.787299,987.0,1408.4302183112225,6.643538765618974,2.0163957871388885,10.869476521800454,22.66757075471698,8.64,32.45,30.03957547169811,16.72,40.48,15.295566037735846,-2.98,24.42,40.09094339622642,7.56,89.5,25.27004716981132,7.32,32.98,2.2791981132075474,0.96,5.3,321.34999999999997,1.5158018867924528,0.0,52.4,192.80999999999997,0.9094811320754715,0.0,31.439999999999998,15.250879946059742,6.291228350006676,19.73014723598979,0.22816181861343085,53,17,32,20,1251.0390705967588,5.901127691494145,1.4114770509972219,10.32600269571043,126.78477611014542,0.5980413967459689,0.0,5.921985354708689,1124.2542944866136,5.303086294748177,0.0,9.99987524902121,1267.8477611014541,11242.542944866136,12510.390705967591,1058.229070596759,0.10134357838214257,0.8986564216178576,11.82,2.0,2.0,23.64,9982.02,235974.95,107.26292395105365,951.1457652171011,1058.4086891681548
Sonora,Imuris,35,Magdalena,140,Pera,2019,2020,30.838011,-110.787299,987.0,1339.170563342302,6.31684227991652,1.5339442905350555,11.359862251227245,21.662311320754718,7.1450000000000005,31.75,28.94896226415094,10.64,39.73,14.375660377358493,-0.83,24.9,43.44448113207547,13.58,83.0,24.90731132075472,4.78,32.89,2.3878301886792452,0.92,5.14,331.46,1.5634905660377358,0.0,45.65,198.876,0.9380943396226415,0.0,27.389999999999997,15.266400854269756,4.439767882461996,19.624151826363832,0.24751141420906242,51,14,27,12,1196.3070866704124,5.642957955992512,0.6902749307407751,10.791869138665882,116.60440110862585,0.5500207599463484,0.0,6.295142839195345,1079.7026855617864,5.0929371960461625,0.0,10.791869138665882,1166.0440110862585,10797.026855617863,11963.070866704122,997.4310866704125,0.09747029204111941,0.9025297079588804,15.3,2.0,2.0,30.6,9025.0,276165.0,76.2120268683829,705.6880297789453,781.9000566473283
Sonora,Imuris,35,Magdalena,140,Pera,2020,2021,30.838011,-110.787299,987.0,1417.3268452332482,6.685503986949284,1.2100577731303734,10.84978487028401,22.68533018867924,5.945,32.22,30.37259433962264,10.15,40.81,14.998066037735846,-1.94,23.89,40.54231132075471,10.62,85.18,25.35816037735849,4.01,33.85,2.3895754716981132,0.72,5.15,240.87,1.1361792452830188,0.0,17.64,192.69600000000003,0.9089433962264152,0.0,14.112000000000002,15.435423764571636,4.1324752431736504,19.419159094799298,0.1699466857698305,46,17,66,20,1265.3571533367804,5.968665817626323,0.5445259979086681,10.30729562676981,125.76546019914339,0.5932333028261481,0.0,6.722617783168152,1139.5916931376373,5.375432514800176,0.0,10.30729562676981,1257.654601991434,11395.916931376374,12653.571533367809,1072.6611533367804,0.0993912745247431,0.9006087254752572,14.5,2.0,2.0,29.0,9100.0,263900.0,86.73480013734027,785.9253056121637,872.6601057495039
Sonora,Imuris,35,Magdalena,140,Pera,2021,2022,30.838011,-110.787299,987.0,1388.2402643803416,6.548303133869536,2.345750413087883,11.09014299682453,22.117075471698115,4.925,32.215,29.6052358490566,9.49,41.51,14.628915094339625,-4.35,23.24,40.94740566037735,6.82,87.78,25.028301886792452,7.82,32.88,2.3901886792452833,0.92,5.26,352.02,1.6604716981132075,0.0,25.08,211.212,0.9962830188679245,0.0,15.047999999999998,15.114234355032892,6.11247901184454,19.042894986830017,0.25357282095338773,60,22,30,22,1230.6466788864705,5.804937164558823,1.2141552825235418,10.535635846983304,153.7397835879752,0.7251876584338454,0.0,5.799162245715894,1076.906895298495,5.079749506124977,0.0,10.535635846983304,1537.3978358797522,10769.068952984951,12306.466788864704,1019.4346788864705,0.12492601347373238,0.8750739865262676,16.0,2.0,2.0,32.0,9440.0,302080.0,96.08736474248451,673.0668095615595,769.154174304044
Sonora,Imuris,35,Magdalena,140,Pera,2022,2023,30.838011,-110.787299,987.0,1377.2319465866258,6.496377106540687,2.1987503088809395,10.85230799958589,22.198419811320758,7.104999999999999,30.76,29.706226415094335,14.92,39.67,14.69061320754717,-2.37,23.45,41.12943396226415,3.84,87.23,25.054386792452835,8.33,32.92,2.302735849056604,0.77,5.01,405.62999999999994,1.9133490566037732,0.0,24.87,243.37800000000001,1.1480094339622642,0.0,14.922,15.095601641510227,6.657917431048887,19.223568720415418,0.2945255525079315,74,27,29,20,1219.0061376963301,5.750028951397784,1.637255954857912,10.309692599606594,196.3688971382557,0.9262683827276212,0.0,6.963555126586154,1022.6372405580744,4.823760568670163,0.0,10.309692599606594,1963.6889713825572,10226.372405580743,12190.0613769633,975.6281376963301,0.1610893424288678,0.8389106575711321,16.0,2.0,2.0,32.0,9600.0,307200.0,122.73056071140982,639.1482753487965,761.8788360602063
Sonora,Imuris,35,Magdalena,140,Pera,2023,2024,30.838011,-110.787299,987.0,1480.541138029484,6.983684613346623,2.163817539261595,10.833023943582091,22.80808962264151,2.525,32.535,30.746698113207543,9.11,40.87,14.869481132075471,-4.06,25.07,34.774811320754715,8.17,77.91,25.81811320754717,10.48,32.48,2.4580660377358488,0.78,5.72,159.79999999999998,0.7537735849056603,0.0,9.62,127.84,0.6030188679245283,0.0,7.696,15.442943344933965,7.920399749875114,19.56755923497311,0.10793350883359086,47,6,59,19,1314.2703909189936,6.199388636410347,0.9737178926677177,10.291372746402986,115.38594579310188,0.5442733292127447,0.0,6.376,1198.8844451258917,5.655115307197603,0.0,10.291372746402986,1153.8594579310188,11988.844451258918,13142.703909189937,1186.4303909189937,0.0877946780132657,0.9122053219867343,15.75,2.0,2.0,31.5,9850.0,310275.0,73.2609179638742,761.1964730958043,834.4573910596786
Sonora,Imuris,35,Magdalena,140,Persimonio,2010,2011,30.838011,-110.787299,987.0,1504.257417236898,6.215939740648339,1.872196941449331,10.592265879647504,20.9028305785124,4.73,30.27,28.51595041322314,11.67,38.59,13.289710743801653,-2.83,23.69,43.06991735537189,10.53,89.98,25.011115702479337,8.01,33.19,2.432603305785124,0.78,6.24,327.19,1.3520247933884297,0.0,24.02,196.31399999999996,0.8112148760330578,0.0,14.411999999999999,15.042516167327129,6.213235107295462,19.30283267378296,0.21750931472952312,49,25,40,40,1225.015255552246,5.0620465105464705,0.7720729799025332,9.533039291682755,132.52860859912084,0.5476388785087638,0.0,5.76,1092.4866469531253,4.514407632037708,0.0,9.533039291682755,1325.2860859912084,10924.866469531253,12250.152555522462,1028.701255552246,0.1081852719780016,0.8918147280219986,10.0,1.0,1.0,10.0,12000.0,120000.0,132.52860859912084,1092.4866469531253,1225.0152555522461
Sonora,Imuris,35,Magdalena,140,Persimonio,2011,2012,30.838011,-110.787299,987.0,1646.5887613560344,6.804085790727415,3.028882080728517,11.941880128774988,22.318615702479338,7.4399999999999995,32.239999999999995,30.33710743801653,14.12,42.05,14.300123966942149,-1.12,23.72,34.24280991735537,8.05,73.26,25.350950413223142,13.27,33.27,2.420909090909091,1.0,6.1,207.35999999999999,0.8568595041322313,0.0,14.1,165.88799999999998,0.6854876033057851,0.0,11.280000000000001,14.857174099069042,8.974020837654287,19.062228021632848,0.1259330835157835,54,11,41,17,1324.4142618216192,5.47278620587446,1.7204764499736662,10.74769211589749,140.62039902803255,0.5810760290414568,0.0,5.32,1183.7938627935869,4.891710176833004,0.0,10.74769211589749,1406.2039902803256,11837.93862793587,13244.142618216196,1158.5262618216193,0.10617553969452212,0.893824460305478,25.0,1.0,1.0,25.0,12000.0,300000.0,56.248159611213026,473.5175451174348,529.7657047286478
Sonora,Imuris,35,Magdalena,140,Persimonio,2012,2013,30.838011,-110.787299,987.0,1562.5440817589156,6.45679372627651,1.604942631479033,11.475473249304375,21.731590909090908,2.9699999999999998,30.22,29.36962809917355,6.05,39.38,14.093553719008264,-4.48,23.56,38.7595867768595,6.34,84.01,24.937314049586778,6.84,33.15,2.349256198347107,0.89,6.35,318.84000000000003,1.317520661157025,0.0,15.91,191.304,0.7905123966942149,0.0,9.546,14.761001906620463,5.672857664682033,19.029577321432022,0.20405184322293812,57,24,36,19,1269.5661703909,5.246141199962397,0.6419770525916132,10.327925924373938,140.52672540589953,0.5806889479582625,0.0,6.228000000000001,1129.0394449850005,4.665452252004134,0.0,10.327925924373938,1405.2672540589951,11290.394449850006,12695.661703909002,1078.2621703908999,0.11068877596402185,0.8893112240359782,15.0,1.0,1.0,15.0,15000.0,225000.0,93.684483603933,752.6929633233337,846.3774469272668
Sonora,Imuris,35,Magdalena,140,Persimonio,2013,2014,30.838011,-110.787299,987.0,1590.4929138276643,6.572284767882911,2.5846278658383266,10.94813384330924,21.837933884297524,5.925,31.419999999999998,29.59181818181818,10.91,42.19,14.084049586776858,-1.06,22.93,37.54884297520661,9.36,80.43,25.064999999999998,10.5,32.78,2.3989669421487605,0.86,6.59,243.66,1.0068595041322315,0.0,24.44,194.928,0.8054876033057851,0.0,19.552000000000003,14.802514605245264,7.223748537275327,19.183384817664514,0.15319779037154607,44,15,35,15,1286.618728810196,5.316606317397504,1.0338511463353306,9.853320458978317,128.6210692738765,0.531492021792878,0.0,6.069709180362762,1157.9976595363196,4.785114295604626,0.0,9.853320458978317,1286.210692738765,11579.976595363196,12866.18728810196,1091.690728810196,0.09996828617038643,0.9000317138296137,9.5,1.0,1.0,9.5,16000.0,152000.0,135.39059923565947,1218.9449047750732,1354.3355040107326
Sonora,Imuris,35,Magdalena,140,Persimonio,2014,2015,30.838011,-110.787299,987.0,1510.95739652336,6.24362560546843,1.1420278944194666,10.93223070984785,21.672520661157026,10.125,31.034999999999997,28.83863636363636,14.58,39.83,14.506404958677686,1.08,22.24,43.12859504132232,7.51,91.11,24.456404958677687,2.56,32.5,2.2967355371900826,0.7,6.42,497.74,2.0567768595041325,0.0,90.84,298.644,1.2340661157024793,0.0,54.504,14.65797356511731,3.1987148701481782,18.940053760059392,0.3294202742878626,58,30,26,8,1231.499166136443,5.088839529489434,0.6170805923888834,9.839007638863066,143.37187917633756,0.5924457817204032,0.0,5.7,1088.1272869601055,4.496393747769031,0.0,9.839007638863066,1433.7187917633755,10881.272869601054,12314.991661364431,932.8551661364429,0.11642060597258479,0.8835793940274154,15.0,1.0,1.0,15.0,17000.0,255000.0,95.58125278422503,725.418191306737,820.999444090962
Sonora,Imuris,35,Magdalena,140,Persimonio,2015,2016,30.838011,-110.787299,987.0,1391.4872056648583,5.749947130846522,1.4797278464736996,10.51523754080412,21.356260330578507,7.414999999999999,31.435000000000002,28.196859504132227,12.37,40.49,14.515661157024791,0.2,23.56,49.06714876033058,15.47,89.84,23.542314049586775,6.35,33.09,2.28603305785124,0.82,5.23,393.06,1.624214876033058,0.0,54.96,235.83599999999998,0.9745289256198346,0.0,32.976,14.531626646231853,5.181371439141497,19.989841774107187,0.2824747496059041,75,26,19,7,1134.596077110917,4.6884135417806485,0.5918911385894798,9.463713786723709,160.1755478550737,0.6618824291531971,0.0,5.230608866265185,974.4205292558433,4.026531112627452,0.0,9.463713786723709,1601.7554785507368,9744.205292558434,11345.96077110917,898.7600771109169,0.14117407162462373,0.8588259283753764,12.25,1.0,1.0,12.25,17215.0,210883.75,130.7555492694479,795.4453300047701,926.200879274218
Sonora,Imuris,35,Magdalena,140,Persimonio,2016,2017,30.838011,-110.787299,987.0,1533.4385421840054,6.336522901586799,1.9790931968785157,11.202116861072428,21.931549586776857,5.9750000000000005,32.435,29.3950826446281,9.21,42.66,14.468016528925618,1.37,23.13,40.3655785123967,9.5,88.29,24.893181818181816,7.23,33.04,2.284132231404959,0.79,5.74,308.50000000000006,1.2747933884297522,0.0,46.56,185.10000000000002,0.7648760330578513,0.0,27.936,14.89160928201212,5.896046313753478,19.34542153839416,0.20118184818846266,48,19,28,15,1235.8665545633564,5.1068865891047786,0.8013234309133719,10.081905174965184,109.23494292313659,0.45138406166585365,0.0,5.164567465979242,1126.6316116402195,4.655502527438924,0.0,10.081905174965184,1092.3494292313658,11266.316116402195,12358.665545633561,1050.7665545633563,0.08838732832423833,0.9116126716757614,15.5,2.0,2.0,31.0,16500.0,511500.0,70.47415672460424,726.8591042840126,797.3332610086168
Sonora,Imuris,35,Magdalena,140,Persimonio,2017,2018,30.838011,-110.787299,987.0,1590.7291089675741,6.573260780857744,3.038042399230432,10.702392681477171,22.456280991735536,10.505,33.955,30.146280991735537,15.8,43.11,14.766280991735535,0.92,25.59,38.89194214876033,5.45,85.48,25.0749173553719,10.51,33.34,2.333884297520661,0.77,5.63,297.66999999999996,1.2300413223140494,0.0,20.82,178.602,0.7380247933884297,0.0,12.491999999999999,14.854203168630871,7.005755544258633,19.18405006244678,0.18712802721840915,45,23,34,9,1276.5629805716733,5.275053638725923,1.4439540347607702,9.632153413329455,123.10134221895464,0.5086832323097299,0.0,5.209903249405337,1153.4616383527186,4.7663704064161925,0.0,9.632153413329455,1231.0134221895464,11534.616383527187,12765.629805716733,1097.9609805716732,0.09643185968296458,0.9035681403170354,15.9,2.0,2.0,31.8,17563.67,558524.71,77.4222278106633,725.4475712910181,802.8697991016815
Sonora,Imuris,35,Magdalena,140,Persimonio,2018,2019,30.838011,-110.787299,987.0,1516.5053085481484,6.2665508617692085,1.349590455309512,10.869476521800454,22.079752066115702,8.64,32.45,29.31714876033058,16.72,40.48,14.842355371900828,-2.98,24.42,43.243884297520665,7.56,89.5,24.29888429752066,4.48,32.98,2.2699173553719008,0.96,5.3,401.06000000000006,1.6572727272727275,0.0,52.4,240.636,0.9943636363636363,0.0,31.439999999999998,14.631756659366504,4.20833933859213,19.73014723598979,0.2644633010773708,63,22,32,21,1239.4312196649712,5.121616610185831,0.8772337959511828,9.782528869620409,137.55286493037784,0.5684002683073465,0.0,5.61030191498718,1101.8783547345934,4.553216341878485,0.0,9.473566025388516,1375.5286493037784,11018.783547345934,12394.312196649713,998.7952196649712,0.11098063591423778,0.8890193640857622,16.0,2.0,2.0,32.0,17435.6,557939.2,85.97054058148615,688.6739717091209,774.644512290607
Sonora,Imuris,35,Magdalena,140,Persimonio,2019,2020,30.838011,-110.787299,987.0,1480.1655637988497,6.116386627267974,1.5339442905350555,11.359862251227245,21.40555785123967,7.1450000000000005,31.75,28.734669421487602,10.64,39.73,14.076446280991735,-0.83,24.9,43.76677685950413,13.58,83.0,24.29045454545454,4.78,32.89,2.3542561983471075,0.92,5.85,331.67,1.3705371900826446,0.0,45.65,199.00199999999998,0.8223223140495867,0.0,27.389999999999997,14.733929337044843,4.439767882461996,19.624151826363832,0.22407628451290806,51,14,27,12,1206.491253517066,4.985501047591182,0.6135777162140222,10.22387602610452,113.27622054275542,0.4680835559617993,0.0,5.963819531869275,1093.2150329743108,4.517417491629383,0.0,10.22387602610452,1132.7622054275544,10932.150329743108,12064.912535170663,1007.4892535170661,0.09388896953255295,0.9061110304674472,15.8,2.0,2.0,31.6,15600.0,492960.0,71.69381047009837,691.9082487179182,763.6020591880166
Sonora,Imuris,35,Magdalena,140,Persimonio,2022,2023,30.838011,-110.787299,987.0,1487.0431031488167,6.1448062113587465,2.1987503088809395,10.85230799958589,21.669462809917356,7.104999999999999,30.76,29.00318181818182,14.92,39.67,14.33574380165289,-2.37,23.45,43.744173553719016,3.84,87.23,24.12095041322314,8.33,32.92,2.278719008264463,0.77,5.01,441.51,1.8244214876033058,0.0,24.87,264.906,1.0946528925619834,0.0,14.922,14.48861732291923,6.162811464891874,19.223568720415418,0.29690464187964805,84,29,29,23,1211.9451699936524,5.008037892535754,1.4291877007726108,9.7670771996273,204.58844118092708,0.8454067817393681,0.0,6.597052225186883,1007.3567288127254,4.162631110796386,0.0,9.7670771996273,2045.8844118092707,10073.567288127253,12119.451699936524,947.0391699936524,0.16880998105054423,0.8311900189494558,16.48,2.0,2.0,32.96,18307.38,603411.24,124.14347159036836,611.2601509785954,735.4036225689638
Sonora,Imuris,35,Magdalena,140,Persimonio,2023,2024,30.838011,-110.787299,987.0,1640.0191168062681,6.7769384991994555,2.163817539261595,10.833023943582091,22.76555785123967,2.525,32.535,30.669586776859504,9.11,40.87,14.861528925619838,-4.06,25.07,34.957685950413214,8.17,77.91,25.017975206611567,10.48,32.48,2.4142561983471076,0.78,5.72,173.42000000000002,0.716611570247934,0.0,9.62,138.736,0.573289256198347,0.0,7.696,14.817798553584494,7.115356441484547,19.56755923497311,0.10574266984016244,50,7,60,19,1330.4523756006317,5.497737089258809,0.865527015704638,9.749721549223883,117.69288365339689,0.4863342299727144,0.0,6.376,1212.759491947235,5.011402859286094,0.0,9.749721549223883,1176.928836533969,12127.594919472349,13304.523756006318,1191.7163756006316,0.08846080161288337,0.9115391983871166,16.81,2.0,2.0,33.62,19222.75,646268.86,70.0136131192129,721.4512147217341,791.464827840947
