Estado,Municipio,IdMunicipio,DDR,IdDDR,Cultivo,Anio,AnioFin,Lat,Lon,Z_m,ET0_total_mm,ET0_mean_mm_d,ET0_min_mm_d,ET0_max_mm_d,Tmean_ciclo_mean_C,Tmean_ciclo_min_C,Tmean_ciclo_max_C,Tmax_ciclo_mean_C,Tmax_ciclo_min_C,Tmax_ciclo_max_C,Tmin_ciclo_mean_C,Tmin_ciclo_min_C,Tmin_ciclo_max_C,RH_mean_pct,RH_min_pct,RH_max_pct,Rs_mean_MJ_m2_d,Rs_min_MJ_m2_d,Rs_max_MJ_m2_d,Ws_mean_m_s,Ws_min_m_s,Ws_max_m_s,Ptot_total_mm,Ptot_mean_mm_d,Ptot_min_mm_d,Ptot_max_mm_d,Pef_total_mm,Pef_mean_mm_d,Pef_min_mm_d,Pef_max_mm_d,Rn_mean_MJ_m2_d,Rn_min_MJ_m2_d,Rn_max_MJ_m2_d,ratio_Ptot_ET0,dias_lluvia_ge_1mm,dias_lluvia_ge_5mm,dias_estres_calor,dias_riesgo_helada,ETc_total_mm,ETc_mean_mm_d,ETc_min_mm_d,ETc_max_mm_d,ETverde_total_mm,ETverde_mean_mm_d,ETverde_min_mm_d,ETverde_max_mm_d,ETazul_total_mm,ETazul_mean_mm_d,ETazul_min_mm_d,ETazul_max_mm_d,UACverde_m3_ha,UACazul_m3_ha,UACtotal_m3_ha,deficit_hidrico_mm,frac_verde,frac_azul,Rend_t_ha,SupSembradaTotal_ha,SupCosechadaTotal_ha,VolumenTotal_t,PMR,Valorproduccion,HHverde_m3_ton,HHazul_m3_ton,HHtotal_m3_ton
Sonora,Magdalena,36,Magdalena,140,Ajo,2010,2011,30.771988,-111.139421,770.0,525.9489742511443,4.382908118759535,0.9739834085605559,8.686421098773257,13.267083333333334,5.8100000000000005,22.645,20.674916666666665,10.64,31.03,5.859249999999999,-1.46,14.26,46.665749999999996,21.43,87.77,19.897166666666667,4.48,29.91,2.87925,1.33,9.42,177.2,1.4766666666666666,0.0,36.7,141.76,1.1813333333333333,0.0,29.360000000000003,11.041898802548948,3.945583694620265,18.11774572624532,0.3369148124155971,20,11,0,42,502.90123002183805,4.190843583515317,0.9739834085605559,8.686421098773257,41.53557378381306,0.3461297815317755,0.0,3.9890782425361153,461.36565623802494,3.844713801983541,0.0,8.686421098773257,415.35573783813055,4613.656562380249,5029.012300218379,361.14123002183806,0.0825919113023633,0.9174080886976366,8.0,2.5,2.5,20.0,12000.0,240000.0,51.91946722976632,576.7070702975311,628.6265375272974
Sonora,Magdalena,36,Magdalena,140,Ajo,2011,2012,30.771988,-111.139421,770.0,1029.84536557737,4.857761158383822,1.6035393967168634,9.808273913308174,15.94004716981132,-3.0949999999999998,28.105,23.737547169811318,1.49,35.53,8.14254716981132,-7.68,20.68,34.89858490566038,9.8,75.21,18.96443396226415,7.15,30.75,2.6412735849056608,1.16,7.61,40.4,0.19056603773584904,0.0,9.29,32.32,0.15245283018867925,0.0,7.4319999999999995,9.689343749012572,4.460286018444057,17.221960450396807,0.03922919046914411,10,3,1,50,898.2310422100637,4.236938878349357,1.6035393967168634,8.103868053895395,21.973295610818948,0.10364762080574975,0.0,3.6122312669041303,876.2577465992448,4.133291257543608,0.0,8.103868053895395,0.0,0.0,0.0,865.9110422100637,0.024462854853863077,0.975537145146137,9.0,3.0,3.0,27.0,15000.0,405000.0,0.0,0.0,0.0
Sonora,Magdalena,36,Magdalena,140,Ajo,2012,2013,30.771988,-111.139421,770.0,1007.085619906301,4.728101501907516,0.8583453670282474,9.717953480962645,15.565516431924882,2.675,27.580000000000002,23.312441314553986,8.38,37.17,7.818591549295776,-3.69,21.78,37.008685446009395,11.93,90.9,18.75140845070423,3.16,30.29,2.636760563380282,1.18,6.2,98.78,0.46375586854460094,0.0,22.57,79.024,0.37100469483568077,0.0,18.056,9.663988394664324,3.2639510718438265,17.39026194417186,0.09808500692244068,18,6,4,64,872.7195714699039,4.097274983426779,0.8583453670282474,7.489866099386512,31.088317347638583,0.1459545415382093,0.0,2.554530291289919,841.6312541222653,3.9513204418885697,0.0,7.489866099386512,0.0,0.0,0.0,793.6955714699039,0.035622344638469784,0.9643776553615302,8.3,7.0,7.0,58.1,20000.0,1162000.0,0.0,0.0,0.0
Sonora,Magdalena,36,Magdalena,140,Ajo,2013,2014,30.771988,-111.139421,770.0,982.3508638189846,4.633730489712192,1.503850884171756,9.757636394964761,15.75372641509434,0.3250000000000002,26.555,23.316273584905662,6.23,35.18,8.191179245283019,-5.6,19.58,37.098443396226415,8.26,86.97,18.594198113207547,5.93,31.08,2.5579716981132075,1.0,6.39,89.68,0.4230188679245283,0.0,16.67,71.744,0.33841509433962264,0.0,13.336000000000002,9.653925741863041,4.390973844730882,17.195178775388737,0.09129121101533955,16,6,2,64,851.1083466392295,4.014662012449196,1.503850884171756,7.1484606910031605,32.712686552424685,0.15430512524728626,0.0,3.2943092274708525,818.3956600868048,3.8603568872019096,0.0,7.1484606910031605,0.0,0.0,0.0,779.3643466392294,0.03843539624725481,0.9615646037527452,10.2,4.0,4.0,40.8,23500.0,958800.0,0.0,0.0,0.0
Sonora,Magdalena,36,Magdalena,140,Ajo,2017,2018,30.771988,-111.139421,770.0,1007.5827356961092,4.752748753283534,0.973297523282181,10.330482273021468,17.567995283018867,5.835000000000001,26.585,24.8236320754717,9.88,35.36,10.312358490566039,-0.94,20.8,40.324764150943395,11.36,88.27,18.39306603773585,4.7,31.52,2.5682075471698114,1.09,6.6,113.69,0.5362735849056603,0.0,18.59,90.952,0.4290188679245283,0.0,14.872,9.703311658044175,3.7374078252306973,17.343053900137527,0.11283440651794706,15,8,1,31,872.3355902373219,4.114790519987367,0.973297523282181,7.410397635559805,30.240515400622954,0.1426439405689762,0.0,2.8693155971764375,842.0950748366989,3.972146579418391,0.0,7.410397635559805,0.0,0.0,0.0,781.3835902373219,0.03466614882971348,0.9653338511702866,11.5,5.0,5.0,57.5,16800.0,966000.0,0.0,0.0,0.0
Sonora,Magdalena,36,Magdalena,140,Ajo,2018,2019,30.771988,-111.139421,770.0,1086.671939357565,5.125811034705495,1.0298859850352995,9.946041161465509,18.607712264150944,6.615,28.794999999999998,26.095896226415093,11.38,37.27,11.119528301886794,-2.1,21.9,32.08292452830189,11.25,92.8,18.298537735849056,4.05,30.49,2.497122641509434,0.95,6.18,92.66,0.43707547169811317,0.0,25.7,74.128,0.3496603773584906,0.0,20.560000000000002,9.373521180929917,3.9934093754493905,17.265379733426684,0.08526952490811544,11,6,6,24,950.197509206905,4.48206372267408,1.0298859850352995,9.098271028458612,26.04924582409943,0.12287380105707278,0.0,3.8344347747042185,924.1482633828057,4.359189921617008,0.0,9.098271028458612,0.0,0.0,0.0,876.069509206905,0.02741455915396135,0.9725854408460387,11.8,6.0,6.0,70.8,17100.0,1210680.0,0.0,0.0,0.0
Sonora,Magdalena,36,Magdalena,140,Ajo,2019,2020,30.771988,-111.139421,770.0,864.9483935614593,4.079945252648393,1.1733979527645015,9.244172641241867,15.119481132075471,2.2649999999999997,25.345,22.165801886792455,6.89,34.68,8.07316037735849,-2.87,19.27,47.46396226415094,21.15,86.02,17.595707547169813,4.3,30.04,2.5184433962264157,1.25,7.05,195.27999999999997,0.921132075471698,0.0,29.13,156.224,0.7369056603773585,0.0,23.304000000000002,9.562021565447763,3.719585194156481,18.448602116845116,0.22577069505375555,34,10,0,52,750.6876969482973,3.5409797025863083,1.1733979527645015,6.470920848869307,63.38809975996031,0.29900047056585055,0.0,3.0834350212768897,687.299597188337,3.2419792320204572,0.0,6.470920848869307,0.0,0.0,0.0,594.4636969482974,0.08444004080211547,0.9155599591978845,11.2,7.0,7.0,78.4,15000.0,1176000.0,0.0,0.0,0.0
Sonora,Magdalena,36,Magdalena,140,Ajo,2020,2021,30.771988,-111.139421,770.0,866.7230586152402,4.06912234091662,1.051501867368186,9.199393149253396,15.449483568075117,2.8649999999999998,27.115000000000002,22.53201877934272,8.52,36.54,8.366948356807514,-4.31,19.81,48.89356807511738,21.65,89.11,17.643051643192486,3.43,30.05,2.5237558685446007,0.81,7.03,236.62,1.1108920187793427,0.0,25.17,189.296,0.8887136150234741,0.0,20.136000000000003,9.62570663586715,3.4782690760371233,17.596407536504387,0.2730053131135645,25,15,3,51,751.0377161631445,3.5259986674326034,1.051501867368186,7.4776042141118015,46.66306527191281,0.2190754238117972,0.0,2.8586089423223475,704.3746508912317,3.306923243620806,0.0,7.4776042141118015,0.0,0.0,0.0,561.7417161631445,0.06213145394388742,0.9378685460561126,8.0,6.0,6.0,48.0,17000.0,816000.0,0.0,0.0,0.0
Sonora,Magdalena,36,Magdalena,140,Ajo,2021,2022,30.771988,-111.139421,770.0,1112.4989542872236,5.247636576826526,1.1591837396439577,10.291556885780707,16.91198113207547,2.96,29.475,24.887924528301888,6.31,39.08,8.936037735849055,-1.89,21.23,29.082405660377354,9.69,86.22,18.904622641509434,8.56,30.05,2.7577358490566044,1.43,7.26,47.790000000000006,0.22542452830188683,0.0,9.14,38.232,0.18033962264150943,0.0,7.312000000000001,9.383062382843207,4.376313941151083,17.488054989249967,0.04295734374925232,9,6,15,64,968.84885760824,4.570041781170944,1.1591837396439577,7.877521992062762,16.30802994522557,0.0769246695529508,0.0,2.2692218568921296,952.5408276630144,4.493117111617993,0.0,7.877521992062762,0.0,0.0,0.0,930.61685760824,0.01683237774102823,0.9831676222589717,9.0,55.0,20.0,180.0,20000.0,3600000.0,0.0,0.0,0.0
Sonora,Magdalena,36,Magdalena,140,Ajo,2022,2023,30.771988,-111.139421,770.0,1049.8630122066172,4.952184019842534,1.139467984813722,10.78377680949557,16.75700471698113,4.555,26.765,24.550943396226412,11.35,36.38,8.96306603773585,-3.43,20.73,34.18174528301887,6.21,88.41,18.803915094339622,2.53,31.0,2.628066037735849,1.13,6.15,48.370000000000005,0.2281603773584906,0.0,22.93,38.696000000000005,0.18252830188679248,0.0,18.344,9.624708836454568,3.094463221252784,17.1729411569207,0.04607267751850334,11,1,1,37,910.0441408003248,4.292661041510966,1.139467984813722,7.548643766646899,20.763676401615633,0.09794186981894167,0.0,2.2239999999999998,889.280464398709,4.194719171692023,0.0,7.548643766646899,0.0,0.0,0.0,871.3481408003248,0.022816120087708412,0.9771838799122914,8.25,2.0,2.0,16.5,29500.0,486750.0,0.0,0.0,0.0
Sonora,Magdalena,36,Magdalena,140,Ajo,2023,2024,30.771988,-111.139421,770.0,889.5515232462517,4.195997751161564,1.0495347381640125,9.044738592944215,14.661580188679245,3.335,26.005,21.936226415094342,7.4,36.48,7.386933962264151,-2.86,18.46,44.71721698113207,14.85,86.44,18.04325471698113,2.76,30.26,2.607169811320755,0.96,6.61,118.78,0.5602830188679245,0.0,12.82,95.024,0.44822641509433964,0.0,10.256,9.623297911357795,3.2115052921242864,17.163653440431943,0.13352795975946918,28,9,2,66,770.7124235918391,3.6354359603388637,1.0495347381640125,6.792051126368895,49.612319858483524,0.23402037669096,0.0,3.2511375669346934,721.1001037333556,3.401415583647904,0.0,6.792051126368895,0.0,0.0,0.0,675.6884235918391,0.06437202559583712,0.9356279744041629,8.29,7.0,7.0,58.03,30500.0,1769915.0,0.0,0.0,0.0
Sonora,Magdalena,36,Magdalena,140,Calabacita,2010,2011,30.771988,-111.139421,770.0,802.3050608086589,8.35734438342353,3.097670643480889,11.391122087328073,22.51380208333333,9.15,34.08,31.355625000000003,13.46,41.72,13.671979166666667,3.84,26.44,26.9240625,9.92,69.08,29.41208333333333,15.76,33.08,2.992395833333333,1.57,6.18,14.97,0.1559375,0.0,11.74,11.976,0.12475000000000001,0.0,9.392000000000001,17.236685404616498,10.568171365327595,19.407488212049127,0.018658738092604633,2,1,31,3,671.6314079932687,6.996160499929882,1.5488353217404445,10.57604697925033,4.307412125937349,0.04486887631184738,0.0,1.7234121259373485,667.3239958673313,6.951291623618034,0.0,10.57604697925033,43.074121259373484,6673.239958673313,6716.314079932687,659.6554079932687,0.006413357199609282,0.9935866428003907,15.0,24.0,24.0,360.0,4004.0,1441440.0,2.871608083958232,444.8826639115542,447.7542719955124
Sonora,Magdalena,36,Magdalena,140,Calabacita,2012,2013,30.771988,-111.139421,770.0,855.2932626767315,8.909304819549286,4.533210356691172,12.267471605055428,24.512708333333336,11.38,32.18,33.40572916666667,16.64,41.08,15.619687499999998,2.85,24.7,22.016875,6.97,71.78,29.339895833333333,17.1,33.04,2.930729166666667,1.77,5.94,48.669999999999995,0.5069791666666666,0.0,9.96,38.93600000000001,0.4055833333333334,0.0,7.968000000000001,16.90965200742867,10.836501077650563,18.879587347474814,0.05690445853353508,11,3,45,3,712.1811838094078,7.418553998014665,2.266605178345586,11.654098024802657,30.658323521877065,0.3193575366862194,0.0,6.070032287687088,681.5228602875306,7.099196461328444,0.0,11.654098024802657,306.58323521877065,6815.228602875306,7121.811838094077,673.2451838094078,0.04304848852912375,0.9569515114708761,18.5,5.0,5.0,92.5,4250.0,393125.0,16.572066768582197,368.3907352905571,384.9628020591393
Sonora,Magdalena,36,Magdalena,140,Calabacita,2013,2014,30.771988,-111.139421,770.0,867.5206274566282,9.03667320267321,4.0848588846572484,11.751963239587631,24.432604166666668,10.995000000000001,33.765,33.30479166666667,16.6,44.23,15.560416666666669,3.66,26.18,22.334270833333335,8.26,56.38,29.61395833333334,19.45,32.5,3.0634375000000005,1.57,6.39,24.5,0.2552083333333333,0.0,11.31,19.599999999999998,0.20416666666666664,0.0,9.048,17.087706045184948,12.203682969886874,19.094533555224242,0.028241403402508584,4,2,36,1,721.935945268347,7.520166096545282,2.0424294423286242,11.164365077608249,16.523979715061124,0.17212478869855338,0.0,5.971979715061125,705.4119655532859,7.348041307846728,0.0,11.164365077608249,165.23979715061125,7054.119655532859,7219.35945268347,702.335945268347,0.022888429123610242,0.9771115708763897,18.55,6.0,6.0,111.3,4125.0,459112.5,8.907805776313275,380.27599221201393,389.1837979883272
Sonora,Magdalena,36,Magdalena,140,Calabacita,2015,2016,30.771988,-111.139421,770.0,756.2520820973209,7.877625855180426,3.2792841528964645,12.042320103587231,23.1690625,13.75,33.925,31.12510416666667,17.06,42.75,15.213020833333333,5.94,25.29,32.55947916666667,13.02,68.98,28.068854166666664,12.52,32.31,2.9198958333333334,1.24,5.13,47.43000000000001,0.49406250000000007,0.0,7.03,37.94400000000001,0.3952500000000001,0.0,5.6240000000000006,16.867055331834646,9.052987241911232,19.806060256728365,0.06271718269979759,11,3,28,0,627.2213763682923,6.533556003836378,1.6396420764482322,11.44020409840787,35.2416884757458,0.36710092162235214,0.0,5.5280000000000005,591.9796878925465,6.166455082214026,0.0,11.44020409840787,352.41688475745804,5919.796878925465,6272.213763682923,589.2773763682924,0.05618700159710845,0.9438129984028915,21.99,2.0,2.0,43.98,4500.0,197910.0,16.02623395895671,269.204041788334,285.2302757472907
Sonora,Magdalena,36,Magdalena,140,Calabacita,2016,2017,30.771988,-111.139421,770.0,802.3781421931062,8.358105647844857,3.8784984987812208,13.872887786357397,23.835260416666667,13.905000000000001,36.230000000000004,32.21447916666666,18.62,45.75,15.45604166666667,6.5,26.71,27.841250000000002,8.29,73.54,28.662604166666668,12.13,32.47,2.8728125,1.05,4.66,38.15,0.39739583333333334,0.0,12.88,30.52,0.3179166666666667,0.0,10.304000000000002,16.92612848017512,8.46317157783139,19.414352927576434,0.0475461605867356,8,3,30,0,666.4354246976075,6.942035673933411,1.9392492493906104,13.179243397039526,20.163204185396275,0.21003337693121119,0.0,4.104820935660024,646.2722205122112,6.7320022970022,0.0,13.179243397039526,201.63204185396273,6462.722205122112,6664.354246976075,635.9154246976075,0.03025530072106424,0.9697446992789358,22.75,4.0,4.0,91.01,5154.03,469068.27,8.86294689467968,284.0757013240489,292.9386482187286
Sonora,Magdalena,36,Magdalena,140,Calabacita,2017,2018,30.771988,-111.139421,770.0,849.1978253009985,8.845810680218735,3.551053184576525,12.126075677499745,24.927552083333328,12.280000000000001,36.35,33.74822916666667,16.69,45.58,16.106875,5.88,27.82,22.559791666666666,5.41,64.22,29.014062500000005,16.41,33.35,2.8959375,1.34,5.43,21.040000000000003,0.2191666666666667,0.0,6.04,16.832,0.17533333333333334,0.0,4.832000000000001,16.75816939844776,11.067391119025384,19.176264133697124,0.024776323458603262,4,1,41,0,698.5784521908952,7.276858876988491,2.628495325051018,11.519771893624757,16.832,0.17533333333333334,0.0,4.832000000000001,681.7464521908951,7.101525543655157,0.16550052534769844,11.519771893624757,168.32,6817.464521908951,6985.78452190895,681.7464521908952,0.024094645271710225,0.9759053547282897,20.59,3.0,3.0,61.77,5561.28,343520.27,8.174842156386594,331.1056105832419,339.2804527396285
Sonora,Magdalena,36,Magdalena,140,Calabacita,2018,2019,30.771988,-111.139421,770.0,870.7440379759605,9.070250395582923,3.0541920357336925,11.345575371684241,25.179739583333333,14.629999999999999,33.84,33.90875,20.49,43.4,16.450729166666665,6.79,24.28,21.182916666666667,7.98,62.49,29.256666666666664,7.26,32.84,2.9865625000000002,1.81,4.91,12.5,0.13020833333333334,0.0,6.42,10.0,0.10416666666666667,0.0,5.136,16.84976369811213,6.244911587941367,19.548427849546925,0.014355539004385465,3,1,44,0,716.9896631073793,7.468642324035201,2.9014824339470078,10.778296603100028,7.765482433947008,0.08089044202028133,0.0,3.448,709.2241806734323,7.38775188201492,0.0,10.361063357548982,77.65482433947008,7092.241806734323,7169.896631073793,706.9896631073793,0.010830675578071781,0.9891693244219282,18.74,6.0,6.0,112.42,6297.84,708003.17,4.143800658456248,378.4547388865701,382.59853954502637
Sonora,Magdalena,36,Magdalena,140,Calabacita,2019,2020,30.771988,-111.139421,770.0,792.7552236999661,8.257866913541314,4.312405435993515,12.257303250252852,22.89911458333333,13.219999999999999,34.125,31.300416666666667,17.47,42.4,14.4978125,6.46,26.1,29.04489583333334,12.4,53.79,29.0759375,19.18,32.54,2.9379166666666667,1.26,4.68,8.98,0.09354166666666668,0.0,5.86,7.184000000000001,0.07483333333333335,0.0,4.688000000000001,17.211173320616062,12.234548631271672,19.45703949341914,0.011327582249270248,2,1,26,0,654.9163456099878,6.822045266770707,2.1562027179967576,11.644438087740209,6.967426444745933,0.0725773587994368,0.0,4.471426444745933,647.9489191652419,6.74946790797127,0.0,11.644438087740209,69.67426444745934,6479.489191652419,6549.163456099879,647.7323456099879,0.010638651014667355,0.9893613489853327,22.17,8.0,8.0,177.33,6345.45,1125238.65,3.1427273093125545,292.2638336333973,295.40656094270986
Sonora,Magdalena,36,Magdalena,140,Calabacita,2020,2021,30.771988,-111.139421,770.0,827.1483089012906,8.616128217721778,3.1132684589267603,11.906703413020889,24.44729166666667,11.48,31.685000000000002,33.139375,16.79,41.31,15.755208333333334,5.36,23.52,27.877499999999998,7.46,70.22,29.35291666666667,17.37,33.75,2.8812499999999996,1.78,5.29,18.32,0.19083333333333333,0.0,5.33,14.656,0.15266666666666667,0.0,4.264,17.314766508661435,11.46282469258521,19.902498805576627,0.022148385970025906,4,1,41,0,694.082234987223,7.230023281116907,1.5566342294633801,11.311368242369843,11.94863422946338,0.12446493989024354,0.0,3.8240000000000003,682.1336007577597,7.105558341226664,0.0,11.311368242369843,119.4863422946338,6821.336007577597,6940.822349872231,679.4262349872231,0.01721501232441619,0.9827849876755839,18.13,8.0,8.0,145.0,6670.9,967280.5,6.590531841954429,376.24578089231096,382.8363127342654
Sonora,Magdalena,36,Magdalena,140,Calabacita,2021,2022,30.771988,-111.139421,770.0,840.3097410731502,8.753226469511981,4.267099164845352,11.29397491787945,24.94395833333333,14.190000000000001,34.275,33.40989583333333,19.55,43.71,16.478020833333332,6.66,24.84,23.33458333333333,5.53,71.09,28.61822916666667,15.46,32.77,2.9013541666666662,0.76,5.1,51.089999999999996,0.5321874999999999,0.0,11.85,40.872,0.42575,0.0,9.48,16.602824726978128,11.115223467313216,18.82321303326149,0.060799009582768286,8,5,30,0,691.4747761510766,7.202862251573715,3.188233857464861,10.729276171985477,26.619805401439148,0.2772896395983245,0.0,4.910998556135857,664.8549707496375,6.92557261197539,0.0,10.729276171985477,266.19805401439146,6648.549707496375,6914.747761510766,650.6027761510767,0.03849714598356243,0.9615028540164375,18.4,5.0,5.0,92.0,7014.13,645299.96,14.467285544260406,361.3342232334987,375.80150877775907
Sonora,Magdalena,36,Magdalena,140,Calabacita,2022,2023,30.771988,-111.139421,770.0,853.4307537042698,8.889903684419478,6.035732269582313,11.560988998012386,25.214218749999997,14.419999999999998,32.504999999999995,33.932500000000005,24.49,41.24,16.4959375,4.35,26.59,22.2565625,3.52,54.89,28.998541666666664,19.17,32.61,2.861666666666667,0.95,5.01,39.83,0.4148958333333333,0.0,9.97,31.864,0.3319166666666667,0.0,7.976000000000001,16.753150422390714,12.077714582289406,18.909793085232252,0.04667045314118345,12,2,40,1,703.2695189424612,7.325724155650637,3.0281167987447457,10.982939548111766,28.436982767860293,0.2962185704985447,0.0,4.548982767860293,674.832536174601,7.029505585152094,0.0,10.982939548111766,284.3698276786029,6748.3253617460105,7032.695189424613,671.4055189424612,0.040435397812523276,0.9595646021874769,18.33,6.0,6.0,109.98,7576.82,833298.66,15.513902219236385,368.15741198832575,383.67131420756215
Sonora,Magdalena,36,Magdalena,140,Calabacita,2023,2024,30.771988,-111.139421,770.0,835.9776172216756,8.708100179392455,5.289767245202458,11.629504018763768,23.810989583333335,9.42,34.09,32.65864583333333,16.64,42.67,14.963333333333333,1.55,25.65,22.19416666666667,6.02,50.14,29.25989583333333,19.92,32.09,2.888125,1.61,4.32,3.7300000000000004,0.03885416666666667,0.0,1.54,2.9840000000000004,0.031083333333333338,0.0,1.2320000000000002,16.93785999105369,13.34578773554279,19.503313381291036,0.004461841947869902,2,0,27,2,688.0745133027622,7.167442846903772,2.644883622601229,10.381763465801454,2.9840000000000004,0.031083333333333338,0.0,1.2320000000000002,685.0905133027621,7.136359513570439,2.644883622601229,10.381763465801454,29.840000000000003,6850.905133027622,6880.745133027622,685.0905133027621,0.004336739615127991,0.995663260384872,17.41,6.0,6.0,104.46,8334.5,870621.87,1.713957495692131,393.5040283186457,395.2179858143378
Sonora,Magdalena,36,Magdalena,140,Calabaza,2010,2011,30.771988,-111.139421,770.0,683.7682474528368,6.837682474528368,1.727294139287712,10.429358864489586,18.06005,6.925,30.299999999999997,26.7355,13.1,39.86,9.384599999999999,-0.32,21.13,33.6766,13.13,81.95,27.1619,9.82,33.08,2.9487999999999994,1.57,5.82,35.36,0.35359999999999997,0.0,11.74,28.288000000000004,0.28288,0.0,9.392000000000001,15.73285775302529,6.934929827339267,18.914614998058912,0.05171342795124304,5,3,8,14,602.4671139978318,6.024671139978318,0.863647069643856,9.648124423249886,12.973800192406012,0.12973800192406013,0.0,3.9890782425361153,589.4933138054258,5.894933138054259,0.0,9.648124423249886,129.73800192406011,5894.933138054258,6024.671139978318,574.1791139978318,0.021534453733606948,0.9784655462663931,12.0,4.0,4.0,48.0,4000.0,192000.0,10.811500160338342,491.2444281711882,502.05592833152656
Sonora,Magdalena,36,Magdalena,140,Calabaza,2011,2012,30.771988,-111.139421,770.0,783.7961484369181,7.837961484369181,2.5426557937820533,10.924822223425886,20.365000000000002,8.379999999999999,28.4,29.3589,13.02,38.31,11.371099999999998,1.4,19.73,22.429699999999997,8.37,67.82,27.5903,12.04,33.0,3.0427,1.86,5.77,6.1000000000000005,0.061000000000000006,0.0,5.23,4.88,0.048799999999999996,0.0,4.184,15.429254522483046,8.466897236552807,19.133657681817176,0.007782635845002425,1,1,11,4,680.4434572813094,6.804434572813094,2.4196530951469386,10.894590626124632,3.238655793782053,0.03238655793782053,0.0,2.5426557937820533,677.2048014875273,6.772048014875273,0.0,10.894590626124632,32.38655793782053,6772.048014875273,6804.434572813094,675.5634572813094,0.004759625151988383,0.9952403748480115,12.0,3.0,3.0,36.0,4500.0,162000.0,2.6988798281517106,564.3373345729394,567.0362144010911
Sonora,Magdalena,36,Magdalena,140,Calabaza,2014,2015,30.771988,-111.139421,770.0,772.8092842241256,7.728092842241256,1.3574343412837453,12.198471959465113,21.008000000000003,12.835,32.43,29.4313,16.07,41.45,12.584699999999998,3.98,23.41,24.5371,6.31,86.0,27.134399999999996,3.77,32.67,2.9177,1.48,6.17,36.74,0.3674,0.0,30.81,29.392,0.29392,0.0,24.648,15.268123743735163,3.9065977821578364,18.49023760021482,0.04754083672388294,2,1,17,1,681.5443564519895,6.815443564519895,0.6787171706418726,12.198471959465113,3.4839017758911313,0.034839017758911316,0.0,1.741184605249258,678.0604546760985,6.780604546760985,0.0,12.198471959465113,34.83901775891131,6780.604546760986,6815.443564519897,652.1523564519895,0.005111775547563426,0.9948882244524367,16.25,2.0,2.0,32.5,2500.0,81250.0,2.1439395543945423,417.2679721083683,419.41191166276286
Sonora,Magdalena,36,Magdalena,140,Calabaza,2015,2016,30.771988,-111.139421,770.0,685.7669283848002,6.857669283848002,1.8798235383472122,10.685932630849036,19.88075,10.254999999999999,28.909999999999997,27.739099999999997,15.08,37.96,12.0224,3.69,23.4,34.511599999999994,13.02,83.39,25.906899999999997,8.41,32.31,2.942599999999999,1.24,5.35,23.1,0.231,0.0,8.73,18.480000000000004,0.18480000000000005,0.0,6.984000000000001,15.206983004345876,6.183383281434911,19.070527968642544,0.033684913990250115,5,1,8,1,604.2519922368522,6.0425199223685215,0.9399117691736061,9.40668112344606,11.259416617610158,0.11259416617610159,0.0,3.4960000000000004,592.9925756192421,5.929925756192421,0.0,9.40668112344606,112.59416617610158,5929.9257561924205,6042.519922368522,585.7719922368522,0.01863364417869679,0.9813663558213033,14.3,6.0,6.0,85.8,2250.0,193050.0,7.873717914412698,414.68012281065876,422.55384072507144
Sonora,Magdalena,36,Magdalena,140,Calabaza,2016,2017,30.771988,-111.139421,770.0,746.1881278265687,7.461881278265687,2.7089763594616207,13.04033516605663,20.409200000000002,9.04,33.265,29.030300000000008,13.0,43.3,11.7881,3.85,23.46,27.5977,9.42,63.07,27.3558,12.13,32.39,2.852300000000001,1.62,4.66,14.93,0.1493,0.0,6.14,11.943999999999999,0.11943999999999999,0.0,4.912,15.64433318842793,8.46317157783139,19.414352927576434,0.020008359076265116,3,2,10,2,650.1932640890003,6.501932640890003,1.3544881797308104,10.432268132845305,8.490488179730809,0.0849048817973081,0.0,4.912,641.7027759092695,6.4170277590926945,0.0,10.432268132845305,84.9048817973081,6417.027759092694,6501.932640890002,638.2492640890003,0.01305840685942358,0.9869415931405764,15.44,12.0,12.0,185.28,2360.0,437260.8,5.499020841794565,415.6106061588533,421.10962700064783
Sonora,Magdalena,36,Magdalena,140,Cebolla,2010,2011,30.771988,-111.139421,770.0,525.9489742511443,4.382908118759535,0.9739834085605559,8.686421098773257,13.267083333333334,5.8100000000000005,22.645,20.674916666666665,10.64,31.03,5.859249999999999,-1.46,14.26,46.665749999999996,21.43,87.77,19.897166666666667,4.48,29.91,2.87925,1.33,9.42,177.2,1.4766666666666666,0.0,36.7,141.76,1.1813333333333333,0.0,29.360000000000003,11.041898802548948,3.945583694620265,18.11774572624532,0.3369148124155971,20,11,0,42,525.3573880295107,4.377978233579256,1.0226825789885836,9.120742153711921,42.73677076549891,0.35613975637915757,0.0,4.188532154662921,482.6206172640119,4.0218384772001,0.0,9.120742153711921,427.3677076549891,4826.206172640119,5253.573880295108,383.59738802951074,0.08134799612468431,0.9186520038753159,50.0,10.0,10.0,500.0,5000.0,2500000.0,8.547354153099782,96.52412345280237,105.07147760590215
Sonora,Magdalena,36,Magdalena,140,Cebolla,2011,2012,30.771988,-111.139421,770.0,1029.84536557737,4.857761158383822,1.6035393967168634,9.808273913308174,15.94004716981132,-3.0949999999999998,28.105,23.737547169811318,1.49,35.53,8.14254716981132,-7.68,20.68,34.89858490566038,9.8,75.21,18.96443396226415,7.15,30.75,2.6412735849056608,1.16,7.61,40.4,0.19056603773584904,0.0,9.29,32.32,0.15245283018867925,0.0,7.4319999999999995,9.689343749012572,4.460286018444057,17.221960450396807,0.03922919046914411,10,3,1,50,944.8472228701804,4.456826522972549,1.6837163665527066,8.509061456590166,22.33417309687424,0.10534987309846339,0.0,3.6122312669041303,922.5130497733062,4.351476649874086,0.0,8.509061456590166,0.0,0.0,0.0,912.5272228701804,0.02363786711361578,0.9763621328863842,38.91,16.0,16.0,622.5,4000.0,2490000.0,0.0,0.0,0.0
Sonora,Magdalena,36,Magdalena,140,Cebolla,2012,2013,30.771988,-111.139421,770.0,1007.085619906301,4.728101501907516,0.8583453670282474,9.717953480962645,15.565516431924882,2.675,27.580000000000002,23.312441314553986,8.38,37.17,7.818591549295776,-3.69,21.78,37.008685446009395,11.93,90.9,18.75140845070423,3.16,30.29,2.636760563380282,1.18,6.2,98.78,0.46375586854460094,0.0,22.57,79.024,0.37100469483568077,0.0,18.056,9.663988394664324,3.2639510718438265,17.39026194417186,0.09808500692244068,18,6,4,64,917.228984288251,4.306239362855639,0.9012626353796598,7.864359404355837,31.910589871191455,0.14981497592108664,0.0,2.682256805854415,885.3183944170594,4.156424386934551,0.0,7.864359404355837,0.0,0.0,0.0,838.204984288251,0.03479021097000478,0.965209789029995,47.0,2.0,2.0,94.0,5000.0,470000.0,0.0,0.0,0.0
Sonora,Magdalena,36,Magdalena,140,Cebolla,2013,2014,30.771988,-111.139421,770.0,982.3508638189846,4.633730489712192,1.503850884171756,9.757636394964761,15.75372641509434,0.3250000000000002,26.555,23.316273584905662,6.23,35.18,8.191179245283019,-5.6,19.58,37.098443396226415,8.26,86.97,18.594198113207547,5.93,31.08,2.5579716981132075,1.0,6.39,89.68,0.4230188679245283,0.0,16.67,71.744,0.33841509433962264,0.0,13.336000000000002,9.653925741863041,4.390973844730882,17.195178775388737,0.09129121101533955,16,6,2,64,895.0218481587784,4.221801170560275,1.5790434283803438,7.505883725553319,33.650720880045924,0.15872981547191473,0.0,3.459024688844395,861.3711272787324,4.06307135508836,0.0,7.505883725553319,0.0,0.0,0.0,823.2778481587784,0.03759765300620486,0.962402346993795,42.0,36.0,36.0,1512.0,2350.0,3553200.0,0.0,0.0,0.0
Sonora,Magdalena,36,Magdalena,140,Cebolla,2014,2015,30.771988,-111.139421,770.0,1037.3418278743086,4.8931218295957954,1.242431287039996,10.480584476087381,16.793231132075473,6.43,25.655,24.394481132075477,8.94,33.96,9.19198113207547,-1.38,18.15,35.293443396226415,8.56,87.0,18.617169811320757,3.77,31.32,2.5946226415094342,1.11,6.05,80.74000000000001,0.3808490566037736,0.0,30.81,64.592,0.3046792452830189,0.0,24.648,9.572352378756221,3.9065977821578364,17.3088848296889,0.07783355286603079,6,4,0,26,951.9623317058449,4.490388357103042,1.304552851391996,8.045907484204868,16.27266332924782,0.0767578458926784,0.0,3.656487671023442,935.6896683765971,4.413630511210363,0.0,8.045907484204868,0.0,0.0,0.0,887.3703317058449,0.017093810109154665,0.9829061898908453,33.25,6.0,6.0,199.5,2875.0,573562.5,0.0,0.0,0.0
Sonora,Magdalena,36,Magdalena,140,Cebolla,2015,2016,30.771988,-111.139421,770.0,897.609615753962,4.234007621480953,1.017287619515461,9.40668112344606,16.38266509433962,2.61,24.525,23.466367924528306,8.52,33.44,9.298962264150944,-3.56,19.34,48.781698113207554,16.01,91.49,18.044198113207546,4.27,30.54,2.4773584905660377,1.08,7.08,144.75,0.6827830188679245,0.0,30.43,115.79999999999998,0.5462264150943396,0.0,24.344,9.801279318917967,3.6940133906957957,17.562876897544218,0.16126164143018326,19,11,0,31,820.216914552626,3.868947710153896,1.0681520004912342,7.667447327606436,37.58878686958407,0.1773055984414343,0.0,2.5809988721487045,782.6281276830421,3.6916421117124627,0.0,7.667447327606436,0.0,0.0,0.0,704.416914552626,0.04582786114583636,0.9541721388541637,40.0,4.0,4.0,160.0,3000.0,480000.0,0.0,0.0,0.0
Sonora,Magdalena,36,Magdalena,140,Cebolla,2016,2017,30.771988,-111.139421,770.0,998.9163277430607,4.689748017573055,0.8017578970061457,8.917190042937877,16.20586854460094,3.21,28.19,23.80863849765258,8.58,35.6,8.603098591549296,-3.4,20.78,39.09492957746478,13.27,92.31,18.557276995305163,5.51,30.51,2.6249765258215962,1.08,5.46,99.67999999999999,0.467981220657277,0.0,13.18,79.744,0.3743849765258216,0.0,10.544,9.69090031596105,3.994094793151106,17.859072648987294,0.09978813763632811,22,7,2,49,917.7303917274432,4.308593388391753,0.841845791856453,7.003533118026744,47.75454768113738,0.224199754371537,0.0,4.050015292499653,869.9758440463061,4.084393634020216,0.0,7.003533118026744,0.0,0.0,0.0,837.9863917274432,0.05203548679612651,0.9479645132038738,25.0,7.0,7.0,175.0,3917.67,685592.25,0.0,0.0,0.0
Sonora,Magdalena,36,Magdalena,140,Cebolla,2017,2018,30.771988,-111.139421,770.0,1007.5827356961092,4.752748753283534,0.973297523282181,10.330482273021468,17.567995283018867,5.835000000000001,26.585,24.8236320754717,9.88,35.36,10.312358490566039,-0.94,20.8,40.324764150943395,11.36,88.27,18.39306603773585,4.7,31.52,2.5682075471698114,1.09,6.6,113.69,0.5362735849056603,0.0,18.59,90.952,0.4290188679245283,0.0,14.872,9.703311658044175,3.7374078252306973,17.343053900137527,0.11283440651794706,15,8,1,31,917.140632886323,4.326135060784543,1.02196239944629,7.780917517337796,31.0961411706541,0.14667991118233065,0.0,3.0127813770352594,886.0444917156689,4.179455149602211,0.0,7.780917517337796,0.0,0.0,0.0,826.188632886323,0.03390553210230342,0.9660944678976965,23.93,22.0,22.0,526.4,2986.32,1572000.64,0.0,0.0,0.0
Sonora,Magdalena,36,Magdalena,140,Cebolla,2018,2019,30.771988,-111.139421,770.0,1086.671939357565,5.125811034705495,1.0298859850352995,9.946041161465509,18.607712264150944,6.615,28.794999999999998,26.095896226415093,11.38,37.27,11.119528301886794,-2.1,21.9,32.08292452830189,11.25,92.8,18.298537735849056,4.05,30.49,2.497122641509434,0.95,6.18,92.66,0.43707547169811317,0.0,25.7,74.128,0.3496603773584906,0.0,20.560000000000002,9.373521180929917,3.9934093754493905,17.265379733426684,0.08526952490811544,11,6,6,24,998.2680176438326,4.708811403980342,1.0813802842870646,9.553184579881544,26.814508115304402,0.1264835288457755,0.0,4.02615651343943,971.4535095285281,4.582327875134567,0.0,9.553184579881544,0.0,0.0,0.0,924.1400176438326,0.026861030946973025,0.9731389690530269,29.38,16.0,16.0,470.0,2930.42,1377295.9,0.0,0.0,0.0
Sonora,Magdalena,36,Magdalena,140,Cebolla,2019,2020,30.771988,-111.139421,770.0,864.9483935614593,4.079945252648393,1.1733979527645015,9.244172641241867,15.119481132075471,2.2649999999999997,25.345,22.165801886792455,6.89,34.68,8.07316037735849,-2.87,19.27,47.46396226415094,21.15,86.02,17.595707547169813,4.3,30.04,2.5184433962264157,1.25,7.05,195.27999999999997,0.921132075471698,0.0,29.13,156.224,0.7369056603773585,0.0,23.304000000000002,9.562021565447763,3.719585194156481,18.448602116845116,0.22577069505375555,34,10,0,52,789.9461709537479,3.726161183744094,1.2320678504027267,6.933129480931401,64.50997485039528,0.30429233419997775,0.0,3.2376067723407345,725.4361961033524,3.421868849544115,0.0,6.933129480931401,0.0,0.0,0.0,633.722170953748,0.08166376042117988,0.9183362395788197,30.0,12.0,12.0,360.0,4500.0,1620000.0,0.0,0.0,0.0
Sonora,Magdalena,36,Magdalena,140,Cebolla,2020,2021,30.771988,-111.139421,770.0,866.7230586152402,4.06912234091662,1.051501867368186,9.199393149253396,15.449483568075117,2.8649999999999998,27.115000000000002,22.53201877934272,8.52,36.54,8.366948356807514,-4.31,19.81,48.89356807511738,21.65,89.11,17.643051643192486,3.43,30.05,2.5237558685446007,0.81,7.03,236.62,1.1108920187793427,0.0,25.17,189.296,0.8887136150234741,0.0,20.136000000000003,9.62570663586715,3.4782690760371233,17.596407536504387,0.2730053131135645,25,15,3,51,789.123269998444,3.704804084499737,1.1040769607365952,7.851484424817392,48.71857920129402,0.22872572394973717,0.0,3.001539389438465,740.40469079715,3.47607836055,0.0,7.851484424817392,0.0,0.0,0.0,599.8272699984441,0.061737603050775684,0.9382623969492243,31.0,10.0,10.0,310.0,4650.0,1441500.0,0.0,0.0,0.0
Sonora,Magdalena,36,Magdalena,140,Cebolla,2021,2022,30.771988,-111.139421,770.0,1112.4989542872236,5.247636576826526,1.1591837396439577,10.291556885780707,16.91198113207547,2.96,29.475,24.887924528301888,6.31,39.08,8.936037735849055,-1.89,21.23,29.082405660377354,9.69,86.22,18.904622641509434,8.56,30.05,2.7577358490566044,1.43,7.26,47.790000000000006,0.22542452830188683,0.0,9.14,38.232,0.18033962264150943,0.0,7.312000000000001,9.383062382843207,4.376313941151083,17.488054989249967,0.04295734374925232,9,6,15,64,1017.6425496710568,4.800200705995551,1.2171429266261558,8.271398091665901,16.80183144248685,0.07925392189852289,0.0,2.3826829497367363,1000.84071822857,4.720946784097029,0.0,8.271398091665901,0.0,0.0,0.0,979.4105496710569,0.01651054336114177,0.9834894566388583,23.5,18.0,18.0,423.0,5397.63,2283199.2,0.0,0.0,0.0
Sonora,Magdalena,36,Magdalena,140,Cebolla,2022,2023,30.771988,-111.139421,770.0,1049.8630122066172,4.952184019842534,1.139467984813722,10.78377680949557,16.75700471698113,4.555,26.765,24.550943396226412,11.35,36.38,8.96306603773585,-3.43,20.73,34.18174528301887,6.21,88.41,18.803915094339622,2.53,31.0,2.628066037735849,1.13,6.15,48.370000000000005,0.2281603773584906,0.0,22.93,38.696000000000005,0.18252830188679248,0.0,18.344,9.624708836454568,3.094463221252784,17.1729411569207,0.04607267751850334,11,1,1,37,957.2713622557217,4.515430954036423,1.1964413840544081,8.087832607121678,20.995060221696416,0.09903330293253026,0.0,2.2894741747537912,936.2763020340252,4.4163976511038925,0.0,8.087832607121678,0.0,0.0,0.0,918.5753622557216,0.02193219294915863,0.9780678070508413,32.5,8.0,8.0,260.0,4500.0,1170000.0,0.0,0.0,0.0
Sonora,Magdalena,36,Magdalena,140,Cebolla,2023,2024,30.771988,-111.139421,770.0,889.5515232462517,4.195997751161564,1.0495347381640125,9.044738592944215,14.661580188679245,3.335,26.005,21.936226415094342,7.4,36.48,7.386933962264151,-2.86,18.46,44.71721698113207,14.85,86.44,18.04325471698113,2.76,30.26,2.607169811320755,0.96,6.61,118.78,0.5602830188679245,0.0,12.82,95.024,0.44822641509433964,0.0,10.256,9.623297911357795,3.2115052921242864,17.163653440431943,0.13352795975946918,28,9,2,66,810.7347890037678,3.824220702847961,1.1020114750722132,7.13165368268734,50.58125495871448,0.2385908252769551,0.0,3.413694445281428,760.1535340450532,3.5856298775710056,0.0,7.13165368268734,0.0,0.0,0.0,715.7107890037678,0.06238939742658485,0.937610602573415,26.14,7.0,7.0,183.0,5353.28,979650.0,0.0,0.0,0.0
Sonora,Magdalena,36,Magdalena,140,Chile verde,2010,2011,30.771988,-111.139421,770.0,1321.4178344729553,7.300651019187598,1.727294139287712,11.391122087328073,22.789419889502764,6.925,34.08,30.67756906077348,13.1,41.72,14.901270718232045,-0.32,26.44,37.13524861878453,9.92,81.95,26.846795580110495,9.82,33.08,2.6999447513812154,1.1,6.18,274.88,1.5186740331491713,0.0,21.76,164.928,0.9112044198895027,0.0,13.056000000000001,16.128535269027545,6.934929827339267,19.407488212049127,0.20801898750642736,40,22,61,14,1320.1310370298181,7.293541641048719,1.036376483572627,11.960678191694477,131.15976542633834,0.7246395879908195,0.0,7.35,1188.97127160348,6.568902053057901,0.0,11.930678191694478,1311.5976542633834,11889.7127160348,13201.310370298184,1155.203037029818,0.09935359577745902,0.9006464042225412,9.09,11.0,11.0,99.99,7500.0,749925.0,144.2901709860708,1307.9991986836965,1452.2893696697672
Sonora,Magdalena,36,Magdalena,140,Chile verde,2011,2012,30.771988,-111.139421,770.0,1429.7664384995774,7.899262091157886,2.5426557937820533,12.375148865383265,24.20602209944752,8.379999999999999,34.885,32.35911602209945,13.02,44.09,16.05292817679558,1.4,26.62,30.297292817679555,8.37,71.08,27.082265193370162,12.04,33.0,2.715193370165746,0.97,5.77,164.47999999999996,0.9087292817679555,0.0,16.85,131.58400000000003,0.7269834254143648,0.0,13.480000000000002,15.950897372379545,8.466897236552807,19.133657681817176,0.1150397684342124,41,8,61,4,1415.5357316888317,7.820639401595755,2.669788583471156,12.993906308652429,117.60810818715647,0.6497685535202015,0.0,6.408,1297.9276235016753,7.170870848075554,0.0,12.890404213932257,1176.0810818715647,12979.276235016752,14155.357316888318,1283.9517316888316,0.08308381452642095,0.9169161854735791,9.0,3.0,3.0,27.0,8000.0,216000.0,130.6756757635072,1442.1418038907502,1572.8174796542573
Sonora,Magdalena,36,Magdalena,140,Chile verde,2012,2013,30.771988,-111.139421,770.0,1376.5752592871659,7.60538817285727,1.8189475077975426,12.267471605055428,23.877016574585635,5.4,32.18,31.77574585635359,8.38,41.08,15.978287292817678,-1.3,25.33,32.90309392265194,6.97,81.14,26.618950276243098,10.08,33.04,2.6333701657458564,0.91,6.2,255.55999999999997,1.4119337016574585,0.0,16.75,153.336,0.8471602209944752,0.0,10.049999999999999,15.780349047127821,7.250798847041311,18.879587347474814,0.18564913053307164,49,18,64,13,1366.1553272731608,7.547819487697021,1.0913685046785255,12.8808451853082,129.36974408011386,0.7147499672934468,0.0,7.265999999999999,1236.7855831930474,6.833069520403576,0.0,12.8808451853082,1293.6974408011386,12367.855831930474,13661.553272731613,1212.8193272731608,0.0946962190151066,0.9053037809848937,8.45,11.5,11.5,97.18,5200.0,505336.0,153.10028885220575,1463.6515777432514,1616.7518665954572
Sonora,Magdalena,36,Magdalena,140,Chile verde,2013,2014,30.771988,-111.139421,770.0,1397.9464317406866,7.723460948843573,3.0469128961126564,11.751963239587631,24.26585635359116,8.905,33.765,32.26602209944752,13.79,44.23,16.265690607734804,2.16,26.18,32.35734806629834,8.26,77.44,26.57232044198895,12.31,32.5,2.6675138121546964,1.12,6.39,210.13999999999996,1.1609944751381214,0.0,25.35,168.112,0.9287955801104972,0.0,20.28,15.753808486028696,9.03514561388736,19.094533555224242,0.15032049528417127,35,12,57,6,1388.3027771906914,7.670181089451334,1.8281477376675936,12.339561401567014,126.53595059767858,0.6990936497109314,0.0,8.360771601085576,1261.7668265930129,6.971087439740403,0.0,12.339561401567014,1265.3595059767858,12617.66826593013,13883.027771906916,1220.1907771906913,0.09114434738345131,0.9088556526165488,9.12,9.0,9.0,82.05,4650.0,381532.5,138.74555986587566,1383.516257229181,1522.2618170950568
Sonora,Magdalena,36,Magdalena,140,Chile verde,2014,2015,30.771988,-111.139421,770.0,1365.001759448766,7.541446184799812,1.3574343412837453,12.198471959465113,23.938756906077348,12.835,32.43,31.456685082872927,16.07,41.45,16.42082872928177,3.98,24.55,34.60817679558011,6.31,86.0,26.516574585635357,3.77,32.67,2.572486187845304,0.67,6.17,278.52,1.5387845303867402,0.0,30.81,167.11199999999997,0.923270718232044,0.0,18.485999999999997,15.772838560338137,3.9065977821578364,18.95192354471072,0.20404369303705205,40,21,52,1,1357.5639925926164,7.50035355023545,0.8144606047702472,12.80839555743837,131.01121527900258,0.7238188689447657,0.0,6.881677532470345,1226.5527773136137,6.776534681290683,0.0,12.80839555743837,1310.112152790026,12265.527773136137,13575.639925926163,1190.4519925926165,0.09650463329452565,0.9034953667054743,15.65,6.0,6.0,93.9,12000.0,1126800.0,83.71323660000165,783.7397938106158,867.4530304106174
Sonora,Magdalena,36,Magdalena,140,Chile verde,2015,2016,30.771988,-111.139421,770.0,1276.9592690275917,7.0550235857878,1.8798235383472122,12.042320103587231,23.72317679558011,10.254999999999999,33.925,30.95226519337017,15.08,42.75,16.49408839779006,3.69,25.83,40.1642541436464,13.02,83.39,25.83132596685083,8.41,32.31,2.60353591160221,1.03,5.35,176.88000000000002,0.9772375690607736,0.0,20.14,141.504,0.7817900552486188,0.0,16.112000000000002,15.820413812027677,6.183383281434911,19.806060256728365,0.13851655592327128,42,10,47,1,1269.7488628149224,7.015187087375262,1.1278941230083273,12.644436108766593,117.91386619140698,0.651457824261917,0.0,6.37993926638458,1151.8349966235155,6.3637292631133455,0.0,12.644436108766593,1179.1386619140699,11518.349966235155,12697.488628149225,1128.2448628149225,0.09286392738324824,0.9071360726167518,18.35,8.0,8.0,146.8,8631.93,1267167.32,64.25823770648881,627.7029954351583,691.9612331416471
Sonora,Magdalena,36,Magdalena,140,Chile verde,2016,2017,30.771988,-111.139421,770.0,1373.449992549206,7.5881215057967175,2.7089763594616207,13.872887786357397,24.245441988950276,9.04,36.230000000000004,32.031546961325965,13.0,45.75,16.459337016574587,3.85,26.71,33.7243093922652,8.29,82.21,26.853535911602208,12.13,32.47,2.5611602209944753,1.03,4.66,174.24999999999997,0.9627071823204418,0.0,16.98,139.4,0.7701657458563537,0.0,13.584000000000001,16.05034899610996,8.46317157783139,19.414352927576434,0.12687029083351006,28,14,57,2,1360.9950712936397,7.519309786152705,1.6253858156769725,14.566532175675269,105.26300516475656,0.5815635644461689,0.0,8.635467528351253,1255.7320661288832,6.937746221706536,0.0,14.566532175675269,1052.6300516475656,12557.320661288832,13609.950712936397,1221.5950712936396,0.07734267918009652,0.9226573208199035,17.73,3.0,3.0,53.2,7917.2,421195.04,59.369997272846334,708.2527163727485,767.6227136455949
Sonora,Magdalena,36,Magdalena,140,Chile verde,2017,2018,30.771988,-111.139421,770.0,1368.0329508914997,7.558193098848065,3.551053184576525,12.126075677499745,24.655718232044197,12.280000000000001,36.35,32.409558011049725,16.69,45.58,16.901878453038673,4.36,27.82,35.14337016574586,5.41,82.84,26.705469613259666,14.09,33.35,2.5009944751381217,0.75,5.43,245.25,1.3549723756906078,0.0,25.48,196.20000000000002,1.0839779005524863,0.0,20.384,15.922331862587386,8.418943852477135,19.176264133697124,0.1792719976811809,34,18,54,1,1354.921626770808,7.485754844037613,2.5367388597731133,12.732379461374734,137.65436500213832,0.7605213536029741,0.0,6.782901107656523,1217.2672617686694,6.725233490434638,0.0,12.732379461374734,1376.5436500213832,12172.672617686694,13549.216267708078,1158.721626770808,0.10159581357499674,0.8984041864250031,17.75,6.0,6.0,106.5,8183.72,871566.18,77.55175493078215,685.7843728274194,763.3361277582015
Sonora,Magdalena,36,Magdalena,140,Chile verde,2018,2019,30.771988,-111.139421,770.0,1377.6503356558615,7.611327821303102,3.0541920357336925,12.01281680520899,24.646491712707178,10.76,34.305,32.260165745856355,18.69,43.4,17.032817679558015,-0.16,27.36,34.009337016574584,7.98,75.62,26.286408839779007,7.26,32.84,2.523480662983425,0.63,5.04,202.21000000000004,1.117182320441989,0.0,30.87,161.76800000000003,0.8937458563535913,0.0,24.696,15.693582519106034,6.244911587941367,19.548427849546925,0.14677889938141192,33,13,59,4,1376.3732506424171,7.60427210299678,2.440061536547511,12.61345764546944,113.24925669802319,0.6256865010940508,0.0,7.371520868067092,1263.123993944394,6.978585601902729,0.0,12.61345764546944,1132.492566980232,12631.23993944394,13763.732506424172,1214.605250642417,0.08228091954356459,0.9177190804564355,17.8,6.0,6.0,106.8,8810.56,940967.81,63.623177920237744,709.6202213170752,773.2433992373129
Sonora,Magdalena,36,Magdalena,140,Chile verde,2019,2020,30.771988,-111.139421,770.0,1330.718417526768,7.352035455948995,2.202373603124072,12.257303250252852,23.671243093922655,8.77,34.125,31.27917127071823,13.04,42.4,16.063314917127073,0.57,27.02,36.457900552486194,12.4,79.54,26.285801104972375,7.47,32.54,2.6234806629834257,1.18,4.68,131.83,0.7283425414364642,0.0,29.13,105.464,0.5826740331491712,0.0,23.304000000000002,15.89706063883532,5.822201400201807,19.45703949341914,0.09906678848333306,28,8,56,7,1331.6267389904306,7.357053806576965,1.3214241618744433,12.870168412765494,80.57741294335025,0.44517907703508425,0.0,6.706442203387189,1251.0493260470803,6.91187472954188,0.0,12.870168412765494,805.7741294335026,12510.493260470803,13316.267389904306,1226.1627389904306,0.060510509877895524,0.9394894901221045,18.0,6.5,6.5,117.0,8237.69,963809.73,44.76522941297237,695.0274033594891,739.7926327724615
Sonora,Magdalena,36,Magdalena,140,Chile verde,2020,2021,30.771988,-111.139421,770.0,1373.6351795378932,7.589144638330902,1.8174425934442668,11.906703413020889,24.61867403314917,8.73,34.605,32.44790055248619,13.8,43.23,16.789447513812153,1.46,26.93,36.18309392265193,7.46,80.0,26.475303867403312,6.62,33.75,2.6102209944751382,1.31,5.29,156.45000000000002,0.864364640883978,0.0,17.74,125.16,0.6914917127071823,0.0,14.192,16.02041520301133,5.534678257394701,19.902498805576627,0.11389486985374939,31,10,85,5,1385.9018621407454,7.656916365418483,1.0904655560665601,12.502038583671935,86.22234331640777,0.47636653765971143,0.0,6.543983012216932,1299.6795188243377,7.180549827758772,0.0,12.502038583671935,862.2234331640777,12996.795188243377,13859.018621407455,1260.7418621407453,0.062213888062191997,0.9377861119378081,19.54,6.5,6.5,127.0,11012.6,1398600.2,44.12607129805925,665.1379318445946,709.2640031426539
Sonora,Magdalena,36,Magdalena,140,Chile verde,2021,2022,30.771988,-111.139421,770.0,1351.3475107065906,7.466008346445252,2.5997330998677755,11.29397491787945,24.102817679558008,8.025,34.275,31.77049723756906,13.24,43.71,16.435138121546963,-1.89,25.17,35.004696132596685,5.53,83.41,26.05149171270718,9.88,32.77,2.6296132596685085,0.76,5.1,223.55999999999997,1.2351381215469612,0.0,16.26,178.848,0.9881104972375692,0.0,13.008000000000003,15.574796417638765,7.688734195003904,18.82321303326149,0.16543487017865985,45,12,53,14,1341.3710717804538,7.410889899339524,1.960272951751163,11.858673663773422,145.64091754393473,0.8046459532814074,0.0,7.104000000000001,1195.730154236519,6.6062439460581155,0.0,11.858673663773422,1456.4091754393473,11957.301542365189,13413.710717804535,1162.5230717804538,0.1085761580877243,0.8914238419122756,18.75,4.0,4.0,75.0,11652.0,873900.0,77.67515602343185,637.7227489261434,715.3979049495753
Sonora,Magdalena,36,Magdalena,140,Chile verde,2022,2023,30.771988,-111.139421,770.0,1372.921845000888,7.5852035635408175,2.647155208261857,11.560988998012386,24.450082872928178,9.530000000000001,32.504999999999995,32.26817679558012,17.96,41.24,16.631988950276245,-0.22,26.59,32.850662983425416,3.52,85.16,26.182265193370164,10.35,32.61,2.5703867403314917,0.95,5.01,265.27,1.4655801104972375,0.0,43.12,159.16199999999998,0.8793480662983424,0.0,25.871999999999996,15.50262764054265,7.526097432628472,18.909793085232252,0.19321565970117432,52,17,60,9,1359.9544125807834,7.513560290501566,2.3722954725457823,12.139038447913006,126.17826486777757,0.6971174854573347,0.0,5.982,1233.7761477130057,6.816442805044231,0.0,12.139038447913006,1261.7826486777758,12337.761477130058,13599.544125807834,1200.7924125807833,0.09278124597450975,0.9072187540254901,18.75,4.0,4.0,75.0,10500.0,787500.0,67.29507459614804,658.0139454469364,725.3090200430845
Sonora,Magdalena,36,Magdalena,140,Chile verde,2023,2024,30.771988,-111.139421,770.0,1416.669745286765,7.826904670092624,2.6899200647310555,11.629504018763768,24.50121546961326,5.16,36.55,32.62535911602209,12.22,44.0,16.37707182320442,-1.9,29.1,30.65662983425414,6.02,70.79,26.65386740331492,8.89,32.09,2.6960773480662983,1.23,6.55,98.0,0.5414364640883977,0.0,11.03,78.4,0.4331491712707183,0.0,8.824,15.836306782526044,6.998594841390213,19.503313381291036,0.06917632025815773,30,4,75,13,1423.5134795259148,7.864715356496767,1.6139520388386333,12.210979219701956,74.11930072422071,0.4094988990288437,0.0,7.73661818405989,1349.3941788016941,7.455216457467923,0.0,12.210979219701956,741.193007242207,13493.941788016942,14235.13479525915,1345.1134795259147,0.052067860115315036,0.9479321398846849,17.81,4.0,4.0,71.24,11550.0,822822.0,41.61667643134234,757.6609650767515,799.2776415080939
Sonora,Magdalena,36,Magdalena,140,Cilantro,2015,2016,30.771988,-111.139421,770.0,430.3443247310662,4.482753382615273,2.2459640152171376,6.7367468908159465,20.8840625,7.9399999999999995,29.345,27.38927083333333,12.95,36.11,14.378854166666668,0.18,24.31,50.50843749999999,19.77,86.97,17.260416666666668,8.14,24.29,2.360416666666667,1.08,4.68,132.81,1.3834375,0.0,45.58,106.248,1.1067500000000001,0.0,36.464,9.766887502413995,4.964530452830774,15.79659431942332,0.30861334138191915,17,6,7,8,394.1364408385942,4.105587925402022,1.9836652774964985,6.7367468908159465,44.755572262603465,0.46620387773545274,0.0,4.760000000000001,349.38086857599075,3.6393840476665704,0.0,6.7367468908159465,447.55572262603465,3493.8086857599073,3941.364408385942,287.8884408385942,0.11355349981691153,0.8864465001830886,9.51,24.0,24.0,228.24,8300.0,1894392.0,47.06159018149681,367.38261679914905,414.44420698064584
Sonora,Magdalena,36,Magdalena,140,Cilantro,2016,2017,30.771988,-111.139421,770.0,487.9394293180056,5.082702388729225,2.134106232697517,8.382412739714077,22.00583333333334,8.325000000000001,29.104999999999997,28.901770833333334,14.8,37.04,15.109895833333335,1.44,22.59,41.76927083333333,18.17,83.4,18.437708333333333,8.56,26.6,2.3221875,1.09,5.92,78.02,0.8127083333333333,0.0,44.11,62.416000000000004,0.6501666666666667,0.0,35.288000000000004,10.059536201484127,5.014027302702001,15.894064287936033,0.15989689562298498,8,3,6,7,445.0831492174769,4.636282804348718,1.9686954982903284,8.382412739714077,21.27831154408085,0.2216490785841755,0.0,5.596886167505075,423.80483767339604,4.414633725764542,0.0,8.382412739714077,212.7831154408085,4238.04837673396,4450.831492174769,382.6671492174769,0.04780749750129009,0.9521925024987099,10.5,7.0,7.0,73.5,2521.43,185325.11,19.343919585528045,385.2771251576327,404.6210447431608
Sonora,Magdalena,36,Magdalena,140,Cilantro,2017,2018,30.771988,-111.139421,770.0,533.2437203433242,5.554622086909627,2.4869527131677565,9.098271028458612,23.784010416666664,15.780000000000001,31.064999999999998,31.172812500000003,19.64,38.9,16.395208333333333,10.23,23.85,34.26739583333333,14.5,71.04,18.7228125,5.65,24.82,2.171041666666667,0.95,3.9,21.990000000000002,0.22906250000000003,0.0,8.24,17.592,0.18325,0.0,6.5920000000000005,9.98539389817261,4.099651661519378,15.63399440472592,0.041238179018483215,5,1,15,0,489.1707743399613,5.095528899374597,2.3626050775093685,9.098271028458612,13.845090252220043,0.1442196901272921,0.0,2.845090252220042,475.32568408774125,4.951309209247305,0.0,9.098271028458612,138.45090252220044,4753.256840877412,4891.707743399613,471.57877433996134,0.028303183629278014,0.9716968163707219,19.8,4.0,4.0,79.2,7400.0,586080.0,8.843877516588977,303.6254769005054,312.4693544170944
Sonora,Magdalena,36,Magdalena,140,Cilantro,2018,2019,30.771988,-111.139421,770.0,425.6099908076321,4.433437404246168,1.8198451304139251,7.351200888000334,20.454635416666665,9.215,30.169999999999998,27.005208333333332,14.89,37.91,13.9040625,1.87,23.65,51.28822916666667,28.12,86.47,18.021562499999998,5.1,25.14,2.153958333333333,1.08,7.05,131.08999999999997,1.365520833333333,0.0,23.89,104.872,1.0924166666666666,0.0,19.112000000000002,10.203311339080926,4.057868704661974,16.156790296266422,0.3080049877382936,19,9,10,6,384.0238071405063,4.00024799104694,1.453791704684494,7.351200888000334,48.891467522573095,0.5092861200268031,0.0,4.388936912519873,335.13233961793316,3.490961871020137,0.0,7.351200888000334,488.91467522573095,3351.3233961793317,3840.238071405063,279.15180714050626,0.12731363684617794,0.872686363153822,10.0,5.0,5.0,50.0,7442.78,372139.0,45.374911853896144,311.02769338091247,356.4026052348086
Sonora,Magdalena,36,Magdalena,140,Cilantro,2019,2020,30.771988,-111.139421,770.0,442.601744673579,4.6104348403497815,1.1311008431142027,7.4776042141118015,21.36463541666667,8.379999999999999,30.425,28.034791666666667,12.17,38.27,14.694479166666667,3.32,24.16,49.778333333333336,21.65,88.4,17.69395833333333,3.7,24.85,2.278958333333333,0.69,6.0,195.51,2.0365625,0.0,43.15,156.40800000000002,1.62925,0.0,34.52,10.06758109105298,3.4782690760371233,16.12615127940915,0.4417289410917022,20,10,8,3,401.48099585226964,4.1820937067944755,1.0745458009584925,7.4776042141118015,48.96014012886264,0.5100014596756525,0.0,4.559095110373583,352.52085572340707,3.6720922471188238,0.0,7.4776042141118015,489.6014012886264,3525.2085572340707,4014.809958522697,245.07299585226963,0.1219488360213149,0.8780511639786852,10.25,4.0,4.0,41.0,6000.0,246000.0,44.61060603996596,321.20351318761465,365.8141192275806
Sonora,Magdalena,36,Magdalena,140,Cilantro,2022,2023,30.771988,-111.139421,770.0,418.7729907094708,4.362218653223654,1.2482932594026455,7.629710575728357,20.029791666666664,9.85,28.765,26.612395833333327,17.33,36.15,13.4471875,2.09,22.56,51.75552083333333,26.12,77.88,17.552083333333332,3.54,25.31,2.26125,0.96,4.68,77.25,0.8046875,0.0,12.39,61.800000000000004,0.64375,0.0,9.912,9.942802539070483,3.3530761983149238,15.872808877316682,0.1844674840875619,19,4,4,6,379.3564586555922,3.9516297776624185,1.1858785964325131,7.274043923133408,45.02799775543832,0.4690416432858158,0.0,4.307233325848448,334.3284609001539,3.4825881343766034,0.0,6.698043923133408,450.2799775543832,3343.284609001539,3793.5645865559222,317.55645865559217,0.11869574572425579,0.8813042542757443,11.67,3.0,3.0,35.0,12500.0,437500.0,40.62065652272288,301.6043851151591,342.225041637882
Sonora,Magdalena,36,Magdalena,140,Cilantro,2023,2024,30.771988,-111.139421,770.0,537.2560297026229,5.596416976068988,1.7431063393765813,8.540813016312335,23.000937500000003,10.445,32.6,30.370104166666668,15.43,41.19,15.631770833333334,3.95,24.62,36.3578125,14.79,73.66,18.949375,7.7,26.74,2.3320833333333333,1.29,5.15,36.56,0.38083333333333336,0.0,14.82,29.248,0.3046666666666667,0.0,11.856000000000002,10.10279409789593,5.038935523877699,16.228537902187437,0.06804949219506455,4,2,30,2,488.5805581242039,5.089380813793791,1.6559510224077523,8.540813016312335,14.663841085999845,0.15274834464583173,0.0,3.2223679201724496,473.91671703820407,4.936632469147959,0.0,8.540813016312335,146.63841085999846,4739.167170382041,4885.80558124204,459.3325581242039,0.030013148992866997,0.969986851007133,11.0,3.0,3.0,33.0,9600.0,316800.0,13.978876154432646,451.77952053212977,465.75839668656243
Sonora,Magdalena,36,Magdalena,140,Col (repollo),2010,2011,30.771988,-111.139421,770.0,134.38579131589591,3.0542225299067254,0.9739834085605559,5.118776021022706,11.456931818181816,5.8100000000000005,15.625,17.860454545454544,10.64,24.04,5.053409090909091,-1.28,9.82,51.47772727272727,21.43,87.77,13.883409090909085,4.48,19.56,2.7963636363636364,1.33,9.42,125.78,2.858636363636364,0.0,36.7,100.62400000000001,2.286909090909091,0.0,29.360000000000003,6.9398013356659245,3.945583694620265,10.078474344125787,0.9359620445611948,12,7,0,20,97.90843033164529,2.225191598446484,0.6817883859923891,4.468904494263317,16.6373985411372,0.37812269411675453,0.0,1.8921654409346276,81.2710317905081,1.8470689043297297,0.0,4.468904494263317,166.373985411372,812.7103179050811,979.0843033164531,-2.7155696683547177,0.16992815107730078,0.8300718489226994,29.0,9.0,9.0,261.0,2700.0,704700.0,5.21630303845029,25.480806330305096,30.697109368755385
Sonora,Magdalena,36,Magdalena,140,Col (repollo),2011,2012,30.771988,-111.139421,770.0,726.2533240466553,4.3750200243774415,1.6035393967168634,8.133612209015118,17.20737951807229,-3.0949999999999998,30.419999999999998,24.52487951807229,1.49,38.25,9.88987951807229,-7.68,23.29,40.523855421686754,9.8,87.62,17.13319277108434,7.15,25.73,2.42066265060241,1.15,7.61,76.78,0.4625301204819277,0.0,18.17,61.42400000000001,0.37002409638554223,0.0,14.536000000000001,8.78615984241409,4.460286018444057,16.165756980494443,0.10572068651222803,15,5,16,39,672.6750429329916,4.052259294777057,1.6258931792409725,8.509061456590166,35.28425420573492,0.2125557482273188,0.0,4.144,637.3907887272567,3.839703546549739,0.0,8.509061456590166,0.0,0.0,0.0,611.2510429329916,0.05245363950457985,0.9475463604954202,35.0,11.0,7.0,245.0,2000.0,490000.0,0.0,0.0,0.0
Sonora,Magdalena,36,Magdalena,140,Col (repollo),2012,2013,30.771988,-111.139421,770.0,730.3241980840369,4.39954336195203,0.8583453670282474,7.743645009266469,17.381957831325302,2.675,31.534999999999997,24.66909638554217,9.04,38.49,10.094819277108435,-3.69,25.09,41.28,17.84,90.9,16.797048192771086,3.16,24.99,2.434578313253012,1.18,6.15,135.83999999999997,0.818313253012048,0.0,22.57,108.67200000000003,0.6546506024096387,0.0,18.056,8.63446786565495,3.2639510718438265,15.846143031647403,0.18599958806837885,26,7,15,41,674.7307365510326,4.06464299127128,0.9012626353796598,7.538370333512234,59.79055803100414,0.3601840845241213,0.0,5.33214073270618,614.9401785200284,3.7044589067471594,0.0,7.538370333512234,0.0,0.0,0.0,566.0587365510326,0.08861395337735876,0.9113860466226412,40.0,6.0,6.0,240.0,2200.0,528000.0,0.0,0.0,0.0
Sonora,Magdalena,36,Magdalena,140,Col (repollo),2013,2014,30.771988,-111.139421,770.0,673.9095434580197,4.059696044927829,1.5693989497991556,6.95214723315819,17.056957831325303,0.3250000000000002,29.83,23.938674698795182,6.23,37.61,10.17524096385542,-5.6,22.53,44.284578313253014,21.15,86.97,16.333373493975905,5.93,24.11,2.29710843373494,1.0,6.0,148.98,0.8974698795180722,0.0,17.95,119.184,0.7179759036144578,0.0,14.36,8.559703058287003,4.390973844730882,14.909003323731671,0.22106824490946017,25,9,6,46,624.8836526756911,3.7643593534680186,1.6478688972891136,6.952625646937422,54.483926989049806,0.32821642764487835,0.0,3.2361488960720886,570.3997256866413,3.4361429258231406,0.0,6.952625646937422,0.0,0.0,0.0,505.69965267569114,0.08719051419533048,0.9128094858046696,35.5,8.0,8.0,284.0,2800.0,795200.0,0.0,0.0,0.0
Sonora,Magdalena,36,Magdalena,140,Col (repollo),2014,2015,30.771988,-111.139421,770.0,749.5867607609048,4.515582896150029,1.242431287039996,8.030663204790184,17.778373493975902,6.43,30.485,25.023674698795183,8.94,37.68,10.533072289156625,-1.38,24.26,40.529457831325296,19.69,87.0,17.052951807228915,6.45,24.71,2.480542168674699,1.01,6.05,83.38,0.502289156626506,0.0,15.69,66.70400000000001,0.40183132530120486,0.0,12.552,8.753977212172414,4.354960834970721,15.898190242551614,0.11123462201408285,12,6,10,25,695.5849477918027,4.190270769830137,1.304552851391996,8.045907484204868,33.381913101694394,0.20109586205839997,0.0,4.481091766482537,662.2030346901083,3.989174907771737,0.0,8.045907484204868,0.0,0.0,0.0,628.8809477918028,0.04799113782963288,0.9520088621703671,33.25,5.0,5.0,166.25,3100.0,515375.0,0.0,0.0,0.0
Sonora,Magdalena,36,Magdalena,140,Col (repollo),2015,2016,30.771988,-111.139421,770.0,620.5646893037193,3.7383415018296344,1.017287619515461,7.176009117491923,17.450030120481927,2.61,29.450000000000003,24.039397590361446,8.52,36.71,10.860662650602412,-3.56,22.35,55.34319277108435,26.49,91.49,16.17156626506024,4.27,26.37,2.290843373493976,0.76,7.08,332.63,2.0037951807228915,0.0,90.25,199.57800000000003,1.2022771084337351,0.0,54.15,8.82265109336565,3.6940133906957957,16.05644314307197,0.5360118062360504,31,17,4,28,578.5257190372329,3.4850946929953786,0.9664232385396879,6.370524085198021,56.93614462218632,0.34298882302521877,0.0,3.549543342315419,521.5895744150466,3.1421058699701603,0.0,6.370524085198021,0.0,0.0,0.0,378.94771903723284,0.0984159264638017,0.9015840735361984,34.8,8.0,8.0,278.42,4000.0,1113680.0,0.0,0.0,0.0
Sonora,Magdalena,36,Magdalena,140,Col (repollo),2016,2017,30.771988,-111.139421,770.0,670.2997082034497,4.037950049418371,0.8017578970061457,6.7367468908159465,17.013042168674698,3.21,29.345,23.889698795180728,8.58,36.11,10.136385542168673,-3.4,24.31,47.397590361445786,19.77,92.31,16.127349397590365,5.51,24.29,2.5055421686746984,1.08,5.46,185.28999999999996,1.1162048192771081,0.0,45.58,148.23200000000003,0.8929638554216869,0.0,36.464,8.512322073256586,3.994094793151106,15.79659431942332,0.27642858520201036,27,10,7,47,623.6856545790802,3.757142497464338,0.841845791856453,6.336529963928958,60.353477251860085,0.3635751641678318,0.0,4.760000000000001,563.33217732722,3.3935673332965064,0.0,6.336529963928958,0.0,0.0,0.0,475.45365457908014,0.09676906436559311,0.9032309356344068,32.0,6.0,6.0,192.0,2524.25,484656.0,0.0,0.0,0.0
Sonora,Magdalena,36,Magdalena,140,Col (repollo),2017,2018,30.771988,-111.139421,770.0,708.8852130602419,4.270392849760493,0.973297523282181,8.382412739714077,18.52406626506024,5.835000000000001,29.104999999999997,25.22397590361446,9.88,37.04,11.824156626506024,-0.94,22.59,45.24234939759036,18.17,88.27,16.259397590361445,4.7,26.6,2.4327710843373493,1.09,5.92,166.75,1.0045180722891567,0.0,44.11,133.4,0.8036144578313253,0.0,35.288000000000004,8.588481100349405,3.7374078252306973,15.894064287936033,0.23522849246656438,19,10,6,26,658.1988422441359,3.9650532665309393,1.02196239944629,8.801533376699782,41.61032523155879,0.2506646098286674,0.0,3.917820317253552,616.5885170125771,3.7143886567022717,0.0,8.801533376699782,0.0,0.0,0.0,524.7988422441359,0.06321847223202026,0.9367815277679797,34.5,15.0,15.0,517.5,3471.12,1796304.6,0.0,0.0,0.0
Sonora,Magdalena,36,Magdalena,140,Col (repollo),2018,2019,30.771988,-111.139421,770.0,830.0754786574087,5.000454690707281,1.3226225955470736,9.098271028458612,20.38460843373494,6.615,31.064999999999998,27.68692771084337,11.38,38.9,13.082289156626505,-2.1,23.85,33.19674698795181,12.96,82.51,16.919036144578314,5.65,24.82,2.4004819277108433,0.95,6.18,41.31,0.248855421686747,0.0,11.64,33.048,0.1990843373493976,0.0,9.312000000000001,8.495990495314983,4.099651661519378,15.63399440472592,0.04976655865899828,8,3,15,11,775.4495331571733,4.67138272986249,1.3887537253244273,9.553184579881544,21.0440004909839,0.12677108729508374,0.0,4.02615651343943,754.4055326661894,4.544611642567406,0.0,9.553184579881544,0.0,0.0,0.0,742.4015331571733,0.02713780793097539,0.9728621920690247,34.8,15.0,15.0,522.0,3530.33,1842832.26,0.0,0.0,0.0
Sonora,Magdalena,36,Magdalena,140,Col (repollo),2019,2020,30.771988,-111.139421,770.0,636.7871329288877,3.836067065836673,1.2045199780753222,7.351200888000334,16.89463855421687,2.2649999999999997,30.169999999999998,23.529578313253015,6.89,37.91,10.259698795180723,-2.36,23.65,50.80445783132531,24.26,86.47,15.971927710843374,4.3,25.14,2.3173493975903616,1.08,7.05,189.35999999999999,1.140722891566265,0.0,23.89,151.488,0.9125783132530121,0.0,19.112000000000002,8.643716248393023,3.719585194156481,16.156790296266422,0.29736781760812764,34,11,10,34,586.8763884291056,3.5353999302958172,1.2647459769790883,5.602064858020115,76.74029058775744,0.4622909071551653,0.0,4.388936912519873,510.1360978413482,3.0731090231406517,0.0,5.602064858020115,0.0,0.0,0.0,435.38838842910565,0.13076056917738416,0.8692394308226159,34.33,13.5,13.5,463.5,3720.06,1724247.81,0.0,0.0,0.0
Sonora,Magdalena,36,Magdalena,140,Col (repollo),2022,2023,30.771988,-111.139421,770.0,718.7393556103289,4.3297551542790895,1.139467984813722,7.383122840415764,18.25578313253012,4.555,29.82,25.407168674698795,11.43,37.68,11.104397590361446,-3.43,22.88,42.13620481927711,20.17,88.41,16.527530120481927,2.53,24.21,2.343915662650603,0.97,6.15,73.16,0.44072289156626504,0.0,22.93,58.528000000000006,0.3525783132530121,0.0,18.344,8.658247516580907,3.094463221252784,15.733497850025152,0.1017893335448078,16,3,12,20,668.8564235220271,4.029255563385705,1.1964413840544081,7.288991185733126,36.42485600813692,0.21942684342251156,0.0,3.7902693409600468,632.4315675138901,3.809828719963193,0.0,7.288991185733126,0.0,0.0,0.0,610.328423522027,0.05445840800381782,0.945541591996182,38.5,10.0,10.0,385.0,5500.0,2117500.0,0.0,0.0,0.0
Sonora,Magdalena,36,Magdalena,140,Col (repollo),2023,2024,30.771988,-111.139421,770.0,633.628821174409,3.8170410914121025,1.0495347381640125,7.629710575728357,16.29081325301205,3.335,28.765,22.97692771084337,7.4,36.15,9.604698795180724,-2.86,22.56,49.888674698795185,25.01,86.44,16.02602409638554,2.76,25.31,2.4092771084337348,0.96,6.61,130.64000000000001,0.786987951807229,0.0,12.82,104.512,0.6295903614457832,0.0,10.256,8.563926572907357,3.2115052921242864,15.872808877316682,0.20617749009248554,27,9,4,43,586.5615076086453,3.5335030578834057,1.1020114750722132,6.45244857005045,56.68703673302594,0.3414881730905177,0.0,3.1181510045574496,529.8744708756194,3.192014884792888,0.0,6.45244857005045,0.0,0.0,0.0,482.04950760864534,0.0966429538892409,0.9033570461107591,35.71,7.0,7.0,249.97,4992.2,1247900.23,0.0,0.0,0.0
Sonora,Magdalena,36,Magdalena,140,Elote,2011,2012,30.771988,-111.139421,770.0,891.0485776702026,8.10044161518366,2.5426557937820533,11.492850522049505,21.01359090909091,8.379999999999999,29.855,30.076545454545457,13.02,39.67,11.950636363636363,1.4,20.47,21.782999999999998,8.37,67.82,27.944272727272725,12.04,33.0,3.0620909090909083,1.86,5.77,6.1000000000000005,0.05545454545454546,0.0,5.23,4.88,0.04436363636363636,0.0,4.184,15.660192735315487,8.466897236552807,19.133657681817176,0.0068458669402172035,1,1,21,4,889.8475916690608,8.089523560627825,1.9357224761175509,12.528779220043326,3.620054162849361,0.03290958329863056,0.0,2.924054162849361,886.2275375062114,8.056613977329194,0.0,12.528779220043326,36.20054162849361,8862.275375062114,8898.475916690608,884.9675916690608,0.004068173243082372,0.9959318267569177,10.5,3.0,3.0,31.5,5650.0,177975.0,3.4476706312851055,844.0262261963918,847.4738968276769
Sonora,Magdalena,36,Magdalena,140,Elote,2012,2013,30.771988,-111.139421,770.0,891.730577363141,8.106641612392192,1.8189475077975426,12.267471605055428,21.131681818181814,5.4,32.18,30.213727272727276,8.38,41.08,12.049636363636367,-1.3,23.38,22.107090909090907,6.97,74.83,27.891000000000002,10.08,33.04,3.068181818181819,1.71,6.2,17.88,0.16254545454545455,0.0,5.18,14.304000000000002,0.13003636363636364,0.0,4.144,15.658653302685197,7.250798847041311,18.879587347474814,0.02005089928941474,4,2,32,13,902.5217867206252,8.204743515642047,0.727579003119017,12.8808451853082,7.807785616983197,0.0709798692453018,0.0,3.144,894.7140011036421,8.133763646396746,0.0,12.8808451853082,78.07785616983197,8947.140011036421,9025.217867206253,888.2177867206252,0.008651077161642071,0.9913489228383581,9.72,10.0,10.0,97.2,5000.0,486000.0,8.570565990102303,982.1229430336358,990.6935090237381
Sonora,Magdalena,36,Magdalena,140,Elote,2013,2014,30.771988,-111.139421,770.0,877.1346215536759,7.973951105033417,3.0469128961126564,11.576487225848863,21.59818181818182,8.905,31.85,30.423272727272728,13.79,41.78,12.77309090909091,2.16,22.51,24.31281818181818,8.26,62.25,27.891909090909092,16.7,32.5,2.935636363636364,1.57,6.39,8.569999999999999,0.0779090909090909,0.0,4.61,6.856000000000001,0.06232727272727273,0.0,3.6880000000000006,15.802570983689773,10.075198295370644,19.094533555224242,0.009770450042001404,2,0,20,6,885.2909919437723,8.048099926761566,1.2187651584450627,12.383473403556188,4.485723690988341,0.040779306281712197,0.0,1.784,880.805268252784,8.007320620479854,0.0,12.383473403556188,44.85723690988341,8808.05268252784,8852.909919437723,878.4349919437723,0.005066948304917627,0.9949330516950825,10.23,55.0,55.0,562.65,4025.0,2264666.25,4.38487164319486,861.0022172558982,865.3870888990931
Sonora,Magdalena,36,Magdalena,140,Elote,2014,2015,30.771988,-111.139421,770.0,878.0997952078615,7.982725410980558,1.3574343412837453,12.198471959465113,21.790090909090907,12.835,32.43,30.194000000000006,16.07,41.45,13.386181818181814,3.98,23.41,24.296363636363637,6.31,86.0,27.42954545454545,3.77,32.67,2.9530000000000003,1.48,6.17,36.83,0.3348181818181818,0.0,30.81,29.464,0.26785454545454546,0.0,24.648,15.519550050290167,3.9065977821578364,18.769883238259645,0.04194284089461802,2,1,27,1,891.0378891857434,8.100344447143122,0.5429737365134981,12.80839555743837,3.071921420712905,0.02792655837011732,0.0,1.3929476841994066,887.9659677650305,8.072417888773005,0.0,12.80839555743837,30.71921420712905,8879.659677650305,8910.378891857434,861.5738891857434,0.0034475766496530435,0.996552423350347,18.5,2.0,2.0,37.0,1500.0,55500.0,1.6604980652502188,479.98160419731374,481.642102262564
Sonora,Magdalena,36,Magdalena,140,Elote,2017,2018,30.771988,-111.139421,770.0,867.1690226626541,7.883354751478674,3.551053184576525,11.072733424361166,22.223590909090916,12.280000000000001,31.735,30.91190909090909,16.69,42.14,13.535272727272726,4.36,22.82,25.388545454545454,5.41,64.22,27.771818181818173,14.09,33.35,2.831363636363636,1.56,5.43,9.389999999999999,0.08536363636363635,0.0,4.14,7.512,0.06829090909090908,0.0,3.312,15.743181742150233,8.418943852477135,19.176264133697124,0.010828338829687294,2,0,24,1,871.9453458466662,7.926775871333329,1.6911592398487423,12.547677960828095,7.512,0.06829090909090908,0.0,3.312,864.4333458466663,7.858484962242421,0.8757111622630038,12.547677960828095,75.11999999999999,8644.333458466663,8719.453458466664,864.4333458466663,0.008615218873272138,0.9913847811267279,9.51,20.0,20.0,190.2,3696.75,703121.85,7.899053627760251,908.9730240238341,916.8720776515944
Sonora,Magdalena,36,Magdalena,140,Elote,2018,2019,30.771988,-111.139421,770.0,859.6784331773036,7.815258483430033,3.0541920357336925,11.345575371684241,22.124636363636363,10.76,31.085,30.604727272727274,18.69,40.07,13.644545454545451,-0.16,23.93,25.398000000000003,7.98,62.49,26.95554545454545,7.26,32.84,2.8089090909090912,1.44,4.91,12.780000000000001,0.11618181818181819,0.0,6.42,10.224,0.09294545454545455,0.0,5.136,15.36656362930706,6.244911587941367,19.473860696538864,0.014866023744211112,3,1,27,4,878.1067228490564,7.982788389536876,1.626707691031674,12.26775488222526,8.294901637520377,0.0754081967047307,0.0,3.448,869.811821211536,7.907380192832145,0.0,12.26775488222526,82.94901637520377,8698.11821211536,8781.067228490563,867.8827228490563,0.009446347945733976,0.9905536520542659,9.6,30.0,30.0,288.0,3694.49,1064013.12,8.640522539083726,906.0539804286833,914.694502967767
Sonora,Magdalena,36,Magdalena,140,Elote,2019,2020,30.771988,-111.139421,770.0,768.725964061974,6.988417855108854,2.202373603124072,12.257303250252852,19.92390909090909,8.77,32.45,28.081545454545456,13.04,40.9,11.766272727272726,0.57,24.0,34.295818181818184,13.44,79.54,26.619,7.47,32.45,2.8149090909090906,1.26,4.68,40.23,0.3657272727272727,0.0,29.13,32.184,0.29258181818181817,0.0,23.304000000000002,15.67685178691631,5.822201400201807,19.45703949341914,0.052333343585044684,5,2,11,7,783.735196927754,7.124865426615946,0.8809494412496289,12.870168412765494,9.760949441249629,0.08873590401136026,0.0,4.688000000000001,773.9742474865045,7.036129522604586,0.0,12.870168412765494,97.60949441249629,7739.742474865045,7837.351969277541,751.5511969277541,0.012454397198840374,0.9875456028011598,9.5,25.0,25.0,237.5,3364.95,799175.63,10.27468362236803,814.7097341963205,824.9844178186885
Sonora,Magdalena,36,Magdalena,140,Elote,2020,2021,30.771988,-111.139421,770.0,788.2850472883292,7.166227702621175,1.8174425934442668,11.906703413020889,20.778318181818182,8.73,31.04,28.956,13.8,40.77,12.600636363636365,1.46,22.62,35.783545454545454,7.46,80.0,26.564636363636364,6.62,33.75,2.802454545454546,1.31,5.24,58.81999999999999,0.5347272727272727,0.0,16.7,47.056,0.42778181818181815,0.0,13.36,15.668490502450249,5.534678257394701,19.902498805576627,0.07461767821467447,8,5,26,5,812.6044004087092,7.387312730988266,0.7269770373777068,12.502038583671935,15.451806348739888,0.14047096680672624,0.0,3.8240000000000003,797.1525940599694,7.24684176418154,0.0,12.502038583671935,154.51806348739888,7971.525940599694,8126.044004087093,765.5484004087092,0.019015164501900574,0.9809848354980995,9.15,20.0,20.0,183.0,3525.41,645150.03,16.887220053267637,871.2050208305676,888.0922408838352
Sonora,Magdalena,36,Magdalena,140,Elote,2021,2022,30.771988,-111.139421,770.0,882.9150246598828,8.026500224180753,3.2671215862519385,11.29397491787945,21.40240909090909,8.025,34.275,30.182727272727277,13.24,43.71,12.622090909090907,-1.89,24.84,22.844636363636365,5.53,59.6,27.640363636363634,12.14,32.77,3.0286363636363633,1.79,5.1,3.67,0.033363636363636366,0.0,1.77,2.9360000000000004,0.026690909090909095,0.0,1.4160000000000001,15.577839678764247,7.8349560911714,18.82321303326149,0.004156685408557591,2,0,19,14,895.2871315079361,8.13897392279942,1.3068486345007755,11.858673663773422,2.8268486345007755,0.02569862395000705,0.0,1.3068486345007755,892.4602828734354,8.113275298849413,0.0,11.858673663773422,28.268486345007755,8924.602828734354,8952.871315079363,892.3511315079361,0.003157477121043281,0.9968425228789568,10.0,5.0,5.0,50.0,4100.0,205000.0,2.8268486345007755,892.4602828734354,895.2871315079361
Sonora,Magdalena,36,Magdalena,140,Elote,2022,2023,30.771988,-111.139421,770.0,910.0340457724513,8.273036779749559,3.9538257875763043,11.560988998012386,22.052318181818187,9.530000000000001,32.504999999999995,31.13445454545455,17.96,41.24,12.970181818181821,-0.22,24.47,19.90827272727273,3.52,58.4,27.975181818181824,10.55,32.61,2.968272727272727,1.42,5.01,9.98,0.09072727272727273,0.0,3.11,7.984,0.07258181818181818,0.0,2.488,15.55090408044818,7.526097432628472,18.909793085232252,0.010966622673472417,4,0,29,9,921.2969698889261,8.375426998990237,1.5815303150305218,12.401343330919905,7.984,0.07258181818181818,0.0,2.488,913.3129698889261,8.302845180808418,1.5815303150305218,12.401343330919905,79.84,9133.12969888926,9212.969698889261,913.3129698889261,0.008666043915202034,0.9913339560847979,9.5,4.0,4.0,38.0,4500.0,171000.0,8.40421052631579,961.3820735672906,969.7862840936064
Sonora,Magdalena,36,Magdalena,140,Elote,2023,2024,30.771988,-111.139421,770.0,803.4306278235853,7.30391479839623,2.6899200647310555,10.918436010517375,20.052090909090904,5.16,30.695,28.60272727272727,12.22,38.0,11.501454545454548,-1.9,23.39,29.397454545454544,12.41,70.79,27.08418181818181,12.57,32.09,2.839909090909091,1.4,5.36,18.14,0.16490909090909092,0.0,6.43,14.512,0.13192727272727273,0.0,5.144,15.643674476744296,8.447546091686458,19.503313381291036,0.022578178341469853,7,1,10,13,820.207652008533,7.456433200077573,1.0759680258924222,11.464357811043245,10.190783172932798,0.09264348339029817,0.0,1.854178644331124,810.0168688356002,7.3637897166872746,0.0,11.464357811043245,101.90783172932798,8100.168688356002,8202.076520085331,805.695652008533,0.012424638014504623,0.9875753619854953,9.03,4.0,4.0,36.12,4950.0,178794.0,11.285474167145956,897.0286476584721,908.314121825618
Sonora,Magdalena,36,Magdalena,140,Hortalizas,2010,2011,30.771988,-111.139421,770.0,108.3530195384666,3.186853515837253,0.9739834085605559,5.118776021022706,11.932941176470589,5.8100000000000005,15.625,18.35911764705882,10.64,24.04,5.506764705882354,-1.28,9.82,47.00588235294118,21.43,87.77,13.099411764705884,4.48,16.91,2.973823529411765,1.37,9.42,111.13,3.268529411764706,0.0,36.7,88.90400000000001,2.614823529411765,0.0,29.360000000000003,6.352521991645711,3.945583694620265,8.362230667528134,1.0256290085256696,8,6,0,12,82.97311534047819,2.440385745308182,0.997656717623216,3.5831432147158937,11.789107737855513,0.34673846287810334,0.0,2.273430601382091,71.18400760262269,2.093647282430079,0.0,3.5831432147158937,117.89107737855514,711.8400760262268,829.7311534047819,-5.930884659521823,0.14208346510166808,0.8579165348983321,9.05,34.0,34.0,307.53,3000.0,922590.0,13.055490296628474,78.83057320334737,91.88606349997585
Sonora,Magdalena,36,Magdalena,140,Hortalizas,2011,2012,30.771988,-111.139421,770.0,679.2246573674715,4.354004213894048,1.6035393967168634,8.133612209015118,17.54740384615385,-3.0949999999999998,30.419999999999998,24.730705128205127,1.49,38.25,10.364102564102565,-7.68,23.29,41.598333333333336,17.9,87.62,17.02153846153846,7.15,25.73,2.400192307692308,1.15,7.61,76.78,0.4921794871794872,0.0,18.17,61.424000000000014,0.3937435897435898,0.0,14.536000000000001,8.791475610368247,4.460286018444057,16.165756980494443,0.11304065476300984,15,5,16,32,627.5357150954014,4.022664840355137,1.4431854570451772,8.509061456590166,35.34091175540625,0.22654430612439905,0.0,4.152,592.1948033399951,3.796120534230738,0.0,8.509061456590166,0.0,0.0,0.0,566.1117150954015,0.05631697273203571,0.9436830272679643,11.0,17.0,5.0,55.0,4450.0,244750.0,0.0,0.0,0.0
Sonora,Magdalena,36,Magdalena,140,Hortalizas,2012,2013,30.771988,-111.139421,770.0,691.8140845198329,4.434705669998929,0.8583453670282474,7.743645009266469,17.616121794871795,2.675,31.534999999999997,24.900256410256414,9.04,38.49,10.331987179487179,-3.69,25.09,41.20583333333334,17.84,90.9,16.793525641025642,3.16,24.99,2.4326282051282053,1.18,6.15,134.32999999999998,0.8610897435897434,0.0,22.57,107.46400000000001,0.688871794871795,0.0,18.056,8.634984805614298,3.2639510718438265,15.846143031647403,0.1941706637748411,25,7,15,40,639.4153109898396,4.098816096088715,0.7725108303254227,7.9901844624873775,57.73365393748403,0.3700875252402822,0.0,5.33214073270618,581.6816570523555,3.728728570848433,0.0,7.538370333512234,0.0,0.0,0.0,531.9513109898395,0.090291322314616,0.909708677685384,10.0,6.0,6.0,60.0,3500.0,210000.0,0.0,0.0,0.0
Sonora,Magdalena,36,Magdalena,140,Hortalizas,2013,2014,30.771988,-111.139421,770.0,643.811632003996,4.126997641051257,1.5693989497991556,6.95214723315819,17.534551282051286,0.3250000000000002,29.83,24.41378205128205,6.23,37.61,10.655320512820513,-5.6,22.53,43.921794871794866,21.15,86.97,16.295897435897434,5.93,24.11,2.3005128205128207,1.0,6.0,145.79999999999998,0.9346153846153845,0.0,17.95,116.64,0.7476923076923077,0.0,14.36,8.544792976018625,4.390973844730882,14.909003323731671,0.22646375547171696,23,9,6,39,599.9850937630843,3.8460582933531042,1.4124590548192402,7.080328598000193,49.845548022932505,0.31952274373674683,0.0,3.2361488960720886,550.1395457401518,3.5265355496163577,0.0,7.080328598000193,0.0,0.0,0.0,483.34509376308426,0.08307797733824199,0.916922022661758,9.25,28.0,28.0,259.0,4500.0,1165500.0,0.0,0.0,0.0
Sonora,Magdalena,36,Magdalena,140,Hortalizas,2014,2015,30.771988,-111.139421,770.0,707.0871626587735,4.53261001704342,1.242431287039996,8.030663204790184,17.994358974358974,6.43,30.485,25.189038461538463,8.94,37.68,10.799679487179487,-1.38,24.26,40.83557692307693,19.97,87.0,16.974743589743593,6.45,24.71,2.50198717948718,1.01,6.05,83.25999999999999,0.5337179487179486,0.0,15.69,66.608,0.426974358974359,0.0,12.552,8.74406237084837,4.354960834970721,15.898190242551614,0.11775068817107014,12,6,10,21,654.620225968363,4.1962834997971985,1.1181881583359965,8.432196365029693,33.0995484086384,0.21217659236306666,0.0,4.481091766482537,621.5206775597246,3.984106907434132,0.0,8.432196365029693,0.0,0.0,0.0,588.012225968363,0.05056297849592881,0.9494370215040712,9.15,5.0,5.0,45.75,8250.0,377437.5,0.0,0.0,0.0
Sonora,Magdalena,36,Magdalena,140,Hortalizas,2015,2016,30.771988,-111.139421,770.0,575.7365525611458,3.6906189266740115,1.017287619515461,7.176009117491923,17.453333333333337,2.61,29.450000000000003,23.947692307692307,8.52,36.71,10.95897435897436,-3.56,22.35,56.30570512820512,26.49,91.49,16.02128205128205,4.27,26.37,2.266217948717949,0.76,5.14,332.63,2.13224358974359,0.0,90.25,199.57800000000003,1.2793461538461541,0.0,54.15,8.793672224755246,3.6940133906957957,16.05644314307197,0.5777468853077089,31,17,4,28,533.8672461438663,3.4222259368196557,0.9155588575639149,6.370524085198021,60.4428984419729,0.387454477192134,0.0,4.290319676098349,473.42434770189345,3.034771459627522,0.0,6.370524085198021,0.0,0.0,0.0,334.28924614386625,0.11321709447161847,0.8867829055283817,9.75,14.0,14.0,136.5,6846.52,934549.98,0.0,0.0,0.0
Sonora,Magdalena,36,Magdalena,140,Lechuga,2010,2011,30.771988,-111.139421,770.0,421.827540976085,3.9795051035479716,1.350196708016196,6.90035619839178,15.610377358490565,5.855,26.7,22.78764150943396,10.83,35.51,8.433113207547171,-0.49,18.18,39.37367924528302,20.76,82.72,15.359528301886794,6.62,22.32,2.468679245283019,1.16,5.37,32.38,0.30547169811320757,0.0,6.09,25.904,0.24437735849056605,0.0,4.872,7.469849082355076,4.434003724157727,12.24426809807127,0.07676122788254773,11,1,1,28,385.4760384609184,3.636566400574702,1.2826868726153862,6.90035619839178,20.812441378694377,0.19634378659145638,0.0,3.2893310131260067,364.663597082224,3.440222613983245,0.0,6.90035619839178,0.0,0.0,0.0,359.5720384609184,0.05399153073636366,0.9460084692636362,24.0,14.0,14.0,336.0,3800.0,1276800.0,0.0,0.0,0.0
Sonora,Magdalena,36,Magdalena,140,Lechuga,2011,2012,30.771988,-111.139421,770.0,416.82024975962736,3.932266507166296,1.6035393967168634,8.103868053895395,15.85566037735849,3.16,28.105,23.04745283018868,8.05,35.53,8.6638679245283,-3.32,20.68,41.71481132075472,17.9,75.21,15.725943396226413,7.15,22.24,2.402735849056604,1.16,5.66,28.77,0.27141509433962263,0.0,9.29,23.016,0.2171320754716981,0.0,7.4319999999999995,7.68946775784638,4.460286018444057,12.518535557925746,0.0690225583248202,8,2,1,24,380.97533630060593,3.5941069462321313,1.5233624268810202,8.103868053895395,16.327387823657503,0.15403196060054247,0.0,3.6122312669041303,364.64794847694844,3.440074985631589,0.0,8.103868053895395,0.0,0.0,0.0,357.9593363006059,0.04285681058044789,0.9571431894195521,27.0,9.0,7.0,189.0,5000.0,945000.0,0.0,0.0,0.0
Sonora,Magdalena,36,Magdalena,140,Lechuga,2012,2013,30.771988,-111.139421,770.0,427.19435151824746,4.03013539168158,0.8583453670282474,7.179400317630699,15.534481132075472,2.675,27.580000000000002,22.795283018867924,9.04,35.25,8.27367924528302,-3.69,21.78,41.729150943396235,17.84,90.9,15.475566037735852,3.16,22.67,2.5846226415094335,1.18,6.15,76.97000000000001,0.7261320754716982,0.0,22.57,61.576,0.5809056603773585,0.0,18.056,7.539534986740845,3.2639510718438265,12.626536005448097,0.18017560327389362,12,4,1,31,385.49778277602553,3.6367715356228825,0.815428098676835,6.554683818834057,20.396011014306783,0.1924151982481772,0.0,2.554530291289919,365.1017717617188,3.4443563373747055,0.0,6.554683818834057,0.0,0.0,0.0,323.9217827760255,0.05290824467895028,0.9470917553210498,32.0,4.0,4.0,128.0,4800.0,614400.0,0.0,0.0,0.0
Sonora,Magdalena,36,Magdalena,140,Lechuga,2013,2014,30.771988,-111.139421,770.0,413.8715879808101,3.9044489432151894,1.5693989497991556,6.743170093333517,16.17297169811321,0.3250000000000002,26.555,23.215094339622638,6.23,35.05,9.130849056603774,-5.58,19.58,40.56547169811321,21.15,78.27,15.486886792452829,5.93,23.03,2.3321698113207545,1.0,6.0,48.720000000000006,0.459622641509434,0.0,16.67,38.97599999999999,0.3676981132075471,0.0,13.336000000000002,7.5875418463251165,4.390973844730882,12.471826574839483,0.11771767237682186,8,4,1,31,376.6208818995799,3.5530271877318857,1.4909290023091977,6.621548235178497,15.74479055191895,0.14853575992376367,0.0,2.437424597286794,360.876091347661,3.4044914278081224,0.0,6.621548235178497,0.0,0.0,0.0,337.6448818995799,0.041805410450175336,0.9581945895498247,32.25,6.0,6.0,193.5,3500.0,677250.0,0.0,0.0,0.0
Sonora,Magdalena,36,Magdalena,140,Lechuga,2014,2015,30.771988,-111.139421,770.0,444.2680727394452,4.191208233390992,1.242431287039996,8.030663204790184,16.156603773584905,6.43,24.725,23.40688679245283,8.94,32.84,8.906320754716981,-1.38,18.15,40.56415094339622,21.37,87.0,15.789622641509434,6.51,23.03,2.662547169811321,1.11,6.05,43.230000000000004,0.4078301886792453,0.0,15.69,34.584,0.3262641509433963,0.0,12.552,7.675532479835484,4.354960834970721,12.956805102887024,0.09730611460201323,4,3,0,18,404.11328121502623,3.8123894454247758,1.1803097226879962,7.662769032576064,9.227087578387476,0.08704799602252336,0.0,1.6709103501836922,394.8861936366387,3.725341449402252,0.0,7.662769032576064,0.0,0.0,0.0,369.52928121502623,0.022832923359125627,0.9771670766408743,32.0,5.0,5.0,160.0,4230.0,676800.0,0.0,0.0,0.0
Sonora,Magdalena,36,Magdalena,140,Lechuga,2016,2017,30.771988,-111.139421,770.0,384.2409236195326,3.6249143737691756,0.8017578970061457,6.287743997831412,15.324433962264152,3.21,28.19,22.127735849056602,8.58,35.6,8.521132075471698,-3.04,20.78,48.26103773584905,19.77,92.31,15.035377358490567,5.51,22.21,2.5170754716981136,1.08,4.68,72.39999999999999,0.6830188679245283,0.0,13.18,57.92,0.5464150943396227,0.0,10.544,7.594682719579718,3.994094793151106,12.503906158133987,0.18842344880393055,17,4,2,35,350.11332585626155,3.3029559043043544,0.7616700021558385,5.991340817702084,34.45736933290267,0.3250695220085158,0.0,3.45259524508641,315.65595652335884,2.977886382295838,0.0,5.991340817702084,0.0,0.0,0.0,292.19332585626154,0.09841776015988916,0.9015822398401107,28.5,3.0,3.0,85.5,2828.68,241852.14,0.0,0.0,0.0
Sonora,Magdalena,36,Magdalena,140,Lechuga,2017,2018,30.771988,-111.139421,770.0,434.11060967450413,4.095383110136831,1.1785354615701547,8.382412739714077,18.11221698113208,5.835000000000001,26.585,24.909622641509436,9.88,34.62,11.314811320754718,0.97,20.8,42.56905660377358,18.17,83.32,14.989905660377358,4.7,22.75,2.3991509433962266,1.09,5.92,58.19,0.5489622641509434,0.0,15.62,46.552,0.4391698113207547,0.0,12.496,7.511768789577554,3.7374078252306973,13.107997378113847,0.13404417838032298,7,5,0,15,394.4773314185228,3.7214842586653094,1.119608688491647,7.410397635559805,15.215018548611965,0.14353791083596193,0.0,2.7258498173176156,379.2623128699108,3.577946347829347,0.0,7.410397635559805,0.0,0.0,0.0,347.9253314185228,0.03857007066514935,0.9614299293348505,33.5,18.0,18.0,603.0,3582.99,2160542.97,0.0,0.0,0.0
Sonora,Magdalena,36,Magdalena,140,Lechuga,2018,2019,30.771988,-111.139421,770.0,494.3902140621281,4.664058623227624,1.3226225955470736,9.098271028458612,20.085518867924527,6.615,28.794999999999998,27.233490566037737,11.38,37.27,12.937547169811321,-2.1,21.9,31.972452830188683,14.5,82.51,15.352924528301886,5.65,23.16,2.2880188679245284,0.95,4.93,22.830000000000002,0.21537735849056605,0.0,11.64,18.264000000000003,0.17230188679245287,0.0,9.312000000000001,7.330702778069691,4.099651661519378,12.875151080321602,0.04617809849515153,4,2,6,6,449.25829923828366,4.2382858418706,1.25649146576972,9.098271028458612,9.491204501738727,0.08953966511074271,0.0,3.6427130359690074,439.76709473654495,4.148746176759858,0.0,9.098271028458612,0.0,0.0,0.0,430.99429923828365,0.021126386575008278,0.9788736134249918,34.0,14.0,14.0,476.0,3415.99,1626011.24,0.0,0.0,0.0
Sonora,Magdalena,36,Magdalena,140,Lechuga,2019,2020,30.771988,-111.139421,770.0,358.76130046419524,3.3845405704169362,1.2045199780753222,5.237159719054601,15.286981132075473,2.2649999999999997,24.035,21.873301886792454,6.89,31.19,8.70066037735849,-2.36,19.27,51.37943396226415,25.45,86.02,14.683584905660378,4.3,22.5,2.320943396226415,1.25,7.05,108.25999999999999,1.0213207547169811,0.0,19.2,86.608,0.8170566037735849,0.0,15.36,7.580730665416471,3.719585194156481,13.211639483509742,0.3017605295217856,21,7,0,22,329.17929233927714,3.1054650220686524,1.144293979171556,5.237159719054601,39.67801291825395,0.3743208765873014,0.0,3.0834350212768897,289.50127942102324,2.7311441454813514,0.0,5.237159719054601,0.0,0.0,0.0,242.57129233927714,0.12053617539635142,0.8794638246036487,33.8,12.0,12.0,405.6,3701.7,1501409.52,0.0,0.0,0.0
Sonora,Magdalena,36,Magdalena,140,Lechuga,2020,2021,30.771988,-111.139421,770.0,383.2578756470123,3.6156403362925693,1.051501867368186,7.4776042141118015,16.02127358490566,3.88,26.6,22.85754716981132,8.52,34.56,9.185,-2.56,19.81,49.78915094339622,21.65,89.11,15.050849056603772,3.7,22.94,2.4154716981132074,0.81,7.03,147.99,1.3961320754716982,0.0,25.17,118.392,1.1169056603773584,0.0,20.136000000000003,7.6977504832248025,3.4782690760371233,13.156858851096572,0.3861368791186996,13,8,0,28,346.2689289676511,3.266688009128784,0.9989267739997766,7.4776042141118015,21.245151948139416,0.20042596177490016,0.0,2.197401665128057,325.0237770195117,3.0662620473538844,0.0,7.4776042141118015,0.0,0.0,0.0,227.8769289676511,0.06135448540381215,0.938645514596188,33.0,10.0,10.0,330.0,3600.0,1188000.0,0.0,0.0,0.0
Sonora,Magdalena,36,Magdalena,140,Lechuga,2021,2022,30.771988,-111.139421,770.0,515.2683208668435,4.8610218949702215,1.9784557430496597,8.46673150289216,18.011084905660375,7.535,29.475,25.877452830188677,13.74,39.08,10.144716981132072,0.35,21.23,25.983490566037737,10.6,74.02,16.19669811320755,8.56,22.96,2.541886792452831,1.43,7.26,8.739999999999998,0.08245283018867923,0.0,5.34,6.992000000000001,0.0659622641509434,0.0,4.272,7.202226679730445,4.376313941151083,11.198652310053538,0.016962036372227516,2,1,14,30,466.3145885305737,4.399194231420506,1.8795329558971765,7.877521992062762,4.5995329558971765,0.04339182033865261,0.0,1.8795329558971765,461.7150555746765,4.355802411081854,0.0,7.877521992062762,0.0,0.0,0.0,459.3225885305737,0.00986358366010162,0.9901364163398984,31.5,10.0,10.0,315.0,4100.0,1291500.0,0.0,0.0,0.0
Sonora,Magdalena,36,Magdalena,140,Lechuga,2022,2023,30.771988,-111.139421,770.0,427.3383917190155,4.031494261500146,1.139467984813722,6.9418963673648815,17.431084905660374,6.9399999999999995,26.765,24.59622641509434,11.43,33.49,10.265943396226415,-1.12,20.73,40.85594339622642,20.17,88.41,15.163962264150944,2.53,22.45,2.3687735849056604,1.13,5.71,38.31,0.36141509433962266,0.0,22.93,30.648000000000003,0.28913207547169817,0.0,18.344,7.533870385633245,3.094463221252784,12.670496571979102,0.08964792478834825,7,1,0,8,389.57314865980834,3.6752183835830974,1.0824945855730357,6.4331705399009955,12.484292581534852,0.11777634510881936,0.0,2.07142901525343,377.0888560782736,3.557442038474279,0.0,6.4331705399009955,0.0,0.0,0.0,358.9251486598083,0.03204608075398097,0.9679539192460193,31.5,10.0,10.0,315.0,6100.0,1921500.0,0.0,0.0,0.0
Sonora,Magdalena,36,Magdalena,140,Lechuga,2023,2024,30.771988,-111.139421,770.0,370.89413504678635,3.4990012740262864,1.2482932594026455,6.070007391895193,15.301603773584905,5.615,23.95,22.041226415094343,10.59,31.48,8.561981132075472,-1.62,18.46,48.358396226415095,26.12,82.03,15.091132075471696,2.76,21.91,2.2926415094339623,0.96,5.35,57.64,0.5437735849056604,0.0,12.82,46.112,0.4350188679245283,0.0,10.256,7.639177639064139,3.2115052921242864,12.972265850433509,0.15540822718247896,12,3,0,19,338.27513326065014,3.1912748420816053,1.2482932594026455,5.543108878322881,24.056568678560993,0.22694876111849993,0.0,3.1056178538644503,314.21856458208913,2.964326080963105,0.0,5.543108878322881,0.0,0.0,0.0,292.1631332606501,0.07111539191982154,0.9288846080801785,31.25,8.0,8.0,250.0,6500.0,1625000.0,0.0,0.0,0.0
Sonora,Magdalena,36,Magdalena,140,Pepino,2010,2011,30.771988,-111.139421,770.0,820.552964891096,7.741065706519774,3.643311111834606,11.391122087328073,28.201084905660384,20.92,34.08,35.30528301886793,27.52,41.72,21.09688679245283,12.83,26.44,41.23622641509435,9.92,79.0,26.303867924528305,15.01,32.85,2.369150943396226,1.1,6.18,257.78000000000003,2.4318867924528305,0.0,21.76,154.66799999999998,1.4591320754716979,0.0,13.056000000000001,16.405547399239932,10.853279370024918,19.407488212049127,0.3141540047134101,40,21,65,0,716.67772752397,6.761110637018585,3.643311111834606,11.391122087328073,129.71036152171396,1.223682655865226,0.0,7.3062905660399835,586.9673660022561,5.5374279811533595,0.0,11.361122087328074,1297.1036152171396,5869.673660022561,7166.777275239701,562.00972752397,0.18098840879267547,0.8190115912073246,92.1,15.5,15.5,1427.58,8894.93,12698220.0,14.083644030587836,63.73152725323085,77.81517128381869
Sonora,Magdalena,36,Magdalena,140,Pepino,2013,2014,30.771988,-111.139421,770.0,805.8336411817745,7.602204162092212,3.29118249460623,11.751963239587631,28.42891509433962,23.56,33.765,35.44349056603773,26.83,44.23,21.41433962264151,16.53,26.18,41.823018867924524,9.43,77.44,25.174339622641515,12.31,32.5,2.2923584905660377,1.01,3.91,243.74,2.299433962264151,0.0,25.35,194.992,1.8395471698113206,0.0,20.28,15.765325425173904,9.03514561388736,18.39282274314826,0.3024693777273302,41,15,63,0,698.3878654638809,6.588564768527178,2.5034727314325247,11.751963239587631,145.5367926119337,1.3729886095465442,0.0,7.9626396200815,552.8510728519472,5.2155761589806335,0.0,11.751963239587631,1455.367926119337,5528.510728519472,6983.878654638809,503.3958654638809,0.20838963534291324,0.7916103646570867,150.0,2.0,2.0,300.0,3771.67,1131501.0,10.701234750877477,40.65081418029023,51.35204893116771
Sonora,Magdalena,36,Magdalena,140,Pepino,2014,2015,30.771988,-111.139421,770.0,779.9313848451304,7.357843253255948,3.3908962677022574,11.792002148405134,27.686320754716977,23.33,32.43,34.278584905660374,25.41,41.45,21.094056603773584,17.17,24.55,45.45198113207547,6.31,77.89,25.726792452830185,14.18,32.67,2.161132075471698,0.67,4.45,293.99,2.773490566037736,0.0,19.19,176.394,1.6640943396226415,0.0,11.514000000000001,16.16704846154954,9.941184089205302,18.95192354471072,0.3769434154241364,45,23,50,0,671.844501512823,6.338155674649273,2.5431722007766933,11.289497700343402,140.5086036936127,1.3255528650340822,0.0,6.553978602352709,531.3358978192101,5.01260280961519,0.0,11.289497700343402,1405.0860369361271,5313.358978192101,6718.445015128228,495.45050151282294,0.20913857801503632,0.7908614219849635,300.0,13.0,13.0,3900.0,9800.0,38220000.0,4.6836201231204235,17.71119659397367,22.394816717094095
Sonora,Magdalena,36,Magdalena,140,Pepino,2015,2016,30.771988,-111.139421,770.0,749.309077867681,7.068953564789443,2.8338075392807123,12.042320103587231,28.142075471698114,22.85,33.925,34.46245283018868,25.31,42.75,21.821698113207546,16.4,25.83,47.676320754716976,13.02,78.58,24.611981132075474,10.48,32.31,2.213396226415094,1.03,4.3,214.75000000000003,2.0259433962264155,0.0,20.32,171.8,1.6207547169811323,0.0,16.256,15.839973527201844,7.8026749672077935,19.806060256728365,0.286597355274431,45,13,47,0,654.100300558432,6.170757552438038,2.125355654460534,10.116245215493535,131.1089309154769,1.236876706749782,0.0,6.211842168230463,522.991369642955,4.933880845688255,0.0,10.116245215493535,1311.089309154769,5229.913696429549,6541.003005584318,482.30030055843196,0.20044163074614685,0.7995583692538529,73.44,3.0,3.0,220.32,4670.77,1029064.05,17.85252327280459,71.21342179234136,89.06594506514595
Sonora,Magdalena,36,Magdalena,140,Pepino,2016,2017,30.771988,-111.139421,770.0,822.9483888828061,7.763664046064208,2.812422140414755,13.872887786357397,28.72650943396227,22.61,36.230000000000004,35.679245283018865,25.64,45.75,21.773773584905662,15.54,26.71,40.61632075471698,8.29,83.4,26.06783018867925,9.56,32.47,2.283301886792453,1.03,5.38,218.47000000000003,2.061037735849057,0.0,44.11,174.776,1.6488301886792454,0.0,35.288000000000004,16.2679774803915,7.239557879473289,19.127697475471354,0.26547229808248857,28,14,62,0,713.7623905362404,6.733607457889061,2.1093166053110664,10.798740786140632,103.13139488710469,0.9729376876141952,0.0,8.224254788905954,610.6309956491358,5.760669770274866,0.0,10.790740786140633,1031.313948871047,6106.309956491358,7137.623905362405,538.9863905362404,0.14448981377349318,0.8555101862265069,109.21,3.5,3.5,382.24,4373.31,1671654.01,9.44340215063682,55.91346906410914,65.35687121474595
Sonora,Magdalena,36,Magdalena,140,Pepino,2022,2023,30.771988,-111.139421,770.0,740.724643843268,6.9879683381440385,2.647155208261857,11.560988998012386,28.123443396226417,22.85,32.504999999999995,34.51839622641509,26.16,41.24,21.728490566037735,16.86,26.59,48.55754716981132,8.63,85.16,24.013962264150944,9.03,32.61,2.190566037735849,0.95,4.2,280.76,2.648679245283019,0.0,43.12,168.45600000000002,1.5892075471698115,0.0,25.871999999999996,15.468746384740156,6.925841818822163,18.875606210841777,0.37903423672158365,57,18,51,0,638.4521037187483,6.023133053950455,2.647155208261857,9.75217041381752,134.55720463597865,1.269407590905459,0.0,5.982,503.89489908276965,4.753725463044996,0.0,9.75217041381752,1345.5720463597866,5038.948990827696,6384.521037187483,469.99610371874826,0.21075536262192968,0.7892446373780704,117.14,3.5,3.5,409.99,8969.51,3677409.4,11.486870807237379,43.01646739651439,54.503338203751774
Sonora,Magdalena,36,Magdalena,140,Pepino,2023,2024,30.771988,-111.139421,770.0,899.6895846406032,8.487637590949086,3.702433894599552,11.629504018763768,29.98806603773585,20.880000000000003,36.55,37.56094339622641,29.07,44.0,22.415188679245286,12.07,29.1,32.166226415094336,6.02,70.64,26.2095283018868,8.89,32.09,2.5166037735849054,1.23,6.55,111.32999999999998,1.0502830188679244,0.0,14.82,89.06400000000001,0.8402264150943397,0.0,11.856000000000002,16.09615986636825,6.998594841390213,19.503313381291036,0.12374267958706302,28,4,83,0,796.8954323493564,7.517881437258079,3.181578391957923,11.629504018763768,78.93378618630068,0.7446583602481196,0.0,7.368207794342752,717.9616461630557,6.773223077009959,0.0,11.629504018763768,789.3378618630068,7179.616461630557,7968.954323493564,707.8314323493564,0.09905162331473417,0.9009483766852657,111.28,3.5,3.5,389.48,9866.46,3842788.84,7.093259003082376,64.51848006497625,71.61173906805863
Sonora,Magdalena,36,Magdalena,140,Rábano,2017,2018,30.771988,-111.139421,770.0,207.2142426151831,5.920406931862375,4.227898099621855,7.676286261742044,18.780714285714282,12.94,24.515,26.89714285714286,18.5,33.43,10.664285714285713,4.36,16.94,34.414857142857144,24.99,54.77,24.03285714285715,14.09,27.59,2.576285714285714,1.56,4.24,1.2000000000000002,0.03428571428571429,0.0,0.93,0.9600000000000001,0.02742857142857143,0.0,0.7440000000000001,13.36238371620751,8.418943852477135,15.735542831329209,0.005791107719504186,0,0,0,1,179.73159604085905,5.1351884583102585,2.9595286697352985,6.90865763556784,0.9600000000000001,0.02742857142857143,0.0,0.7440000000000001,178.771596040859,5.107759886881686,2.9595286697352985,6.90865763556784,9.600000000000001,1787.71596040859,1797.31596040859,178.77159604085904,0.005341297919491905,0.9946587020805079,23.0,2.0,2.0,46.0,5100.0,234600.0,0.4173913043478262,77.72678088733001,78.14417219167784
Sonora,Magdalena,36,Magdalena,140,Rábano,2018,2019,30.771988,-111.139421,770.0,188.39368880054312,5.382676822872661,4.066769227579185,7.3982842101336646,17.14185714285714,10.76,23.525,25.080857142857145,18.69,32.07,9.202857142857143,-0.16,15.19,35.908571428571435,23.92,60.43,22.24342857142857,11.55,27.41,2.3768571428571432,1.44,3.41,0.75,0.02142857142857143,0.0,0.63,0.6,0.017142857142857144,0.0,0.504,12.559378406634693,7.689452275460297,15.603401520496863,0.00398102507984778,0,0,0,4,163.0896482404107,4.659704235440306,3.0191156832542787,6.288541578613614,0.6,0.017142857142857144,0.0,0.504,162.4896482404107,4.642561378297448,3.0191156832542787,6.288541578613614,6.0,1624.896482404107,1630.896482404107,162.4896482404107,0.0036789582077921897,0.9963210417922078,23.5,2.5,2.5,58.75,5300.0,311375.0,0.2553191489361702,69.14453116613221,69.39985031506838
Sonora,Magdalena,36,Magdalena,140,Rábano,2019,2020,30.771988,-111.139421,770.0,176.78259270314,5.050931220089715,2.202373603124072,7.209682934485225,15.987142857142858,8.77,20.585,23.67085714285714,13.04,28.76,8.30342857142857,0.57,13.98,42.50028571428572,26.98,79.54,21.672285714285714,7.47,27.05,2.674571428571428,1.3,4.66,32.470000000000006,0.9277142857142859,0.0,29.13,25.976,0.7421714285714286,0.0,23.304000000000002,12.488507692794094,5.822201400201807,15.530602130336117,0.18367193004418061,3,1,0,7,152.96019648678728,4.370291328193923,1.982136242811665,6.128230494312441,4.654136242811665,0.13297532122319045,0.0,1.982136242811665,148.3060602439756,4.237316006970731,0.0,6.128230494312441,46.541362428116656,1483.060602439756,1529.6019648678725,126.98419648678728,0.030427106853342007,0.9695728931466578,12.5,1.5,1.5,18.75,6000.0,112500.0,3.7233089942493325,118.64484819518047,122.36815718942981
Sonora,Magdalena,36,Magdalena,140,Rábano,2022,2023,30.771988,-111.139421,770.0,213.0949466895948,6.088427048274137,3.9538257875763043,7.867109547452945,16.452714285714286,9.530000000000001,24.205,25.132571428571428,17.96,33.21,7.772857142857143,-0.22,16.53,25.037714285714287,9.68,58.4,24.102571428571427,10.55,26.91,2.8068571428571425,1.42,4.59,3.8200000000000003,0.10914285714285715,0.0,2.56,3.056,0.08731428571428572,0.0,2.048,12.827216930996652,7.526097432628472,15.306546369897525,0.017926281497253952,1,0,0,8,184.9879713559248,5.28537061016928,2.9508917817958187,7.080398592707651,3.056,0.08731428571428572,0.0,2.048,181.93197135592482,5.198056324454995,1.8286309342687064,7.080398592707651,30.560000000000002,1819.3197135592482,1849.879713559248,181.9319713559248,0.0165199930438727,0.9834800069561274,11.0,2.0,2.0,22.0,7800.0,171600.0,2.7781818181818183,165.39270123265894,168.17088305084076
Sonora,Magdalena,36,Magdalena,140,Rábano,2023,2024,30.771988,-111.139421,770.0,171.238227890878,4.892520796882228,2.6899200647310555,7.607779766121688,14.477857142857145,5.16,18.55,22.245714285714286,12.22,27.88,6.71,-1.9,12.7,42.32942857142858,22.56,70.79,22.29657142857143,12.57,28.72,2.7779999999999996,1.4,5.36,14.41,0.4117142857142857,0.0,6.43,11.528,0.3293714285714286,0.0,5.144,12.703638064379362,8.447546091686458,16.191207741068986,0.08415177018289871,5,1,0,12,148.78124996789003,4.25089285622543,1.8829440453117388,6.466612801203435,8.659796296854285,0.24742275133869387,0.0,2.2757962968542853,140.12145367103577,4.003470104886736,0.0,6.466612801203435,86.59796296854284,1401.2145367103576,1487.8124996789004,137.25324996789004,0.05820489005653093,0.9417951099434692,10.5,2.0,2.0,21.0,9450.0,198450.0,8.247425044623128,133.44900349622452,141.69642854084765
Sonora,Magdalena,36,Magdalena,140,Sandía,2010,2011,30.771988,-111.139421,770.0,912.4878596112766,8.295344178284333,3.097670643480889,11.391122087328073,23.505727272727274,9.15,34.08,32.077727272727266,13.46,41.72,14.933727272727275,3.84,26.44,28.253000000000004,9.92,69.08,28.946181818181813,15.76,33.08,2.8833636363636366,1.41,6.18,48.34999999999999,0.4395454545454544,0.0,11.74,38.68000000000001,0.3516363636363637,0.0,9.392000000000001,17.133296311708197,10.568171365327595,19.407488212049127,0.05298700633737448,8,4,42,3,768.4819633915874,6.986199667196249,1.2390682573923557,10.957123838990336,31.18518413351912,0.2835016739410829,0.0,6.408,737.2967792580683,6.702697993255167,0.0,10.957123838990336,311.8518413351912,7372.967792580684,7684.819633915875,729.8019633915874,0.04058024211249888,0.9594197578875011,25.0,2.0,2.0,50.0,1500.0,75000.0,12.474073653407647,294.91871170322736,307.392785356635
Sonora,Magdalena,36,Magdalena,140,Sandía,2013,2014,30.771988,-111.139421,770.0,955.543733827094,8.686761216609945,3.9122925246224636,11.751963239587631,24.852999999999998,10.995000000000001,33.765,33.32054545454546,16.6,44.23,16.385454545454547,3.66,26.18,26.56690909090909,8.26,74.68,28.777909090909098,13.21,32.5,2.9311818181818183,1.41,6.39,114.3,1.039090909090909,0.0,25.35,91.44,0.8312727272727273,0.0,20.28,16.879536434487015,9.665616112241711,19.094533555224242,0.11961775892999851,14,7,39,1,809.6012360209301,7.36001123655391,1.6339435538628995,11.576487225848863,51.92535557459461,0.4720486870417692,0.0,5.971979715061125,757.6758804463354,6.887962549512141,0.0,11.576487225848863,519.2535557459461,7576.758804463354,8096.0123602093,718.1612360209301,0.06413695195155585,0.9358630480484441,21.52,2.0,2.0,43.04,1785.0,76826.4,24.128882701949166,352.0798700958808,376.20875279782996
Sonora,Magdalena,36,Magdalena,140,Sandía,2016,2017,30.771988,-111.139421,770.0,922.3578112841205,8.385071011673823,3.8784984987812208,13.872887786357397,24.64690909090909,13.905000000000001,36.230000000000004,32.86300000000001,18.62,45.75,16.430818181818182,6.5,26.71,28.707727272727272,8.29,73.54,28.496545454545444,12.13,32.47,2.8107272727272723,1.03,4.66,45.44999999999999,0.4131818181818181,0.0,12.88,36.36000000000001,0.3305454545454546,0.0,10.304000000000002,16.9563902087274,8.46317157783139,19.414352927576434,0.049275887778002125,9,3,40,0,779.1458569034791,7.083144153667991,1.5513993995124884,13.872887786357397,25.46320214639632,0.23148365587633019,0.0,4.104820935660024,753.6826547570827,6.851660497791661,0.0,13.872887786357397,254.6320214639632,7536.826547570827,7791.45856903479,742.785856903479,0.03268091836821602,0.9673190816317839,30.0,2.0,2.0,60.0,4190.0,251400.0,8.487734048798774,251.22755158569421,259.715285634493
Sonora,Magdalena,36,Magdalena,140,Sandía,2017,2018,30.771988,-111.139421,770.0,936.1690781228286,8.510627982934805,3.551053184576525,12.126075677499745,25.262863636363637,12.280000000000001,36.35,33.584545454545456,16.69,45.58,16.941181818181814,5.88,27.82,27.273727272727275,5.41,82.84,28.359,16.07,33.35,2.751636363636363,1.2,5.43,120.96000000000001,1.0996363636363637,0.0,25.48,96.76800000000001,0.879709090909091,0.0,20.384,16.655505831763318,11.067391119025384,19.176264133697124,0.12920742932734383,16,8,44,0,786.6847013469013,7.151679103153648,2.1027962600408148,12.126075677499745,57.342504430105784,0.5212954948191435,0.0,4.844929362611802,729.3421969167954,6.630383608334504,0.0,12.126075677499745,573.4250443010578,7293.421969167954,7866.8470134690115,689.9167013469013,0.07289134303988413,0.9271086569601157,30.05,1.5,1.5,45.08,4226.44,190527.92,19.08236420303021,242.70954972272725,261.79191392575746
Sonora,Magdalena,36,Magdalena,140,Tomate rojo (jitomate),2010,2011,30.771988,-111.139421,770.0,655.4025936487676,4.819136718005645,0.9739834085605559,9.648124423249886,14.042904411764706,5.8100000000000005,24.52,21.675661764705886,10.64,33.96,6.410147058823529,-1.46,16.58,44.10941176470588,18.61,87.77,21.13794117647059,4.48,32.43,2.895,1.33,9.42,177.2,1.302941176470588,0.0,36.7,141.76,1.0423529411764705,0.0,29.360000000000003,11.830198898836594,3.945583694620265,18.76477536460301,0.2703681702165525,20,11,0,42,613.433596870291,4.510541153458022,0.855134329391328,9.333034180344718,39.22271853274749,0.2884023421525551,0.0,4.576,574.2108783375434,4.222138811305466,0.0,9.333034180344718,392.2271853274749,5742.108783375434,6134.335968702909,471.673596870291,0.06393963215066788,0.9360603678493319,30.0,4.0,4.0,120.0,6000.0,720000.0,13.07423951091583,191.40362611251444,204.47786562343026
Sonora,Magdalena,36,Magdalena,140,Tomate rojo (jitomate),2011,2012,30.771988,-111.139421,770.0,799.4551168202231,5.878346447207523,2.3374744396770906,10.894590626124632,16.070735294117647,-3.0949999999999998,25.17,24.500441176470588,1.49,34.78,7.641029411764705,-7.68,16.04,27.679044117647063,8.37,67.82,22.322426470588233,7.32,32.33,2.8664705882352943,1.55,7.61,11.77,0.08654411764705883,0.0,5.23,9.416,0.06923529411764706,0.0,4.184,11.766516397749706,4.460286018444057,18.227294588663035,0.014722527572047263,2,1,0,35,756.6525741190535,5.5636218685224526,1.4024846638062543,10.639669003214042,7.094171539612834,0.05216302602656495,0.0,2.924054162849361,749.5584025794406,5.511458842495887,0.0,10.639669003214042,70.94171539612833,7495.5840257944055,7566.525741190534,747.2365741190534,0.009375731719240303,0.9906242682807596,30.0,4.0,4.0,120.0,10000.0,1200000.0,2.364723846537611,249.85280085981353,252.21752470635113
Sonora,Magdalena,36,Magdalena,140,Tomate rojo (jitomate),2012,2013,30.771988,-111.139421,770.0,784.0404114038105,5.722922710976719,1.8189475077975426,11.676817294575583,16.36824817518248,5.4,28.865000000000002,24.704598540145984,8.38,38.35,8.031897810218979,-1.3,19.38,30.774379562043798,9.69,74.83,22.141824817518252,8.43,31.52,2.7358394160583943,1.42,6.2,27.39,0.19992700729927007,0.0,5.18,21.912,0.15994160583941605,0.0,4.144,11.820236070085791,5.0441735010605235,18.167495784335177,0.0349344237894048,8,2,7,38,731.7769631758382,5.341437687414877,1.4490487454091012,10.318190781729337,16.32322255727782,0.11914760990713737,0.0,3.144,715.4537406185603,5.22229007750774,0.0,10.318190781729337,163.2322255727782,7154.537406185604,7317.769631758382,709.8649631758382,0.02230628098271457,0.9776937190172854,285.0,13.2,13.2,3762.0,4750.0,17869500.0,0.572744651132555,25.10364002170387,25.676384672836427
Sonora,Magdalena,36,Magdalena,140,Tomate rojo (jitomate),2013,2014,30.771988,-111.139421,770.0,749.9860389952364,5.51460322790615,1.503850884171756,10.768237742222773,15.32047794117647,0.3250000000000002,25.845,23.386470588235294,6.23,35.18,7.2544852941176465,-5.6,16.91,33.500882352941176,8.26,86.97,21.799191176470593,7.9,31.3,2.857720588235294,1.31,6.39,42.07,0.30933823529411764,0.0,14.79,33.656000000000006,0.24747058823529416,0.0,11.832,11.810782572421695,5.052522805364166,18.19836470724607,0.05609437751182887,8,2,1,47,709.5860383400229,5.217544399558992,0.9862779374106314,10.311405605024538,15.708129295844275,0.11550095070473732,0.0,3.6880000000000006,693.8779090441786,5.102043448854254,0.0,10.311405605024538,157.08129295844276,6938.779090441786,7095.860383400229,675.930038340023,0.02213703264595121,0.9778629673540488,356.0,11.0,11.0,3916.0,4270.0,16721320.0,0.44123958696191784,19.490952501240972,19.93219208820289
Sonora,Magdalena,36,Magdalena,140,Tomate rojo (jitomate),2014,2015,30.771988,-111.139421,770.0,794.9139539878246,5.844955544028122,1.3574343412837453,12.198471959465113,17.596176470588233,7.6049999999999995,26.950000000000003,25.666323529411763,14.19,36.81,9.526029411764705,0.78,17.44,28.578161764705882,7.63,86.0,21.79933823529412,3.77,31.91,2.6163970588235292,1.39,6.17,37.51,0.2758088235294118,0.0,30.81,30.008,0.22064705882352942,0.0,24.648,11.601460401314956,3.9065977821578364,18.383259170592993,0.047187497227623866,2,1,2,12,744.0226884149362,5.470755061874531,1.561049492476307,11.096490093185864,6.921049492476307,0.050890069797619904,0.0,3.6799999999999997,737.1016389224599,5.419864992076911,0.0,11.096490093185864,69.21049492476307,7371.016389224598,7440.2268841493615,714.0146884149361,0.00930220220464095,0.990697797795359,123.08,13.0,13.0,1600.0,5800.0,9280000.0,0.5623212132333691,59.888010962175805,60.45033217540917
Sonora,Magdalena,36,Magdalena,140,Tomate rojo (jitomate),2015,2016,30.771988,-111.139421,770.0,690.3296209117796,5.075953094939556,1.017287619515461,9.40668112344606,16.772610294117644,2.61,25.509999999999998,24.134338235294116,8.52,33.76,9.410882352941178,-3.56,17.89,43.379411764705885,16.01,91.49,20.77838235294118,4.27,30.97,2.7411764705882353,1.23,7.08,91.00999999999999,0.6691911764705881,0.0,30.43,72.80799999999999,0.5353529411764706,0.0,24.344,11.697894304680567,3.8383513615485088,18.882989204886606,0.13183557136052632,10,6,0,11,657.14421481822,4.831942756016324,0.6103725717092766,8.844289949700205,20.122834662399892,0.1479620195764698,0.0,3.3680000000000003,637.02138015582,4.683980736439853,0.0,8.844289949700205,201.22834662399893,6370.2138015582,6571.442148182199,584.33621481822,0.030621641655882634,0.9693783583441172,340.0,13.0,13.0,4420.0,10247.06,45292005.2,0.5918480783058792,18.735922945759413,19.327771024065292
Sonora,Magdalena,36,Magdalena,140,Tomate rojo (jitomate),2016,2017,30.771988,-111.139421,770.0,779.7268077465551,5.6914365528945625,0.8017578970061457,10.189248640027467,16.88605839416058,4.41,26.82,25.115912408759126,9.76,35.57,8.656204379562045,-3.4,18.44,32.82788321167883,13.27,92.31,22.006350364963502,5.51,31.22,2.7714598540145987,1.48,5.46,60.62,0.4424817518248175,0.0,13.18,48.496,0.353985401459854,0.0,10.544,11.87706494912529,4.094778670599886,18.937090843091813,0.07774517869302772,10,6,2,25,745.6683102810398,5.442834381613429,0.48105473820368744,9.514044267182973,18.560545361322834,0.13547843329432727,0.0,4.912,727.1077649197168,5.307355948319101,0.0,9.514044267182973,185.60545361322835,7271.077649197168,7456.683102810397,697.1723102810398,0.024891154827710767,0.975108845172289,80.0,9.5,9.5,760.0,7747.37,5888001.2,2.3200681701653543,90.8884706149646,93.20853878512996
Sonora,Magdalena,36,Magdalena,140,Tomate rojo (jitomate),2017,2018,30.771988,-111.139421,770.0,737.3718392531799,5.421851759214558,0.973297523282181,10.911024313763562,17.136617647058824,5.835000000000001,28.095,24.762058823529408,9.88,38.26,9.511176470588236,-0.94,19.64,38.55602941176471,9.83,88.27,21.495073529411766,4.78,31.59,2.734485294117647,1.25,6.6,84.28,0.6197058823529412,0.0,18.59,67.42399999999999,0.4957647058823529,0.0,14.872,11.819397231397497,3.955016559959801,19.176264133697124,0.11429782846787302,12,5,4,18,707.13336632474,5.199510046505441,0.5839785139693086,10.271903162290263,21.10077436756421,0.155152752702678,0.0,3.312,686.0325919571758,5.044357293802763,0.0,10.271903162290263,211.0077436756421,6860.325919571758,7071.3336632474,639.70936632474,0.029839879395358652,0.9701601206046413,173.0,13.0,13.0,2249.0,8020.42,18037924.58,1.439834484310079,46.81218641809456,48.25202090240464
Sonora,Magdalena,36,Magdalena,140,Tomate rojo (jitomate),2018,2019,30.771988,-111.139421,770.0,794.6272875170882,5.8428477023315315,1.0298859850352995,10.906382481630509,17.96577205882353,6.69,28.145000000000003,25.818308823529414,12.27,37.92,10.113235294117647,-1.71,19.66,31.32669117647059,9.84,92.8,21.38779411764706,4.05,31.03,2.7552941176470584,1.34,6.18,75.6,0.5558823529411764,0.0,25.7,60.480000000000004,0.44470588235294123,0.0,20.560000000000002,11.504959508679248,3.9934093754493905,18.086096326739543,0.0951389427315309,8,5,7,18,734.3088919704035,5.399330088017672,1.1843688827905943,10.719480799858378,20.379077586747886,0.1498461587260874,0.0,3.4845817892728004,713.9298143836555,5.249483929291585,0.0,10.719480799858378,203.79077586747886,7139.298143836555,7343.088919704034,673.8288919704034,0.027752731595097273,0.9722472684049026,173.5,13.0,13.0,2255.5,8258.97,18628106.84,1.3879841707303175,48.62454039732032,50.01252456805064
Sonora,Magdalena,36,Magdalena,140,Tomate rojo (jitomate),2019,2020,30.771988,-111.139421,770.0,656.4728291285933,4.827006096533774,1.1733979527645015,9.244172641241867,15.238272058823531,2.2649999999999997,25.345,22.69080882352941,6.89,34.68,7.785735294117648,-2.87,16.9,43.924338235294115,21.15,85.84,20.448823529411765,4.3,30.73,2.6561029411764703,1.26,5.86,115.67,0.850514705882353,0.0,29.13,92.536,0.6804117647058824,0.0,23.304000000000002,11.580471494015972,3.719585194156481,18.448602116845116,0.17619921932418922,19,5,0,37,618.5274899425394,4.547996249577496,0.7227119868451933,10.630798537428147,33.7619586734739,0.24824969612848455,0.0,3.2947352750759507,584.7655312690656,4.299746553449012,0.0,10.630798537428147,337.61958673473896,5847.6553126906565,6185.274899425395,525.9914899425394,0.05458441091536667,0.9454155890846334,170.0,15.0,15.0,2550.0,8182.35,20864992.5,2.536109571716349,43.92604929720681,46.46215886892316
Sonora,Magdalena,36,Magdalena,140,Tomate rojo (jitomate),2020,2021,30.771988,-111.139421,770.0,659.8529182290598,4.816444658606276,1.4312699596200051,9.99824053392437,15.613722627737225,2.8649999999999998,29.835,23.107007299270073,9.31,38.27,8.12043795620438,-4.31,22.57,46.03138686131386,18.38,83.3,20.71014598540146,3.43,31.28,2.616788321167883,1.31,6.07,90.07,0.6574452554744525,0.0,16.7,72.05600000000001,0.5259562043795621,0.0,13.36,11.733535534730368,3.5258395431270513,18.551043238105162,0.13650011618003227,12,7,6,34,610.871402367669,4.458915345749409,0.8989425362051385,8.379345931034383,28.841616073654777,0.21052274506317356,0.0,3.580258727765774,582.0297862940142,4.248392600686235,0.0,8.379345931034383,288.4161607365478,5820.297862940142,6108.71402367669,538.815402367669,0.04721389143749062,0.9527861085625093,170.83,12.0,12.0,2050.0,8300.0,17015000.0,1.9902436651592157,40.16352939958004,42.153773064739255
Sonora,Magdalena,36,Magdalena,140,Tomate rojo (jitomate),2021,2022,30.771988,-111.139421,770.0,799.7423740378549,5.880458632631286,1.1591837396439577,10.291556885780707,16.407169117647058,2.96,25.845000000000002,24.66308823529412,6.31,35.28,8.151250000000001,-1.89,18.1,29.69764705882353,9.69,86.22,21.97919117647059,8.84,31.62,2.938529411764706,1.43,5.45,39.050000000000004,0.2871323529411765,0.0,9.14,31.24000000000001,0.22970588235294123,0.0,7.312000000000001,11.682752178863076,5.355155352359625,18.161523996106837,0.04882822427282266,7,5,1,42,759.049772576707,5.581248327769905,0.6955102437863746,11.835290418647812,8.450544521305547,0.06213635677430549,0.0,1.4160000000000001,750.5992280554015,5.519111970995599,0.0,11.835290418647812,84.50544521305547,7505.9922805540145,7590.49772576707,727.809772576707,0.01113305718097895,0.988866942819021,115.0,12.0,12.0,1380.0,8500.0,11730000.0,0.7348299583743954,65.26949809177404,66.00432805014843
Sonora,Magdalena,36,Magdalena,140,Tomate rojo (jitomate),2022,2023,30.771988,-111.139421,770.0,822.3962048433987,6.0470309179661665,2.1379167336687797,10.78377680949557,16.714963235294114,4.555,28.174999999999997,25.209926470588236,11.35,38.46,8.22,-3.43,18.49,27.11875,3.52,75.47,22.426470588235297,8.37,32.61,2.898382352941176,1.29,6.15,12.58,0.0925,0.0,2.78,10.064,0.074,0.0,2.2239999999999998,11.726544465615437,4.992226186797567,18.17573828084825,0.0152967631974852,5,0,6,33,781.4310853501325,5.745816804045092,1.2827500402012677,12.401343330919905,9.438226058448757,0.06939872101800557,0.0,2.2239999999999998,771.9928592916838,5.6764180830270865,0.0,12.401343330919905,94.38226058448757,7719.928592916838,7814.310853501326,771.3670853501326,0.012078129774194753,0.9879218702258052,125.26,9.5,9.5,1189.97,9425.0,11215467.25,0.7534908237624746,61.63123577292701,62.38472659668949
Sonora,Magdalena,36,Magdalena,140,Tomate rojo (jitomate),2023,2024,30.771988,-111.139421,770.0,691.3390435224492,5.083375320018009,1.0495347381640125,9.250131764864706,14.83716911764706,3.335,26.005,22.64316176470588,7.4,36.48,7.031176470588235,-2.86,17.32,39.727279411764705,14.85,86.44,21.18404411764706,2.87,31.47,2.861102941176471,1.34,6.61,72.76,0.535,0.0,10.21,58.208,0.428,0.0,8.168000000000001,11.70868607879478,3.221334637709633,18.35515652568294,0.10524503234951078,18,7,3,50,650.6545205253761,4.784224415627766,0.6297208428984075,9.52712995484937,27.970630373602194,0.2056663998058985,0.0,3.738808201974897,622.683890151774,4.5785580158218675,0.0,9.52712995484937,279.70630373602194,6226.83890151774,6506.545205253762,592.4465205253762,0.04298845161487096,0.9570115483851291,114.62,13.0,13.0,1490.06,8633.22,12864015.79,2.5358685742159737,56.4536618451291,58.98953041934507
Sonora,Magdalena,36,Magdalena,140,Tomate verde,2010,2011,30.771988,-111.139421,770.0,655.4025936487676,4.819136718005645,0.9739834085605559,9.648124423249886,14.042904411764706,5.8100000000000005,24.52,21.675661764705886,10.64,33.96,6.410147058823529,-1.46,16.58,44.10941176470588,18.61,87.77,21.13794117647059,4.48,32.43,2.895,1.33,9.42,177.2,1.302941176470588,0.0,36.7,141.76,1.0423529411764705,0.0,29.360000000000003,11.830198898836594,3.945583694620265,18.76477536460301,0.2703681702165525,20,11,0,42,613.433596870291,4.510541153458022,0.855134329391328,9.333034180344718,39.22271853274749,0.2884023421525551,0.0,4.576,574.2108783375434,4.222138811305466,0.0,9.333034180344718,392.2271853274749,5742.108783375434,6134.335968702909,471.673596870291,0.06393963215066788,0.9360603678493319,20.0,95.0,95.0,1900.0,6000.0,11400000.0,19.611359266373746,287.1054391687717,306.71679843514545
Sonora,Magdalena,36,Magdalena,140,Tomate verde,2011,2012,30.771988,-111.139421,770.0,799.4551168202231,5.878346447207523,2.3374744396770906,10.894590626124632,16.070735294117647,-3.0949999999999998,25.17,24.500441176470588,1.49,34.78,7.641029411764705,-7.68,16.04,27.679044117647063,8.37,67.82,22.322426470588233,7.32,32.33,2.8664705882352943,1.55,7.61,11.77,0.08654411764705883,0.0,5.23,9.416,0.06923529411764706,0.0,4.184,11.766516397749706,4.460286018444057,18.227294588663035,0.014722527572047263,2,1,0,35,756.6525741190535,5.5636218685224526,1.4024846638062543,10.639669003214042,7.094171539612834,0.05216302602656495,0.0,2.924054162849361,749.5584025794406,5.511458842495887,0.0,10.639669003214042,70.94171539612833,7495.5840257944055,7566.525741190534,747.2365741190534,0.009375731719240303,0.9906242682807596,30.0,80.0,80.0,2400.0,9000.0,21600000.0,2.364723846537611,249.85280085981353,252.21752470635113
Sonora,Magdalena,36,Magdalena,140,Tomate verde,2012,2013,30.771988,-111.139421,770.0,784.0404114038105,5.722922710976719,1.8189475077975426,11.676817294575583,16.36824817518248,5.4,28.865000000000002,24.704598540145984,8.38,38.35,8.031897810218979,-1.3,19.38,30.774379562043798,9.69,74.83,22.141824817518252,8.43,31.52,2.7358394160583943,1.42,6.2,27.39,0.19992700729927007,0.0,5.18,21.912,0.15994160583941605,0.0,4.144,11.820236070085791,5.0441735010605235,18.167495784335177,0.0349344237894048,8,2,7,38,731.7769631758382,5.341437687414877,1.4490487454091012,10.318190781729337,16.32322255727782,0.11914760990713737,0.0,3.144,715.4537406185603,5.22229007750774,0.0,10.318190781729337,163.2322255727782,7154.537406185604,7317.769631758382,709.8649631758382,0.02230628098271457,0.9776937190172854,30.2,45.0,45.0,1359.0,4500.0,6115500.0,5.405040581880073,236.9052121253511,242.3102527072312
Sonora,Magdalena,36,Magdalena,140,Tomate verde,2013,2014,30.771988,-111.139421,770.0,749.9860389952364,5.51460322790615,1.503850884171756,10.768237742222773,15.32047794117647,0.3250000000000002,25.845,23.386470588235294,6.23,35.18,7.2544852941176465,-5.6,16.91,33.500882352941176,8.26,86.97,21.799191176470593,7.9,31.3,2.857720588235294,1.31,6.39,42.07,0.30933823529411764,0.0,14.79,33.656000000000006,0.24747058823529416,0.0,11.832,11.810782572421695,5.052522805364166,18.19836470724607,0.05609437751182887,8,2,1,47,709.5860383400229,5.217544399558992,0.9862779374106314,10.311405605024538,15.708129295844275,0.11550095070473732,0.0,3.6880000000000006,693.8779090441786,5.102043448854254,0.0,10.311405605024538,157.08129295844276,6938.779090441786,7095.860383400229,675.930038340023,0.02213703264595121,0.9778629673540488,36.25,15.0,15.0,543.75,5225.0,2841093.75,4.333277047129456,191.4145955983941,195.74787264552356
Sonora,Magdalena,36,Magdalena,140,Tomate verde,2014,2015,30.771988,-111.139421,770.0,794.9139539878246,5.844955544028122,1.3574343412837453,12.198471959465113,17.596176470588233,7.6049999999999995,26.950000000000003,25.666323529411763,14.19,36.81,9.526029411764705,0.78,17.44,28.578161764705882,7.63,86.0,21.79933823529412,3.77,31.91,2.6163970588235292,1.39,6.17,37.51,0.2758088235294118,0.0,30.81,30.008,0.22064705882352942,0.0,24.648,11.601460401314956,3.9065977821578364,18.383259170592993,0.047187497227623866,2,1,2,12,744.0226884149362,5.470755061874531,1.561049492476307,11.096490093185864,6.921049492476307,0.050890069797619904,0.0,3.6799999999999997,737.1016389224599,5.419864992076911,0.0,11.096490093185864,69.21049492476307,7371.016389224598,7440.2268841493615,714.0146884149361,0.00930220220464095,0.990697797795359,32.0,55.0,55.0,1760.0,5500.0,9680000.0,2.162827966398846,230.3442621632687,232.50709012966755
Sonora,Magdalena,36,Magdalena,140,Tomate verde,2015,2016,30.771988,-111.139421,770.0,690.3296209117796,5.075953094939556,1.017287619515461,9.40668112344606,16.772610294117644,2.61,25.509999999999998,24.134338235294116,8.52,33.76,9.410882352941178,-3.56,17.89,43.379411764705885,16.01,91.49,20.77838235294118,4.27,30.97,2.7411764705882353,1.23,7.08,91.00999999999999,0.6691911764705881,0.0,30.43,72.80799999999999,0.5353529411764706,0.0,24.344,11.697894304680567,3.8383513615485088,18.882989204886606,0.13183557136052632,10,6,0,11,657.14421481822,4.831942756016324,0.6103725717092766,8.844289949700205,20.122834662399892,0.1479620195764698,0.0,3.3680000000000003,637.02138015582,4.683980736439853,0.0,8.844289949700205,201.22834662399893,6370.2138015582,6571.442148182199,584.33621481822,0.030621641655882634,0.9693783583441172,31.8,25.0,25.0,795.0,4311.32,3427499.4,6.327935428427639,200.3211887282453,206.64912415667294
Sonora,Magdalena,36,Magdalena,140,Tomate verde,2016,2017,30.771988,-111.139421,770.0,779.7268077465551,5.6914365528945625,0.8017578970061457,10.189248640027467,16.88605839416058,4.41,26.82,25.115912408759126,9.76,35.57,8.656204379562045,-3.4,18.44,32.82788321167883,13.27,92.31,22.006350364963502,5.51,31.22,2.7714598540145987,1.48,5.46,60.62,0.4424817518248175,0.0,13.18,48.496,0.353985401459854,0.0,10.544,11.87706494912529,4.094778670599886,18.937090843091813,0.07774517869302772,10,6,2,25,745.6683102810398,5.442834381613429,0.48105473820368744,9.514044267182973,18.560545361322834,0.13547843329432727,0.0,4.912,727.1077649197168,5.307355948319101,0.0,9.514044267182973,185.60545361322835,7271.077649197168,7456.683102810397,697.1723102810398,0.024891154827710767,0.975108845172289,34.11,25.0,25.0,852.75,5320.0,4536630.0,5.441379466819946,213.16557165632273,218.60695112314266
Sonora,Magdalena,36,Magdalena,140,Tomate verde,2017,2018,30.771988,-111.139421,770.0,737.3718392531799,5.421851759214558,0.973297523282181,10.911024313763562,17.136617647058824,5.835000000000001,28.095,24.762058823529408,9.88,38.26,9.511176470588236,-0.94,19.64,38.55602941176471,9.83,88.27,21.495073529411766,4.78,31.59,2.734485294117647,1.25,6.6,84.28,0.6197058823529412,0.0,18.59,67.42399999999999,0.4957647058823529,0.0,14.872,11.819397231397497,3.955016559959801,19.176264133697124,0.11429782846787302,12,5,4,18,707.13336632474,5.199510046505441,0.5839785139693086,10.271903162290263,21.10077436756421,0.155152752702678,0.0,3.312,686.0325919571758,5.044357293802763,0.0,10.271903162290263,211.0077436756421,6860.325919571758,7071.3336632474,639.70936632474,0.029839879395358652,0.9701601206046413,32.05,22.0,22.0,705.1,4617.63,3255890.91,6.58370495087807,214.05073071986766,220.63443567074572
Sonora,Magdalena,36,Magdalena,140,Tomate verde,2018,2019,30.771988,-111.139421,770.0,794.6272875170882,5.8428477023315315,1.0298859850352995,10.906382481630509,17.96577205882353,6.69,28.145000000000003,25.818308823529414,12.27,37.92,10.113235294117647,-1.71,19.66,31.32669117647059,9.84,92.8,21.38779411764706,4.05,31.03,2.7552941176470584,1.34,6.18,75.6,0.5558823529411764,0.0,25.7,60.480000000000004,0.44470588235294123,0.0,20.560000000000002,11.504959508679248,3.9934093754493905,18.086096326739543,0.0951389427315309,8,5,7,18,734.3088919704035,5.399330088017672,1.1843688827905943,10.719480799858378,20.379077586747886,0.1498461587260874,0.0,3.4845817892728004,713.9298143836555,5.249483929291585,0.0,10.719480799858378,203.79077586747886,7139.298143836555,7343.088919704034,673.8288919704034,0.027752731595097273,0.9722472684049026,32.1,22.0,22.0,706.2,4720.0,3333264.0,6.348622301167565,222.40804186406712,228.75666416523467
Sonora,Magdalena,36,Magdalena,140,Tomate verde,2019,2020,30.771988,-111.139421,770.0,656.4728291285933,4.827006096533774,1.1733979527645015,9.244172641241867,15.238272058823531,2.2649999999999997,25.345,22.69080882352941,6.89,34.68,7.785735294117648,-2.87,16.9,43.924338235294115,21.15,85.84,20.448823529411765,4.3,30.73,2.6561029411764703,1.26,5.86,115.67,0.850514705882353,0.0,29.13,92.536,0.6804117647058824,0.0,23.304000000000002,11.580471494015972,3.719585194156481,18.448602116845116,0.17619921932418922,19,5,0,37,618.5274899425394,4.547996249577496,0.7227119868451933,10.630798537428147,33.7619586734739,0.24824969612848455,0.0,3.2947352750759507,584.7655312690656,4.299746553449012,0.0,10.630798537428147,337.61958673473896,5847.6553126906565,6185.274899425395,525.9914899425394,0.05458441091536667,0.9454155890846334,31.86,28.5,28.5,908.0,4419.82,4013200.0,10.596973846037004,183.54222575927986,194.13919960531686
Sonora,Magdalena,36,Magdalena,140,Tomate verde,2020,2021,30.771988,-111.139421,770.0,659.8529182290598,4.816444658606276,1.4312699596200051,9.99824053392437,15.613722627737225,2.8649999999999998,29.835,23.107007299270073,9.31,38.27,8.12043795620438,-4.31,22.57,46.03138686131386,18.38,83.3,20.71014598540146,3.43,31.28,2.616788321167883,1.31,6.07,90.07,0.6574452554744525,0.0,16.7,72.05600000000001,0.5259562043795621,0.0,13.36,11.733535534730368,3.5258395431270513,18.551043238105162,0.13650011618003227,12,7,6,34,610.871402367669,4.458915345749409,0.8989425362051385,8.379345931034383,28.841616073654777,0.21052274506317356,0.0,3.580258727765774,582.0297862940142,4.248392600686235,0.0,8.379345931034383,288.4161607365478,5820.297862940142,6108.71402367669,538.815402367669,0.04721389143749062,0.9527861085625093,29.71,17.0,17.0,505.0,4267.33,2155000.0,9.707713252660646,195.90366418512764,205.6113774377883
Sonora,Magdalena,36,Magdalena,140,Tomate verde,2021,2022,30.771988,-111.139421,770.0,799.7423740378549,5.880458632631286,1.1591837396439577,10.291556885780707,16.407169117647058,2.96,25.845000000000002,24.66308823529412,6.31,35.28,8.151250000000001,-1.89,18.1,29.69764705882353,9.69,86.22,21.97919117647059,8.84,31.62,2.938529411764706,1.43,5.45,39.050000000000004,0.2871323529411765,0.0,9.14,31.24000000000001,0.22970588235294123,0.0,7.312000000000001,11.682752178863076,5.355155352359625,18.161523996106837,0.04882822427282266,7,5,1,42,759.049772576707,5.581248327769905,0.6955102437863746,11.835290418647812,8.450544521305547,0.06213635677430549,0.0,1.4160000000000001,750.5992280554015,5.519111970995599,0.0,11.835290418647812,84.50544521305547,7505.9922805540145,7590.49772576707,727.809772576707,0.01113305718097895,0.988866942819021,28.67,15.0,15.0,430.0,6175.58,2655500.0,2.9475216328236993,261.80649740334894,264.7540190361726
Sonora,Magdalena,36,Magdalena,140,Zempoalxochitl,2018,2019,30.771988,-111.139421,770.0,859.7171553785605,9.049654267142742,3.0541920357336925,11.345575371684241,25.088578947368422,14.629999999999999,31.675,33.80884210526317,20.49,40.97,16.368315789473684,6.79,23.93,21.162736842105264,7.98,62.49,29.270105263157895,7.26,32.84,2.9848421052631577,1.81,4.91,12.41,0.13063157894736843,0.0,6.42,9.927999999999999,0.10450526315789473,0.0,5.136,16.846750576518343,6.244911587941367,19.548427849546925,0.014434980065665301,3,1,43,0,825.6362088246416,8.690907461312017,3.206901637520377,11.912854140268454,7.998901637520378,0.08419896460547766,0.0,3.448,817.6373071871213,8.60670849670654,0.0,11.451701605712035,79.98901637520378,8176.373071871213,8256.362088246417,815.7082088246416,0.009688167200064357,0.9903118327999358,10.66,5.0,3.5,37.31,5200.0,194012.0,7.5036600727208045,767.0143594625904,774.5180195353112
Sonora,Magdalena,36,Magdalena,140,Zempoalxochitl,2020,2021,30.771988,-111.139421,770.0,818.1698860347183,8.612314589839139,3.1132684589267603,11.906703413020889,24.37552631578947,11.48,31.685000000000002,33.06926315789474,16.79,41.31,15.681789473684216,5.36,23.52,27.805578947368424,7.46,70.22,29.353789473684206,17.37,33.75,2.8878947368421053,1.78,5.29,17.91,0.18852631578947368,0.0,5.33,14.328,0.15082105263157894,0.0,4.264,17.30220449007467,11.46282469258521,19.902498805576627,0.021890319242622438,4,1,40,0,795.300695806293,8.371586271645189,2.179287921248732,12.502038583671935,12.243287921248733,0.12887671496051298,0.0,3.8240000000000003,783.0574078850444,8.242709556684678,0.0,12.502038583671935,122.43287921248734,7830.5740788504445,7953.0069580629315,780.972695806293,0.015394539431197434,0.9846054605688028,8.57,3.5,3.5,30.0,5100.0,153000.0,14.286216944280902,913.7192624096201,928.005479353901
Sonora,Magdalena,36,Magdalena,140,Zempoalxochitl,2022,2023,30.771988,-111.139421,770.0,844.5626503402045,8.890133161475838,6.035732269582313,11.560988998012386,25.18852631578947,14.419999999999998,32.504999999999995,33.91642105263158,24.49,41.24,16.46063157894737,4.35,26.59,22.093473684210526,3.52,54.89,28.996210526315792,19.17,32.61,2.859894736842105,0.95,5.01,39.830000000000005,0.4192631578947369,0.0,9.97,31.863999999999997,0.33541052631578944,0.0,7.976000000000001,16.736052640926715,12.077714582289406,18.909793085232252,0.047160503704438965,12,2,39,1,813.1543264862055,8.559519226170584,4.2393635182426435,12.139038447913006,29.34677932143235,0.3089134665413932,0.0,5.458779321432353,783.8075471647732,8.250605759629192,0.0,12.139038447913006,293.4677932143235,7838.075471647731,8131.5432648620545,781.2903264862055,0.03609004879583604,0.963909951204164,10.67,3.0,3.0,32.01,5500.0,176055.0,27.504010610527036,734.5900160869477,762.0940266974748
Sonora,Magdalena,36,Magdalena,140,Zempoalxochitl,2023,2024,30.771988,-111.139421,770.0,825.6539004399473,8.69109368884155,5.289767245202458,11.629504018763768,23.732315789473684,9.42,34.09,32.57557894736842,16.64,42.67,14.88905263157895,1.55,25.65,22.21557894736842,6.02,50.14,29.246210526315792,19.92,32.09,2.8905263157894727,1.61,4.32,3.7300000000000004,0.03926315789473685,0.0,1.54,2.9840000000000004,0.03141052631578948,0.0,1.2320000000000002,16.92631084074107,13.34578773554279,19.503313381291036,0.004517631416762496,2,0,26,2,793.8982678672199,8.356823872286526,3.7028370716417203,11.464357811043245,2.9840000000000004,0.03141052631578948,0.0,1.2320000000000002,790.9142678672199,8.325413345970736,3.7028370716417203,11.464357811043245,29.840000000000003,7909.142678672199,7938.982678672199,790.9142678672199,0.0037586679814989553,0.996241332018501,11.0,2.0,2.0,22.0,6200.0,136400.0,2.712727272727273,719.0129707883817,721.725698061109
Sonora,Magdalena,36,Magdalena,140,Flores,2010,2011,30.771988,-111.139421,770.0,793.2091757696539,8.349570271259514,3.097670643480889,11.391122087328073,22.460894736842107,9.15,34.08,31.31157894736842,13.46,41.72,13.610210526315791,3.84,26.44,26.98252631578948,9.92,69.08,29.39126315789474,15.76,33.08,2.9997894736842112,1.57,6.18,14.97,0.15757894736842107,0.0,11.74,11.976,0.12606315789473685,0.0,9.392000000000001,17.224536005669137,10.568171365327595,19.407488212049127,0.01887270149828329,2,1,30,3,765.6123830143292,8.059077715940308,2.168369450436622,11.504980030939853,6.203165464468433,0.06529647857335193,0.0,3.619165464468432,759.409217549861,7.9937812373669574,0.0,11.504980030939853,62.03165464468433,7594.092175498609,7656.123830143294,753.6363830143292,0.008102227187138291,0.991897772812862,10.0,7.0,7.0,70.0,8000.0,560000.0,6.203165464468433,759.409217549861,765.6123830143293
Sonora,Magdalena,36,Magdalena,140,Flores,2011,2012,30.771988,-111.139421,770.0,857.5195876057554,9.026521974797426,2.5426557937820533,12.375148865383265,23.822789473684214,8.379999999999999,34.885,32.83926315789474,13.02,44.09,14.806315789473683,1.4,26.62,21.289684210526314,8.37,67.82,29.488000000000007,12.04,33.0,3.1532631578947368,1.97,5.5,17.47,0.18389473684210525,0.0,5.23,13.975999999999999,0.1471157894736842,0.0,4.184,16.938404243107517,8.466897236552807,19.133657681817176,0.020372712475031918,5,1,35,2,826.774802325128,8.70289265605398,1.7798590556474372,12.890404213932257,11.571859055647437,0.12180904269102565,0.0,2.8480000000000003,815.2029432694803,8.581083613362951,0.0,12.890404213932257,115.71859055647437,8152.029432694803,8267.748023251277,812.798802325128,0.013996385742652108,0.9860036142573476,10.2,8.0,8.0,81.6,8900.0,726240.0,11.34495985847788,799.218571832824,810.5635316913018
Sonora,Magdalena,36,Magdalena,140,Flores,2012,2013,30.771988,-111.139421,770.0,848.1694908486261,8.928099903669748,4.533210356691172,12.267471605055428,24.495000000000005,11.38,32.18,33.40463157894736,16.64,41.08,15.585368421052628,2.85,24.7,21.71210526315789,6.97,71.78,29.349789473684215,17.1,33.04,2.9411578947368424,1.77,5.94,47.52,0.5002105263157895,0.0,9.96,38.016,0.40016842105263156,0.0,7.968000000000001,16.893595666950738,10.836501077650563,18.879587347474814,0.05602653775303144,10,3,45,3,822.1052226381579,8.65373918566482,3.17324724968382,12.8808451853082,32.49558822625247,0.34205882343423655,0.0,7.284038745224506,789.6096344119054,8.311680362230582,0.0,12.8808451853082,324.9558822625247,7896.096344119054,8221.052226381578,784.0892226381579,0.03952728596221935,0.9604727140377807,10.23,5.0,5.0,51.15,7250.0,370837.5,31.764993378545913,771.8569251338274,803.6219185123733
Sonora,Magdalena,36,Magdalena,140,Flores,2013,2014,30.771988,-111.139421,770.0,861.4163221368882,9.067540233019876,4.0848588846572484,11.751963239587631,24.401473684210526,10.995000000000001,33.765,33.332842105263154,16.6,44.23,15.470105263157896,3.66,26.18,21.97589473684211,8.26,53.36,29.69936842105263,19.45,32.5,3.0704210526315783,1.57,6.39,23.360000000000003,0.2458947368421053,0.0,11.31,18.688,0.1967157894736842,0.0,9.048,17.11407453491487,12.203682969886874,19.094533555224242,0.02711813022308608,3,2,36,1,832.4347297546786,8.762470839522933,2.8594012192600737,12.155311587141307,16.80637565807335,0.17690921745340368,0.0,7.16637565807335,815.6283540966053,8.58556162206953,0.0,12.155311587141307,168.0637565807335,8156.283540966053,8324.347297546787,813.7467297546787,0.020189421533417094,0.9798105784665829,10.2,3.0,3.0,30.6,5850.0,179010.0,16.47683888046407,799.6356412711817,816.1124801516457
Sonora,Magdalena,36,Magdalena,140,Flores,2014,2015,30.771988,-111.139421,770.0,859.616811055864,9.048598011114358,3.9390983027724693,12.198471959465113,24.495526315789476,12.835,32.43,33.11031578947368,19.77,41.45,15.880736842105264,3.98,23.41,20.927052631578945,6.31,70.27,29.120736842105256,12.59,32.67,3.0394736842105257,1.48,6.17,12.65,0.13315789473684211,0.0,6.75,10.120000000000001,0.10652631578947369,0.0,5.4,16.734332115504888,8.878643143454154,18.84359601538676,0.014715859249497523,2,1,42,1,831.3432282057563,8.750981349534277,2.7573688119407285,12.80839555743837,10.120000000000001,0.10652631578947369,0.0,5.4,821.2232282057563,8.644455033744803,0.17473856537617394,12.80839555743837,101.20000000000002,8212.232282057563,8313.432282057563,821.2232282057563,0.012173070828809729,0.9878269291711903,14.25,5.0,5.0,71.25,3600.0,256500.0,7.101754385964913,576.2970022496535,583.3987566356184
Sonora,Magdalena,36,Magdalena,140,Flores,2015,2016,30.771988,-111.139421,770.0,750.9841023449698,7.905095814157576,3.2792841528964645,12.042320103587231,23.148526315789475,13.75,33.925,31.15536842105264,17.06,42.75,15.141684210526316,5.94,25.29,32.17610526315789,13.02,63.02,28.14178947368421,12.52,32.31,2.9231578947368426,1.24,5.13,45.110000000000014,0.47484210526315807,0.0,7.03,36.08800000000001,0.3798736842105264,0.0,5.6240000000000006,16.891753400229362,9.052987241911232,19.806060256728365,0.06006784945133022,10,3,28,0,723.1939910434147,7.612568326772786,2.295498907027525,12.644436108766593,35.01549890702753,0.3685841990213424,0.0,5.6240000000000006,688.178492136387,7.2439841277514425,0.0,12.644436108766593,350.1549890702753,6881.78492136387,7231.9399104341455,687.1059910434147,0.0484178510063498,0.95158214899365,13.25,7.0,7.0,92.75,5250.0,486937.5,26.426791627945306,519.3799940651977,545.806785693143
Sonora,Magdalena,36,Magdalena,140,Avena forrajera en verde,2010,2011,30.771988,-111.139421,770.0,582.5215089949273,3.710328082770238,0.9739834085605559,7.679702596484653,12.911273885350319,5.8100000000000005,23.619999999999997,19.96012738853503,10.64,32.69,5.862420382165605,-1.46,15.52,45.957707006369425,20.76,87.77,16.46566878980892,4.48,27.62,2.6918471337579617,1.16,9.42,179.56000000000006,1.1436942675159238,0.0,36.7,143.648,0.9149554140127388,0.0,29.360000000000003,8.460206654957044,3.945583694620265,15.922955246733071,0.30824612864477713,24,10,0,62,529.0266898209384,3.3695967504518367,0.5986725677064367,6.911732336836187,49.18402663372348,0.3132740549918693,0.0,3.590170418282504,479.8426631872148,3.0563226954599667,0.0,6.911732336836187,0.0,0.0,0.0,385.37868982093835,0.09297078499077424,0.9070292150092255,26.0,129.0,129.0,3354.0,600.0,2012400.0,0.0,0.0,0.0
Sonora,Magdalena,36,Magdalena,140,Avena forrajera en verde,2011,2012,30.771988,-111.139421,770.0,694.4387350759632,4.423176656534798,1.6035393967168634,8.611224279768926,14.313343949044587,-3.0949999999999998,24.515,22.114140127388534,1.49,34.78,6.512547770700637,-7.68,14.25,33.761464968152865,9.8,75.21,17.643184713375796,7.15,27.11,2.6319745222929933,1.16,7.61,20.810000000000002,0.13254777070063695,0.0,9.29,16.648000000000003,0.10603821656050957,0.0,7.4319999999999995,8.566920167676885,4.460286018444057,15.277551696385173,0.02996664637050184,4,1,0,48,632.9500284686197,4.03152884374917,0.9405957395831674,7.750101851792034,9.364683905430589,0.059647668187455975,0.0,2.280613599206196,623.5853445631891,3.971881175561714,0.0,7.750101851792034,0.0,0.0,0.0,616.3020284686197,0.014795297391940743,0.9852047026080591,19.5,82.0,82.0,1599.0,820.0,1311180.0,0.0,0.0,0.0
Sonora,Magdalena,36,Magdalena,140,Avena forrajera en verde,2012,2013,30.771988,-111.139421,770.0,648.0715363729717,4.101718584639061,0.8583453670282474,7.955196209046336,13.435791139240507,2.675,22.295,20.98867088607595,8.38,30.68,5.882911392405063,-3.69,15.09,39.95860759493671,13.08,90.9,17.079177215189873,3.16,28.44,2.69746835443038,1.42,6.2,96.54000000000002,0.6110126582278482,0.0,22.57,77.232,0.48881012658227846,0.0,18.056,8.532775365616118,3.2639510718438265,15.512907419540216,0.1489650363913534,18,6,0,63,596.230717691185,3.7736121372859808,0.5593696227855304,7.690165199266983,28.955423220064546,0.18326217227888952,0.0,2.9377098349834068,567.2752944711204,3.5903499650070914,0.0,7.690165199266983,0.0,0.0,0.0,518.998717691185,0.04856412519668582,0.9514358748033143,19.0,79.0,79.0,1501.0,880.0,1320880.0,0.0,0.0,0.0
Sonora,Magdalena,36,Magdalena,140,Avena forrajera en verde,2013,2014,30.771988,-111.139421,770.0,635.9069301080063,4.050362612152907,1.503850884171756,7.542411419359882,13.982388535031845,0.3250000000000002,23.595,21.34700636942675,6.23,32.31,6.617770700636944,-5.6,16.31,38.58165605095541,18.63,86.97,16.742611464968153,5.93,27.75,2.5612738853503183,1.18,6.0,86.11000000000001,0.548471337579618,0.0,16.67,68.888,0.4387770700636943,0.0,13.336000000000002,8.413823848861968,4.390973844730882,15.188073272147227,0.1354128975845169,15,6,0,63,582.3450884874824,3.7092043852705885,0.7105373877040361,7.37425614197816,30.210358661090737,0.19242266663115118,0.0,2.975189370133425,552.1347298263917,3.5167817186394372,0.0,7.37425614197816,0.0,0.0,0.0,513.4570884874823,0.051877072990442356,0.9481229270095577,17.9,44.0,44.0,787.6,835.0,657646.0,0.0,0.0,0.0
Sonora,Magdalena,36,Magdalena,140,Avena forrajera en verde,2014,2015,30.771988,-111.139421,770.0,677.7526560929603,4.316895898681276,1.242431287039996,7.662769032576064,15.460891719745224,6.43,23.655,22.823248407643316,8.94,31.79,8.098535031847135,-1.38,16.49,37.6647770700637,11.12,87.0,16.934458598726113,3.77,27.95,2.582229299363058,1.28,6.05,79.88,0.5087898089171974,0.0,30.81,63.904,0.407031847133758,0.0,24.648,8.450178673246581,3.9065977821578364,15.795891612308694,0.11786010616392728,6,4,0,26,623.6229762909546,3.9721208680952524,0.7999555300191864,6.712894625343802,15.30201371075443,0.09746505548251229,0.0,3.1341322894486647,608.3209625802002,3.8746558126127404,0.0,6.712894625343802,0.0,0.0,0.0,559.7189762909546,0.024537283410826727,0.9754627165891733,17.55,48.0,48.0,842.4,831.46,700421.9,0.0,0.0,0.0
Sonora,Magdalena,36,Magdalena,140,Avena forrajera en verde,2015,2016,30.771988,-111.139421,770.0,593.6131578275858,3.780975527564241,1.017287619515461,7.302330788196605,15.054808917197455,2.61,24.525,22.006751592356686,8.52,32.69,8.102866242038218,-3.56,17.89,49.610955414012736,22.86,91.49,16.20815286624204,4.27,26.73,2.5434394904458593,1.19,7.08,106.63,0.6791719745222929,0.0,30.43,85.304,0.5433375796178344,0.0,24.344,8.501352088761434,3.6940133906957957,15.461593620494176,0.17962876764765134,15,8,0,31,546.8125008974171,3.482882171321128,0.6699576179251235,6.977240664740689,28.39980119926604,0.18089045349850982,0.0,2.560659284018922,518.4126996981508,3.301991717822617,0.0,6.977240664740689,0.0,0.0,0.0,461.5085008974171,0.051937000622072266,0.9480629993779274,18.2,7.0,7.0,127.4,855.0,108927.0,0.0,0.0,0.0
Sonora,Magdalena,36,Magdalena,140,Avena forrajera en verde,2016,2017,30.771988,-111.139421,770.0,678.7012879294716,4.295577771705516,0.8017578970061457,7.911726774493456,14.55379746835443,3.21,22.09,22.250759493670888,8.58,31.63,6.856835443037975,-3.4,13.35,37.97063291139241,13.27,92.31,17.328860759493672,5.51,27.76,2.603670886075949,1.08,5.46,75.17,0.4757594936708861,0.0,13.18,60.136,0.38060759493670887,0.0,10.544,8.595266510416502,3.994094793151106,15.341792311681676,0.11075564661048856,17,5,0,49,627.1594508299795,3.9693636128479715,0.6737892045651412,7.120554097044111,27.621109533575755,0.174817148946682,0.0,2.5706237381852857,599.5383412964038,3.79454646390129,0.0,7.120554097044111,0.0,0.0,0.0,567.0234508299795,0.04404160616095656,0.9559583938390436,18.5,77.0,77.0,1424.5,705.95,1005625.78,0.0,0.0,0.0
Sonora,Magdalena,36,Magdalena,140,Avena forrajera en verde,2017,2018,30.771988,-111.139421,770.0,641.2575690409744,4.084443114910665,0.973297523282181,7.676286261742044,15.54735668789809,5.835000000000001,25.165,22.530382165605097,9.88,33.43,8.564331210191082,-0.94,18.14,44.12292993630573,18.17,88.27,16.500127388535027,4.7,27.59,2.6424203821656054,1.25,6.6,112.22999999999999,0.7148407643312101,0.0,18.59,89.78399999999999,0.5718726114649682,0.0,14.872,8.513047513373683,3.7374078252306973,15.735542831329209,0.17501547805173562,14,8,0,31,578.9923541877496,3.6878493897308893,1.0925342643910219,7.2782645888953095,30.73723517906767,0.1957785680195393,0.0,3.299712936752903,548.255119008682,3.49207082171135,0.0,7.2782645888953095,0.0,0.0,0.0,489.2083541877496,0.053087462998001045,0.9469125370019991,22.0,150.0,150.0,3300.0,703.17,2320461.0,0.0,0.0,0.0
Sonora,Magdalena,36,Magdalena,140,Avena forrajera en verde,2018,2019,30.771988,-111.139421,770.0,691.3543003492368,4.403530575472846,1.0298859850352995,8.558898859044222,16.81251592356688,6.615,25.259999999999998,24.000127388535027,11.38,34.22,9.624904458598728,-2.1,18.78,34.721783439490444,12.96,92.8,16.357261146496814,4.05,27.41,2.447770700636943,0.95,6.18,92.65,0.5901273885350319,0.0,25.7,74.12,0.4721019108280255,0.0,20.560000000000002,8.140503196976269,3.9934093754493905,15.603401520496863,0.1340123290665842,11,6,0,24,648.7184886127588,4.1319648956226676,0.9268973865317696,9.842733687900854,25.187061807930412,0.16042714527344212,0.0,4.36,623.5314268048285,3.971537750349226,0.0,9.842733687900854,0.0,0.0,0.0,574.5984886127588,0.038825873240935775,0.9611741267590643,22.3,160.0,160.0,3568.0,753.21,2687453.28,0.0,0.0,0.0
Sonora,Magdalena,36,Magdalena,140,Avena forrajera en verde,2019,2020,30.771988,-111.139421,770.0,566.870145493739,3.6106378693868724,1.1733979527645015,7.209682934485225,13.408471337579618,2.2649999999999997,20.585,20.399681528662423,6.89,28.76,6.4172611464968154,-2.87,14.09,47.27477707006369,24.26,86.02,15.926433121019107,4.3,27.05,2.531019108280255,1.25,7.05,131.04000000000002,0.8346496815286626,0.0,29.13,104.832,0.6677197452229299,0.0,23.304000000000002,8.325548386462415,3.719585194156481,15.530602130336117,0.23116405237016904,24,5,0,52,517.3800418106555,3.295414279048761,0.9706224776384607,6.488714641036703,44.14737244870378,0.2811934550872852,0.0,3.04,473.2326693619517,3.014220823961476,0.0,6.488714641036703,0.0,0.0,0.0,412.5480418106555,0.08532871174195834,0.9146712882580417,22.19,160.0,160.0,3550.0,775.21,2751995.5,0.0,0.0,0.0
Sonora,Magdalena,36,Magdalena,140,Avena forrajera en verde,2020,2021,30.771988,-111.139421,770.0,537.1910163959577,3.3999431417465678,1.051501867368186,6.513768095019506,13.676993670886077,2.8649999999999998,21.985,20.413544303797465,8.52,29.23,6.940443037974685,-4.31,15.58,52.51867088607595,21.65,89.11,15.450632911392404,3.43,27.69,2.5502531645569615,0.81,7.03,231.27999999999997,1.4637974683544301,0.0,25.17,185.024,1.1710379746835442,0.0,20.136000000000003,8.253709970030949,3.4782690760371233,16.083498826802355,0.43053586702113794,24,14,0,51,484.60681611174437,3.067131747542686,0.7394338017754317,5.777456514999697,46.90656589365703,0.2968769993269432,0.0,2.660012541997121,437.7002502180874,2.7702547482157427,0.0,5.777456514999697,0.0,0.0,0.0,299.58281611174436,0.09679303784873086,0.9032069621512692,22.0,165.0,165.0,3630.0,774.52,2811507.6,0.0,0.0,0.0
Sonora,Magdalena,36,Magdalena,140,Avena forrajera en verde,2021,2022,30.771988,-111.139421,770.0,725.5315670794841,4.621220172480791,1.1591837396439577,10.291556885780707,14.854968152866242,2.96,26.14,22.675286624203824,6.31,35.28,7.034649681528663,-1.89,19.34,31.430764331210185,10.6,86.22,17.30292993630573,8.56,27.38,2.776751592356688,1.43,7.26,47.54,0.30280254777070065,0.0,9.14,38.032000000000004,0.24224203821656054,0.0,7.312000000000001,8.301192579389047,4.376313941151083,15.116020566758328,0.06552437158780694,9,6,1,61,663.9134736870335,4.2287482400447995,0.8138916097679825,9.262401197202637,17.58943443700941,0.11203461424846757,0.0,2.609605135425949,646.324039250024,4.116713625796331,0.0,9.262401197202637,0.0,0.0,0.0,625.8814736870335,0.02649356449919106,0.9735064355008088,22.5,145.0,145.0,3262.5,820.0,2675250.0,0.0,0.0,0.0
Sonora,Magdalena,36,Magdalena,140,Avena forrajera en verde,2022,2023,30.771988,-111.139421,770.0,676.1774657131018,4.306862838936954,1.139467984813722,7.867109547452945,15.165700636942677,4.555,24.205,22.711783439490446,11.35,33.21,7.619617834394904,-3.43,16.53,35.99394904458598,9.68,88.41,16.936687898089176,2.53,26.91,2.608152866242038,1.17,6.15,48.03,0.3059235668789809,0.0,22.93,38.424,0.24473885350318472,0.0,18.344,8.406993974208698,3.094463221252784,15.306546369897525,0.07103164839920716,11,1,0,36,614.8574595885548,3.916289551519457,0.8810967546272017,7.080398592707651,21.18582786185798,0.13494157873794893,0.0,2.5075193342541517,593.6716317266968,3.781347972781508,0.0,7.080398592707651,0.0,0.0,0.0,576.4334595885548,0.0344564866725939,0.9655435133274061,23.69,122.0,122.0,2890.0,865.8,2502162.0,0.0,0.0,0.0
Sonora,Magdalena,36,Magdalena,140,Avena forrajera en verde,2023,2024,30.771988,-111.139421,770.0,559.8884647985232,3.5661685655956887,1.0495347381640125,7.607779766121688,12.549394904458598,3.335,18.55,19.61503184713376,7.4,27.88,5.483757961783439,-2.86,14.44,46.70891719745223,22.56,86.44,16.268917197452232,2.76,28.72,2.651592356687898,1.09,6.61,103.33000000000001,0.6581528662420383,0.0,12.82,82.66400000000002,0.5265222929936306,0.0,10.256,8.397894317175199,3.2115052921242864,16.191207741068986,0.18455461488599073,22,9,0,65,515.6380062104697,3.2843185108947117,0.7322166665754436,6.847001789509519,38.02063727811945,0.24216966419184363,0.0,2.926023810241224,477.6173689323502,3.0421488467028674,0.0,6.847001789509519,0.0,0.0,0.0,432.9740062104697,0.07373513360184789,0.926264866398152,24.76,105.0,105.0,2599.8,865.62,2250438.88,0.0,0.0,0.0
Sonora,Magdalena,36,Magdalena,140,Cebada forrajera en verde,2010,2011,30.771988,-111.139421,770.0,582.5215089949273,3.710328082770238,0.9739834085605559,7.679702596484653,12.911273885350319,5.8100000000000005,23.619999999999997,19.96012738853503,10.64,32.69,5.862420382165605,-1.46,15.52,45.957707006369425,20.76,87.77,16.46566878980892,4.48,27.62,2.6918471337579617,1.16,9.42,179.56000000000006,1.1436942675159238,0.0,36.7,143.648,0.9149554140127388,0.0,29.360000000000003,8.460206654957044,3.945583694620265,15.922955246733071,0.30824612864477713,24,10,0,62,529.0266898209384,3.3695967504518367,0.5986725677064367,6.911732336836187,49.18402663372348,0.3132740549918693,0.0,3.590170418282504,479.8426631872148,3.0563226954599667,0.0,6.911732336836187,0.0,0.0,0.0,385.37868982093835,0.09297078499077424,0.9070292150092255,26.0,116.0,116.0,3016.0,600.0,1809600.0,0.0,0.0,0.0
Sonora,Magdalena,36,Magdalena,140,Cebada forrajera en verde,2011,2012,30.771988,-111.139421,770.0,694.4387350759632,4.423176656534798,1.6035393967168634,8.611224279768926,14.313343949044587,-3.0949999999999998,24.515,22.114140127388534,1.49,34.78,6.512547770700637,-7.68,14.25,33.761464968152865,9.8,75.21,17.643184713375796,7.15,27.11,2.6319745222929933,1.16,7.61,20.810000000000002,0.13254777070063695,0.0,9.29,16.648000000000003,0.10603821656050957,0.0,7.4319999999999995,8.566920167676885,4.460286018444057,15.277551696385173,0.02996664637050184,4,1,0,48,632.9500284686197,4.03152884374917,0.9405957395831674,7.750101851792034,9.364683905430589,0.059647668187455975,0.0,2.280613599206196,623.5853445631891,3.971881175561714,0.0,7.750101851792034,0.0,0.0,0.0,616.3020284686197,0.014795297391940743,0.9852047026080591,18.0,85.0,85.0,1530.0,820.0,1254600.0,0.0,0.0,0.0
Sonora,Magdalena,36,Magdalena,140,Cebada forrajera en verde,2012,2013,30.771988,-111.139421,770.0,648.0715363729717,4.101718584639061,0.8583453670282474,7.955196209046336,13.435791139240507,2.675,22.295,20.98867088607595,8.38,30.68,5.882911392405063,-3.69,15.09,39.95860759493671,13.08,90.9,17.079177215189873,3.16,28.44,2.69746835443038,1.42,6.2,96.54000000000002,0.6110126582278482,0.0,22.57,77.232,0.48881012658227846,0.0,18.056,8.532775365616118,3.2639510718438265,15.512907419540216,0.1489650363913534,18,6,0,63,596.230717691185,3.7736121372859808,0.5593696227855304,7.690165199266983,28.955423220064546,0.18326217227888952,0.0,2.9377098349834068,567.2752944711204,3.5903499650070914,0.0,7.690165199266983,0.0,0.0,0.0,518.998717691185,0.04856412519668582,0.9514358748033143,19.0,48.0,48.0,912.0,900.0,820800.0,0.0,0.0,0.0
Sonora,Magdalena,36,Magdalena,140,Cebada forrajera en verde,2013,2014,30.771988,-111.139421,770.0,635.9069301080063,4.050362612152907,1.503850884171756,7.542411419359882,13.982388535031845,0.3250000000000002,23.595,21.34700636942675,6.23,32.31,6.617770700636944,-5.6,16.31,38.58165605095541,18.63,86.97,16.742611464968153,5.93,27.75,2.5612738853503183,1.18,6.0,86.11000000000001,0.548471337579618,0.0,16.67,68.888,0.4387770700636943,0.0,13.336000000000002,8.413823848861968,4.390973844730882,15.188073272147227,0.1354128975845169,15,6,0,63,582.3450884874824,3.7092043852705885,0.7105373877040361,7.37425614197816,30.210358661090737,0.19242266663115118,0.0,2.975189370133425,552.1347298263917,3.5167817186394372,0.0,7.37425614197816,0.0,0.0,0.0,513.4570884874823,0.051877072990442356,0.9481229270095577,17.95,69.0,69.0,1238.55,822.83,1019116.1,0.0,0.0,0.0
Sonora,Magdalena,36,Magdalena,140,Cebada forrajera en verde,2014,2015,30.771988,-111.139421,770.0,677.7526560929603,4.316895898681276,1.242431287039996,7.662769032576064,15.460891719745224,6.43,23.655,22.823248407643316,8.94,31.79,8.098535031847135,-1.38,16.49,37.6647770700637,11.12,87.0,16.934458598726113,3.77,27.95,2.582229299363058,1.28,6.05,79.88,0.5087898089171974,0.0,30.81,63.904,0.407031847133758,0.0,24.648,8.450178673246581,3.9065977821578364,15.795891612308694,0.11786010616392728,6,4,0,26,623.6229762909546,3.9721208680952524,0.7999555300191864,6.712894625343802,15.30201371075443,0.09746505548251229,0.0,3.1341322894486647,608.3209625802002,3.8746558126127404,0.0,6.712894625343802,0.0,0.0,0.0,559.7189762909546,0.024537283410826727,0.9754627165891733,17.55,43.0,43.0,754.65,857.96,647459.51,0.0,0.0,0.0
Sonora,Magdalena,36,Magdalena,140,Cebada forrajera en verde,2015,2016,30.771988,-111.139421,770.0,593.6131578275858,3.780975527564241,1.017287619515461,7.302330788196605,15.054808917197455,2.61,24.525,22.006751592356686,8.52,32.69,8.102866242038218,-3.56,17.89,49.610955414012736,22.86,91.49,16.20815286624204,4.27,26.73,2.5434394904458593,1.19,7.08,106.63,0.6791719745222929,0.0,30.43,85.304,0.5433375796178344,0.0,24.344,8.501352088761434,3.6940133906957957,15.461593620494176,0.17962876764765134,15,8,0,31,546.8125008974171,3.482882171321128,0.6699576179251235,6.977240664740689,28.39980119926604,0.18089045349850982,0.0,2.560659284018922,518.4126996981508,3.301991717822617,0.0,6.977240664740689,0.0,0.0,0.0,461.5085008974171,0.051937000622072266,0.9480629993779274,17.25,37.0,37.0,638.25,850.0,542512.5,0.0,0.0,0.0
Sonora,Magdalena,36,Magdalena,140,Cebada forrajera en verde,2016,2017,30.771988,-111.139421,770.0,678.7012879294716,4.295577771705516,0.8017578970061457,7.911726774493456,14.55379746835443,3.21,22.09,22.250759493670888,8.58,31.63,6.856835443037975,-3.4,13.35,37.97063291139241,13.27,92.31,17.328860759493672,5.51,27.76,2.603670886075949,1.08,5.46,75.17,0.4757594936708861,0.0,13.18,60.136,0.38060759493670887,0.0,10.544,8.595266510416502,3.994094793151106,15.341792311681676,0.11075564661048856,17,5,0,49,627.1594508299795,3.9693636128479715,0.6737892045651412,7.120554097044111,27.621109533575755,0.174817148946682,0.0,2.5706237381852857,599.5383412964038,3.79454646390129,0.0,7.120554097044111,0.0,0.0,0.0,567.0234508299795,0.04404160616095656,0.9559583938390436,19.3,80.0,80.0,1544.0,730.88,1128478.72,0.0,0.0,0.0
Sonora,Magdalena,36,Magdalena,140,Cebada forrajera en verde,2017,2018,30.771988,-111.139421,770.0,641.2575690409744,4.084443114910665,0.973297523282181,7.676286261742044,15.54735668789809,5.835000000000001,25.165,22.530382165605097,9.88,33.43,8.564331210191082,-0.94,18.14,44.12292993630573,18.17,88.27,16.500127388535027,4.7,27.59,2.6424203821656054,1.25,6.6,112.22999999999999,0.7148407643312101,0.0,18.59,89.78399999999999,0.5718726114649682,0.0,14.872,8.513047513373683,3.7374078252306973,15.735542831329209,0.17501547805173562,14,8,0,31,578.9923541877496,3.6878493897308893,1.0925342643910219,7.2782645888953095,30.73723517906767,0.1957785680195393,0.0,3.299712936752903,548.255119008682,3.49207082171135,0.0,7.2782645888953095,0.0,0.0,0.0,489.2083541877496,0.053087462998001045,0.9469125370019991,21.0,110.0,110.0,2310.0,712.0,1644720.0,0.0,0.0,0.0
Sonora,Magdalena,36,Magdalena,140,Cebada forrajera en verde,2018,2019,30.771988,-111.139421,770.0,691.3543003492368,4.403530575472846,1.0298859850352995,8.558898859044222,16.81251592356688,6.615,25.259999999999998,24.000127388535027,11.38,34.22,9.624904458598728,-2.1,18.78,34.721783439490444,12.96,92.8,16.357261146496814,4.05,27.41,2.447770700636943,0.95,6.18,92.65,0.5901273885350319,0.0,25.7,74.12,0.4721019108280255,0.0,20.560000000000002,8.140503196976269,3.9934093754493905,15.603401520496863,0.1340123290665842,11,6,0,24,648.7184886127588,4.1319648956226676,0.9268973865317696,9.842733687900854,25.187061807930412,0.16042714527344212,0.0,4.36,623.5314268048285,3.971537750349226,0.0,9.842733687900854,0.0,0.0,0.0,574.5984886127588,0.038825873240935775,0.9611741267590643,21.5,120.0,120.0,2580.0,768.05,1981569.0,0.0,0.0,0.0
Sonora,Magdalena,36,Magdalena,140,Cebada forrajera en verde,2019,2020,30.771988,-111.139421,770.0,566.870145493739,3.6106378693868724,1.1733979527645015,7.209682934485225,13.408471337579618,2.2649999999999997,20.585,20.399681528662423,6.89,28.76,6.4172611464968154,-2.87,14.09,47.27477707006369,24.26,86.02,15.926433121019107,4.3,27.05,2.531019108280255,1.25,7.05,131.04000000000002,0.8346496815286626,0.0,29.13,104.832,0.6677197452229299,0.0,23.304000000000002,8.325548386462415,3.719585194156481,15.530602130336117,0.23116405237016904,24,5,0,52,517.3800418106555,3.295414279048761,0.9706224776384607,6.488714641036703,44.14737244870378,0.2811934550872852,0.0,3.04,473.2326693619517,3.014220823961476,0.0,6.488714641036703,0.0,0.0,0.0,412.5480418106555,0.08532871174195834,0.9146712882580417,22.0,130.0,130.0,2860.0,774.78,2215870.8,0.0,0.0,0.0
Sonora,Magdalena,36,Magdalena,140,Cebada forrajera en verde,2022,2023,30.771988,-111.139421,770.0,676.1774657131018,4.306862838936954,1.139467984813722,7.867109547452945,15.165700636942677,4.555,24.205,22.711783439490446,11.35,33.21,7.619617834394904,-3.43,16.53,35.99394904458598,9.68,88.41,16.936687898089176,2.53,26.91,2.608152866242038,1.17,6.15,48.03,0.3059235668789809,0.0,22.93,38.424,0.24473885350318472,0.0,18.344,8.406993974208698,3.094463221252784,15.306546369897525,0.07103164839920716,11,1,0,36,614.8574595885548,3.916289551519457,0.8810967546272017,7.080398592707651,21.18582786185798,0.13494157873794893,0.0,2.5075193342541517,593.6716317266968,3.781347972781508,0.0,7.080398592707651,0.0,0.0,0.0,576.4334595885548,0.0344564866725939,0.9655435133274061,23.33,60.0,60.0,1400.0,850.0,1190000.0,0.0,0.0,0.0
Sonora,Magdalena,36,Magdalena,140,Cebada forrajera en verde,2023,2024,30.771988,-111.139421,770.0,559.8884647985232,3.5661685655956887,1.0495347381640125,7.607779766121688,12.549394904458598,3.335,18.55,19.61503184713376,7.4,27.88,5.483757961783439,-2.86,14.44,46.70891719745223,22.56,86.44,16.268917197452232,2.76,28.72,2.651592356687898,1.09,6.61,103.33000000000001,0.6581528662420383,0.0,12.82,82.66400000000002,0.5265222929936306,0.0,10.256,8.397894317175199,3.2115052921242864,16.191207741068986,0.18455461488599073,22,9,0,65,515.6380062104697,3.2843185108947117,0.7322166665754436,6.847001789509519,38.02063727811945,0.24216966419184363,0.0,2.926023810241224,477.6173689323502,3.0421488467028674,0.0,6.847001789509519,0.0,0.0,0.0,432.9740062104697,0.07373513360184789,0.926264866398152,23.18,55.0,55.0,1274.9,880.08,1122013.99,0.0,0.0,0.0
Sonora,Magdalena,36,Magdalena,140,Maíz grano,2010,2011,30.771988,-111.139421,770.0,1299.5003684415196,7.599417359307132,3.097670643480889,11.391122087328073,24.998918128654967,9.15,34.08,32.76508771929824,13.46,41.72,17.2327485380117,3.84,26.44,37.38777777777778,9.92,79.0,27.068187134502924,15.01,33.08,2.570233918128655,1.1,6.18,271.76,1.5892397660818713,0.0,21.76,163.056,0.9535438596491229,0.0,13.056000000000001,16.489314446874975,10.568171365327595,19.407488212049127,0.20912652785617875,42,22,72,3,1196.3464857686636,6.99617827934891,0.9293011930442666,13.669346504793687,118.35077694137169,0.6921098066746882,0.0,6.85113185110538,1077.9957088272918,6.304068472674221,0.0,13.639346504793687,1183.507769413717,10779.957088272917,11963.464857686633,1033.2904857686635,0.09892683963152216,0.9010731603684777,4.0,30.0,30.0,120.0,3500.0,420000.0,338.1450769753477,3079.9877395065478,3418.1328164818956
Sonora,Magdalena,36,Magdalena,140,Maíz grano,2011,2012,30.771988,-111.139421,770.0,1370.3927466459354,8.013992670444066,2.5426557937820533,12.375148865383265,25.912017543859648,8.379999999999999,34.885,33.77807017543859,13.02,44.09,18.0459649122807,1.4,26.62,33.3787134502924,8.37,71.08,27.071286549707605,12.04,33.0,2.6452046783625733,0.97,5.5,212.1,1.2403508771929823,0.0,16.85,169.68,0.992280701754386,0.0,13.480000000000002,16.30288259929596,8.466897236552807,19.133657681817176,0.15477314844165596,53,11,72,2,1235.115938123295,7.222900222943246,0.762796738134616,14.850178638459917,136.02741814606026,0.7954819774623407,0.0,7.0231473942697695,1099.0885199772351,6.427418245480907,0.0,14.731890530208291,1360.2741814606024,10990.88519977235,12351.159381232952,1065.435938123295,0.11013331942971119,0.8898666805702891,4.5,3.0,3.0,13.5,5533.33,74699.96,302.28315143568943,2442.4189332827445,2744.702084718434
Sonora,Magdalena,36,Magdalena,140,Maíz grano,2014,2015,30.771988,-111.139421,770.0,1306.1714957261142,7.63842979956792,1.7857054684946156,12.198471959465113,25.476228070175434,12.835,32.43,32.74982456140351,19.77,41.45,18.20263157894737,3.98,24.55,37.42637426900585,6.31,89.03,26.375087719298246,5.05,32.67,2.5259649122807017,0.67,6.17,432.59000000000003,2.529766081871345,0.0,90.25,259.55400000000003,1.5178596491228071,0.0,54.15,15.987008412477389,4.584505701906031,18.95192354471072,0.331189282123722,49,27,59,1,1193.1180925532126,6.977298786860892,1.0714232810967694,14.638166351358135,136.55417002368787,0.7985623977993442,0.0,7.409999999999999,1056.5639225295245,6.178736389061546,0.0,14.638166351358135,1365.5417002368788,10565.639225295245,11931.180925532124,933.5640925532125,0.11445151228196433,0.8855484877180354,3.1,55.0,55.0,170.5,3500.0,596750.0,440.4973226570577,3408.2707178371757,3848.7680404942334
Sonora,Magdalena,36,Magdalena,140,Maíz grano,2015,2016,30.771988,-111.139421,770.0,1224.87022604013,7.162983778012457,2.8338075392807123,12.042320103587231,25.164707602339185,13.75,33.925,32.178128654970756,17.06,42.75,18.151286549707603,5.94,25.83,42.10076023391812,13.02,78.58,25.921403508771927,10.48,32.31,2.5125730994152047,1.03,5.13,220.97,1.2922222222222222,0.0,20.32,176.776,1.033777777777778,0.0,16.256,16.12800989228806,7.8026749672077935,19.806060256728365,0.1804027849663483,46,13,51,0,1099.929472880372,6.432336098715626,0.9837852458689393,14.450784124304677,132.24304269394938,0.773351126865201,0.0,7.291359161582377,967.6864301864225,5.658984971850424,0.0,14.450784124304677,1322.4304269394938,9676.864301864225,10999.29472880372,923.153472880372,0.12022865643162203,0.8797713435683778,3.25,37.0,37.0,120.25,3456.46,415639.32,608.0139893974684,4449.133012351368,5057.147001748836
Sonora,Magdalena,36,Magdalena,140,Maíz grano,2016,2017,30.771988,-111.139421,770.0,1324.2977978104395,7.7444315661429215,2.812422140414755,13.872887786357397,25.75573099415205,13.905000000000001,36.230000000000004,33.356783625731,18.62,45.75,18.154678362573097,6.5,26.71,35.979883040935675,8.29,83.4,27.028479532163747,9.56,32.47,2.518888888888889,1.03,5.38,226.86,1.3266666666666667,0.0,44.11,181.488,1.0613333333333332,0.0,35.288000000000004,16.42584664983358,7.239557879473289,19.414352927576434,0.1713058802748782,30,15,65,0,1199.1353985759713,7.012487710970593,1.1635495496343662,16.647465343628877,92.83829191490543,0.5429139878064645,0.0,9.869105746687145,1106.2971066610662,6.46957372316413,0.0,16.647465343628877,928.3829191490543,11062.971066610662,11991.353985759717,1017.6473985759712,0.07742102520295471,0.9225789747970455,2.1,6.0,6.0,12.6,3500.0,44100.0,442.08710435669246,5268.081460290791,5710.168564647483
Sonora,Magdalena,36,Magdalena,140,Sorgo forrajero en verde,2010,2011,30.771988,-111.139421,770.0,1127.5258927855036,7.467058892619229,1.727294139287712,11.391122087328073,21.69132450331126,6.925,34.08,29.93675496688742,13.1,41.72,13.445894039735098,-0.32,26.44,33.45317880794702,9.92,81.95,27.40165562913907,9.82,33.08,2.830662251655629,1.27,6.18,147.72000000000003,0.9782781456953644,0.0,21.76,118.17600000000002,0.7826225165562914,0.0,17.408,16.193487085007636,6.934929827339267,19.407488212049127,0.13101251239123582,20,11,45,14,999.9233956602516,6.622009242783123,0.5181882417863135,10.429358864489586,70.72212474394664,0.4683584420128916,0.0,6.408,929.2012709163049,6.153650800770231,0.0,10.429358864489586,707.2212474394664,9292.01270916305,9999.233956602515,881.7473956602515,0.07072754278066337,0.9292724572193366,30.0,142.0,142.0,4260.0,550.0,2343000.0,37.222170917866656,489.05330048226574,526.2754714001323
Sonora,Magdalena,36,Magdalena,140,Sorgo forrajero en verde,2011,2012,30.771988,-111.139421,770.0,1230.8378968522306,8.151244350014773,2.5426557937820533,12.375148865383265,23.238973509933775,8.379999999999999,34.885,31.7582119205298,13.02,44.09,14.71973509933775,1.4,26.62,26.593907284768207,8.37,68.66,27.743046357615892,12.04,33.0,2.893907284768212,1.18,5.77,85.03999999999999,0.5631788079470198,0.0,16.85,68.032,0.4505430463576159,0.0,13.480000000000002,16.04622218433156,8.466897236552807,19.133657681817176,0.06909114532261558,19,3,43,4,1073.5638543811433,7.109694399875122,1.4517918570881632,10.924822223425886,57.51502506892994,0.3808942057545029,0.0,4.97472940427442,1016.0488293122135,6.728800194120619,0.0,10.924822223425886,575.1502506892994,10160.488293122135,10735.638543811434,1005.5318543811433,0.05357392094956896,0.9464260790504311,18.0,162.0,162.0,2916.0,850.0,2478600.0,42.603722273281434,752.6287624534915,795.2324847267729
Sonora,Magdalena,36,Magdalena,140,Sorgo forrajero en verde,2012,2013,30.771988,-111.139421,770.0,1185.6936941281951,7.852276120054272,1.8189475077975426,12.267471605055428,23.015132450331127,5.4,32.18,31.27880794701987,8.38,41.08,14.751456953642386,-1.3,24.7,28.66761589403973,6.97,81.14,27.12655629139072,10.08,33.04,2.810662251655629,0.91,6.2,171.40999999999997,1.135165562913907,0.0,16.75,137.128,0.9081324503311258,0.0,13.4,15.79070407107745,7.250798847041311,18.879587347474814,0.14456516117852222,31,14,51,13,1049.2041742554447,6.94837201493672,0.5456842523392628,12.267471605055428,93.13661342752278,0.6167987644206806,0.0,6.879369926045366,956.067560827922,6.33157325051604,0.0,12.267471605055428,931.3661342752278,9560.67560827922,10492.041742554447,912.0761742554448,0.08876881708330608,0.9112311829166939,17.55,110.0,110.0,1930.5,785.0,1515442.5,72.19892513761455,741.1376440526527,813.3365691902673
Sonora,Magdalena,36,Magdalena,140,Sorgo forrajero en verde,2013,2014,30.771988,-111.139421,770.0,1199.472760474614,7.943528215063669,3.0469128961126564,11.751963239587631,23.456622516556298,8.905,33.765,31.72258278145695,13.79,44.23,15.190662251655631,2.16,26.18,29.402516556291395,8.26,77.44,27.32827814569536,13.21,32.5,2.7915894039735103,1.12,6.39,146.98,0.9733774834437086,0.0,25.35,117.584,0.7787019867549669,0.0,20.28,15.955027262361753,9.665616112241711,19.094533555224242,0.12253717203368765,21,9,41,6,1057.009119392158,7.000060393325549,0.9140738688337968,11.166202341442617,73.8439797652576,0.48903297857786493,0.0,6.768243677069275,983.1651396269003,6.5110274147476845,0.0,11.166202341442617,738.439797652576,9831.651396269004,10570.09119392158,939.425119392158,0.069861251346367,0.9301387486536329,17.98,98.0,98.0,1762.04,825.0,1453683.0,54.43713952470151,724.7807885196464,779.2179280443479
Sonora,Magdalena,36,Magdalena,140,Sorgo forrajero en verde,2014,2015,30.771988,-111.139421,770.0,1192.3818921900904,7.89656882245093,1.3574343412837453,12.198471959465113,23.48122516556291,12.835,32.43,31.41708609271523,16.07,41.45,15.545364238410592,3.98,24.55,29.432450331125835,6.31,86.0,27.184635761589398,3.77,32.67,2.7318543046357617,0.82,6.17,152.24,1.0082119205298015,0.0,30.81,121.79200000000002,0.8065695364238412,0.0,24.648,15.872217219168986,3.9065977821578364,18.95192354471072,0.12767721566148188,17,11,49,1,1056.2852672362178,6.995266670438529,0.4072303023851236,12.198471959465113,67.21403633304475,0.4451260684307599,0.0,5.6682544168982405,989.071230903173,6.550140602007769,0.0,12.198471959465113,672.1403633304475,9890.712309031731,10562.852672362178,934.4932672362178,0.06363246598043634,0.9363675340195636,14.97,147.0,147.0,2200.0,942.48,2073456.0,57.154792800208114,841.0469650537185,898.2017578539267
Sonora,Magdalena,36,Magdalena,140,Sorgo forrajero en verde,2015,2016,30.771988,-111.139421,770.0,1082.9997832602146,7.172183995100759,1.8798235383472122,12.042320103587231,22.690794701986757,10.254999999999999,33.925,30.14920529801325,15.08,42.75,15.232384105960266,3.69,25.29,37.84609271523179,13.02,83.39,26.1723178807947,8.41,32.31,2.7747682119205295,1.24,5.35,136.99,0.9072185430463576,0.0,20.14,109.59200000000001,0.7257748344370861,0.0,16.112000000000002,15.827595475989792,6.183383281434911,19.806060256728365,0.12649125338475264,29,8,35,1,958.4077979721194,6.347071509749135,0.5639470615041636,10.685932630849036,80.40546049992649,0.5324864933769966,0.0,5.5280000000000005,878.002337472193,5.814585016372138,0.0,10.685932630849036,804.0546049992649,8780.02337472193,9584.077979721194,848.8157979721194,0.08389483127125551,0.9161051687287446,16.25,169.0,169.0,2746.25,882.89,2424636.66,65.6371106121849,716.7366020181167,782.3737126303016
Sonora,Magdalena,36,Magdalena,140,Sorgo forrajero en verde,2016,2017,30.771988,-111.139421,770.0,1177.5504296087033,7.798347215951678,2.7089763594616207,13.872887786357397,23.58798013245033,9.04,36.230000000000004,31.688741721854306,13.0,45.75,15.487218543046355,3.85,26.71,30.16370860927152,8.29,73.54,27.29834437086092,12.13,32.47,2.687615894039735,1.03,4.66,86.88000000000001,0.5753642384105961,0.0,12.88,69.504,0.46029139072847686,0.0,10.304000000000002,16.09701374079264,8.46317157783139,19.414352927576434,0.07378027965126724,18,6,47,2,1033.6652246792087,6.845465064100719,0.8126929078384862,13.04033516605663,55.33092933419125,0.3664299955906705,0.0,6.990616570570061,978.3342953450174,6.479035068510049,0.0,13.04033516605663,553.3092933419125,9783.342953450174,10336.652246792086,964.1612246792087,0.05352886796725008,0.9464711320327499,19.21,100.0,100.0,1921.0,853.13,1638862.73,38.34437237296691,677.9863446604418,716.3307170334086
Sonora,Magdalena,36,Magdalena,140,Sorgo forrajero en verde,2017,2018,30.771988,-111.139421,770.0,1174.6357189361038,7.779044496265588,3.551053184576525,12.126075677499745,24.043874172185433,12.280000000000001,36.35,32.07218543046358,16.69,45.58,16.01556291390729,4.36,27.82,31.32980132450331,5.41,82.84,27.04523178807947,14.09,33.35,2.6478807947019867,1.2,5.43,182.07999999999998,1.2058278145695362,0.0,25.48,145.664,0.964662251655629,0.0,20.384,15.851862122304587,8.418943852477135,19.176264133697124,0.15500975925107596,24,13,44,1,1031.2821459295926,6.829683085626441,1.2683694298865567,10.911024313763562,87.73084758464353,0.5809989906267783,0.0,5.490919944293376,943.5512983449491,6.248684094999663,0.0,10.911024313763562,877.3084758464353,9435.512983449491,10312.821459295927,885.6181459295926,0.08506968527566564,0.9149303147243344,19.0,105.0,105.0,1995.0,812.05,1620039.75,63.804252788831654,686.2191260690539,750.0233788578855
Sonora,Magdalena,36,Magdalena,140,Sorgo forrajero en verde,2018,2019,30.771988,-111.139421,770.0,1195.164571279054,7.914997160788436,3.0541920357336925,12.01281680520899,24.0778476821192,10.76,34.305,32.132913907284774,18.69,43.4,16.02278145695364,-0.16,27.36,29.335430463576156,7.98,75.05,26.817880794701985,7.26,32.84,2.690264900662252,0.63,5.04,101.60000000000001,0.6728476821192053,0.0,16.18,81.28,0.5382781456953643,0.0,12.944,15.728528746895432,6.244911587941367,19.548427849546925,0.08500921332638621,17,8,53,4,1064.2937063196296,7.048302690858474,1.2200307682737555,10.906382481630509,60.026708485317144,0.3975278707636897,0.0,6.272,1004.2669978343124,6.650774820094784,0.0,10.906382481630509,600.2670848531715,10042.669978343125,10642.937063196296,983.0137063196296,0.056400510619283764,0.9435994893807162,19.55,115.0,115.0,2248.25,911.63,2049572.15,42.723635932610065,714.7807813767348,757.5044173093448
Sonora,Magdalena,36,Magdalena,140,Sorgo forrajero en verde,2019,2020,30.771988,-111.139421,770.0,1121.0800938129569,7.424371482205013,2.202373603124072,12.257303250252852,22.537417218543048,8.77,34.125,30.404900662251652,13.04,42.4,14.669933774834437,0.57,27.02,34.05748344370861,12.4,79.54,26.633245033112583,7.47,32.54,2.7381456953642385,1.18,4.68,77.50000000000001,0.5132450331125828,0.0,29.13,62.0,0.4105960264900662,0.0,23.304000000000002,15.904270380688905,5.822201400201807,19.45703949341914,0.0691297619391414,15,4,38,7,990.9202242444784,6.562385591023036,0.6607120809372217,10.418707762714924,38.30945117272853,0.2537049746538313,0.0,5.248857600407677,952.6107730717499,6.308680616369204,0.0,10.418707762714924,383.0945117272853,9526.1077307175,9909.202242444786,928.9202242444784,0.038660479658629794,0.9613395203413703,19.2,110.0,110.0,2112.0,858.81,1813806.72,27.74037014679836,689.7978081620204,717.5381783088187
Sonora,Magdalena,36,Magdalena,140,Sorgo forrajero en verde,2020,2021,30.771988,-111.139421,770.0,1147.7767025504386,7.601170215565818,1.8174425934442668,11.906703413020889,23.310132450331125,8.73,34.605,31.24039735099338,13.8,43.23,15.379867549668875,1.46,25.98,35.17258278145695,7.46,80.0,26.798410596026493,6.62,33.75,2.7360264900662252,1.31,5.29,114.88999999999999,0.7608609271523178,0.0,17.74,91.912,0.6086887417218544,0.0,14.192,16.047208450359932,5.534678257394701,19.902498805576627,0.10009786724604754,19,8,59,5,1025.4282761031977,6.790915735782766,0.5452327780332801,10.95485681711323,46.499002034288296,0.3079404108231013,0.0,5.728000000000001,978.9292740689098,6.482975324959667,0.0,10.95485681711323,464.990020342883,9789.292740689098,10254.28276103198,933.5162761031977,0.045345933126588266,0.954654066873412,16.88,80.0,80.0,1350.0,850.0,1147500.0,38.943887800911476,819.8737638768089,858.8176516777204
Sonora,Magdalena,36,Magdalena,140,Sorgo forrajero en verde,2021,2022,30.771988,-111.139421,770.0,1165.4499474838453,7.718211572740698,2.5997330998677755,11.29397491787945,23.356258278145695,8.025,34.275,31.367019867549676,13.24,43.71,15.345496688741722,-1.89,24.84,30.317152317880804,5.53,83.41,26.477417218543046,9.88,32.77,2.7798013245033113,0.76,5.1,141.4,0.9364238410596026,0.0,14.07,113.12000000000002,0.7491390728476822,0.0,11.256,15.535218781481767,7.688734195003904,18.82321303326149,0.12132653170157699,30,8,41,14,1031.8227356990008,6.833263150324508,0.9801364758755815,11.115516254178901,85.11217438039522,0.5636567839761273,0.0,5.824232044394695,946.7105613186053,6.26960636634838,0.0,11.115516254178901,851.1217438039522,9467.105613186053,10318.227356990006,918.7027356990008,0.08248720583069591,0.9175127941693039,13.86,83.0,83.0,1150.38,870.0,1000830.6,84.31121781118894,937.8014475667215,1022.1126653779105
Sonora,Magdalena,36,Magdalena,140,Sorgo forrajero en verde,2022,2023,30.771988,-111.139421,770.0,1212.0103159255327,8.0265583836128,3.9538257875763043,11.560988998012386,23.969403973509934,9.530000000000001,32.504999999999995,32.29788079470198,17.96,41.24,15.640927152317879,-0.22,26.59,26.550331125827817,3.52,75.02,27.12079470198675,10.55,32.61,2.748344370860927,0.95,5.01,109.19,0.723112582781457,0.0,12.89,87.35200000000002,0.5784900662251656,0.0,10.312000000000001,15.708995201813863,7.526097432628472,18.909793085232252,0.09008999227586505,26,6,56,9,1071.0726736937045,7.093196514527844,1.1861477362728912,11.481801767591378,71.67044530346558,0.4746387106189774,0.0,6.791545594523369,999.4022283902389,6.618557803908867,0.0,11.481801767591378,716.7044530346559,9994.022283902388,10710.726736937044,983.7206736937045,0.06691464273502812,0.9330853572649719,23.28,102.0,102.0,2374.56,872.32,2071376.18,45.2036867256169,630.3388384675111,675.542525193128
Sonora,Magdalena,36,Magdalena,140,Sorgo forrajero en verde,2023,2024,30.771988,-111.139421,770.0,1195.4010125581403,7.916562997073777,2.6899200647310555,11.629504018763768,23.279735099337753,5.16,36.55,31.656688741721855,12.22,44.0,14.90278145695364,-1.9,29.1,28.516622516556293,6.02,70.79,27.282185430463574,12.57,32.09,2.7831788079470208,1.4,5.36,52.67,0.34880794701986756,0.0,6.43,42.135999999999996,0.279046357615894,0.0,5.144,15.992724032675497,8.447546091686458,19.503313381291036,0.04406052817981724,18,2,51,13,1059.2510185419414,7.014907407562526,0.8069760194193166,10.486134433320572,36.34204111155236,0.24067576895067788,0.0,4.008,1022.9089774303891,6.774231638611848,0.0,10.486134433320572,363.4204111155236,10229.089774303891,10592.510185419414,1017.1150185419415,0.034309186845604515,0.9656908131543955,23.01,85.0,85.0,1955.85,929.41,1817786.55,23.431361129305195,659.5157817088259,682.9471428381311
Sonora,Magdalena,36,Magdalena,140,Trigo grano,2023,2024,30.771988,-111.139421,770.0,667.2873825980386,3.87957780580255,1.0495347381640125,8.2844608303038,13.121424418604649,3.335,24.2,20.379767441860466,7.4,34.17,5.8630813953488365,-2.86,14.5,44.92755813953488,20.31,86.44,17.289069767441863,2.76,29.41,2.653720930232558,1.09,6.61,103.33000000000001,0.6007558139534884,0.0,12.82,82.664,0.4806046511627907,0.0,10.256,9.05228191476335,3.2115052921242864,17.072579787443892,0.154850822441287,22,9,0,66,499.4577379736702,2.9038240579864545,0.6911634254413203,7.810858795324228,40.088268150893,0.23307132645868023,0.0,3.738808201974897,459.3694698227771,2.6707527315277737,0.0,7.810858795324228,0.0,0.0,0.0,416.7937379736702,0.0802635840892835,0.9197364159107163,5.0,6.0,6.0,30.0,5600.0,168000.0,0.0,0.0,0.0
Sonora,Magdalena,36,Magdalena,140,Trigo forrajero verde,2010,2011,30.771988,-111.139421,770.0,533.0202286968932,3.577316971120089,0.9739834085605559,6.90035619839178,12.758557046979867,5.8100000000000005,23.619999999999997,19.70986577181208,10.64,32.69,5.807248322147651,-1.46,15.52,46.426979865771806,20.76,87.77,15.961275167785232,4.48,26.45,2.659664429530202,1.16,9.42,179.12,1.2021476510067115,0.0,36.7,143.29599999999996,0.9617181208053689,0.0,29.360000000000003,8.120391925005523,3.945583694620265,14.894755079194427,0.3360472836798436,24,10,0,61,473.959916528597,3.1809390371046775,0.5060292812282678,6.166713229279392,50.16031994770272,0.33664644260203164,0.0,3.590170418282504,423.79959658089416,2.844292594502645,0.0,6.166713229279392,0.0,0.0,0.0,330.66391652859704,0.10583240944738463,0.8941675905526152,27.0,28.0,28.0,756.0,600.0,453600.0,0.0,0.0,0.0
Sonora,Magdalena,36,Magdalena,140,Trigo forrajero verde,2011,2012,30.771988,-111.139421,770.0,635.4173463138158,4.264545948414871,1.6035393967168634,8.26695701861771,13.955704697986578,-3.0949999999999998,21.82,21.666375838926175,1.49,30.85,6.2450335570469795,-7.68,14.22,34.31409395973154,9.8,75.21,17.169597315436242,7.15,26.25,2.6316107382550338,1.16,7.61,20.810000000000002,0.13966442953020136,0.0,9.29,16.648000000000003,0.1117315436241611,0.0,7.4319999999999995,8.242744125967013,4.460286018444057,14.769649957696263,0.03275012890460579,4,1,0,48,587.8639755549001,3.9453958090932892,0.6911713326407161,8.930630271413518,9.998187682987865,0.06710193075830782,0.0,2.914117376763472,577.8657878719122,3.878293878334981,0.0,8.930630271413518,0.0,0.0,0.0,571.2159755549001,0.017007654999696684,0.9829923450003032,18.0,5.0,5.0,90.0,800.0,72000.0,0.0,0.0,0.0
Sonora,Magdalena,36,Magdalena,140,Trigo forrajero verde,2012,2013,30.771988,-111.139421,770.0,592.7742163652756,3.9518281091018372,0.8583453670282474,7.489866099386512,13.204033333333333,2.675,22.295,20.665799999999997,8.38,30.68,5.742266666666666,-3.69,15.09,40.98566666666667,13.08,90.9,16.536066666666667,3.16,26.7,2.6992000000000003,1.42,6.2,96.54000000000002,0.6436000000000002,0.0,22.57,77.232,0.51488,0.0,18.056,8.196425140753766,3.2639510718438265,15.324732135712688,0.16286133461059776,18,6,0,61,547.386873828654,3.6492458255243596,0.5331355928165802,8.613346014294487,27.34359207312942,0.1822906138208628,0.0,2.5737901630420286,520.0432817555244,3.466955211703496,0.0,8.613346014294487,0.0,0.0,0.0,470.154873828654,0.04995295536021323,0.9500470446397865,10.0,45.0,45.0,450.0,820.0,369000.0,0.0,0.0,0.0
Sonora,Magdalena,36,Magdalena,140,Trigo forrajero verde,2013,2014,30.771988,-111.139421,770.0,582.6136585550653,3.9101587822487605,1.503850884171756,7.397218247660564,13.688859060402685,0.3250000000000002,23.595,20.988187919463087,6.23,32.31,6.389530201342282,-5.6,16.31,39.299530201342286,19.23,86.97,16.29342281879195,5.93,26.52,2.568724832214765,1.18,6.0,86.11000000000001,0.5779194630872484,0.0,16.67,68.888,0.4623355704697987,0.0,13.336000000000002,8.109401209384108,4.390973844730882,14.261200885918232,0.14779948725122685,15,6,0,63,531.7654493041769,3.5688956329139385,0.7105373877040361,7.6753153405671055,30.586321382133676,0.20527732471230656,0.0,2.975189370133425,501.1791279220432,3.3636183082016324,0.0,7.6753153405671055,0.0,0.0,0.0,462.8774493041768,0.05751844431065677,0.9424815556893433,7.83,27.0,27.0,211.41,815.0,172299.15,0.0,0.0,0.0
Sonora,Magdalena,36,Magdalena,140,Trigo forrajero verde,2014,2015,30.771988,-111.139421,770.0,627.0748284012159,4.208555895310174,1.242431287039996,7.662769032576064,15.39664429530201,6.43,23.655,22.704563758389266,8.94,31.79,8.088724832214766,-1.38,16.49,38.20255033557047,11.12,87.0,16.44644295302013,3.77,26.01,2.577046979865772,1.28,6.05,79.88,0.5361073825503355,0.0,30.81,63.904,0.4288859060402685,0.0,24.648,8.122005368527962,3.9065977821578364,15.191887290063914,0.1273851163882009,6,4,0,25,584.5748908902605,3.9233214153708755,0.45596025165473575,7.326065812545321,13.475078829282147,0.09043677066632314,0.0,3.6799999999999997,571.0998120609784,3.832884644704553,0.0,7.326065812545321,0.0,0.0,0.0,520.6708908902605,0.023051073590863076,0.976948926409137,7.85,18.0,18.0,141.3,745.0,105268.5,0.0,0.0,0.0
Sonora,Magdalena,36,Magdalena,140,Trigo forrajero verde,2015,2016,30.771988,-111.139421,770.0,540.2547628401799,3.625870891544831,1.017287619515461,7.302330788196605,14.688724832214765,2.61,22.115000000000002,21.606577181208053,8.52,32.4,7.770872483221478,-3.56,14.35,50.6351677852349,25.49,91.49,15.7496644295302,4.27,26.09,2.549463087248322,1.19,7.08,106.60999999999999,0.7155033557046979,0.0,30.43,85.288,0.5724026845637583,0.0,24.344,8.19611031992457,3.6940133906957957,14.442446599179851,0.19733282764512663,15,8,0,31,493.1298540956434,3.3095963362123717,0.6699576179251235,7.12012038939079,29.32239881704485,0.19679462293318692,0.0,2.560659284018922,463.80745527859847,3.1128017132791843,0.0,7.12012038939079,0.0,0.0,0.0,407.8418540956434,0.05946182039783322,0.9405381796021666,7.0,30.0,30.0,210.0,780.0,163800.0,0.0,0.0,0.0
Sonora,Magdalena,36,Magdalena,140,Trigo forrajero verde,2016,2017,30.771988,-111.139421,770.0,630.9971713612456,4.206647809074971,0.8017578970061457,7.911726774493456,14.485866666666665,3.21,22.09,22.180266666666668,8.58,31.63,6.7914666666666665,-3.4,13.35,38.275666666666666,13.95,92.31,16.9182,5.51,26.91,2.59,1.08,5.46,75.17,0.5011333333333333,0.0,13.18,60.136,0.4009066666666667,0.0,10.544,8.297229585807496,3.994094793151106,14.645707943056639,0.11912890169988609,17,5,0,48,593.4243513347442,3.956162342231628,0.6737892045651412,7.670536272124528,26.129417097807796,0.17419611398538531,0.0,2.5706237381852857,567.2949342369363,3.781966228246242,0.0,7.670536272124528,0.0,0.0,0.0,533.2883513347442,0.04403158892795162,0.9559684110720483,7.1,40.0,40.0,284.0,790.0,224360.0,0.0,0.0,0.0
Sonora,Magdalena,36,Magdalena,140,Trigo forrajero verde,2017,2018,30.771988,-111.139421,770.0,592.5788321687105,3.9770391420718827,0.973297523282181,7.410397635559805,15.531879194630873,5.835000000000001,25.165,22.458791946308722,9.88,33.43,8.60496644295302,-0.94,18.14,44.540939597315436,18.17,88.27,15.95013422818792,4.7,26.29,2.621879194630872,1.25,6.6,111.16,0.7460402684563758,0.0,18.59,88.928,0.5968322147651006,0.0,14.872,8.151343434372594,3.7374078252306973,14.927945538150565,0.1875868559009751,14,8,0,31,530.8674402741168,3.562868726671925,0.7237032167965819,7.4697936793117465,30.783392710716395,0.20659995107863352,0.0,3.299712936752903,500.08404756340053,3.3562687755932923,0.0,7.4697936793117465,0.0,0.0,0.0,441.9394402741168,0.05798696694380276,0.9420130330561974,19.5,8.0,8.0,156.0,765.0,119340.0,0.0,0.0,0.0
Sonora,Magdalena,36,Magdalena,140,Trigo forrajero verde,2018,2019,30.771988,-111.139421,770.0,637.984578111691,4.281775692024772,1.0298859850352995,8.558898859044222,16.686006711409398,6.615,25.259999999999998,23.771073825503354,11.38,34.22,9.600939597315437,-2.1,18.78,35.148456375838926,12.96,92.8,15.858926174496645,4.05,25.76,2.445302013422819,0.95,6.18,92.65,0.6218120805369128,0.0,25.7,74.12,0.49744966442953026,0.0,20.560000000000002,7.803115523224251,3.9934093754493905,14.50373572684001,0.14522294610039918,11,6,0,24,586.1392689265049,3.9338205968221804,1.0455098927537676,9.842733687900854,27.85016603120549,0.1869138659812449,0.0,4.36,558.2891028952994,3.7469067308409354,0.0,9.842733687900854,0.0,0.0,0.0,512.0192689265049,0.047514588268778114,0.9524854117312218,19.8,9.0,9.0,178.2,781.38,139241.92,0.0,0.0,0.0
Sonora,Magdalena,36,Magdalena,140,Trigo forrajero verde,2019,2020,30.771988,-111.139421,770.0,515.1274382522581,3.457231129209786,1.1733979527645015,6.14032139812756,13.15251677852349,2.2649999999999997,20.585,20.061543624161075,6.89,28.76,6.243489932885906,-2.87,14.09,48.0365100671141,24.26,86.02,15.38476510067114,4.3,25.77,2.5161073825503357,1.25,7.05,131.04000000000002,0.8794630872483223,0.0,29.13,104.832,0.7035704697986577,0.0,23.304000000000002,7.976314129510653,3.719585194156481,14.519903307940933,0.25438365396453544,24,5,0,52,469.4875051486824,3.1509228533468616,0.5459535391241775,6.970248619016402,46.37491401186027,0.3112410336366461,0.0,3.04,423.11259113682206,2.8396818197102154,0.0,6.970248619016402,0.0,0.0,0.0,364.6555051486824,0.09877773849843727,0.9012222615015626,18.5,10.0,10.0,185.0,810.0,149850.0,0.0,0.0,0.0
Sonora,Magdalena,36,Magdalena,140,Trigo forrajero verde,2023,2024,30.771988,-111.139421,770.0,510.32230103808763,3.424981886161662,1.0495347381640125,6.792051126368895,12.409664429530201,3.335,18.55,19.373825503355704,7.4,26.8,5.445503355704699,-2.86,14.44,47.50791946308725,25.01,86.44,15.699530201342283,2.76,26.89,2.6314765100671145,1.09,6.61,103.32,0.6934228187919462,0.0,12.82,82.656,0.5547382550335571,0.0,10.256,8.037481424306895,3.2115052921242864,14.953799704959001,0.20246028791967052,22,9,0,63,468.2523643334961,3.1426333176744703,0.7322166665754436,7.810858795324228,40.080268150893,0.2689950882610268,0.0,3.738808201974897,428.17209618260307,2.8736382294134435,0.0,7.810858795324228,0.0,0.0,0.0,385.59636433349607,0.08559544212433971,0.9144045578756602,23.3,10.0,10.0,233.0,880.0,205040.0,0.0,0.0,0.0
Sonora,Magdalena,36,Magdalena,140,Alfalfa achicalada,2010,2011,30.771988,-111.139421,770.0,256.81207270111554,3.3791062197515203,0.9739834085605559,6.851903588088213,11.473684210526317,5.8100000000000005,17.585,18.248421052631585,10.64,27.78,4.698947368421052,-1.46,9.82,52.13947368421052,21.43,87.77,16.479868421052632,4.48,25.25,2.820657894736842,1.33,9.42,157.35,2.0703947368421054,0.0,36.7,125.88,1.6563157894736842,0.0,29.360000000000003,8.720455019608888,3.945583694620265,14.048573707206629,0.6127048403332968,17,9,0,38,215.5941592479725,2.836765253262796,0.925284238132528,6.166713229279392,31.509833669102644,0.41460307459345586,0.0,2.4640000000000004,184.08432557886982,2.42216217866934,0.0,6.166713229279392,315.0983366910264,1840.8432557886981,2155.9415924797245,89.7141592479725,0.14615346621176598,0.8538465337882338,12.3,476.0,476.0,5854.8,1800.0,10538640.0,25.617750950489953,149.6620533161543,175.27980426664425
Sonora,Magdalena,36,Magdalena,140,Alfalfa achicalada,2011,2012,30.771988,-111.139421,770.0,339.02571504925714,4.460864671700752,2.3374744396770906,7.894131623622554,13.254736842105265,-3.0949999999999998,21.82,21.28644736842105,1.49,30.85,5.2230263157894745,-7.68,12.88,30.545131578947373,9.8,64.85,18.11473684210526,7.32,24.59,2.6688157894736846,1.55,7.61,5.669999999999999,0.07460526315789473,0.0,4.97,4.5360000000000005,0.0596842105263158,0.0,3.976,8.757863407546475,4.460286018444057,12.93217297013821,0.01672439507774861,1,0,0,32,299.3629162460499,3.938985740079604,0.9349897758708363,7.104718461260299,2.840613599206196,0.037376494726397314,0.0,2.280613599206196,296.5223026468437,3.9016092453532063,0.0,7.104718461260299,28.406135992061962,2965.2230264684367,2993.6291624604987,294.8269162460499,0.009488862664844774,0.9905111373351552,13.5,476.0,476.0,6426.0,2100.0,13494600.0,2.1041582216342194,219.6461501087731,221.7503083304073
Sonora,Magdalena,36,Magdalena,140,Alfalfa achicalada,2012,2013,30.771988,-111.139421,770.0,332.39428880422236,4.316808945509381,2.209536201290565,7.489866099386512,13.62935064935065,7.695,19.47,21.513766233766237,12.88,29.53,5.744935064935065,-0.43,11.02,35.72636363636364,13.08,70.37,18.090519480519482,8.43,25.61,2.610909090909091,1.42,5.83,12.510000000000002,0.16246753246753248,0.0,4.86,10.008,0.12997402597402596,0.0,3.8880000000000003,8.982132449034895,5.0441735010605235,13.484772209776292,0.03763602571212737,5,0,0,32,284.4046030085726,3.6935662728386056,1.094588073167162,6.7408794894478605,8.028501662744056,0.10426625536031241,0.0,2.2943271802310767,276.3761013458286,3.5893000174782936,0.0,6.7408794894478605,80.28501662744056,2763.761013458286,2844.0460300857267,274.39660300857264,0.0282291551466277,0.9717708448533724,14.0,482.0,482.0,6748.0,1900.08,12821739.84,5.734644044817182,197.41150096130613,203.1461450061233
Sonora,Magdalena,36,Magdalena,140,Alfalfa achicalada,2013,2014,30.771988,-111.139421,770.0,295.93644887422187,3.893900643081867,1.503850884171756,7.397218247660564,11.624473684210527,0.3250000000000002,22.310000000000002,19.186184210526314,6.23,32.31,4.062763157894738,-5.6,13.2,40.06289473684211,20.06,86.97,17.280921052631577,7.9,24.87,2.743026315789474,1.31,5.24,39.309999999999995,0.5172368421052631,0.0,14.79,31.448,0.41378947368421054,0.0,11.832,8.792797505038553,5.052522805364166,13.592344940371188,0.13283257317420682,7,2,0,46,257.65345225100975,3.39017700330276,0.8820283167556152,6.657496422894507,14.469953667302375,0.19039412720134705,0.0,2.9648783047237672,243.18349858370735,3.1997828761014127,0.0,6.657496422894507,144.69953667302374,2431.8349858370734,2576.5345225100973,226.20545225100975,0.05616052702140989,0.9438394729785899,14.23,482.0,482.0,6858.86,1328.79,9113984.58,10.168625205412772,170.894939271755,181.06356447716777
Sonora,Magdalena,36,Magdalena,140,Alfalfa achicalada,2014,2015,30.771988,-111.139421,770.0,336.55328282136435,4.428332668702162,1.3574343412837453,6.854241116965788,15.800197368421053,7.6049999999999995,22.509999999999998,23.355000000000004,14.19,31.79,8.245394736842107,0.78,13.4,32.8425,11.12,86.0,17.350526315789477,3.77,25.42,2.349605263157895,1.39,5.89,36.68,0.4826315789473684,0.0,30.81,29.344,0.38610526315789473,0.0,24.648,8.579967848695222,3.9065977821578364,13.338997104433563,0.10898720016191017,2,1,0,11,293.27223549335196,3.8588452038598944,1.047338286854966,6.16881700526921,5.371823196604035,0.07068188416584258,0.0,3.1341322894486647,287.90041229674796,3.788163319694052,0.0,6.16881700526921,53.71823196604035,2879.00412296748,2932.7223549335204,263.92823549335196,0.018316848806254647,0.9816831511937455,13.9,400.0,400.0,5560.0,1935.27,10760101.2,3.864621004751104,207.12259877463882,210.98721977938993
Sonora,Magdalena,36,Magdalena,140,Alfalfa achicalada,2015,2016,30.771988,-111.139421,770.0,287.5195316863265,3.7831517327148223,1.017287619515461,7.302330788196605,14.76440789473684,2.61,19.655,21.675,8.52,28.3,7.8538157894736855,-3.56,13.4,50.32171052631579,30.08,91.49,16.362894736842104,4.27,24.33,2.655657894736842,1.23,7.08,82.49000000000001,1.0853947368421053,0.0,30.43,65.99199999999999,0.868315789473684,0.0,24.344,8.700660494802317,3.8383513615485088,13.593522132941626,0.28690224805316406,8,6,0,11,249.89662328319457,3.28811346425256,0.6592834778492298,6.572097709376945,14.298440509815778,0.188137375129155,0.0,2.115327234624327,235.59818277337882,3.0999760891234054,0.0,6.572097709376945,142.9844050981578,2355.981827733788,2498.966232831946,183.90462328319458,0.05721742183611707,0.942782578163883,13.6,425.0,425.0,5780.0,2181.16,12607104.8,10.513559198393956,173.23395792160207,183.74751711999602
Sonora,Magdalena,36,Magdalena,140,Alfalfa achicalada,2016,2017,30.771988,-111.139421,770.0,348.4158035143452,4.524880565121366,0.8017578970061457,6.670031540977851,14.843376623376628,4.41,21.775,22.86844155844156,9.76,30.81,6.818311688311688,-3.4,13.28,36.04844155844155,19.67,92.31,17.88077922077922,5.51,25.11,2.6879220779220776,1.48,5.46,52.23,0.6783116883116883,0.0,13.18,41.784,0.5426493506493506,0.0,10.544,8.891520652975794,4.094778670599886,13.737957520319238,0.14990709225349347,8,5,0,24,310.91677301994605,4.037880169090209,0.3207031588024583,6.336529963928958,9.186786523856144,0.11930891589423563,0.0,2.4380787235154586,301.72998649608996,3.9185712531959735,0.0,6.336529963928958,91.86786523856144,3017.2998649609,3109.1677301994614,269.13277301994606,0.02954741371661795,0.9704525862833823,12.5,425.0,425.0,5312.5,1671.12,8877825.0,7.349429219084914,241.383989196872,248.73341841595692
Sonora,Magdalena,36,Magdalena,140,Alfalfa achicalada,2017,2018,30.771988,-111.139421,770.0,291.0889451321193,3.830117699106833,0.973297523282181,6.495472764618911,14.518552631578945,5.835000000000001,24.225,21.439473684210526,9.88,31.91,7.597631578947369,-0.94,16.94,47.12868421052631,26.31,88.27,16.65157894736842,4.78,24.38,2.5873684210526315,1.25,6.6,74.93,0.985921052631579,0.0,18.59,59.943999999999996,0.7887368421052631,0.0,14.872,8.741725263838113,3.955016559959801,13.274502577503664,0.25741272986506175,10,5,0,18,254.36781071874063,3.3469448778781663,0.4714141846280619,5.84592548815702,15.493765563297712,0.20386533635918042,0.0,1.940230339746401,238.8740451554429,3.1430795415189854,0.0,5.84592548815702,154.9376556329771,2388.740451554429,2543.678107187406,194.42381071874064,0.06091087358702578,0.9390891264129742,12.8,460.0,460.0,5888.0,1922.28,11318384.64,12.104504346326337,186.62034777768974,198.72485212401608
Sonora,Magdalena,36,Magdalena,140,Alfalfa achicalada,2018,2019,30.771988,-111.139421,770.0,330.6760718256576,4.351000945074442,1.0298859850352995,8.558898859044222,15.315263157894734,6.69,20.855,22.568289473684207,12.27,28.87,8.062236842105264,-1.71,14.32,36.82065789473684,12.96,92.8,16.839078947368424,4.05,24.92,2.6523684210526315,1.34,6.18,74.91,0.9856578947368421,0.0,25.7,59.928,0.7885263157894736,0.0,20.560000000000002,8.435029696584811,3.9934093754493905,14.296514858895076,0.22653589534441673,8,5,0,16,287.9894563400501,3.7893349518427644,0.8523296512392973,8.130953916092011,16.889388038487784,0.22222878998010243,0.0,2.8785675650514437,271.10006830156226,3.5671061618626614,0.0,8.130953916092011,168.89388038487783,2711.0006830156226,2879.8945634005004,228.06145634005009,0.05864585548765805,0.9413541445123418,12.9,465.0,465.0,6000.0,1875.03,11250180.0,13.092548867044792,210.1550917066374,223.2476405736822
Sonora,Magdalena,36,Magdalena,140,Alfalfa achicalada,2019,2020,30.771988,-111.139421,770.0,254.65391506513222,3.3507094087517397,1.1733979527645015,6.061085755666437,11.946052631578947,2.2649999999999997,18.445,18.82657894736842,6.89,27.58,5.065526315789474,-2.87,11.98,50.970131578947374,24.26,85.84,15.505526315789478,4.3,25.22,2.6740789473684203,1.32,5.86,108.34,1.4255263157894738,0.0,29.13,86.67200000000001,1.140421052631579,0.0,23.304000000000002,8.312987385114623,3.719585194156481,13.783981014854092,0.42544015069350155,17,4,0,36,222.74991936607626,2.930919991658898,0.4818079912301289,5.454977180099793,26.54420218398766,0.34926581821036395,0.0,2.032774456555782,196.20571718208865,2.581654173448535,0.0,5.454977180099793,265.4420218398766,1962.0571718208864,2227.499193660763,136.07791936607623,0.11916593397443095,0.8808340660255692,13.15,460.0,460.0,6050.0,2122.09,12838641.0,20.18570508288035,149.2058685795351,169.39157366241545
Sonora,Magdalena,36,Magdalena,140,Alfalfa achicalada,2020,2021,30.771988,-111.139421,770.0,261.4450463606026,3.395390212475358,1.4312699596200051,6.177352443165498,12.731883116883116,2.8649999999999998,18.755000000000003,19.765064935064935,9.31,26.28,5.6987012987013,-4.31,12.57,52.81545454545454,27.99,83.3,16.114155844155842,3.43,24.53,2.5468831168831167,1.31,6.07,67.05000000000001,0.8707792207792209,0.0,12.39,53.64,0.6966233766233766,0.0,9.912,8.598326625003107,3.5258395431270513,14.147293543545338,0.2564592480651561,10,5,0,31,227.26840521834754,2.95153773010841,0.783273570546723,5.559617198848948,20.47096688114285,0.2658567127421149,0.0,2.572748048090113,206.7974383372047,2.685681017366295,0.0,5.559617198848948,204.70966881142851,2067.974383372047,2272.6840521834756,173.62840521834755,0.09007396721720039,0.9099260327827997,13.39,460.0,460.0,6160.0,2313.12,14248819.2,15.288250097940889,154.44170152143744,169.7299516193783
Sonora,Magdalena,36,Magdalena,140,Alfalfa achicalada,2021,2022,30.771988,-111.139421,770.0,326.14984438596326,4.291445320867938,1.1591837396439577,7.159209781914135,13.232565789473686,2.96,18.675,21.007105263157893,6.31,28.18,5.458026315789475,-1.89,12.61,35.27342105263157,10.6,86.22,17.536315789473683,8.84,25.58,2.77671052631579,1.43,5.45,37.42000000000001,0.4923684210526317,0.0,9.14,29.936000000000003,0.3938947368421053,0.0,7.312000000000001,8.658779457753095,5.355155352359625,14.033598473990917,0.11473253979455364,6,5,0,37,283.06321517893866,3.7245159891965613,1.0230573840189212,6.443288803722721,9.910695492067118,0.13040388805351472,0.0,2.155760764047523,273.1525196868715,3.5941121011430464,0.0,6.443288803722721,99.10695492067119,2731.5251968687153,2830.6321517893866,253.12721517893866,0.03501230453346636,0.9649876954665336,13.66,462.0,462.0,6310.92,2948.99,18610839.97,7.25526756373874,199.96524135202893,207.22050891576765
Sonora,Magdalena,36,Magdalena,140,Alfalfa achicalada,2022,2023,30.771988,-111.139421,770.0,332.67487375595994,4.377300970473157,2.1379167336687797,7.867109547452945,13.184210526315788,4.555,20.14,21.12210526315789,11.35,30.61,5.246315789473684,-3.43,11.78,34.34157894736842,14.49,75.47,18.03223684210526,8.37,25.53,2.829078947368421,1.29,6.15,8.77,0.11539473684210526,0.0,2.78,7.016000000000001,0.09231578947368423,0.0,2.2239999999999998,8.893791176717025,4.992226186797567,13.212910256100336,0.026362075082452432,4,0,0,32,289.8846289649811,3.8142714337497514,0.9268173722991714,7.080398592707651,5.926817372299173,0.07798443910919964,0.0,2.2239999999999998,283.9578115926819,3.736286994640551,0.0,7.080398592707651,59.268173722991726,2839.578115926819,2898.846289649811,282.8686289649811,0.02044543511486133,0.9795545648851385,27.05,220.0,220.0,5951.0,4448.94,26475641.94,2.191060026727975,104.97516140210051,107.16622142882849
Sonora,Magdalena,36,Magdalena,140,Alfalfa achicalada,2023,2024,30.771988,-111.139421,770.0,265.9121407371381,3.4988439570676064,1.0495347381640125,6.792051126368895,11.541315789473684,3.335,18.55,18.55065789473684,7.4,26.8,4.531973684210526,-2.86,12.7,48.28171052631579,25.01,86.44,16.17671052631579,2.87,23.52,2.886447368421053,1.34,6.61,70.26,0.9244736842105263,0.0,10.21,56.208,0.739578947368421,0.0,8.168000000000001,8.490729989165727,3.221334637709633,13.149720520710982,0.2642226105405773,17,7,0,42,232.83231947752515,3.0635831510200675,0.5429642109908152,6.45244857005045,25.066317714639865,0.32981996992947193,0.0,2.926023810241224,207.7660017628853,2.733763181090596,0.0,6.45244857005045,250.66317714639865,2077.660017628853,2328.3231947752515,176.62431947752515,0.10765823993373681,0.8923417600662633,27.32,368.0,368.0,10053.76,4060.0,40818265.6,9.17507969057096,76.04904896152463,85.2241286520956
Sonora,Magdalena,36,Magdalena,140,Pastos y praderas,2010,2011,30.771988,-111.139421,770.0,1666.4408391318984,6.801799343395504,1.727294139287712,11.391122087328073,23.1660612244898,6.925,34.08,30.802448979591837,13.1,41.72,15.529673469387754,-0.32,26.44,40.38285714285714,9.92,87.62,25.138571428571428,9.82,33.08,2.5593877551020405,1.1,6.18,344.03999999999996,1.4042448979591835,0.0,21.76,206.424,0.8425469387755102,0.0,13.056000000000001,15.072822371588677,6.934929827339267,19.407488212049127,0.20645197352413738,54,27,77,14,1400.8496173197984,5.7177535400808095,0.6909176557150848,9.682453774228861,152.94235427548182,0.6242545072468646,0.0,6.210346981133986,1247.9072630443166,5.093499032833945,0.0,9.652453774228862,1529.4235427548183,12479.072630443166,14008.496173197986,1194.4256173197984,0.1091782817973721,0.8908217182026279,26.0,223.0,223.0,5798.0,600.0,3478800.0,58.82398241364686,479.9643319401218,538.7883143537687
Sonora,Magdalena,36,Magdalena,140,Pastos y praderas,2011,2012,30.771988,-111.139421,770.0,1816.167515359449,7.4129286341202,2.5426557937820533,12.375148865383265,24.518102040816323,8.379999999999999,34.885,32.52726530612245,13.02,44.09,16.508938775510202,1.4,26.62,32.129061224489796,8.37,71.08,25.50914285714286,12.04,33.0,2.560122448979592,0.97,5.77,223.12999999999997,0.9107346938775509,0.0,16.85,178.50400000000002,0.7285877551020409,0.0,13.480000000000002,14.909130110960705,8.125166604493328,19.133657681817176,0.1228576098366339,55,11,79,4,1516.404185661474,6.189404839434588,1.9357224761175509,10.518876535575775,153.70983912082016,0.6273870984523272,0.0,6.072,1362.6943465406537,5.5620177409822595,0.0,10.435089125564208,1537.0983912082015,13626.943465406537,15164.041856614738,1337.900185661474,0.10136468929210325,0.8986353107078966,18.0,190.0,190.0,3420.0,800.0,2736000.0,85.3943550671223,757.0524147448076,842.4467698119299
Sonora,Magdalena,36,Magdalena,140,Pastos y praderas,2012,2013,30.771988,-111.139421,770.0,1714.333084003004,6.997277893889812,1.8189475077975426,12.267471605055428,23.877734693877553,5.4,32.18,31.4854693877551,8.38,41.08,16.27,-1.3,25.33,37.05995918367346,6.97,82.42,24.960857142857147,9.88,33.04,2.468489795918367,0.91,6.2,335.92,1.3711020408163266,0.0,17.95,201.552,0.8226612244897958,0.0,10.77,14.759877393839437,7.087577188094066,18.879587347474814,0.19594791883478077,62,23,70,13,1431.1071069225418,5.841253497643028,1.5461053816279111,10.427350864297114,150.1897240729845,0.6130192819305489,0.0,6.255006306971156,1280.9173828495573,5.228234215712479,0.0,10.427350864297114,1501.897240729845,12809.173828495572,14311.071069225416,1229.5551069225419,0.10494652940125009,0.8950534705987498,19.0,84.0,84.0,1596.0,900.0,1436400.0,14.724482752253381,125.580135573486,140.3046183257394
Sonora,Magdalena,36,Magdalena,140,Pastos y praderas,2013,2014,30.771988,-111.139421,770.0,1764.0449866332137,7.200183618911076,3.0469128961126564,11.751963239587631,24.07971428571429,8.905,33.765,31.888081632653062,13.79,44.23,16.271346938775512,2.16,26.18,34.90681632653061,8.26,77.44,25.17734693877551,12.31,32.5,2.5406122448979596,1.01,6.39,254.9,1.0404081632653062,0.0,25.35,152.94,0.6242448979591837,0.0,15.21,14.808841355343544,8.079631547431614,19.094533555224242,0.14449744872237755,44,15,68,6,1477.4724131536218,6.030499645524987,1.2187651584450627,9.989168753649487,121.3363086180354,0.49525023925728734,0.0,6.768243677069275,1356.1361045355866,5.535249406267701,0.0,9.989168753649487,1213.363086180354,13561.361045355865,14774.724131536219,1324.5324131536217,0.08212424647513153,0.9178757535248686,18.45,89.0,89.0,1642.05,786.0,1290651.3,12.228400969315738,136.67282484611604,148.9012258154318
Sonora,Magdalena,36,Magdalena,140,Pastos y praderas,2014,2015,30.771988,-111.139421,770.0,1665.2581070567524,6.796971865537765,1.3574343412837453,12.198471959465113,23.899326530612242,12.835,32.43,31.064775510204086,16.07,41.45,16.73387755102041,3.98,24.55,41.467673469387755,6.31,89.03,24.780285714285714,3.77,32.67,2.390285714285714,0.67,6.17,525.1,2.143265306122449,0.0,90.25,315.06,1.2859591836734694,0.0,54.15,14.827032329537268,3.9065977821578364,18.95192354471072,0.31532649369777516,60,32,59,1,1394.7350408654918,5.692796085165273,0.5429737365134981,10.368701165545346,165.868970182287,0.6770162048256613,0.0,5.6682544168982405,1228.8660706832047,5.015779880339611,0.0,10.368701165545346,1658.6897018228701,12288.660706832048,13947.350408654918,1079.6750408654918,0.11892507560386403,0.8810749243961359,17.36,200.0,200.0,3472.0,824.2,2861622.4,15.262143005363177,113.07196086521942,128.3341038705826
Sonora,Magdalena,36,Magdalena,140,Pastos y praderas,2015,2016,30.771988,-111.139421,770.0,1591.361317713423,6.495352317197645,1.8798235383472122,12.042320103587231,23.89522448979592,10.254999999999999,33.925,30.79979591836735,15.08,42.75,16.99065306122449,3.69,25.83,44.2794693877551,13.02,86.97,23.94804081632653,8.41,32.31,2.5025306122448976,1.03,5.35,305.78,1.248081632653061,0.0,45.58,183.46799999999996,0.7488489795918366,0.0,27.348,14.668181269393646,6.183383281434911,19.806060256728365,0.1921499514889338,56,17,55,1,1333.7894645500683,5.444038630816605,0.7519294153388849,10.235972088049147,127.72688854267219,0.5213342389496823,0.0,5.164712739454184,1206.062576007396,4.922704391866922,0.0,10.235972088049147,1277.268885426722,12060.625760073961,13337.894645500683,1150.3214645500684,0.0957624062398474,0.9042375937601526,17.1,90.0,90.0,1539.0,800.0,1231200.0,12.15867572990692,114.80843179508769,126.9671075249946
Sonora,Magdalena,36,Magdalena,140,Pastos y praderas,2016,2017,30.771988,-111.139421,770.0,1733.3862577109826,7.075045949840745,2.7089763594616207,13.872887786357397,24.498714285714286,9.04,36.230000000000004,32.02559183673469,13.0,45.75,16.97183673469388,3.85,26.71,36.33632653061224,8.29,83.4,25.199836734693875,8.56,32.47,2.4426938775510205,1.03,5.41,251.70000000000002,1.0273469387755103,0.0,44.11,151.01999999999998,0.616408163265306,0.0,26.465999999999998,14.968882771492192,6.53566694957891,19.414352927576434,0.14520710481020058,36,17,65,2,1449.4030301753712,5.915930735409678,1.0835905437846483,11.791954618403787,99.91150931173706,0.40780207882341657,0.0,6.990616570570061,1349.4915208636344,5.508128656586263,0.0,11.791954618403787,999.1150931173706,13494.915208636343,14494.030301753714,1298.3830301753712,0.0689328690720677,0.9310671309279325,18.5,62.0,62.0,1147.0,745.0,854515.0,54.006221249587604,729.454876142505,783.4610973920926
Sonora,Magdalena,36,Magdalena,140,Pastos y praderas,2017,2018,30.771988,-111.139421,770.0,1775.568871084553,7.247219881977767,3.551053184576525,12.126075677499745,24.873367346938778,12.280000000000001,36.35,32.601959183673465,16.69,45.58,17.144775510204077,4.36,27.82,35.4790612244898,5.41,82.84,25.35812244897959,12.25,33.35,2.457918367346939,0.75,5.43,263.88,1.077061224489796,0.0,25.48,158.328,0.6462367346938775,0.0,15.288,14.925691651529966,8.418943852477135,19.176264133697124,0.14861715830758895,38,19,72,1,1485.0275309841363,6.06133686115974,1.6911592398487423,10.307164325874783,115.90809056411459,0.4730942472004677,0.0,5.490919944293376,1369.1194404200214,5.588242613959271,0.0,10.307164325874783,1159.0809056411458,13691.194404200214,14850.27530984136,1326.6995309841363,0.07805113921847741,0.9219488607815224,22.1,280.0,280.0,6188.0,731.0,4523428.0,52.44709980276678,619.5110590135843,671.958158816351
Sonora,Magdalena,36,Magdalena,140,Pastos y praderas,2018,2019,30.771988,-111.139421,770.0,1697.1601236325891,6.927184178092201,2.07684529240642,12.01281680520899,24.434244897959182,10.76,34.305,31.696530612244896,18.69,43.4,17.171959183673465,-0.16,27.36,39.683632653061224,7.98,86.47,24.620122448979593,7.26,32.84,2.4009795918367347,0.63,5.04,334.34,1.3646530612244896,0.0,30.87,200.60399999999998,0.8187918367346938,0.0,18.522,14.746672538885637,5.9252987229788925,19.548427849546925,0.19699967925500222,53,22,71,4,1420.8165753664844,5.799251328026466,1.6506017155424393,10.210894284427642,130.10248644343014,0.5310305569119598,0.0,5.967421655101932,1290.714088923054,5.268220771114507,0.0,10.210894284427642,1301.0248644343014,12907.14088923054,14208.165753664842,1220.2125753664843,0.09156881239921599,0.9084311876007839,22.3,210.0,210.0,4683.0,790.93,3703925.19,58.34192217194177,578.7955555708762,637.137477742818
Sonora,Magdalena,36,Magdalena,140,Pastos y praderas,2019,2020,30.771988,-111.139421,770.0,1681.7182470943376,6.864156110589133,2.202373603124072,12.257303250252852,23.798591836734694,8.77,34.125,31.239265306122448,13.04,42.4,16.35791836734694,0.57,27.02,39.49824489795918,12.4,81.71,24.84383673469388,7.47,32.54,2.5175918367346934,0.69,5.63,264.04,1.0777142857142858,0.0,43.15,158.424,0.6466285714285714,0.0,25.889999999999997,14.92851667097913,5.822201400201807,19.45703949341914,0.15700608615991812,44,14,66,7,1410.5591017851293,5.757384088918895,0.9947384044004992,10.418707762714924,103.55264351055277,0.4226638510634807,0.0,5.063999999999999,1307.0064582745767,5.334720237855415,0.0,10.418707762714924,1035.5264351055278,13070.064582745767,14105.591017851295,1252.1351017851293,0.07341248117820941,0.9265875188217907,22.9,200.0,200.0,4580.0,803.49,3679984.2,45.219494982774144,570.7451782858413,615.9646732686155
Sonora,Magdalena,36,Magdalena,140,Pastos y praderas,2022,2023,30.771988,-111.139421,770.0,1693.958610727017,6.91411677847762,2.639294368605635,11.560988998012386,24.22183673469388,9.530000000000001,32.504999999999995,31.66542857142857,17.96,41.24,16.778244897959183,-0.22,26.59,38.548081632653066,3.52,85.16,24.36857142857143,9.03,32.61,2.4818367346938777,0.95,5.01,333.25,1.360204081632653,0.0,43.12,199.95,0.8161224489795917,0.0,25.871999999999996,14.499757560906716,6.508976396635086,18.909793085232252,0.19672853745639926,71,20,66,9,1417.6103547489452,5.786164713261001,1.5815303150305218,9.826840648310528,156.0180079983183,0.6368081959115033,0.0,5.454,1261.5923467506268,5.1493565173494975,0.0,9.826840648310528,1560.180079983183,12615.923467506269,14176.103547489452,1217.660354748945,0.11005704598281427,0.8899429540171857,22.6,205.0,205.0,4633.0,850.0,3938050.0,69.03451681341518,558.2267021020473,627.2612189154625
Sonora,Magdalena,36,Magdalena,140,Pastos y praderas,2023,2024,30.771988,-111.139421,770.0,1835.0423339316712,7.489968709925189,2.6899200647310555,11.629504018763768,25.000510204081632,5.16,36.55,32.9610612244898,12.22,44.0,17.039959183673467,-1.9,29.1,31.7986530612245,6.02,70.79,25.258408163265305,8.89,32.09,2.604408163265306,1.23,6.55,144.03,0.5878775510204082,0.0,14.82,115.224,0.47030204081632654,0.0,11.856000000000002,14.833094136292077,6.998594841390213,19.503313381291036,0.078488652461444,37,6,107,13,1539.9948179220435,6.285693134375688,1.0759680258924222,9.885078415949202,94.2024118726619,0.3844996402965792,0.0,6.26297662519134,1445.7924060493815,5.901193494079108,0.0,9.885078415949202,942.024118726619,14457.924060493815,15399.948179220433,1424.7708179220435,0.06117060315811436,0.9388293968418856,23.82,170.0,170.0,4049.4,872.77,3534194.84,37.817106331859456,580.4064255517388,618.2235318835983
Sonora,Magdalena,36,Magdalena,140,Frijol,2010,2011,30.771988,-111.139421,770.0,1114.0501457227288,7.901064863281764,3.643311111834606,11.391122087328073,26.755567375886525,13.35,34.08,34.37815602836879,21.36,41.72,19.132978723404257,5.23,26.44,37.15751773049645,9.92,79.0,27.255957446808512,15.01,33.08,2.4927659574468084,1.1,6.18,257.78999999999996,1.8282978723404253,0.0,21.76,154.674,1.0969787234042554,0.0,13.056000000000001,16.69445288092799,10.853279370024918,19.407488212049127,0.2313989195098227,40,21,72,0,896.7776483051703,6.360125165284895,1.4751278973616093,13.099790400427283,97.19378483233332,0.6893176229243498,0.0,6.565668023975989,799.583863472837,5.670807542360547,0.0,13.069790400427284,971.9378483233332,7995.83863472837,8967.776483051704,742.1036483051703,0.10838114109558919,0.891618858904411,1.5,2.0,2.0,3.0,14000.0,42000.0,777.5502786586666,6396.670907782696,7174.221186441363
Sonora,Magdalena,36,Magdalena,140,Frijol,2012,2013,30.771988,-111.139421,770.0,1078.9821332874014,7.652355555229797,3.1637756944269384,12.267471605055428,26.844964539007087,19.97,32.18,34.04524822695035,25.38,41.08,19.64468085106383,10.41,25.33,40.51028368794326,6.97,82.42,26.34950354609929,13.48,33.04,2.3671631205673758,0.91,5.94,322.31,2.285886524822695,0.0,17.95,193.38599999999997,1.3715319148936167,0.0,10.77,16.217103694733144,9.693551395004086,18.879587347474814,0.29871671648352344,59,21,63,0,861.429021846698,6.109425686856014,1.1073214930494284,14.107592345813742,132.56574529364292,0.9401825907350562,0.0,7.367916819107802,728.8632765530551,5.169243096120958,0.0,14.107592345813742,1325.6574529364293,7288.632765530551,8614.29021846698,668.043021846698,0.15389050279436098,0.8461094972056391,1.25,7.0,7.0,8.75,14800.0,129500.0,1060.5259623491434,5830.906212424441,6891.432174773585
Sonora,Magdalena,36,Magdalena,140,Frijol,2013,2014,30.771988,-111.139421,770.0,1116.1763262889901,7.916144158077945,3.29118249460623,11.751963239587631,27.32971631205674,19.03,33.765,34.77297872340425,26.66,44.23,19.88645390070922,10.17,26.18,37.78687943262412,9.43,77.44,26.223829787234045,12.31,32.5,2.508936170212766,1.01,5.45,244.84,1.73645390070922,0.0,25.35,195.872,1.389163120567376,0.0,20.28,16.12739330195528,9.03514561388736,19.094533555224242,0.2193560230882448,41,15,67,0,890.1954271480585,6.313442745730911,1.1682872746685113,13.514757725525776,126.19220324237841,0.8949801648395632,0.0,9.048,764.00322390568,5.418462580891347,0.0,13.514757725525776,1261.922032423784,7640.0322390568,8901.954271480583,694.3234271480585,0.14175786506415064,0.8582421349358493,1.52,3.0,3.0,4.57,13500.0,61695.0,830.2118634367,5026.336999379473,5856.548862816173
Sonora,Magdalena,36,Magdalena,140,Frijol,2015,2016,30.771988,-111.139421,770.0,1016.5599126073314,7.209644770264761,2.8338075392807123,12.042320103587231,26.523475177304963,15.774999999999999,33.925,33.257234042553186,22.81,42.75,19.789716312056736,7.09,25.83,44.34702127659575,13.02,78.58,25.59836879432624,10.48,32.31,2.4307801418439716,1.03,4.86,216.32,1.5341843971631206,0.0,20.32,173.056,1.2273475177304964,0.0,16.256,16.172761033348717,7.8026749672077935,19.806060256728365,0.21279611493352124,45,13,51,0,814.0217093626737,5.7732036125012325,0.9918326387482492,13.848668119125316,120.44188710457742,0.8541977808835278,0.0,6.987552529849777,693.5798222580964,4.919005831617706,0.0,13.848668119125316,1204.4188710457743,6935.798222580965,8140.217093626739,640.9657093626737,0.14795906020599328,0.8520409397940069,0.75,2.0,2.0,1.5,8300.0,12450.0,1605.8918280610324,9247.730963441287,10853.62279150232
Sonora,Magdalena,36,Magdalena,140,Frijol,2016,2017,30.771988,-111.139421,770.0,1110.365093791073,7.8749297431990986,2.812422140414755,13.872887786357397,27.154361702127662,16.135,36.230000000000004,34.54439716312056,24.12,45.75,19.76432624113475,8.06,26.71,37.55432624113476,8.29,83.4,26.998510638297873,9.56,32.47,2.4400709219858157,1.03,5.38,218.47,1.5494326241134753,0.0,44.11,174.776,1.2395460992907803,0.0,35.288000000000004,16.58610649240651,7.239557879473289,19.414352927576434,0.19675510444414912,28,14,65,0,892.1687872254411,6.327438207272632,0.9843477491451642,15.953820954311006,76.6680636073868,0.5437451319672822,0.0,9.457893007241847,815.5007236180544,5.78369307530535,0.0,15.953820954311006,766.680636073868,8155.007236180544,8921.687872254412,717.392787225441,0.08593448314395429,0.9140655168560459,2.0,2.0,2.0,4.0,9100.0,36400.0,383.340318036934,4077.503618090272,4460.843936127206
Sonora,Magdalena,36,Magdalena,140,Frijol,2017,2018,30.771988,-111.139421,770.0,1086.494620243612,7.705635604564624,3.551053184576525,12.126075677499745,27.09067375886525,12.280000000000001,36.35,34.40304964539007,16.69,45.58,19.778297872340428,6.93,27.82,39.794184397163114,5.41,82.84,26.39148936170213,12.25,33.35,2.37063829787234,0.75,5.19,262.16999999999996,1.8593617021276594,0.0,25.48,157.302,1.1156170212765957,0.0,15.288,16.269698307693634,8.79574920217583,19.176264133697124,0.24129893983388215,38,19,65,0,866.8964104663844,6.148201492669393,1.4204212738306101,13.944987029124706,107.61148932936275,0.7632020519812961,0.0,7.428891689338096,759.2849211370216,5.384999440688096,0.0,13.944987029124706,1076.1148932936276,7592.849211370216,8668.964104663843,709.5944104663844,0.12413419646237606,0.8758658035376239,2.3,2.5,2.5,5.75,9684.76,55687.37,467.8760405624468,3301.238787552268,3769.114828114715
Sonora,Magdalena,36,Magdalena,140,Frijol,2018,2019,30.771988,-111.139421,770.0,1110.8337930900054,7.8782538517021665,3.0541920357336925,12.01281680520899,27.483510638297872,14.715,34.305,34.65085106382978,20.49,43.4,20.316170212765957,7.21,27.36,38.6086524822695,7.98,75.62,26.604751773049642,7.26,32.84,2.38822695035461,0.63,5.04,249.64999999999998,1.7705673758865246,0.0,30.87,199.72,1.4164539007092198,0.0,24.696,16.352174437079668,6.244911587941367,19.548427849546925,0.22474109227947484,42,15,70,0,887.6950937830077,6.29570988498587,1.3394809954634928,13.814739325990338,110.58832851192297,0.7843143866093828,0.0,7.082212608820887,777.1067652710847,5.511395498376487,0.0,13.814739325990338,1105.8832851192296,7771.067652710846,8876.950937830075,687.9750937830077,0.12457918184569317,0.8754208181543068,2.1,10.0,10.0,21.0,10856.63,227989.23,526.6110881520141,3700.508406052784,4227.119494204798
Sonora,Magdalena,36,Magdalena,140,Frijol,2019,2020,30.771988,-111.139421,770.0,1099.0011578811361,7.794334453057703,4.357198456018715,12.257303250252852,26.97283687943263,15.72,34.125,34.25212765957448,21.12,42.4,19.69354609929078,8.72,27.02,38.05914893617022,12.4,73.26,26.59304964539007,15.11,32.54,2.5085815602836883,0.69,4.48,149.70000000000002,1.0617021276595746,0.0,10.51,119.76000000000002,0.8493617021276597,0.0,8.408,16.4468165072753,10.740811038379507,19.45703949341914,0.13621459716077117,35,10,66,0,887.4330235259936,6.293851230680805,1.52501945960655,14.095898737790778,76.44335504751093,0.5421514542376662,0.0,6.144,810.9896684784827,5.7516997764431395,0.0,14.095898737790778,764.4335504751093,8109.896684784827,8874.330235259937,767.6730235259936,0.08613985846929872,0.9138601415307014,1.9,8.0,8.0,15.2,13986.84,212599.97,402.3334476184786,4268.3666762025405,4670.700123821019
Sonora,Magdalena,36,Magdalena,140,Frijol,2020,2021,30.771988,-111.139421,770.0,1194.3235212966304,8.470379583664045,2.7618513932203856,12.010563316881454,28.686453900709218,20.62,34.605,36.532836879432615,27.54,43.23,20.840070921985813,11.33,26.93,32.58943262411348,7.46,70.76,27.054326241134753,8.94,33.75,2.554822695035461,1.21,5.29,123.67999999999999,0.8771631205673759,0.0,17.74,98.944,0.7017304964539007,0.0,14.192,16.507569312215633,6.940440730466645,19.902498805576627,0.1035565303660146,28,6,93,0,945.0306690249017,6.702345170389374,0.9666479876271349,13.69270892497402,73.34921925875445,0.5202072287854925,0.0,7.1672194895709245,871.6814497661474,6.182137941603882,0.0,13.69270892497402,733.4921925875444,8716.814497661473,9450.306690249017,846.0866690249018,0.07761570249824525,0.9223842975017549,1.6,5.0,5.0,8.0,18250.0,146000.0,458.43262036721524,5448.00906103842,5906.441681405636
Sonora,Magdalena,36,Magdalena,140,Frijol,2021,2022,30.771988,-111.139421,770.0,1058.6718506937539,7.508310997828041,2.5997330998677755,11.29397491787945,27.43801418439716,19.375,34.275,34.59127659574468,24.45,43.71,20.284751773049642,8.93,25.17,41.36723404255319,5.53,83.41,25.74801418439716,9.88,32.77,2.2941843971631206,0.76,5.1,266.34000000000003,1.8889361702127663,0.0,26.9,159.80399999999997,1.1333617021276594,0.0,16.139999999999997,16.007432891687504,7.628081240531771,18.82321303326149,0.2515793726124539,50,14,65,0,834.36695185404,5.91749611244,0.9523476419605557,12.988071155561366,112.94219906022829,0.8010085039732503,0.0,7.109999999999999,721.4247527938118,5.11648760846675,0.0,12.988071155561366,1129.421990602283,7214.247527938118,8343.6695185404,674.5629518540401,0.13536274274677387,0.8646372572532262,1.83,3.0,3.0,5.49,19200.0,105408.0,617.1704866679141,3942.2117639006105,4559.382250568525
Sonora,Magdalena,36,Magdalena,140,Haba verde,2017,2018,30.771988,-111.139421,770.0,1101.4202614502165,5.220001239100552,0.973297523282181,10.911024313763562,17.25919431279621,5.835000000000001,28.85,24.770094786729857,9.88,38.49,9.74829383886256,-0.94,19.64,38.46379146919431,9.83,88.27,19.835308056872037,4.7,32.4,2.739620853080569,1.25,6.6,120.38000000000001,0.5705213270142181,0.0,18.59,96.304,0.4564170616113744,0.0,14.872,10.653046027720697,3.7374078252306973,19.176264133697124,0.10929524743034802,16,8,10,31,1050.5816776976592,4.979060083875162,0.4866487616410905,12.00212674513992,28.922493215635786,0.1370734275622549,0.0,3.312,1021.6591844820233,4.841986656312907,0.0,12.00212674513992,0.0,0.0,0.0,954.2776776976592,0.027529980609426945,0.972470019390573,3.0,2.0,2.0,6.0,8360.0,50160.0,0.0,0.0,0.0
Sonora,Magdalena,36,Magdalena,140,Haba verde,2018,2019,30.771988,-111.139421,770.0,1171.6558841642736,5.552871488930207,1.0298859850352995,10.906382481630509,18.471895734597158,6.615,28.295,26.112559241706165,11.38,37.92,10.831232227488151,-2.1,20.31,30.709336492890994,9.84,92.8,19.786018957345973,4.05,32.42,2.602464454976303,0.95,6.18,92.21000000000001,0.4370142180094787,0.0,25.7,73.768,0.34961137440758294,0.0,20.560000000000002,10.387764168954742,3.9934093754493905,18.623320912107154,0.07870058201070886,11,6,11,24,1086.118102351369,5.14747915806336,0.6613112977735368,11.99702072979356,24.632945407051,0.11674381709502844,0.0,3.4845817892728004,1061.485156944318,5.030735340968332,0.0,11.99702072979356,0.0,0.0,0.0,1012.3501023513691,0.022679803746685014,0.977320196253315,3.2,2.5,2.5,8.0,8156.09,65248.72,0.0,0.0,0.0
Sonora,Magdalena,36,Magdalena,140,Haba verde,2019,2020,30.771988,-111.139421,770.0,963.8541825717119,4.568029301287734,1.1733979527645015,9.576879256932239,15.09054502369668,2.2649999999999997,25.345,22.43170616113744,6.89,34.68,7.749383886255924,-2.87,16.9,43.54236966824645,18.45,86.02,19.234123222748813,4.3,32.45,2.6098578199052134,1.25,7.05,138.38,0.6558293838862559,0.0,29.13,110.70400000000001,0.5246635071090048,0.0,23.304000000000002,10.596320938845828,3.719585194156481,19.45703949341914,0.14356943457025914,26,6,0,52,906.8528563749312,4.2978808359001475,0.6022599890376611,10.630798537428147,43.37261596510615,0.20555742163557417,0.0,4.688000000000001,863.480240409825,4.092323414264573,0.0,10.630798537428147,0.0,0.0,0.0,796.1488563749313,0.04782762237578935,0.9521723776242106,3.5,3.0,3.0,10.5,9000.0,94500.0,0.0,0.0,0.0
Sonora,Magdalena,36,Magdalena,140,Haba verde,2022,2023,30.771988,-111.139421,770.0,1173.5829514024229,5.562004509016222,1.139467984813722,11.481801767591378,17.237630331753557,4.555,28.345,25.282417061611376,11.35,38.46,9.192843601895737,-3.43,19.62,30.830568720379148,3.52,88.41,20.348530805687204,2.53,32.61,2.7406161137440757,1.17,6.15,48.03,0.22763033175355452,0.0,22.93,38.424,0.1821042654028436,0.0,18.344,10.575812342270277,3.094463221252784,18.909793085232252,0.040925952394421296,11,1,11,37,1126.0387326272303,5.3366764579489585,0.569733992406861,12.629981944350517,17.15570075289819,0.08130663863932792,0.0,2.2239999999999998,1108.8830318743321,5.255369819309631,0.0,12.629981944350517,0.0,0.0,0.0,1087.6147326272303,0.015235444621759298,0.9847645553782407,3.75,2.0,2.0,7.5,9800.0,73500.0,0.0,0.0,0.0
Sonora,Magdalena,36,Magdalena,140,Haba verde,2023,2024,30.771988,-111.139421,770.0,1007.0800593237614,4.772891276415931,1.0495347381640125,10.016532603738849,14.980616113744075,3.335,26.005,22.568862559241705,7.4,36.48,7.392369668246445,-2.86,18.91,40.90497630331754,14.85,86.44,19.67436018957346,2.76,32.0,2.7024170616113747,1.09,6.61,107.06,0.50739336492891,0.0,12.82,85.648,0.40591469194312796,0.0,10.256,10.637099775979305,3.2115052921242864,18.761907943056407,0.10630733774223385,24,9,3,66,964.3568685648602,4.570411699359527,0.5247673690820063,11.018185864112734,34.95398526287088,0.16565869792829802,0.0,3.738808201974897,929.4028833019893,4.404753001431229,0.0,11.018185864112734,0.0,0.0,0.0,878.7088685648602,0.03624590273815213,0.9637540972618478,4.09,2.0,2.0,8.18,10290.0,84172.2,0.0,0.0,0.0
Sonora,Magdalena,36,Magdalena,140,Papa,2010,2011,30.771988,-111.139421,770.0,606.4437436420607,4.664951874169698,0.9739834085605559,9.648124423249886,13.802307692307693,5.8100000000000005,24.52,21.36092307692308,10.64,33.96,6.243692307692308,-1.46,16.58,45.10246153846153,18.61,87.77,20.65392307692308,4.48,31.98,2.8932307692307693,1.33,9.42,177.2,1.363076923076923,0.0,36.7,141.76,1.0904615384615384,0.0,29.360000000000003,11.531985378194511,3.945583694620265,18.76477536460301,0.29219528086118435,20,11,0,42,559.058433024226,4.300449484801739,0.71261194115944,9.333034180344718,40.19783634231571,0.30921412571012086,0.0,4.576,518.8605966819102,3.9912353590916174,0.0,9.333034180344718,401.97836342315713,5188.605966819103,5590.58433024226,417.29843302422603,0.07190274570202895,0.928097254297971,25.0,22.0,22.0,550.0,5000.0,2750000.0,16.079134536926286,207.54423867276412,223.6233732096904
Sonora,Magdalena,36,Magdalena,140,Papa,2011,2012,30.771988,-111.139421,770.0,747.3736215749059,5.749027858268507,2.3374744396770906,10.894590626124632,15.825423076923078,-3.0949999999999998,25.17,24.201153846153847,1.49,34.78,7.449692307692308,-7.68,16.04,28.057846153846157,8.37,67.82,21.909307692307692,7.32,32.33,2.867615384615385,1.55,7.61,11.77,0.09053846153846154,0.0,5.23,9.416,0.07243076923076923,0.0,4.184,11.483651562871847,4.460286018444057,18.227294588663035,0.015748481964345522,2,1,0,35,699.54045492894,5.3810804225303075,1.1687372198385453,9.902907921734265,7.094171539612834,0.054570550304714104,0.0,2.924054162849361,692.4462833893272,5.326509872225594,0.0,9.902907921734265,70.94171539612833,6924.462833893272,6995.4045492894,690.1244549289399,0.010141188389645695,0.9898588116103543,50.0,30.0,30.0,1500.0,6500.0,9750000.0,1.4188343079225667,138.48925667786543,139.908090985788
Sonora,Magdalena,36,Magdalena,140,Papa,2016,2017,30.771988,-111.139421,770.0,727.1264808846815,5.550583823547187,0.8017578970061457,10.189248640027467,16.521488549618322,4.41,24.68,24.722748091603055,9.76,34.61,8.320229007633586,-3.4,15.04,33.18770992366412,13.27,92.31,21.732824427480917,5.51,31.14,2.7555725190839695,1.48,5.46,60.62,0.4627480916030534,0.0,13.18,48.496,0.37019847328244276,0.0,10.544,11.656665420634159,4.094778670599886,18.931535494851175,0.08336926462400977,10,6,0,25,693.6535339108245,5.295065144357439,0.4008789485030729,9.098485790667473,17.799382876691983,0.13587315173047315,0.0,4.912,675.8541510341324,5.159191992626965,0.0,9.098485790667473,177.99382876691982,6758.541510341324,6936.535339108244,645.1575339108246,0.025660336185903805,0.974339663814096,24.63,40.0,40.0,985.2,8560.0,8433312.0,7.226708435522527,274.4028221819458,281.62953061746833
Sonora,Magdalena,36,Magdalena,140,Papa,2017,2018,30.771988,-111.139421,770.0,687.6357715366613,5.289505934897394,0.973297523282181,10.911024313763562,16.95380769230769,5.835000000000001,28.095,24.528307692307695,9.88,38.26,9.379307692307691,-0.94,19.64,38.81769230769231,9.83,88.27,21.071461538461538,4.78,31.52,2.698846153846154,1.25,6.6,84.28,0.6483076923076924,0.0,18.59,67.42399999999999,0.5186461538461538,0.0,14.872,11.51679342010931,3.955016559959801,17.487588236438015,0.12256488607574804,12,5,4,18,654.0662174584288,5.031278595834068,0.4866487616410905,10.271903162290263,20.558141611330285,0.1581395508563868,0.0,3.312,633.5080758470986,4.873139044977681,0.0,10.271903162290263,205.58141611330285,6335.0807584709855,6540.662174584289,586.6422174584288,0.03143128488001587,0.9685687151199842,24.65,42.5,42.5,1047.63,8200.0,8590566.0,8.340016880864214,257.0012478081536,265.3412646890178
Sonora,Magdalena,36,Magdalena,140,Papa,2018,2019,30.771988,-111.139421,770.0,736.7002111404516,5.666924701080397,1.0298859850352995,10.667612941065444,17.676153846153845,6.69,28.145000000000003,25.477923076923076,12.27,37.92,9.874384615384615,-1.71,19.66,31.77076923076923,9.84,92.8,20.979692307692307,4.05,31.03,2.7125384615384616,1.34,6.18,75.6,0.5815384615384614,0.0,25.7,60.480000000000004,0.4652307692307693,0.0,20.560000000000002,11.226963356606396,3.9934093754493905,17.832919587796567,0.10261976154855056,8,5,6,18,675.571581152339,5.196704470402608,1.0654120640491216,9.842733687900854,19.995634109277464,0.15381257007136512,0.0,3.4845817892728004,655.5759470430617,5.042891900331243,0.0,9.842733687900854,199.95634109277464,6555.759470430617,6755.7158115233915,615.091581152339,0.029598098361642775,0.9704019016383574,23.81,42.0,42.0,1000.0,8310.0,8310000.0,8.397998365929217,275.3363910302653,283.7343893961945
Sonora,Magdalena,36,Magdalena,140,Papa,2019,2020,30.771988,-111.139421,770.0,613.6280741700358,4.720215955154122,1.1733979527645015,9.244172641241867,14.965884615384613,2.2649999999999997,25.345,22.388538461538463,6.89,34.68,7.54323076923077,-2.87,16.9,44.25299999999999,21.15,85.84,20.09023076923077,4.3,30.73,2.669461538461538,1.3,5.86,109.56,0.8427692307692308,0.0,29.13,87.648,0.6742153846153845,0.0,23.304000000000002,11.318511521421655,3.719585194156481,18.448602116845116,0.17854463413882368,18,4,0,37,572.2257607738276,4.401736621337135,0.6022599890376611,9.420253762101389,29.71929468036861,0.22860995907975853,0.0,2.532729643592683,542.5064660934589,4.173126662257376,0.0,9.420253762101389,297.1929468036861,5425.0646609345895,5722.2576077382755,484.57776077382755,0.05193631031252221,0.9480636896874777,25.19,38.0,38.0,957.22,8000.0,7657760.0,11.798052671841448,215.3658063094319,227.16385898127334
Sonora,Magdalena,36,Magdalena,140,Papa,2020,2021,30.771988,-111.139421,770.0,610.562164588569,4.660779882355488,1.4312699596200051,9.99824053392437,15.286030534351143,2.8649999999999998,29.835,22.741297709923664,9.31,38.27,7.830763358778626,-4.31,22.57,46.82671755725191,18.38,83.3,20.284732824427483,3.43,30.69,2.609618320610687,1.31,6.07,90.06,0.6874809160305344,0.0,16.7,72.048,0.5499847328244275,0.0,13.36,11.451892849180567,3.5258395431270513,18.03064994956067,0.14750340788097716,12,7,6,34,563.1174004486854,4.298606110295308,0.7491187801709488,7.498680400443278,27.218145877433685,0.2077721059346083,0.0,3.2874002836706993,535.8992545712517,4.0908340043607,0.0,7.498680400443278,272.1814587743369,5358.992545712517,5631.174004486854,491.0694004486854,0.04833476261920974,0.9516652373807902,42.0,128.0,128.0,5376.0,7768.91,41765660.16,6.480510923198497,127.59506061220279,134.07557153540128
Sonora,Magdalena,36,Magdalena,140,Papa,2021,2022,30.771988,-111.139421,770.0,742.982469696058,5.715249766892754,1.1591837396439577,10.291556885780707,16.05276923076923,2.96,25.295,24.274076923076922,6.31,35.28,7.831461538461538,-1.89,16.67,30.295153846153845,9.69,86.22,21.56823076923077,8.84,31.46,2.9292307692307693,1.43,5.45,39.050000000000004,0.3003846153846154,0.0,9.14,31.24000000000001,0.2403076923076924,0.0,7.312000000000001,11.41493390224822,5.355155352359625,18.078715275512522,0.05255844059951336,7,5,1,42,696.0593883560505,5.3543029873542345,0.6040883130855836,11.835290418647812,8.414256531856529,0.06472505024505022,0.0,1.4160000000000001,687.6451318241939,5.289577937109184,0.0,11.835290418647812,84.14256531856529,6876.451318241939,6960.593883560504,664.8193883560505,0.0120884175583484,0.9879115824416514,38.08,130.0,130.0,4950.4,8181.82,40503281.73,2.2096261900883745,180.57907873534504,182.78870492543342
Sonora,Magdalena,36,Magdalena,140,Papa,2022,2023,30.771988,-111.139421,770.0,763.6238199585052,5.874029384296194,2.1379167336687797,10.78377680949557,16.320653846153846,4.555,26.265,24.727076923076922,11.35,36.38,7.914230769230769,-3.43,17.18,28.007846153846153,6.21,75.47,21.99615384615385,8.37,31.26,2.9096153846153845,1.29,6.15,12.58,0.09676923076923077,0.0,2.78,10.064,0.07741538461538462,0.0,2.2239999999999998,11.489113834276923,4.992226186797567,18.17573828084825,0.01647408013108285,5,0,2,33,719.2950035947727,5.533038489190559,1.0689583668343898,12.401343330919905,9.206521715373965,0.07081939781056897,0.0,2.2239999999999998,710.0884818793987,5.46221909137999,0.0,12.401343330919905,92.06521715373965,7100.8848187939875,7192.950035947727,709.2310035947727,0.01279936836675237,0.9872006316332477,44.15,158.0,158.0,6975.7,11500.0,80220550.0,2.0852823817381574,160.83544323429192,162.92072561603007
Sonora,Magdalena,36,Magdalena,140,Papa,2023,2024,30.771988,-111.139421,770.0,640.8387759932784,4.929529046102142,1.0495347381640125,9.044738592944215,14.418192307692308,3.335,26.005,22.15207692307692,7.4,36.48,6.6843076923076925,-2.86,16.83,40.57784615384615,14.85,86.44,20.782692307692308,2.87,31.47,2.8836923076923076,1.34,6.61,70.9,0.5453846153846155,0.0,10.21,56.72,0.4363076923076923,0.0,8.168000000000001,11.447290591519698,3.221334637709633,18.35515652568294,0.11063625151288232,17,7,2,50,596.463528525448,4.588180988657292,0.5247673690820063,8.869233118102308,25.899375647128213,0.19922596651637087,0.0,3.738808201974897,570.5641528783199,4.388955022140922,0.0,8.869233118102308,258.99375647128215,5705.641528783199,5964.635285254481,539.743528525448,0.04342155791344955,0.9565784420865505,43.05,89.54,89.54,3854.7,12180.0,46950246.0,6.01611513289854,132.5352271494355,138.55134228233405
Sonora,Magdalena,36,Magdalena,140,Nopalitos,2010,2011,30.771988,-111.139421,770.0,1299.5003684415196,7.599417359307132,3.097670643480889,11.391122087328073,24.998918128654967,9.15,34.08,32.76508771929824,13.46,41.72,17.2327485380117,3.84,26.44,37.38777777777778,9.92,79.0,27.068187134502924,15.01,33.08,2.570233918128655,1.1,6.18,271.76,1.5892397660818713,0.0,21.76,163.056,0.9535438596491229,0.0,13.056000000000001,16.489314446874975,10.568171365327595,19.407488212049127,0.20912652785617875,42,22,72,3,617.8547226616199,3.6131855126410524,1.2390682573923557,5.6955610436640365,92.26427391952842,0.5395571574241428,0.0,4.291210643666519,525.5904487420914,3.073628355216909,0.0,5.665561043664036,922.6427391952842,5255.904487420914,6178.547226616198,454.7987226616199,0.14933004561665986,0.85066995438334,15.0,4.0,4.0,60.0,4500.0,270000.0,61.50951594635228,350.39363249472757,411.90314844107985
Sonora,Magdalena,36,Magdalena,140,Nopalitos,2011,2012,30.771988,-111.139421,770.0,1370.3927466459354,8.013992670444066,2.5426557937820533,12.375148865383265,25.912017543859648,8.379999999999999,34.885,33.77807017543859,13.02,44.09,18.0459649122807,1.4,26.62,33.3787134502924,8.37,71.08,27.071286549707605,12.04,33.0,2.6452046783625733,0.97,5.5,212.1,1.2403508771929823,0.0,16.85,169.68,0.992280701754386,0.0,13.480000000000002,16.30288259929596,8.466897236552807,19.133657681817176,0.15477314844165596,53,11,72,2,650.7205053276228,3.8053830720913617,1.0170623175128213,6.187574432691632,119.72255328355799,0.7001318905471228,0.0,3.533579644884032,530.9979520440647,3.1052511815442383,0.0,6.138287720920122,1197.2255328355798,5309.979520440647,6507.205053276227,481.04050532762284,0.1839846021500128,0.816015397849987,51.0,4.0,4.0,204.0,5000.0,1020000.0,23.475010447756468,104.11724549883623,127.5922559465927
Sonora,Magdalena,36,Magdalena,140,Nopalitos,2012,2013,30.771988,-111.139421,770.0,1303.1703654606147,7.620879330179033,3.1637756944269384,12.267471605055428,25.63394736842105,11.38,32.18,33.11011695906433,16.64,41.08,18.15777777777778,2.85,25.33,37.37058479532163,6.97,82.42,26.566315789473684,13.48,33.04,2.440175438596491,0.91,5.94,322.95,1.8885964912280702,0.0,17.95,193.77,1.1331578947368421,0.0,10.77,16.102960961524147,9.693551395004086,18.879587347474814,0.24781871086045687,59,21,66,3,619.6539837398933,3.6237075072508382,1.4236990624921224,6.133735802527714,107.75063265751962,0.6301206588159042,0.0,4.046688191791392,511.9033510823736,2.9935868484349335,0.0,6.133735802527714,1077.5063265751962,5119.033510823736,6196.539837398932,425.8839837398933,0.17388838849577887,0.826111611504221,50.0,4.0,4.0,200.0,6000.0,1200000.0,21.550126531503924,102.38067021647471,123.93079674797863
Sonora,Magdalena,36,Magdalena,140,Nopalitos,2013,2014,30.771988,-111.139421,770.0,1341.803093866552,7.846801718517848,3.29118249460623,11.751963239587631,25.9371052631579,10.995000000000001,33.765,33.63953216374269,16.6,44.23,18.2346783625731,3.66,26.18,35.29233918128655,8.26,77.44,26.593391812865494,12.31,32.5,2.593391812865497,1.01,6.39,247.43,1.4469590643274854,0.0,25.35,197.944,1.1575672514619881,0.0,20.28,16.087235316634896,9.03514561388736,19.094533555224242,0.1844011249720728,42,15,68,1,637.6487945201682,3.728940318831393,1.4810321225728034,5.875981619793816,106.4785328925469,0.622681478903783,0.0,4.314631813480722,531.1702616276214,3.10625883992761,0.0,5.875981619793816,1064.785328925469,5311.702616276214,6376.487945201683,439.7047945201682,0.16698617453307063,0.8330138254669295,50.0,4.0,4.0,200.0,6500.0,1300000.0,21.29570657850938,106.23405232552427,127.52975890403366
Sonora,Magdalena,36,Magdalena,140,Nopalitos,2014,2015,30.771988,-111.139421,770.0,1306.1714957261142,7.63842979956792,1.7857054684946156,12.198471959465113,25.476228070175434,12.835,32.43,32.74982456140351,19.77,41.45,18.20263157894737,3.98,24.55,37.42637426900585,6.31,89.03,26.375087719298246,5.05,32.67,2.5259649122807017,0.67,6.17,432.59000000000003,2.529766081871345,0.0,90.25,259.55400000000003,1.5178596491228071,0.0,54.15,15.987008412477389,4.584505701906031,18.95192354471072,0.331189282123722,49,27,59,1,621.2007175305491,3.6327527340967785,0.803567460822577,6.099235979732557,100.6551550907902,0.5886266379578374,0.0,3.2769893011763545,520.5455624397589,3.0441260961389407,0.0,6.099235979732557,1006.5515509079021,5205.455624397589,6212.007175305492,361.6467175305491,0.16203322412588847,0.8379667758741115,51.5,4.0,4.0,206.0,6800.0,1400800.0,19.5446903088913,101.07680824072989,120.6214985496212
Sonora,Magdalena,36,Magdalena,140,Nopalitos,2015,2016,30.771988,-111.139421,770.0,1224.87022604013,7.162983778012457,2.8338075392807123,12.042320103587231,25.164707602339185,13.75,33.925,32.178128654970756,17.06,42.75,18.151286549707603,5.94,25.83,42.10076023391812,13.02,78.58,25.921403508771927,10.48,32.31,2.5125730994152047,1.03,5.13,220.97,1.2922222222222222,0.0,20.32,176.776,1.033777777777778,0.0,16.256,16.12800989228806,7.8026749672077935,19.806060256728365,0.1804027849663483,46,13,51,0,580.5173640280711,3.394838386129071,1.2752133926763205,6.021160051793616,106.25510090839919,0.6213748591134455,0.0,3.718097360718343,474.26226311967184,2.773463527015625,0.0,6.021160051793616,1062.5510090839919,4742.622631196718,5805.17364028071,403.74136402807113,0.1830351811892765,0.8169648188107234,43.0,4.0,4.0,172.0,5500.0,946000.0,24.71048858334865,110.29354956271438,135.004038146063
Sonora,Magdalena,36,Magdalena,140,Nopalitos,2016,2017,30.771988,-111.139421,770.0,1324.2977978104395,7.7444315661429215,2.812422140414755,13.872887786357397,25.75573099415205,13.905000000000001,36.230000000000004,33.356783625731,18.62,45.75,18.154678362573097,6.5,26.71,35.979883040935675,8.29,83.4,27.028479532163747,9.56,32.47,2.518888888888889,1.03,5.38,226.86,1.3266666666666667,0.0,44.11,181.488,1.0613333333333332,0.0,35.288000000000004,16.42584664983358,7.239557879473289,19.414352927576434,0.1713058802748782,30,15,65,0,628.4909780169885,3.675385836356658,1.2655899631866399,6.936443893178699,70.99354395387063,0.41516692370684577,0.0,3.7009146550076792,557.4974340631178,3.260218912649812,0.0,6.936443893178699,709.9354395387063,5574.974340631178,6284.9097801698845,447.0029780169885,0.1129587320057785,0.8870412679942213,50.0,3.0,3.0,150.0,4853.33,727999.5,14.198708790774127,111.49948681262356,125.69819560339769
Sonora,Magdalena,36,Magdalena,140,Nopalitos,2017,2018,30.771988,-111.139421,770.0,1320.957669144283,7.724898649966567,3.551053184576525,12.126075677499745,26.030906432748537,12.280000000000001,36.35,33.636081871345034,16.69,45.58,18.425730994152048,5.88,27.82,36.781052631578945,5.41,82.84,26.74608187134503,12.25,33.35,2.4499415204678363,0.75,5.43,263.09999999999997,1.53859649122807,0.0,25.48,157.86,0.9231578947368422,0.0,15.288,16.20808795958587,8.79574920217583,19.176264133697124,0.19917367993361684,38,19,66,0,626.3361752286578,3.662784650459987,1.6726214710134346,6.063037838749873,85.95846759589251,0.502681097052003,0.0,3.345340464751886,540.3777076327654,3.1601035534079847,0.0,6.063037838749873,859.5846759589251,5403.777076327653,6263.361752286578,468.4761752286578,0.13724014514172278,0.8627598548582773,50.1,2.0,2.0,100.2,7035.33,704940.07,17.157378761655192,107.85982188278749,125.01720064444268
Sonora,Magdalena,36,Magdalena,140,Nopalitos,2018,2019,30.771988,-111.139421,770.0,1348.489828194609,7.885905428038648,3.0541920357336925,12.01281680520899,26.4819298245614,14.629999999999999,34.305,33.9198245614035,20.49,43.4,19.044035087719298,6.79,27.36,35.639707602339186,7.98,75.62,26.768947368421053,7.26,32.84,2.4777192982456135,0.63,5.04,249.65,1.4599415204678363,0.0,30.87,199.72000000000003,1.1679532163742692,0.0,24.696,16.209890328325834,6.244911587941367,19.548427849546925,0.18513302420251662,42,15,70,0,639.4122462021135,3.7392529017667453,1.5270960178668462,6.006408402604495,93.54426819816021,0.5470425040828083,0.0,3.5581424277246025,545.8679780039533,3.1922103976839376,0.0,6.006408402604495,935.4426819816022,5458.679780039533,6394.122462021136,439.69224620211344,0.14629727340034643,0.8537027265996537,50.5,2.0,2.0,101.0,7001.97,707198.97,18.52361746498222,108.09266891167393,126.61628637665615
Sonora,Magdalena,36,Magdalena,140,Nopalitos,2019,2020,30.771988,-111.139421,770.0,1305.623777616364,7.635226769686339,4.312405435993515,12.257303250252852,25.646871345029243,13.219999999999999,34.125,33.10923976608187,17.47,42.4,18.184502923976606,6.46,27.02,37.54941520467837,12.4,73.26,26.719941520467835,15.11,32.54,2.5598830409356728,0.69,4.68,150.91,0.8825146198830409,0.0,10.51,120.72800000000001,0.7060116959064328,0.0,8.408,16.377066896499777,10.740811038379507,19.45703949341914,0.11558459840208457,36,10,66,0,619.6057453120115,3.623425411181354,1.7249621743974062,6.128651625126426,80.87582628560637,0.4729580484538384,0.0,3.3360000000000003,538.729919026405,3.1504673627275146,0.0,6.128651625126426,808.7582628560637,5387.29919026405,6196.057453120114,498.87774531201154,0.1305278830893993,0.8694721169106004,49.7,2.0,2.0,99.4,6500.0,646100.0,16.272802069538503,108.39636197714385,124.66916404668235
Sonora,Magdalena,36,Magdalena,140,Nopalitos,2020,2021,30.771988,-111.139421,770.0,1393.185160199162,8.147281638591592,2.7618513932203856,12.010563316881454,26.9571052631579,11.48,34.605,34.90502923976608,16.79,43.23,19.00918128654971,5.36,26.93,33.52859649122808,7.46,70.76,27.15538011695907,8.94,33.75,2.5923391812865493,1.21,5.29,129.01,0.7544444444444444,0.0,17.74,103.208,0.6035555555555555,0.0,14.192,16.475037657281714,6.940440730466645,19.902498805576627,0.09260075665861775,29,7,96,0,662.5594685703356,3.8746167752651206,1.2428331269491735,5.953351706510444,70.27133716121038,0.41094349217082093,0.0,3.8240000000000003,592.2881314091253,3.4636732830943,0.0,5.953351706510444,702.7133716121039,5922.881314091253,6625.594685703358,559.3514685703357,0.10606042248983505,0.8939395775101651,39.5,2.0,2.0,79.0,6567.09,518800.11,17.790211939546932,149.94636238205706,167.736574321604
Sonora,Magdalena,36,Magdalena,140,Nopalitos,2021,2022,30.771988,-111.139421,770.0,1296.305155908169,7.580731905895725,2.5997330998677755,11.29397491787945,26.275087719298245,14.190000000000001,34.275,33.685906432748546,19.55,43.71,18.86426900584795,6.66,25.17,37.913567251462,5.53,83.41,26.02573099415205,9.88,32.77,2.4405847953216377,0.76,5.1,266.58,1.5589473684210526,0.0,26.9,159.94799999999998,0.9353684210526314,0.0,16.139999999999997,15.889899137779894,7.628081240531771,18.82321303326149,0.20564602307181187,50,14,66,0,613.8469763918574,3.5897483999523825,1.169879894940499,5.646987458939725,100.44129727383978,0.5873760074493555,0.0,3.2739990374239047,513.4056791180177,3.0023723925030277,0.0,5.646987458939725,1004.4129727383978,5134.056791180177,6138.469763918575,453.89897639185745,0.1636259542471408,0.8363740457528593,44.0,2.0,2.0,88.0,6500.0,572000.0,22.827567562236315,116.68310889045857,139.5106764526949
Sonora,Magdalena,36,Magdalena,140,Nopalitos,2022,2023,30.771988,-111.139421,770.0,1311.0725057034433,7.667090676628323,2.647155208261857,11.560988998012386,26.219298245614034,14.419999999999998,32.504999999999995,33.71818713450293,24.49,41.24,18.720409356725145,4.35,26.59,37.28269005847953,3.52,85.16,26.053040935672513,9.03,32.61,2.495497076023392,0.95,5.01,280.76,1.6418713450292397,0.0,43.12,168.456,0.9851228070175438,0.0,25.871999999999996,15.831753405285946,6.925841818822163,18.909793085232252,0.21414528851656522,57,18,63,1,622.0433934622122,3.6376806635217087,1.1912198437178356,5.780494499006193,105.26830436784849,0.6156041191102251,0.0,3.595524138277078,516.7750890943638,3.022076544411484,0.0,5.780494499006193,1052.6830436784849,5167.750890943638,6220.433934622123,453.58739346221216,0.16922984067387786,0.8307701593261223,35.0,2.0,2.0,70.0,4625.71,323799.7,30.076658390813854,147.65002545553253,177.7266838463464
Sonora,Magdalena,36,Magdalena,140,Nopalitos,2023,2024,30.771988,-111.139421,770.0,1419.8913313714093,8.303458078195376,3.702433894599552,11.629504018763768,26.880263157894735,9.42,36.55,34.977543859649124,16.64,44.0,18.782982456140353,1.55,29.1,29.406081871345034,6.02,70.64,27.191578947368424,8.89,32.09,2.630877192982456,1.23,6.55,115.06,0.6728654970760234,0.0,14.82,92.04799999999999,0.5382923976608186,0.0,11.856000000000002,16.28796190822123,6.998594841390213,19.503313381291036,0.08103437034781297,30,4,89,2,672.9008221870931,3.935092527409901,1.6660952525697983,5.814752009381884,71.70814377928687,0.4193458700543092,0.0,3.928235633637205,601.1926784078064,3.515746657355593,0.0,5.814752009381884,717.0814377928687,6011.926784078064,6729.008221870932,580.8528221870931,0.10656569499531561,0.8934343050046846,18.5,2.0,2.0,37.0,4635.6,171517.2,38.76115879961452,324.969015355571,363.7301741551855
Sonora,Magdalena,36,Magdalena,140,Cereza,2010,2011,30.771988,-111.139421,770.0,1510.1128724601576,7.123173926698857,1.727294139287712,11.391122087328073,23.397759433962264,6.925,34.08,31.133066037735848,13.1,41.72,15.662452830188679,-0.32,26.44,39.17231132075471,9.92,87.62,26.14627358490566,9.82,33.08,2.627735849056604,1.1,6.18,329.73,1.5553301886792454,0.0,21.76,197.838,0.9331981132075471,0.0,13.056000000000001,15.785908043387243,6.934929827339267,19.407488212049127,0.2183479169095683,49,26,74,14,1342.5366052483982,6.3327198360773505,0.7772823626794704,10.821565982961669,147.3294055039781,0.6949500259621609,0.0,6.940976037737984,1195.20719974442,5.637769810115189,0.0,10.79156598296167,1473.2940550397811,11952.0719974442,13425.366052483982,1144.6986052483983,0.10973958172017141,0.8902604182798285,0.5,12.0,12.0,6.0,25000.0,150000.0,2946.5881100795623,23904.1439948884,26850.732104967963
Sonora,Magdalena,36,Magdalena,140,Cereza,2011,2012,30.771988,-111.139421,770.0,1631.8087820674054,7.697211236167007,2.5426557937820533,12.375148865383265,24.789363207547172,8.379999999999999,34.885,32.80028301886792,13.02,44.09,16.778443396226415,1.4,26.62,31.9652358490566,8.37,71.08,26.37816037735849,12.04,33.0,2.6188207547169813,0.97,5.77,218.94000000000003,1.0327358490566039,0.0,16.85,175.15199999999996,0.8261886792452828,0.0,13.480000000000002,15.603042468290969,8.466897236552807,19.133657681817176,0.13417013219074356,54,11,78,4,1433.388303982627,6.761265584823712,2.1776877856322447,11.7563914221141,150.66865248647247,0.7107011909739267,0.0,5.973434659849611,1282.7196514961543,6.050564393849784,0.0,11.66274666974823,1506.6865248647246,12827.196514961543,14333.883039826267,1258.2363039826269,0.10511363324776969,0.8948863667522302,0.0,12.0,0.0,0.0,0.0,0.0,,,
Sonora,Magdalena,36,Magdalena,140,Cereza,2012,2013,30.771988,-111.139421,770.0,1542.6415510086972,7.276611089663666,1.8189475077975426,12.267471605055428,24.128962264150942,5.4,32.18,31.74933962264151,8.38,41.08,16.508584905660378,-1.3,25.33,36.54033018867925,6.97,82.42,25.778537735849056,9.88,33.04,2.5251415094339626,0.91,6.2,334.94,1.5799056603773585,0.0,17.95,200.96400000000003,0.9479433962264152,0.0,10.77,15.405223569058276,7.087577188094066,18.879587347474814,0.21712108025418514,62,23,69,13,1367.560406103767,6.450756632564939,0.8185263785088942,11.654098024802657,151.59380645224596,0.715065124774745,0.0,6.990889401908939,1215.966599651521,5.735691507790193,0.0,11.654098024802657,1515.9380645224596,12159.66599651521,13675.60406103767,1166.596406103767,0.11084980654283684,0.8891501934571631,0.0,12.0,0.0,0.0,0.0,0.0,,,
Sonora,Magdalena,36,Magdalena,140,Ciruela,2010,2011,30.771988,-111.139421,770.0,1510.1128724601576,7.123173926698857,1.727294139287712,11.391122087328073,23.397759433962264,6.925,34.08,31.133066037735848,13.1,41.72,15.662452830188679,-0.32,26.44,39.17231132075471,9.92,87.62,26.14627358490566,9.82,33.08,2.627735849056604,1.1,6.18,329.73,1.5553301886792454,0.0,21.76,197.838,0.9331981132075471,0.0,13.056000000000001,15.785908043387243,6.934929827339267,19.407488212049127,0.2183479169095683,49,26,74,14,1271.3908795057723,5.997126790121568,0.7772823626794704,10.252009878595265,144.66481115584125,0.6823811846973644,0.0,6.575661509435985,1126.7260683499312,5.3147456054242035,0.0,10.222009878595266,1446.6481115584124,11267.260683499313,12713.908795057725,1073.5528795057724,0.11378468532987808,0.886215314670122,5.0,8.0,8.0,40.0,7500.0,300000.0,289.3296223116825,2253.4521366998624,2542.781759011545
Sonora,Magdalena,36,Magdalena,140,Ciruela,2011,2012,30.771988,-111.139421,770.0,1631.8087820674054,7.697211236167007,2.5426557937820533,12.375148865383265,24.789363207547172,8.379999999999999,34.885,32.80028301886792,13.02,44.09,16.778443396226415,1.4,26.62,31.9652358490566,8.37,71.08,26.37816037735849,12.04,33.0,2.6188207547169813,0.97,5.77,218.94000000000003,1.0327358490566039,0.0,16.85,175.15199999999996,0.8261886792452828,0.0,13.480000000000002,15.603042468290969,8.466897236552807,19.133657681817176,0.13417013219074356,54,11,78,4,1358.2419920370273,6.406801849231261,2.1776877856322447,11.137633978844939,148.1155750398194,0.6986583728293367,0.0,5.659043361962789,1210.126416997208,5.708143476401925,0.0,11.048917897656219,1481.155750398194,12101.26416997208,13582.419920370274,1183.0899920370273,0.10904947417925331,0.8909505258207467,1.5,8.0,8.0,12.0,17000.0,204000.0,987.4371669321293,8067.509446648054,9054.946613580183
Sonora,Magdalena,36,Magdalena,140,Ciruela,2012,2013,30.771988,-111.139421,770.0,1542.6415510086972,7.276611089663666,1.8189475077975426,12.267471605055428,24.128962264150942,5.4,32.18,31.74933962264151,8.38,41.08,16.508584905660378,-1.3,25.33,36.54033018867925,6.97,82.42,25.778537735849056,9.88,33.04,2.5251415094339626,0.91,6.2,334.94,1.5799056603773585,0.0,17.95,200.96400000000003,0.9479433962264152,0.0,10.77,15.405223569058276,7.087577188094066,18.879587347474814,0.21712108025418514,62,23,69,13,1295.9032579714349,6.112751216846391,0.8185263785088942,11.040724444549886,147.21766038951083,0.6944229263656171,0.0,6.6229478544400475,1148.685597581924,5.4183282904807735,0.0,11.040724444549886,1472.1766038951082,11486.855975819239,12959.032579714347,1094.939257971435,0.11360235378986593,0.8863976462101341,3.95,8.0,8.0,31.6,17500.0,553000.0,372.7029376949641,2908.0648040048704,3280.7677416998345
Sonora,Magdalena,36,Magdalena,140,Ciruela,2013,2014,30.771988,-111.139421,770.0,1585.3525586639978,7.47807810690565,3.0469128961126564,11.751963239587631,24.621745283018864,8.905,33.765,32.41617924528302,13.79,44.23,16.827311320754717,2.16,26.18,34.90514150943396,8.26,77.44,25.92415094339622,12.31,32.5,2.5795283018867927,1.01,6.39,254.87000000000003,1.2022169811320755,0.0,25.35,152.922,0.7213301886792453,0.0,15.21,15.455803497418653,9.03514561388736,19.094533555224242,0.16076550203746673,44,15,68,6,1328.208966811038,6.265136635901122,1.3711108032506953,10.576766915628868,120.17165256499666,0.5668474177594183,0.0,6.7860000000000005,1208.0373142460414,5.698289218141705,0.0,10.576766915628868,1201.7165256499666,12080.373142460414,13282.08966811038,1175.286966811038,0.09047646535132395,0.9095235346486762,3.85,8.0,8.0,30.8,17250.0,531300.0,312.1341625064848,3137.7592577819255,3449.89342028841
Sonora,Magdalena,36,Magdalena,140,Ciruela,2014,2015,30.771988,-111.139421,770.0,1525.0380032490361,7.193575487023756,1.3574343412837453,12.198471959465113,24.241674528301886,12.835,32.43,31.489481132075476,16.07,41.45,16.9938679245283,3.98,24.55,38.70858490566037,6.31,89.03,25.647924528301886,3.77,32.67,2.493349056603773,0.67,6.17,491.63000000000005,2.319009433962264,0.0,90.25,294.97799999999995,1.3914056603773584,0.0,54.15,15.401480909508441,3.9065977821578364,18.95192354471072,0.3223722942986344,57,29,59,1,1283.6761200489573,6.05507603796678,0.6108454535776854,10.978624763518603,154.71194774504372,0.7297733384200176,0.0,6.001681147304019,1128.9641723039135,5.325302699546762,0.0,10.978624763518603,1547.1194774504372,11289.641723039134,12836.761200489571,988.6981200489573,0.12052257211043488,0.8794774278895651,0.0,4.0,0.0,0.0,0.0,0.0,,,
Sonora,Magdalena,36,Magdalena,140,Ciruela,2015,2016,30.771988,-111.139421,770.0,1438.1061405247515,6.78351953077713,1.8798235383472122,12.042320103587231,24.144481132075473,10.254999999999999,33.925,31.13551886792453,15.08,42.75,17.153443396226415,3.69,25.83,42.91650943396226,13.02,86.97,24.914009433962267,8.41,32.31,2.518254716981132,1.03,5.35,288.15000000000003,1.3591981132075472,0.0,45.58,172.89,0.8155188679245282,0.0,27.348,15.353690608757296,6.183383281434911,19.806060256728365,0.20036768627860582,52,16,51,1,1210.6313012882163,5.710525006076492,0.8459205922562455,10.838088093228508,113.68262049732014,0.5362387759307554,0.0,5.468519371186783,1096.948680790896,5.174286230145737,0.0,10.838088093228508,1136.8262049732014,10969.486807908961,12106.313012882163,1037.7413012882162,0.09390358598555318,0.9060964140144468,0.0,4.0,0.0,0.0,0.0,0.0,,,
Sonora,Magdalena,36,Magdalena,140,Granada,2010,2011,30.771988,-111.139421,770.0,1893.7159863159898,6.18861433436598,1.6035393967168634,11.391122087328073,21.399117647058826,3.16,34.08,28.953790849673204,8.05,41.72,13.844444444444443,-2.53,26.44,40.18745098039216,9.92,87.62,23.050490196078435,7.15,33.08,2.5598039215686272,1.1,6.18,358.36,1.1711111111111112,0.0,21.76,215.016,0.7026666666666667,0.0,13.056000000000001,13.394831346898211,4.517646300939164,19.407488212049127,0.18923640217937265,57,28,77,29,1524.4150379539715,4.981748490045659,0.7772823626794704,10.252009878595265,156.18870924584786,0.5104206184504833,0.0,6.575661509435985,1368.2263287081237,4.471327871595175,0.0,10.222009878595266,1561.8870924584785,13682.263287081238,15244.150379539717,1309.3990379539714,0.10245812679431457,0.8975418732056855,20.0,10.0,10.0,200.0,13000.0,2600000.0,78.09435462292393,684.1131643540618,762.2075189769857
Sonora,Magdalena,36,Magdalena,140,Granada,2011,2012,30.771988,-111.139421,770.0,2015.2438844229732,6.585764328179651,0.8583453670282474,12.375148865383265,22.081013071895423,2.675,34.885,29.847418300653594,9.04,44.09,14.314607843137257,-3.69,26.62,35.35509803921568,8.37,90.9,23.128692810457515,3.16,33.0,2.6012418300653595,0.97,6.15,296.85,0.9700980392156864,0.0,22.57,178.11,0.5820588235294119,0.0,13.542,13.221434911569197,3.2639510718438265,19.133657681817176,0.14730227060582168,66,15,79,30,1613.8226383512347,5.27393019069031,0.5579244885683609,11.137633978844939,135.7003651774427,0.44346524567791734,0.0,5.621218935336439,1478.1222731737917,4.830464945012391,0.0,11.048917897656219,1357.003651774427,14781.222731737917,16138.226383512343,1435.7126383512345,0.08408629421389284,0.915913705786107,20.0,10.0,10.0,200.0,14000.0,2800000.0,67.85018258872135,739.0611365868958,806.9113191756172
Sonora,Magdalena,36,Magdalena,140,Granada,2012,2013,30.771988,-111.139421,770.0,1929.7121609852434,6.306248892108639,1.5693989497991556,12.267471605055428,22.158545751633984,4.6,32.18,29.60245098039216,8.38,41.08,14.714640522875818,-1.3,25.33,37.7547385620915,6.97,82.42,22.727026143790848,5.93,33.04,2.4519934640522876,0.91,6.2,382.72,1.250718954248366,0.0,17.95,229.632,0.7504313725490196,0.0,10.77,13.093441929769574,4.390973844730882,18.879587347474814,0.19833009696357856,70,27,70,30,1544.3986900153895,5.047054542533953,0.8185263785088942,11.040724444549886,162.72997909090873,0.5317973172905514,0.0,6.6229478544400475,1381.6687109244808,4.515257225243402,0.0,11.040724444549886,1627.2997909090873,13816.68710924481,15443.986900153897,1314.7666900153895,0.10536785620381947,0.8946321437961805,18.5,10.0,10.0,185.0,14500.0,2682500.0,87.96215085995067,746.8479518510708,834.8101027110215
Sonora,Magdalena,36,Magdalena,140,Granada,2013,2014,30.771988,-111.139421,770.0,1988.4485459393873,6.498197862547017,1.242431287039996,11.751963239587631,22.17323529411765,6.43,33.765,29.79316993464052,8.94,44.23,14.55330065359477,-1.38,26.18,37.05428104575164,8.26,87.0,22.93584967320262,6.51,32.5,2.613169934640523,1.01,6.39,298.1,0.9741830065359478,0.0,25.35,178.86,0.5845098039215687,0.0,15.21,13.173015650544961,4.354960834970721,19.094533555224242,0.14991587316088734,48,18,68,20,1591.0592995564007,5.19954019462876,0.8075803365759975,10.576766915628868,130.21297465394255,0.42553259690830897,0.0,6.7860000000000005,1460.846324902458,4.774007597720451,0.0,10.576766915628868,1302.1297465394255,14608.46324902458,15910.592995564006,1412.1992995564005,0.08184042838016592,0.9181595716198341,14.5,10.0,10.0,145.0,16000.0,2320000.0,89.80205148547762,1007.4802240706607,1097.2822755561383
Sonora,Magdalena,36,Magdalena,140,Granada,2014,2015,30.771988,-111.139421,770.0,1857.001818279802,6.068633393071248,1.0247915896013944,12.198471959465113,21.86686274509804,4.53,32.43,28.966339869281047,11.16,41.45,14.767385620915032,-2.43,24.55,43.673921568627456,6.31,89.03,22.62261437908497,3.77,32.67,2.416470588235294,0.67,6.17,546.23,1.7850653594771242,0.0,90.25,327.73799999999994,1.0710392156862742,0.0,54.15,13.228257839934908,3.6940133906957957,18.95192354471072,0.2941461847926405,66,34,59,21,1500.8611592234497,4.904775030141993,0.6108454535776854,10.978624763518603,173.14620473730676,0.5658372703833554,0.0,6.001681147304019,1327.714954486143,4.338937759758637,0.0,10.978624763518603,1731.4620473730677,13277.14954486143,15008.611592234498,1173.1231592234499,0.11536457164824837,0.8846354283517516,19.0,5.0,5.0,95.0,15000.0,1425000.0,91.12958144068777,698.797344466391,789.9269259070787
Sonora,Magdalena,36,Magdalena,140,Granada,2015,2016,30.771988,-111.139421,770.0,1798.8076369865314,5.878456330021344,1.5611518218182192,12.042320103587231,21.76746732026144,3.21,33.925,28.726797385620912,8.58,42.75,14.808137254901961,-3.04,25.83,44.07673202614379,13.02,86.97,22.016437908496734,5.67,32.31,2.4983660130718954,1.03,5.35,327.21,1.069313725490196,0.0,45.58,196.32599999999996,0.6415882352941176,0.0,27.348,13.066300969126836,3.994094793151106,19.806060256728365,0.18190383077768196,64,17,55,25,1442.7809361595089,4.714970379606238,0.8459205922562455,10.838088093228508,138.153245628327,0.4514811948638137,0.0,5.468519371186783,1304.6276905311818,4.263489184742424,0.0,10.838088093228508,1381.53245628327,13046.276905311817,14427.809361595087,1246.4549361595089,0.0957548316351286,0.9042451683648713,14.09,5.0,5.0,70.45,13900.0,979255.0,98.05056467588858,925.9245497027549,1023.9751143786435
Sonora,Magdalena,36,Magdalena,140,Granada,2016,2017,30.771988,-111.139421,770.0,1963.4455903645198,6.416488857400392,1.4766811520541958,13.872887786357397,22.773251633986927,7.025,36.230000000000004,30.156830065359483,10.84,45.75,15.389673202614379,1.44,26.71,37.66081699346405,8.29,83.4,22.88160130718954,4.7,32.47,2.490849673202614,1.03,5.92,287.8,0.9405228758169935,0.0,44.11,172.68,0.5643137254901961,0.0,26.465999999999998,13.266148392012184,3.7374078252306973,19.414352927576434,0.14657905541786317,40,20,65,15,1569.5492238408929,5.129245829545401,0.9598427488352274,12.485599007721659,109.329699095912,0.35728659835265364,0.0,7.4018293100153585,1460.219524744981,4.771959231192748,0.0,12.485599007721659,1093.29699095912,14602.19524744981,15695.49223840893,1396.8692238408928,0.06965675076336114,0.930343249236639,18.5,2.0,2.0,37.0,12900.0,477300.0,59.09713464643892,789.3078512135032,848.4049858599421
Sonora,Magdalena,36,Magdalena,140,Granada,2017,2018,30.771988,-111.139421,770.0,2019.6026644343121,6.600008707301674,1.3226225955470736,12.126075677499745,23.55753267973856,6.615,36.35,31.10205882352941,11.38,45.58,16.01300653594771,-2.1,27.82,34.86062091503268,5.41,82.84,22.997418300653596,5.65,33.35,2.4009150326797384,0.75,5.43,280.49,0.9166339869281046,0.0,25.48,168.294,0.5499803921568628,0.0,15.288,13.175606269921927,4.099651661519378,19.176264133697124,0.1388837541856605,41,20,72,7,1605.3402879904759,5.246210091472143,0.8597046871055979,10.913468109749772,122.21474175499165,0.39939458089866553,0.0,5.8139152351341625,1483.1255462354843,4.846815510573478,0.0,10.913468109749772,1222.1474175499166,14831.255462354842,16053.40287990476,1437.0462879904758,0.07613011563297707,0.923869884367023,18.6,2.0,2.0,37.2,14288.06,531515.83,65.70685040590949,797.379325933056,863.0861763389654
Sonora,Magdalena,36,Magdalena,140,Granada,2018,2019,30.771988,-111.139421,770.0,1896.7915835655983,6.1986653057699295,1.385463310415232,12.01281680520899,22.319183006535948,3.36,34.305,29.498823529411762,8.68,43.4,15.139542483660133,-1.96,27.36,40.90460784313725,7.98,86.47,22.479771241830065,5.1,32.84,2.398921568627451,0.63,7.05,357.03,1.166764705882353,0.0,30.87,214.21799999999996,0.7000588235294116,0.0,18.522,13.129737791780839,3.947219498837514,19.548427849546925,0.1882283763242207,60,23,71,19,1538.1664712649144,5.026687814591224,0.9005511517699009,10.811535124688092,138.753464765524,0.45344269531216996,0.0,6.0360000000000005,1399.4130064993901,4.573245119279052,0.0,10.811535124688092,1387.53464765524,13994.1300649939,15381.66471264914,1323.9484712649146,0.09020705324009552,0.9097929467599043,19.0,2.0,2.0,38.0,13756.69,522754.22,73.0281393502758,736.5331613154684,809.5613006657442
Sonora,Magdalena,36,Magdalena,140,Granada,2019,2020,30.771988,-111.139421,770.0,1857.8949293020426,6.071552056542623,1.051501867368186,12.257303250252852,21.930866013071896,3.88,34.125,29.11718954248366,8.52,42.4,14.74454248366013,-2.56,27.02,42.63098039215687,12.4,89.11,22.373823529411766,3.7,32.54,2.5142810457516336,0.69,7.03,411.30999999999995,1.3441503267973856,0.0,43.15,246.786,0.8064901960784314,0.0,25.889999999999997,13.213724163705423,3.4782690760371233,19.45703949341914,0.22138496290235166,57,22,66,24,1503.7219925996296,4.914124158822319,0.6834762137893209,11.031572925227566,115.04485465479416,0.3759635773032489,0.0,5.256523920998329,1388.6771379448355,4.538160581519071,0.0,11.031572925227566,1150.4485465479415,13886.771379448355,15037.219925996296,1256.9359925996296,0.07650673144435761,0.9234932685556424,19.2,2.0,2.0,38.4,14078.13,540600.19,59.91919513270529,723.2693426796019,783.1885378123072
Sonora,Magdalena,36,Magdalena,140,Granada,2020,2021,30.771988,-111.139421,770.0,2068.4096675144947,6.75950871736763,1.8174425934442668,12.010563316881454,23.30158496732026,7.535,34.605,31.06794117647059,13.74,43.23,15.535228758169934,0.35,26.93,33.171209150326796,7.46,80.0,22.942418300653596,6.62,33.75,2.57281045751634,1.21,7.26,184.79,0.6038888888888888,0.0,17.74,147.832,0.4831111111111111,0.0,14.192,13.082071752902007,4.376313941151083,19.902498805576627,0.08933916859035616,37,12,122,27,1665.0466465588868,5.4413289103231595,0.8178491670499201,10.809506985193309,100.53716470628203,0.328552825837523,0.0,5.728000000000001,1564.5094818526047,5.1127760844856365,0.0,10.809506985193309,1005.3716470628203,15645.094818526048,16650.466465588866,1517.2146465588867,0.060380989874403726,0.9396190101255962,18.75,2.0,2.0,37.5,14196.67,532375.13,53.61982117668375,834.4050569880559,888.0248781647397
Sonora,Magdalena,36,Magdalena,140,Granada,2021,2022,30.771988,-111.139421,770.0,1913.5831180379041,6.25353960143106,1.139467984813722,11.29397491787945,22.586143790849672,7.9350000000000005,34.275,29.963006535947713,11.43,43.71,15.209281045751636,-1.89,25.17,38.8174183006536,5.53,88.41,22.318071895424836,2.53,32.77,2.4386601307189544,0.76,5.57,323.56,1.0573856209150327,0.0,26.9,194.13599999999997,0.6344313725490195,0.0,16.139999999999997,12.973687199809099,3.094463221252784,18.82321303326149,0.1690859398528572,61,16,67,18,1533.0827144561276,5.010074230248783,0.7406541901289193,10.164577426091505,144.25372238636152,0.4714173934194821,0.0,5.8931982673630285,1388.8289920697662,4.538656836829301,0.0,10.164577426091505,1442.537223863615,13888.289920697662,15330.827144561277,1338.9467144561277,0.09409389397331806,0.905906106026682,19.5,2.0,2.0,39.0,14250.0,555750.0,73.9762678904418,712.2199959332135,786.1962638236553
Sonora,Magdalena,36,Magdalena,140,Granada,2022,2023,30.771988,-111.139421,770.0,1884.2575562104962,6.157704432060445,1.2482932594026455,11.560988998012386,22.020408496732028,5.615,32.504999999999995,29.343562091503266,10.59,41.24,14.697254901960786,-1.62,26.59,40.25535947712418,3.52,85.16,22.306078431372548,2.76,32.61,2.441013071895425,0.95,5.01,365.67999999999995,1.195032679738562,0.0,43.12,219.40800000000002,0.7170196078431373,0.0,25.871999999999996,12.937918585566827,3.2115052921242864,18.909793085232252,0.19407113363813874,76,22,66,25,1514.7099372241619,4.950032474588764,0.8113906186117196,10.404890098211148,162.76178974968258,0.5319012736917731,0.0,5.484,1351.9481474744791,4.41813120089699,0.0,10.404890098211148,1627.6178974968257,13519.48147474479,15147.099372241617,1295.301937224162,0.1074540978109365,0.8925459021890634,18.0,2.0,2.0,36.0,15500.0,558000.0,90.42321652760143,751.0823041524884,841.5055206800898
Sonora,Magdalena,36,Magdalena,140,Granada,2023,2024,30.771988,-111.139421,770.0,2073.5016687216894,6.776149244188527,1.4518469482665195,11.629504018763768,23.266307189542484,5.16,36.55,31.05271241830065,12.22,44.0,15.479901960784314,-1.9,29.1,32.90875816993464,6.02,76.06,23.062647058823526,5.21,32.09,2.554248366013072,1.23,6.55,177.15999999999997,0.578954248366013,0.0,30.29,141.72799999999998,0.46316339869281037,0.0,24.232,13.160844589234978,3.9121556817803773,19.503313381291036,0.08544000840337825,38,7,107,19,1672.1739535495049,5.464620763233676,0.9437005163732377,10.466553616887392,97.6102008444202,0.3189875844588896,0.0,6.631387014908477,1574.5637527050844,5.145633178774785,0.0,10.466553616887392,976.102008444202,15745.637527050843,16721.739535495046,1530.4459535495048,0.05837323362035638,0.9416267663796435,17.5,2.0,2.0,35.0,15900.0,556500.0,55.77725762538297,899.7507158314768,955.5279734568597
Sonora,Magdalena,36,Magdalena,140,Manzana,2010,2011,30.771988,-111.139421,770.0,1510.1128724601576,7.123173926698857,1.727294139287712,11.391122087328073,23.397759433962264,6.925,34.08,31.133066037735848,13.1,41.72,15.662452830188679,-0.32,26.44,39.17231132075471,9.92,87.62,26.14627358490566,9.82,33.08,2.627735849056604,1.1,6.18,329.73,1.5553301886792454,0.0,21.76,197.838,0.9331981132075471,0.0,13.056000000000001,15.785908043387243,6.934929827339267,19.407488212049127,0.2183479169095683,49,26,74,14,1342.5366052483982,6.3327198360773505,0.7772823626794704,10.821565982961669,147.3294055039781,0.6949500259621609,0.0,6.940976037737984,1195.20719974442,5.637769810115189,0.0,10.79156598296167,1473.2940550397811,11952.0719974442,13425.366052483982,1144.6986052483983,0.10973958172017141,0.8902604182798285,8.02,15.0,15.0,120.24,9000.0,1082160.0,183.70250062840165,1490.2832914518954,1673.985792080297
Sonora,Magdalena,36,Magdalena,140,Manzana,2011,2012,30.771988,-111.139421,770.0,1631.8087820674054,7.697211236167007,2.5426557937820533,12.375148865383265,24.789363207547172,8.379999999999999,34.885,32.80028301886792,13.02,44.09,16.778443396226415,1.4,26.62,31.9652358490566,8.37,71.08,26.37816037735849,12.04,33.0,2.6188207547169813,0.97,5.77,218.94000000000003,1.0327358490566039,0.0,16.85,175.15199999999996,0.8261886792452828,0.0,13.480000000000002,15.603042468290969,8.466897236552807,19.133657681817176,0.13417013219074356,54,11,78,4,1433.388303982627,6.761265584823712,2.1776877856322447,11.7563914221141,150.66865248647247,0.7107011909739267,0.0,5.973434659849611,1282.7196514961543,6.050564393849784,0.0,11.66274666974823,1506.6865248647246,12827.196514961543,14333.883039826267,1258.2363039826269,0.10511363324776969,0.8948863667522302,8.0,15.0,15.0,120.0,10000.0,1200000.0,188.33581560809057,1603.3995643701928,1791.7353799782834
Sonora,Magdalena,36,Magdalena,140,Manzana,2012,2013,30.771988,-111.139421,770.0,1542.6415510086972,7.276611089663666,1.8189475077975426,12.267471605055428,24.128962264150942,5.4,32.18,31.74933962264151,8.38,41.08,16.508584905660378,-1.3,25.33,36.54033018867925,6.97,82.42,25.778537735849056,9.88,33.04,2.5251415094339626,0.91,6.2,334.94,1.5799056603773585,0.0,17.95,200.96400000000003,0.9479433962264152,0.0,10.77,15.405223569058276,7.087577188094066,18.879587347474814,0.21712108025418514,62,23,69,13,1367.560406103767,6.450756632564939,0.8185263785088942,11.654098024802657,151.59380645224596,0.715065124774745,0.0,6.990889401908939,1215.966599651521,5.735691507790193,0.0,11.654098024802657,1515.9380645224596,12159.66599651521,13675.60406103767,1166.596406103767,0.11084980654283684,0.8891501934571631,7.5,15.0,15.0,112.5,12000.0,1350000.0,202.1250752696613,1621.2887995353615,1823.4138748050227
Sonora,Magdalena,36,Magdalena,140,Manzana,2013,2014,30.771988,-111.139421,770.0,1585.3525586639978,7.47807810690565,3.0469128961126564,11.751963239587631,24.621745283018864,8.905,33.765,32.41617924528302,13.79,44.23,16.827311320754717,2.16,26.18,34.90514150943396,8.26,77.44,25.92415094339622,12.31,32.5,2.5795283018867927,1.01,6.39,254.87000000000003,1.2022169811320755,0.0,25.35,152.922,0.7213301886792453,0.0,15.21,15.455803497418653,9.03514561388736,19.094533555224242,0.16076550203746673,44,15,68,6,1401.8602440024072,6.612548320766072,1.3711108032506953,11.164365077608249,122.5528791086536,0.5780796184370453,0.0,6.7860000000000005,1279.3073648937534,6.0344687023290255,0.0,11.164365077608249,1225.5287910865359,12793.073648937534,14018.60244002407,1248.9382440024071,0.08742160970251693,0.9125783902974829,7.56,15.0,15.0,113.4,12500.0,1417500.0,162.1069829479545,1692.2055091187215,1854.312492066676
Sonora,Magdalena,36,Magdalena,140,Manzana,2014,2015,30.771988,-111.139421,770.0,1525.0380032490361,7.193575487023756,1.3574343412837453,12.198471959465113,24.241674528301886,12.835,32.43,31.489481132075476,16.07,41.45,16.9938679245283,3.98,24.55,38.70858490566037,6.31,89.03,25.647924528301886,3.77,32.67,2.493349056603773,0.67,6.17,491.63000000000005,2.319009433962264,0.0,90.25,294.97799999999995,1.3914056603773584,0.0,54.15,15.401480909508441,3.9065977821578364,18.95192354471072,0.3223722942986344,57,29,59,1,1354.7022535143387,6.3901049694072585,0.6108454535776854,11.588548361491856,158.52294493638473,0.7477497402659657,0.0,6.226279672235073,1196.179308577954,5.642355229141293,0.0,11.588548361491856,1585.2294493638474,11961.79308577954,13547.022535143387,1059.7242535143387,0.11701681644446077,0.8829831835555393,7.5,7.0,7.0,52.5,12750.0,669375.0,211.36392658184633,1594.9057447706052,1806.2696713524515
Sonora,Magdalena,36,Magdalena,140,Manzana,2015,2016,30.771988,-111.139421,770.0,1438.1061405247515,6.78351953077713,1.8798235383472122,12.042320103587231,24.144481132075473,10.254999999999999,33.925,31.13551886792453,15.08,42.75,17.153443396226415,3.69,25.83,42.91650943396226,13.02,86.97,24.914009433962267,8.41,32.31,2.518254716981132,1.03,5.35,288.15000000000003,1.3591981132075472,0.0,45.58,172.89,0.8155188679245282,0.0,27.348,15.353690608757296,6.183383281434911,19.806060256728365,0.20036768627860582,52,16,51,1,1277.893247096112,6.0277983353590185,0.8459205922562455,11.44020409840787,115.29926515186916,0.5438644582635338,0.0,5.772326002919382,1162.5939819442428,5.4839338770954855,0.0,11.44020409840787,1152.9926515186917,11625.939819442428,12778.932470961121,1105.0032470961119,0.09022605402593332,0.9097739459740667,0.0,7.0,0.0,0.0,0.0,0.0,,,
Sonora,Magdalena,36,Magdalena,140,Membrillo,2010,2011,30.771988,-111.139421,770.0,1510.1128724601576,7.123173926698857,1.727294139287712,11.391122087328073,23.397759433962264,6.925,34.08,31.133066037735848,13.1,41.72,15.662452830188679,-0.32,26.44,39.17231132075471,9.92,87.62,26.14627358490566,9.82,33.08,2.627735849056604,1.1,6.18,329.73,1.5553301886792454,0.0,21.76,197.838,0.9331981132075471,0.0,13.056000000000001,15.785908043387243,6.934929827339267,19.407488212049127,0.2183479169095683,49,26,74,14,1255.5134525322753,5.922233266661676,0.7772823626794704,10.252009878595265,139.29978487450614,0.6570744569552177,0.0,6.288,1116.2136676577693,5.265158809706459,0.0,10.222009878595266,1392.9978487450614,11162.136676577693,12555.134525322754,1057.6754525322754,0.11095045185979413,0.889049548140206,18.5,38.0,38.0,703.0,11000.0,7733000.0,75.29718101324656,603.3587392744699,678.6559202877165
Sonora,Magdalena,36,Magdalena,140,Membrillo,2011,2012,30.771988,-111.139421,770.0,1631.8087820674054,7.697211236167007,2.5426557937820533,12.375148865383265,24.789363207547172,8.379999999999999,34.885,32.80028301886792,13.02,44.09,16.778443396226415,1.4,26.62,31.9652358490566,8.37,71.08,26.37816037735849,12.04,33.0,2.6188207547169813,0.97,5.77,218.94000000000003,1.0327358490566039,0.0,16.85,175.15199999999996,0.8261886792452828,0.0,13.480000000000002,15.603042468290969,8.466897236552807,19.133657681817176,0.13417013219074356,54,11,78,4,1340.452376747815,6.322888569565165,2.1776877856322447,11.137633978844939,148.1155750398194,0.6986583728293367,0.0,5.659043361962789,1192.3368017079956,5.624230196735828,0.0,11.048917897656219,1481.155750398194,11923.368017079956,13404.52376747815,1165.3003767478149,0.11049670813309694,0.8895032918669031,18.2,38.0,38.0,691.6,12900.0,8921640.0,81.38218408781286,655.1301108285691,736.512294916382
Sonora,Magdalena,36,Magdalena,140,Membrillo,2012,2013,30.771988,-111.139421,770.0,1542.6415510086972,7.276611089663666,1.8189475077975426,12.267471605055428,24.128962264150942,5.4,32.18,31.74933962264151,8.38,41.08,16.508584905660378,-1.3,25.33,36.54033018867925,6.97,82.42,25.778537735849056,9.88,33.04,2.5251415094339626,0.91,6.2,334.94,1.5799056603773585,0.0,17.95,200.96400000000003,0.9479433962264152,0.0,10.77,15.405223569058276,7.087577188094066,18.879587347474814,0.21712108025418514,62,23,69,13,1281.3746310157708,6.04421995762156,0.8185263785088942,11.040724444549886,147.21766038951083,0.6944229263656171,0.0,6.6229478544400475,1134.1569706262603,5.349797031255945,0.0,11.040724444549886,1472.1766038951082,11341.569706262602,12813.74631015771,1080.4106310157708,0.11489041286294899,0.8851095871370513,17.45,38.0,38.0,663.1,14000.0,9283400.0,84.36542142665377,649.9466880379715,734.3121094646253
Sonora,Magdalena,36,Magdalena,140,Membrillo,2013,2014,30.771988,-111.139421,770.0,1585.3525586639978,7.47807810690565,3.0469128961126564,11.751963239587631,24.621745283018864,8.905,33.765,32.41617924528302,13.79,44.23,16.827311320754717,2.16,26.18,34.90514150943396,8.26,77.44,25.92415094339622,12.31,32.5,2.5795283018867927,1.01,6.39,254.87000000000003,1.2022169811320755,0.0,25.35,152.922,0.7213301886792453,0.0,15.21,15.455803497418653,9.03514561388736,19.094533555224242,0.16076550203746673,44,15,68,6,1312.8700845893238,6.192783417874169,1.3711108032506953,10.576766915628868,118.64520611498088,0.5596471986555702,0.0,6.7860000000000005,1194.2248784743429,5.633136219218598,0.0,10.576766915628868,1186.4520611498087,11942.248784743428,13128.700845893236,1159.9480845893238,0.09037086571448083,0.9096291342855191,12.5,38.0,38.0,475.0,10000.0,4750000.0,94.91616489198469,955.3799027794743,1050.296067671459
Sonora,Magdalena,36,Magdalena,140,Membrillo,2014,2015,30.771988,-111.139421,770.0,1525.0380032490361,7.193575487023756,1.3574343412837453,12.198471959465113,24.241674528301886,12.835,32.43,31.489481132075476,16.07,41.45,16.9938679245283,3.98,24.55,38.70858490566037,6.31,89.03,25.647924528301886,3.77,32.67,2.493349056603773,0.67,6.17,491.63000000000005,2.319009433962264,0.0,90.25,294.97799999999995,1.3914056603773584,0.0,54.15,15.401480909508441,3.9065977821578364,18.95192354471072,0.3223722942986344,57,29,59,1,1270.5625502844398,5.993219576813395,0.6108454535776854,10.978624763518603,151.74042358545125,0.7157567150257135,0.0,6.001681147304019,1118.8221266989885,5.277462861787682,0.0,10.978624763518603,1517.4042358545125,11188.221266989885,12705.625502844397,975.5845502844398,0.11942774761579526,0.8805722523842048,13.0,15.0,15.0,195.0,14800.0,2886000.0,116.72340275803943,860.6324051530681,977.3558079111076
Sonora,Magdalena,36,Magdalena,140,Membrillo,2015,2016,30.771988,-111.139421,770.0,1438.1061405247515,6.78351953077713,1.8798235383472122,12.042320103587231,24.144481132075473,10.254999999999999,33.925,31.13551886792453,15.08,42.75,17.153443396226415,3.69,25.83,42.91650943396226,13.02,86.97,24.914009433962267,8.41,32.31,2.518254716981132,1.03,5.35,288.15000000000003,1.3591981132075472,0.0,45.58,172.89,0.8155188679245282,0.0,27.348,15.353690608757296,6.183383281434911,19.806060256728365,0.20036768627860582,52,16,51,1,1195.2621116951514,5.638028828750714,0.8459205922562455,10.838088093228508,113.68262049732014,0.5362387759307554,0.0,5.468519371186783,1081.579491197831,5.101790052819958,0.0,10.838088093228508,1136.8262049732014,10815.79491197831,11952.621116951512,1022.3721116951514,0.09511103831116385,0.9048889616888359,13.49,15.0,15.0,202.35,12550.0,2539492.5,84.27177205138631,801.7638926596227,886.035664711009
Sonora,Magdalena,36,Magdalena,140,Membrillo,2016,2017,30.771988,-111.139421,770.0,1557.7012211695383,7.347647269667633,2.7089763594616207,13.872887786357397,24.470825471698117,9.04,36.230000000000004,32.0845283018868,13.0,45.75,16.857122641509438,3.85,26.71,35.93127358490567,8.29,83.4,26.12594339622642,8.56,32.47,2.5207547169811324,1.03,5.41,248.21,1.1708018867924528,0.0,44.11,198.568,0.9366415094339623,0.0,35.288000000000004,15.66631382756588,6.53566694957891,19.414352927576434,0.15934377955590312,34,17,65,2,1287.0905668187345,6.071181918956294,1.2190393617577293,12.485599007721659,110.92753145715866,0.5232430729111258,0.0,7.4018293100153585,1176.1630353615756,5.5479388460451675,0.0,12.485599007721659,1109.2753145715867,11761.630353615756,12870.905668187343,1088.5225668187345,0.08618471327261384,0.913815286727386,14.5,8.0,8.0,116.0,11800.0,1368800.0,76.50174583252323,811.1469209390176,887.6486667715408
Sonora,Magdalena,36,Magdalena,140,Membrillo,2017,2018,30.771988,-111.139421,770.0,1567.2381171516436,7.39263262807379,3.551053184576525,12.126075677499745,24.873466981132072,12.280000000000001,36.35,32.56599056603773,16.69,45.58,17.180943396226414,4.36,27.82,36.389575471698116,5.41,82.84,26.156556603773584,12.25,33.35,2.4631132075471696,0.75,5.43,263.37,1.242311320754717,0.0,25.48,158.022,0.7453867924528301,0.0,15.288,15.62190383149128,8.418943852477135,19.176264133697124,0.1680472144709308,38,19,66,1,1290.4441175794698,6.087000554620141,1.9025541448298349,10.913468109749772,117.05093340637889,0.5521270443697117,0.0,5.8139152351341625,1173.393184173091,5.534873510250429,0.0,10.913468109749772,1170.5093340637889,11733.93184173091,12904.441175794698,1132.4221175794698,0.09070592969646399,0.909294070303536,15.0,5.0,5.0,75.0,13563.0,1017225.0,78.0339556042526,782.2621227820606,860.2960783863132
Sonora,Magdalena,36,Magdalena,140,Membrillo,2018,2019,30.771988,-111.139421,770.0,1562.911901233737,7.37222594921574,2.07684529240642,12.01281680520899,25.055849056603773,10.76,34.305,32.502547169811315,18.69,43.4,17.609150943396227,-0.16,27.36,36.61622641509434,7.98,86.47,25.69495283018868,7.26,32.84,2.4316981132075473,0.63,5.04,265.75,1.2535377358490567,0.0,30.87,159.44999999999996,0.7521226415094338,0.0,18.522,15.438951100516206,6.244911587941367,19.548427849546925,0.17003517587281877,43,16,71,4,1301.9887701580456,6.141456463009649,1.3499494400641732,10.811535124688092,109.00517306790486,0.5141753446599286,0.0,6.0360000000000005,1192.9835970901406,5.62728111834972,0.0,10.811535124688092,1090.0517306790487,11929.835970901406,13019.887701580454,1142.5387701580455,0.08372205318996181,0.9162779468100382,15.5,5.0,5.0,77.5,13879.41,1075654.28,70.32591810832572,769.6668368323487,839.9927549406744
Sonora,Magdalena,36,Magdalena,140,Membrillo,2019,2020,30.771988,-111.139421,770.0,1503.5599063342124,7.092263709123643,2.202373603124072,12.257303250252852,24.129905660377364,8.77,34.125,31.521556603773583,13.04,42.4,16.73825471698113,0.57,27.02,39.564528301886796,12.4,81.71,25.529292452830195,7.47,32.54,2.557122641509434,0.69,4.68,264.03,1.2454245283018868,0.0,43.15,158.41799999999998,0.747254716981132,0.0,25.889999999999997,15.54631352377463,5.822201400201807,19.45703949341914,0.17560324592834095,44,14,66,7,1251.7349493033912,5.904410138223543,0.9910681214058324,11.031572925227566,96.6495649300825,0.45589417419850237,0.0,5.063999999999999,1155.085384373309,5.448515964025042,0.0,11.031572925227566,966.4956493008251,11550.85384373309,12517.349493033915,1093.3169493033913,0.07721248414759802,0.9227875158524022,15.6,5.0,5.0,78.0,13198.07,1029449.46,61.95484931415546,740.4393489572494,802.3941982714049
Sonora,Magdalena,36,Magdalena,140,Membrillo,2022,2023,30.771988,-111.139421,770.0,1551.279946966309,7.317358240407118,2.647155208261857,11.560988998012386,24.794787735849056,9.530000000000001,32.504999999999995,32.41278301886793,17.96,41.24,17.17679245283019,-0.22,26.59,36.237405660377355,3.52,85.16,25.41561320754717,9.03,32.61,2.517735849056604,0.95,5.01,302.04,1.4247169811320757,0.0,43.12,181.22399999999996,0.8548301886792451,0.0,25.871999999999996,15.187791739166414,6.925841818822163,18.909793085232252,0.1947037351902028,63,19,66,9,1287.3751073428202,6.0725240912397185,1.720650885370207,10.404890098211148,140.3013790867474,0.6617989579563557,0.0,5.484,1147.073728256073,5.410725133283363,0.0,10.404890098211148,1403.013790867474,11470.73728256073,12873.751073428204,1106.1511073428203,0.10898251666239962,0.8910174833376006,16.07,5.0,5.0,80.35,14600.0,1173110.0,87.30639644477125,713.7982129782657,801.104609423037
Sonora,Magdalena,36,Magdalena,140,Membrillo,2023,2024,30.771988,-111.139421,770.0,1639.024126082717,7.731245877748665,2.6899200647310555,11.629504018763768,25.108372641509437,5.16,36.55,33.12240566037735,12.22,44.0,17.094339622641513,-1.9,29.1,31.46787735849057,6.02,70.79,26.126037735849053,8.89,32.09,2.6376886792452834,1.23,6.55,129.48000000000002,0.6107547169811322,0.0,14.82,103.584,0.4886037735849057,0.0,11.856000000000002,15.521471023135977,6.998594841390213,19.503313381291036,0.07899822701784044,35,5,97,13,1361.9662377713528,6.424369046091287,1.210464029128975,10.466553616887392,88.07801708077193,0.4154623447206223,0.0,6.631387014908477,1273.888220690581,6.008906701370665,0.0,10.466553616887392,880.7801708077193,12738.88220690581,13619.662377713528,1258.3822377713527,0.06466975071635989,0.9353302492836402,16.39,5.0,5.0,81.95,15330.0,1256293.5,53.73887558314333,777.2350339783899,830.9739095615332
Sonora,Magdalena,36,Magdalena,140,Nuez,2010,2011,30.771988,-111.139421,770.0,1497.4371343767184,7.096858456761699,2.322704541772818,11.391122087328073,24.61924170616114,9.15,34.08,32.18725118483412,13.46,41.72,17.05123222748815,3.84,26.44,39.85161137440758,9.92,87.62,25.508672985781992,10.02,33.08,2.501469194312796,1.1,6.18,322.65,1.5291469194312794,0.0,21.76,193.59000000000003,0.917488151658768,0.0,13.056000000000001,15.442396755734901,7.354797089840991,19.407488212049127,0.21546814393266486,51,25,77,3,1451.423926929601,6.878786383552612,1.5097579521523319,12.53023429606088,153.53806121477695,0.727668536562924,0.0,7.35,1297.8858657148241,6.151117846989688,0.0,12.500234296060881,1535.3806121477694,12978.858657148241,14514.239269296011,1257.8339269296011,0.10578443579855912,0.8942155642014409,2.0,22.0,22.0,44.0,40000.0,1760000.0,767.6903060738847,6489.4293285741205,7257.119634648006
Sonora,Magdalena,36,Magdalena,140,Nuez,2011,2012,30.771988,-111.139421,770.0,1604.8559146897085,7.605952202320894,2.5426557937820533,12.375148865383265,25.55924170616114,8.379999999999999,34.885,33.443649289099525,13.02,44.09,17.67483412322275,1.4,26.62,33.41308056872038,8.37,71.08,25.84990521327014,12.04,33.0,2.546635071090047,0.97,5.5,222.31,1.0536018957345972,0.0,16.85,177.848,0.8428815165876777,0.0,13.480000000000002,15.327672014827362,8.466897236552807,19.133657681817176,0.13852333905189404,55,11,79,2,1542.851463562232,7.312092244370768,1.2713278968910267,13.612663751921593,154.87704137426067,0.7340144140960221,0.0,6.437885111413956,1387.9744221879712,6.578077830274745,0.0,13.504232986024268,1548.7704137426067,13879.744221879711,15428.514635622318,1365.0034635622321,0.10038363707201654,0.8996163629279833,1.4,22.0,22.0,30.8,38000.0,1170400.0,1106.2645812447192,9914.103015628365,11020.367596873084
Sonora,Magdalena,36,Magdalena,140,Nuez,2012,2013,30.771988,-111.139421,770.0,1517.6714428204746,7.1927556531776045,3.1433981085509424,12.267471605055428,25.184123222748816,11.38,32.18,32.623554502369664,16.64,41.08,17.74469194312796,2.85,25.33,38.28805687203792,6.97,82.42,25.30502369668247,9.88,33.04,2.3737440758293835,0.91,5.94,325.61,1.543175355450237,0.0,17.95,195.36599999999999,0.9259052132701421,0.0,10.77,15.160562849436833,7.087577188094066,18.879587347474814,0.21454577770461247,60,21,70,3,1461.3784723125495,6.925964323756159,2.043208770558113,13.494218765560973,162.1945127975752,0.7686943734482237,0.0,7.265999999999999,1299.183959514974,6.157269950307934,0.0,13.494218765560973,1621.9451279757518,12991.83959514974,14613.784723125493,1266.0124723125496,0.11098734234185854,0.8890126576581412,1.45,22.0,22.0,31.9,40000.0,1276000.0,1118.5828468798288,8959.889375965338,10078.472222845166
Sonora,Magdalena,36,Magdalena,140,Nuez,2013,2014,30.771988,-111.139421,770.0,1570.0825952903774,7.441149740712689,3.29118249460623,11.751963239587631,25.166919431279624,10.995000000000001,33.765,32.89175355450237,16.6,44.23,17.442085308056875,3.66,26.18,35.35744075829384,8.26,77.44,25.58137440758294,12.31,32.5,2.53,1.01,6.39,250.13,1.1854502369668247,0.0,25.35,150.078,0.7112701421800948,0.0,15.21,15.208516752307466,8.079631547431614,19.094533555224242,0.15931009027823784,43,15,68,1,1510.786803562732,7.160127031102996,2.0424294423286242,12.927159563546395,126.49740555811005,0.5995137704175831,0.0,7.130681537079651,1384.2893980046224,6.560613260685415,0.0,12.927159563546395,1264.9740555811004,13842.893980046225,15107.868035627325,1360.708803562732,0.08372948801234185,0.9162705119876584,1.55,22.0,22.0,34.1,62000.0,2114200.0,816.1122939232905,8930.899341965307,9747.011635888597
Sonora,Magdalena,36,Magdalena,140,Nuez,2014,2015,30.771988,-111.139421,770.0,1480.5455843465752,7.016803717282347,1.7857054684946156,12.198471959465113,24.92703791469194,12.835,32.43,32.00383886255925,19.77,41.45,17.850236966824646,3.98,24.55,42.1736018957346,6.31,89.03,25.117819905213274,5.05,32.67,2.365402843601896,0.67,6.17,489.41999999999996,2.319526066350711,0.0,90.25,293.652,1.3917156398104265,0.0,54.15,15.195642390734225,4.584505701906031,18.95192354471072,0.3305673294861778,58,31,59,1,1440.4974712992937,6.827002233645942,1.1607085545215001,13.418319155411625,172.81582631674792,0.8190323522120755,0.0,7.20937646258798,1267.6816449825455,6.007969881433866,0.0,13.418319155411625,1728.1582631674792,12676.816449825455,14404.974712992935,1146.8454712992936,0.11996954507727962,0.8800304549227203,1.5,22.0,22.0,33.0,50000.0,1650000.0,1152.1055087783195,8451.210966550303,9603.316475328622
Sonora,Magdalena,36,Magdalena,140,Nuez,2015,2016,30.771988,-111.139421,770.0,1418.3126126254322,6.721860723343281,2.3954289210470385,12.042320103587231,24.879597156398106,13.75,33.925,31.756492890995265,17.06,42.75,18.002701421800946,5.94,25.83,44.38146919431281,13.02,86.97,24.47009478672986,9.39,32.31,2.4819905213270137,1.03,5.13,289.3,1.371090047393365,0.0,45.58,173.58,0.822654028436019,0.0,27.348,15.128581527188992,6.687815520572003,19.806060256728365,0.20397477779209625,51,16,55,0,1366.5856361034798,6.476709175845876,1.557028798680575,13.246552113945956,124.01270940229264,0.5877379592525718,0.0,6.68374589811718,1242.5729267011873,5.888971216593305,0.0,13.246552113945956,1240.1270940229265,12425.729267011873,13665.8563610348,1193.00563610348,0.09074638729255766,0.9092536127074424,1.95,22.0,22.0,42.9,55200.0,2368080.0,635.9626123194495,6372.168854877884,7008.131467197333
Sonora,Magdalena,36,Magdalena,140,Nuez,2016,2017,30.771988,-111.139421,770.0,1536.8029394797177,7.283426253458377,2.812422140414755,13.872887786357397,25.506635071090045,13.905000000000001,36.230000000000004,32.95881516587677,18.62,45.75,18.054454976303322,6.5,26.71,37.24848341232227,8.29,83.4,25.57341232227488,8.56,32.47,2.437962085308057,1.03,5.41,245.17,1.1619431279620853,0.0,44.11,196.136,0.9295545023696682,0.0,35.288000000000004,15.38199046669056,6.53566694957891,19.414352927576434,0.15953249027686134,35,16,65,0,1482.6592111431814,7.026820905891856,1.9392492493906104,15.260176564993138,124.79754158991383,0.5914575430801603,0.0,9.04668026779655,1357.8616695532678,6.435363362811696,0.0,15.260176564993138,1247.9754158991384,13578.616695532677,14826.592111431815,1286.5232111431815,0.08417142702245826,0.9158285729775418,1.6,30.0,22.0,35.2,45166.67,1589866.78,779.9846349369615,8486.635434707923,9266.620069644885
Sonora,Magdalena,36,Magdalena,140,Nuez,2017,2018,30.771988,-111.139421,770.0,1576.4237033518202,7.47120238555365,3.551053184576525,12.126075677499745,25.774336492890995,12.280000000000001,36.35,33.45658767772512,16.69,45.58,18.09208530805687,5.88,27.82,35.63668246445498,5.41,82.84,25.712654028436024,12.25,33.35,2.4372511848341234,0.75,5.43,263.11,1.2469668246445498,0.0,25.48,157.866,0.74818009478673,0.0,15.288,15.279184767399888,8.69949083336683,19.176264133697124,0.16690309809511925,38,19,72,0,1498.800759525262,7.103321135190815,2.628495325051018,13.33868324524972,125.05723952796687,0.5926883389951036,0.0,7.10589639849731,1373.7435199972954,6.510632796195713,0.0,13.33868324524972,1250.5723952796686,13737.435199972953,14988.007595252622,1340.934759525262,0.08343820133076137,0.9165617986692388,1.8,22.0,22.0,39.6,61122.5,2420451.0,694.7624418220381,7631.9084444294185,8326.670886251457
Sonora,Magdalena,36,Magdalena,140,Nuez,2018,2019,30.771988,-111.139421,770.0,1525.2705100572748,7.228770189844904,2.07684529240642,12.01281680520899,25.634905213270144,14.629999999999999,34.305,32.83440758293839,20.49,43.4,18.435402843601896,6.79,27.36,39.910616113744084,7.98,86.47,25.15545023696682,7.26,32.84,2.417203791469195,0.63,5.04,333.59,1.580995260663507,0.0,30.87,200.15400000000002,0.9485971563981044,0.0,18.522,15.191821461820991,5.9252987229788925,19.548427849546925,0.2187087456293071,53,22,71,0,1473.1277525043529,6.981648116134374,1.3499494400641732,13.21409848572989,136.015928355049,0.6446252528675308,0.0,6.811925636915188,1337.1118241493043,6.337022863266845,0.0,13.21409848572989,1360.15928355049,13371.118241493043,14731.277525043533,1272.973752504353,0.09233138682223495,0.9076686131777654,1.64,22.0,22.0,36.13,51613.15,1864782.98,829.3654167990793,8153.120878959173,8982.486295758252
Sonora,Magdalena,36,Magdalena,140,Nuez,2019,2020,30.771988,-111.139421,770.0,1515.6726023812998,7.183282475740757,2.557871102434458,12.257303250252852,25.08452606635071,13.219999999999999,34.125,32.503080568720385,17.47,42.4,17.665971563981042,6.46,27.02,39.09085308056872,12.4,81.71,25.48696682464455,8.12,32.54,2.499241706161137,0.69,5.63,231.56999999999996,1.0974881516587676,0.0,43.15,185.25600000000003,0.8779905213270144,0.0,34.52,15.42438889225532,6.255027361904144,19.45703949341914,0.15278365501637772,41,13,66,0,1464.0030861180471,6.938403251744299,1.6626162165823977,13.483033575278139,123.57471716387442,0.5856621666534333,0.0,6.752,1340.4283689541726,6.352741085090865,0.0,13.483033575278139,1235.7471716387442,13404.283689541726,14640.03086118047,1278.747086118047,0.08440878187732878,0.9155912181226712,1.73,39.5,22.0,38.0,60000.0,2280000.0,714.3047234906036,7748.140861006778,8462.445584497382
Sonora,Magdalena,36,Magdalena,140,Nuez,2020,2021,30.771988,-111.139421,770.0,1657.6603581623121,7.856210228257403,2.7618513932203856,12.010563316881454,26.855758293838864,8.9,34.605,34.834691943127964,15.94,43.23,18.876824644549767,1.86,26.93,31.53530805687204,7.46,70.76,25.908767772511858,8.94,33.75,2.5249289099526067,1.21,5.29,129.08,0.6117535545023697,0.0,17.74,103.26399999999998,0.4894028436018956,0.0,14.192,15.336051325167421,6.940440730466645,19.902498805576627,0.07786878618675452,29,7,122,3,1597.730271249799,7.572181380330801,1.5566342294633801,13.2116196485696,91.13342241317089,0.431911954564791,0.0,6.855601250893929,1506.5968488366282,7.14026942576601,0.0,13.2116196485696,911.3342241317089,15065.968488366281,15977.30271249799,1494.466271249799,0.05703930385063258,0.9429606961493675,1.75,39.5,22.0,38.5,87025.97,3350499.85,520.762413789548,8609.124850495018,9129.887264284565
Sonora,Magdalena,36,Magdalena,140,Nuez,2021,2022,30.771988,-111.139421,770.0,1504.1879999734551,7.128853080442916,2.5997330998677755,11.29397491787945,25.47841232227488,14.190000000000001,34.275,32.855497630331755,19.55,43.71,18.10132701421801,5.9,25.17,39.23009478672986,5.53,83.41,24.888815165876782,9.88,32.77,2.3939336492890995,0.76,5.1,284.68,1.3491943127962085,0.0,26.9,170.808,0.809516587677725,0.0,16.139999999999997,15.017324868989911,7.628081240531771,18.82321303326149,0.1892582576147555,53,15,67,0,1432.9762249485734,6.79135651634395,2.561360471406696,12.423372409667396,141.3548111267668,0.6699280148188,0.0,7.109999999999999,1291.621413821807,6.121428501525152,0.0,12.423372409667396,1413.548111267668,12916.21413821807,14329.762249485739,1262.1682249485734,0.09864421242009073,0.9013557875799095,1.73,39.5,22.0,38.06,93236.84,3548594.13,817.0798331026982,7466.019733074029,8283.099566176728
Sonora,Magdalena,36,Magdalena,140,Nuez,2022,2023,30.771988,-111.139421,770.0,1495.0968888668126,7.085767245814278,2.639294368605635,11.560988998012386,25.511374407582938,14.419999999999998,32.504999999999995,32.76985781990521,20.98,41.24,18.252890995260664,4.35,26.59,40.65867298578199,3.52,85.16,24.557867298578195,9.03,32.61,2.4368720379146924,0.95,5.01,329.43,1.5612796208530806,0.0,43.12,197.65799999999996,0.9367677725118482,0.0,25.871999999999996,14.871501362099266,6.508976396635086,18.909793085232252,0.22034023510656006,70,20,66,1,1435.6095604884188,6.803836779565966,1.7155413395936627,12.717087897813625,157.72897582400714,0.7475306911090386,0.0,5.982,1277.8805846644116,6.056306088456927,0.0,12.717087897813625,1577.2897582400715,12778.805846644116,14356.095604884187,1237.9515604884189,0.10986899235356518,0.8901310076464348,1.73,39.5,22.0,38.0,83550.0,3174900.0,911.7281839537985,7386.592974938795,8298.321158892593
Sonora,Magdalena,36,Magdalena,140,Nuez,2023,2024,30.771988,-111.139421,770.0,1672.9331318514223,7.928593041949869,3.2223679201724496,11.629504018763768,26.648127962085308,9.42,36.55,34.665924170616115,16.64,44.0,18.630331753554504,1.55,29.1,29.92421800947867,6.02,70.64,25.894739336492894,8.89,32.09,2.5735071090047392,1.23,6.55,129.62,0.6143127962085309,0.0,14.82,103.696,0.49145023696682466,0.0,11.856000000000002,15.281277173212656,6.998594841390213,19.503313381291036,0.07748068200224509,32,5,107,2,1605.2730382293107,7.607929091134174,2.094539148112092,12.792454420640146,88.96188269676074,0.42162029714104615,0.0,8.105028573777028,1516.31115553255,7.186308793993128,0.0,12.792454420640146,889.6188269676074,15163.1115553255,16052.730382293108,1501.5770382293108,0.05541853664650703,0.9445814633534929,1.5,39.5,22.0,33.0,73833.33,2436499.89,593.0792179784049,10108.741036883666,10701.820254862072
Sonora,Magdalena,36,Magdalena,140,Persimonio,2010,2011,30.771988,-111.139421,770.0,1652.377251911116,6.82800517318643,1.727294139287712,11.391122087328073,23.197438016528928,6.925,34.08,30.83561983471074,13.1,41.72,15.559256198347107,-0.32,26.44,40.378388429752064,9.92,87.62,25.230785123966943,9.82,33.08,2.564380165289256,1.1,6.18,344.03999999999996,1.4216528925619834,0.0,21.76,206.424,0.8529917355371901,0.0,13.056000000000001,15.146727357297419,6.934929827339267,19.407488212049127,0.20820911181274626,54,27,77,14,1343.6253812950158,5.552170997086842,0.6909176557150848,10.252009878595265,147.65919510470664,0.6101619632425894,0.0,6.288,1195.9661861903091,4.942009033844252,0.0,10.222009878595266,1476.5919510470665,11959.661861903092,13436.253812950159,1137.2013812950158,0.1098961043459818,0.8901038956540182,10.0,2.0,2.0,20.0,12000.0,240000.0,147.65919510470664,1195.9661861903091,1343.6253812950158
Sonora,Magdalena,36,Magdalena,140,Persimonio,2011,2012,30.771988,-111.139421,770.0,1800.824143511043,7.441422080624145,2.5426557937820533,12.375148865383265,24.553863636363637,8.379999999999999,34.885,32.55632231404959,13.02,44.09,16.551404958677683,1.4,26.62,32.26169421487603,8.37,71.08,25.601735537190088,12.04,33.0,2.568801652892562,0.97,5.77,223.12999999999997,0.9220247933884296,0.0,16.85,178.50400000000002,0.7376198347107439,0.0,13.480000000000002,14.9912664004,8.466897236552807,19.133657681817176,0.12390438056042849,55,11,79,4,1443.8682345284085,5.966397663340531,1.9357224761175509,11.137633978844939,151.4675750398194,0.6258990704124768,0.0,5.659043361962789,1292.400659488589,5.340498592928054,0.0,11.048917897656219,1514.675750398194,12924.00659488589,14438.682345284084,1265.3642345284084,0.10490401507398717,0.8950959849260128,25.0,2.0,2.0,50.0,14000.0,700000.0,60.58703001592776,516.9602637954356,577.5472938113634
Sonora,Magdalena,36,Magdalena,140,Persimonio,2012,2013,30.771988,-111.139421,770.0,1699.4905831017709,7.022688359924673,1.8189475077975426,12.267471605055428,23.90607438016529,5.4,32.18,31.500619834710744,8.38,41.08,16.311528925619836,-1.3,25.33,37.16061983471074,6.97,82.42,25.0399173553719,9.88,33.04,2.476611570247934,0.91,6.2,335.92,1.3880991735537191,0.0,17.95,201.552,0.8328595041322314,0.0,10.77,14.832989423647716,7.087577188094066,18.879587347474814,0.19765922997166974,62,23,70,13,1377.8515724581664,5.693601539083332,0.727579003119017,11.040724444549886,147.58668718738792,0.6098623437495369,0.0,6.6229478544400475,1230.2648852707784,5.083739195333795,0.0,11.040724444549886,1475.8668718738793,12302.648852707785,13778.515724581664,1176.2995724581665,0.10711363265644411,0.8928863673435559,16.0,2.0,2.0,32.0,15200.0,486400.0,92.24167949211746,768.9155532942366,861.157232786354
Sonora,Magdalena,36,Magdalena,140,Persimonio,2013,2014,30.771988,-111.139421,770.0,1752.0237950914373,7.239767748311724,3.0469128961126564,11.751963239587631,24.176301652892565,8.905,33.765,31.990826446280995,13.79,44.23,16.361776859504133,2.16,26.18,34.75995867768595,8.26,77.44,25.27202479338843,12.31,32.5,2.542479338842975,1.01,6.39,254.9,1.0533057851239669,0.0,25.35,152.94,0.6319834710743801,0.0,15.21,14.880127245356688,8.079631547431614,19.094533555224242,0.14548889159732953,44,15,68,6,1415.5900375253286,5.849545609608796,1.2187651584450627,10.576766915628868,118.49849065360732,0.4896631845190385,0.0,6.7860000000000005,1297.0915468717212,5.359882425089757,0.0,10.576766915628868,1184.9849065360731,12970.915468717212,14155.900375253284,1262.6500375253286,0.08370961048917884,0.9162903895108211,12.0,2.0,2.0,24.0,15600.0,374400.0,98.74874221133943,1080.909622393101,1179.6583646044405
Sonora,Magdalena,36,Magdalena,140,Persimonio,2014,2015,30.771988,-111.139421,770.0,1653.3205236424355,6.831902990257998,1.3574343412837453,12.198471959465113,23.929214876033058,12.835,32.43,31.089710743801657,16.07,41.45,16.768719008264462,3.98,24.55,41.29735537190083,6.31,89.03,24.878264462809916,3.77,32.67,2.397107438016529,0.67,6.17,525.1,2.169834710743802,0.0,90.25,315.06,1.301900826446281,0.0,54.15,14.894819570172746,3.9065977821578364,18.95192354471072,0.3176032671772262,60,32,59,1,1348.7204218430793,5.573224883649088,0.5429737365134981,10.978624763518603,158.1690046867428,0.6535909284576149,0.0,6.001681147304019,1190.5514171563364,4.919633955191473,0.0,10.978624763518603,1581.690046867428,11905.514171563364,13487.204218430792,1033.6604218430793,0.11727338158830475,0.8827266184116952,9.5,2.0,2.0,19.0,17265.0,328035.0,166.4936891439398,1253.2120180593015,1419.7057072032412
Sonora,Magdalena,36,Magdalena,140,Persimonio,2015,2016,30.771988,-111.139421,770.0,1580.5013636426256,6.530997370424073,1.8798235383472122,12.042320103587231,23.985578512396696,10.254999999999999,33.925,30.903512396694218,15.08,42.75,17.067644628099174,3.69,25.83,44.09566115702479,13.02,86.97,24.042190082644623,8.41,32.31,2.5024380165289255,1.03,5.35,302.35,1.2493801652892562,0.0,45.58,181.40999999999997,0.7496280991735536,0.0,27.348,14.73932995674697,6.183383281434911,19.806060256728365,0.19130005639676612,54,17,55,1,1283.1756455034279,5.302378700427388,0.7519294153388849,10.838088093228508,121.6405885498576,0.5026470601233785,0.0,5.468519371186783,1161.5350569535703,4.799731640304009,0.0,10.838088093228508,1216.405885498576,11615.350569535703,12831.75645503428,1101.765645503428,0.09479652218783687,0.9052034778121631,12.35,2.0,2.0,24.7,16550.0,408785.0,98.49440368409523,940.5142161567371,1039.0086198408324
Sonora,Magdalena,36,Magdalena,140,Persimonio,2016,2017,30.771988,-111.139421,770.0,1719.1931132431914,7.104103773732196,2.7089763594616207,13.872887786357397,24.499648760330583,9.04,36.230000000000004,32.04495867768595,13.0,45.75,16.95433884297521,3.85,26.71,36.27479338842975,8.29,83.4,25.30826446280992,8.56,32.47,2.447809917355372,1.03,5.41,251.70000000000002,1.0400826446280993,0.0,44.11,151.01999999999998,0.6240495867768594,0.0,26.465999999999998,15.046279686422292,6.53566694957891,19.414352927576434,0.14640589126440698,36,17,65,2,1386.4045209764538,5.728944301555594,1.0835905437846483,12.485599007721659,98.03954598801388,0.4051220908595615,0.0,7.4018293100153585,1288.3649749884398,5.323822210696032,0.0,12.485599007721659,980.3954598801388,12883.649749884398,13864.045209764538,1235.3845209764538,0.07071496414261834,0.9292850358573816,10.0,2.0,2.0,20.0,16200.0,324000.0,98.03954598801388,1288.3649749884398,1386.4045209764538
Sonora,Magdalena,36,Magdalena,140,Persimonio,2017,2018,30.771988,-111.139421,770.0,1759.809715654992,7.271940973780959,3.551053184576525,12.126075677499745,24.92710743801653,12.280000000000001,36.35,32.66074380165289,16.69,45.58,17.193471074380163,4.36,27.82,35.44330578512397,5.41,82.84,25.453388429752064,12.25,33.35,2.453099173553719,0.75,5.43,263.38,1.0883471074380164,0.0,25.48,158.028,0.6530082644628099,0.0,15.288,15.000656260438175,8.418943852477135,19.176264133697124,0.149663908351575,38,19,72,1,1409.78825056683,5.825571283334008,1.6911592398487423,10.913468109749772,117.05693340637889,0.4837063363899954,0.0,5.8139152351341625,1292.7313171604512,5.341864946944013,0.0,10.913468109749772,1170.5693340637888,12927.313171604512,14097.8825056683,1251.7602505668299,0.08303157113085183,0.9169684288691483,10.5,2.0,2.0,21.0,17600.0,369600.0,111.48279372036083,1231.1726830099535,1342.6554767303144
Sonora,Magdalena,36,Magdalena,140,Persimonio,2018,2019,30.771988,-111.139421,770.0,1685.7112353087637,6.965748906234561,2.07684529240642,12.01281680520899,24.502004132231406,10.76,34.305,31.785123966942148,18.69,43.4,17.21888429752066,-0.16,27.36,39.52669421487603,7.98,86.47,24.72789256198347,7.26,32.84,2.4043801652892562,0.63,5.04,334.34,1.3815702479338843,0.0,30.87,200.60399999999998,0.8289421487603306,0.0,18.522,14.822041156397953,5.9252987229788925,19.548427849546925,0.19833764703998102,53,22,71,4,1376.9915390646006,5.690047682085126,1.3499494400641732,10.811535124688092,126.04206083548225,0.520834962130092,0.0,6.0360000000000005,1250.9494782291185,5.169212719955035,0.0,10.811535124688092,1260.4206083548224,12509.494782291185,13769.915390646009,1176.3875390646006,0.09153437567314571,0.9084656243268544,11.0,2.0,2.0,22.0,17375.34,382257.48,114.58369166862022,1137.2267983901077,1251.810490058728
Sonora,Magdalena,36,Magdalena,140,Persimonio,2019,2020,30.771988,-111.139421,770.0,1666.0749829028332,6.884607367367079,2.202373603124072,12.257303250252852,23.88987603305785,8.77,34.125,31.330661157024792,13.04,42.4,16.44909090909091,0.57,27.02,39.63504132231405,12.4,81.71,24.92727272727273,7.47,32.54,2.5118181818181813,0.69,5.63,264.04,1.0910743801652893,0.0,43.15,158.424,0.6546446280991736,0.0,25.889999999999997,15.006866130796372,5.822201400201807,19.45703949341914,0.15848026211879027,44,14,66,7,1352.9810238361097,5.590830677008718,0.8809494412496289,11.031572925227566,96.5454462499263,0.39894812499969545,0.0,5.063999999999999,1256.4355775861836,5.191882552009023,0.0,11.031572925227566,965.454462499263,12564.355775861837,13529.8102383611,1194.5570238361097,0.07135757601107429,0.9286424239889259,11.2,2.0,2.0,22.4,15892.85,355999.84,86.20129129457706,1121.817479987664,1208.018771282241
Sonora,Magdalena,36,Magdalena,140,Persimonio,2022,2023,30.771988,-111.139421,770.0,1680.8476326531554,6.945651374599816,2.639294368605635,11.560988998012386,24.305991735537194,9.530000000000001,32.504999999999995,31.74392561983471,17.96,41.24,16.86805785123967,-0.22,26.59,38.603388429752066,3.52,85.16,24.455165289256197,9.03,32.61,2.4875619834710743,0.95,5.01,333.25,1.3770661157024793,0.0,43.12,199.95,0.8262396694214875,0.0,25.871999999999996,14.5721474186172,6.508976396635086,18.909793085232252,0.19826306294876786,71,20,66,9,1365.866229491336,5.644075328476595,1.5815303150305218,10.404890098211148,153.09190221657323,0.6326111661841869,0.0,5.484,1212.774327274763,5.011464162292409,0.0,10.404890098211148,1530.9190221657323,12127.74327274763,13658.662294913362,1165.916229491336,0.112084111101851,0.8879158888981491,12.5,2.0,2.0,25.0,18244.11,456102.75,122.47352177325858,970.2194618198104,1092.692983593069
Sonora,Magdalena,36,Magdalena,140,Persimonio,2023,2024,30.771988,-111.139421,770.0,1817.9312750703966,7.512112706902466,2.6899200647310555,11.629504018763768,25.07826446280992,5.16,36.55,33.04210743801653,12.22,44.0,17.114421487603305,-1.9,29.1,31.75454545454546,6.02,70.79,25.340330578512397,8.89,32.09,2.5923553719008265,1.23,6.55,144.03,0.5951652892561984,0.0,14.82,115.224,0.4761322314049587,0.0,11.856000000000002,14.903498122554026,6.998594841390213,19.503313381291036,0.07922741743602088,37,6,107,13,1473.7461536589417,6.089860139086536,1.0759680258924222,10.466553616887392,92.34465930713993,0.3815895012691733,0.0,6.631387014908477,1381.4014943518014,5.708270637817361,0.0,10.466553616887392,923.4465930713993,13814.014943518014,14737.461536589413,1358.5221536589418,0.06265981361706786,0.9373401863829319,12.75,2.0,2.0,25.5,19156.32,488486.16,72.42718377030583,1083.4521524327854,1155.8793362030913
