Estado,Municipio,IdMunicipio,DDR,IdDDR,Cultivo,Anio,AnioFin,Lat,Lon,Z_m,max_intensidad_sequia,indice_estres_sequia_acumulado,fraccion_quincenas_sequia_severa,ET0_total_mm,ET0_mean_mm_d,ET0_min_mm_d,ET0_max_mm_d,Tmean_ciclo_mean_C,Tmean_ciclo_min_C,Tmean_ciclo_max_C,Tmax_ciclo_mean_C,Tmax_ciclo_min_C,Tmax_ciclo_max_C,Tmin_ciclo_mean_C,Tmin_ciclo_min_C,Tmin_ciclo_max_C,RH_mean_pct,RH_min_pct,RH_max_pct,Rs_mean_MJ_m2_d,Rs_min_MJ_m2_d,Rs_max_MJ_m2_d,Ws_mean_m_s,Ws_min_m_s,Ws_max_m_s,Ptot_total_mm,Ptot_mean_mm_d,Ptot_min_mm_d,Ptot_max_mm_d,Pef_total_mm,Pef_mean_mm_d,Pef_min_mm_d,Pef_max_mm_d,Rn_mean_MJ_m2_d,Rn_min_MJ_m2_d,Rn_max_MJ_m2_d,ratio_Ptot_ET0,dias_lluvia_ge_1mm,dias_lluvia_ge_5mm,dias_estres_calor,dias_riesgo_helada,ETc_total_mm,ETc_mean_mm_d,ETc_min_mm_d,ETc_max_mm_d,ETverde_total_mm,ETverde_mean_mm_d,ETverde_min_mm_d,ETverde_max_mm_d,ETazul_total_mm,ETazul_mean_mm_d,ETazul_min_mm_d,ETazul_max_mm_d,UACverde_m3_ha,UACazul_m3_ha,UACtotal_m3_ha,deficit_hidrico_mm,frac_verde,frac_azul,Rend_t_ha,SupSembradaTotal_ha,SupCosechadaTotal_ha,VolumenTotal_t,PMR,Valorproduccion,HHverde_m3_ton,HHazul_m3_ton,HHtotal_m3_ton
Sonora,Moctezuma,38,Moctezuma,143,Ajo,2010,2011,29.748798,-109.707886,779.0,1,1.0,0.0,559.2204798537691,4.660170665448076,1.1917625989982676,8.728257897162669,15.62325,7.3100000000000005,24.945,23.719749999999998,10.99,33.45,7.526750000000001,0.22,16.61,43.65025000000001,17.94,89.33,19.788166666666665,4.06,30.05,2.409916666666667,1.07,7.51,114.38,0.9531666666666666,0.0,34.93,91.50399999999999,0.7625333333333333,0.0,27.944000000000003,11.038321828159955,3.7372076296131826,17.45704530712062,0.2045347123730327,14,8,0,23,537.7275545431901,4.481062954526584,0.9129135088628205,8.728257897162669,26.311557644737313,0.21926298037281094,0.0,2.856877293235229,511.4159968984526,4.261799974153772,0.0,8.728257897162669,263.11557644737314,5114.159968984526,5377.275545431899,446.22355454319006,0.048931019849056255,0.9510689801509434,6.0,2.0,2.0,11.99,9998.33,119880.0,43.85259607456219,852.3599948307543,896.2125909053165
Sonora,Moctezuma,38,Moctezuma,143,Ajo,2011,2012,29.748798,-109.707886,779.0,4,2.6,0.6,1091.7011147966605,5.149533560361606,1.5448787425854493,10.451208081918333,18.487900943396227,-0.18999999999999995,29.015,27.08735849056604,5.12,36.8,9.888443396226414,-5.5,21.42,31.347075471698112,8.95,78.69,19.60311320754717,6.25,30.82,2.1907075471698114,0.97,6.71,26.119999999999997,0.1232075471698113,0.0,4.8,20.896,0.09856603773584906,0.0,3.84,9.976423433378411,4.360067222831697,17.513822540080014,0.023925962560608992,10,0,10,27,954.0303173583812,4.500143006407459,1.5448787425854493,8.216401873599919,17.59004918444749,0.08297193011531835,0.0,3.391157373766349,936.4402681739338,4.41717107629214,0.0,8.216401873599919,175.9004918444749,9364.402681739337,9540.303173583812,933.1343173583813,0.018437620759424768,0.9815623792405752,5.5,1.0,1.0,5.5,18000.0,99000.0,31.98190760808635,1702.618669407152,1734.6005770152385
Sonora,Moctezuma,38,Moctezuma,143,Ajo,2012,2013,29.748798,-109.707886,779.0,4,2.142857142857143,0.2857142857142857,1022.5494480138964,4.800701633868058,1.0381907532237182,9.453940647561044,17.599976525821596,5.1000000000000005,29.604999999999997,26.000046948356808,10.23,38.7,9.199906103286386,-0.94,23.3,36.80286384976526,9.13,89.37,18.96323943661972,2.99,30.7,2.1529107981220656,1.04,5.41,122.63999999999999,0.5757746478873239,0.0,41.12,98.112,0.46061971830985915,0.0,32.896,9.877382353252692,3.213407548441227,17.768946607911907,0.11993552022174024,12,8,20,38,880.9517714205297,4.135923809486055,1.0381907532237182,8.457813701926886,22.81918057020894,0.10713230314652084,0.0,3.059243286822865,858.1325908503206,4.028791506339534,0.0,8.457813701926886,228.1918057020894,8581.325908503206,8809.517714205296,782.8397714205297,0.025902871542460425,0.9740971284575395,5.0,3.0,3.0,15.0,15100.0,226500.0,45.63836114041788,1716.2651817006413,1761.903542841059
Sonora,Moctezuma,38,Moctezuma,143,Ajo,2013,2014,29.748798,-109.707886,779.0,2,1.8571428571428572,0.0,1045.1852045486091,4.930118889380232,1.4906878039660094,9.497183626404839,18.398537735849054,3.75,27.185000000000002,26.753301886792453,11.7,36.61,10.04377358490566,-4.48,20.3,33.12334905660377,5.07,81.24,18.80122641509434,4.78,30.94,2.1212264150943394,0.82,5.19,42.86,0.2021698113207547,0.0,13.95,34.288000000000004,0.1617358490566038,0.0,11.16,9.756109054403229,4.081120625932482,17.073512661260267,0.04100708641250832,6,4,7,46,906.480843154744,4.275853033748793,1.4906878039660094,7.743721256124412,17.0048016513905,0.08021132854429482,0.0,3.052980911878409,889.4760415033536,4.1956417052044985,0.0,7.743721256124412,170.048016513905,8894.760415033536,9064.80843154744,872.192843154744,0.018759140669989467,0.9812408593300107,4.45,3.0,3.0,13.35,10000.0,133500.0,38.21303741885505,1998.8225651760754,2037.0356025949304
Sonora,Moctezuma,38,Moctezuma,143,Ajo,2014,2015,29.748798,-109.707886,779.0,2,1.4285714285714286,0.0,1046.910040039895,4.938254905848561,1.2011271254701343,10.358434369462024,19.154740566037738,7.595000000000001,25.945,27.28066037735849,11.23,37.47,11.02882075471698,2.9,18.96,34.89712264150943,7.08,84.5,18.308160377358487,4.34,30.88,2.1283018867924524,1.03,5.15,44.46,0.2097169811320755,0.0,8.56,35.568000000000005,0.1677735849056604,0.0,6.848000000000001,9.598214438571192,3.7290506143729654,17.113686794393654,0.04246783228700887,11,3,5,10,913.0186851553715,4.306691911110243,1.2011271254701343,7.250904058623417,22.298088611638438,0.10517966326244546,0.0,2.6995908147725234,890.7205965437331,4.2015122478477975,0.0,7.250904058623417,222.98088611638437,8907.205965437332,9130.186851553715,877.4506851553715,0.024422379272384658,0.9755776207276154,5.0,2.5,2.5,12.5,11000.0,137500.0,44.596177223276875,1781.4411930874662,1826.0373703107432
Sonora,Moctezuma,38,Moctezuma,143,Ajo,2015,2016,29.748798,-109.707886,779.0,0,0.0,0.0,942.3370587939784,4.4449861263866906,1.146810935972066,8.318969204841624,18.987641509433963,7.04,26.215000000000003,26.660801886792452,12.41,35.37,11.314481132075468,-0.8,21.02,44.58301886792453,16.55,87.59,17.839528301886794,3.05,30.11,2.0139150943396227,0.95,5.43,158.66000000000003,0.7483962264150945,0.0,27.47,126.928,0.5987169811320755,0.0,21.976,9.80805053977979,3.331612346452405,17.761324657992375,0.16836863043787775,18,11,4,9,825.4950100447942,3.893844387003746,1.146810935972066,7.091585538066472,42.09251908473446,0.19854961832421916,0.0,4.8058061804060594,783.4024909600597,3.6952947686795268,0.0,7.091585538066472,420.92519084734465,7834.024909600597,8254.950100447943,698.5670100447942,0.05099064024923709,0.9490093597507628,5.98,2.0,2.0,11.96,9500.0,113620.0,70.38882790089374,1310.037610301103,1380.426438201997
Sonora,Moctezuma,38,Moctezuma,143,Ajo,2016,2017,29.748798,-109.707886,779.0,2,1.4,0.0,996.843254183925,4.680015277858803,1.539000046353191,8.747295826124155,18.241126760563382,4.930000000000001,28.439999999999998,26.46098591549295,11.46,36.68,10.0212676056338,-2.1,21.08,40.24333333333333,10.8,83.14,18.55967136150235,2.85,30.88,2.1226291079812207,0.84,4.21,100.65999999999998,0.4725821596244131,0.0,12.54,80.52799999999999,0.37806572769953045,0.0,10.032,9.901622036753027,3.208898074395007,17.879972524159836,0.1009787642916902,19,7,6,34,869.1552230974727,4.080540953509262,1.539000046353191,6.990146280596631,44.05525247708913,0.20683217125393957,0.0,3.2391845945891142,825.0999706203836,3.873708782255322,0.0,6.990146280596631,440.5525247708913,8250.999706203836,8691.552230974728,788.6272230974727,0.05068743914359298,0.949312560856407,5.6,2.0,2.0,11.2,9000.0,100800.0,78.67009370908774,1473.3928046792566,1552.0628983883444
Sonora,Moctezuma,38,Moctezuma,143,Ajo,2018,2019,29.748798,-109.707886,779.0,4,2.6153846153846154,0.5384615384615384,1111.3219909476838,5.242084862960773,1.4276266092342773,9.670990732121805,20.949716981132077,9.095,31.18,29.15202830188679,14.62,39.04,12.747405660377357,1.09,23.67,31.349622641509434,6.72,83.84,18.34816037735849,3.69,30.17,2.134575471698113,0.9,5.47,45.86,0.21632075471698112,0.0,26.74,36.688,0.17305660377358492,0.0,21.392,9.51440558686244,3.495222578205209,17.738866031491202,0.041266168017509236,5,1,30,13,966.6518165591576,4.5596783799960265,1.4276266092342773,7.681146236116625,15.03012012882683,0.07089679306050392,0.0,2.16,951.6216964303308,4.488781586935523,0.0,7.681146236116625,150.30120128826832,9516.216964303308,9666.518165591577,929.9638165591576,0.015548638994262946,0.984451361005737,6.83,4.0,4.0,27.3,12924.72,352844.92,22.006032399453634,1393.2967736900891,1415.3028060895429
Sonora,Moctezuma,38,Moctezuma,143,Ajo,2019,2020,29.748798,-109.707886,779.0,0,0.0,0.0,880.3066124488109,4.152389681362315,0.8718077640986089,9.468333177200087,17.49455188679245,6.39,27.165,24.8986320754717,10.42,36.96,10.090471698113207,-0.82,20.77,47.64745283018869,17.79,88.4,17.388301886792455,3.06,30.0,1.9829245283018868,0.59,5.5,211.63000000000002,0.9982547169811322,0.0,56.35,169.30400000000003,0.7986037735849058,0.0,45.080000000000005,9.658900348361492,3.2389100124993644,17.66213637793791,0.240404873719276,19,9,7,27,761.7114113681702,3.592978355510237,0.8718077640986089,6.62783322404006,38.90895667355524,0.18353281449790207,0.0,3.810842790571118,722.8024546946149,3.4094455410123343,0.0,6.62783322404006,389.08956673555235,7228.024546946149,7617.114113681701,592.4074113681702,0.051080968583190556,0.9489190314168093,6.1,2.5,2.5,15.25,13200.0,201300.0,63.78517487468072,1184.9220568764179,1248.7072317510986
Sonora,Moctezuma,38,Moctezuma,143,Ajo,2020,2021,29.748798,-109.707886,779.0,1,1.0,0.0,814.6931365381581,3.8248504062824327,0.7100393954866273,9.305943455468075,17.375610328638498,4.885,29.09,24.540234741784037,11.78,39.12,10.210985915492959,-3.1,21.4,54.42873239436619,23.15,95.6,16.98281690140845,2.09,30.13,1.9491549295774646,0.83,5.52,372.22,1.747511737089202,0.0,85.34,223.332,1.0485070422535212,0.0,51.204,9.673336393750827,2.78941596096112,17.864073168874672,0.45688368209613145,28,17,9,29,703.6243713355589,3.3034008043922953,0.7100393954866273,6.514160418827652,44.368248805190674,0.2083016375830548,0.0,2.3583770567490063,659.2561225303682,3.0950991668092405,0.0,6.514160418827652,443.6824880519067,6592.561225303682,7036.243713355589,480.29237133555887,0.06305672545277917,0.9369432745472208,5.5,2.8,2.8,15.4,13800.0,212520.0,80.66954328216485,1198.6474955097603,1279.3170387919251
Sonora,Moctezuma,38,Moctezuma,143,Ajo,2021,2022,29.748798,-109.707886,779.0,4,3.357142857142857,0.8571428571428571,1091.4233337625706,5.148223272464955,1.328236500724018,9.952831028417192,18.9163679245283,6.555,30.145,27.49542452830189,11.62,39.79,10.337311320754718,0.09,22.1,29.825377358490563,10.07,87.22,18.8420283018868,4.72,30.22,2.2050943396226415,1.04,4.67,74.07,0.34938679245283016,0.0,21.44,59.256,0.27950943396226413,0.0,17.152,9.55819026172368,3.8209672370460477,17.22785306079227,0.06786550892645041,7,3,32,37,949.2690249550019,4.477684079976424,1.328236500724018,6.966981719892034,15.43429071698669,0.07280325809899382,0.0,2.712,933.8347342380152,4.4048808218774305,0.0,6.966981719892034,154.3429071698669,9338.347342380152,9492.690249550018,890.0130249550019,0.0162591323547277,0.9837408676452724,5.8,3.0,3.0,17.4,20000.0,348000.0,26.610846063770154,1610.0598866172675,1636.6707326810376
Sonora,Moctezuma,38,Moctezuma,143,Ajo,2022,2023,29.748798,-109.707886,779.0,3,1.3571428571428572,0.14285714285714285,1046.4405559342258,4.9360403581803105,1.2588816358650055,11.373385810385598,19.008396226415094,7.484999999999999,28.025,27.359764150943395,14.95,40.19,10.657028301886792,-0.63,19.31,35.46731132075472,4.62,86.77,18.971933962264153,4.02,31.19,2.0782075471698116,1.16,4.5,69.48,0.3277358490566038,0.0,34.09,55.58400000000001,0.26218867924528305,0.0,27.272000000000006,9.913973707563796,3.560583200193201,17.19059045542279,0.06639650920063077,7,3,14,17,906.0980472005522,4.274047392455435,1.2588816358650055,7.961370067269918,13.597757878269467,0.06414036735032767,0.0,3.1299664726287113,892.5002893222828,4.209907025105108,0.0,7.961370067269918,135.97757878269468,8925.002893222829,9060.980472005524,850.5140472005521,0.015006938730615975,0.9849930612693841,6.0,4.0,4.0,24.0,27000.0,648000.0,22.66292979711578,1487.5004822038047,1510.1634120009205
Sonora,Moctezuma,38,Moctezuma,143,Ajo,2023,2024,29.748798,-109.707886,779.0,2,1.8571428571428572,0.0,948.1270329609349,4.472297325287429,1.3895722839982918,9.573502493327116,17.377382075471697,6.295000000000001,26.81,25.29655660377359,12.46,38.69,9.45820754716981,-2.49,18.95,41.56518867924528,10.55,82.75,18.224764150943393,3.28,30.49,2.0837735849056602,0.97,4.62,73.47,0.3465566037735849,0.0,21.01,58.77600000000001,0.27724528301886797,0.0,16.808000000000003,9.77058454752029,3.4599017941504866,17.365811523432754,0.07748961631286716,12,4,7,30,820.6297481960326,3.8708950386605308,1.3895722839982918,6.70145174532898,23.592440773878366,0.1112850979899923,0.0,2.105940770583929,797.0373074221541,3.759609940670538,0.0,6.70145174532898,235.92440773878366,7970.373074221541,8206.297481960324,761.8537481960325,0.028749190272154976,0.9712508097278448,6.2,4.0,4.0,24.8,30500.0,756400.0,38.05232382883607,1285.5440442292809,1323.596368058117
Sonora,Moctezuma,38,Moctezuma,143,Calabacita,2011,2012,29.748798,-109.707886,779.0,5,4.333333333333333,1.0,873.484168219419,9.098793418952281,4.5322825527841015,12.293043040419445,26.049114583333335,14.25,34.565,35.35541666666667,21.62,43.99,16.7428125,6.58,25.35,22.2103125,6.92,71.85,29.269895833333333,16.72,33.32,2.7982291666666668,1.49,6.47,56.730000000000004,0.5909375,0.0,17.55,45.38400000000001,0.47275000000000006,0.0,14.040000000000001,16.922767462452086,10.495573432900024,19.421746660833158,0.06494679819514422,7,5,50,0,721.6295784899055,7.516974775936515,2.2661412763920508,11.678390888398472,28.691884517284265,0.2988737970550444,0.0,6.388159466163202,692.9376939726212,7.218100978881471,0.0,11.678390888398472,286.9188451728427,6929.376939726212,7216.2957848990545,676.2455784899055,0.039759850999075454,0.9602401490009246,2.8,1.0,1.0,2.8,5000.0,14000.0,102.4710161331581,2474.7774784736475,2577.2484946068057
Sonora,Moctezuma,38,Moctezuma,143,Calabacita,2012,2013,29.748798,-109.707886,779.0,2,2.0,0.0,849.6914646594869,8.850952756869654,4.323795543681036,11.261606654595198,26.363958333333333,15.18,34.6,35.547916666666666,22.25,44.31,17.18,5.03,24.89,22.790000000000003,6.52,74.55,29.345208333333336,17.12,32.7,2.5419791666666662,1.25,4.24,76.65,0.7984375,0.0,17.62,61.32000000000001,0.63875,0.0,14.096000000000002,16.97772478495859,12.159314923648427,19.093998413687807,0.09020921497748295,15,6,54,0,703.1244981890393,7.324213522802492,3.0748184189430594,10.698526321865439,48.6953563787482,0.5072432956119605,0.0,6.128,654.4291418102911,6.816970227190532,0.0,10.698526321865439,486.95356378748204,6544.291418102911,7031.244981890393,641.8044981890392,0.06925566738773502,0.930744332612265,11.0,1.0,1.0,11.0,5500.0,60500.0,44.268505798862,594.935583463901,639.204089262763
Sonora,Moctezuma,38,Moctezuma,143,Calabacita,2013,2014,29.748798,-109.707886,779.0,2,2.0,0.0,866.3867841017209,9.024862334392926,5.051252353043618,11.9175810466271,26.406041666666663,15.280000000000001,33.885,35.413333333333334,22.19,45.72,17.39875,8.37,25.61,23.66395833333333,5.07,65.56,29.267395833333335,19.82,32.9,2.7493750000000006,1.46,5.19,24.14,0.25145833333333334,0.0,9.34,19.312,0.2011666666666667,0.0,7.472,17.056528659271322,12.487803309074367,19.30064696667971,0.027862844220354323,5,2,49,0,716.5909455954682,7.46448901661946,2.525626176521809,11.321701994295745,16.4706981627736,0.1715697725288917,0.0,5.344,700.1202474326944,7.292919244090567,0.0,11.321701994295745,164.706981627736,7001.202474326945,7165.909455954681,697.2789455954681,0.02298479804135243,0.9770152019586474,10.0,3.0,3.0,30.0,6250.0,187500.0,16.4706981627736,700.1202474326944,716.590945595468
Sonora,Moctezuma,38,Moctezuma,143,Chile verde,2010,2011,29.748798,-109.707886,779.0,0,0.0,0.0,1323.9939995324416,7.314883975317358,2.8393101318680216,10.855511940366098,24.66162983425415,10.665000000000001,34.815,32.608618784530385,17.9,43.06,16.7146408839779,2.46,26.57,38.47613259668508,10.21,87.52,26.458950276243094,9.92,32.62,2.309281767955801,0.85,5.1,308.28999999999996,1.703259668508287,0.0,31.28,184.97400000000002,1.0219558011049725,0.0,18.768,16.02978354000747,6.9632987415365015,19.5640364076983,0.23284848731102273,37,18,70,7,1317.0821268602378,7.276696833481977,1.8577475139844135,11.398287537384403,125.84378732123514,0.6952695432112439,0.0,6.560103700549493,1191.2383395390025,6.581427290270732,0.0,11.398287537384403,1258.4378732123514,11912.383395390025,13170.821268602376,1132.108126860238,0.09554741101925913,0.9044525889807407,8.0,3.0,3.0,24.0,9000.0,216000.0,157.30473415154393,1489.047924423753,1646.352658575297
Sonora,Moctezuma,38,Moctezuma,143,Chile verde,2011,2012,29.748798,-109.707886,779.0,5,4.2,1.0,1403.963193570617,7.756702726909486,3.5567121891368183,12.293043040419445,25.61734806629834,14.25,34.565,33.89060773480663,21.62,43.99,17.344088397790053,6.58,25.35,34.26165745856353,6.92,87.67,27.017900552486186,16.2,33.32,2.3001104972375694,0.85,6.47,284.72999999999996,1.5730939226519336,0.0,21.66,170.838,0.9438563535911602,0.0,12.996,16.071896699746826,10.495573432900024,19.435948789927938,0.20280446190036,40,19,71,0,1382.8872815774325,7.6402612241847105,2.855494596296846,12.907695192440418,138.32743868647125,0.7642399927429351,0.0,8.943423252628483,1244.5598428909611,6.876021231441774,0.0,12.907695192440418,1383.2743868647126,12445.598428909612,13828.872815774324,1212.0492815774326,0.10002799254085543,0.8999720074591445,4.0,3.0,3.0,12.0,7800.0,93600.0,345.81859671617815,3111.399607227403,3457.218203943581
Sonora,Moctezuma,38,Moctezuma,143,Chile verde,2012,2013,29.748798,-109.707886,779.0,2,2.0,0.0,1341.8277457419563,7.413412959900311,2.4608355002027382,11.261606654595198,25.138149171270722,10.79,34.6,33.114696132596684,14.02,44.31,17.16160220994475,3.35,24.89,36.477955801104976,6.52,89.48,26.56961325966851,8.66,32.7,2.1501657458563534,0.78,5.16,365.04999999999995,2.0168508287292815,0.0,20.75,219.03,1.2101104972375691,0.0,12.45,15.881637606270257,6.58880973558723,19.339064870917444,0.2720542939720982,55,29,64,6,1324.245795826419,7.316275115063088,1.476501300121643,11.824686987324958,184.2969528396799,1.018215209059005,0.0,7.036100805464686,1139.9488429867392,6.2980599060040845,0.0,11.824686987324958,1842.969528396799,11399.488429867393,13242.457958264193,1105.215795826419,0.13917125764757754,0.8608287423524226,4.5,1.0,1.0,4.5,6100.0,27450.0,409.54878408817757,2533.219651081643,2942.7684351698203
Sonora,Moctezuma,38,Moctezuma,143,Chile verde,2013,2014,29.748798,-109.707886,779.0,2,2.0,0.0,1394.224278649338,7.702896567123414,3.0914257084462764,11.9175810466271,25.86488950276243,11.405,33.885,34.01513812154696,18.33,45.72,17.7146408839779,4.42,25.61,34.412596685082875,5.07,82.66,26.52314917127072,11.0,32.9,2.347790055248619,0.85,5.19,238.87,1.3197237569060773,0.0,24.53,191.096,1.055779005524862,0.0,19.624000000000002,15.861466456429001,7.47152631204274,19.30064696667971,0.17132824586257137,33,15,76,3,1374.4964663637595,7.593903129081545,2.408658275215371,12.513460098958456,132.87502351905562,0.7341161520389813,0.0,7.195729604733042,1241.6214428447036,6.859786977042561,0.0,12.513460098958456,1328.7502351905562,12416.214428447036,13744.964663637593,1183.4004663637595,0.09667178255508904,0.9033282174449108,10.0,4.0,4.0,40.0,9000.0,360000.0,132.87502351905562,1241.6214428447036,1374.4964663637593
Sonora,Moctezuma,38,Moctezuma,143,Chile verde,2014,2015,29.748798,-109.707886,779.0,3,2.090909090909091,0.2727272727272727,1344.316893867086,7.4271651594866634,3.717814472919944,12.58210852919157,25.54966850828729,16.6,35.785,33.12436464088398,23.0,46.47,17.97497237569061,6.88,25.34,37.66685082872929,7.08,87.48,25.81646408839779,8.92,31.87,2.238232044198895,0.69,5.15,305.78999999999996,1.6894475138121545,0.0,19.3,183.474,1.0136685082872927,0.0,11.58,15.601608807188168,7.043255713312512,19.066992253905752,0.22746868792250238,45,22,59,0,1327.484395944383,7.334167933394382,2.623387328560705,13.21121395565115,149.7236470980913,0.8272024701552005,0.0,6.379777597199413,1177.7607488462918,6.506965463239181,0.0,13.21121395565115,1497.236470980913,11777.607488462918,13274.843959443831,1144.0103959443832,0.11278750059549791,0.8872124994045021,5.8,2.0,2.0,11.6,8700.0,100920.0,258.1442191346402,2030.6219807694686,2288.766199904109
Sonora,Moctezuma,38,Moctezuma,143,Chile verde,2015,2016,29.748798,-109.707886,779.0,0,0.0,0.0,1206.2000749238273,6.664088811733852,1.4221840345683963,10.984239768323771,24.682928176795585,11.885000000000002,33.3,31.757790055248616,16.56,42.35,17.608066298342543,5.97,24.45,47.47099447513812,12.84,86.21,25.1267955801105,5.08,32.75,2.1014917127071824,0.75,4.56,393.81,2.175745856353591,0.0,32.56,236.28599999999994,1.3054475138121544,0.0,19.536,15.78114769862753,4.566387468074261,19.84755186028028,0.3264881243063009,49,25,42,0,1200.297633934591,6.6314786405226025,0.8533104207410377,11.53345175673996,164.68821400475733,0.9098796353853996,0.0,7.2087092706090905,1035.6094199298336,5.721599005137202,0.0,11.53345175673996,1646.8821400475733,10356.094199298335,12002.976339345909,964.011633934591,0.1372061473327305,0.8627938526672695,7.0,3.0,3.0,21.0,12000.0,252000.0,235.26887714965332,1479.4420284711907,1714.710905620844
Sonora,Moctezuma,38,Moctezuma,143,Avena forrajera en verde,2010,2011,29.748798,-109.707886,779.0,1,1.0,0.0,379.45910931388283,4.036799035254073,1.1917625989982676,8.088823942884106,14.23723404255319,7.3100000000000005,21.24,22.178829787234047,10.99,32.11,6.295638297872342,0.22,12.11,47.50851063829787,19.58,89.33,18.241702127659575,4.06,27.58,2.344255319148936,1.07,7.51,112.0,1.1914893617021276,0.0,34.93,89.6,0.9531914893617021,0.0,27.944000000000003,9.966158276639803,3.7372076296131826,15.833338116735028,0.2951569675122894,14,8,0,23,375.48135399765766,3.9944824893367836,0.3912486466554945,9.302147534316722,26.289289402911166,0.27967329152033155,0.0,3.285408887220513,349.1920645947465,3.7148091978164524,0.0,9.302147534316722,262.89289402911163,3491.9206459474653,3754.813539976577,285.8813539976577,0.07001489986923602,0.929985100130764,18.04,22.0,22.0,396.79,402.4,159669.1,14.57277683088202,193.56544600595706,208.13822283683908
Sonora,Moctezuma,38,Moctezuma,143,Avena forrajera en verde,2011,2012,29.748798,-109.707886,779.0,4,2.25,0.5,740.1683201070393,4.714447898770951,1.5448787425854493,8.62513144838152,16.94264331210191,-0.18999999999999995,25.39,25.608089171974523,5.12,35.26,8.277197452229299,-5.5,16.71,29.14031847133758,10.03,78.69,18.25872611464968,6.25,27.19,2.1556050955414015,1.16,6.71,7.74,0.049299363057324845,0.0,4.43,6.192,0.03943949044585987,0.0,3.544,8.787269574651496,4.360067222831697,14.99114000621489,0.010457080895978743,3,0,2,27,677.3127489174121,4.314093942149122,1.0142229998596184,7.762618303543368,4.424610553973267,0.028182232827855203,0.0,1.7766105539732666,672.8881383634389,4.285911709321267,0.0,7.762618303543368,44.24610553973267,6728.881383634389,6773.127489174121,671.1207489174121,0.006532595999477901,0.9934674040005221,11.0,67.0,60.0,660.0,400.0,264000.0,4.022373230884788,611.7164894213081,615.7388626521929
Sonora,Moctezuma,38,Moctezuma,143,Avena forrajera en verde,2012,2013,29.748798,-109.707886,779.0,4,2.1666666666666665,0.3333333333333333,648.006337867282,4.101305935868874,1.0381907532237182,8.457813701926886,15.32344936708861,5.1000000000000005,24.125,23.510379746835444,10.23,34.4,7.136518987341773,-0.94,16.41,40.922784810126586,9.13,89.37,17.220759493670887,2.99,28.78,2.164620253164557,1.04,5.41,121.25000000000001,0.7674050632911393,0.0,41.12,97.00000000000001,0.6139240506329114,0.0,32.896,8.772373498579192,3.213407548441227,15.50602693182696,0.18711236744853132,12,8,0,38,593.448814140894,3.7560051527904683,0.3155457401615563,7.612032331734198,19.67762865799798,0.12454195353163279,0.0,3.192,573.771185482896,3.6314631992588358,0.0,7.612032331734198,196.77628657997982,5737.71185482896,5934.48814140894,496.448814140894,0.03315808910408608,0.966841910895914,16.0,85.0,85.0,1360.0,425.0,578000.0,12.298517911248739,358.60699092681,370.9055088380587
Sonora,Moctezuma,38,Moctezuma,143,Avena forrajera en verde,2013,2014,29.748798,-109.707886,779.0,2,1.8333333333333333,0.0,688.6559026179734,4.386343328776901,1.4906878039660094,7.763648296352684,16.7656050955414,3.75,24.990000000000002,25.001910828025476,11.7,35.55,8.529299363057325,-4.48,18.71,33.62133757961784,11.16,81.24,17.070509554140127,4.78,28.23,2.0886624203821658,0.82,4.56,42.269999999999996,0.26923566878980887,0.0,13.95,33.816,0.21538853503184716,0.0,11.16,8.534648540731363,4.081120625932482,15.138107596978745,0.06138043664376889,6,4,1,46,628.6921935182849,4.004408875912643,0.7461413091563915,6.9872834667174155,17.755124374809995,0.11308996417076429,0.0,3.51092804866017,610.9370691434748,3.8913189117418776,0.0,6.9872834667174155,177.55124374809995,6109.370691434748,6286.921935182848,594.8761935182848,0.02824136287655941,0.9717586371234405,18.0,121.0,121.0,2178.0,477.78,1040604.84,9.863957986005552,339.40948285748595,349.2734408434915
Sonora,Moctezuma,38,Moctezuma,143,Avena forrajera en verde,2014,2015,29.748798,-109.707886,779.0,2,1.2,0.0,699.0157421600467,4.452329567898387,1.2011271254701343,8.3501425700473,17.951751592356686,7.595000000000001,24.955,25.888917197452233,11.23,34.29,10.014585987261146,2.9,18.23,35.949999999999996,12.5,84.5,16.759999999999998,4.34,27.47,2.1239490445859874,1.03,5.15,35.83,0.22821656050955413,0.0,8.56,28.664,0.18257324840764333,0.0,6.848000000000001,8.499262905154593,3.7290506143729654,15.385296571230928,0.05125778696954776,9,3,0,10,646.7996813836482,4.119743193526422,0.6964239934098923,7.51512831304257,14.97893096769176,0.09540720361587109,0.0,2.2710772589162,631.8207504159565,4.024335989910551,0.0,7.51512831304257,149.78930967691758,6318.207504159564,6467.996813836482,618.1356813836483,0.023158531766200776,0.9768414682337991,16.58,120.0,120.0,1989.6,350.0,696360.0,9.03433713371035,381.0740352327844,390.10837236649473
Sonora,Moctezuma,38,Moctezuma,143,Avena forrajera en verde,2015,2016,29.748798,-109.707886,779.0,0,0.0,0.0,627.5256184176615,3.99697846125899,1.146810935972066,7.091585538066472,17.663949044585987,7.04,24.805,25.236687898089173,12.41,35.05,10.091210191082801,-0.8,18.29,44.571019108280254,16.55,87.59,16.069426751592356,3.05,26.95,2.0319745222929937,0.95,5.43,134.27,0.8552229299363058,0.0,27.47,107.416,0.6841783439490445,0.0,21.976,8.517926807586626,3.331612346452405,16.05306560925076,0.21396736015107848,15,9,1,9,584.0635428332091,3.7201499543516503,0.8645362999942605,7.9582965502843885,29.939247534471058,0.19069584416860547,0.0,3.312148571674281,554.124295298738,3.529454110183045,0.0,7.9582965502843885,299.3924753447106,5541.242952987381,5840.635428332092,476.6475428332091,0.051260257384393534,0.9487397426156065,13.0,145.0,145.0,1885.0,325.0,612625.0,23.030190411131585,426.2494579221062,449.2796483332378
Sonora,Moctezuma,38,Moctezuma,143,Avena forrajera en verde,2016,2017,29.748798,-109.707886,779.0,1,1.0,0.0,679.8708423323918,4.302980014761974,1.539000046353191,8.55039130122345,16.654810126582277,4.930000000000001,23.715,25.07905063291139,11.46,34.62,8.230569620253164,-2.1,16.81,38.674620253164555,12.74,83.14,17.285126582278483,2.85,28.32,2.1174050632911388,1.09,4.21,83.56,0.528860759493671,0.0,12.54,66.848,0.4230886075949367,0.0,10.032,8.78588623193123,3.208898074395007,15.441503057278794,0.12290569737236526,13,6,0,34,631.400807545125,3.9962076426906643,0.489448482852809,7.695352171101105,27.262606534510894,0.17254814262348667,0.0,2.7554205446442834,604.1382010106141,3.823659500067178,0.0,7.695352171101105,272.62606534510894,6041.382010106141,6314.00807545125,564.552807545125,0.04317797223051934,0.9568220277694808,16.1,115.0,115.0,1851.5,365.0,675797.5,16.933295984168257,375.2411186401329,392.17441462430116
Sonora,Moctezuma,38,Moctezuma,143,Avena forrajera en verde,2017,2018,29.748798,-109.707886,779.0,0,0.0,0.0,674.9221811775785,4.298867396035532,1.2208379571223413,8.03393291375389,18.190700636942676,8.995,27.315,26.01433121019108,13.67,36.55,10.367070063694268,1.5,20.19,40.62394904458599,16.27,84.58,16.827770700636943,2.87,27.95,2.077324840764331,0.88,5.44,83.51,0.5319108280254777,0.0,17.73,66.808,0.42552866242038223,0.0,14.184000000000001,8.697623206605327,3.0842139945196854,15.546947467831849,0.123732783317767,12,6,8,15,609.4055962158461,3.8815643071073,1.1068503741278157,7.230539622378502,22.277708145920972,0.141896230228796,0.0,2.8377627276661017,587.1278880699251,3.739668076878504,0.0,7.230539622378502,222.7770814592097,5871.278880699251,6094.055962158461,542.5975962158461,0.036556454821314775,0.9634435451786851,16.7,125.0,125.0,2087.5,507.95,1060345.63,13.339944997557469,351.57358567061385,364.91353066817135
Sonora,Moctezuma,38,Moctezuma,143,Avena forrajera en verde,2018,2019,29.748798,-109.707886,779.0,4,2.3636363636363638,0.45454545454545453,715.0751474279605,4.5546187734265,1.4276266092342773,8.435936648115732,19.19254777070064,9.095,27.17,27.18961783439491,14.62,35.78,11.19547770700637,1.09,19.07,33.57273885350318,12.12,83.84,16.52624203821656,3.69,28.02,2.0836942675159236,0.9,5.47,43.42,0.27656050955414013,0.0,26.74,34.736,0.22124840764331208,0.0,21.392,8.321625972689704,3.495222578205209,15.145029946748142,0.06072089088283453,5,1,5,13,661.985907033072,4.216470745433579,1.1088768470324935,8.05502334263259,13.362785882664678,0.08511328587684508,0.0,2.16,648.6231211504073,4.131357459556734,0.0,8.05502334263259,133.6278588266468,6486.231211504073,6619.85907033072,627.249907033072,0.020185906891212854,0.9798140931087872,16.3,90.0,90.0,1467.0,703.19,1031579.73,8.198028148874036,397.928295184299,406.126323333173
Sonora,Moctezuma,38,Moctezuma,143,Avena forrajera en verde,2019,2020,29.748798,-109.707886,779.0,0,0.0,0.0,573.3250630038909,3.651751993655356,0.8718077640986089,7.015559765661675,15.882611464968154,6.39,22.775,23.298726114649682,10.42,32.7,8.466496815286625,-0.82,16.38,47.61668789808917,28.0,88.4,15.836305732484078,3.06,27.38,1.941146496815287,0.87,5.5,122.96,0.7831847133757961,0.0,31.18,98.36800000000001,0.626547770700637,0.0,24.944000000000003,8.510201145696088,3.2389100124993644,15.774184860993277,0.21446820998154326,14,7,0,27,525.4305680496539,3.3466915162398334,0.7664938654977207,6.314003789095508,28.704059716443517,0.18282840583721985,0.0,3.4297585115140063,496.72650833321035,3.163863110402614,0.0,6.314003789095508,287.04059716443516,4967.265083332103,5254.305680496538,427.06256804965386,0.054629596110081946,0.9453704038899181,17.6,75.0,75.0,1320.0,612.34,808288.8,16.30912483888836,282.23097064386945,298.5400954827578
Sonora,Moctezuma,38,Moctezuma,143,Avena forrajera en verde,2020,2021,29.748798,-109.707886,779.0,1,1.0,0.0,502.9333020695117,3.1831221649969095,0.7100393954866273,6.1071037312394685,15.538227848101265,4.885,23.895,22.360632911392404,11.78,31.97,8.715822784810126,-3.1,18.5,57.22544303797469,28.42,95.6,14.995569620253162,2.09,26.62,1.924556962025316,0.83,5.52,348.53,2.205886075949367,0.0,85.34,209.118,1.3235316455696202,0.0,51.204,8.351042608856487,2.78941596096112,15.656324257975202,0.6929944757403016,26,16,0,29,454.2804887634657,2.875192966857378,0.6886015945253717,5.509857061240283,40.19338673712602,0.2543885236526963,0.0,2.25,414.0871020263397,2.620804443204682,0.0,5.509857061240283,401.9338673712602,4140.871020263397,4542.8048876346575,245.16248876346572,0.08847702626747386,0.9115229737325262,19.66,70.0,56.0,1100.8,629.28,692711.42,20.444245542790448,210.62416176314332,231.06840730593376
Sonora,Moctezuma,38,Moctezuma,143,Avena forrajera en verde,2021,2022,29.748798,-109.707886,779.0,4,3.5454545454545454,0.9090909090909091,711.8275653529894,4.533933537280187,1.328236500724018,9.576885288773921,16.942101910828026,6.555,28.090000000000003,25.43980891719745,11.62,37.89,8.444394904458598,0.09,19.93,32.06560509554139,10.35,87.22,17.30929936305732,4.72,28.11,2.1645859872611464,1.17,4.33,73.53999999999999,0.4684076433121019,0.0,21.44,58.831999999999994,0.3747261146496815,0.0,17.152,8.494243785986248,3.8209672370460477,15.222104412392454,0.10331153720287878,7,3,11,36,653.8421838519073,4.164599897145906,0.9619648787339266,8.619196759896528,16.408149409689948,0.10451050579420348,0.0,2.712,637.4340344422172,4.060089391351702,0.0,8.619196759896528,164.08149409689946,6374.340344422172,6538.421838519072,595.0101838519073,0.02509496911475863,0.9749050308852412,25.0,75.0,75.0,1875.0,656.44,1230825.0,6.563259763875979,254.97361377688688,261.5368735407629
Sonora,Moctezuma,38,Moctezuma,143,Avena forrajera en verde,2022,2023,29.748798,-109.707886,779.0,2,1.0909090909090908,0.0,678.2106938899359,4.319813336878573,1.2588816358650055,8.27516822948519,17.39735668789809,7.484999999999999,24.849999999999998,25.54210191082803,14.95,35.59,9.252611464968155,-0.63,16.93,36.42936305732484,7.92,86.77,17.175668789808917,4.02,27.54,2.0227388535031845,1.24,4.5,68.60000000000001,0.43694267515923574,0.0,34.09,54.879999999999995,0.3495541401273885,0.0,27.272000000000006,8.684300372576574,3.560583200193201,15.645086597356698,0.10114850829988951,7,3,1,17,613.9198333767159,3.9103174100427767,0.9827205296285653,7.4476514065366715,14.000360116486869,0.08917426825787815,0.0,3.504,599.919473260229,3.821143141784898,0.0,7.4476514065366715,140.00360116486868,5999.19473260229,6139.198333767159,559.0398333767159,0.022804866947336286,0.9771951330526636,25.6,80.0,80.0,2048.0,745.92,1527644.16,5.468890670502683,234.34354424227695,239.81243491277962
Sonora,Moctezuma,38,Moctezuma,143,Avena forrajera en verde,2023,2024,29.748798,-109.707886,779.0,2,2.0,0.0,610.2321393096407,3.8868289128002593,1.3895722839982918,8.458327417868153,15.52203821656051,6.295000000000001,22.134999999999998,23.288343949044584,12.46,32.25,7.755732484076434,-2.49,16.32,42.46789808917198,15.03,82.75,16.40420382165605,3.28,28.61,2.1077070063694268,0.97,4.62,64.03,0.4078343949044586,0.0,21.01,51.224000000000004,0.3262675159235669,0.0,16.808000000000003,8.53347524276872,3.4599017941504866,15.962398107016327,0.10492728238213989,10,4,0,30,567.3403045390257,3.613632512987425,0.7596305077736093,7.612494676081338,17.140934507604772,0.1091779268000304,0.0,1.936,550.199370031421,3.504454586187395,0.0,7.612494676081338,171.4093450760477,5501.99370031421,5673.403045390258,516.1163045390257,0.030212791812018525,0.9697872081879816,17.0,80.0,80.0,1360.0,812.79,1105394.4,10.082902651532219,323.6466882537771,333.7295909053093
Sonora,Moctezuma,38,Moctezuma,143,Cebada forrajera en verde,2010,2011,29.748798,-109.707886,779.0,1,1.0,0.0,379.45910931388283,4.036799035254073,1.1917625989982676,8.088823942884106,14.23723404255319,7.3100000000000005,21.24,22.178829787234047,10.99,32.11,6.295638297872342,0.22,12.11,47.50851063829787,19.58,89.33,18.241702127659575,4.06,27.58,2.344255319148936,1.07,7.51,112.0,1.1914893617021276,0.0,34.93,89.6,0.9531914893617021,0.0,27.944000000000003,9.966158276639803,3.7372076296131826,15.833338116735028,0.2951569675122894,14,8,0,23,375.48135399765766,3.9944824893367836,0.3912486466554945,9.302147534316722,26.289289402911166,0.27967329152033155,0.0,3.285408887220513,349.1920645947465,3.7148091978164524,0.0,9.302147534316722,262.89289402911163,3491.9206459474653,3754.813539976577,285.8813539976577,0.07001489986923602,0.929985100130764,18.18,47.0,47.0,854.46,399.2,341100.43,14.460555227123852,192.07484301141173,206.53539823853558
Sonora,Moctezuma,38,Moctezuma,143,Cebada forrajera en verde,2011,2012,29.748798,-109.707886,779.0,4,2.25,0.5,740.1683201070393,4.714447898770951,1.5448787425854493,8.62513144838152,16.94264331210191,-0.18999999999999995,25.39,25.608089171974523,5.12,35.26,8.277197452229299,-5.5,16.71,29.14031847133758,10.03,78.69,18.25872611464968,6.25,27.19,2.1556050955414015,1.16,6.71,7.74,0.049299363057324845,0.0,4.43,6.192,0.03943949044585987,0.0,3.544,8.787269574651496,4.360067222831697,14.99114000621489,0.010457080895978743,3,0,2,27,677.3127489174121,4.314093942149122,1.0142229998596184,7.762618303543368,4.424610553973267,0.028182232827855203,0.0,1.7766105539732666,672.8881383634389,4.285911709321267,0.0,7.762618303543368,44.24610553973267,6728.881383634389,6773.127489174121,671.1207489174121,0.006532595999477901,0.9934674040005221,10.0,59.0,38.0,380.0,450.0,171000.0,4.424610553973267,672.8881383634389,677.3127489174121
Sonora,Moctezuma,38,Moctezuma,143,Cebada forrajera en verde,2012,2013,29.748798,-109.707886,779.0,4,2.1666666666666665,0.3333333333333333,648.006337867282,4.101305935868874,1.0381907532237182,8.457813701926886,15.32344936708861,5.1000000000000005,24.125,23.510379746835444,10.23,34.4,7.136518987341773,-0.94,16.41,40.922784810126586,9.13,89.37,17.220759493670887,2.99,28.78,2.164620253164557,1.04,5.41,121.25000000000001,0.7674050632911393,0.0,41.12,97.00000000000001,0.6139240506329114,0.0,32.896,8.772373498579192,3.213407548441227,15.50602693182696,0.18711236744853132,12,8,0,38,593.448814140894,3.7560051527904683,0.3155457401615563,7.612032331734198,19.67762865799798,0.12454195353163279,0.0,3.192,573.771185482896,3.6314631992588358,0.0,7.612032331734198,196.77628657997982,5737.71185482896,5934.48814140894,496.448814140894,0.03315808910408608,0.966841910895914,16.0,185.0,185.0,2960.0,455.0,1346800.0,12.298517911248739,358.60699092681,370.9055088380587
Sonora,Moctezuma,38,Moctezuma,143,Cebada forrajera en verde,2013,2014,29.748798,-109.707886,779.0,2,1.8333333333333333,0.0,688.6559026179734,4.386343328776901,1.4906878039660094,7.763648296352684,16.7656050955414,3.75,24.990000000000002,25.001910828025476,11.7,35.55,8.529299363057325,-4.48,18.71,33.62133757961784,11.16,81.24,17.070509554140127,4.78,28.23,2.0886624203821658,0.82,4.56,42.269999999999996,0.26923566878980887,0.0,13.95,33.816,0.21538853503184716,0.0,11.16,8.534648540731363,4.081120625932482,15.138107596978745,0.06138043664376889,6,4,1,46,628.6921935182849,4.004408875912643,0.7461413091563915,6.9872834667174155,17.755124374809995,0.11308996417076429,0.0,3.51092804866017,610.9370691434748,3.8913189117418776,0.0,6.9872834667174155,177.55124374809995,6109.370691434748,6286.921935182848,594.8761935182848,0.02824136287655941,0.9717586371234405,17.6,190.0,190.0,3344.0,421.59,1409796.96,10.08813884932386,347.12333474061063,357.2114735899345
Sonora,Moctezuma,38,Moctezuma,143,Cebada forrajera en verde,2014,2015,29.748798,-109.707886,779.0,2,1.2,0.0,699.0157421600467,4.452329567898387,1.2011271254701343,8.3501425700473,17.951751592356686,7.595000000000001,24.955,25.888917197452233,11.23,34.29,10.014585987261146,2.9,18.23,35.949999999999996,12.5,84.5,16.759999999999998,4.34,27.47,2.1239490445859874,1.03,5.15,35.83,0.22821656050955413,0.0,8.56,28.664,0.18257324840764333,0.0,6.848000000000001,8.499262905154593,3.7290506143729654,15.385296571230928,0.05125778696954776,9,3,0,10,646.7996813836482,4.119743193526422,0.6964239934098923,7.51512831304257,14.97893096769176,0.09540720361587109,0.0,2.2710772589162,631.8207504159565,4.024335989910551,0.0,7.51512831304257,149.78930967691758,6318.207504159564,6467.996813836482,618.1356813836483,0.023158531766200776,0.9768414682337991,16.0,180.0,180.0,2880.0,330.0,950400.0,9.361831854807349,394.8879690099728,404.2498008647801
Sonora,Moctezuma,38,Moctezuma,143,Cebada forrajera en verde,2015,2016,29.748798,-109.707886,779.0,0,0.0,0.0,627.5256184176615,3.99697846125899,1.146810935972066,7.091585538066472,17.663949044585987,7.04,24.805,25.236687898089173,12.41,35.05,10.091210191082801,-0.8,18.29,44.571019108280254,16.55,87.59,16.069426751592356,3.05,26.95,2.0319745222929937,0.95,5.43,134.27,0.8552229299363058,0.0,27.47,107.416,0.6841783439490445,0.0,21.976,8.517926807586626,3.331612346452405,16.05306560925076,0.21396736015107848,15,9,1,9,584.0635428332091,3.7201499543516503,0.8645362999942605,7.9582965502843885,29.939247534471058,0.19069584416860547,0.0,3.312148571674281,554.124295298738,3.529454110183045,0.0,7.9582965502843885,299.3924753447106,5541.242952987381,5840.635428332092,476.6475428332091,0.051260257384393534,0.9487397426156065,12.9,92.0,92.0,1186.8,323.0,383336.4,23.208719018969813,429.55371728584345,452.76243630481326
Sonora,Moctezuma,38,Moctezuma,143,Cebada forrajera en verde,2016,2017,29.748798,-109.707886,779.0,1,1.0,0.0,679.8708423323918,4.302980014761974,1.539000046353191,8.55039130122345,16.654810126582277,4.930000000000001,23.715,25.07905063291139,11.46,34.62,8.230569620253164,-2.1,16.81,38.674620253164555,12.74,83.14,17.285126582278483,2.85,28.32,2.1174050632911388,1.09,4.21,83.56,0.528860759493671,0.0,12.54,66.848,0.4230886075949367,0.0,10.032,8.78588623193123,3.208898074395007,15.441503057278794,0.12290569737236526,13,6,0,34,631.400807545125,3.9962076426906643,0.489448482852809,7.695352171101105,27.262606534510894,0.17254814262348667,0.0,2.7554205446442834,604.1382010106141,3.823659500067178,0.0,7.695352171101105,272.62606534510894,6041.382010106141,6314.00807545125,564.552807545125,0.04317797223051934,0.9568220277694808,16.7,87.0,87.0,1452.9,368.0,534667.2,16.324914092521496,361.75940180276297,378.0843158952845
Sonora,Moctezuma,38,Moctezuma,143,Cebada forrajera en verde,2017,2018,29.748798,-109.707886,779.0,0,0.0,0.0,674.9221811775785,4.298867396035532,1.2208379571223413,8.03393291375389,18.190700636942676,8.995,27.315,26.01433121019108,13.67,36.55,10.367070063694268,1.5,20.19,40.62394904458599,16.27,84.58,16.827770700636943,2.87,27.95,2.077324840764331,0.88,5.44,83.51,0.5319108280254777,0.0,17.73,66.808,0.42552866242038223,0.0,14.184000000000001,8.697623206605327,3.0842139945196854,15.546947467831849,0.123732783317767,12,6,8,15,609.4055962158461,3.8815643071073,1.1068503741278157,7.230539622378502,22.277708145920972,0.141896230228796,0.0,2.8377627276661017,587.1278880699251,3.739668076878504,0.0,7.230539622378502,222.7770814592097,5871.278880699251,6094.055962158461,542.5975962158461,0.036556454821314775,0.9634435451786851,16.3,40.0,40.0,652.0,500.0,326000.0,13.667305610994461,360.20115832510743,373.8684639361019
Sonora,Moctezuma,38,Moctezuma,143,Cebada forrajera en verde,2018,2019,29.748798,-109.707886,779.0,4,2.3636363636363638,0.45454545454545453,715.0751474279605,4.5546187734265,1.4276266092342773,8.435936648115732,19.19254777070064,9.095,27.17,27.18961783439491,14.62,35.78,11.19547770700637,1.09,19.07,33.57273885350318,12.12,83.84,16.52624203821656,3.69,28.02,2.0836942675159236,0.9,5.47,43.42,0.27656050955414013,0.0,26.74,34.736,0.22124840764331208,0.0,21.392,8.321625972689704,3.495222578205209,15.145029946748142,0.06072089088283453,5,1,5,13,661.985907033072,4.216470745433579,1.1088768470324935,8.05502334263259,13.362785882664678,0.08511328587684508,0.0,2.16,648.6231211504073,4.131357459556734,0.0,8.05502334263259,133.6278588266468,6486.231211504073,6619.85907033072,627.249907033072,0.020185906891212854,0.9798140931087872,17.0,50.0,50.0,850.0,646.46,549491.0,7.860462283920399,381.54301244141607,389.4034747253365
Sonora,Moctezuma,38,Moctezuma,143,Cebada forrajera en verde,2019,2020,29.748798,-109.707886,779.0,0,0.0,0.0,573.3250630038909,3.651751993655356,0.8718077640986089,7.015559765661675,15.882611464968154,6.39,22.775,23.298726114649682,10.42,32.7,8.466496815286625,-0.82,16.38,47.61668789808917,28.0,88.4,15.836305732484078,3.06,27.38,1.941146496815287,0.87,5.5,122.96,0.7831847133757961,0.0,31.18,98.36800000000001,0.626547770700637,0.0,24.944000000000003,8.510201145696088,3.2389100124993644,15.774184860993277,0.21446820998154326,14,7,0,27,525.4305680496539,3.3466915162398334,0.7664938654977207,6.314003789095508,28.704059716443517,0.18282840583721985,0.0,3.4297585115140063,496.72650833321035,3.163863110402614,0.0,6.314003789095508,287.04059716443516,4967.265083332103,5254.305680496538,427.06256804965386,0.054629596110081946,0.9453704038899181,16.6,65.0,65.0,1079.0,662.0,714298.0,17.291602238821394,299.2328363453074,316.5244385841288
Sonora,Moctezuma,38,Moctezuma,143,Cebada forrajera en verde,2022,2023,29.748798,-109.707886,779.0,2,1.0909090909090908,0.0,678.2106938899359,4.319813336878573,1.2588816358650055,8.27516822948519,17.39735668789809,7.484999999999999,24.849999999999998,25.54210191082803,14.95,35.59,9.252611464968155,-0.63,16.93,36.42936305732484,7.92,86.77,17.175668789808917,4.02,27.54,2.0227388535031845,1.24,4.5,68.60000000000001,0.43694267515923574,0.0,34.09,54.879999999999995,0.3495541401273885,0.0,27.272000000000006,8.684300372576574,3.560583200193201,15.645086597356698,0.10114850829988951,7,3,1,17,613.9198333767159,3.9103174100427767,0.9827205296285653,7.4476514065366715,14.000360116486869,0.08917426825787815,0.0,3.504,599.919473260229,3.821143141784898,0.0,7.4476514065366715,140.00360116486868,5999.19473260229,6139.198333767159,559.0398333767159,0.022804866947336286,0.9771951330526636,17.0,60.0,60.0,1020.0,720.0,734400.0,8.235505950874629,352.8938078001347,361.12931375100936
Sonora,Moctezuma,38,Moctezuma,143,Cebada forrajera en verde,2023,2024,29.748798,-109.707886,779.0,2,2.0,0.0,610.2321393096407,3.8868289128002593,1.3895722839982918,8.458327417868153,15.52203821656051,6.295000000000001,22.134999999999998,23.288343949044584,12.46,32.25,7.755732484076434,-2.49,16.32,42.46789808917198,15.03,82.75,16.40420382165605,3.28,28.61,2.1077070063694268,0.97,4.62,64.03,0.4078343949044586,0.0,21.01,51.224000000000004,0.3262675159235669,0.0,16.808000000000003,8.53347524276872,3.4599017941504866,15.962398107016327,0.10492728238213989,10,4,0,30,567.3403045390257,3.613632512987425,0.7596305077736093,7.612494676081338,17.140934507604772,0.1091779268000304,0.0,1.936,550.199370031421,3.504454586187395,0.0,7.612494676081338,171.4093450760477,5501.99370031421,5673.403045390258,516.1163045390257,0.030212791812018525,0.9697872081879816,16.0,70.0,70.0,1120.0,770.09,862500.8,10.713084067252982,343.87460626963815,354.5876903368911
Sonora,Moctezuma,38,Moctezuma,143,Maíz grano,2010,2011,29.748798,-109.707886,779.0,0,0.0,0.0,1270.1761971702235,7.427930977603646,2.8393101318680216,10.855511940366098,26.562777777777775,14.15,34.815,34.09754385964912,19.94,43.06,19.028011695906432,5.84,26.57,41.09643274853801,10.21,87.52,26.553859649122803,12.44,32.62,2.1470760233918127,0.78,5.1,334.06999999999994,1.9536257309941516,0.0,31.28,200.442,1.1721754385964913,0.0,18.768,16.39605740863653,9.246653078632146,19.5640364076983,0.26301075452701883,42,19,77,0,1165.9910833056674,6.818661305881096,1.328751681630414,13.026614328439317,125.79742782137663,0.7356574726396294,0.0,6.8463954856511196,1040.193655484291,6.0830038332414675,0.0,13.026614328439317,1257.9742782137664,10401.936554842909,11659.910833056674,965.5490833056674,0.1078888420524898,0.8921111579475104,2.99,20.0,20.0,59.88,3000.0,179640.0,420.72718334908575,3478.9085467702034,3899.6357301192893
Sonora,Moctezuma,38,Moctezuma,143,Maíz grano,2011,2012,29.748798,-109.707886,779.0,5,4.0,1.0,1316.8700678773678,7.7009945489904545,3.5567121891368183,12.293043040419445,26.908216374269006,14.25,34.565,34.69982456140351,21.62,43.99,19.116608187134503,6.58,25.35,39.64421052631579,6.92,87.67,26.96707602339182,16.2,33.32,2.190175438596492,0.85,6.47,311.19999999999993,1.819883040935672,0.0,21.66,186.72,1.0919298245614035,0.0,12.996,16.511145239373988,10.495573432900024,19.435948789927938,0.2363179235303115,48,20,80,0,1183.024278094998,6.918270632134491,1.3596847658352305,14.751651648503334,141.5046392291507,0.8275125101119924,0.0,10.221055145861124,1041.5196388658471,6.090758122022498,0.0,14.751651648503334,1415.0463922915071,10415.19638865847,11830.242780949979,996.3042780949979,0.11961262490488615,0.8803873750951138,2.5,17.0,15.0,37.5,2000.0,75000.0,566.0185569166028,4166.0785554633885,4732.097112379992
Sonora,Moctezuma,38,Moctezuma,143,Maíz grano,2012,2013,29.748798,-109.707886,779.0,2,2.0,0.0,1250.808721686827,7.314670887057468,3.463746655508548,11.261606654595198,26.464327485380114,15.18,34.6,33.827251461988304,22.25,44.31,19.10140350877193,5.03,24.89,43.22157894736842,6.52,89.72,26.59233918128655,15.2,32.7,1.9798830409356722,0.74,4.24,415.40000000000003,2.4292397660818716,0.0,20.75,249.23999999999998,1.4575438596491226,0.0,12.45,16.322390331198108,10.926224099549952,19.339064870917444,0.33210513549969184,65,34,65,0,1124.4983444917584,6.57601371047812,1.8448910513658356,13.513927985514238,191.63002495723188,1.1206434208025255,0.0,8.041258063388211,932.8683195345266,5.455370289675594,0.0,13.513927985514238,1916.3002495723188,9328.683195345266,11244.983444917585,875.2583444917584,0.17041379019890265,0.8295862098010973,3.0,20.0,20.0,60.0,3100.0,186000.0,638.7667498574395,3109.5610651150887,3748.3278149725284
Sonora,Moctezuma,38,Moctezuma,143,Maíz grano,2013,2014,29.748798,-109.707886,779.0,2,2.0,0.0,1298.6298479910351,7.594326596438802,2.8773680251140963,11.9175810466271,27.101023391812863,15.280000000000001,33.885,34.77046783625731,22.19,45.72,19.431578947368422,8.37,25.61,40.46362573099415,5.07,85.38,26.42672514619883,12.26,32.9,2.2067836257309943,0.85,5.19,347.09,2.0297660818713448,0.0,25.08,208.254,1.2178596491228069,0.0,15.047999999999998,16.262631141315563,8.854407954437438,19.30064696667971,0.26727400462644846,43,22,83,0,1165.807130879356,6.817585560697989,1.5153757059130855,14.30109725595252,131.75557512658196,0.7705004393367366,0.0,8.223690976837762,1034.0515557527742,6.047085121361253,0.0,14.30109725595252,1317.5557512658197,10340.515557527742,11658.071308793562,957.553130879356,0.11301661452971223,0.8869833854702879,2.99,15.0,10.0,29.9,2800.0,83720.0,440.6540974133176,3458.3664071999137,3899.0205046132314
Sonora,Moctezuma,38,Moctezuma,143,Maíz grano,2014,2015,29.748798,-109.707886,779.0,3,2.0,0.2727272727272727,1255.890612678355,7.344389547826637,2.6075721110929844,12.58210852919157,26.71868421052632,16.6,35.785,33.90964912280702,23.0,46.47,19.527719298245614,7.2,25.34,43.00473684210526,7.08,87.57,25.637660818713456,8.92,31.87,2.1210526315789475,0.6,4.48,428.21,2.504152046783626,0.0,37.55,256.926,1.5024912280701754,0.0,22.529999999999998,15.876899790051747,6.997135573181179,19.066992253905752,0.34096122359477216,56,28,67,0,1140.6266072326844,6.670331036448447,1.3493233417825419,15.098530235029884,156.2849963042996,0.9139473468087695,0.0,7.291174396799329,984.3416109283847,5.7563836896396765,0.0,15.098530235029884,1562.849963042996,9843.416109283848,11406.266072326844,883.7006072326844,0.1370167899935881,0.8629832100064119,3.75,18.0,18.0,67.5,3000.0,202500.0,416.75999014479896,2624.9109624756925,3041.6709526204913
Sonora,Moctezuma,38,Moctezuma,143,Maíz grano,2015,2016,29.748798,-109.707886,779.0,0,0.0,0.0,1152.5035251551249,6.739786696813596,1.607085633202369,10.984239768323771,25.91877192982456,15.764999999999999,33.3,32.645087719298246,19.83,42.35,19.192456140350878,8.5,24.45,50.43292397660818,12.84,87.73,25.393216374269006,4.35,32.75,2.01046783625731,0.74,4.38,412.49999999999994,2.4122807017543857,0.0,32.56,247.50000000000003,1.4473684210526316,0.0,19.536,16.174196192456282,4.1895847736235545,19.84755186028028,0.3579164757387429,53,27,42,0,1042.8527604605486,6.09855415474005,0.9642513799214214,13.181087721988526,160.02666046884698,0.9358284237944268,0.0,7.373267289245175,882.8260999917017,5.162725730945624,0.0,13.181087721988526,1600.26660468847,8828.260999917016,10428.527604605486,795.3527604605486,0.1534508672136759,0.8465491327863242,3.92,10.0,10.0,39.2,2850.0,111720.0,408.23127670624234,2252.1073979380144,2660.3386746442566
Sonora,Moctezuma,38,Moctezuma,143,Maíz grano,2019,2020,29.748798,-109.707886,779.0,2,1.1666666666666667,0.0,1251.8884417465629,7.320985039453584,3.358290177350877,11.34508025835787,26.67657894736842,16.89,35.085,33.94491228070176,22.51,43.89,19.408245614035085,8.46,27.06,43.05777777777777,11.34,87.77,26.214327485380114,13.59,32.62,2.155497076023392,0.8,4.18,269.7,1.5771929824561404,0.0,23.55,161.82000000000002,0.9463157894736843,0.0,14.13,16.33142259772404,9.437509060660702,19.273288059667422,0.21543453154957645,47,19,67,0,1135.30722098234,6.639223514516607,1.596728434505382,13.614096310029444,117.03468441692671,0.6844133591633141,0.0,7.058708691651853,1018.2725365654136,5.954810155353296,0.0,13.614096310029444,1170.3468441692671,10182.725365654136,11353.072209823404,973.4872209823399,0.10308635605757961,0.8969136439424207,3.8,6.0,3.0,11.4,5000.0,57000.0,307.9860116234914,2679.664569908983,2987.6505815324745
Sonora,Moctezuma,38,Moctezuma,143,Maíz grano,2020,2021,29.748798,-109.707886,779.0,2,1.25,0.0,1296.5930414621912,7.582415447147317,3.120012274008436,11.008326900161972,27.907017543859645,15.084999999999999,34.445,35.72520467836257,21.88,43.84,20.088830409356728,7.55,25.82,41.565672514619884,13.09,82.53,26.726140350877188,11.49,32.19,2.120760233918129,0.68,3.95,227.84,1.3323976608187136,0.0,26.94,182.272,1.0659181286549708,0.0,21.552000000000003,16.72452764327299,8.50150243992877,19.715029064470595,0.17572205982461603,47,17,111,0,1181.616234473775,6.910036458910965,1.3469330182031378,13.209992280194365,141.02003603006528,0.8246785732752356,0.0,10.145968621707619,1040.59619844371,6.08535788563573,0.0,13.209992280194365,1410.2003603006528,10405.961984437099,11816.162344737751,999.344234473775,0.11934503937555295,0.8806549606244473,3.7,5.0,5.0,18.5,5048.65,93400.03,381.1352325136899,2812.4221579559726,3193.5573904696626
Sonora,Moctezuma,38,Moctezuma,143,Maíz grano,2021,2022,29.748798,-109.707886,779.0,4,3.1,0.9,1242.7099951389268,7.26730991309314,3.019877014985957,11.61246891441361,27.077192982456143,17.689999999999998,35.005,34.21035087719298,25.09,44.38,19.944035087719296,10.29,25.63,44.61052631578947,8.89,89.17,25.925614035087722,10.65,32.32,2.056023391812866,0.71,4.67,362.79999999999995,2.1216374269005844,0.0,34.63,217.67999999999998,1.2729824561403507,0.0,20.778000000000002,16.159112418099678,8.15895772535084,19.500613310108335,0.2919426104394061,61,26,72,0,1108.5204338025396,6.482575636272162,1.801673709480544,13.934962697296331,153.34381858236324,0.8967474770898435,0.0,7.312636628074348,955.1766152201764,5.585828159182318,0.0,13.934962697296331,1533.4381858236325,9551.766152201764,11085.204338025396,890.8404338025397,0.13833197287699103,0.8616680271230089,4.1,14.0,14.0,57.4,5314.63,305059.76,374.00931361552017,2329.6990615126256,2703.7083751281457
Sonora,Moctezuma,38,Moctezuma,143,Maíz grano,2023,2024,29.748798,-109.707886,779.0,4,1.8,0.1,1394.4983084060163,8.154960867871441,3.525817997307335,11.212653579846771,28.665029239766078,16.01,36.504999999999995,36.965964912280704,24.39,46.78,20.364093567251462,5.46,29.32,31.976081871345027,10.06,78.47,26.982163742690062,11.6,32.28,2.256023391812865,0.55,3.93,156.89,0.917485380116959,0.0,15.38,125.512,0.7339883040935673,0.0,12.304000000000002,16.415939775083878,8.63104469148454,19.0172878050671,0.11250641112597215,32,9,115,0,1242.282884194136,7.264812188269801,1.9855492105139767,13.455184295816125,98.8452381115712,0.5780423281378433,0.0,7.832,1143.4376460825647,6.686769860131958,0.0,13.455184295816125,988.4523811157121,11434.376460825646,12422.828841941358,1116.770884194136,0.07956741525557742,0.9204325847444226,3.6,25.0,25.0,90.0,4500.0,405000.0,274.57010586547557,3176.2156835626793,3450.7857894281547
Sonora,Moctezuma,38,Moctezuma,143,Maíz forrajero en verde,2010,2011,29.748798,-109.707886,779.0,0,0.0,0.0,1216.2833469121047,7.554554949764626,2.8393101318680216,10.855511940366098,26.492577639751556,14.15,34.815,34.08801242236025,19.94,43.06,18.897142857142853,5.84,26.57,40.05881987577639,10.21,87.52,26.83142857142857,12.44,32.62,2.200621118012422,0.78,5.1,327.22,2.0324223602484475,0.0,31.28,196.332,1.2194534161490682,0.0,18.768,16.53092640011567,9.246653078632146,19.5640364076983,0.2690327059321702,40,19,73,0,1240.0992234338473,7.7024796486574365,1.328751681630414,13.026614328439317,140.18057743238768,0.870686816350234,0.0,6.8463954856511196,1099.9186460014598,6.831792832307204,0.0,13.026614328439317,1401.805774323877,10999.186460014598,12400.992234338475,1043.7672234338474,0.11303980744720268,0.8869601925527975,19.9,5.0,5.0,99.5,600.0,59700.0,70.44250122230538,552.7229376891759,623.1654389114813
Sonora,Moctezuma,38,Moctezuma,143,Maíz forrajero en verde,2011,2012,29.748798,-109.707886,779.0,5,4.0,1.0,1261.8791535519847,7.83775871771419,3.5567121891368183,12.293043040419445,26.87745341614907,14.25,34.565,34.75422360248447,21.62,43.99,19.000683229813664,6.58,25.35,38.48229813664596,6.92,87.67,27.270683229813663,16.2,33.32,2.2319254658385095,0.85,6.47,303.55,1.8854037267080745,0.0,21.66,182.12999999999997,1.1312422360248444,0.0,12.996,16.65399465417278,10.495573432900024,19.435948789927938,0.24055393826386315,45,20,78,0,1257.5700198102527,7.810993911864924,1.3596847658352305,14.751651648503334,153.81196668871524,0.955353830364691,0.0,10.221055145861124,1103.7580531215376,6.855640081500233,0.0,14.751651648503334,1538.1196668871526,11037.580531215375,12575.700198102528,1075.4400198102528,0.12230886890252284,0.8776911310974773,13.4,212.0,200.0,2680.0,310.0,830800.0,131.46321939206433,943.3829513859296,1074.8461707779938
Sonora,Moctezuma,38,Moctezuma,143,Maíz forrajero en verde,2012,2013,29.748798,-109.707886,779.0,2,2.0,0.0,1198.4015510847119,7.443487894936099,3.463746655508548,11.261606654595198,26.51409937888199,15.18,34.6,33.95639751552795,22.25,44.31,19.071801242236024,5.03,24.89,41.872173913043476,6.52,89.72,26.82260869565218,15.2,32.7,2.012049689440994,0.74,4.24,400.38999999999993,2.4868944099378876,0.0,20.75,240.234,1.492136645962733,0.0,12.45,16.423994440662913,10.926224099549952,19.339064870917444,0.33410337264466494,63,32,65,0,1191.5105636672124,7.400686730852251,1.8448910513658356,13.513927985514238,209.02309864837883,1.29828011582844,0.0,8.041258063388211,982.4874650188339,6.1024066150238125,0.0,13.513927985514238,2090.2309864837885,9824.874650188338,11915.105636672126,951.2765636672124,0.1754269790148153,0.8245730209851849,18.0,282.0,282.0,5076.0,324.91,1649243.16,148.24333237473678,696.7996205807332,845.0429529554699
Sonora,Moctezuma,38,Moctezuma,143,Maíz forrajero en verde,2013,2014,29.748798,-109.707886,779.0,2,2.0,0.0,1246.8034617887836,7.744120880675674,3.0914257084462764,11.9175810466271,27.112515527950308,15.280000000000001,33.885,34.87689440993789,22.19,45.72,19.348136645962732,8.37,25.61,39.00173913043478,5.07,82.66,26.714968944099375,12.26,32.9,2.2609316770186334,0.85,5.19,317.65000000000003,1.9729813664596276,0.0,25.08,190.59,1.1837888198757764,0.0,15.047999999999998,16.395305673579156,8.854407954437438,19.30064696667971,0.25477150949217686,41,21,80,0,1244.0363614062335,7.726933921777848,1.5153757059130855,14.30109725595252,144.77574366408368,0.8992282215160476,0.0,8.223690976837762,1099.2606177421499,6.8277057002618005,0.0,14.30109725595252,1447.7574366408367,10992.606177421498,12440.363614062335,1053.4463614062336,0.11637581356579652,0.8836241864342035,18.45,20.0,20.0,369.0,350.0,129150.0,78.46923775831094,595.8052128683739,674.2744506266848
Sonora,Moctezuma,38,Moctezuma,143,Maíz forrajero en verde,2014,2015,29.748798,-109.707886,779.0,3,2.1,0.3,1210.150347368587,7.516461784898056,3.453490758187893,12.58210852919157,26.739347826086956,16.6,35.785,34.04751552795031,23.0,46.47,19.4311801242236,7.2,25.34,41.43012422360248,7.08,87.48,26.082111801242238,8.92,31.87,2.1463975155279504,0.6,4.48,348.59999999999997,2.1652173913043478,0.0,19.59,209.16,1.2991304347826087,0.0,11.754,16.099725062824298,7.043255713312512,19.066992253905752,0.2880633805196302,51,25,65,0,1210.8352326385907,7.5207157306744765,1.3493233417825419,15.098530235029884,170.85229183425437,1.0611943592189712,0.0,7.291174396799329,1039.9829408043365,6.459521371455506,0.0,15.098530235029884,1708.5229183425438,10399.829408043366,12108.35232638591,1001.6752326385907,0.1411028414344549,0.8588971585655453,15.89,43.0,43.0,683.27,359.0,245293.93,133.53051335228946,812.804174133909,946.3346874861984
Sonora,Moctezuma,38,Moctezuma,143,Maíz forrajero en verde,2015,2016,29.748798,-109.707886,779.0,0,0.0,0.0,1103.1427958272843,6.851818607622884,1.607085633202369,10.984239768323771,25.887391304347826,15.764999999999999,33.3,32.69509316770186,19.83,42.35,19.07968944099379,8.5,24.45,49.238571428571426,12.84,87.73,25.62944099378882,4.35,32.75,2.0552795031055897,0.74,4.38,397.82,2.4709316770186334,0.0,32.56,238.692,1.4825590062111802,0.0,19.536,16.29774107256144,4.1895847736235545,19.84755186028028,0.36062421066862993,51,26,41,0,1108.7791445175253,6.886826984580902,1.0010123806687985,13.181087721988526,171.8915450049709,1.0676493478569622,0.0,7.373267289245175,936.8875995125543,5.81917763672394,0.0,13.181087721988526,1718.915450049709,9368.875995125543,11087.791445175253,870.0871445175253,0.15502775810214925,0.8449722418978506,20.8,25.0,25.0,520.0,368.0,191360.0,114.97762207690363,626.6806685702705,741.6582906471742
Sonora,Moctezuma,38,Moctezuma,143,Maíz forrajero en verde,2016,2017,29.748798,-109.707886,779.0,2,1.7,0.0,1193.2796594562783,7.411674903455145,2.077281608439819,11.305675075559147,26.692142857142855,16.23,34.455,34.379006211180126,24.54,45.66,19.00527950310559,7.22,26.11,41.31273291925466,8.99,83.58,26.671242236024842,7.32,32.74,2.1247826086956523,0.65,4.81,334.7,2.0788819875776396,0.0,22.51,200.81999999999996,1.2473291925465837,0.0,13.506,16.563202357014283,5.942080679300767,19.42570651386606,0.2804874761315441,47,24,67,0,1193.4555848753523,7.412767607921443,1.6823115866861005,13.566810090670977,158.17657279833892,0.9824631850828505,0.0,7.902031540459192,1035.2790120770132,6.430304422838591,0.0,13.566810090670977,1581.7657279833893,10352.790120770132,11934.555848753522,992.6355848753524,0.13253662289816953,0.8674633771018303,14.0,4.0,4.0,56.0,370.0,20720.0,112.9832662845278,739.485008626438,852.4682749109658
Sonora,Moctezuma,38,Moctezuma,143,Maíz forrajero en verde,2017,2018,29.748798,-109.707886,779.0,1,1.0,0.0,1203.7133762948229,7.47648059810449,2.851759350615811,11.063963910093111,26.974627329192547,16.7,35.504999999999995,34.494161490683226,22.48,46.01,19.455093167701865,8.86,26.9,41.267080745341616,6.01,90.58,26.623354037267084,11.56,32.47,2.065714285714286,0.51,4.68,311.75,1.936335403726708,0.0,16.6,187.05,1.1618012422360249,0.0,9.96,16.342557959344425,8.375649706925284,19.5587320325302,0.25899022652685366,51,21,77,0,1188.8558160766197,7.384197615382731,1.6339589094122013,13.276756692111734,166.82727741760857,1.0361942696745874,0.0,8.873999999999999,1022.0285386590108,6.3480033457081415,0.0,13.276756692111734,1668.2727741760857,10220.285386590109,11888.558160766195,1001.8058160766197,0.14032591266463287,0.8596740873353669,14.8,15.0,15.0,222.0,497.38,110418.36,112.72113339027605,690.5598234182505,803.2809568085265
Sonora,Moctezuma,38,Moctezuma,143,Maíz forrajero en verde,2018,2019,29.748798,-109.707886,779.0,4,3.1,0.7,1228.3333553675411,7.629399722779758,3.0108304233725236,11.283889036387817,27.622763975155276,18.625,34.815,34.926521739130436,24.74,43.95,20.319006211180124,9.5,27.89,40.238571428571426,6.64,82.04,26.321180124223602,9.03,32.36,2.1206832298136646,0.73,4.52,277.06,1.7208695652173913,0.0,26.24,166.23599999999996,1.0325217391304344,0.0,15.743999999999998,16.19351102194072,7.237877966113464,19.917178325977915,0.22555766216826237,46,19,77,0,1214.1216038375833,7.54112797414648,1.6017279897030932,13.540666843665381,138.27429380877825,0.8588465453961383,0.0,6.521999999999999,1075.8473100288052,6.6822814287503425,0.0,13.540666843665381,1382.7429380877825,10758.47310028805,12141.216038375833,1047.8856038375834,0.11388833982668808,0.886111660173312,13.0,10.0,10.0,130.0,590.0,76700.0,106.36484139136789,827.5748538683116,933.9396952596795
Sonora,Moctezuma,38,Moctezuma,143,Maíz forrajero en verde,2019,2020,29.748798,-109.707886,779.0,2,1.2,0.0,1202.5546123036627,7.46928330623393,3.358290177350877,11.34508025835787,26.648726708074534,16.89,35.085,34.00906832298136,22.51,43.89,19.2883850931677,8.46,27.06,41.49111801242236,11.34,87.77,26.555217391304343,13.59,32.62,2.1948447204968944,0.8,4.18,244.78999999999996,1.5204347826086955,0.0,23.55,195.83200000000002,1.2163478260869567,0.0,18.84,16.49404037339149,9.437509060660702,19.273288059667422,0.20355832283664047,44,17,65,0,1207.7146734204853,7.501333375282517,1.596728434505382,13.614096310029444,142.56122874347864,0.885473470456389,0.0,7.058708691651853,1065.1534446770067,6.615859904826129,0.0,13.614096310029444,1425.6122874347864,10651.534446770067,12077.146734204853,1011.8826734204853,0.11804214346399984,0.8819578565360002,17.2,20.0,15.0,258.0,590.0,152220.0,122.89761098575745,918.2357281698334,1041.1333391555909
Sonora,Moctezuma,38,Moctezuma,143,Maíz forrajero en verde,2020,2021,29.748798,-109.707886,779.0,1,1.0,0.0,1238.1861495205103,7.690597201990747,3.120012274008436,11.008326900161972,27.913975155279502,15.084999999999999,34.445,35.731801242236024,21.88,43.84,20.096149068322983,7.55,25.82,41.10590062111801,13.09,82.53,27.017888198757763,11.49,32.19,2.1555279503105593,0.68,3.95,225.13,1.3983229813664595,0.0,26.94,180.10399999999998,1.1186583850931675,0.0,21.552000000000003,16.905826613240453,8.50150243992877,19.715029064470595,0.18182241829080545,46,17,103,0,1266.9034992605962,7.8689658339167465,1.3469330182031378,13.209992280194365,149.65352721194242,0.9295250137387728,0.0,10.145968621707619,1117.2499720486537,6.939440820177974,0.0,13.209992280194365,1496.5352721194242,11172.499720486538,12669.034992605963,1086.7994992605961,0.11812543520424786,0.8818745647957521,14.5,18.0,18.0,261.0,611.69,159651.09,161.7875969858837,1207.8378076201661,1369.6254046060499
Sonora,Moctezuma,38,Moctezuma,143,Maíz forrajero en verde,2021,2022,29.748798,-109.707886,779.0,4,3.1,0.9,1187.2796049525305,7.374407484177208,3.019877014985957,11.61246891441361,27.059316770186335,17.689999999999998,35.005,34.24583850931677,25.09,44.38,19.872795031055905,10.29,25.63,43.449565217391296,8.89,89.17,26.06055900621118,10.65,32.32,2.1049068322981364,0.71,4.67,359.45,2.232608695652174,0.0,34.63,215.67,1.3395652173913042,0.0,20.778000000000002,16.209125870524332,8.15895772535084,19.500613310108335,0.30275092615136046,59,26,70,0,1174.1839099638169,7.2930677637504155,1.801673709480544,13.934962697296331,171.67642885720565,1.066313222715563,0.0,7.312636628074348,1002.5074811066113,6.226754541034853,0.0,13.934962697296331,1716.7642885720566,10025.074811066113,11741.83909963817,958.5139099638169,0.14620914781782007,0.85379085218218,14.0,15.0,15.0,210.0,667.43,140160.3,163.50136081638635,954.7690296253442,1118.2703904417306
Sonora,Moctezuma,38,Moctezuma,143,Maíz forrajero en verde,2023,2024,29.748798,-109.707886,779.0,2,1.5555555555555556,0.0,1323.5253861853676,8.220654572579923,3.525817997307335,11.212653579846771,28.555776397515526,16.01,36.504999999999995,36.86099378881988,24.39,46.78,20.25055900621118,5.46,29.32,31.646335403726706,10.06,78.47,27.148757763975155,11.6,32.28,2.2854037267080747,0.55,3.93,145.17,0.9016770186335403,0.0,15.38,116.13600000000001,0.7213416149068324,0.0,12.304000000000002,16.524373693250762,8.63104469148454,19.0172878050671,0.10968433361025692,30,8,105,0,1325.080577851692,8.230314148147155,1.9855492105139767,13.455184295816125,101.59212073757982,0.6310069611029803,0.0,7.832,1223.488457114112,7.5993071870441735,0.0,13.455184295816125,1015.9212073757982,12234.88457114112,13250.805778516919,1208.944577851692,0.07666863618383696,0.9233313638161629,7.5,25.0,20.0,150.0,820.0,123000.0,135.45616098343976,1631.317942818816,1766.7741038022557
Sonora,Moctezuma,38,Moctezuma,143,Sorgo grano,2011,2012,29.748798,-109.707886,779.0,5,4.2,1.0,1342.5538585404909,7.851192155207549,3.5567121891368183,12.293043040419445,25.42599415204678,14.25,34.565,33.7987134502924,21.62,43.99,17.05327485380117,6.58,25.35,32.62760233918129,6.92,87.67,27.113216374269005,16.2,33.32,2.3630994152046787,0.85,6.47,274.28,1.6039766081871343,0.0,21.66,164.56799999999998,0.9623859649122806,0.0,12.996,16.02524440310627,10.495573432900024,19.435948789927938,0.20429720435809823,37,19,65,0,1015.5180943584947,5.938702306190028,1.427747298148423,12.293043040419445,93.31883142114437,0.5457241603575694,0.0,4.684650275186349,922.1992629373505,5.392978145832458,0.0,12.293043040419445,933.1883142114436,9221.992629373504,10155.180943584948,850.9500943584948,0.09189282981717238,0.9081071701828277,3.1,20.0,20.0,62.0,3580.0,221960.0,301.0284884553044,2974.8363320559693,3275.8648205112736
Sonora,Moctezuma,38,Moctezuma,143,Sorgo grano,2013,2014,29.748798,-109.707886,779.0,2,2.0,0.0,1339.9366445069747,7.835886809982308,4.014430458692285,11.9175810466271,25.757602339181283,11.405,33.885,34.07385964912281,18.33,45.72,17.441345029239766,4.42,25.61,32.572105263157894,5.07,81.85,26.80929824561403,11.0,32.9,2.3974853801169593,0.85,5.19,188.11999999999998,1.1001169590643274,0.0,24.53,150.496,0.880093567251462,0.0,19.624000000000002,15.93697947487729,7.47152631204274,19.30064696667971,0.14039469759349563,26,10,73,3,1013.0930600216478,5.924520818840046,1.2043291376076855,11.9175810466271,77.95943331895978,0.4559031188243262,0.0,4.426774519455569,935.1336267026879,5.468617700015719,0.0,11.9175810466271,779.5943331895978,9351.33626702688,10130.930600216478,862.5970600216478,0.0769518975061323,0.9230481024938676,2.6,15.0,10.0,26.0,2750.0,71500.0,299.8439743036915,3596.667795010338,3896.5117693140296
Sonora,Moctezuma,38,Moctezuma,143,Sorgo forrajero en verde,2010,2011,29.748798,-109.707886,779.0,0,0.0,0.0,1148.331746584272,7.60484600386935,3.096245856640689,10.855511940366098,23.98483443708609,10.665000000000001,34.815,32.466754966887414,17.9,43.06,15.502913907284766,2.46,26.57,32.66059602649007,10.21,86.64,26.807947019867548,9.92,32.62,2.51317880794702,1.1,5.1,145.82999999999998,0.9657615894039734,0.0,22.78,116.66399999999999,0.7726092715231787,0.0,18.224,15.910109339623597,6.9632987415365015,19.5640364076983,0.12699291858278172,19,9,57,7,1020.0779250304115,6.755482947221268,0.9288737569922068,10.461357281329606,64.79900309388101,0.42913247082040407,0.0,5.546096380889994,955.2789219365301,6.326350476400862,0.0,10.461357281329606,647.9900309388102,9552.7892193653,10200.779250304111,903.4139250304115,0.06352358138908766,0.9364764186109119,40.0,100.0,100.0,4000.0,400.0,1600000.0,25.919601237552406,382.111568774612,408.0311700121644
Sonora,Moctezuma,38,Moctezuma,143,Sorgo forrajero en verde,2011,2012,29.748798,-109.707886,779.0,5,4.25,1.0,1231.2766982606931,8.15415031960724,4.346972971103431,12.293043040419445,25.17864238410596,14.25,34.565,33.97695364238411,21.62,43.99,16.380331125827812,6.58,25.35,27.901920529801323,6.92,78.89,27.559668874172186,16.72,33.32,2.508940397350993,0.96,6.47,159.5,1.0562913907284768,0.0,19.43,127.60000000000004,0.8450331125827817,0.0,15.544,16.022262793366746,10.495573432900024,19.435948789927938,0.12954033827271352,25,12,61,0,1076.0215814555845,7.125970738116454,1.427747298148423,12.293043040419445,87.77752434285664,0.5813081082308387,0.0,7.239914061651629,988.2440571127277,6.544662629885614,0.0,12.293043040419445,877.7752434285663,9882.440571127278,10760.215814555844,948.4215814555845,0.08157598867498168,0.9184240113250182,20.8,200.0,200.0,4160.0,412.0,1713920.0,61.3828841558438,691.0797602186907,752.4626443745345
Sonora,Moctezuma,38,Moctezuma,143,Sorgo forrajero en verde,2012,2013,29.748798,-109.707886,779.0,2,2.0,0.0,1173.9799212586545,7.774701465289103,2.4608355002027382,11.261606654595198,24.741622516556294,10.79,34.6,33.26317880794702,14.02,44.31,16.220066225165564,3.35,24.89,30.06920529801325,6.52,83.94,27.047019867549665,8.66,32.7,2.3416556291390727,0.82,5.16,228.31,1.5119867549668875,0.0,17.62,182.64800000000005,1.2095894039735102,0.0,14.096000000000002,15.813936110165153,6.58880973558723,19.339064870917444,0.19447521705075066,37,19,58,6,1037.6742950284374,6.872015198863824,0.7382506500608215,11.261606654595198,127.65812911519565,0.8454180736105672,0.0,6.775001748311037,910.0161659132416,6.0265971252532555,0.0,11.261606654595198,1276.5812911519565,9100.161659132416,10376.742950284373,855.0262950284374,0.12302331254307228,0.8769766874569276,20.5,557.0,557.0,11418.5,480.0,5480880.0,88.34472603127728,629.7689729503403,718.1136989816175
Sonora,Moctezuma,38,Moctezuma,143,Sorgo forrajero en verde,2013,2014,29.748798,-109.707886,779.0,2,2.0,0.0,1209.0864365309735,8.007194943913731,4.014430458692285,11.9175810466271,25.282483443708607,11.405,33.885,33.78615894039736,18.33,45.72,16.778807947019867,4.42,25.61,29.81370860927153,5.07,81.85,27.072781456953642,11.0,32.9,2.5121854304635765,0.85,5.19,156.20000000000002,1.0344370860927155,0.0,24.53,124.96,0.8275496688741721,0.0,19.624000000000002,15.87484122231092,7.47152631204274,19.30064696667971,0.12918844780705518,20,9,57,3,1060.1759912528298,7.021033054654502,1.2043291376076855,11.9175810466271,72.75987395461907,0.48185346989813954,0.0,5.825114441926748,987.4161172982106,6.539179584756361,0.0,11.9175810466271,727.5987395461907,9874.161172982105,10601.759912528296,935.2159912528298,0.06862999592042955,0.9313700040795703,22.5,60.0,30.0,675.0,425.0,286875.0,50.00678622310589,678.6365067341653,728.6432929572712
Sonora,Moctezuma,38,Moctezuma,143,Sorgo forrajero en verde,2014,2015,29.748798,-109.707886,779.0,3,2.111111111111111,0.2222222222222222,1185.1095943131384,7.848407909358532,3.717814472919944,12.58210852919157,25.386158940397355,16.6,35.785,33.495827814569545,23.0,46.47,17.276490066225165,6.88,25.34,30.997947019867553,7.08,82.38,26.342847682119206,8.92,31.87,2.43,0.84,5.15,170.27000000000004,1.1276158940397354,0.0,19.3,136.216,0.9020927152317881,0.0,15.440000000000001,15.5932782875765,7.043255713312512,19.066992253905752,0.14367447602910052,24,13,57,0,1046.9438643540025,6.93340307519207,1.3116936642803525,12.58210852919157,81.65929005089586,0.5407900003370587,0.0,5.358556681743037,965.2845743031066,6.392613074855011,0.0,12.58210852919157,816.5929005089586,9652.845743031066,10469.438643540025,910.7278643540025,0.07799777316741068,0.9220022268325894,32.3,90.0,90.0,2907.0,500.0,1453500.0,32.09247005340769,379.36120035492496,411.45367040833264
Sonora,Moctezuma,38,Moctezuma,143,Sorgo forrajero en verde,2015,2016,29.748798,-109.707886,779.0,0,0.0,0.0,1039.8169834644086,6.886205188506017,1.4221840345683963,10.984239768323771,24.115198675496686,11.885000000000002,33.3,31.583178807947018,16.56,42.35,16.647218543046353,5.97,24.45,43.243708609271515,12.84,86.21,25.39271523178808,5.08,32.75,2.2825165562913905,0.79,4.56,281.31999999999994,1.8630463576158935,0.0,32.56,168.79199999999997,1.1178278145695362,0.0,19.536,15.723743454721262,4.566387468074261,19.84755186028028,0.2705476102753318,34,18,37,0,926.0870329316859,6.13302670815686,0.42665521037051884,10.984239768323771,99.27262738537242,0.6574346184461749,0.0,6.865437400580086,826.8144055463135,5.475592089710686,0.0,10.984239768323771,992.7262738537241,8268.144055463135,9260.87032931686,757.2950329316859,0.10719578598472332,0.8928042140152767,24.5,50.0,50.0,1225.0,466.0,570850.0,56.40490192350705,469.78091224222356,526.1858141657306
Sonora,Moctezuma,38,Moctezuma,143,Sorgo forrajero en verde,2016,2017,29.748798,-109.707886,779.0,2,1.7777777777777777,0.0,1151.346971420074,7.6248143802653905,2.0886953557740386,11.305675075559147,25.125794701986756,8.975000000000001,34.455,33.55059602649006,11.46,45.66,16.700993377483446,3.42,26.11,32.5076821192053,8.99,79.12,26.998741721854305,8.71,32.74,2.317682119205298,0.96,4.03,181.94,1.2049006622516556,0.0,16.22,145.552,0.9639205298013245,0.0,12.975999999999999,16.126803194090616,6.897553070541671,19.42570651386606,0.15802360584281105,28,14,56,1,1011.6109577229221,6.699410316045841,0.6266086067322115,10.949582884367864,102.40286704738429,0.6781646824330085,0.0,7.083638829237988,909.2080906755377,6.021245633612833,0.0,10.717106202976295,1024.0286704738428,9092.080906755378,10116.109577229221,866.0589577229221,0.10122751860842555,0.8987724813915744,18.5,380.88,380.88,7046.28,463.0,3262427.64,63.01714895223648,559.5126711849464,622.5298201371829
Sonora,Moctezuma,38,Moctezuma,143,Sorgo forrajero en verde,2017,2018,29.748798,-109.707886,779.0,1,1.0,0.0,1168.0500107600978,7.735430534835085,3.537710287944908,11.063963910093111,25.752649006622516,16.665,35.504999999999995,34.044172185430455,22.48,46.01,17.46112582781457,6.85,26.9,32.26768211920529,6.01,90.58,26.838609271523175,15.21,32.47,2.2950993377483444,1.0,4.68,212.25000000000003,1.405629139072848,0.0,16.6,169.79999999999998,1.124503311258278,0.0,13.280000000000001,15.801223996962412,9.179805781097818,19.5587320325302,0.18171310992230572,29,17,70,0,1027.5832049239839,6.805186787576052,1.248972712707217,11.063963910093111,107.2023985370186,0.7099496591855536,0.0,6.41185170170602,920.3808063869654,6.0952371283905,0.0,11.063963910093111,1072.023985370186,9203.808063869654,10275.83204923984,857.7832049239839,0.10432478657039647,0.8956752134296037,18.3,330.0,330.0,6039.0,519.57,3137683.23,84.0803125780538,721.8672991270316,805.9476117050855
Sonora,Moctezuma,38,Moctezuma,143,Sorgo forrajero en verde,2018,2019,29.748798,-109.707886,779.0,4,3.6666666666666665,1.0,1201.0523291703148,7.953988934902747,3.0108304233725236,11.283889036387817,26.261059602649006,14.91,34.815,34.53735099337749,20.73,43.95,17.984768211920528,3.53,27.89,28.984172185430467,6.64,80.86,26.404635761589407,7.7,32.36,2.379139072847682,0.79,4.52,151.50000000000003,1.0033112582781458,0.0,26.24,121.2,0.8026490066225166,0.0,20.992,15.561660506808177,6.253482911337602,19.917178325977915,0.12613938320627213,21,11,71,1,1062.7513314694518,7.038088287877164,1.4829871866110214,11.283889036387817,70.65910673072308,0.46794110417697404,0.0,6.474366192998529,992.0922247387288,6.570147183700191,0.0,11.283889036387817,706.5910673072308,9920.922247387287,10627.513314694517,941.5513314694517,0.06648696137884269,0.9335130386211574,16.0,350.0,350.0,5600.0,569.82,3190992.0,60.13540998359411,844.3338082882798,904.4692182718738
Sonora,Moctezuma,38,Moctezuma,143,Sorgo forrajero en verde,2019,2020,29.748798,-109.707886,779.0,2,1.5,0.0,1124.883193546891,7.449557573158219,1.8235664338448683,11.34508025835787,24.511920529801323,11.705,35.085,32.50549668874172,15.24,43.89,16.518344370860923,4.77,27.06,35.09556291390729,11.34,77.99,26.338344370860924,4.26,32.62,2.3750993377483445,0.89,4.18,165.22,1.0941721854304636,0.0,31.18,132.17600000000002,0.875337748344371,0.0,24.944000000000003,15.881117089503114,4.3634030199804075,19.273288059667422,0.14687747221028488,23,11,51,2,1002.33637203333,6.637989218763775,0.5470699301534605,9.947701458759278,65.38241964420483,0.4329961565841379,0.0,5.0524998966560215,936.9539523891249,6.204993062179635,0.0,9.947701458759278,653.8241964420483,9369.53952389125,10023.363720333298,870.16037203333,0.06523001805428917,0.9347699819457105,16.5,185.0,130.0,2145.0,685.0,1469325.0,50.29416895708064,720.7338095300961,771.0279784871767
Sonora,Moctezuma,38,Moctezuma,143,Sorgo forrajero en verde,2020,2021,29.748798,-109.707886,779.0,0,0.0,0.0,1096.5611482785278,7.261994359460449,1.3961962638016014,11.008326900161972,24.882086092715234,8.74,34.445,32.80562913907285,12.33,43.84,16.95854304635762,2.55,25.63,40.06079470198676,13.09,85.53,26.09066225165563,3.85,32.19,2.272980132450331,0.96,4.12,223.84000000000003,1.4823841059602652,0.0,37.73,179.072,1.185907284768212,0.0,30.183999999999997,16.024230828422755,4.033543989772081,19.715029064470595,0.20412906325507021,36,14,74,2,983.7486495090466,6.514891718602957,0.4188588791404804,10.10683455786244,98.00005890661137,0.6490070126265653,0.0,8.454973851423016,885.7485906024352,5.865884705976392,0.0,9.98183319467788,980.0005890661137,8857.485906024353,9837.486495090467,804.6766495090466,0.09961900222736739,0.9003809977726326,15.5,190.0,190.0,2945.0,656.45,1933245.25,95.60981356742572,864.1449664414002,959.754780008826
Sonora,Moctezuma,38,Moctezuma,143,Sorgo forrajero en verde,2021,2022,29.748798,-109.707886,779.0,4,3.3333333333333335,1.0,1153.9906640505674,7.642322278480578,3.019877014985957,11.61246891441361,25.01278145695364,10.685,35.005,33.11794701986754,16.57,44.38,16.907615894039733,1.81,25.63,32.41781456953642,8.89,83.81,26.355827814569537,10.65,32.32,2.396291390728477,0.81,4.67,169.68999999999997,1.123774834437086,0.0,19.66,135.75199999999995,0.8990198675496686,0.0,15.728000000000002,15.66131183476589,8.113883910835353,19.500613310108335,0.14704625027413934,30,11,61,6,1018.8777253950124,6.747534605264983,1.264151474007582,11.61246891441361,96.52664688757083,0.6392493171362307,0.0,6.04,922.3510785074413,6.108285288128751,0.0,11.61246891441361,965.2664688757084,9223.510785074413,10188.777253950122,883.1257253950124,0.09473820506788297,0.9052617949321169,15.2,320.0,320.0,4864.0,706.79,3437826.56,86.18450614961682,823.5277486673584,909.7122548169752
Sonora,Moctezuma,38,Moctezuma,143,Sorgo forrajero en verde,2022,2023,29.748798,-109.707886,779.0,4,2.7777777777777777,0.6666666666666666,1151.599765940436,7.626488516161828,3.5078458521034075,11.373385810385598,25.384271523178807,13.49,33.620000000000005,33.772582781456954,22.0,43.74,16.995960264900663,3.59,24.65,31.937417218543047,3.08,81.02,26.747814569536423,13.39,32.77,2.260596026490066,0.77,4.31,209.26999999999998,1.3858940397350992,0.0,15.56,167.41599999999997,1.1087152317880793,0.0,12.448,15.80294947134146,8.37260930941321,19.219601586426876,0.18172112064394427,36,18,69,1,1014.6587489376882,6.71959436382575,1.2524941766701583,11.373385810385598,123.87605060914395,0.820371196087046,0.0,5.948217016576121,890.782698328544,5.899223167738702,0.0,11.373385810385598,1238.7605060914395,8907.82698328544,10146.58748937688,847.2427489376882,0.12208641648124337,0.8779135835187565,15.5,269.0,269.0,4169.5,819.93,3418698.14,105.42642605033528,758.1129347476971,863.5393607980324
Sonora,Moctezuma,38,Moctezuma,143,Sorgo forrajero en verde,2023,2024,29.748798,-109.707886,779.0,2,1.4285714285714286,0.0,1210.7461036434338,8.018186116843932,3.276835231480493,11.212653579846771,25.679403973509938,8.935,36.504999999999995,34.29463576158941,15.3,46.78,17.064172185430465,1.37,29.32,28.165364238410596,10.06,64.52,26.936225165562917,9.06,32.28,2.4498013245033112,1.0,3.93,64.01,0.42390728476821193,0.0,9.79,51.208,0.3391258278145695,0.0,7.832,15.918979823635576,6.746105879078397,19.0172878050671,0.05286822712654463,16,3,70,3,1073.0519638262272,7.10630439620018,0.9830505694441479,9.97655590386326,48.95954482493622,0.3242353961916306,0.0,5.892927520039035,1024.092419001291,6.78206900000855,0.0,9.97655590386326,489.5954482493622,10240.924190012911,10730.519638262273,1021.8439638262272,0.045626443523162745,0.9543735564768374,15.5,230.0,130.0,2015.0,820.0,1652300.0,41.667697723349974,871.5680161713116,913.2357138946616
Sonora,Moctezuma,38,Moctezuma,143,Trigo grano,2010,2011,29.748798,-109.707886,779.0,1,1.0,0.0,486.53389322675395,4.463613699328018,1.1917625989982676,8.088823942884106,15.215733944954131,7.3100000000000005,23.045,23.312293577981645,10.99,33.45,7.119174311926606,0.22,15.07,44.42330275229358,17.94,89.33,19.348073394495408,4.06,28.97,2.3398165137614675,1.07,7.51,112.19,1.0292660550458714,0.0,34.93,89.752,0.8234128440366972,0.0,27.944000000000003,10.667695423869452,3.7372076296131826,16.389543754699048,0.230590307400666,14,8,0,23,476.87747434225054,4.375022700387619,0.3912486466554945,9.302147534316722,19.37546857490086,0.17775659243028313,0.0,3.285408887220513,457.5020057673497,4.197266107957337,0.0,9.302147534316722,193.75468574900862,4575.020057673497,4768.774743422506,387.1254743422505,0.04062986745520982,0.9593701325447903,3.5,50.0,50.0,175.18,2749.92,481731.25,55.35848164257389,1307.1485879067134,1362.5070695492873
Sonora,Moctezuma,38,Moctezuma,143,Trigo grano,2011,2012,29.748798,-109.707886,779.0,4,2.25,0.5,856.6378607220624,4.9804526786166425,1.5448787425854493,10.408003286731196,17.314534883720928,-0.18999999999999995,25.835,26.02732558139535,5.12,36.24,8.601744186046512,-5.5,16.71,28.74151162790697,8.95,78.69,18.994476744186045,6.25,29.73,2.225639534883721,1.16,6.71,10.129999999999999,0.058895348837209295,0.0,4.43,8.104,0.04711627906976744,0.0,3.544,9.33647125024032,4.360067222831697,16.60977031845483,0.011825300356747476,4,0,5,27,664.0170146031041,3.8605640383901405,0.8868964046633838,8.963673741317308,5.565681192169292,0.032358611582379605,0.0,1.7766105539732666,658.4513334109347,3.82820542680776,0.0,8.963673741317308,55.65681192169292,6584.513334109347,6640.17014603104,655.9130146031041,0.008381835208689657,0.9916181647913102,3.9,25.0,25.0,97.5,3500.0,341250.0,14.270977415818697,1688.3367523357301,1702.6077297515487
Sonora,Moctezuma,38,Moctezuma,143,Trigo grano,2012,2013,29.748798,-109.707886,779.0,4,2.1666666666666665,0.3333333333333333,762.574414679434,4.40794459352274,1.0381907532237182,8.887256373624165,15.837254335260115,5.1000000000000005,24.54,24.11722543352601,10.23,35.16,7.557283236994219,-0.94,16.41,39.07260115606936,9.13,89.37,18.189364161849713,2.99,30.01,2.1894219653179188,1.04,5.41,121.26,0.7009248554913295,0.0,41.12,97.00800000000001,0.5607398843930637,0.0,32.896,9.37157088054716,3.213407548441227,16.905407031721538,0.1590139895409086,12,8,1,38,571.4498288197648,3.303178201270317,0.3155457401615563,9.726485757215919,17.238448184312084,0.09964420915787332,0.0,3.192,554.2113806354528,3.203533992112444,0.0,9.726485757215919,172.38448184312085,5542.113806354528,5714.498288197648,474.44182881976474,0.030166162128205113,0.969833837871795,3.5,60.0,60.0,210.0,3600.0,756000.0,49.25270909803453,1583.4610875298652,1632.7137966278997
Sonora,Moctezuma,38,Moctezuma,143,Trigo grano,2013,2014,29.748798,-109.707886,779.0,2,1.8333333333333333,0.0,801.4534353953168,4.6596129964844,1.4906878039660094,9.497183626404839,17.05218023255814,3.75,24.990000000000002,25.352441860465117,11.7,35.55,8.751918604651163,-4.48,18.71,33.058662790697674,6.03,81.24,18.025697674418605,4.78,30.6,2.169709302325581,0.82,5.19,42.75,0.24854651162790697,0.0,13.95,34.2,0.1988372093023256,0.0,11.16,9.175943218073353,4.081120625932482,17.073512661260267,0.053340591121071895,6,4,1,46,605.6682949411512,3.521327296169484,0.7461413091563915,8.920849053807416,18.78832189909907,0.10923442964592484,0.0,3.51092804866017,586.8799730420521,3.412092866523559,0.0,8.920849053807416,187.8832189909907,5868.799730420522,6056.682949411513,571.4682949411512,0.03102081131871796,0.9689791886812821,2.0,73.0,25.0,50.0,3598.0,179900.0,93.94160949549536,2934.399865210261,3028.3414747057564
Sonora,Moctezuma,38,Moctezuma,143,Trigo grano,2014,2015,29.748798,-109.707886,779.0,2,1.3333333333333333,0.0,810.1463374569856,4.710153124749916,1.2011271254701343,9.471039861269873,18.366656976744185,7.595000000000001,25.945,26.39906976744186,11.23,37.47,10.334244186046512,2.9,18.96,34.53081395348838,7.08,84.5,17.448313953488373,4.34,29.26,2.1424418604651163,1.03,5.15,36.83,0.21412790697674416,0.0,8.56,29.464000000000002,0.17130232558139535,0.0,6.848000000000001,8.973949426512755,3.7290506143729654,16.28487981984985,0.04546092267183208,9,3,4,10,636.4066273799026,3.7000385312785036,0.5655212977551528,9.602663955554394,13.690643542576513,0.07959676478242159,0.0,2.2710772589162,622.715983837326,3.6204417664960813,0.0,9.602663955554394,136.90643542576512,6227.15983837326,6364.066273799025,606.9426273799025,0.021512415103125397,0.9784875848968745,0.0,5.0,0.0,0.0,0.0,0.0,,,
Sonora,Moctezuma,38,Moctezuma,143,Trigo forrajero verde,2010,2011,29.748798,-109.707886,779.0,1,1.0,0.0,324.04107280588687,3.7679194512312426,1.1917625989982676,7.026714573368149,13.806627906976745,7.3100000000000005,19.064999999999998,21.582441860465117,10.99,29.45,6.030813953488373,0.22,12.11,49.19767441860464,24.17,89.33,17.475581395348836,4.06,26.55,2.304302325581395,1.07,7.51,112.0,1.302325581395349,0.0,34.93,89.60000000000001,1.0418604651162793,0.0,27.944000000000003,9.503967792558981,3.7372076296131826,15.170511804320903,0.3456351968908964,14,8,0,23,290.0107308582535,3.372217800677366,0.3912486466554945,8.08072175937337,19.223468574900867,0.2235287043593124,0.0,3.285408887220513,270.78726228335256,3.148689096318053,0.0,8.08072175937337,192.23468574900866,2707.8726228335254,2900.107308582534,200.4107308582535,0.0662853699172138,0.9337146300827859,18.0,23.0,23.0,414.0,350.0,144900.0,10.679704763833815,150.43736793519585,161.11707269902968
Sonora,Moctezuma,38,Moctezuma,143,Trigo forrajero verde,2011,2012,29.748798,-109.707886,779.0,3,1.6666666666666667,0.3333333333333333,680.7371804621957,4.5687059091422535,1.5448787425854493,8.216401873599919,16.619093959731543,-0.18999999999999995,24.565,25.233825503355707,5.12,33.63,8.004362416107384,-5.5,16.71,29.543892617449664,10.03,78.69,17.804899328859058,6.25,26.85,2.1506040268456372,1.16,6.71,7.74,0.05194630872483222,0.0,4.43,6.192,0.04155704697986577,0.0,3.544,8.471344398949567,4.360067222831697,14.890259892926707,0.011370026821136496,3,0,0,27,633.197859418938,4.249650063214349,0.8868964046633838,8.963673741317308,4.424610553973267,0.029695372845458166,0.0,1.7766105539732666,628.7732488649647,4.2199546903688905,0.0,8.963673741317308,44.24610553973267,6287.732488649646,6331.978594189379,627.005859418938,0.006987721907388579,0.9930122780926113,10.0,20.0,20.0,200.0,325.0,65000.0,4.424610553973267,628.7732488649647,633.1978594189379
Sonora,Moctezuma,38,Moctezuma,143,Trigo forrajero verde,2012,2013,29.748798,-109.707886,779.0,4,2.2,0.4,589.5855841758101,3.930570561172068,1.0381907532237182,8.457813701926886,15.0557,5.1000000000000005,24.125,23.150199999999998,10.23,34.4,6.961200000000001,-0.94,16.41,42.25326666666667,12.04,89.37,16.66353333333333,2.99,26.92,2.159066666666667,1.04,5.41,121.25000000000001,0.8083333333333335,0.0,41.12,97.00000000000001,0.6466666666666667,0.0,32.896,8.453447743415696,3.213407548441227,14.97289889046763,0.2056529251296011,12,8,0,38,545.6847585902461,3.637898390601641,0.3155457401615563,9.726485757215919,17.23044818431208,0.11486965456208054,0.0,3.192,528.4543104059342,3.523028736039561,0.0,9.726485757215919,172.3044818431208,5284.543104059341,5456.847585902462,448.68475859024613,0.03157582819213464,0.9684241718078656,9.5,150.0,150.0,1425.0,332.0,473100.0,18.137313878223242,556.2676951641412,574.4050090423644
Sonora,Moctezuma,38,Moctezuma,143,Trigo forrajero verde,2013,2014,29.748798,-109.707886,779.0,2,1.8,0.0,630.6561030830776,4.2325912958595815,1.4906878039660094,7.757260046789058,16.454530201342283,3.75,24.990000000000002,24.65590604026846,11.7,35.55,8.253154362416108,-4.48,18.71,34.36013422818792,11.88,81.24,16.582885906040268,4.78,26.92,2.08255033557047,0.82,4.56,42.269999999999996,0.2836912751677852,0.0,13.95,33.816,0.22695302013422822,0.0,11.16,8.22646490628442,4.081120625932482,14.333104371870316,0.06702543556362235,6,4,1,46,579.0038183960937,3.885931667087877,0.7461413091563915,8.905279444543073,18.404321899099074,0.12351893892012801,0.0,3.51092804866017,560.5994964969947,3.7624127281677495,0.0,8.905279444543073,184.04321899099074,5605.9949649699465,5790.038183960937,545.1878183960937,0.03178618398421125,0.9682138160157888,8.5,50.0,50.0,425.0,327.37,139132.25,21.65214341070479,659.528819408229,681.1809628189337
Sonora,Moctezuma,38,Moctezuma,143,Trigo forrajero verde,2014,2015,29.748798,-109.707886,779.0,1,1.0,0.0,644.355185262982,4.324531444718,1.2011271254701343,8.3501425700473,17.83996644295302,7.595000000000001,24.955,25.736174496644292,11.23,34.29,9.943758389261744,2.9,18.23,36.73677852348994,12.5,84.5,16.317248322147652,4.34,26.54,2.1098657718120806,1.03,5.15,35.83,0.24046979865771811,0.0,8.56,28.664,0.19237583892617452,0.0,6.848000000000001,8.210395079401664,3.7290506143729654,15.25333870703389,0.05560597760282883,9,3,0,10,608.7686308340083,4.0856955089530755,0.5655212977551528,7.785824316822531,12.890643542576512,0.08651438619178868,0.0,2.2710772589162,595.8779872914317,3.999181122761287,0.0,7.785824316822531,128.90643542576512,5958.779872914318,6087.686308340083,580.1046308340083,0.02117494708115369,0.9788250529188463,9.25,30.0,30.0,277.5,365.0,101287.5,13.935830856839473,644.1924186934398,658.1282495502793
Sonora,Moctezuma,38,Moctezuma,143,Trigo forrajero verde,2015,2016,29.748798,-109.707886,779.0,0,0.0,0.0,580.7070005801461,3.8973624200009804,1.146810935972066,7.091585538066472,17.359161073825504,7.04,24.755000000000003,24.914899328859057,12.41,33.28,9.803422818791946,-0.8,18.28,44.92127516778524,16.55,87.59,15.794429530201342,3.05,26.74,2.037785234899329,0.95,5.43,134.19,0.9006040268456376,0.0,27.47,107.35199999999999,0.72048322147651,0.0,21.976,8.282366087490507,3.331612346452405,14.953235303067768,0.23108038970761435,15,9,0,9,531.3522580902804,3.5661225375186607,0.8126126862046489,6.3824269842598245,31.705378586238837,0.21278777574656937,0.0,3.312148571674281,499.64687950404164,3.3533347617720914,0.0,6.3824269842598245,317.0537858623884,4996.468795040417,5313.522580902805,424.00025809028045,0.05966922715298195,0.9403307728470182,9.13,16.0,16.0,146.08,375.0,54780.0,34.72659209883772,547.2583565214038,581.9849486202415
Sonora,Moctezuma,38,Moctezuma,143,Trigo forrajero verde,2016,2017,29.748798,-109.707886,779.0,1,1.0,0.0,628.5040017303537,4.190026678202358,1.539000046353191,8.55039130122345,16.557266666666667,4.930000000000001,23.715,24.96873333333333,11.46,34.62,8.1458,-2.1,16.81,39.10733333333333,14.02,83.14,16.851333333333333,2.85,26.78,2.0886,1.09,4.21,83.56,0.5570666666666667,0.0,12.54,66.848,0.44565333333333335,0.0,10.032,8.486960987689873,3.208898074395007,14.9382704795929,0.13295062524653525,13,6,0,34,600.7437095431012,4.004958063620674,0.489448482852809,8.038668222686125,25.653183764398705,0.17102122509599135,0.0,2.7554205446442834,575.0905257787025,3.8339368385246835,0.0,8.038668222686125,256.53183764398705,5750.905257787025,6007.4370954310125,533.8957095431012,0.042702375999757645,0.9572976240002423,10.0,30.0,30.0,300.0,370.0,111000.0,25.653183764398705,575.0905257787025,600.7437095431012
Sonora,Moctezuma,38,Moctezuma,143,Trigo forrajero verde,2018,2019,29.748798,-109.707886,779.0,3,2.2,0.4,655.3901488204206,4.3985916028216145,1.4276266092342773,7.3638438419176975,19.038255033557046,9.095,27.17,26.945369127516784,14.62,35.78,11.131140939597316,1.09,19.07,34.5161744966443,15.74,83.84,16.01261744966443,3.69,27.13,2.0730872483221474,0.9,5.47,43.42,0.29140939597315435,0.0,26.74,34.736,0.23312751677852347,0.0,21.392,8.015101498741434,3.495222578205209,14.896321631744392,0.06625061435260793,5,1,5,13,600.7870876234135,4.032128104855125,0.9468465541291421,8.05502334263259,13.878238148150853,0.09314253790705271,0.0,2.371080421236417,586.9088494752627,3.9389855669480722,0.0,8.05502334263259,138.78238148150854,5869.088494752627,6007.870876234136,566.0510876234135,0.023100093916881975,0.9768999060831182,16.5,5.0,5.0,82.5,550.0,45375.0,8.411053423121729,355.7023330153107,364.1133864384325
Sonora,Moctezuma,38,Moctezuma,143,Trigo forrajero verde,2019,2020,29.748798,-109.707886,779.0,0,0.0,0.0,520.5827259074924,3.493843798036862,0.8718077640986089,6.215049525570538,15.609295302013422,6.39,22.314999999999998,22.953355704697984,10.42,32.29,8.26523489932886,-0.82,16.38,48.466107382550334,28.0,88.4,15.30684563758389,3.06,26.33,1.9251677852348994,0.87,5.5,122.96,0.8252348993288591,0.0,31.18,98.36800000000001,0.6601879194630873,0.0,24.944000000000003,8.173461930434073,3.2389100124993644,14.816514000300767,0.23619684995435286,14,7,0,27,481.2286808487237,3.2297226902598903,0.6791420586078838,6.530940952925191,30.09012299121217,0.2019471341692092,0.0,3.4297585115140063,451.13855785751144,3.0277755560906807,0.0,6.530940952925191,300.9012299121217,4511.385578575115,4812.286808487236,382.8606808487237,0.06252770083890974,0.9374722991610901,16.8,10.0,10.0,168.0,554.0,93072.0,17.91078749476915,268.53485586756636,286.4456433623355
Sonora,Moctezuma,38,Moctezuma,143,Trigo forrajero verde,2022,2023,29.748798,-109.707886,779.0,1,1.0,0.0,624.3198236971733,4.190065930853512,1.2588816358650055,8.27516822948519,17.254362416107384,7.484999999999999,24.849999999999998,25.385906040268456,14.95,35.59,9.12281879194631,-0.63,16.93,36.858322147651,7.92,86.77,16.748859060402683,4.02,27.54,1.9928187919463092,1.24,4.5,68.59,0.46033557046979867,0.0,34.09,54.872,0.36826845637583894,0.0,27.272000000000006,8.380530379242993,3.560583200193201,13.971973625665527,0.1098635625468616,7,3,1,17,572.1318927314244,3.8398113606135866,0.6351617094457561,7.4476514065366715,11.351154390232196,0.07618224422974629,0.0,3.504,560.7807383411921,3.7636291163838393,0.0,7.4476514065366715,113.51154390232196,5607.8073834119205,5721.3189273142425,517.2598927314244,0.01984010074327523,0.9801598992567246,17.0,10.0,10.0,170.0,680.0,115600.0,6.677149641313057,329.8710225536424,336.54817219495544
Sonora,Moctezuma,38,Moctezuma,143,Trigo forrajero verde,2023,2024,29.748798,-109.707886,779.0,2,2.0,0.0,551.8074664514285,3.703405815110258,1.3895722839982918,6.580964979355948,15.310402684563758,6.295000000000001,22.134999999999998,22.975033557046977,12.46,30.96,7.645771812080535,-2.49,16.32,43.70637583892618,16.17,82.75,15.819932885906042,3.28,27.41,2.081208053691275,0.97,4.62,64.03,0.4297315436241611,0.0,21.01,51.224000000000004,0.3437852348993289,0.0,16.808000000000003,8.198850005080473,3.4599017941504866,14.890187313129932,0.11603684961308165,10,4,0,30,514.2558424900994,3.451381493222144,0.7596305077736093,7.5681097262593395,18.4118750037886,0.12356963089791008,0.0,2.1691484739642446,495.84396748631093,3.3278118623242343,0.0,7.5681097262593395,184.118750037886,4958.43967486311,5142.558424900995,463.03184249009945,0.03580294764301695,0.9641970523569833,16.5,20.0,20.0,330.0,753.18,248549.4,11.158712123508243,300.51149544624906,311.6702075697573
Sonora,Moctezuma,38,Moctezuma,143,Alfalfa achicalada,2010,2011,29.748798,-109.707886,779.0,1,1.0,0.0,264.9939404901938,3.486762374870971,1.1917625989982676,7.026714573368149,13.290855263157894,7.3100000000000005,18.525,20.88105263157895,10.99,29.45,5.7006578947368425,0.22,9.95,50.978026315789464,24.17,89.33,16.575,4.06,25.69,2.288947368421052,1.07,7.51,111.88,1.4721052631578946,0.0,34.93,89.504,1.1776842105263159,0.0,27.944000000000003,8.931548740778137,3.7372076296131826,14.319420090522017,0.4221983332639267,14,8,0,22,225.42212802442668,2.966080631900351,1.1321744690483542,6.3240431160313335,23.83646597682317,0.3136377102213575,0.0,2.7140334285734675,201.5856620476035,2.6524429216789933,0.0,6.3240431160313335,238.36465976823172,2015.856620476035,2254.221280244267,135.91812802442666,0.10574146462782152,0.8942585353721785,12.01,95.0,95.0,1141.14,1900.0,2168166.0,19.847182328745355,167.84817822448252,187.69536055322789
Sonora,Moctezuma,38,Moctezuma,143,Alfalfa achicalada,2011,2012,29.748798,-109.707886,779.0,3,2.0,0.5,363.4140509317316,4.7817638280491,2.479606950820289,7.794498905493311,15.921973684210526,-0.18999999999999995,23.015,24.871315789473684,5.12,33.63,6.972631578947368,-5.5,13.24,26.46078947368421,10.35,55.49,18.742894736842103,8.53,25.32,2.217236842105263,1.27,6.71,2.76,0.03631578947368421,0.0,1.44,2.208,0.02905263157894737,0.0,1.152,9.016441510231733,4.801564863292079,13.189110955107488,0.007594643060508615,2,0,0,19,320.0840519867258,4.211632262983234,0.9918427803281157,7.015049014943981,2.208,0.02905263157894737,0.0,1.152,317.8760519867258,4.182579631404288,0.9918427803281157,7.015049014943981,22.080000000000002,3178.760519867258,3200.840519867258,317.87605198672577,0.006898188104953033,0.9931018118950471,12.0,100.0,100.0,1200.0,1400.0,1680000.0,1.84,264.8967099889382,266.7367099889382
Sonora,Moctezuma,38,Moctezuma,143,Alfalfa achicalada,2012,2013,29.748798,-109.707886,779.0,1,1.0,0.0,331.7046448745474,4.307852530838278,1.7014931707274776,8.457813701926886,15.460974025974027,9.21,22.47,24.15038961038961,13.51,32.49,6.771558441558441,1.67,13.2,37.01844155844156,12.04,68.37,18.13077922077922,4.9,26.14,2.1061038961038965,1.04,5.16,13.92,0.1807792207792208,0.0,5.55,11.136000000000001,0.14462337662337663,0.0,4.44,9.205441698706867,4.316752880639729,13.592031404275506,0.04196504394825289,3,1,0,18,286.7526201279249,3.7240600016613623,1.1615326547646843,7.612032331734198,7.484202838921061,0.09719743946650729,0.0,2.9062811224817215,279.2684172890039,3.6268625621948556,0.0,7.612032331734198,74.84202838921061,2792.684172890039,2867.5262012792496,275.6166201279249,0.026099858601404374,0.9739001413985958,13.0,400.0,400.0,5200.0,1600.0,8320000.0,5.757079106862355,214.82185945307992,220.5789385599423
Sonora,Moctezuma,38,Moctezuma,143,Alfalfa achicalada,2013,2014,29.748798,-109.707886,779.0,2,2.0,0.0,328.3607503514332,4.320536188834647,1.67187676363117,7.757260046789058,14.417763157894736,3.75,23.419999999999998,23.00763157894737,11.7,35.55,5.827894736842106,-4.48,14.42,34.395921052631586,11.88,81.24,17.665,4.78,25.53,2.2688157894736842,1.1,4.56,20.34,0.26763157894736844,0.0,7.65,16.272000000000002,0.21410526315789477,0.0,6.120000000000001,8.899267766117614,4.5644892629664255,13.38613296281245,0.061944066025646484,3,2,1,39,287.7179788092629,3.7857628790692486,0.8574482929056164,6.981534042110152,9.057725879174786,0.11918060367335244,0.0,2.9003318662844886,278.6602529300881,3.6665822753958963,0.0,6.981534042110152,90.57725879174785,2786.602529300881,2877.1797880926288,271.4459788092629,0.031481264801944936,0.9685187351980551,13.5,400.0,400.0,5400.0,1500.0,8100000.0,6.709426577166507,206.41500217043563,213.12442874760214
Sonora,Moctezuma,38,Moctezuma,143,Alfalfa achicalada,2014,2015,29.748798,-109.707886,779.0,1,1.0,0.0,359.01428573744323,4.723872180755832,2.2999656909269994,8.3501425700473,18.22631578947368,11.66,23.565,26.72092105263158,18.74,34.27,9.73171052631579,3.95,15.29,28.720657894736842,12.5,51.01,17.772631578947376,8.02,25.9,1.9877631578947375,1.03,5.15,3.0,0.039473684210526314,0.0,1.75,2.4000000000000004,0.03157894736842106,0.0,1.4000000000000001,8.779385835963836,4.895504228338603,13.195388889894902,0.008356213441027192,1,0,0,2,314.956152001296,4.144159894753895,0.9199862763707998,7.51512831304257,2.4000000000000004,0.03157894736842106,0.0,1.4000000000000001,312.55615200129597,4.1125809473854735,0.9199862763707998,7.51512831304257,24.000000000000004,3125.5615200129596,3149.5615200129596,312.556152001296,0.007620108338096932,0.992379891661903,12.0,140.0,140.0,1680.0,1000.0,1680000.0,2.0000000000000004,260.46346000107997,262.46346000107997
Sonora,Moctezuma,38,Moctezuma,143,Alfalfa achicalada,2015,2016,29.748798,-109.707886,779.0,0,0.0,0.0,293.1962718008649,3.857845681590328,1.146810935972066,7.091585538066472,16.86578947368421,7.04,20.525,24.36184210526316,12.41,30.56,9.369736842105263,-0.8,14.7,47.215131578947364,20.35,87.59,16.147500000000004,3.05,23.83,2.0580263157894736,0.95,4.56,107.97999999999999,1.4207894736842104,0.0,27.47,86.384,1.1366315789473684,0.0,21.976,8.731039170026763,3.331612346452405,13.457029020827086,0.3682857197902523,9,7,0,5,254.1336141606951,3.343863344219672,0.91154627978735,6.3824269842598245,16.53212999352444,0.21752802623058473,0.0,2.736122733122232,237.6014841671707,3.126335317989088,0.0,6.3824269842598245,165.32129993524438,2376.014841671707,2541.3361416069515,167.7496141606951,0.06505290552815558,0.9349470944718447,10.98,180.0,180.0,1976.4,1174.0,2320293.6,15.056584693555955,216.39479432347056,231.4513790170265
Sonora,Moctezuma,38,Moctezuma,143,Alfalfa achicalada,2016,2017,29.748798,-109.707886,779.0,1,1.0,0.0,357.20073400673635,4.638970571516056,1.539000046353191,6.990146280596631,16.865194805194808,7.765,23.715,25.801298701298705,11.46,34.62,7.9290909090909105,-1.19,16.81,33.871038961038956,14.02,83.14,18.31896103896104,7.73,25.56,2.1615584415584412,1.2,4.21,43.550000000000004,0.5655844155844156,0.0,12.54,34.84,0.4524675324675325,0.0,10.032,9.11548874318702,4.975070195392474,13.576101080909229,0.12192024218846848,6,4,0,20,318.4497570008698,4.135711129881426,0.6156000185412764,6.291131652536968,8.24800255660372,0.10711691631952883,0.0,2.2637636349053416,310.20175444426604,4.028594213561897,0.0,6.291131652536968,82.4800255660372,3102.0175444426604,3184.4975700086975,283.60975700086976,0.025900483122620787,0.9740995168773791,11.22,170.0,170.0,1908.08,1636.47,3122515.68,7.351160923889233,276.47215191111053,283.82331283499974
Sonora,Moctezuma,38,Moctezuma,143,Alfalfa achicalada,2017,2018,29.748798,-109.707886,779.0,0,0.0,0.0,311.07389616039535,4.093077581057834,1.2208379571223413,7.236174411062854,16.985723684210527,8.995,26.885,24.908289473684206,13.67,35.79,9.06315789473684,1.5,18.18,45.04578947368421,18.45,84.58,17.13342105263158,5.72,24.89,2.125526315789474,1.12,5.44,56.52,0.7436842105263158,0.0,17.73,45.215999999999994,0.5949473684210526,0.0,14.184000000000001,9.067137250372904,4.197234705762489,13.193133159943276,0.18169316261386736,7,4,4,14,271.46321048590823,3.5718843484987928,0.48833518284893657,6.512556969956568,11.674502893475177,0.15361188017730495,0.0,2.271256802713641,259.78870759243296,3.4182724683214865,0.0,6.512556969956568,116.74502893475177,2597.8870759243296,2714.632104859081,226.24721048590823,0.043005838148669526,0.9569941618513301,12.33,165.0,165.0,2034.45,2151.44,4376997.11,9.468372176378894,210.69643762565528,220.16480980203417
Sonora,Moctezuma,38,Moctezuma,143,Alfalfa achicalada,2018,2019,29.748798,-109.707886,779.0,3,2.8,0.8,341.22388233136627,4.489787925412714,2.0596781369451853,7.004368124028339,17.895131578947364,10.52,24.215,25.94960526315789,14.62,33.04,9.840657894736841,2.47,16.42,34.617894736842096,15.74,77.9,16.738815789473684,4.21,23.9,2.158552631578947,0.99,4.18,10.94,0.14394736842105263,0.0,3.47,8.751999999999999,0.11515789473684208,0.0,2.7760000000000002,8.530256060064282,4.019389564538635,13.411872279619661,0.03206106186136187,3,0,0,8,299.7098077924823,3.943550102532662,1.0734556265974224,6.654149717826922,7.934718608847475,0.1044041922216773,0.0,2.16,291.7750891836348,3.839145910310984,0.0,6.654149717826922,79.34718608847474,2917.7508918363483,2997.098077924823,290.9578077924823,0.026474671173728946,0.973525328826271,14.0,200.0,200.0,2800.0,2089.14,5849592.0,5.667656149176767,208.4107779883106,214.07843413748736
Sonora,Moctezuma,38,Moctezuma,143,Alfalfa achicalada,2019,2020,29.748798,-109.707886,779.0,0,0.0,0.0,267.176836392507,3.5154846893750924,0.8718077640986089,5.679079089500167,14.838026315789474,6.39,22.085,22.189736842105265,10.42,30.21,7.486315789473685,-0.82,14.18,48.373026315789474,28.0,88.4,15.347105263157896,3.06,24.89,2.050394736842105,0.96,4.59,99.78,1.3128947368421053,0.0,31.18,79.824,1.050315789473684,0.0,24.944000000000003,8.377742197261544,3.2389100124993644,14.114703928022642,0.3734605190601708,9,6,0,20,235.7081589942925,3.101423144661743,0.3487231056394436,5.1111711805501505,17.42550655796266,0.22928298102582448,0.0,3.4297585115140063,218.2826524363298,2.8721401636359185,0.0,5.1111711805501505,174.2550655796266,2182.826524363298,2357.081589942925,155.88415899429248,0.07392831301348633,0.9260716869865135,13.5,200.0,200.0,2700.0,2514.69,6789663.0,12.907782635527896,161.6908536565406,174.5986362920685
Sonora,Moctezuma,38,Moctezuma,143,Alfalfa achicalada,2020,2021,29.748798,-109.707886,779.0,0,0.0,0.0,250.5896040177443,3.2544104417888873,1.252603312572621,6.1071037312394685,14.647142857142859,4.885,21.06,21.944415584415584,12.33,28.26,7.349870129870129,-3.1,16.28,55.30116883116884,31.25,82.83,15.477792207792204,3.27,25.07,1.9110389610389606,0.83,4.33,93.21999999999998,1.2106493506493505,0.0,37.73,74.576,0.9685194805194804,0.0,30.183999999999997,8.58528032182254,3.4739847884401223,14.49045399736864,0.37200266294127293,12,6,0,19,218.20496120726517,2.8338306650294176,0.7565518824097691,5.4963933581155215,21.972788610929822,0.2853608910510366,0.0,2.9634879944280463,196.23217259633535,2.5484697739783813,0.0,5.4963933581155215,219.72788610929823,1962.3217259633534,2182.0496120726516,143.62896120726518,0.10069793321545356,0.8993020667845464,13.7,200.0,200.0,2740.0,2961.9,8115606.0,16.038531832795492,143.2351624790769,159.2736943118724
Sonora,Moctezuma,38,Moctezuma,143,Alfalfa achicalada,2021,2022,29.748798,-109.707886,779.0,4,4.0,1.0,322.630051446706,4.24513225587771,1.328236500724018,6.636077170736059,15.253618421052632,6.555,21.08,23.670131578947366,11.62,31.46,6.837105263157893,0.09,13.77,36.407236842105256,15.62,87.22,17.384999999999994,5.51,25.32,2.163552631578947,1.17,3.69,48.53,0.6385526315789474,0.0,21.44,38.824,0.5108421052631579,0.0,17.152,8.826248828349629,4.295110841438585,13.739681641408865,0.15041996175615552,4,2,0,22,279.8525189454453,3.6822699861242802,0.7887965664765318,5.972469453662454,9.087265532330807,0.1195692833201422,0.0,2.712,270.7652534131145,3.5627007028041384,0.0,5.972469453662454,90.87265532330807,2707.6525341311453,2798.5251894544535,241.02851894544528,0.03247162314841371,0.9675283768515864,13.6,230.0,230.0,3128.0,2860.22,8946768.16,6.681812891419711,199.09209809787833,205.77391098929806
Sonora,Moctezuma,38,Moctezuma,143,Alfalfa achicalada,2022,2023,29.748798,-109.707886,779.0,1,1.0,0.0,325.8310671818948,4.2872508839723,1.6153516327085116,8.1334561171889,15.476184210526316,7.484999999999999,22.545,23.992105263157896,14.95,33.07,6.960263157894737,-0.63,14.98,36.5953947368421,11.95,79.17,18.108947368421056,6.68,25.67,2.1,1.25,4.14,1.6,0.021052631578947368,0.0,1.04,1.28,0.016842105263157894,0.0,0.8320000000000001,9.151783681402954,4.576997658957165,12.898819259437744,0.004910520085878741,1,0,0,16,285.582791648196,3.7576683111604736,0.6461406530834046,7.3201105054700095,1.28,0.016842105263157894,0.0,0.8320000000000001,284.302791648196,3.7408262058973154,0.5021406530834046,7.3201105054700095,12.8,2843.02791648196,2855.82791648196,284.30279164819603,0.004482062776306241,0.9955179372236936,14.42,215.0,215.0,3100.3,2855.87,8854053.76,0.8876560332871013,197.15866272413038,198.04631875741748
Sonora,Moctezuma,38,Moctezuma,143,Alfalfa achicalada,2023,2024,29.748798,-109.707886,779.0,2,2.0,0.0,291.49860017340086,3.835507897018432,1.3895722839982918,6.580964979355948,14.602631578947365,6.295000000000001,21.93,22.374473684210525,12.46,30.96,6.830789473684212,-2.49,13.57,43.33381578947369,21.49,82.75,16.210000000000004,4.2,24.41,2.278026315789474,0.97,4.37,61.68000000000001,0.8115789473684212,0.0,21.01,49.344,0.6492631578947369,0.0,16.808000000000003,8.565433838727062,4.083183607106407,13.585616874980769,0.21159621337223933,9,4,0,25,253.687329759996,3.337991181052579,0.8013890344768007,6.25191673038815,15.006665518092863,0.197456125238064,0.0,1.936,238.68066424190314,3.140535055814515,0.0,6.25191673038815,150.06665518092862,2386.8066424190315,2536.87329759996,204.343329759996,0.059154178225180196,0.9408458217748198,14.56,180.0,180.0,2620.8,2856.93,7487442.14,10.306775767920922,163.92902763866974,174.23580340659066
Sonora,Moctezuma,38,Moctezuma,143,Pastos y praderas,2010,2011,29.748798,-109.707886,779.0,0,0.0,0.0,1646.1721462498585,6.7190699846933,2.3438561463772962,10.855511940366098,24.895285714285713,10.665000000000001,34.815,32.54261224489796,17.9,43.06,17.24795918367347,2.46,26.57,43.063755102040815,10.21,87.52,24.84910204081633,8.64,32.62,2.1302448979591837,0.78,5.1,385.96000000000004,1.5753469387755104,0.0,31.28,231.576,0.9452081632653061,0.0,18.768,15.108594474340315,6.596689592006441,19.5640364076983,0.23445907578940314,55,21,85,7,1381.7196352777605,5.639671980725553,1.2384983426562757,9.227185149311182,148.5678388139434,0.6063993420977282,0.0,5.546096380889994,1233.151796463817,5.033272638627825,0.0,9.227185149311182,1485.678388139434,12331.51796463817,13817.196352777602,1150.1436352777605,0.10752386737565434,0.8924761326243456,41.46,80.0,80.0,3316.6,675.8,2241360.0,35.83401804484887,297.431692345349,333.26571039019785
Sonora,Moctezuma,38,Moctezuma,143,Pastos y praderas,2011,2012,29.748798,-109.707886,779.0,5,4.0,1.0,1774.3146062219496,7.242100433558978,3.5567121891368183,12.293043040419445,25.92789795918367,14.25,34.565,34.11248979591836,21.62,43.99,17.74330612244898,6.58,25.35,35.96502040816326,6.92,87.67,25.48118367346939,13.84,33.32,2.1311428571428572,0.85,6.47,321.8,1.313469387755102,0.0,21.66,193.07999999999998,0.7880816326530612,0.0,12.996,15.092616880575234,8.442495772075013,19.435948789927938,0.18136580675802988,50,21,106,0,1478.6090527152508,6.0351389906744926,1.9036630641978975,10.449086584356527,148.39460005842074,0.6056922451364112,0.0,7.239914061651629,1330.21445265683,5.4294467455380815,0.0,10.449086584356527,1483.9460005842075,13302.1445265683,14786.090527152508,1285.5290527152508,0.10036094381129049,0.8996390561887094,21.5,55.0,55.0,1182.5,669.15,791275.0,69.02074421321895,618.7043965845721,687.725140797791
Sonora,Moctezuma,38,Moctezuma,143,Pastos y praderas,2012,2013,29.748798,-109.707886,779.0,2,1.75,0.0,1663.8622501525367,6.791274490418517,2.4423368532899774,11.261606654595198,25.11465306122449,10.79,34.6,32.84608163265307,14.02,44.31,17.383224489795914,3.35,24.89,40.68048979591836,6.52,89.72,24.917142857142853,8.51,32.7,1.982204081632653,0.74,5.16,417.17999999999995,1.7027755102040814,0.0,20.75,250.308,1.021665306122449,0.0,12.45,14.919327499907673,6.118383096176643,19.339064870917444,0.25072989062751705,66,34,76,6,1385.503684782861,5.655117080746371,2.0759863252964808,9.572365656405918,194.2090856753137,0.7926901456135254,0.0,6.101999999999999,1191.2945991075471,4.862426935132845,0.0,9.572365656405918,1942.090856753137,11912.94599107547,13855.036847828607,1135.195684782861,0.14017218994675612,0.8598278100532437,27.18,170.0,170.0,4620.0,583.18,2694300.0,71.45293807038767,438.2982336672359,509.75117173762357
Sonora,Moctezuma,38,Moctezuma,143,Pastos y praderas,2013,2014,29.748798,-109.707886,779.0,2,2.0,0.0,1716.6537728809622,7.006750093391682,1.8416573303676007,11.9175810466271,25.502755102040812,11.405,33.885,33.425551020408165,18.33,45.72,17.57995918367347,4.42,25.61,39.25975510204081,5.07,85.38,24.91310204081633,6.75,32.9,2.1526122448979597,0.85,5.19,366.28,1.4950204081632652,0.0,25.08,219.768,0.8970122448979592,0.0,15.047999999999998,14.934754177769795,5.3145330035664236,19.30064696667971,0.21336859289062882,47,23,84,3,1433.1268563586498,5.849497372892448,1.5654087308124605,10.129943889633035,144.62483049269227,0.5903054305824175,0.0,5.825114441926748,1288.5020258659574,5.25919194231003,0.0,10.129943889633035,1446.2483049269226,12885.020258659573,14331.268563586496,1213.3588563586497,0.10091558179306,0.89908441820694,19.9,100.0,100.0,1990.0,614.03,1221923.2,72.6757942174333,647.4884552090239,720.1642494264572
Sonora,Moctezuma,38,Moctezuma,143,Pastos y praderas,2014,2015,29.748798,-109.707886,779.0,3,1.9230769230769231,0.23076923076923078,1646.5586481669675,6.720647543538643,2.6075721110929844,12.58210852919157,25.50657142857143,16.6,35.785,32.78269387755102,23.0,46.47,18.230448979591838,6.88,25.34,43.99281632653061,7.08,87.57,24.282530612244898,8.92,31.87,2.031795918367347,0.6,5.15,450.0999999999999,1.8371428571428567,0.0,37.55,270.05999999999995,1.102285714285714,0.0,22.529999999999998,14.77310731205752,6.997135573181179,19.066992253905752,0.27335801278689587,62,28,70,0,1376.6579099714522,5.619011877434499,1.7489248857071367,10.694792249812835,170.40009990942082,0.695510611875187,0.0,5.164581864399525,1206.2578100620315,4.923501265559312,0.0,10.694792249812835,1704.000999094208,12062.578100620314,13766.579099714523,1106.5979099714523,0.1237780996100581,0.876221900389942,9.41,70.0,70.0,659.0,326.13,214920.0,181.08405941489988,1281.8892774304265,1462.9733368453265
Sonora,Moctezuma,38,Moctezuma,143,Pastos y praderas,2015,2016,29.748798,-109.707886,779.0,0,0.0,0.0,1478.7007822922167,6.035513397111089,1.4221840345683963,10.984239768323771,24.646285714285714,11.885000000000002,33.3,31.369183673469387,16.56,42.35,17.92338775510204,5.97,24.45,52.467183673469385,12.84,91.26,23.34955102040816,4.35,32.75,1.9491020408163267,0.74,4.56,573.65,2.341428571428571,0.0,50.47,344.19,1.4048571428571428,0.0,30.281999999999996,14.700820958456255,4.1895847736235545,19.84755186028028,0.38794190607700435,68,34,48,0,1240.1238275296978,5.061729908284481,0.5688736138273586,9.336603803075205,188.74406964852233,0.7703839577490708,0.0,5.8356217904930725,1051.3797578811755,4.29134595053541,0.0,9.336603803075205,1887.4406964852233,10513.797578811755,12401.238275296979,895.9338275296977,0.15219776078691818,0.8478022392130818,7.0,12.0,12.0,84.0,310.0,26040.0,269.6343852121748,1501.9710826873936,1771.6054678995683
Sonora,Moctezuma,38,Moctezuma,143,Pastos y praderas,2016,2017,29.748798,-109.707886,779.0,2,1.5833333333333333,0.0,1667.1433817923817,6.8046668644587,2.077281608439819,11.305675075559147,25.84257142857143,8.975000000000001,34.455,33.70563265306123,11.46,45.66,17.97951020408163,3.42,26.11,40.35669387755102,8.99,83.58,24.90020408163265,7.32,32.74,2.0093877551020407,0.65,4.81,365.16999999999996,1.4904897959183672,0.0,22.51,219.102,0.8942938775510204,0.0,13.506,15.069838398699977,5.942080679300767,19.42570651386606,0.21903934837770092,54,26,95,1,1391.9851681602327,5.681572114939725,0.8354781423096155,9.609823814225274,154.49007556653007,0.6305717370062451,0.0,6.54,1237.4950925937023,5.051000377933479,0.0,9.609823814225274,1544.9007556653007,12374.950925937024,13919.851681602326,1172.8831681602326,0.11098543224473968,0.8890145677552601,13.5,44.0,44.0,594.0,332.8,197683.44,114.4370930122445,916.6630315508907,1031.100124563135
Sonora,Moctezuma,38,Moctezuma,143,Pastos y praderas,2017,2018,29.748798,-109.707886,779.0,1,1.0,0.0,1714.108518213217,6.996361298829457,2.851759350615811,11.063963910093111,26.372877551020405,16.665,35.504999999999995,34.181551020408165,22.48,46.01,18.564204081632653,6.85,26.9,39.55114285714285,6.01,90.58,24.98514285714285,11.56,32.47,2.035265306122449,0.51,4.68,337.46,1.3773877551020408,0.0,16.6,202.476,0.8264326530612245,0.0,9.96,14.972876161347576,8.375649706925284,19.5587320325302,0.19687201621970093,55,23,112,0,1433.4013200288446,5.850617632770794,1.6652969502762893,9.404369323579145,160.02285387241278,0.6531545056016849,0.0,6.41185170170602,1273.3784661564318,5.19746312716911,0.0,9.404369323579145,1600.2285387241277,12733.784661564318,14334.013200288446,1230.9253200288445,0.11163855623433681,0.8883614437656632,18.0,22.0,22.0,396.0,572.1,226551.6,88.90158548467376,707.4324811980176,796.3340666826914
Sonora,Moctezuma,38,Moctezuma,143,Pastos y praderas,2018,2019,29.748798,-109.707886,779.0,4,3.0,0.6923076923076923,1648.9262988417067,6.730311423843701,1.473864136294983,11.283889036387817,25.98024489795918,14.91,34.815,33.211551020408166,20.73,43.95,18.748938775510204,3.53,27.89,43.5882857142857,6.64,88.03,24.12044897959184,3.87,32.36,2.0080816326530613,0.59,4.52,441.90000000000003,1.8036734693877552,0.0,56.35,265.14,1.082204081632653,0.0,33.81,14.694376260220322,3.8302198660594673,19.917178325977915,0.2679925720818535,57,24,88,1,1375.524886741192,5.614387292821192,1.2527845158507354,9.591305680929645,148.56693076695817,0.6063956357835028,0.0,5.3999999999999995,1226.9579559742338,5.007991657037689,0.0,9.591305680929645,1485.6693076695817,12269.579559742338,13755.24886741192,1110.384886741192,0.10800744661111418,0.8919925533888858,20.0,50.0,50.0,1000.0,616.66,616660.0,74.28346538347908,613.4789779871169,687.762443370596
Sonora,Moctezuma,38,Moctezuma,143,Pastos y praderas,2019,2020,29.748798,-109.707886,779.0,2,1.1666666666666667,0.0,1600.9724638719617,6.534581485191681,1.7695364686896962,11.34508025835787,25.179040816326534,11.705,35.085,32.53077551020409,15.24,43.89,17.82730612244898,4.77,27.06,45.31461224489796,11.34,87.77,24.134571428571434,4.26,32.62,2.048938775510204,0.8,4.18,369.72,1.509061224489796,0.0,31.18,221.832,0.9054367346938775,0.0,18.708,14.860134451044855,4.3634030199804075,19.273288059667422,0.23093464025348065,57,24,71,2,1342.4074848207042,5.479214223757976,0.8812143428140189,9.64331821960419,139.6705732923504,0.5700839726218384,0.0,5.009297495614411,1202.7369115283536,4.909130251136137,0.0,9.64331821960419,1396.705732923504,12027.369115283536,13424.074848207041,1120.5754848207043,0.1040448409828445,0.8959551590171554,19.0,60.0,60.0,1140.0,620.0,706800.0,73.51082804860548,633.0194271201862,706.5302551687917
Sonora,Moctezuma,38,Moctezuma,143,Pastos y praderas,2022,2023,29.748798,-109.707886,779.0,4,2.6,0.6,1572.1517353532195,6.416945858584569,2.015425627390461,11.373385810385598,25.040081632653063,13.49,33.620000000000005,32.28673469387755,22.0,43.74,17.79342857142857,3.59,24.65,46.56587755102041,3.08,91.62,24.159142857142857,7.01,32.77,1.922857142857143,0.66,4.31,554.7,2.2640816326530615,0.0,43.79,332.82000000000005,1.3584489795918369,0.0,26.273999999999997,14.706610169837122,5.750509042770719,19.219601586426876,0.35282853908205886,78,37,69,1,1312.1444502531267,5.355691633686232,1.6699922355602113,9.667377938827757,219.3272491453591,0.8952132618177923,0.0,5.612810997611643,1092.8172011077675,4.460478371868438,0.0,9.667377938827757,2193.272491453591,10928.172011077675,13121.444502531267,979.3244502531267,0.16715175612185726,0.8328482438781426,19.5,55.0,55.0,1072.5,710.0,761475.0,112.47551238223544,560.4190774911629,672.8945898733983
Sonora,Moctezuma,38,Moctezuma,143,Pastos y praderas,2023,2024,29.748798,-109.707886,779.0,4,2.2857142857142856,0.2857142857142857,1813.6828502763935,7.40278714398528,2.6297407517921694,11.212653579846771,27.13018367346939,8.935,36.504999999999995,35.37910204081632,15.3,46.78,18.881265306122447,1.37,29.32,33.398979591836735,10.06,78.47,25.076204081632653,9.06,32.28,2.189591836734694,0.55,3.93,179.71,0.7335102040816327,0.0,18.66,143.768,0.5868081632653062,0.0,14.928,14.98225495116687,6.303140111129108,19.0172878050671,0.09908568081382771,34,10,143,3,1519.610350460628,6.202491226369911,1.3688230731962352,9.530755542869755,109.30537460492717,0.44614438614255986,0.0,5.892927520039035,1410.3049758557008,5.7563468402273505,0.0,9.530755542869755,1093.0537460492717,14103.049758557008,15196.10350460628,1375.842350460628,0.07192986976680847,0.9280701302331915,23.0,70.0,70.0,1610.0,782.64,1260050.4,47.524075915185726,613.1760764590003,660.700152374186
Sonora,Moctezuma,38,Moctezuma,143,Frijol,2010,2011,29.748798,-109.707886,779.0,0,0.0,0.0,1065.7767422446743,7.55870029960762,2.8393101318680216,10.855511940366098,27.908475177304965,16.86,34.815,35.189078014184396,24.85,43.06,20.627872340425533,8.02,26.57,43.354680851063826,10.21,87.52,26.785957446808514,12.44,32.62,2.0443971631205673,0.78,4.59,331.69,2.3524113475177306,0.0,31.28,199.01399999999998,1.4114468085106382,0.0,18.768,16.70714879759337,9.246653078632146,19.5640364076983,0.3112190263238571,42,19,77,0,853.8208130781991,6.0554667594198515,0.9937585461538075,12.483838731421011,105.28147660592393,0.7466771390491058,0.0,6.5611290070823225,748.5393364722752,5.308789620370746,0.0,12.483838731421011,1052.8147660592392,7485.393364722751,8538.20813078199,654.8068130781991,0.12330628978973072,0.8766937102102693,1.2,4.0,4.0,4.8,10000.0,48000.0,877.3456383826993,6237.827803935626,7115.173442318326
Sonora,Moctezuma,38,Moctezuma,143,Frijol,2011,2012,29.748798,-109.707886,779.0,5,4.0,1.0,1071.4942889714785,7.599250276393464,3.5567121891368183,12.293043040419445,27.823900709219863,19.09,34.565,35.277801418439715,25.53,43.99,20.370000000000005,9.95,25.35,43.28858156028369,6.92,87.67,26.77914893617021,16.2,33.32,2.0508510638297874,0.85,6.47,308.81,2.1901418439716314,0.0,21.66,185.28599999999997,1.3140851063829786,0.0,12.996,16.688274363703243,11.435472902360143,19.435948789927938,0.28820498921783805,47,20,73,0,860.5401470482277,6.103121610271119,1.2448492661978863,13.318364544726766,124.29219753730438,0.8815049470730807,0.0,9.795177848116909,736.2479495109231,5.221616663198036,0.0,13.318364544726766,1242.9219753730438,7362.479495109232,8605.401470482275,675.2541470482278,0.14443509458988507,0.8555649054101148,1.6,181.0,175.0,280.0,10000.0,2800000.0,776.8262346081523,4601.549684443269,5378.375919051421
Sonora,Moctezuma,38,Moctezuma,143,Frijol,2012,2013,29.748798,-109.707886,779.0,2,2.0,0.0,1013.3059915510491,7.186567315964887,3.463746655508548,11.261606654595198,27.33241134751773,22.165,34.6,34.262695035461,25.03,44.31,20.40212765957447,12.8,24.89,48.461489361702114,6.52,89.72,26.180992907801418,15.2,32.7,1.8860283687943258,0.74,4.24,415.39,2.9460283687943263,0.0,20.75,249.23399999999998,1.7676170212765956,0.0,12.45,16.42959682389693,10.926224099549952,19.339064870917444,0.40993540299132153,65,34,59,0,804.8024290976455,5.707818646082592,1.2123113294279917,12.725766871983812,169.11124509557112,1.1993705325927029,0.0,7.706205644080369,635.6911840020745,4.50844811348989,0.0,12.725766871983812,1691.1124509557112,6356.911840020744,8048.024290976456,555.5684290976455,0.21012765242915676,0.7898723475708433,1.1,181.0,181.0,199.1,13000.0,2588300.0,1537.3749554142828,5779.010763655222,7316.385719069505
Sonora,Moctezuma,38,Moctezuma,143,Frijol,2013,2014,29.748798,-109.707886,779.0,2,2.0,0.0,1058.9786198530014,7.510486665624123,2.8773680251140963,11.9175810466271,28.212021276595745,21.69,33.885,35.523546099290776,27.29,45.72,20.900496453900704,12.68,25.61,44.62078014184397,8.39,85.38,25.940709219858157,12.26,32.9,2.09822695035461,0.85,4.32,346.60999999999996,2.4582269503546095,0.0,25.08,207.966,1.474936170212766,0.0,15.047999999999998,16.332381327813955,8.854407954437438,19.30064696667971,0.3273059469775825,43,22,81,0,846.2961225447825,6.002100159892074,1.0070788087899336,13.346902147327429,112.77639831143964,0.7998326121378697,0.0,7.881037186136188,733.5197242333429,5.202267547754205,0.0,13.346902147327429,1127.7639831143963,7335.197242333429,8462.961225447825,638.3301225447825,0.133258791228211,0.8667412087717891,1.35,20.0,10.0,13.5,13500.0,182250.0,835.3807282328861,5433.479438765503,6268.860166998389
Sonora,Moctezuma,38,Moctezuma,143,Frijol,2019,2020,29.748798,-109.707886,779.0,2,1.1666666666666667,0.0,1028.1681328843983,7.2919725736482155,3.358290177350877,11.34508025835787,27.685,19.895,35.085,34.643333333333324,25.95,43.89,20.726666666666667,10.64,27.06,46.14503546099291,11.34,87.77,26.017234042553195,13.59,32.62,2.0651063829787235,0.8,4.18,269.08000000000004,1.9083687943262415,0.0,23.55,161.448,1.1450212765957448,0.0,14.13,16.452294973058848,9.968049499199127,19.273288059667422,0.2617081695044656,47,19,60,0,840.9622719618058,5.964271432353232,1.1754015620728069,13.04684229711155,103.24943907604796,0.7322655253620423,0.0,6.764595829499693,737.7128328857578,5.232005906991191,0.0,13.04684229711155,1032.4943907604797,7377.128328857579,8409.622719618059,679.5142719618058,0.12277535213938501,0.877224647860615,0.95,2.5,1.0,0.95,16900.0,16055.0,1086.8362008005051,7765.398240902715,8852.23444170322
Sonora,Moctezuma,38,Moctezuma,143,Frijol,2020,2021,29.748798,-109.707886,779.0,2,1.25,0.0,1097.9159153361836,7.786637697419742,3.120012274008436,11.008326900161972,29.366702127659575,23.939999999999998,34.445,37.03148936170213,28.43,43.84,21.701914893617023,14.35,25.82,41.81716312056737,13.09,82.53,26.643617021276597,11.49,32.19,2.0875886524822698,0.68,3.95,227.65000000000003,1.6145390070921988,0.0,26.94,182.12,1.2916312056737589,0.0,21.552000000000003,16.81343214645526,8.50150243992877,19.715029064470595,0.20734739046960007,47,17,104,0,867.7139093718044,6.15399935724684,1.0920042959029526,12.659575935186266,127.99352630649776,0.9077555057198422,0.0,9.723219929136468,739.7203830653066,5.246243851526997,0.0,12.659575935186266,1279.9352630649776,7397.203830653066,8677.139093718044,685.5939093718044,0.14750659742121772,0.8524934025787821,1.1,3.0,3.0,3.3,17363.64,57300.01,1163.5775118772522,6724.7307551391505,7888.308267016402
Sonora,Moctezuma,38,Moctezuma,143,Frijol,2021,2022,29.748798,-109.707886,779.0,4,3.125,0.875,1000.9569811890956,7.0989856821921675,3.019877014985957,11.61246891441361,27.907836879432626,20.03,35.005,34.67028368794326,26.56,44.38,21.145390070921987,10.77,25.63,49.69985815602837,8.89,89.17,25.73113475177305,10.65,32.32,1.8953191489361703,0.71,4.37,362.57000000000005,2.5714184397163122,0.0,34.63,217.542,1.5428510638297872,0.0,20.778000000000002,16.382658210763886,8.15895772535084,19.500613310108335,0.36222335905912945,61,26,65,0,794.0669435831214,5.631680450944123,1.0601999914992353,13.35433925157565,132.27717874907452,0.9381360194969824,0.0,7.007943435237917,661.7897648340469,4.693544431447141,0.0,13.35433925157565,1322.7717874907453,6617.897648340469,7940.669435831214,576.5249435831214,0.16658189818630575,0.8334181018136942,1.2,5.0,5.0,6.0,18150.0,108900.0,1102.3098229089544,5514.914706950391,6617.224529859345
Sonora,Moctezuma,38,Moctezuma,143,Frijol,2023,2024,29.748798,-109.707886,779.0,4,1.8888888888888888,0.1111111111111111,1148.5471196199783,8.145724252623959,3.525817997307335,11.212653579846771,29.906985815602837,22.05,36.504999999999995,37.85872340425532,28.87,46.78,21.955248226950353,13.32,29.32,35.07163120567376,10.06,78.47,26.638581560283686,11.6,32.28,2.2042553191489365,0.55,3.62,156.89,1.1126950354609928,0.0,15.38,125.51200000000001,0.8901560283687945,0.0,12.304000000000002,16.552989499751384,8.63104469148454,19.0172878050671,0.13659866218802624,32,9,108,0,917.3390951970789,6.505951029766517,1.234036299057567,12.894551616823785,87.64972223174986,0.6216292356861692,0.0,7.832,829.6893729653291,5.884321794080348,0.0,12.894551616823785,876.4972223174987,8296.893729653291,9173.39095197079,791.8270951970788,0.09554778891541672,0.9044522110845833,1.2,3.0,3.0,3.6,16000.0,57600.0,730.4143519312489,6914.078108044409,7644.492459975659
Sonora,Moctezuma,38,Moctezuma,143,Cacahuate,2011,2012,29.748798,-109.707886,779.0,5,4.0,1.0,1252.9821527085546,7.327381009991547,3.5567121891368183,12.293043040419445,27.60415204678363,19.09,34.565,35.27222222222222,25.53,43.99,19.93608187134503,9.95,25.35,41.42584795321638,6.92,87.67,25.746959064327484,13.84,33.32,2.007017543859649,0.85,6.47,319.06,1.8658479532163743,0.0,21.66,191.43599999999998,1.1195087719298245,0.0,12.996,15.806967554581982,8.85530213193912,19.435948789927938,0.2546404985181092,49,21,95,0,980.2160006267709,5.732257313606848,2.7570094885434475,13.318364544726766,159.40224906674817,0.9321768951271823,0.0,9.795177848116909,820.8137515600226,4.800080418479665,0.0,13.318364544726766,1594.0224906674816,8208.137515600227,9802.160006267708,788.780000626771,0.16261951341829045,0.8373804865817095,1.0,2.0,2.0,2.0,20000.0,40000.0,1594.0224906674816,8208.137515600227,9802.160006267708
Sonora,Moctezuma,38,Moctezuma,143,Cacahuate,2012,2013,29.748798,-109.707886,779.0,2,1.8,0.0,1168.2390562841915,6.831807346691178,2.4423368532899774,11.261606654595198,26.94350877192983,21.86,34.6,34.016666666666666,25.03,44.31,19.870350877192983,11.82,24.89,48.242748538011696,6.52,89.72,25.049707602339183,8.51,32.7,1.8397076023391814,0.74,4.24,416.81999999999994,2.4375438596491223,0.0,20.75,250.09199999999998,1.4625263157894737,0.0,12.45,15.605812670330225,6.118383096176643,19.339064870917444,0.3567934129216463,66,34,70,0,907.8684404258697,5.309172166233156,1.4654021119739864,12.725766871983812,197.147480219734,1.1529092410510762,0.0,7.706205644080369,710.7209602061357,4.15626292518208,0.0,12.725766871983812,1971.47480219734,7107.209602061357,9078.684404258696,657.7764404258697,0.21715423891952296,0.7828457610804771,1.0,2.0,2.0,2.0,16800.0,33600.0,1971.47480219734,7107.209602061357,9078.684404258696
Sonora,Moctezuma,38,Moctezuma,143,Cacahuate,2013,2014,29.748798,-109.707886,779.0,2,2.0,0.0,1209.2244436703002,7.071487974680118,1.8416573303676007,11.9175810466271,27.38824561403509,19.48,33.885,34.734269005847956,23.62,45.72,20.042222222222225,10.12,25.61,46.06947368421053,8.39,85.38,25.00695906432749,6.75,32.9,2.032397660818713,0.85,4.32,363.75,2.1271929824561404,0.0,25.08,218.25000000000003,1.2763157894736843,0.0,15.047999999999998,15.6253346654044,5.3145330035664236,19.30064696667971,0.30081264227170873,47,23,81,0,954.2020441303019,5.580128913042701,1.1049943982205603,13.346902147327429,138.53033103609204,0.8101188949479067,0.0,7.881037186136188,815.6717130942098,4.770010018094794,0.0,13.346902147327429,1385.3033103609205,8156.717130942098,9542.020441303019,735.9520441303019,0.14517924362900955,0.8548207563709904,1.3,2.0,2.0,2.6,21000.0,54600.0,1065.617931046862,6274.397793032383,7340.015724079245
Sonora,Moctezuma,38,Moctezuma,143,Cacahuate,2014,2015,29.748798,-109.707886,779.0,3,2.0,0.3333333333333333,1166.4098782624428,6.821110399195572,2.6075721110929844,12.58210852919157,27.184678362573106,19.62,35.785,33.93777777777778,25.66,46.47,20.431578947368422,11.53,25.34,50.37350877192982,7.12,87.57,24.626198830409358,9.23,31.87,1.9232163742690058,0.6,4.48,446.26000000000005,2.6097076023391814,0.0,37.55,267.75600000000003,1.565824561403509,0.0,22.529999999999998,15.488407297932902,6.997135573181179,19.066992253905752,0.3825927817627684,61,28,64,0,909.0336997490364,5.315986548239978,1.5645432666557906,12.712644471479226,175.70370592194757,1.027507052175132,0.0,6.987375463599357,733.3299938270889,4.288479496064847,0.0,12.712644471479226,1757.0370592194759,7333.299938270889,9090.336997490365,641.2776997490364,0.19328624007058856,0.8067137599294115,0.99,3.0,3.0,2.97,21500.0,63855.0,1774.784908302501,7407.373675021099,9182.1585833236
Sonora,Moctezuma,38,Moctezuma,143,Cacahuate,2015,2016,29.748798,-109.707886,779.0,0,0.0,0.0,1076.4535154150378,6.295049797748759,1.607085633202369,10.984239768323771,26.50418128654971,19.105,33.3,32.82105263157895,24.16,42.35,20.18730994152047,10.09,24.45,56.06719298245614,12.84,91.26,23.97286549707602,4.35,32.75,1.894327485380117,0.74,4.38,482.58,2.8221052631578947,0.0,50.47,289.548,1.6932631578947368,0.0,30.281999999999996,15.45684474408092,4.1895847736235545,19.84755186028028,0.4483054707791411,59,27,47,0,849.0261770041066,4.965065362597114,0.9642513799214214,12.085187067929272,173.42089511353754,1.0141572813657167,0.0,7.066047818859959,675.6052818905689,3.9509080812313973,0.0,12.085187067929272,1734.2089511353754,6756.0528189056895,8490.261770041065,559.4781770041066,0.20425859627258436,0.7957414037274155,1.4,5.0,5.0,7.0,20000.0,140000.0,1238.7206793824112,4825.752013504064,6064.472692886475
Sonora,Moctezuma,38,Moctezuma,143,Cacahuate,2019,2020,29.748798,-109.707886,779.0,2,1.1666666666666667,0.0,1164.5611774769905,6.810299283491172,1.7695364686896962,11.34508025835787,27.272953216374265,19.895,35.085,34.18309941520467,25.95,43.89,20.362807017543858,10.64,27.06,48.9146783625731,11.34,87.77,24.67029239766082,5.85,32.62,1.9907602339181285,0.8,4.18,327.95,1.9178362573099415,0.0,23.55,196.76999999999998,1.1507017543859648,0.0,14.13,15.586669940579577,4.800429491807078,19.273288059667422,0.2816082197678101,54,22,64,0,939.6049360983702,5.494765708177604,1.0617218812138176,13.04684229711155,132.91432618408012,0.7772767613104101,0.0,6.764595829499693,806.6906099142898,4.717488946867192,0.0,13.04684229711155,1329.1432618408012,8066.906099142898,9396.0493609837,742.8349360983702,0.1414576712804379,0.8585423287195617,2.0,3.5,2.0,4.0,26600.0,106400.0,664.5716309204006,4033.453049571449,4698.02468049185
Sonora,Moctezuma,38,Moctezuma,143,Cacahuate,2022,2023,29.748798,-109.707886,779.0,4,2.8333333333333335,0.6666666666666666,1074.223617731059,6.28200946041555,2.015425627390461,11.07023553717498,26.79026315789474,19.945,33.620000000000005,33.22397660818714,25.54,43.74,20.356549707602337,13.42,24.65,55.75561403508772,3.08,91.62,23.9059649122807,7.01,32.77,1.734561403508772,0.66,3.96,553.6599999999999,3.2377777777777768,0.0,43.79,332.196,1.9426666666666668,0.0,26.273999999999997,15.280389096053895,5.750509042770719,19.219601586426876,0.5154047917596738,78,37,57,0,833.7662261975192,4.875825884196019,1.2092553764342766,11.856076397156215,222.9280179565826,1.3036726196291382,0.0,7.593803114415752,610.8382082409368,3.5721532645668814,0.0,11.850076397156215,2229.280179565826,6108.382082409367,8337.662261975194,501.5702261975192,0.2673747280137142,0.7326252719862859,1.71,3.5,3.5,5.99,31000.0,185690.0,1059.0404653519363,2901.8442196719084,3960.8846850238447
Sonora,Moctezuma,38,Moctezuma,143,Cacahuate,2023,2024,29.748798,-109.707886,779.0,4,2.272727272727273,0.2727272727272727,1342.617349551008,7.851563447666713,3.525817997307335,11.212653579846771,29.794619883040937,22.05,36.504999999999995,37.775964912280706,28.87,46.78,21.813274853801172,13.32,29.32,34.81152046783626,10.06,78.47,25.63233918128655,11.6,32.28,2.159298245614035,0.55,3.62,158.26,0.9254970760233917,0.0,15.38,126.608,0.7403976608187135,0.0,12.304000000000002,15.73298469061558,8.63104469148454,19.0172878050671,0.11787424023153327,32,9,133,0,1076.5602317929406,6.295673870134156,2.1154907983844007,12.894551616823785,101.0989031131125,0.5912216556322368,0.0,7.832,975.4613286798282,5.704452214501919,0.0,12.894551616823785,1010.989031131125,9754.613286798281,10765.602317929406,949.9522317929407,0.09390919349188563,0.9060908065081145,1.62,3.5,3.5,5.67,34100.0,193347.0,505.4945155655625,4877.306643399141,5382.801158964703
Sonora,Moctezuma,38,Moctezuma,143,Agave,2010,2011,29.748798,-109.707886,779.0,1,1.0,0.0,2073.249054463971,5.680134395791701,1.1917625989982676,10.855511940366098,21.61867123287671,7.3100000000000005,34.815,29.299589041095892,10.99,43.06,13.937753424657533,0.22,26.57,43.04947945205479,10.03,89.33,21.66090410958904,4.06,32.62,2.131945205479452,0.78,7.51,497.77000000000004,1.3637534246575345,0.0,34.93,298.662,0.8182520547945205,0.0,20.958,12.566722675160856,3.7372076296131826,19.5640364076983,0.24009175305216585,68,29,85,31,1205.9561487130823,3.3039894485289927,0.4767050395993071,6.5133071642196585,138.22902349530926,0.3787096534118062,0.0,4.148390560029089,1067.727125217773,2.925279795117186,0.0,6.5133071642196585,1382.2902349530927,10677.271252177728,12059.56148713082,907.2941487130822,0.11462193185284412,0.8853780681471558,24.0,47.5,10.0,240.0,1500.0,360000.0,57.59542645637887,444.886302174072,502.48172863045085
Sonora,Moctezuma,38,Moctezuma,143,Agave,2011,2012,29.748798,-109.707886,779.0,5,3.4166666666666665,0.8333333333333334,2213.4670780538304,6.064293364531042,1.0381907532237182,12.293043040419445,22.084342465753423,-0.18999999999999995,34.565,30.173890410958908,5.12,43.99,13.994794520547947,-5.5,25.35,37.37460273972603,6.92,89.37,22.204931506849316,2.99,33.32,2.149041095890411,0.85,6.71,431.54999999999995,1.1823287671232876,0.0,41.12,258.92999999999995,0.7093972602739724,0.0,24.671999999999997,12.586257700280253,3.213407548441227,19.435948789927938,0.19496562848336382,61,28,106,36,1276.9591462013211,3.4985182087707427,0.6229144519342309,7.375825824251667,136.24419229616407,0.373271759715518,0.0,5.110527572930562,1140.714953905157,3.1252464490552248,0.0,7.375825824251667,1362.4419229616408,11407.14953905157,12769.591462013212,1018.0291462013212,0.10669424523209003,0.89330575476791,0.0,10.0,0.0,0.0,0.0,0.0,,,
Sonora,Moctezuma,38,Moctezuma,143,Agave,2012,2013,29.748798,-109.707886,779.0,2,1.6666666666666667,0.0,2112.2111538485774,5.771068726362233,1.4906878039660094,11.261606654595198,22.23454918032787,8.045,34.6,30.049234972677596,12.77,44.31,14.419863387978141,1.2,24.89,40.28224043715847,6.52,89.72,21.735081967213116,4.9,32.7,1.9548633879781419,0.74,5.16,453.03000000000003,1.2377868852459017,0.0,20.75,271.818,0.7426721311475409,0.0,12.45,12.461937385593169,4.081120625932482,19.339064870917444,0.21448139745619266,72,37,76,28,1222.1910712180352,3.339319866715943,0.6805972682909911,6.756963992757119,169.33671528353702,0.46266862099327055,0.0,4.782354175278378,1052.8543559344982,2.8766512457226727,0.0,6.756963992757119,1693.3671528353702,10528.543559344982,12221.910712180352,950.3730712180352,0.13855175288981297,0.8614482471101871,0.0,9.0,0.0,0.0,0.0,0.0,,,
Sonora,Moctezuma,38,Moctezuma,143,Agave,2013,2014,29.748798,-109.707886,779.0,2,2.0,0.0,2149.5572944409387,5.889198066961476,1.2011271254701343,11.9175810466271,22.04476712328767,3.75,33.885,29.894027397260274,11.23,45.72,14.19550684931507,-4.48,25.61,40.5667397260274,5.07,85.38,21.60054794520548,4.34,32.9,2.1696438356164385,0.85,5.19,417.84,1.1447671232876713,0.0,25.08,250.704,0.6868602739726027,0.0,15.047999999999998,12.463147642850197,3.7290506143729654,19.30064696667971,0.19438421161445368,58,28,84,47,1244.0539297826185,3.4083669309112836,0.6687507054524681,7.15054862797626,134.64813365663912,0.36889899631955925,0.0,4.111845488418881,1109.4057961259796,3.039467934591725,0.0,7.15054862797626,1346.4813365663913,11094.057961259796,12440.539297826188,993.3499297826186,0.10823335743987163,0.8917666425601285,0.0,11.0,0.0,0.0,0.0,0.0,,,
Sonora,Moctezuma,38,Moctezuma,143,Agave,2014,2015,29.748798,-109.707886,779.0,3,1.75,0.1875,2134.460638103147,5.847837364666157,1.8857983461828098,12.58210852919157,22.910767123287666,9.07,35.785,30.44090410958904,15.77,46.47,15.380630136986301,0.95,25.34,40.99169863013699,7.08,87.57,21.349369863013695,6.43,31.87,2.0164383561643837,0.6,5.43,461.83,1.2652876712328767,0.0,37.55,277.09799999999996,0.7591726027397259,0.0,22.529999999999998,12.330389243882074,4.376693015767964,19.066992253905752,0.21636847817930208,66,29,70,6,1227.4187175337338,3.3627910069417366,0.9199862763707998,7.549265117514942,144.75861459399096,0.3965989440931259,0.0,3.9839999999999995,1082.6601029397427,2.9661920628486103,0.0,7.549265117514942,1447.5861459399096,10826.601029397427,12274.187175337336,950.3207175337338,0.11793743449249011,0.8820625655075098,0.0,11.0,0.0,0.0,0.0,0.0,,,
Sonora,Moctezuma,38,Moctezuma,143,Higo,2013,2014,29.748798,-109.707886,779.0,2,2.0,0.0,1557.0896722578104,7.344762604989672,2.8773680251140963,11.9175810466271,26.00450471698113,11.405,33.885,33.88415094339623,18.33,45.72,18.124858490566037,4.42,25.61,38.62400943396226,5.07,85.38,25.826886792452825,11.0,32.9,2.2163207547169814,0.85,5.19,358.11,1.6891981132075473,0.0,25.08,214.86600000000004,1.0135188679245286,0.0,15.047999999999998,15.604583991665178,7.47152631204274,19.30064696667971,0.22998675437923463,45,23,84,3,1281.4067935485373,6.04437166768178,1.605772183476914,10.72582294196439,132.54330038654658,0.6252042471063518,0.0,6.167768232628322,1148.8634931619908,5.4191674205754286,0.0,10.72582294196439,1325.4330038654657,11488.634931619908,12814.067935485375,1066.5407935485373,0.10343577157063517,0.8965642284293649,0.0,1.0,0.0,0.0,0.0,0.0,,,
Sonora,Moctezuma,38,Moctezuma,143,Naranja,2013,2014,29.748798,-109.707886,779.0,2,2.0,0.0,2149.5572944409387,5.889198066961476,1.2011271254701343,11.9175810466271,22.04476712328767,3.75,33.885,29.894027397260274,11.23,45.72,14.19550684931507,-4.48,25.61,40.5667397260274,5.07,85.38,21.60054794520548,4.34,32.9,2.1696438356164385,0.85,5.19,417.84,1.1447671232876713,0.0,25.08,250.704,0.6868602739726027,0.0,15.047999999999998,12.463147642850197,3.7290506143729654,19.30064696667971,0.19438421161445368,58,28,84,47,1427.4688774235005,3.9108736367767136,0.840788987829094,7.746427680307615,143.54820644896841,0.393282757394434,0.0,4.454499279120455,1283.9206709745322,3.51759087938228,0.0,7.746427680307615,1435.482064489684,12839.206709745322,14274.688774235006,1176.7648774235006,0.10056135634148794,0.8994386436585121,0.0,1.0,0.0,0.0,0.0,0.0,,,
Sonora,Moctezuma,38,Moctezuma,143,Naranja,2014,2015,29.748798,-109.707886,779.0,3,1.75,0.1875,2134.460638103147,5.847837364666157,1.8857983461828098,12.58210852919157,22.910767123287666,9.07,35.785,30.44090410958904,15.77,46.47,15.380630136986301,0.95,25.34,40.99169863013699,7.08,87.57,21.349369863013695,6.43,31.87,2.0164383561643837,0.6,5.43,461.83,1.2652876712328767,0.0,37.55,277.09799999999996,0.7591726027397259,0.0,22.529999999999998,12.330389243882074,4.376693015767964,19.066992253905752,0.21636847817930208,66,29,70,6,1419.9735378105015,3.8903384597547985,1.3200588423279669,8.178370543974522,151.5949212113561,0.4153285512639893,0.0,4.097719815450558,1268.378616599145,3.4750099084908084,0.0,8.178370543974522,1515.949212113561,12683.78616599145,14199.735378105011,1142.8755378105016,0.10675897625888489,0.8932410237411149,0.0,1.0,0.0,0.0,0.0,0.0,,,
Sonora,Moctezuma,38,Moctezuma,143,Nuez,2011,2012,29.748798,-109.707886,779.0,5,4.0,1.0,1549.7907586288134,7.344979898714755,3.5567121891368183,12.293043040419445,26.770236966824648,14.25,34.565,34.71151658767773,21.62,43.99,18.828957345971567,6.58,25.35,38.42890995260664,6.92,87.67,25.7075355450237,13.84,33.32,2.111421800947867,0.85,6.47,321.79999999999995,1.5251184834123221,0.0,21.66,193.07999999999998,0.9150710900473933,0.0,12.996,15.505656315975779,8.85530213193912,19.435948789927938,0.2076409335959097,50,21,105,0,1478.8459953342137,7.008748793053146,2.2661412763920508,13.52234734446139,163.43731671916038,0.7745844394273004,0.0,9.369300550372698,1315.4086786150533,6.234164353625845,0.0,13.52234734446139,1634.373167191604,13154.086786150532,14788.459953342135,1285.7659953342138,0.11051679298237146,0.8894832070176285,1.0,8.0,4.0,4.0,45000.0,180000.0,1634.373167191604,13154.086786150532,14788.459953342135
Sonora,Moctezuma,38,Moctezuma,143,Nuez,2012,2013,29.748798,-109.707886,779.0,2,1.8333333333333333,0.0,1454.607282689717,6.8938733776763845,2.4423368532899774,11.261606654595198,26.153270142180094,15.18,34.6,33.62090047393365,22.25,44.31,18.68563981042654,5.03,24.89,43.46146919431279,6.52,89.72,25.23056872037915,8.51,32.7,1.9103791469194313,0.74,4.24,416.84000000000003,1.9755450236966827,0.0,20.75,250.10399999999998,1.1853270142180095,0.0,12.45,15.357962935991626,6.118383096176643,19.339064870917444,0.28656531901120447,66,34,76,0,1391.586837534617,6.595198282154583,1.5875189546384854,12.387767320054719,215.27890810094524,1.0202791853125368,0.0,7.371153224772528,1176.3079294336717,5.574919096842046,0.0,12.387767320054719,2152.7890810094523,11763.079294336716,13915.868375346168,1141.482837534617,0.15470030492839437,0.8452996950716056,1.16,8.0,4.0,4.64,52450.0,243368.0,1855.8526560426315,10140.585598566135,11996.438254608765
Sonora,Moctezuma,38,Moctezuma,143,Nuez,2013,2014,29.748798,-109.707886,779.0,2,2.0,0.0,1499.6161529947967,7.107185559217046,1.8416573303676007,11.9175810466271,26.36127962085308,15.280000000000001,33.885,34.08805687203792,22.19,45.72,18.634502369668244,8.37,25.61,41.70990521327015,5.07,85.38,25.272085308056873,6.75,32.9,2.1103317535545023,0.85,5.19,364.23,1.7262085308056874,0.0,25.08,218.53799999999995,1.0357251184834122,0.0,15.047999999999998,15.396171448184669,5.3145330035664236,19.30064696667971,0.24288215305804578,47,23,83,0,1443.1498368218677,6.8395726863595625,1.1970772647389405,13.109339151289811,153.6292160152346,0.728100549835235,0.0,7.538383395434616,1289.520620806633,6.111472136524327,0.0,13.109339151289811,1536.2921601523458,12895.206208066329,14431.498368218676,1224.6118368218677,0.10645409928712586,0.893545900712874,0.0,9.0,0.0,0.0,0.0,0.0,,,
Sonora,Moctezuma,38,Moctezuma,143,Nuez,2014,2015,29.748798,-109.707886,779.0,3,2.0,0.2727272727272727,1442.0180747722811,6.834208885176688,2.6075721110929844,12.58210852919157,26.326611374407584,16.6,35.785,33.432369668246444,23.0,46.47,19.220853080568723,7.2,25.34,46.31947867298578,7.08,87.57,24.587725118483412,8.92,31.87,1.9918957345971569,0.6,4.48,447.27,2.119763033175355,0.0,37.55,268.36199999999997,1.271857819905213,0.0,22.529999999999998,15.176676794838706,6.997135573181179,19.066992253905752,0.31016948249461535,61,28,70,0,1393.5026084357728,6.604277765098449,1.69492187221044,13.840319382110728,189.00823633392284,0.8957736319143262,0.0,6.683576530399386,1204.4943721018499,5.708504133184123,0.0,13.840319382110728,1890.0823633392283,12044.943721018499,13935.026084357727,1125.1406084357727,0.13563536601204312,0.8643646339879568,0.0,9.0,0.0,0.0,0.0,0.0,,,
Sonora,Moctezuma,38,Moctezuma,143,Nuez,2015,2016,29.748798,-109.707886,779.0,0,0.0,0.0,1320.0327165064568,6.256079225149085,1.607085633202369,10.984239768323771,25.566919431279626,15.764999999999999,33.3,32.19,19.83,42.35,18.943838862559243,8.5,24.45,52.99454976303318,12.84,91.26,23.979857819905213,4.35,32.75,1.9424170616113745,0.74,4.38,503.78999999999996,2.3876303317535545,0.0,50.47,302.274,1.4325781990521327,0.0,30.281999999999996,15.211123398150578,4.1895847736235545,19.84755186028028,0.38164963163436544,62,29,47,0,1275.2033375713256,6.043617713608178,1.1409232000643725,12.08266374515615,188.1128840219771,0.8915302560283275,0.0,6.7588283484747445,1087.0904535493487,5.152087457579851,0.0,12.08266374515615,1881.128840219771,10870.904535493486,12752.033375713258,972.9293375713256,0.14751599096364146,0.8524840090363587,0.0,6.0,0.0,0.0,0.0,0.0,,,
Sonora,Moctezuma,38,Moctezuma,143,Nuez,2016,2017,29.748798,-109.707886,779.0,2,1.7,0.0,1462.2370114340442,6.930033229545233,2.077281608439819,11.305675075559147,26.72315165876777,16.23,34.455,34.40526066350711,24.54,45.66,19.041042654028434,7.22,26.11,42.24298578199053,8.99,83.58,25.188388625592417,7.32,32.74,1.9818957345971562,0.65,4.81,352.19,1.6691469194312796,0.0,22.51,211.31400000000002,1.001488151658768,0.0,13.506,15.47881570039447,5.942080679300767,19.42570651386606,0.24085698641603964,53,25,93,0,1398.3779534459736,6.627383665620728,2.111730419223823,12.436242583115064,167.75254862449458,0.7950357754715383,0.0,7.243528912087593,1230.6254048214792,5.83234789014919,0.0,12.436242583115064,1677.5254862449458,12306.254048214792,13983.779534459738,1187.0639534459735,0.11996223782784038,0.8800377621721597,0.0,9.0,0.0,0.0,0.0,0.0,,,
Sonora,Moctezuma,38,Moctezuma,143,Nuez,2017,2018,29.748798,-109.707886,779.0,1,1.0,0.0,1499.5727847309363,7.106980022421499,2.851759350615811,11.063963910093111,27.065663507109008,16.7,35.504999999999995,34.68838862559242,22.48,46.01,19.442938388625592,8.86,26.9,41.20654028436019,6.01,90.58,25.2845971563981,11.56,32.47,2.0045023696682462,0.51,4.68,337.46000000000004,1.5993364928909954,0.0,16.6,202.476,0.9596018957345972,0.0,9.96,15.35332863529124,8.375649706925284,19.5587320325302,0.22503742628307932,55,23,105,0,1419.6412903935952,6.7281577743772285,1.9360075398051055,12.170360301102424,177.04935300282244,0.8390964597290164,0.0,8.29769043750191,1242.5919373907727,5.889061314648212,0.0,12.170360301102424,1770.4935300282245,12425.919373907727,14196.412903935952,1217.1652903935951,0.12471414729965732,0.8752858527003426,0.0,9.0,0.0,0.0,0.0,0.0,,,
Sonora,Moctezuma,38,Moctezuma,143,Nuez,2018,2019,29.748798,-109.707886,779.0,4,2.909090909090909,0.6363636363636364,1448.312144205459,6.864038598130137,1.473864136294983,11.283889036387817,26.855829383886256,18.11,34.815,33.88843601895734,21.45,43.95,19.823222748815166,9.5,27.89,46.12658767772513,6.64,88.03,24.580094786729855,3.87,32.36,1.9852606635071088,0.59,4.52,441.56,2.092701421800948,0.0,56.35,264.936,1.2556208530805686,0.0,33.81,15.18290260850511,3.8302198660594673,19.917178325977915,0.30487902885205653,57,24,87,0,1392.569319124723,6.599854593008166,0.9580116885917389,12.4122779400266,157.33292086572985,0.7456536533920846,0.0,6.521999999999999,1235.2363982589932,5.8542009396160815,0.0,12.4122779400266,1573.3292086572985,12352.363982589932,13925.69319124723,1127.6333191247231,0.1129803153818001,0.8870196846181999,0.0,17.0,0.0,0.0,0.0,0.0,,,
Sonora,Moctezuma,38,Moctezuma,143,Nuez,2019,2020,29.748798,-109.707886,779.0,2,1.1666666666666667,0.0,1438.1925164346687,6.816078276941558,1.7695364686896962,11.34508025835787,26.261682464454978,16.89,35.085,33.528625592417065,22.51,43.89,18.994739336492888,8.46,27.06,45.647867298578205,11.34,87.77,24.765971563981044,5.85,32.62,2.0711374407582936,0.8,4.18,328.57,1.5572037914691943,0.0,23.55,197.14200000000002,0.9343222748815168,0.0,14.13,15.362104093333102,4.800429491807078,19.273288059667422,0.2284603738688176,54,22,71,0,1387.7953135641924,6.577228974237879,1.1501987046483026,12.479588284193657,139.3559220756427,0.6604546069935673,0.0,6.470482967347533,1248.4393914885497,5.916774367244312,0.0,12.479588284193657,1393.5592207564268,12484.393914885497,13877.953135641925,1190.6533135641923,0.10041532833667174,0.8995846716633283,1.9,12.0,6.0,11.4,84000.0,957600.0,733.452221450751,6570.73363941342,7304.1858608641705
Sonora,Moctezuma,38,Moctezuma,143,Nuez,2020,2021,29.748798,-109.707886,779.0,2,1.5,0.0,1542.0696815242254,7.308387116228556,3.120012274008436,11.008326900161972,27.812274881516586,11.115,34.445,35.799289099526064,17.89,43.84,19.825260663507112,4.34,25.82,38.92364928909953,13.09,82.53,25.56696682464455,11.49,32.19,2.057203791469194,0.68,3.95,231.21,1.095781990521327,0.0,26.94,184.96800000000002,0.8766255924170617,0.0,21.552000000000003,15.645811096528538,7.968869246549792,19.715029064470595,0.14993485882652557,49,17,140,1,1486.5981122830467,7.0454886838059085,2.2448883636718966,12.10915959017817,153.86509765097531,0.7292184722795039,0.0,9.300471236565318,1332.7330146320712,6.316270211526404,0.0,12.10915959017817,1538.650976509753,13327.330146320712,14865.981122830464,1301.6301122830466,0.10350147520009736,0.8964985247999026,1.45,6.0,6.0,8.7,83000.0,722100.0,1061.1386044894848,9191.262169876352,10252.400774365837
Sonora,Moctezuma,38,Moctezuma,143,Nuez,2021,2022,29.748798,-109.707886,779.0,4,2.909090909090909,0.8181818181818182,1441.680059502297,6.832606917072497,2.978137603281037,11.61246891441361,26.47457345971564,17.689999999999998,35.005,33.64691943127962,25.09,44.38,19.302227488151658,9.86,25.63,45.91748815165876,8.89,89.17,24.787014218009475,10.65,32.32,1.9997156398104268,0.7,4.67,377.78,1.79042654028436,0.0,34.63,226.668,1.0742559241706162,0.0,20.778000000000002,15.312277271148526,8.15895772535084,19.500613310108335,0.2620414963153606,67,27,74,0,1371.3590129127135,6.499331814752197,1.935789442132674,12.773715805854971,179.42770385259777,0.8503682647042549,0.0,6.703250242401487,1191.9313090601158,5.6489635500479425,0.0,12.773715805854971,1794.2770385259778,11919.313090601157,13713.590129127135,1144.6910129127136,0.13083933686445848,0.8691606631355416,1.5,6.0,6.0,9.0,91000.0,819000.0,1196.1846923506519,7946.208727067438,9142.393419418091
Sonora,Moctezuma,38,Moctezuma,143,Nuez,2022,2023,29.748798,-109.707886,779.0,4,2.875,0.75,1362.8064965867495,6.458798562022509,2.015425627390461,11.373385810385598,26.06921800947868,17.845,33.620000000000005,33.00473933649289,24.23,43.74,19.133696682464457,8.7,24.65,50.60312796208532,3.08,91.62,24.24170616113744,7.01,32.77,1.8632701421800946,0.66,4.08,554.67,2.628767772511848,0.0,43.79,332.802,1.5772606635071091,0.0,26.273999999999997,15.092142513345715,5.750509042770719,19.219601586426876,0.4070056911155122,78,37,68,0,1301.8265393480933,6.169794025346413,1.7289626179761879,12.177259090892479,237.94868835125766,1.127718902138662,0.0,7.263637761615068,1063.8778509968358,5.042075123207753,0.0,12.177259090892479,2379.4868835125767,10638.778509968359,13018.265393480935,969.0245393480933,0.1827806402459836,0.8172193597540165,1.7,8.0,6.0,10.2,70000.0,714000.0,1399.698166772104,6258.10500586374,7657.803172635844
Sonora,Moctezuma,38,Moctezuma,143,Nuez,2023,2024,29.748798,-109.707886,779.0,4,2.1666666666666665,0.25,1634.0830780298757,7.7444695641226335,2.6297407517921694,11.212653579846771,28.562654028436015,16.01,36.504999999999995,36.79568720379147,24.39,46.78,20.32962085308057,5.46,29.32,32.78350710900474,10.06,78.47,25.63042654028436,9.09,32.28,2.18303317535545,0.55,3.93,177.75,0.8424170616113744,0.0,18.66,142.20000000000002,0.6739336492890996,0.0,14.928,15.433190879340382,6.303140111129108,19.0172878050671,0.10877659917652621,33,10,143,0,1560.0474305876764,7.393589718425007,1.7093314886649102,12.333918937831449,111.42260235653279,0.5280692054811981,0.0,7.626141496521106,1448.6248282311435,6.865520512943808,0.0,12.333918937831449,1114.226023565328,14486.248282311435,15600.474305876764,1417.8474305876764,0.07142257355249733,0.9285774264475026,1.7,8.0,6.0,10.2,72000.0,734400.0,655.427072685487,8521.322519006726,9176.749591692213
