Estado,Municipio,IdMunicipio,DDR,IdDDR,Cultivo,Anio,AnioFin,Lat,Lon,Z_m,max_intensidad_sequia,indice_estres_sequia_acumulado,fraccion_quincenas_sequia_severa,ET0_total_mm,ET0_mean_mm_d,ET0_min_mm_d,ET0_max_mm_d,Tmean_ciclo_mean_C,Tmean_ciclo_min_C,Tmean_ciclo_max_C,Tmax_ciclo_mean_C,Tmax_ciclo_min_C,Tmax_ciclo_max_C,Tmin_ciclo_mean_C,Tmin_ciclo_min_C,Tmin_ciclo_max_C,RH_mean_pct,RH_min_pct,RH_max_pct,Rs_mean_MJ_m2_d,Rs_min_MJ_m2_d,Rs_max_MJ_m2_d,Ws_mean_m_s,Ws_min_m_s,Ws_max_m_s,Ptot_total_mm,Ptot_mean_mm_d,Ptot_min_mm_d,Ptot_max_mm_d,Pef_total_mm,Pef_mean_mm_d,Pef_min_mm_d,Pef_max_mm_d,Rn_mean_MJ_m2_d,Rn_min_MJ_m2_d,Rn_max_MJ_m2_d,ratio_Ptot_ET0,dias_lluvia_ge_1mm,dias_lluvia_ge_5mm,dias_estres_calor,dias_riesgo_helada,ETc_total_mm,ETc_mean_mm_d,ETc_min_mm_d,ETc_max_mm_d,ETverde_total_mm,ETverde_mean_mm_d,ETverde_min_mm_d,ETverde_max_mm_d,ETazul_total_mm,ETazul_mean_mm_d,ETazul_min_mm_d,ETazul_max_mm_d,UACverde_m3_ha,UACazul_m3_ha,UACtotal_m3_ha,deficit_hidrico_mm,frac_verde,frac_azul,Rend_t_ha,SupSembradaTotal_ha,SupCosechadaTotal_ha,VolumenTotal_t,PMR,Valorproduccion,HHverde_m3_ton,HHazul_m3_ton,HHtotal_m3_ton
Sonora,Opodepe,45,Ures,142,Calabacita,2010,2011,30.034873,-110.874475,803.0,0,0.0,0.0,821.8884799262939,8.561338332565562,3.8289508101955643,11.00554544445029,23.627135416666665,11.76,34.17,32.60354166666667,17.32,41.99,14.65072916666667,4.34,26.35,24.511562499999997,9.85,58.49,29.350937500000004,13.92,33.19,2.8829166666666666,1.64,5.21,5.04,0.0525,0.0,3.85,4.032,0.042,0.0,3.08,17.090942565346058,9.609402366639067,19.561874521973582,0.006132218814469795,1,0,37,1,686.1865165812894,7.147776214388432,1.9144754050977821,10.455268172227775,2.988973301334259,0.031135138555565198,0.0,2.036973301334259,683.1975432799552,7.116641075832867,0.0,10.455268172227775,29.88973301334259,6831.975432799552,6861.865165812895,682.1545165812894,0.004355919606561037,0.995644080393439,0.0,6.0,0.0,0.0,0.0,0.0,,,
Sonora,Opodepe,45,Ures,142,Calabaza,2010,2011,30.034873,-110.874475,803.0,0,0.0,0.0,728.2653883481244,7.2826538834812435,2.4615070791889426,10.635219584981852,19.5259,9.145000000000001,31.305,28.510900000000003,15.56,40.64,10.540899999999999,1.21,21.97,28.9074,11.33,77.23,27.2773,10.87,33.18,2.8498999999999994,1.64,5.89,11.36,0.11359999999999999,0.0,5.39,9.088000000000001,0.09088000000000002,0.0,4.312,15.60898074527559,7.670440486541912,19.16678879439847,0.015598709181782107,3,1,14,7,642.3902164116136,6.423902164116136,1.2307535395944713,10.240661890924997,6.006753539594472,0.06006753539594472,0.0,3.08,636.3834628720191,6.363834628720191,0.0,10.240661890924997,60.06753539594472,6363.834628720191,6423.902164116136,633.3022164116136,0.009350630483054595,0.9906493695169454,0.0,6.0,0.0,0.0,0.0,0.0,6.864861188107968,727.2953861394504,734.1602473275584
Sonora,Opodepe,45,Ures,142,Calabaza,2011,2012,30.034873,-110.874475,803.0,4,4.0,1.0,815.2336724119223,8.152336724119223,3.8451736507891705,11.705460820890332,21.54845,11.89,30.73,30.984499999999997,18.09,40.48,12.112400000000001,3.5,21.78,20.7142,6.37,60.21,28.0291,16.64,33.27,2.9162,1.79,6.95,4.79,0.0479,0.0,4.79,3.8320000000000003,0.03832,0.0,3.8320000000000003,15.569102214166662,10.194096061827643,19.183878854159,0.0058756159885158706,1,0,17,2,708.6227678724644,7.086227678724644,2.3795184085549974,11.522786322285318,3.8320000000000003,0.03832,0.0,3.8320000000000003,704.7907678724644,7.047907678724644,0.01317365078917021,11.522786322285318,38.32,7047.907678724643,7086.227678724643,704.7907678724644,0.00540767270504872,0.9945923272949513,15.0,5.0,5.0,75.0,3150.0,236250.0,2.554666666666667,469.8605119149762,472.41517858164286
Sonora,Opodepe,45,Ures,142,Calabaza,2012,2013,30.034873,-110.874475,803.0,2,2.0,0.0,803.2328880313797,8.032328880313797,2.095752925040207,11.842925196972375,21.3433,9.129999999999999,30.245,30.6932,11.83,40.5,11.993400000000003,1.61,21.11,20.3749,6.97,70.07,27.905299999999997,6.84,33.15,2.8564999999999996,1.74,5.05,1.7200000000000002,0.017200000000000003,0.0,1.02,1.3760000000000001,0.013760000000000001,0.0,0.8160000000000001,15.50308268895384,5.686400439538593,19.48865232656843,0.00214134658282668,1,0,25,9,705.6363601142866,7.056363601142866,1.0478764625201036,11.842925196972375,1.3760000000000001,0.013760000000000001,0.0,0.8160000000000001,704.2603601142866,7.042603601142867,0.23187646252010352,11.842925196972375,13.760000000000002,7042.603601142866,7056.363601142866,704.2603601142866,0.0019500128930107,0.9980499871069893,8.0,6.0,6.0,48.0,4500.0,216000.0,1.7200000000000002,880.3254501428582,882.0454501428583
Sonora,Opodepe,45,Ures,142,Calabaza,2013,2014,30.034873,-110.874475,803.0,1,1.0,0.0,794.6172396547682,7.9461723965476825,3.3449309214635132,11.731337407864489,21.6905,9.97,30.18,30.766200000000005,16.5,40.5,12.614799999999997,3.44,20.71,23.142799999999998,5.7,56.09,27.6921,10.5,32.78,2.8667000000000002,1.66,5.43,2.0,0.02,0.0,0.95,1.6,0.016,0.0,0.76,15.587655414166328,7.2387500934320865,19.44445654582396,0.0025169350728772586,0,0,13,3,695.1928709459879,6.951928709459879,1.6724654607317566,11.731337407864489,1.6,0.016,0.0,0.76,693.5928709459879,6.935928709459879,0.9124654607317566,11.731337407864489,16.0,6935.9287094598785,6951.9287094598785,693.5928709459879,0.0023015195737303667,0.9976984804262696,16.4,5.0,5.0,82.0,2100.0,172200.0,0.9756097560975611,422.922482284139,423.8980920402366
Sonora,Opodepe,45,Ures,142,Calabaza,2014,2015,30.034873,-110.874475,803.0,2,2.0,0.0,793.3907369240354,7.933907369240354,2.5965398255264978,13.622159828274055,22.08125,14.32,35.144999999999996,30.814000000000007,19.91,44.36,13.348500000000003,6.16,25.93,22.5562,6.33,69.99,27.0669,7.15,32.5,2.7856999999999994,1.59,5.12,10.27,0.1027,0.0,7.08,8.216,0.08216,0.0,5.664000000000001,15.192883176734334,5.581606013444838,19.35629383501368,0.012944441524256564,2,1,20,0,698.1297960464755,6.9812979604647545,1.2982699127632489,12.226946188369583,3.8502699127632494,0.038502699127632496,0.0,1.552,694.2795261337122,6.942795261337122,0.0,12.226946188369583,38.502699127632496,6942.795261337123,6981.297960464755,689.9137960464755,0.005515120446895998,0.994484879553104,16.0,6.0,6.0,96.0,2400.0,230400.0,2.406418695477031,433.92470383357016,436.3311225290472
Sonora,Opodepe,45,Ures,142,Calabaza,2015,2016,30.034873,-110.874475,803.0,0,0.0,0.0,689.1496663059656,6.891496663059656,1.4628296202021747,11.191716382284039,20.729800000000004,11.17,30.36,28.719500000000004,15.59,39.5,12.7401,5.32,22.72,34.7812,12.78,88.21,25.557299999999994,6.35,32.57,2.7445999999999997,1.28,5.34,48.13999999999999,0.48139999999999994,0.0,14.28,38.512,0.38512,0.0,11.424,15.080996126458345,5.191315053483106,19.24448449143722,0.06985420200236593,7,4,9,0,608.7837908114195,6.087837908114195,0.7314148101010873,9.440447938116597,17.233403934369015,0.17233403934369015,0.0,5.189685038435779,591.5503868770505,5.9155038687705055,0.0,9.440447938116597,172.33403934369016,5915.5038687705055,6087.837908114196,570.2717908114196,0.028307921785170092,0.97169207821483,18.5,6.0,6.0,111.0,2450.0,271950.0,9.315353478037306,319.75696587948676,329.07231935752407
Sonora,Opodepe,45,Ures,142,Calabaza,2016,2017,30.034873,-110.874475,803.0,2,1.8333333333333333,0.0,759.7036770891119,7.597036770891119,2.330603461429669,11.857658114113722,21.291549999999997,8.595,33.82,30.273200000000003,12.64,44.5,12.3099,4.21,24.87,25.621399999999998,8.75,64.41,27.382699999999996,9.99,32.67,2.7148000000000008,1.7,4.11,6.64,0.0664,0.0,5.57,5.312,0.05312,0.0,4.456,15.607302598748202,7.465150577170018,19.200352486210274,0.008740249916180332,1,1,11,2,661.7771491226638,6.617771491226637,1.1653017307148346,10.061819192096367,2.0213017307148347,0.020213017307148348,0.0,1.1653017307148346,659.7558473919489,6.597558473919489,0.0,10.061819192096367,20.21301730714835,6597.558473919489,6617.771491226637,656.4651491226638,0.0030543540728091476,0.9969456459271908,19.0,7.0,7.0,133.0,2500.0,332500.0,1.0638430161657026,347.2399196799731,348.30376269613885
Sonora,Opodepe,45,Ures,142,Calabaza,2017,2018,30.034873,-110.874475,803.0,0,0.0,0.0,781.3306595915462,7.813306595915463,3.9858534872682028,11.571679178107395,22.631500000000003,14.415,30.975,31.615200000000005,19.36,39.66,13.6478,5.84,22.57,24.968599999999995,9.42,56.93,27.4351,10.51,32.72,2.6879000000000004,1.62,4.87,1.0100000000000002,0.010100000000000003,0.0,0.56,0.8080000000000003,0.008080000000000002,0.0,0.44800000000000006,15.516639141625571,7.049570892764949,18.95717874932562,0.001292666539577488,0,0,23,0,684.0985816278677,6.840985816278677,2.1059090255186783,10.057374032783075,0.8080000000000003,0.008080000000000002,0.0,0.44800000000000006,683.2905816278676,6.832905816278676,2.1059090255186783,10.057374032783075,8.080000000000002,6832.905816278676,6840.985816278676,683.2905816278677,0.0011811163210970256,0.9988188836789028,12.0,6.5,6.5,78.0,2610.0,203580.0,0.6733333333333335,569.408818023223,570.0821513565563
Sonora,Opodepe,45,Ures,142,Calabaza,2018,2019,30.034873,-110.874475,803.0,4,3.6666666666666665,1.0,799.8920580604375,7.998920580604375,4.481366725892815,11.380934562226887,22.74555,12.829999999999998,32.335,31.6054,20.48,40.79,13.8857,1.67,24.13,22.490899999999996,6.78,50.51,27.0898,13.16,32.88,2.7288,1.67,4.63,0.16,0.0016,0.0,0.1,0.128,0.00128,0.0,0.08000000000000002,15.260008980785859,8.395655857400687,18.95405425497378,0.00020002698912646393,0,0,29,1,708.0183447300698,7.080183447300698,2.2406833629464074,10.726590325584738,0.128,0.00128,0.0,0.08000000000000002,707.8903447300697,7.078903447300697,2.2406833629464074,10.726590325584738,1.28,7078.903447300698,7080.1834473006975,707.8903447300697,0.00018078627616463763,0.9998192137238353,13.0,4.0,4.0,52.0,3200.0,166400.0,0.09846153846153846,544.531034407746,544.6294959462075
Sonora,Opodepe,45,Ures,142,Calabaza,2019,2020,30.034873,-110.874475,803.0,0,0.0,0.0,692.7122667157164,6.927122667157164,1.9340639573142835,9.89332674949381,20.187299999999997,10.535,28.425000000000004,28.5928,13.78,36.59,11.781799999999999,3.46,20.26,32.4655,15.79,79.13,26.1178,7.17,32.89,2.6393,1.18,4.33,38.7,0.387,0.0,30.86,30.96,0.3096,0.0,24.688000000000002,15.320673353784885,5.711044472804279,19.421734915381712,0.05586735194323068,4,1,5,2,614.3390549423905,6.143390549423905,0.9670319786571417,9.89332674949381,7.239031978657141,0.07239031978657141,0.0,2.384,607.1000229637333,6.071000229637333,0.0,9.89332674949381,72.39031978657141,6071.000229637333,6143.390549423904,583.3790549423904,0.01178344746344668,0.9882165525365533,15.0,4.0,4.0,60.0,3300.0,198000.0,4.82602131910476,404.73334864248886,409.55936996159363
Sonora,Opodepe,45,Ures,142,Shop suey,2019,2020,30.034873,-110.874475,803.0,1,1.0,0.0,392.8267719417606,4.0919455410600065,0.7498699013814789,7.483955045967742,21.499583333333334,9.29,28.78,27.857604166666665,13.68,36.19,15.1415625,3.0,23.46,58.09927083333334,27.15,94.45,16.826875,2.38,25.03,1.9648958333333333,0.95,5.79,283.73,2.9555208333333334,0.0,87.6,170.238,1.7733125,0.0,52.559999999999995,9.94034950738955,2.900786167027119,16.401685040226532,0.7222776558672661,28,14,2,1,358.59768587215376,3.7353925611682683,0.712376406312405,7.483955045967742,49.71373059470537,0.5178513603615142,0.0,3.5991793108206998,308.8839552774484,3.2175412008067545,0.0,7.483955045967742,497.1373059470537,3088.839552774484,3585.976858721538,188.35968587215376,0.13863371837940183,0.8613662816205983,0.95,25.0,15.0,14.25,22000.0,313500.0,523.3024273126881,3251.4100555520886,3774.7124828647766
Sonora,Opodepe,45,Ures,142,Avena forrajera en verde,2010,2011,30.034873,-110.874475,803.0,2,1.75,0.0,385.16584877428215,4.09750902951364,1.0297312607762314,8.73216611555236,13.298670212765954,6.955,20.175,20.95691489361702,11.45,31.17,5.640425531914894,-0.15,10.94,46.149680851063835,20.34,88.46,18.05191489361702,4.23,27.7,2.6888297872340425,1.35,7.72,95.71000000000001,1.0181914893617021,0.0,22.81,76.568,0.8145531914893617,0.0,18.248,9.772695753373885,3.774647936817229,16.173829701691346,0.2484903589053367,13,5,0,29,376.5237402372286,4.005571704651368,0.48013209684517555,10.041991032885214,22.899434788502987,0.24361100838832964,0.0,2.830733141067284,353.6243054487256,3.761960696263038,0.0,10.041991032885214,228.99434788502987,3536.243054487256,3765.237402372286,299.9557402372286,0.06081803706208594,0.939181962937914,40.2,198.0,198.0,7959.6,495.5,3943981.8,5.696376813060444,87.9662451364989,93.66262194955934
Sonora,Opodepe,45,Ures,142,Avena forrajera en verde,2011,2012,30.034873,-110.874475,803.0,4,1.8,0.2,736.7829952518315,4.6928853200753595,1.6976785798298908,8.636284098011682,15.5528025477707,-3.465,24.785,23.90528662420382,1.02,34.68,7.200318471337582,-7.95,15.01,30.756751592356686,9.49,73.83,17.943184713375796,7.01,27.46,2.488853503184713,1.25,9.18,8.5,0.054140127388535034,0.0,3.91,6.800000000000001,0.04331210191082803,0.0,3.128,8.687481732926539,4.568217979061235,15.10582190559547,0.011536639763373897,2,0,0,40,672.4991047659705,4.283433788318283,1.0630205134154347,7.582972234927171,5.405802972742986,0.034431866068426666,0.0,2.397472605938612,667.0933017932275,4.249001922249857,0.0,7.582972234927171,54.05802972742986,6670.933017932275,6724.991047659705,665.6991047659706,0.008038379433418286,0.9919616205665817,34.2,196.0,196.0,6703.2,375.0,2513700.0,1.5806441440768964,195.05652099217178,196.63716513624868
Sonora,Opodepe,45,Ures,142,Avena forrajera en verde,2012,2013,30.034873,-110.874475,803.0,3,1.6666666666666667,0.16666666666666666,667.5259442594627,4.224847748477612,1.0580375711901282,8.142812180608098,14.33363924050633,3.5450000000000004,24.174999999999997,22.26449367088608,9.21,33.19,6.402784810126583,-2.12,16.48,38.68664556962026,11.57,88.57,17.075189873417724,2.47,28.7,2.524493670886076,0.95,7.26,80.43,0.5090506329113924,0.0,25.7,64.34400000000001,0.40724050632911396,0.0,20.560000000000002,8.600192184563928,3.0464680675931675,15.55974369456771,0.12048969885242007,11,5,0,49,614.6842775234913,3.8904068197689328,0.42558117950587626,7.328530962547289,20.363008471272153,0.12887980045108957,0.0,3.8493823627367516,594.3212690522191,3.7615270193178425,0.0,7.328530962547289,203.63008471272153,5943.212690522191,6146.842775234913,550.3402775234913,0.033127589586824824,0.9668724104131751,38.8,186.0,186.0,7216.8,432.67,3122492.86,5.248198059606225,153.17558480727297,158.4237828668792
Sonora,Opodepe,45,Ures,142,Avena forrajera en verde,2013,2014,30.034873,-110.874475,803.0,1,1.0,0.0,672.582866899812,4.283967305094344,1.3794401592246381,7.776949370045248,15.287898089171973,2.51,24.575,23.133757961783438,9.09,34.03,7.44203821656051,-4.97,19.09,35.96987261146497,12.16,87.07,16.727579617834394,6.21,27.97,2.378216560509554,1.16,5.29,67.62,0.4307006369426752,0.0,17.12,54.096000000000004,0.34456050955414014,0.0,13.696000000000002,8.422501725963853,4.46239565269856,15.193238270531246,0.10053779738946679,8,6,0,56,612.8606100123333,3.903570764409766,0.9043795939193784,6.999254433040723,18.74977294609457,0.11942530538913738,0.0,3.016270078091312,594.1108370662387,3.7841454590206287,0.0,6.999254433040723,187.4977294609457,5941.108370662387,6128.606100123332,558.7646100123333,0.03059386202960123,0.9694061379703988,39.4,186.0,186.0,7328.4,380.0,2784792.0,4.758825620836185,150.78955255488293,155.5483781757191
Sonora,Opodepe,45,Ures,142,Avena forrajera en verde,2014,2015,30.034873,-110.874475,803.0,2,1.8333333333333333,0.0,699.8813982801726,4.457843301147596,1.2750113536349983,7.95452285319332,16.615222929936305,6.59,24.765,24.362611464968154,9.94,33.31,8.867834394904458,0.51,17.19,36.409745222929935,10.61,88.32,16.87624203821656,5.74,28.29,2.4056050955414015,1.19,5.02,43.45,0.2767515923566879,0.0,11.23,34.76,0.2214012738853503,0.0,8.984,8.502652445177558,4.135217899515165,15.793365984206428,0.06208194717957963,8,4,0,20,647.0979540513615,4.121643019435424,0.7053644462064297,7.263909518949238,13.974945886438398,0.0890123941811363,0.0,2.336885842973848,633.1230081649231,4.032630625254288,0.0,7.263909518949238,139.749458864384,6331.230081649232,6470.979540513616,612.3379540513615,0.02159633761618906,0.9784036623838109,39.5,152.0,152.0,6004.0,376.54,2260746.16,3.5379609839084556,160.28430586453752,163.82226684844596
Sonora,Opodepe,45,Ures,142,Avena forrajera en verde,2015,2016,30.034873,-110.874475,803.0,0,0.0,0.0,623.7462903492518,3.9729063079570177,0.9699829040543619,7.616168050943806,16.2965923566879,4.905,24.270000000000003,23.60337579617834,11.48,34.49,8.989808917197452,-2.68,17.01,46.60777070063694,21.76,90.89,16.090891719745223,2.62,27.18,2.3777070063694272,1.12,6.23,120.36000000000001,0.7666242038216562,0.0,26.56,96.288,0.6132993630573248,0.0,21.248,8.515413978637822,3.1379576694529803,15.663619376899586,0.1929630714638917,14,8,0,17,577.2849604239841,3.6769742702164594,0.7562105108234962,7.320776282385649,30.419548972656532,0.1937550889978123,0.0,3.130935179078604,546.8654114513275,3.483219181218647,0.0,7.320776282385649,304.1954897265653,5468.654114513275,5772.84960423984,480.9969604239841,0.05269416502781407,0.9473058349721859,41.2,204.0,204.0,8404.8,380.86,3201052.13,7.383385672974886,132.73432316779792,140.11770884077282
Sonora,Opodepe,45,Ures,142,Avena forrajera en verde,2016,2017,30.034873,-110.874475,803.0,2,1.3333333333333333,0.0,704.8734074560211,4.461224097822918,1.1846201539778514,8.228153283918584,15.661993670886078,4.365,22.655,23.81721518987342,9.95,33.04,7.506772151898735,-2.38,14.65,36.43101265822785,12.24,84.44,17.32221518987342,5.57,27.99,2.4375949367088605,0.96,5.2,68.12,0.4311392405063291,0.0,11.12,54.496,0.3449113924050633,0.0,8.895999999999999,8.655345046157656,4.164892839139734,15.491076137166928,0.09664146679309957,16,7,0,39,654.0342166716647,4.139457067542182,0.566780627546087,7.405337955526726,24.616239878313536,0.15579898657160465,0.0,2.5267986727849068,629.4179767933512,3.983658080970577,0.0,7.405337955526726,246.16239878313536,6294.179767933511,6540.342166716647,599.5382166716647,0.03763754135614478,0.9623624586438552,42.2,208.0,208.0,8777.6,392.3,3443452.48,5.833232198652496,149.15117933491732,154.9844115335698
Sonora,Opodepe,45,Ures,142,Avena forrajera en verde,2017,2018,30.034873,-110.874475,803.0,1,1.0,0.0,665.900479949192,4.241404330886573,1.043392224173322,8.085834922948113,16.76761146496815,7.62,26.45,24.30554140127388,11.39,34.72,9.22968152866242,0.59,18.21,42.311401273885345,17.2,89.64,16.570127388535035,3.82,27.96,2.3754777070063695,1.26,6.68,99.95,0.6366242038216561,0.0,18.44,79.96000000000001,0.5092993630573249,0.0,14.752000000000002,8.604341472426363,3.5503669517081473,15.822724824190779,0.15009750407091785,12,6,0,24,599.6628066822971,3.8195083228171787,1.1845034366070302,7.277251430653302,22.956099658673754,0.14621719527817678,0.0,3.220798864888994,576.7067070236233,3.673291127539002,0.0,7.277251430653302,229.56099658673753,5767.067070236233,5996.628066822971,519.702806682297,0.038281679975586604,0.9617183200244134,42.6,210.0,210.0,8946.0,394.06,3525260.76,5.388755788421069,135.37716127315102,140.76591706157208
Sonora,Opodepe,45,Ures,142,Avena forrajera en verde,2018,2019,30.034873,-110.874475,803.0,3,2.6363636363636362,0.7272727272727273,707.2802089852211,4.5049694839823,1.007546042467037,7.708730358589293,17.80085987261146,8.17,25.44,25.460063694267514,11.73,34.73,10.141656050955413,-0.48,18.34,35.123057324840765,14.01,90.14,16.33031847133758,3.84,27.64,2.331146496815286,1.07,5.64,67.84,0.4321019108280255,0.0,21.98,54.272,0.34568152866242036,0.0,17.584,8.261405623515865,3.79681283839251,15.415444731238178,0.09591672315747994,10,4,0,18,658.568540806323,4.194704081568936,0.9622291324212574,8.721820492306163,15.607037488389205,0.09940788209165098,0.0,1.8972975155291254,642.9615033179339,4.095296199477286,0.0,8.721820492306163,156.07037488389204,6429.615033179339,6585.685408063231,604.2965408063229,0.023698425480938735,0.9763015745190614,43.0,202.0,202.0,8686.0,421.94,3664970.84,3.629543601950978,149.52593100417067,153.15547460612166
Sonora,Opodepe,45,Ures,142,Avena forrajera en verde,2019,2020,30.034873,-110.874475,803.0,0,0.0,0.0,584.223623906966,3.7211695790252617,0.9400455569694014,7.645381959312887,14.623789808917197,4.535,21.715,21.88127388535032,7.79,30.94,7.366305732484077,-2.72,15.72,46.22350318471338,24.19,90.08,15.72828025477707,2.64,27.23,2.2862420382165602,0.99,7.34,103.82,0.6612738853503184,0.0,30.86,83.05600000000001,0.5290191082802549,0.0,24.688000000000002,8.35232990086367,3.179447175779932,15.541859817599292,0.1777059258674084,14,3,0,38,534.8193913225822,3.406492938360396,0.7984776820940259,6.880843763381598,27.731344589538594,0.17663276808623307,0.0,2.272,507.0880467330436,3.229860170274163,0.0,6.880843763381598,277.31344589538594,5070.880467330436,5348.193913225821,451.76339132258215,0.05185179340816408,0.948148206591836,42.75,203.0,203.0,8678.25,432.47,3753082.78,6.486864231471016,118.61708695509792,125.10395118656893
Sonora,Opodepe,45,Ures,142,Avena forrajera en verde,2020,2021,30.034873,-110.874475,803.0,0,0.0,0.0,516.6424318728664,3.269888809321939,0.7498699013814789,6.55270433166602,14.327784810126582,3.925,22.645000000000003,21.17075949367089,10.64,30.06,7.4848101265822775,-3.74,17.28,56.00227848101266,27.15,94.45,15.375569620253165,2.38,28.03,2.249240506329114,0.95,6.72,317.04999999999995,2.006645569620253,0.0,87.6,190.23,1.2039873417721518,0.0,52.559999999999995,8.420120107883925,2.900786167027119,16.325199433712164,0.6136739463126764,25,16,0,43,465.24071794806923,2.944561506000438,0.7801186188456098,5.897433898499418,36.976514032136116,0.2340285698236463,0.0,2.616922260930751,428.2642039159331,2.710532936176792,0.0,5.897433898499418,369.7651403213612,4282.642039159331,4652.407179480692,275.0107179480692,0.07947824127522622,0.9205217587247737,41.3,182.0,170.0,7021.0,554.06,3890055.26,8.95315109736952,103.69593315155765,112.64908424892718
Sonora,Opodepe,45,Ures,142,Avena forrajera en verde,2021,2022,30.034873,-110.874475,803.0,4,3.8181818181818183,1.0,731.6710730765083,4.660325306219798,1.333985151274638,9.948508831828397,15.78936305732484,4.245,27.485,24.001847133757963,8.27,36.77,7.57687898089172,-0.9,19.33,31.697770700636937,12.04,84.65,17.30541401273885,7.63,27.7,2.5471337579617837,1.15,6.02,62.49,0.39802547770700636,0.0,22.22,49.992000000000004,0.31842038216560514,0.0,17.776,8.442391056532925,4.533759807140349,15.340864351155453,0.08540723051581628,8,3,2,45,673.4286254056706,4.289354301946946,0.8523442776470641,8.953657948645557,15.736732645710148,0.10023396589624298,0.0,2.39960460168681,657.6918927599604,4.189120336050704,0.0,8.953657948645557,157.36732645710148,6576.918927599604,6734.286254056706,623.4366254056706,0.023368077999699532,0.9766319220003005,40.67,205.0,205.0,8337.35,537.11,4478074.06,3.8693711939292226,161.71425934594552,165.58363053987475
Sonora,Opodepe,45,Ures,142,Avena forrajera en verde,2022,2023,30.034873,-110.874475,803.0,2,1.1,0.0,675.0378251588646,4.299603981903596,1.2985542719378143,8.285247004152218,15.98984076433121,5.390000000000001,24.165,23.910573248407644,13.24,34.21,8.069108280254778,-3.28,16.12,37.15133757961784,8.88,87.44,16.94140127388535,4.6,27.28,2.3404458598726112,1.17,6.02,72.94,0.46458598726114647,0.0,38.22,58.35200000000001,0.37166878980891727,0.0,30.576,8.56425525312888,3.7822536770222652,15.409402740149261,0.10805320425241974,6,4,0,32,609.9407270833607,3.88497278397045,0.9496598767735678,7.4567223037369965,15.36936938223442,0.09789407249830841,0.0,3.110188047229071,594.5713577011262,3.7870787114721414,0.0,7.4567223037369965,153.69369382234422,5945.713577011262,6099.407270833606,551.5887270833607,0.02519813598237372,0.9748018640176261,44.81,210.0,210.0,9410.0,661.6,6225656.0,3.4298972064794513,132.68720323613616,136.1171004426156
Sonora,Opodepe,45,Ures,142,Avena forrajera en verde,2023,2024,30.034873,-110.874475,803.0,2,1.75,0.0,589.1518885427407,3.752559799635291,1.1684007940249992,8.152181969539734,13.88917197452229,5.225,20.395,21.447770700636944,11.35,30.78,6.330573248407643,-2.83,14.99,44.56121019108281,17.6,86.54,16.120063694267518,1.66,29.04,2.3824840764331205,1.19,5.54,64.32,0.40968152866242036,0.0,11.12,51.456,0.32774522292993635,0.0,8.895999999999999,8.405542041625244,2.768154094650966,16.26979646627099,0.10917388410498802,13,5,0,53,545.6561347307868,3.4755167817247568,0.7425533155814619,7.3369637725857615,22.818785104808605,0.14534258028540512,0.0,2.218000359676199,522.8373496259783,3.3301742014393523,0.0,7.3369637725857615,228.18785104808603,5228.373496259783,5456.561347307868,494.2001347307868,0.041818983884542645,0.9581810161154575,45.48,208.0,208.0,9459.84,664.62,6287198.86,5.01732302216548,114.95983940764695,119.97716242981244
Sonora,Opodepe,45,Ures,142,Cebada forrajera en verde,2010,2011,30.034873,-110.874475,803.0,2,1.75,0.0,385.16584877428215,4.09750902951364,1.0297312607762314,8.73216611555236,13.298670212765954,6.955,20.175,20.95691489361702,11.45,31.17,5.640425531914894,-0.15,10.94,46.149680851063835,20.34,88.46,18.05191489361702,4.23,27.7,2.6888297872340425,1.35,7.72,95.71000000000001,1.0181914893617021,0.0,22.81,76.568,0.8145531914893617,0.0,18.248,9.772695753373885,3.774647936817229,16.173829701691346,0.2484903589053367,13,5,0,29,376.5237402372286,4.005571704651368,0.48013209684517555,10.041991032885214,22.899434788502987,0.24361100838832964,0.0,2.830733141067284,353.6243054487256,3.761960696263038,0.0,10.041991032885214,228.99434788502987,3536.243054487256,3765.237402372286,299.9557402372286,0.06081803706208594,0.939181962937914,37.4,140.0,140.0,5236.0,500.0,2618000.0,6.1228435263376975,94.55195332853626,100.67479685487396
Sonora,Opodepe,45,Ures,142,Cebada forrajera en verde,2011,2012,30.034873,-110.874475,803.0,4,1.8,0.2,736.7829952518315,4.6928853200753595,1.6976785798298908,8.636284098011682,15.5528025477707,-3.465,24.785,23.90528662420382,1.02,34.68,7.200318471337582,-7.95,15.01,30.756751592356686,9.49,73.83,17.943184713375796,7.01,27.46,2.488853503184713,1.25,9.18,8.5,0.054140127388535034,0.0,3.91,6.800000000000001,0.04331210191082803,0.0,3.128,8.687481732926539,4.568217979061235,15.10582190559547,0.011536639763373897,2,0,0,40,672.4991047659705,4.283433788318283,1.0630205134154347,7.582972234927171,5.405802972742986,0.034431866068426666,0.0,2.397472605938612,667.0933017932275,4.249001922249857,0.0,7.582972234927171,54.05802972742986,6670.933017932275,6724.991047659705,665.6991047659706,0.008038379433418286,0.9919616205665817,32.0,140.0,140.0,4480.0,375.0,1680000.0,1.6893134289821832,208.4666568103836,210.1559702393658
Sonora,Opodepe,45,Ures,142,Cebada forrajera en verde,2012,2013,30.034873,-110.874475,803.0,3,1.6666666666666667,0.16666666666666666,667.5259442594627,4.224847748477612,1.0580375711901282,8.142812180608098,14.33363924050633,3.5450000000000004,24.174999999999997,22.26449367088608,9.21,33.19,6.402784810126583,-2.12,16.48,38.68664556962026,11.57,88.57,17.075189873417724,2.47,28.7,2.524493670886076,0.95,7.26,80.43,0.5090506329113924,0.0,25.7,64.34400000000001,0.40724050632911396,0.0,20.560000000000002,8.600192184563928,3.0464680675931675,15.55974369456771,0.12048969885242007,11,5,0,49,614.6842775234913,3.8904068197689328,0.42558117950587626,7.328530962547289,20.363008471272153,0.12887980045108957,0.0,3.8493823627367516,594.3212690522191,3.7615270193178425,0.0,7.328530962547289,203.63008471272153,5943.212690522191,6146.842775234913,550.3402775234913,0.033127589586824824,0.9668724104131751,35.4,135.0,135.0,4779.0,430.0,2054970.0,5.752262280020382,167.88736413904496,173.63962641906534
Sonora,Opodepe,45,Ures,142,Cebada forrajera en verde,2013,2014,30.034873,-110.874475,803.0,1,1.0,0.0,672.582866899812,4.283967305094344,1.3794401592246381,7.776949370045248,15.287898089171973,2.51,24.575,23.133757961783438,9.09,34.03,7.44203821656051,-4.97,19.09,35.96987261146497,12.16,87.07,16.727579617834394,6.21,27.97,2.378216560509554,1.16,5.29,67.62,0.4307006369426752,0.0,17.12,54.096000000000004,0.34456050955414014,0.0,13.696000000000002,8.422501725963853,4.46239565269856,15.193238270531246,0.10053779738946679,8,6,0,56,612.8606100123333,3.903570764409766,0.9043795939193784,6.999254433040723,18.74977294609457,0.11942530538913738,0.0,3.016270078091312,594.1108370662387,3.7841454590206287,0.0,6.999254433040723,187.4977294609457,5941.108370662387,6128.606100123332,558.7646100123333,0.03059386202960123,0.9694061379703988,35.6,122.0,122.0,4343.2,385.0,1672132.0,5.266790153397351,166.88506659164008,172.15185674503743
Sonora,Opodepe,45,Ures,142,Cebada forrajera en verde,2014,2015,30.034873,-110.874475,803.0,2,1.8333333333333333,0.0,699.8813982801726,4.457843301147596,1.2750113536349983,7.95452285319332,16.615222929936305,6.59,24.765,24.362611464968154,9.94,33.31,8.867834394904458,0.51,17.19,36.409745222929935,10.61,88.32,16.87624203821656,5.74,28.29,2.4056050955414015,1.19,5.02,43.45,0.2767515923566879,0.0,11.23,34.76,0.2214012738853503,0.0,8.984,8.502652445177558,4.135217899515165,15.793365984206428,0.06208194717957963,8,4,0,20,647.0979540513615,4.121643019435424,0.7053644462064297,7.263909518949238,13.974945886438398,0.0890123941811363,0.0,2.336885842973848,633.1230081649231,4.032630625254288,0.0,7.263909518949238,139.749458864384,6331.230081649232,6470.979540513616,612.3379540513615,0.02159633761618906,0.9784036623838109,35.3,110.0,110.0,3883.0,380.27,1476588.41,3.9589081831270256,179.35495982009155,183.31386800321857
Sonora,Opodepe,45,Ures,142,Cebada forrajera en verde,2015,2016,30.034873,-110.874475,803.0,0,0.0,0.0,623.7462903492518,3.9729063079570177,0.9699829040543619,7.616168050943806,16.2965923566879,4.905,24.270000000000003,23.60337579617834,11.48,34.49,8.989808917197452,-2.68,17.01,46.60777070063694,21.76,90.89,16.090891719745223,2.62,27.18,2.3777070063694272,1.12,6.23,120.36000000000001,0.7666242038216562,0.0,26.56,96.288,0.6132993630573248,0.0,21.248,8.515413978637822,3.1379576694529803,15.663619376899586,0.1929630714638917,14,8,0,17,577.2849604239841,3.6769742702164594,0.7562105108234962,7.320776282385649,30.419548972656532,0.1937550889978123,0.0,3.130935179078604,546.8654114513275,3.483219181218647,0.0,7.320776282385649,304.1954897265653,5468.654114513275,5772.84960423984,480.9969604239841,0.05269416502781407,0.9473058349721859,37.4,135.0,135.0,5049.0,392.56,1982035.44,8.13356924402581,146.22069824901806,154.35426749304386
Sonora,Opodepe,45,Ures,142,Cebada forrajera en verde,2016,2017,30.034873,-110.874475,803.0,2,1.3333333333333333,0.0,704.8734074560211,4.461224097822918,1.1846201539778514,8.228153283918584,15.661993670886078,4.365,22.655,23.81721518987342,9.95,33.04,7.506772151898735,-2.38,14.65,36.43101265822785,12.24,84.44,17.32221518987342,5.57,27.99,2.4375949367088605,0.96,5.2,68.12,0.4311392405063291,0.0,11.12,54.496,0.3449113924050633,0.0,8.895999999999999,8.655345046157656,4.164892839139734,15.491076137166928,0.09664146679309957,16,7,0,39,654.0342166716647,4.139457067542182,0.566780627546087,7.405337955526726,24.616239878313536,0.15579898657160465,0.0,2.5267986727849068,629.4179767933512,3.983658080970577,0.0,7.405337955526726,246.16239878313536,6294.179767933511,6540.342166716647,599.5382166716647,0.03763754135614478,0.9623624586438552,37.6,75.0,75.0,2820.0,401.56,1132399.2,6.5468723080621105,167.39839808333807,173.9452703914002
Sonora,Opodepe,45,Ures,142,Cebada forrajera en verde,2017,2018,30.034873,-110.874475,803.0,1,1.0,0.0,665.900479949192,4.241404330886573,1.043392224173322,8.085834922948113,16.76761146496815,7.62,26.45,24.30554140127388,11.39,34.72,9.22968152866242,0.59,18.21,42.311401273885345,17.2,89.64,16.570127388535035,3.82,27.96,2.3754777070063695,1.26,6.68,99.95,0.6366242038216561,0.0,18.44,79.96000000000001,0.5092993630573249,0.0,14.752000000000002,8.604341472426363,3.5503669517081473,15.822724824190779,0.15009750407091785,12,6,0,24,599.6628066822971,3.8195083228171787,1.1845034366070302,7.277251430653302,22.956099658673754,0.14621719527817678,0.0,3.220798864888994,576.7067070236233,3.673291127539002,0.0,7.277251430653302,229.56099658673753,5767.067070236233,5996.628066822971,519.702806682297,0.038281679975586604,0.9617183200244134,37.8,73.0,73.0,2759.4,407.0,1123075.8,6.07304223774438,152.56791191101146,158.64095414875584
Sonora,Opodepe,45,Ures,142,Cebada forrajera en verde,2018,2019,30.034873,-110.874475,803.0,3,2.6363636363636362,0.7272727272727273,707.2802089852211,4.5049694839823,1.007546042467037,7.708730358589293,17.80085987261146,8.17,25.44,25.460063694267514,11.73,34.73,10.141656050955413,-0.48,18.34,35.123057324840765,14.01,90.14,16.33031847133758,3.84,27.64,2.331146496815286,1.07,5.64,67.84,0.4321019108280255,0.0,21.98,54.272,0.34568152866242036,0.0,17.584,8.261405623515865,3.79681283839251,15.415444731238178,0.09591672315747994,10,4,0,18,658.568540806323,4.194704081568936,0.9622291324212574,8.721820492306163,15.607037488389205,0.09940788209165098,0.0,1.8972975155291254,642.9615033179339,4.095296199477286,0.0,8.721820492306163,156.07037488389204,6429.615033179339,6585.685408063231,604.2965408063229,0.023698425480938735,0.9763015745190614,38.0,70.0,70.0,2660.0,410.0,1090600.0,4.107115128523475,169.2003956099826,173.30751073850607
Sonora,Opodepe,45,Ures,142,Cebada forrajera en verde,2019,2020,30.034873,-110.874475,803.0,0,0.0,0.0,584.223623906966,3.7211695790252617,0.9400455569694014,7.645381959312887,14.623789808917197,4.535,21.715,21.88127388535032,7.79,30.94,7.366305732484077,-2.72,15.72,46.22350318471338,24.19,90.08,15.72828025477707,2.64,27.23,2.2862420382165602,0.99,7.34,103.82,0.6612738853503184,0.0,30.86,83.05600000000001,0.5290191082802549,0.0,24.688000000000002,8.35232990086367,3.179447175779932,15.541859817599292,0.1777059258674084,14,3,0,38,534.8193913225822,3.406492938360396,0.7984776820940259,6.880843763381598,27.731344589538594,0.17663276808623307,0.0,2.272,507.0880467330436,3.229860170274163,0.0,6.880843763381598,277.31344589538594,5070.880467330436,5348.193913225821,451.76339132258215,0.05185179340816408,0.948148206591836,37.65,70.0,70.0,2635.5,435.0,1146442.5,7.365562971989003,134.68474016813906,142.05030314012805
Sonora,Opodepe,45,Ures,142,Cebada forrajera en verde,2022,2023,30.034873,-110.874475,803.0,2,1.1,0.0,675.0378251588646,4.299603981903596,1.2985542719378143,8.285247004152218,15.98984076433121,5.390000000000001,24.165,23.910573248407644,13.24,34.21,8.069108280254778,-3.28,16.12,37.15133757961784,8.88,87.44,16.94140127388535,4.6,27.28,2.3404458598726112,1.17,6.02,72.94,0.46458598726114647,0.0,38.22,58.35200000000001,0.37166878980891727,0.0,30.576,8.56425525312888,3.7822536770222652,15.409402740149261,0.10805320425241974,6,4,0,32,609.9407270833607,3.88497278397045,0.9496598767735678,7.4567223037369965,15.36936938223442,0.09789407249830841,0.0,3.110188047229071,594.5713577011262,3.7870787114721414,0.0,7.4567223037369965,153.69369382234422,5945.713577011262,6099.407270833606,551.5887270833607,0.02519813598237372,0.9748018640176261,40.0,45.0,45.0,1800.0,655.0,1179000.0,3.842342345558605,148.64283942528155,152.48518177084014
Sonora,Opodepe,45,Ures,142,Cebada forrajera en verde,2023,2024,30.034873,-110.874475,803.0,2,1.75,0.0,589.1518885427407,3.752559799635291,1.1684007940249992,8.152181969539734,13.88917197452229,5.225,20.395,21.447770700636944,11.35,30.78,6.330573248407643,-2.83,14.99,44.56121019108281,17.6,86.54,16.120063694267518,1.66,29.04,2.3824840764331205,1.19,5.54,64.32,0.40968152866242036,0.0,11.12,51.456,0.32774522292993635,0.0,8.895999999999999,8.405542041625244,2.768154094650966,16.26979646627099,0.10917388410498802,13,5,0,53,545.6561347307868,3.4755167817247568,0.7425533155814619,7.3369637725857615,22.818785104808605,0.14534258028540512,0.0,2.218000359676199,522.8373496259783,3.3301742014393523,0.0,7.3369637725857615,228.18785104808603,5228.373496259783,5456.561347307868,494.2001347307868,0.041818983884542645,0.9581810161154575,44.29,35.0,35.0,1550.15,687.26,1065356.09,5.152130301379229,118.04862262948257,123.2007529308618
Sonora,Opodepe,45,Ures,142,Maíz grano,2010,2011,30.034873,-110.874475,803.0,0,0.0,0.0,1284.1667911370128,7.509747316590718,2.70716413897022,11.00554544445029,25.530672514619887,11.76,34.17,33.18239766081871,17.32,41.99,17.878947368421052,4.34,26.35,38.741052631578945,9.85,89.68,26.72105263157895,11.4,33.19,2.4019883040935675,0.97,5.21,255.85999999999999,1.4962573099415204,0.0,29.6,153.51600000000002,0.8977543859649124,0.0,17.76,16.327826079377424,8.617624474811532,19.561874521973582,0.19924203130456228,36,15,73,1,1179.0633208952108,6.895107139738075,1.1486852430586691,13.206654533340346,91.39696102214788,0.5344851521763033,0.0,6.984363733201127,1087.666359873063,6.360621987561771,0.0,13.206654533340346,913.9696102214788,10876.663598730629,11790.633208952107,1025.5473208952108,0.07751658405653243,0.9224834159434675,3.5,64.0,64.0,224.0,3150.0,705600.0,309.82020685473856,3687.004609739196,3996.8248165939344
Sonora,Opodepe,45,Ures,142,Maíz grano,2011,2012,30.034873,-110.874475,803.0,4,3.6,1.0,1332.076351760181,7.789920185732053,3.1976167200929835,11.795646457021501,26.159853801169596,11.89,34.894999999999996,34.02251461988304,18.09,43.66,18.29719298245614,3.5,26.89,36.5553216374269,6.37,79.13,26.76543859649123,13.27,33.27,2.452046783625731,0.75,6.95,235.19000000000003,1.3753801169590645,0.0,21.14,188.152,1.1003040935672515,0.0,16.912000000000003,16.218446975474112,9.551131548902063,19.376554619790298,0.1765589485086379,42,17,72,1,1198.6466004532413,7.009629242416616,1.153552095236751,14.1547757484258,133.70523991629034,0.7819019878145634,0.0,12.493833855071104,1064.941360536951,6.227727254602052,0.0,14.1547757484258,1337.0523991629034,10649.41360536951,11986.466004532413,1010.4946004532412,0.11154683946522079,0.8884531605347792,3.4,65.0,65.0,221.0,3100.0,685100.0,453.23810141115365,3609.970713684579,4063.208815095733
Sonora,Opodepe,45,Ures,142,Maíz grano,2012,2013,30.034873,-110.874475,803.0,2,2.0,0.0,1269.048625559918,7.421336991578468,3.1791373593790686,13.293174602561093,25.744707602339176,13.575,34.185,33.166315789473686,20.5,42.9,18.323099415204677,3.49,25.47,40.37339181286549,6.97,86.85,26.400584795321638,14.26,33.15,2.260584795321637,0.97,4.7,324.90999999999997,1.9000584795321636,0.0,15.04,194.946,1.1400350877192982,0.0,9.024,16.086909477907284,10.217675558142322,19.48865232656843,0.25602643859028346,58,26,68,1,1143.0954046353156,6.6847684481597405,1.5816012363573504,15.951809523073312,145.37030215288726,0.8501187260402764,0.0,7.926,997.7251024824284,5.834649722119464,0.0,15.951809523073312,1453.7030215288726,9977.251024824283,11430.954046353156,948.1494046353156,0.12717250158071022,0.8728274984192899,3.46,64.0,64.0,221.44,3043.54,673961.5,457.1393149461864,3137.5003222717874,3594.639637217974
Sonora,Opodepe,45,Ures,142,Maíz grano,2013,2014,30.034873,-110.874475,803.0,1,1.0,0.0,1312.6103038207416,7.6760836480745125,3.0181754472181397,11.731337407864489,26.30298245614035,14.379999999999999,33.91,33.9661403508772,20.78,45.94,18.639824561403508,6.09,25.71,37.602573099415196,5.7,85.66,26.30877192982456,11.9,32.78,2.4530409356725142,0.92,5.43,241.66,1.4132163742690058,0.0,25.46,193.328,1.1305730994152048,0.0,20.368000000000002,16.029968082743267,8.893614692316474,19.44445654582396,0.18410643227207413,39,17,68,0,1179.8154777982804,6.899505718118599,1.4817123925225633,14.077604889437387,126.51580925641441,0.7398585336632422,0.0,8.090463062355726,1053.2996685418661,6.159647184455357,0.0,14.077604889437387,1265.1580925641442,10532.99668541866,11798.154777982805,986.4874777982805,0.1072335561256686,0.8927664438743315,3.48,50.0,50.0,174.0,3100.0,539400.0,430.32588182453884,3582.651933815871,4012.97781564041
Sonora,Opodepe,45,Ures,142,Maíz grano,2014,2015,30.034873,-110.874475,803.0,3,2.3636363636363638,0.45454545454545453,1270.7236809007873,7.431132636846709,1.1380088857181274,13.622159828274055,25.91921052631579,14.32,35.144999999999996,33.10888888888889,21.15,44.36,18.72953216374269,6.16,25.93,40.0608187134503,6.33,92.63,25.775847953216374,2.56,32.5,2.3557309941520472,0.53,5.12,415.86,2.4319298245614034,0.0,72.89,249.516,1.459157894736842,0.0,43.734,15.770294383239081,3.0912381345798092,19.473317630268298,0.3272623358252097,55,22,57,0,1157.3111387090185,6.767901395959172,0.6828053314308764,16.346591793928866,125.8543543032883,0.7359903760426216,0.0,7.092,1031.45678440573,6.03191101991655,0.0,16.346591793928866,1258.543543032883,10314.567844057301,11573.111387090185,907.7951387090185,0.10874720729265507,0.8912527927073449,3.25,20.0,20.0,65.0,3200.0,208000.0,441.59422562557296,3619.14661194993,4060.740837575503
Sonora,Opodepe,45,Ures,142,Maíz grano,2015,2016,30.034873,-110.874475,803.0,0,0.0,0.0,1171.4439451967032,6.850549387115223,2.726334635389995,11.191716382284039,25.218801169590645,14.969999999999999,33.31,32.07637426900585,19.75,43.06,18.36122807017544,7.01,24.79,46.92701754385965,12.78,86.08,25.383918128654972,9.51,33.09,2.27,0.78,4.47,300.99,1.7601754385964912,0.0,27.64,180.59399999999997,1.0561052631578944,0.0,16.584,15.985298880106228,7.526301119283763,19.974756163895286,0.2569393108685702,50,19,40,0,1052.6272738075575,6.155715051506184,0.8716753501704178,13.430059658740847,126.5809614499128,0.740239540642765,0.0,5.7894439227310475,926.0463123576446,5.415475510863419,0.0,13.430059658740847,1265.809614499128,9260.463123576446,10526.272738075575,872.0332738075575,0.12025240519566328,0.8797475948043367,3.49,28.0,28.0,97.72,3405.0,332736.6,422.64093973259696,3091.974331745057,3514.615271477654
Sonora,Opodepe,45,Ures,142,Maíz grano,2016,2017,30.034873,-110.874475,803.0,2,2.0,0.0,1271.3786784696294,7.434963031986137,2.5959650430431744,13.15978384226398,25.91853801169591,14.77,34.51,33.62380116959064,21.66,45.16,18.213274853801167,5.59,25.68,39.37672514619883,8.75,84.15,26.448304093567252,7.23,33.04,2.332046783625731,0.88,5.79,232.48999999999995,1.3595906432748535,0.0,24.92,185.992,1.087672514619883,0.0,19.936000000000003,16.252115928975122,5.8878195758943415,19.200352486210274,0.1828644792752466,38,17,66,0,1143.7950782471316,6.688860106708372,1.287030674553655,15.791740610716776,118.2627179435589,0.6915948417751983,0.0,6.904000000000001,1025.532360303573,5.997265264933175,0.0,15.791740610716776,1182.627179435589,10255.32360303573,11437.950782471318,957.8030782471317,0.10339502258113993,0.8966049774188601,3.5,30.0,30.0,105.0,3500.0,367500.0,381.4926385276093,3308.168904205074,3689.6615427326833
Sonora,Opodepe,45,Ures,142,Maíz grano,2017,2018,30.034873,-110.874475,803.0,1,1.0,0.0,1276.3326599180873,7.463933683731505,2.650279336865402,11.571679178107395,26.33751461988304,14.415,35.129999999999995,33.89152046783626,19.36,45.76,18.783508771929824,6.24,26.4,39.601403508771924,5.56,88.39,26.269181286549706,11.39,33.34,2.2568421052631575,0.82,4.87,251.23000000000002,1.4691812865497078,0.0,19.78,150.738,0.8815087719298246,0.0,11.868,16.014680406607447,8.462545795237359,19.74215653446027,0.19683739818749407,45,18,69,0,1125.9413116254127,6.584452114768496,1.7676847491913992,13.886015013728874,128.17054559374145,0.7495353543493652,0.0,6.629459020137612,997.7707660316711,5.834916760419129,0.0,13.886015013728874,1281.7054559374146,9977.707660316712,11259.413116254127,975.2033116254127,0.11383412640638793,0.8861658735936119,3.45,29.0,29.0,100.05,3750.0,375187.5,507.60612116333243,3951.56739022444,4459.173511387772
Sonora,Opodepe,45,Ures,142,Maíz grano,2018,2019,30.034873,-110.874475,803.0,4,3.3333333333333335,0.8888888888888888,1285.964718696796,7.520261512846759,2.9044613015977396,11.380934562226887,26.5606432748538,16.53,33.760000000000005,33.823391812865495,23.58,43.51,19.297894736842103,8.14,26.46,40.101812865497074,6.78,84.81,26.177953216374267,7.32,32.98,2.261111111111111,0.84,4.63,320.26000000000005,1.8728654970760237,0.0,21.4,192.15599999999998,1.123719298245614,0.0,12.839999999999998,16.010943907836648,6.248541516216145,19.96704127272528,0.2490426022920391,45,19,74,0,1156.7096499805298,6.764383918014794,1.832785060744213,13.657121474672264,118.22715639948342,0.6913868795291428,0.0,8.835902577347834,1038.4824935810464,6.072997038485651,0.0,13.657121474672264,1182.2715639948342,10384.824935810464,11567.096499805299,964.5536499805298,0.10220988162541349,0.8977901183745866,4.2,15.0,15.0,63.0,4823.49,303879.87,372.36899653380607,3270.811003404871,3643.179999938677
Sonora,Opodepe,45,Ures,142,Maíz grano,2019,2020,30.034873,-110.874475,803.0,1,1.0,0.0,1247.7398250920678,7.296724123345426,3.2883930427815833,11.506106059760686,25.682046783625733,15.399999999999999,34.714999999999996,32.903216374269,21.06,42.95,18.460877192982455,7.1,26.52,41.61269005847954,12.08,84.73,26.177251461988305,13.56,32.89,2.333567251461988,0.96,4.25,249.07000000000002,1.4565497076023393,0.0,16.24,199.25600000000003,1.1652397660818714,0.0,12.991999999999999,16.191384732353328,9.851114788664804,19.421734915381712,0.19961693535078254,42,19,55,0,1130.7732148979649,6.612708859052426,1.4901763260508278,13.807327271712824,117.87464266542794,0.689325395704257,0.0,7.029598718847356,1012.8985722325367,5.923383463348168,0.0,13.807327271712824,1178.7464266542795,10128.985722325368,11307.732148979647,931.5172148979648,0.10424251398284522,0.8957574860171545,4.2,8.0,4.0,16.8,5600.0,94080.0,380.24078279170305,3267.414749137215,3647.655531928918
Sonora,Opodepe,45,Ures,142,Maíz grano,2020,2021,30.034873,-110.874475,803.0,2,1.25,0.0,1325.5720530528358,7.751883351186175,2.401947668362043,11.3188215890291,27.07380116959065,13.195,34.269999999999996,34.92923976608187,19.37,43.19,19.218362573099412,4.91,25.37,37.92666666666667,11.38,80.82,26.585555555555555,9.03,33.85,2.3742105263157893,0.86,4.32,170.67000000000002,0.9980701754385966,0.0,13.87,136.53600000000003,0.7984561403508774,0.0,11.096,16.366781519367528,6.995778006989204,19.332745437656296,0.12875196003637931,36,11,98,1,1210.3015520584167,7.077786854142788,1.1978406420268737,13.58258590683492,102.55572452632784,0.5997410791013323,0.0,8.210578356712928,1107.745827532089,6.478045775041456,0.0,13.58258590683492,1025.5572452632784,11077.458275320889,12103.015520584167,1073.7655520584167,0.0847356795931613,0.9152643204068387,3.93,15.0,15.0,59.0,5178.81,305549.79,521.9120841034496,5637.3833462192815,6159.295430322731
Sonora,Opodepe,45,Ures,142,Maíz grano,2021,2022,30.034873,-110.874475,803.0,4,3.3,0.8,1240.9779530543683,7.25718101201385,2.567851038126724,11.96486104702448,26.154678362573097,15.72,33.76,33.318011695906435,22.88,43.97,18.991345029239763,7.77,24.52,42.80391812865496,6.58,89.77,25.724736842105266,10.48,32.88,2.2645614035087718,0.75,5.47,312.82,1.8293567251461988,0.0,29.95,187.692,1.0976140350877193,0.0,17.97,15.882856192121261,8.052123896780364,19.306678758499277,0.25207538879322466,53,16,51,0,1105.382760307755,6.464226668466403,1.5407106228760343,14.357833256429375,123.60573850167248,0.7228405760331724,0.0,6.96051866956939,981.7770218060825,5.741386092433231,0.0,14.357833256429375,1236.0573850167248,9817.770218060825,11053.827603077549,917.690760307755,0.11182166299324119,0.8881783370067589,5.43,14.0,14.0,76.02,6000.0,456120.0,349.16875282958324,2773.3814175313064,3122.5501703608898
Sonora,Opodepe,45,Ures,142,Sorgo grano,2010,2011,30.034873,-110.874475,803.0,0,0.0,0.0,1273.9510619401626,7.450006210176389,2.4615070791889426,11.00554544445029,23.30304093567251,9.145000000000001,34.17,31.45040935672515,15.56,41.99,15.155672514619882,1.21,26.35,34.94713450292398,9.85,89.68,26.848011695906433,10.87,33.19,2.6030994152046785,0.97,5.89,202.81,1.1860233918128655,0.0,29.6,162.24800000000002,0.9488187134502926,0.0,23.680000000000003,16.02520123450677,7.670440486541912,19.561874521973582,0.15919763800905404,27,12,62,7,961.5712705486321,5.623223804377965,0.7384521237566828,10.635219584981852,64.68989167472739,0.3783034600861251,0.0,3.8655797255614934,896.8813788739049,5.244920344291841,0.0,10.635219584981852,646.8989167472739,8968.813788739048,9615.712705486321,799.3232705486321,0.06727519181996573,0.9327248081800343,3.5,25.0,25.0,87.5,2000.0,175000.0,226.98207605167505,3146.9522065751044,3373.9342826267793
Sonora,Opodepe,45,Ures,142,Sorgo grano,2011,2012,30.034873,-110.874475,803.0,4,3.8,1.0,1343.1358132308246,7.8545953990106705,3.1976167200929835,11.795646457021501,24.357251461988305,11.89,34.894999999999996,32.724093567251465,18.09,43.66,15.990409356725145,3.5,26.89,31.222514619883043,6.37,79.13,27.018713450292402,13.27,33.27,2.5897660818713453,0.75,6.95,196.0,1.1461988304093567,0.0,21.14,156.79999999999998,0.9169590643274853,0.0,16.912000000000003,15.87508557112447,9.654345964271013,19.376554619790298,0.1459271639317955,33,15,55,2,1012.0586451563191,5.918471609101282,1.4277110451329984,11.705460820890332,84.31735671754723,0.4930839574125569,0.0,5.72634051690759,927.7412884387718,5.425387651688724,0.0,11.705460820890332,843.1735671754723,9277.412884387719,10120.586451563191,855.2586451563192,0.08331271821162484,0.916687281788375,3.42,28.0,28.0,95.76,2200.0,210672.0,284.8559348565785,3134.2611095904454,3419.117044447024
Sonora,Opodepe,45,Ures,142,Sorgo grano,2012,2013,30.034873,-110.874475,803.0,2,2.0,0.0,1306.153045906658,7.6383219058868885,2.095752925040207,13.293174602561093,24.11842105263158,9.129999999999999,34.185,32.278245614035086,11.83,42.9,15.95859649122807,1.61,25.47,32.311578947368425,6.97,83.52,26.74105263157895,6.84,33.15,2.506549707602339,0.97,5.05,199.16,1.1646783625730994,0.0,13.21,159.328,0.9317426900584795,0.0,10.568000000000001,15.782417894718229,5.686400439538593,19.48865232656843,0.15247830307799368,40,17,64,9,998.5226742121068,5.839313884281326,0.6287258775120621,11.842925196972375,100.6004978651078,0.5883070050591099,0.0,4.564438679992186,897.9221763469991,5.251006879222217,0.0,11.842925196972375,1006.004978651078,8979.221763469992,9985.226742121069,839.1946742121069,0.10074933745944979,0.8992506625405503,3.4,24.0,24.0,81.6,3550.0,289680.0,359.287492375385,3206.8649155249973,3566.152407900382
Sonora,Opodepe,45,Ures,142,Sorgo grano,2013,2014,30.034873,-110.874475,803.0,1,1.0,0.0,1335.8126273777373,7.811769750747001,3.2332210000470787,11.731337407864489,24.69906432748538,9.97,33.91,32.910116959064325,16.5,45.94,16.488011695906433,3.44,25.71,31.328771929824562,5.7,85.66,26.725380116959062,10.5,32.78,2.584619883040936,0.92,5.43,141.21000000000004,0.8257894736842107,0.0,25.46,112.96799999999999,0.6606315789473683,0.0,20.368000000000002,15.797471617391935,7.2387500934320865,19.44445654582396,0.10571093363385992,24,9,57,3,1007.7472600430871,5.893258830661328,1.0034792764390539,11.731337407864489,66.45444720920776,0.38862249829946055,0.0,4.313972629867776,941.2928128338793,5.5046363323618674,0.0,11.731337407864489,664.5444720920775,9412.928128338794,10077.47260043087,894.7792600430871,0.06594356526096279,0.9340564347390372,3.45,24.0,24.0,82.8,3100.0,256680.0,243.8695310429642,3454.285551683961,3698.1550827269252
Sonora,Opodepe,45,Ures,142,Sorgo grano,2014,2015,30.034873,-110.874475,803.0,3,2.3636363636363638,0.36363636363636365,1295.8894422745207,7.578300832014741,2.5965398255264978,13.622159828274055,24.535877192982458,14.32,35.144999999999996,32.22479532163743,19.91,44.36,16.846959064327486,6.16,25.93,33.976783625730995,6.33,85.62,26.26046783625731,7.15,32.5,2.4726900584795324,0.53,5.12,210.67000000000002,1.2319883040935673,0.0,18.65,168.536,0.9855906432748538,0.0,14.92,15.631873153904882,5.581606013444838,19.473317630268298,0.16256788050548202,40,13,51,0,991.99234807826,5.801124842562924,0.7789619476579493,13.622159828274055,95.60063471999334,0.5590680392982067,0.0,3.632995799991771,896.3917133582665,5.242056803264717,0.0,13.622159828274055,956.0063471999333,8963.917133582665,9919.923480782598,823.4563480782599,0.09637235096137177,0.9036276490386281,3.25,20.0,20.0,65.0,3150.0,204750.0,349.54528234001214,3277.483412644484,3627.028694984496
Sonora,Opodepe,45,Ures,142,Sorgo grano,2015,2016,30.034873,-110.874475,803.0,0,0.0,0.0,1179.270934008639,6.896321251512509,1.4628296202021747,11.191716382284039,23.718391812865498,11.17,33.31,30.947719298245612,15.59,43.06,16.48906432748538,5.32,24.79,42.957719298245614,12.78,88.21,25.525204678362574,6.35,33.09,2.446081871345029,0.87,5.34,279.49,1.6344444444444446,0.0,27.64,167.694,0.9806666666666666,0.0,16.584,15.757654239977136,5.191315053483106,19.974756163895286,0.23700236471524241,42,17,37,0,895.9908737935938,5.2397127122432385,0.43884888606065237,11.191716382284039,91.50379359240884,0.5351099040491745,0.0,4.6499999999999995,804.4870802011849,4.704602808194064,0.0,11.191716382284039,915.0379359240884,8044.870802011848,8959.908737935937,728.2968737935938,0.1021258098366393,0.8978741901633607,2.5,28.0,28.0,70.0,3400.0,238000.0,425.5990399646923,3741.800373028767,4167.399412993459
Sonora,Opodepe,45,Ures,142,Sorgo grano,2016,2017,30.034873,-110.874475,803.0,2,1.9090909090909092,0.0,1273.1393660776562,7.445259450746527,2.330603461429669,13.15978384226398,24.371491228070173,8.595,34.51,32.41672514619883,12.64,45.16,16.32625730994152,4.21,25.68,35.11438596491229,8.75,84.15,26.541461988304093,9.99,33.04,2.441052631578947,0.99,4.11,184.01999999999998,1.076140350877193,0.0,14.63,147.216,0.8609122807017544,0.0,11.704,15.930810502591216,7.465150577170018,19.200352486210274,0.144540342481858,33,14,53,2,958.6964235229842,5.606411833467744,0.6991810384289007,11.857658114113722,78.63307993043978,0.4598425726926303,0.0,4.080863392068376,880.0633435925445,5.146569260775114,0.0,11.857658114113722,786.3307993043977,8800.633435925445,9586.964235229843,811.4804235229842,0.08202083370821565,0.9179791662917843,2.65,25.0,25.0,66.25,3500.0,231875.0,331.0866523386938,3705.529867758082,4036.616520096776
Sonora,Opodepe,45,Ures,142,Sorgo grano,2017,2018,30.034873,-110.874475,803.0,1,1.0,0.0,1280.152175765863,7.486270033718497,2.650279336865402,11.571679178107395,24.907865497076028,14.415,35.129999999999995,32.80040935672515,19.36,45.76,17.0153216374269,5.84,26.4,35.89438596491228,5.56,88.39,26.564093567251458,10.51,33.34,2.3621052631578947,0.83,4.87,215.50000000000003,1.260233918128655,0.0,19.78,172.4,1.008187134502924,0.0,15.824000000000002,15.813708326284866,7.049570892764949,19.74215653446027,0.16833936158494217,34,16,51,0,972.8781078215919,5.689345659775391,1.263545415311207,11.571679178107395,86.04969137674519,0.5032145694546503,0.0,3.88,886.8284164448467,5.186131090320741,0.0,11.571679178107395,860.4969137674518,8868.284164448467,9728.78107821592,800.478107821592,0.08844858434467427,0.9115514156553256,2.85,20.0,20.0,57.0,3680.0,209760.0,358.5403807364383,3695.118401853528,4053.6587825899664
Sonora,Opodepe,45,Ures,142,Sorgo grano,2018,2019,30.034873,-110.874475,803.0,4,3.272727272727273,0.9090909090909091,1297.1470160251129,7.585655064474344,2.9044613015977396,11.380934562226887,25.071052631578944,12.829999999999998,33.760000000000005,32.87643274853801,20.48,43.51,17.265672514619883,1.67,26.46,34.19584795321637,6.78,82.1,26.079707602339177,7.32,32.98,2.4305263157894736,0.84,4.63,226.11999999999998,1.3223391812865495,0.0,21.4,180.896,1.0578713450292396,0.0,17.12,15.56892631430037,6.248541516216145,19.96704127272528,0.17432102699731475,32,13,67,1,1000.0259494787422,5.848104967711943,1.3444100177678444,11.380934562226887,77.3115371482362,0.45211425232886665,0.0,4.496,922.714412330506,5.395990715383076,0.0,11.380934562226887,773.115371482362,9227.14412330506,10000.25949478742,819.1299494787422,0.07730953100620479,0.9226904689937953,3.65,7.0,7.0,25.55,4120.0,105266.0,253.4804496663482,3025.2931551819865,3278.773604848335
Sonora,Opodepe,45,Ures,142,Sorgo grano,2019,2020,30.034873,-110.874475,803.0,1,1.0,0.0,1240.437295257013,7.254019270508848,1.9340639573142835,11.506106059760686,23.85780701754386,10.535,34.714999999999996,31.522573099415208,13.78,42.95,16.193040935672514,3.46,26.52,37.17701754385965,12.08,83.97,26.001111111111115,7.17,32.89,2.4609941520467835,1.07,4.33,187.27999999999997,1.0952046783625728,0.0,30.86,149.824,0.8761637426900586,0.0,24.688000000000002,15.766585123434723,5.711044472804279,19.421734915381712,0.15097901418805407,26,11,49,2,932.1308889149827,5.4510578299121795,0.580219187194285,9.89332674949381,60.795215662738165,0.355527576975077,0.0,3.497325514247073,871.3356732522445,5.0955302529371025,0.0,9.89332674949381,607.9521566273817,8713.356732522445,9321.308889149826,782.3068889149827,0.06522175843084108,0.9347782415691589,1.2,14.0,14.0,16.8,4850.0,81480.0,506.62679718948476,7261.130610435371,7767.757407624856
Sonora,Opodepe,45,Ures,142,Sorgo grano,2020,2021,30.034873,-110.874475,803.0,1,1.0,0.0,1255.003241558134,7.339200243030024,1.2553677780228072,11.3188215890291,24.61441520467836,9.26,34.269999999999996,32.449883040935674,13.4,43.19,16.77894736842105,2.34,25.37,38.8827485380117,11.38,86.0,26.142046783625737,4.01,33.85,2.4135672514619886,0.86,4.41,210.83,1.2329239766081872,0.0,31.08,168.66400000000002,0.9863391812865498,0.0,24.864,15.957104717841322,4.125685073881614,19.332745437656296,0.16799159796451726,37,12,80,5,946.8218082984397,5.536969639172162,0.37661033340684213,10.507153260313649,78.79606549553972,0.4607957046522791,0.0,4.761274219048979,868.0257428029,5.0761739345198835,0.0,10.507153260313649,787.9606549553972,8680.257428029001,9468.218082984398,778.1578082984397,0.08322164192346432,0.9167783580765357,0.0,15.0,0.0,0.0,0.0,0.0,,,
Sonora,Opodepe,45,Ures,142,Sorgo grano,2021,2022,30.034873,-110.874475,803.0,4,3.6363636363636362,0.9090909090909091,1250.1112851439784,7.310592310783499,2.597666769834237,11.96486104702448,24.09511695906433,8.945,33.76,31.792923976608186,15.67,43.97,16.39730994152047,-0.45,24.52,36.80678362573099,6.58,82.35,25.79637426900585,10.48,32.88,2.4990643274853803,0.75,5.47,217.47000000000003,1.2717543859649125,0.0,29.95,173.976,1.0174035087719298,0.0,23.96,15.46966178530419,8.052123896780364,19.306678758499277,0.17396051262344495,42,10,42,10,961.5947935768346,5.623361365946401,1.055856431651372,11.96486104702448,97.07874938248472,0.5677119846928931,0.0,3.788545119841327,864.5160441943501,5.0556493812535095,0.0,11.96486104702448,970.7874938248472,8645.1604419435,9615.947935768349,787.6187935768346,0.10095598481911686,0.8990440151808834,4.0,170.0,170.0,680.0,4791.0,3257880.0,340.62719081573584,3033.3896287521056,3374.0168195678416
Sonora,Opodepe,45,Ures,142,Sorgo forrajero en verde,2010,2011,30.034873,-110.874475,803.0,0,0.0,0.0,1149.7182672132963,7.614028259690704,2.4615070791889426,11.00554544445029,22.67387417218543,9.145000000000001,34.17,31.115629139072848,15.56,41.99,14.232119205298014,1.21,26.35,31.721390728476816,9.85,86.14,27.14655629139073,10.87,33.19,2.7303973509933774,0.97,5.89,103.80999999999999,0.6874834437086091,0.0,21.61,83.048,0.5499867549668874,0.0,17.288,15.98988246607629,7.670440486541912,19.561874521973582,0.09029168532880334,18,7,52,7,1019.6790971084074,6.752841702704685,0.7384521237566828,10.635219584981852,49.71524548980055,0.32924003635629506,0.0,5.391008862224917,969.9638516186067,6.423601666348389,0.0,10.635219584981852,497.15245489800554,9699.638516186067,10196.790971084072,936.6310971084074,0.04875577584240218,0.9512442241575977,48.0,180.0,180.0,8640.0,497.0,4294080.0,10.357342810375116,202.07580242054306,212.43314523091817
Sonora,Opodepe,45,Ures,142,Sorgo forrajero en verde,2011,2012,30.034873,-110.874475,803.0,4,4.0,1.0,1230.3935278857625,8.148301509177236,3.8451736507891705,11.795646457021501,23.925066225165562,11.89,34.894999999999996,32.66443708609272,18.09,43.66,15.185695364238411,3.5,26.89,27.351986754966884,6.37,77.07,27.720000000000002,16.24,33.27,2.72205298013245,1.07,6.95,108.41,0.7179470198675496,0.0,21.14,86.728,0.5743576158940397,0.0,16.912000000000003,16.042033756821347,10.194096061827643,19.376554619790298,0.08811002134112775,19,7,48,2,1074.5983448586874,7.116545330189982,1.4277110451329984,11.705460820890332,59.890070858666775,0.39662298581898525,0.0,8.849798980675367,1014.7082740000203,6.719922344370995,0.0,11.705460820890332,598.9007085866677,10147.082740000204,10745.98344858687,987.8703448586874,0.055732517312356816,0.9442674826876429,48.6,185.0,185.0,8991.0,375.14,3372883.74,12.323059847462298,208.78771069959265,221.11077054705495
Sonora,Opodepe,45,Ures,142,Sorgo forrajero en verde,2012,2013,30.034873,-110.874475,803.0,2,2.0,0.0,1179.7462723330045,7.812889220748374,2.095752925040207,13.293174602561093,23.594238410596027,9.129999999999999,34.185,32.04516556291391,11.83,42.9,15.143311258278144,1.61,25.47,29.156887417218545,6.97,82.18,27.04754966887417,6.84,33.15,2.6210596026490065,0.97,5.05,139.2,0.9218543046357616,0.0,13.21,111.36000000000001,0.7374834437086094,0.0,10.568000000000001,15.746400940996907,5.686400439538593,19.48865232656843,0.11799147262802988,30,11,53,9,1041.9529640370847,6.900350755212481,0.6287258775120621,11.842925196972375,92.9606471125781,0.61563342458661,0.0,6.1089034141935965,948.9923169245068,6.284717330625873,0.0,11.842925196972375,929.606471125781,9489.923169245068,10419.529640370849,930.5929640370847,0.08921770014684606,0.9107822998531541,48.8,173.0,173.0,8442.4,375.0,3165900.0,19.049312932905348,194.4656387140383,213.51495164694364
Sonora,Opodepe,45,Ures,142,Sorgo forrajero en verde,2013,2014,30.034873,-110.874475,803.0,1,1.0,0.0,1201.1364051668952,7.954545729582088,3.2332210000470787,11.731337407864489,24.12370860927152,9.97,33.91,32.49192052980133,16.5,45.94,15.75549668874172,3.44,25.71,29.39384105960265,5.7,85.66,27.219006622516556,10.5,32.78,2.672649006622516,0.92,5.43,111.85,0.740728476821192,0.0,25.46,89.48,0.5925827814569536,0.0,20.368000000000002,15.904659813310449,7.2387500934320865,19.44445654582396,0.0931201481520816,15,8,42,3,1055.6310874807623,6.9909343541772335,1.0034792764390539,11.731337407864489,58.20093446191644,0.3854366520656718,0.0,6.193465839588075,997.4301530188455,6.60549770211156,0.0,11.731337407864489,582.0093446191644,9974.301530188455,10556.31087480762,966.1510874807623,0.05513378220113955,0.9448662177988602,48.0,172.0,172.0,8256.0,380.0,3137280.0,12.125194679565924,207.79794854559282,219.92314322515875
Sonora,Opodepe,45,Ures,142,Sorgo forrajero en verde,2014,2015,30.034873,-110.874475,803.0,3,2.2222222222222223,0.2222222222222222,1187.9380649518698,7.867139502992515,2.5965398255264978,13.622159828274055,24.27917218543047,14.32,35.144999999999996,32.314039735099335,19.91,44.36,16.244304635761587,6.16,25.93,29.840728476821198,6.33,82.36,26.807152317880796,7.15,32.5,2.592384105960265,0.82,5.12,100.72999999999999,0.6670860927152317,0.0,11.95,80.584,0.5336688741721854,0.0,9.56,15.729353008441441,5.581606013444838,19.473317630268298,0.08479398292879953,22,7,49,0,1050.9832889591526,6.960154231517566,0.7789619476579493,13.622159828274055,61.4678709521762,0.4070719930607695,0.0,5.614629872714555,989.5154180069761,6.5530822384567955,0.0,13.622159828274055,614.678709521762,9895.154180069761,10509.832889591524,970.3992889591525,0.05848605929124835,0.9415139407087514,48.6,180.0,180.0,8748.0,452.8,3961094.4,12.647710072464239,203.60399547468646,216.2517055471507
Sonora,Opodepe,45,Ures,142,Sorgo forrajero en verde,2015,2016,30.034873,-110.874475,803.0,0,0.0,0.0,1059.9653029502788,7.019637767882641,1.4628296202021747,11.191716382284039,23.179139072847686,11.17,33.31,30.659072847682122,15.59,43.06,15.699205298013247,5.32,24.79,40.348940397350994,12.78,88.21,25.689470198675497,6.35,33.09,2.5676158940397356,1.13,5.34,194.88,1.2905960264900662,0.0,20.17,155.904,1.032476821192053,0.0,16.136000000000003,15.69298737855357,5.191315053483106,19.974756163895286,0.1838550747440282,31,13,32,0,941.6174677047896,6.235877269568143,0.43884888606065237,11.191716382284039,94.0579911140222,0.6229006034041206,0.0,6.2,847.5594765907674,5.612976666164022,0.0,11.191716382284039,940.5799111402221,8475.594765907674,9416.174677047897,785.7134677047897,0.09988981124499563,0.9001101887550044,48.05,185.0,185.0,8889.25,387.81,3447340.04,19.57502416524916,176.3911501749776,195.96617434022676
Sonora,Opodepe,45,Ures,142,Sorgo forrajero en verde,2016,2017,30.034873,-110.874475,803.0,2,1.8888888888888888,0.0,1157.2077262552343,7.6636273261936045,2.330603461429669,13.15978384226398,24.031688741721855,8.595,34.51,32.3735761589404,12.64,45.16,15.689801324503316,4.21,25.68,31.39841059602649,8.75,77.78,27.00781456953642,9.99,33.04,2.525562913907285,1.04,4.11,117.45,0.7778145695364238,0.0,13.03,93.95999999999998,0.622251655629139,0.0,10.424,16.009771669353608,7.465150577170018,19.200352486210274,0.10149431025670076,22,10,45,2,1014.185236370489,6.71645851900986,0.6991810384289007,11.857658114113722,66.85300542659,0.44273513527543046,0.0,5.499940818086141,947.3322309438988,6.2737233837344295,0.0,11.857658114113722,668.5300542659,9473.322309438989,10141.85236370489,920.225236370489,0.06591794381255234,0.9340820561874476,50.2,174.0,174.0,8734.8,413.86,3614984.33,13.31733175828486,188.7115997896213,202.02893154790615
Sonora,Opodepe,45,Ures,142,Sorgo forrajero en verde,2017,2018,30.034873,-110.874475,803.0,1,1.0,0.0,1159.7508517640777,7.680469216980646,2.650279336865402,11.571679178107395,24.60758278145695,14.415,35.129999999999995,32.778013245033115,19.36,45.76,16.437152317880795,5.84,26.4,32.349403973509936,5.56,88.39,26.757284768211917,10.51,33.34,2.482847682119206,0.85,4.87,180.45999999999998,1.1950993377483443,0.0,19.78,144.368,0.9560794701986755,0.0,15.824000000000002,15.701611622146014,7.049570892764949,19.74215653446027,0.15560238625865658,24,15,49,0,1020.1834372723692,6.756181703790525,1.263545415311207,11.571679178107395,86.17792444187283,0.5707147314031313,0.0,5.302596542630299,934.0055128304964,6.185466972387394,0.0,11.571679178107395,861.7792444187284,9340.055128304964,10201.834372723693,875.8154372723693,0.08447296955955676,0.9155270304404433,47.5,170.0,170.0,8075.0,406.69,3284021.75,18.142720935131123,196.6327395432624,214.77546047839354
Sonora,Opodepe,45,Ures,142,Sorgo forrajero en verde,2018,2019,30.034873,-110.874475,803.0,4,3.5555555555555554,1.0,1189.2216795883855,7.875640262174739,2.9044613015977396,11.380934562226887,24.823807947019866,12.829999999999998,33.760000000000005,33.02609271523178,20.48,43.51,16.621523178807948,1.67,26.46,29.727019867549668,6.78,78.53,26.58523178807947,7.32,32.98,2.5621854304635763,1.07,4.63,142.89999999999998,0.9463576158940395,0.0,21.4,114.32000000000002,0.757086092715232,0.0,17.12,15.63139018661646,6.248541516216145,19.96704127272528,0.12016262607107923,20,8,63,1,1057.4659008969263,7.003085436403485,1.3444100177678444,11.380934562226887,63.94083678366961,0.4234492502229775,0.0,6.2587643256213825,993.5250641132567,6.579636186180508,0.0,11.380934562226887,639.4083678366961,9935.250641132567,10574.659008969264,943.1459008969263,0.060466097989009364,0.9395339020109906,46.5,176.0,176.0,8184.0,549.08,4493670.72,17.165325311052246,266.71813801698164,283.8834633280339
Sonora,Opodepe,45,Ures,142,Sorgo forrajero en verde,2019,2020,30.034873,-110.874475,803.0,1,1.0,0.0,1123.439090679149,7.43999397800761,1.9340639573142835,11.506106059760686,23.29109271523179,10.535,34.714999999999996,31.249470198675496,13.78,42.95,15.33271523178808,3.46,26.52,33.9712582781457,12.08,79.13,26.415430463576158,7.17,32.89,2.5839735099337746,1.18,4.33,126.86,0.8401324503311258,0.0,30.86,101.488,0.6721059602649007,0.0,24.688000000000002,15.820139981177546,5.711044472804279,19.421734915381712,0.11292111966952273,20,6,40,2,996.9999235861876,6.602648500570779,0.580219187194285,9.89332674949381,53.44232715472237,0.35392269638888985,0.0,4.979299092516877,943.5575964314651,6.248725804181888,0.0,9.89332674949381,534.4232715472237,9435.57596431465,9969.999235861875,895.5119235861875,0.053603140672760986,0.9463968593272388,22.8,1115.0,100.0,2280.0,700.0,1596000.0,24.402889111745377,430.8482175486142,455.25110666035954
Sonora,Opodepe,45,Ures,142,Sorgo forrajero en verde,2020,2021,30.034873,-110.874475,803.0,0,0.0,0.0,1118.8154166986221,7.409373620520676,1.2553677780228072,11.3188215890291,23.828509933774836,9.26,34.269999999999996,31.760132450331117,13.4,43.19,15.896887417218542,2.34,25.35,37.21754966887418,11.38,86.0,26.35344370860927,4.01,33.85,2.5109271523178807,1.19,4.41,162.33,1.0750331125827814,0.0,31.08,129.864,0.8600264900662252,0.0,24.864,15.915081679410374,4.125685073881614,19.332745437656296,0.145090957433354,27,9,65,5,1002.7471570827936,6.640709649554925,0.37661033340684213,10.507153260313649,59.562747555223595,0.3944552818226728,0.0,6.072,943.1844095275701,6.246254367732252,0.0,10.507153260313649,595.627475552236,9431.844095275701,10027.471570827936,872.8831570827936,0.05939956761234247,0.9406004323876577,40.04,125.0,125.0,5005.0,738.31,3695241.55,29.751622155456342,471.12108368010496,500.8727058355613
Sonora,Opodepe,45,Ures,142,Sorgo forrajero en verde,2021,2022,30.034873,-110.874475,803.0,4,4.0,1.0,1144.6565493608325,7.580506949409487,2.597666769834237,11.96486104702448,23.761456953642387,8.945,33.76,31.824768211920528,15.67,43.97,15.69814569536424,-0.45,24.52,32.3258940397351,6.58,82.05,26.28562913907285,10.48,32.88,2.6144370860927153,0.75,5.47,152.05999999999997,1.0070198675496687,0.0,29.95,121.648,0.8056158940397351,0.0,23.96,15.522033010687773,8.052123896780364,19.306678758499277,0.1328433407251364,26,6,39,10,1011.8353509990351,6.700896364232021,1.055856431651372,11.96486104702448,68.55274088849049,0.45399166151318204,0.0,4.930367390944984,943.2826101105446,6.2469047027188385,0.0,11.96486104702448,685.5274088849048,9432.826101105446,10118.353509990351,890.1873509990351,0.06775088537952838,0.9322491146204717,48.75,80.0,80.0,3900.0,791.33,3086187.0,20.670206810942403,284.4211096368294,305.09131644777176
Sonora,Opodepe,45,Ures,142,Sorgo forrajero en verde,2022,2023,30.034873,-110.874475,803.0,4,2.888888888888889,0.7777777777777778,1155.490470413013,7.652254770947106,3.358240765701271,12.009153866906155,24.23443708609271,11.915000000000001,32.7,32.63317880794702,20.68,42.81,15.835695364238411,2.37,25.22,30.588079470198675,3.41,82.95,26.731854304635764,11.31,32.92,2.461059602649007,0.93,4.81,201.6,1.3350993377483444,0.0,23.69,161.27999999999997,1.0680794701986753,0.0,18.952,15.682736998839763,7.398323494073641,19.364408559698468,0.17447136533107108,32,12,55,7,1019.8351736356462,6.753875322090373,1.0406940924892947,12.009153866906155,98.82642880582992,0.654479660965761,0.0,6.157034486278016,921.0087448298166,6.099395661124613,0.0,12.009153866906155,988.2642880582991,9210.087448298165,10198.351736356464,858.5551736356463,0.09690431489386674,0.9030956851061335,45.91,110.0,110.0,5050.1,872.0,4403687.2,29.30795634811089,273.1342659637653,302.4422223118762
Sonora,Opodepe,45,Ures,142,Sorgo forrajero en verde,2023,2024,30.034873,-110.874475,803.0,2,2.0,0.0,1202.8460250063836,7.965867715274063,2.9196342471872683,12.228479836732706,24.238443708609267,7.08,35.370000000000005,32.8576821192053,13.95,45.09,15.619205298013245,0.21,26.95,27.931125827814565,8.13,67.97,27.037350993377483,12.05,32.48,2.6388079470198678,1.31,4.14,55.18999999999999,0.3654966887417218,0.0,6.76,44.152,0.2923973509933775,0.0,5.408,15.900691384395707,8.193767303506888,19.211093877989313,0.04588284689198444,18,3,54,8,1065.3865064893455,7.055539778075135,0.8758902741561805,10.3942078612228,43.92389027415618,0.2908866905573257,0.0,5.408,1021.4626162151892,6.764653087517809,0.0,10.3942078612228,439.2389027415618,10214.626162151892,10653.865064893453,1021.2345064893454,0.04122812707558489,0.958771872924415,43.61,110.0,110.0,4797.1,959.2,4601378.32,13.713359436202365,318.90809123171687,332.62145066791925
Sonora,Opodepe,45,Ures,142,Sorgo forrajero achicalado,2023,2024,30.034873,-110.874475,803.0,2,2.0,0.0,1202.8460250063836,7.965867715274063,2.9196342471872683,12.228479836732706,24.238443708609267,7.08,35.370000000000005,32.8576821192053,13.95,45.09,15.619205298013245,0.21,26.95,27.931125827814565,8.13,67.97,27.037350993377483,12.05,32.48,2.6388079470198678,1.31,4.14,55.18999999999999,0.3654966887417218,0.0,6.76,44.152,0.2923973509933775,0.0,5.408,15.900691384395707,8.193767303506888,19.211093877989313,0.04588284689198444,18,3,54,8,924.8062758433534,6.124544873134791,0.8758902741561805,10.012556271722671,42.10887202166062,0.2788667021302028,0.0,4.795817840132898,882.6974038216929,5.845678171004589,0.0,10.012556271722671,421.08872021660625,8826.97403821693,9248.062758433536,880.6542758433534,0.04553264085849819,0.9544673591415019,38.29,105.0,105.0,4020.45,943.03,3791404.96,10.997354928613378,230.52948650344553,241.52684143205892
Sonora,Opodepe,45,Ures,142,Trigo grano,2010,2011,30.034873,-110.874475,803.0,2,1.75,0.0,491.1090104907384,4.505587252208609,1.0297312607762314,8.73216611555236,14.138990825688074,6.955,21.655,22.010825688073393,11.45,31.76,6.267155963302754,-0.15,14.03,43.391009174311925,17.12,88.46,19.21816513761468,4.23,29.25,2.6798165137614687,1.35,7.72,95.75000000000001,0.8784403669724772,0.0,22.81,76.6,0.7027522935779816,0.0,18.248,10.518537572085492,3.774647936817229,17.056316516521708,0.19496689727668054,13,5,0,29,475.898633967866,4.3660425134666605,0.4080508206399605,10.041991032885214,17.77090059871941,0.1630357853093524,0.0,2.830733141067284,458.12773336914654,4.203006728157308,0.0,10.041991032885214,177.7090059871941,4581.277333691465,4758.9863396786595,399.29863396786595,0.03734177686233777,0.9626582231376621,5.76,26.0,26.0,149.7,2812.83,421080.0,30.852257983887867,795.3606482103238,826.2129061942117
Sonora,Opodepe,45,Ures,142,Trigo grano,2011,2012,30.034873,-110.874475,803.0,4,1.8,0.2,849.844532830339,4.940956586222901,1.6976785798298908,10.187838911107086,15.882005813953487,-3.465,24.785,24.302500000000006,1.02,34.74,7.461511627906978,-7.95,15.28,30.433197674418604,9.49,73.83,18.723546511627905,7.01,29.72,2.5544767441860468,1.25,9.18,13.29,0.07726744186046511,0.0,4.79,10.632000000000001,0.061813953488372105,0.0,3.8320000000000003,9.263066513392783,4.568217979061235,17.03101064186358,0.01563815437599948,3,0,0,41,659.6533538318224,3.8351939176268743,0.7631856501150116,9.52045982854071,7.0330609982010035,0.04088988952442444,0.0,3.063437218699337,652.6202928336215,3.794304028102451,0.0,9.52045982854071,70.33060998201003,6526.202928336215,6596.5335383182255,649.0213538318225,0.010661752809027742,0.9893382471909724,4.75,29.0,29.0,137.75,3600.0,495900.0,14.806444206738954,1373.937458597098,1388.7439028038368
Sonora,Opodepe,45,Ures,142,Trigo grano,2012,2013,30.034873,-110.874475,803.0,3,1.6666666666666667,0.16666666666666666,779.7265407427542,4.507089830882972,1.0580375711901282,8.923904774749314,14.822543352601157,3.5450000000000004,24.174999999999997,22.8357225433526,9.21,33.65,6.809364161849711,-2.12,16.48,37.17578034682081,10.0,88.57,17.986358381502892,2.47,29.98,2.542485549132948,0.95,7.26,80.44,0.46497109826589594,0.0,25.7,64.352,0.3719768786127168,0.0,20.560000000000002,9.18711603782983,3.0464680675931675,16.926138016612857,0.10316437340118527,11,5,0,50,592.6670612402451,3.425821163238411,0.42558117950587626,9.364234007699313,19.922449684444587,0.11515866869621148,0.0,3.8493823627367516,572.7446115558005,3.3106624945421994,0.0,9.364234007699313,199.22449684444587,5727.446115558005,5926.67061240245,528.3150612402451,0.03361490959655133,0.9663850904034487,4.71,64.0,64.0,301.28,3450.0,1039416.0,42.29819465911802,1216.0182835579628,1258.3164782170809
Sonora,Opodepe,45,Ures,142,Trigo grano,2013,2014,30.034873,-110.874475,803.0,1,1.0,0.0,780.5509215115924,4.538086752974374,1.3794401592246381,9.833310874542914,15.566453488372094,2.51,24.8,23.493488372093022,9.09,34.03,7.639418604651163,-4.97,19.09,35.361162790697676,7.32,87.07,17.694651162790702,6.21,31.28,2.4505232558139536,1.16,5.43,68.63,0.3990116279069767,0.0,17.12,54.903999999999996,0.31920930232558137,0.0,13.696000000000002,9.071420364002188,4.46239565269856,17.47624511829832,0.08792507715844229,8,6,0,56,584.9137249778631,3.4006611917317624,0.9043795939193784,8.816799079898555,19.934463812597564,0.11589804542207886,0.0,3.016270078091312,564.9792611652656,3.284763146309684,0.0,8.816799079898555,199.34463812597562,5649.792611652656,5849.1372497786315,530.0097249778631,0.03408103274265279,0.9659189672573473,4.63,45.0,45.0,208.35,3800.0,791730.0,43.0549974354159,1220.257583510293,1263.312580945709
Sonora,Opodepe,45,Ures,142,Trigo grano,2016,2017,30.034873,-110.874475,803.0,2,1.5,0.0,808.8478943203768,4.675421354453045,1.1846201539778514,8.758707150517768,16.06748554913295,4.365,23.755,24.263526011560696,9.95,33.04,7.871445086705201,-2.38,16.15,35.70872832369942,12.09,84.44,18.02797687861272,5.57,30.3,2.4523121387283235,0.96,5.2,68.80000000000001,0.3976878612716764,0.0,11.12,55.04,0.31815028901734105,0.0,8.895999999999999,9.184381823972442,4.164892839139734,17.014210226524256,0.08505925586640521,16,7,0,39,636.4296638781013,3.678784184266482,0.566780627546087,8.207473024997121,23.306154570447912,0.13471765647657752,0.0,2.6801939806441193,613.1235093076534,3.544066527789904,0.0,8.207473024997121,233.06154570447913,6131.235093076534,6364.296638781013,581.3896638781014,0.03662015756530145,0.9633798424346985,5.4,18.0,18.0,97.2,3750.0,364500.0,43.159545500829466,1135.413906125284,1178.5734516261134
Sonora,Opodepe,45,Ures,142,Trigo grano,2017,2018,30.034873,-110.874475,803.0,1,1.0,0.0,791.193680481621,4.599963258614076,1.043392224173322,10.057374032783075,17.340523255813952,7.62,26.45,25.049418604651162,11.39,36.1,9.631627906976744,0.59,18.21,39.88627906976745,10.78,89.64,17.59127906976744,3.82,29.58,2.389127906976744,1.26,6.68,99.95,0.5811046511627908,0.0,18.44,79.96000000000001,0.4648837209302326,0.0,14.752000000000002,9.185949809399267,3.5503669517081473,16.451184220182295,0.12632810709402753,12,6,2,24,579.1044605819352,3.3668863987321815,0.7327015322846012,7.894399344778277,23.83188568964351,0.13855747493978784,0.0,3.220798864888994,555.2725748922917,3.2283289237923936,0.0,7.894399344778277,238.3188568964351,5552.725748922917,5791.044605819352,499.14446058193516,0.04115299969489983,0.9588470003051002,3.64,18.0,18.0,65.52,3875.0,253890.0,65.47221343308657,1525.4741068469552,1590.9463202800418
Sonora,Opodepe,45,Ures,142,Trigo grano,2018,2019,30.034873,-110.874475,803.0,4,2.75,0.75,833.1445754384905,4.843863810688898,1.007546042467037,9.30794822520997,18.20595930232558,8.17,26.165,26.010116279069766,11.73,36.76,10.401802325581397,-0.48,18.34,33.57866279069767,6.84,90.14,17.31825581395349,3.84,30.24,2.387093023255814,1.07,5.64,67.84,0.3944186046511628,0.0,21.98,54.272,0.31553488372093025,0.0,17.584,8.86793057418481,3.79681283839251,16.29849336326874,0.08142644386095328,10,4,2,18,623.8631511144692,3.6271113436887745,1.0892441747959407,8.721820492306163,16.69262591697782,0.09705015068010361,0.0,2.4243246031761045,607.1705251974915,3.5300611930086716,0.0,8.721820492306163,166.9262591697782,6071.705251974916,6238.631511144694,569.5911511144692,0.02675687109770486,0.9732431289022954,5.0,15.0,15.0,75.0,4500.0,337500.0,33.38525183395564,1214.341050394983,1247.7263022289387
Sonora,Opodepe,45,Ures,142,Trigo grano,2020,2021,30.034873,-110.874475,803.0,0,0.0,0.0,605.4083969821522,3.499470502787007,0.7498699013814789,7.1944348881253335,14.541502890173412,3.925,22.645000000000003,21.49421965317919,10.64,30.06,7.588786127167631,-3.74,17.28,54.992312138728316,25.11,94.45,16.3957225433526,2.38,29.83,2.284219653179191,0.95,6.72,318.15,1.8390173410404622,0.0,87.6,190.89,1.1034104046242774,0.0,52.559999999999995,9.096222330061778,2.900786167027119,17.53852080919328,0.5255130282069398,26,16,0,44,455.6745139429663,2.633956727994025,0.22496097041444366,7.535609981415923,33.54936859580526,0.19392698610292058,0.0,3.343845111189293,422.12514534716104,2.440029741891104,0.0,7.535609981415923,335.49368595805265,4221.25145347161,4556.745139429663,264.7845139429663,0.07362572970232961,0.9263742702976704,5.52,29.0,29.0,160.0,4520.0,723200.0,60.77784165906751,764.7194662086251,825.4973078676926
Sonora,Opodepe,45,Ures,142,Trigo grano,2021,2022,30.034873,-110.874475,803.0,4,3.8333333333333335,1.0,851.5399727380757,4.950813794988812,1.333985151274638,9.948508831828397,16.372412790697673,4.245,27.485,24.636744186046514,8.27,36.77,8.108081395348838,-0.9,19.33,30.53936046511628,10.58,84.65,18.110813953488375,7.63,29.66,2.5651744186046512,1.15,6.02,62.49,0.3633139534883721,0.0,22.22,49.992000000000004,0.2906511627906977,0.0,17.776,8.990420251122666,4.533759807140349,16.35136954357007,0.07338469361463697,8,3,3,45,643.8599809606379,3.74337198232929,0.7771301618342057,7.929936184387155,14.361862807544355,0.08349920236944393,0.0,2.39960460168681,629.4981181530935,3.659872779959846,0.0,7.929936184387155,143.61862807544355,6294.981181530935,6438.599809606379,593.867980960638,0.02230587896784093,0.977694121032159,5.5,24.0,24.0,132.0,5790.0,764280.0,26.11247783189883,1144.5420330056245,1170.6545108375233
Sonora,Opodepe,45,Ures,142,Trigo grano,2022,2023,30.034873,-110.874475,803.0,3,1.2727272727272727,0.09090909090909091,801.1985847917155,4.658131306928579,1.2985542719378143,12.009153866906155,16.561046511627907,5.390000000000001,26.740000000000002,24.662674418604652,13.24,38.52,8.459418604651162,-3.28,16.14,35.52941860465116,5.25,87.44,17.89348837209302,4.6,30.17,2.397151162790698,1.17,6.02,72.94,0.4240697674418605,0.0,38.22,58.35200000000001,0.3392558139534884,0.0,30.576,9.143606155424033,3.7822536770222652,17.235609846290817,0.09103860314351644,6,4,4,32,597.7525056618757,3.4753052654760217,0.737390752045424,9.52803405477505,13.847601829060553,0.08050931295965437,0.0,3.110188047229071,583.9049038328151,3.394795952516367,0.0,9.52803405477505,138.47601829060554,5839.04903832815,5977.525056618756,539.4005056618757,0.023166112559791723,0.9768338874402082,5.0,5.0,5.0,25.0,9800.0,245000.0,27.69520365812111,1167.8098076656302,1195.5050113237512
Sonora,Opodepe,45,Ures,142,Trigo grano,2023,2024,30.034873,-110.874475,803.0,2,1.75,0.0,705.7205346016626,4.103026363963155,1.1684007940249992,8.70062458981808,14.47892441860465,5.225,24.705,22.216686046511626,11.35,35.71,6.741162790697673,-2.83,15.05,42.36511627906976,14.04,86.54,17.182906976744185,1.66,29.69,2.405174418604651,1.19,5.54,64.32,0.37395348837209297,0.0,11.12,51.456,0.29916279069767443,0.0,8.895999999999999,9.03845291967283,2.768154094650966,16.988360813350983,0.09114089337970704,13,5,2,54,529.382486849436,3.077805156101372,0.7425533155814619,8.343161974211734,24.008764619714015,0.13958584081229078,0.0,2.2951944468008323,505.37372222972203,2.9382193152890816,0.0,8.343161974211734,240.08764619714015,5053.737222297221,5293.824868494361,477.92648684943595,0.04535239683239173,0.9546476031676084,5.45,5.0,5.0,27.25,5100.0,138975.0,44.05277911874131,927.2912334490313,971.3440125677727
Sonora,Opodepe,45,Ures,142,Alfalfa achicalada,2010,2011,30.034873,-110.874475,803.0,1,1.0,0.0,271.99080688550595,3.5788264063882362,1.0297312607762314,7.0927307572083,12.447105263157896,6.955,18.245,19.78039473684211,11.45,28.64,5.1138157894736835,-0.15,10.22,49.44723684210526,20.34,88.46,16.397894736842105,4.23,25.47,2.648552631578947,1.35,7.72,94.45000000000002,1.2427631578947371,0.0,22.81,75.56,0.9942105263157895,0.0,18.248,8.74564163847196,3.774647936817229,14.064943505604926,0.3472543836371594,12,5,0,28,228.9208453647641,3.012116386378475,0.9782446977374198,6.38345768148747,20.843549524086438,0.2742572305800847,0.0,2.368,208.07729584067764,2.73785915579839,0.0,6.38345768148747,208.43549524086438,2080.7729584067765,2289.208453647641,153.3608453647641,0.0910513391249896,0.9089486608750104,12.2,118.0,118.0,1439.6,2220.0,3195912.0,17.084876659087247,170.55516052514562,187.64003718423288
Sonora,Opodepe,45,Ures,142,Alfalfa achicalada,2011,2012,30.034873,-110.874475,803.0,2,1.5,0.0,361.2767608845711,4.7536415905864615,2.663858451042902,8.278660720470183,14.531118421052634,-3.465,22.365000000000002,23.105526315789472,1.02,32.32,5.95671052631579,-7.95,12.41,27.744210526315783,9.49,59.96,18.270789473684207,7.99,25.02,2.5788157894736843,1.44,9.18,4.12,0.05421052631578947,0.0,3.91,3.2960000000000003,0.043368421052631584,0.0,3.128,8.839317368567096,4.6740636404433715,13.208500086450137,0.011403999498645725,1,0,0,29,318.27602122601735,4.18784238455286,1.0887942817554568,7.450794648423165,2.565472605938612,0.03375621849919226,0.0,2.397472605938612,315.7105486200787,4.154086166053667,0.0,7.450794648423165,25.65472605938612,3157.1054862007873,3182.7602122601734,314.98002122601736,0.008060527450532609,0.9919394725494673,12.0,122.0,122.0,1464.0,2248.0,3291072.0,2.1378938382821766,263.0921238500656,265.2300176883478
Sonora,Opodepe,45,Ures,142,Alfalfa achicalada,2012,2013,30.034873,-110.874475,803.0,1,1.0,0.0,345.37731864703113,4.485419722688716,2.12631690975631,8.142812180608098,14.504480519480524,8.754999999999999,20.92,22.943636363636365,13.42,31.06,6.065324675324676,0.45,11.02,34.37532467532468,11.57,65.17,18.24207792207792,6.55,26.01,2.462207792207792,0.95,5.05,18.07,0.23467532467532468,0.0,7.46,14.456000000000001,0.18774025974025976,0.0,5.968,9.113036604092141,4.972423054284591,13.834269721147894,0.05231959084860227,3,2,0,25,296.46123472487375,3.850145905517841,1.257408044646648,7.328530962547289,7.991890537499197,0.10379078620128827,0.0,3.1799245605216644,288.4693441873746,3.746355119316553,0.0,7.328530962547289,79.91890537499197,2884.693441873746,2964.612347248738,282.00523472487373,0.026957624139007406,0.9730423758609927,12.5,118.0,118.0,1475.0,2319.76,3421646.0,6.393512429999357,230.7754753498997,237.16898777989906
Sonora,Opodepe,45,Ures,142,Alfalfa achicalada,2013,2014,30.034873,-110.874475,803.0,1,1.0,0.0,309.6831777877537,4.074778655102023,1.3933542188511012,7.66678180860744,12.811644736842107,2.51,23.14,20.894342105263156,9.09,34.03,4.7289473684210535,-4.97,13.97,38.75763157894737,13.67,87.07,17.246315789473684,7.8,25.2,2.5400000000000005,1.29,5.29,29.790000000000006,0.3919736842105264,0.0,17.12,23.832,0.31357894736842107,0.0,13.696000000000002,8.826348508920598,5.206840548569398,13.245146959020353,0.09619508625817917,4,2,0,42,270.3472182867409,3.557200240615012,0.8862481786075954,6.900103627746696,8.261189665213625,0.10869986401596875,0.0,2.424,262.08602862152725,3.4485003765990427,0.0,6.900103627746696,82.61189665213624,2620.8602862152725,2703.4721828674087,246.5152182867409,0.030557701749501568,0.9694422982504984,10.2,120.0,120.0,1224.0,2650.0,3243600.0,8.099205554131004,256.94708688385026,265.04629243798126
Sonora,Opodepe,45,Ures,142,Alfalfa achicalada,2014,2015,30.034873,-110.874475,803.0,2,2.0,0.0,354.52866359765386,4.664850836811235,2.5965398255264978,7.741729563609221,17.03210526315789,9.96,22.915,25.183947368421048,17.0,33.31,8.880263157894738,2.13,13.64,30.326052631578943,10.61,69.99,17.48723684210526,6.9,25.63,2.230921052631579,1.31,4.69,9.22,0.12131578947368422,0.0,7.08,7.376000000000001,0.09705263157894739,0.0,5.664000000000001,8.6666556851118,4.7858967822415375,13.22137215031561,0.02600635984249657,2,1,0,7,310.2260016665813,4.08192107456028,1.046682486464433,6.967556607248299,4.048885842973848,0.05327481372334011,0.0,2.336885842973848,306.17711582360744,4.02864626083694,0.0,6.967556607248299,40.488858429738485,3061.7711582360744,3102.260016665813,302.8500016665813,0.013051407107149682,0.9869485928928503,14.0,118.0,118.0,1652.0,2097.78,3465532.56,2.8920613164098916,218.6979398740053,221.5900011904152
Sonora,Opodepe,45,Ures,142,Alfalfa achicalada,2015,2016,30.034873,-110.874475,803.0,0,0.0,0.0,297.3774972408706,3.9128618058009286,0.9699829040543619,7.616168050943806,15.803947368421051,4.905,19.939999999999998,23.04381578947368,11.48,29.6,8.56407894736842,-2.68,14.05,48.176052631578955,23.57,90.89,16.232236842105266,2.62,24.5,2.460657894736842,1.12,6.23,101.29,1.332763157894737,0.0,26.56,81.032,1.0662105263157895,0.0,21.248,8.707922337499953,3.1379576694529803,13.578047430547795,0.34061084291780447,10,7,0,8,258.24797530982966,3.3979996751293378,0.8191168105414013,6.854551245849425,20.33467887593551,0.2675615641570462,0.0,3.130935179078604,237.91329643389412,3.130438110972291,0.0,6.854551245849425,203.3467887593551,2379.1329643389413,2582.4797530982964,177.21597530982967,0.07874090339542543,0.9212590966045745,12.5,135.0,135.0,1687.5,2466.77,4162674.38,16.267743100748408,190.3306371471153,206.59838024786373
Sonora,Opodepe,45,Ures,142,Alfalfa achicalada,2016,2017,30.034873,-110.874475,803.0,1,1.0,0.0,365.4672455774766,4.746327864642553,1.1846201539778514,7.136933065214889,15.862012987012987,6.3100000000000005,22.655,24.442207792207792,11.16,33.04,7.281818181818182,-2.38,14.65,33.53857142857142,15.44,83.31,18.047272727272727,5.57,25.44,2.526233766233766,1.44,5.2,42.36,0.5501298701298701,0.0,11.12,33.888000000000005,0.44010389610389616,0.0,8.895999999999999,8.958134574529375,4.164892839139734,13.62466877648274,0.11590641982995427,7,5,0,23,326.6629922027117,4.242376522113139,0.47384806159114057,6.4232397586934,7.736301384825263,0.10047144655617225,0.0,2.0975431152867023,318.9266908178864,4.141905075556966,0.0,6.4232397586934,77.36301384825263,3189.2669081788645,3266.629922027117,292.7749922027117,0.02368282165255034,0.9763171783474497,12.6,138.0,138.0,1738.8,2812.15,4889766.42,6.139921733988304,253.11642128403687,259.2563430180252
Sonora,Opodepe,45,Ures,142,Alfalfa achicalada,2017,2018,30.034873,-110.874475,803.0,0,0.0,0.0,301.94378359948655,3.972944521045876,1.043392224173322,6.7492188684303,15.602302631578949,7.62,25.33,23.149868421052634,11.39,33.6,8.054736842105262,0.59,17.24,46.622499999999995,26.12,89.64,16.690263157894737,5.04,25.0,2.3914473684210527,1.26,6.68,71.1,0.9355263157894737,0.0,18.44,56.88000000000001,0.7484210526315791,0.0,14.752000000000002,8.88429776260674,3.9388415725655217,13.485361066191324,0.23547429641509235,9,4,0,15,263.15966731223466,3.462627201476772,0.4672538837248227,6.0742969815872705,12.888425700834034,0.16958454869518466,0.0,1.8771658213460358,250.27124161140063,3.2930426527815873,0.0,6.0742969815872705,128.88425700834034,2502.7124161140064,2631.5966731223466,206.27966731223466,0.0489756877733932,0.9510243122266068,12.65,136.0,136.0,1720.4,2831.75,4871742.7,10.188478814888564,197.84287874419022,208.03135755907877
Sonora,Opodepe,45,Ures,142,Alfalfa achicalada,2018,2019,30.034873,-110.874475,803.0,3,3.0,1.0,334.8237020863193,4.40557502745157,1.0691434804680637,7.584191732440143,16.333552631578947,8.36,22.060000000000002,24.055657894736843,12.44,30.19,8.611447368421054,1.19,14.71,37.32907894736842,16.06,90.14,16.744473684210526,3.84,25.13,2.4419736842105264,1.31,5.11,40.980000000000004,0.5392105263157895,0.0,18.31,32.784,0.43136842105263157,0.0,14.648,8.552409639327786,3.79681283839251,14.272736297439073,0.1223927689248091,7,3,0,11,293.1354444683315,3.8570453219517304,0.9307878239017605,7.204982145818136,10.89323602863675,0.14333205300837829,0.0,2.002702933058521,282.24220843969476,3.7137132689433523,0.0,7.204982145818136,108.9323602863675,2822.422084396948,2931.3544446833153,260.3514444683315,0.03716110158017273,0.9628388984198273,12.14,140.0,140.0,1700.0,3102.08,5273536.0,8.973011555713962,232.4894632946415,241.46247485035545
Sonora,Opodepe,45,Ures,142,Alfalfa achicalada,2019,2020,30.034873,-110.874475,803.0,0,0.0,0.0,266.9826167332617,3.512929167542917,0.9400455569694014,5.809891803663554,13.322697368421052,4.535,19.845,20.477368421052635,7.79,28.53,6.168026315789473,-2.72,11.93,48.85302631578948,24.19,90.08,15.25947368421053,2.64,25.45,2.4085526315789467,0.99,4.81,89.7,1.180263157894737,0.0,30.86,71.76,0.9442105263157895,0.0,24.688000000000002,8.28431002451352,3.179447175779932,14.10769737339012,0.3359769302494249,9,3,0,26,234.9331192312289,3.0912252530424853,0.3760182227877606,5.2289026232971985,15.782967136708576,0.2076706202198497,0.0,2.272,219.1501520945203,2.883554632822636,0.0,5.2289026232971985,157.82967136708575,2191.501520945203,2349.3311923122887,163.1731192312289,0.06718068183981528,0.9328193181601847,13.49,135.0,135.0,1820.6,3258.02,5931547.25,11.699753251822516,162.45378213085272,174.15353538267524
Sonora,Opodepe,45,Ures,142,Alfalfa achicalada,2020,2021,30.034873,-110.874475,803.0,0,0.0,0.0,258.16548047560576,3.3527984477351396,1.2553677780228072,6.55270433166602,13.481558441558441,3.925,18.895,20.657922077922077,11.59,27.12,6.305194805194804,-3.74,15.07,54.30961038961039,27.62,86.34,16.10948051948052,3.34,24.99,2.2412987012987013,1.18,5.92,80.8,1.0493506493506493,0.0,22.96,64.64,0.8394805194805195,0.0,18.368000000000002,8.752210117227797,3.5065444802919847,14.427038021830032,0.31297755165077096,11,6,0,25,224.79163341397103,2.919371862519104,0.7517203624582941,5.897433898499418,19.0175596519271,0.24698129418087145,0.0,2.616922260930751,205.7740737620439,2.6723905683382325,0.0,5.897433898499418,190.175596519271,2057.740737620439,2247.91633413971,160.151633413971,0.0846008339505448,0.9153991660494551,13.96,140.0,140.0,1955.0,3395.4,6638007.0,13.622893733472134,147.40263163470195,161.02552536817407
Sonora,Opodepe,45,Ures,142,Alfalfa achicalada,2021,2022,30.034873,-110.874475,803.0,4,4.0,1.0,326.3414271192573,4.293966146306016,1.333985151274638,6.719372701354348,14.03736842105263,4.245,19.68,22.28171052631579,8.27,29.34,5.793026315789474,-0.9,12.27,36.11263157894737,12.04,84.65,17.44171052631579,7.63,25.66,2.4943421052631574,1.15,4.31,47.14,0.6202631578947368,0.0,22.22,37.712,0.4962105263157895,0.0,17.776,8.791896342564819,5.103559865605853,13.970310848287625,0.144449941327165,5,2,0,30,282.671142778309,3.719357141819855,0.8701767969129643,6.080943092254159,8.386471659785101,0.11034831131296186,0.0,1.982282062263017,274.2846711185239,3.6090088305068933,0.0,6.080943092254159,83.86471659785101,2742.8467111852387,2826.7114277830897,244.959142778309,0.029668651625901463,0.9703313483740985,13.95,138.0,138.0,1925.1,3530.36,6796296.04,6.011807641423012,196.61983592725727,202.6316435686803
Sonora,Opodepe,45,Ures,142,Alfalfa achicalada,2022,2023,30.034873,-110.874475,803.0,1,1.0,0.0,329.0596140487722,4.329731763799634,1.9103217569615971,8.285247004152218,14.025263157894738,5.390000000000001,21.66,22.389868421052633,13.24,31.94,5.660657894736842,-3.28,13.05,36.94263157894736,13.04,74.09,17.978815789473682,7.41,25.68,2.5282894736842105,1.17,6.02,4.9799999999999995,0.06552631578947368,0.0,3.4,3.9840000000000004,0.05242105263157895,0.0,2.72,9.070407811976139,5.089977437546313,13.373064293085221,0.015134035862759748,1,0,0,29,288.0657285308538,3.790338533300708,0.7754488743859992,7.4567223037369965,3.420523728295031,0.045006891161776724,0.0,2.156523728295031,284.64520480255874,3.7453316421389307,0.0,7.4567223037369965,34.205237282950314,2846.4520480255874,2880.6572853085377,284.0817285308538,0.011874108543698804,0.9881258914563011,31.72,150.0,150.0,4758.0,6843.29,32560373.82,1.0783492207739696,89.73682370824677,90.81517292902075
Sonora,Opodepe,45,Ures,142,Alfalfa achicalada,2023,2024,30.034873,-110.874475,803.0,2,2.0,0.0,284.91262012898073,3.7488502648550095,1.1684007940249992,7.254923455836291,13.080065789473684,5.225,20.18,20.579473684210527,11.35,29.81,5.5806578947368415,-2.83,13.57,44.57039473684211,20.27,86.54,15.852368421052631,1.66,23.45,2.6017105263157894,1.33,5.54,53.919999999999995,0.7094736842105263,0.0,11.12,43.136,0.5675789473684211,0.0,8.895999999999999,8.374931469532214,2.768154094650966,13.078239514501407,0.18925100606491302,10,5,0,35,249.30145161664385,3.280282258113735,0.6025398276820555,6.892177283044476,15.075787179459486,0.19836562078236164,0.0,1.8800000000000001,234.22566443718435,3.081916637331373,0.0,6.892177283044476,150.75787179459485,2342.2566443718433,2493.014516166438,206.16545161664385,0.06047211952316204,0.9395278804768379,28.75,120.0,120.0,3450.0,7048.59,24317635.5,5.243752062420691,81.46979632597716,86.71354838839785
Sonora,Opodepe,45,Ures,142,Pastos y praderas,2010,2011,30.034873,-110.874475,803.0,0,0.0,0.0,1663.827686577827,6.791133414603376,1.955410078181024,11.00554544445029,23.874816326530613,9.145000000000001,34.17,31.519836734693875,15.56,41.99,16.229795918367348,1.21,26.35,40.940653061224495,9.85,90.56,24.925061224489795,8.01,33.19,2.3924081632653063,0.97,5.89,308.3,1.2583673469387755,0.0,29.6,184.97999999999996,0.7550204081632651,0.0,17.76,14.994204716564589,6.22185689977122,19.561874521973582,0.18529563036308988,47,18,80,7,1397.1452503773576,5.702633675009623,0.984602831675577,9.354713627782745,113.85733455336891,0.4647238145035466,0.0,5.974077757685944,1283.2879158239887,5.237909860506076,0.0,9.354713627782745,1138.5733455336892,12832.879158239886,13971.452503773575,1212.1652503773576,0.08149284014859369,0.9185071598514063,45.8,218.0,218.0,9984.4,645.45,6444430.98,24.859680033486665,280.1938680838403,305.05354811732695
Sonora,Opodepe,45,Ures,142,Pastos y praderas,2011,2012,30.034873,-110.874475,803.0,4,3.5,1.0,1798.491636564531,7.34078219005931,3.1976167200929835,11.795646457021501,25.087857142857146,11.89,34.894999999999996,33.22673469387755,18.09,43.66,16.948979591836736,3.5,26.89,33.56938775510204,6.37,79.13,25.262081632653057,13.27,33.27,2.4017959183673465,0.75,6.95,238.40000000000003,0.973061224489796,0.0,21.14,190.72,0.7784489795918367,0.0,16.912000000000003,14.823226458006056,8.009881491660856,19.376554619790298,0.1325555232802697,42,17,89,2,1499.1298431806154,6.118897319104552,1.903614726843998,10.026299488468275,139.45153119867152,0.5691899232598837,0.0,8.849798980675367,1359.6783119819436,5.549707395844668,0.0,10.026299488468275,1394.5153119867152,13596.783119819436,14991.298431806152,1308.4098431806153,0.09302164974769993,0.9069783502522999,40.0,212.0,212.0,8480.0,450.0,3816000.0,34.86288279966788,339.9195779954859,374.7824607951538
Sonora,Opodepe,45,Ures,142,Pastos y praderas,2012,2013,30.034873,-110.874475,803.0,2,1.875,0.0,1690.3312449073562,6.899311203703495,2.095752925040207,13.293174602561093,24.26667346938775,9.129999999999999,34.185,31.93673469387755,11.83,42.9,16.596612244897962,1.61,25.47,38.564081632653064,6.97,86.85,24.861755102040817,6.84,33.15,2.282122448979592,0.97,5.05,328.37,1.3402857142857143,0.0,15.04,197.022,0.8041714285714285,0.0,9.024,14.752253467827744,5.686400439538593,19.48865232656843,0.19426369889884945,60,26,73,9,1408.3445631191773,5.748345155588479,1.781389986284176,11.29919841217693,155.9655711805971,0.6365941680840698,0.0,6.1089034141935965,1252.3789919385802,5.111750987504409,0.0,11.29919841217693,1559.655711805971,12523.789919385801,14083.445631191771,1211.3225631191774,0.11074390121914997,0.88925609878085,44.0,215.0,215.0,9460.0,465.0,4398900.0,35.44672072286298,284.63158907695004,320.07830979981304
Sonora,Opodepe,45,Ures,142,Pastos y praderas,2013,2014,30.034873,-110.874475,803.0,1,1.0,0.0,1743.1565654050673,7.114924756755377,2.809126042064416,11.731337407864489,24.662734693877553,9.97,33.91,32.538163265306125,16.5,45.94,16.787306122448978,3.44,25.71,36.237306122448985,5.7,85.66,24.96677551020408,10.5,32.78,2.393795918367347,0.92,5.43,243.85000000000002,0.9953061224489796,0.0,25.46,195.08,0.7962448979591837,0.0,20.368000000000002,14.77171787104326,7.2387500934320865,19.44445654582396,0.13988990136599416,39,17,69,3,1457.9771037160192,5.950926953942935,1.3379723685854055,9.971636796684816,128.38304504696436,0.5240124287631198,0.0,6.193465839588075,1329.5940586690547,5.426914525179815,0.0,9.971636796684816,1283.8304504696434,13295.940586690547,14579.77103716019,1262.8971037160193,0.08805559752601605,0.9119444024739838,42.0,210.0,210.0,8820.0,460.0,4057200.0,30.567391677848654,316.57001396882254,347.1374056466712
Sonora,Opodepe,45,Ures,142,Pastos y praderas,2014,2015,30.034873,-110.874475,803.0,3,2.3076923076923075,0.38461538461538464,1640.7163251683585,6.6968013272177895,1.1380088857181274,13.622159828274055,24.432102040816325,14.32,35.144999999999996,31.58040816326531,19.91,44.36,17.28379591836735,6.16,25.93,42.95510204081633,6.33,92.63,24.36779591836735,2.56,32.5,2.2316326530612245,0.53,5.12,465.49,1.8999591836734695,0.0,72.89,279.294,1.1399755102040816,0.0,43.734,14.684548810201589,3.0912381345798092,19.473317630268298,0.2837114453360698,65,26,57,0,1372.8097986395273,5.6033053005695,0.9673075528604083,11.578835854032947,152.8460498002265,0.6238614277560265,0.0,5.614629872714555,1219.963748839301,4.979443872813473,0.0,11.578835854032947,1528.460498002265,12199.63748839301,13728.097986395274,1093.5157986395275,0.11133811104182018,0.8886618889581799,44.4,200.0,200.0,8880.0,451.41,4008520.8,34.42478599104201,274.76661009894167,309.1913960899837
Sonora,Opodepe,45,Ures,142,Pastos y praderas,2015,2016,30.034873,-110.874475,803.0,0,0.0,0.0,1517.1522711960238,6.192458249779689,1.4628296202021747,11.191716382284039,23.971020408163263,11.17,33.31,30.75991836734694,15.59,43.06,17.182122448979587,5.32,24.79,48.83918367346939,12.78,91.46,23.42322448979592,6.35,33.09,2.2528163265306125,0.78,5.34,425.51,1.7367755102040816,0.0,39.39,255.30599999999995,1.0420653061224487,0.0,23.634,14.555274195927646,5.191315053483106,19.974756163895286,0.28046624460744185,59,24,43,0,1271.5742131258844,5.190098829085242,0.5851318480808699,9.512958924941433,149.62970767073318,0.6107335006968702,0.0,5.134028535592745,1121.944505455151,4.579365328388372,0.0,9.512958924941433,1496.2970767073318,11219.44505455151,12715.742131258841,1016.2682131258845,0.11767280755316796,0.882327192446832,46.3,198.0,198.0,9167.4,453.85,4160624.49,32.317431462361384,242.32062752811038,274.6380589904718
Sonora,Opodepe,45,Ures,142,Pastos y praderas,2016,2017,30.034873,-110.874475,803.0,2,1.9166666666666667,0.0,1697.4480112517645,6.928359229599039,2.330603461429669,13.15978384226398,24.987979591836737,8.595,34.51,32.81236734693877,12.64,45.16,17.163591836734692,4.21,25.68,37.80155102040817,8.75,84.15,24.79461224489796,7.23,33.04,2.2701224489795915,0.88,5.79,249.89,1.0199591836734694,0.0,24.92,199.91199999999998,0.8159673469387754,0.0,19.936000000000003,14.837860996535778,5.8878195758943415,19.200352486210274,0.14721511253574202,40,19,74,2,1417.4083898293613,5.785340366650455,0.9322413845718677,11.185816265924384,124.2737236062585,0.5072396881888102,0.0,5.499940818086141,1293.1346662231026,5.2781006784616435,0.0,11.185816265924384,1242.737236062585,12931.346662231026,14174.083898293611,1217.4963898293613,0.08767672358791354,0.9123232764120863,47.8,208.0,208.0,9942.4,460.92,4582651.01,25.998686946916006,270.5302649002307,296.5289518471467
Sonora,Opodepe,45,Ures,142,Pastos y praderas,2017,2018,30.034873,-110.874475,803.0,1,1.0,0.0,1738.6644427420415,7.096589562212414,2.650279336865402,11.571679178107395,25.499040816326527,14.415,35.129999999999995,33.29359183673469,19.36,45.76,17.704489795918366,5.84,26.4,37.20106122448979,5.56,88.39,24.975999999999996,10.51,33.34,2.2636734693877547,0.82,4.87,251.84000000000003,1.027918367346939,0.0,19.78,151.10399999999998,0.6167510204081632,0.0,11.868,14.788427302190339,7.049570892764949,19.74215653446027,0.1448468110401016,45,18,84,0,1454.0418496506375,5.9348646924515815,1.6847272204149428,9.835927301391285,118.63939409266008,0.48424242486800034,0.0,5.302596542630299,1335.4024555579774,5.450622267583581,0.0,9.835927301391285,1186.3939409266009,13354.024555579774,14540.418496506374,1302.9378496506374,0.0815928331919508,0.9184071668080492,47.35,212.0,212.0,10038.2,456.0,4577419.2,25.055838245545953,282.0279737186858,307.08381196423176
Sonora,Opodepe,45,Ures,142,Pastos y praderas,2018,2019,30.034873,-110.874475,803.0,4,3.272727272727273,0.9090909090909091,1636.21250596882,6.67841839170947,1.425889681214404,11.380934562226887,24.71238775510204,12.829999999999998,33.760000000000005,31.903469387755102,19.22,43.51,17.521306122448976,1.67,26.46,43.29175510204082,6.78,88.56,24.182000000000002,4.48,32.98,2.1925306122448984,0.84,4.63,434.66,1.774122448979592,0.0,33.06,260.796,1.0644734693877551,0.0,19.836000000000002,14.632296868062673,4.186249271079461,19.96704127272528,0.26565009032407616,55,24,74,1,1367.5169872609613,5.58170198882025,1.2120062290322433,9.673794377892854,137.89239944195896,0.5628261201712611,0.0,6.2587643256213825,1229.6245878190023,5.018875868648989,0.0,9.673794377892854,1378.9239944195897,12296.245878190022,13675.169872609611,1106.7209872609612,0.10083414007027991,0.8991658599297201,48.0,198.0,198.0,9504.0,460.0,4371840.0,28.727583217074784,256.1717891289588,284.89937234603354
Sonora,Opodepe,45,Ures,142,Pastos y praderas,2019,2020,30.034873,-110.874475,803.0,1,1.0,0.0,1605.4833585477115,6.552993300194741,1.8377277298916752,11.506106059760686,24.065387755102044,10.535,34.714999999999996,31.33902040816327,13.78,42.95,16.791755102040813,3.46,26.52,43.64861224489796,12.08,88.41,24.217714285714283,4.78,32.89,2.265591836734694,0.96,4.81,362.79,1.4807755102040818,0.0,41.28,217.674,0.888465306122449,0.0,24.768,14.749779160324936,4.344252569164414,19.421734915381712,0.22596933071182543,51,23,55,2,1345.5875037241613,5.492193892751678,1.0231430732077538,9.780190150796583,127.01505752038753,0.5184288062056633,0.0,5.404957612927294,1218.5724462037733,4.973765086546013,0.0,9.780190150796583,1270.1505752038752,12185.724462037733,13455.875037241609,1127.9135037241613,0.09439375526961269,0.905606244730387,43.51,203.0,203.0,8833.45,470.0,4151721.5,29.19215295802977,280.06721356096836,309.25936651899815
Sonora,Opodepe,45,Ures,142,Pastos y praderas,2022,2023,30.034873,-110.874475,803.0,4,2.7,0.7,1571.606846913216,6.414721824135576,1.9497150077048013,12.009153866906155,23.93202040816326,11.915000000000001,32.7,31.139510204081635,20.68,42.81,16.724530612244894,2.37,25.22,45.585510204081636,3.41,92.85,24.043142857142858,8.33,32.92,2.142938775510204,0.69,4.81,562.9799999999999,2.2978775510204077,0.0,55.95,337.788,1.378726530612245,0.0,33.57,14.535710014669972,6.241881535059568,19.364408559698468,0.35821936071718297,76,29,55,7,1313.2648014225579,5.360264495602277,1.3875921233190598,10.20778078687023,186.10184648852467,0.7595993734225497,0.0,6.04037561653599,1127.1629549340332,4.600665122179727,0.0,10.20778078687023,1861.0184648852467,11271.629549340332,13132.648014225579,975.4768014225579,0.14170930819659142,0.8582906918034086,68.08,200.5,200.5,13650.04,685.0,9350277.4,27.33575888491843,165.56447634166176,192.90023522658018
Sonora,Opodepe,45,Ures,142,Pastos y praderas,2023,2024,30.034873,-110.874475,803.0,4,2.7777777777777777,0.4444444444444444,1809.2131856621643,7.384543614947609,2.8310935605005385,12.228479836732706,25.77210204081632,7.08,35.370000000000005,33.95555102040816,13.95,45.09,17.58865306122449,0.21,26.95,32.71808163265306,8.13,80.39,24.93914285714286,10.48,32.48,2.4109795918367345,1.05,4.81,162.48,0.6631836734693877,0.0,27.56,129.984,0.5305469387755103,0.0,22.048000000000002,14.780571248293022,7.201642359120495,19.211093877989313,0.08980699526602942,37,8,114,8,1517.027562144797,6.1919492332440695,1.1678536988749073,10.3942078612228,96.01995788942686,0.3919181954670484,0.0,5.408,1421.00760425537,5.800031037777021,0.0,10.3942078612228,960.1995788942686,14210.076042553701,15170.27562144797,1387.043562144797,0.06329480115290217,0.9367051988470978,46.14,220.0,220.0,10150.8,683.72,6940304.98,20.810567379589695,307.9773741342371,328.7879415138268
Sonora,Opodepe,45,Ures,142,Frijol,2010,2011,30.034873,-110.874475,803.0,0,0.0,0.0,1084.229188540769,7.689568713055099,2.70716413897022,11.00554544445029,27.043439716312058,15.03,34.17,34.45269503546099,23.14,41.99,19.634184397163118,6.57,26.35,40.04787234042553,9.85,89.68,26.862695035460995,11.4,33.19,2.3134042553191487,0.97,5.21,251.60999999999999,1.7844680851063828,0.0,29.6,150.966,1.07068085106383,0.0,17.76,16.55524445088981,8.617624474811532,19.561874521973582,0.23206348128169674,35,15,73,0,870.4748868202786,6.173580757590628,1.1244978275067892,12.656377261117832,77.69614450923517,0.5510364858811004,0.0,6.693348577651079,792.7787423110435,5.622544271709528,0.0,12.656377261117832,776.9614450923517,7927.787423110435,8704.748868202787,719.5088868202786,0.0892571924654233,0.9107428075345768,1.4,21.0,21.0,29.4,12100.0,355740.0,554.9724607802513,5662.70530222174,6217.677763001991
Sonora,Opodepe,45,Ures,142,Frijol,2011,2012,30.034873,-110.874475,803.0,4,3.5,1.0,1092.1518916305722,7.745758096670725,3.1976167200929835,11.795646457021501,27.24358156028369,17.84,34.894999999999996,34.80156028368795,25.47,43.66,19.685602836879433,8.53,26.89,39.21787234042553,6.37,79.13,26.51028368794326,13.27,33.27,2.328581560283688,0.75,6.95,230.40000000000003,1.6340425531914895,0.0,21.14,184.32000000000005,1.3072340425531919,0.0,16.912000000000003,16.307834348540755,9.551131548902063,19.376554619790298,0.21095966757518964,41,17,71,0,876.5918576962631,6.216963529760731,1.119165852032544,13.564993425574725,114.68437208280213,0.8133643410127811,0.0,11.973257444443142,761.907485613461,5.40359918874795,0.0,13.564993425574725,1146.8437208280213,7619.07485613461,8765.918576962631,692.271857696263,0.13082983953809435,0.8691701604619056,1.3,67.0,67.0,87.1,11600.0,1010360.0,882.1874775600164,5860.826812411238,6743.014289971255
Sonora,Opodepe,45,Ures,142,Frijol,2012,2013,30.034873,-110.874475,803.0,2,2.0,0.0,1034.829098292571,7.339213463067879,3.1791373593790686,13.293174602561093,26.74276595744681,20.415,34.185,33.78744680851064,25.05,42.9,19.69808510638298,10.4,25.47,44.74886524822695,6.97,86.85,26.035886524822697,14.26,33.15,2.174822695035461,0.97,4.7,324.9,2.304255319148936,0.0,15.04,194.94,1.3825531914893616,0.0,9.024,16.171213903593728,10.217675558142322,19.48865232656843,0.31396488612088,58,26,64,0,823.0715858914991,5.837387133982263,1.1126980757826739,15.287150792945257,123.98760879481995,0.8793447432256734,0.0,7.926,699.0839770966791,4.958042390756589,0.0,15.287150792945257,1239.8760879481995,6990.839770966791,8230.71585891499,628.1315858914991,0.15064012768770824,0.8493598723122916,1.1,42.0,42.0,46.2,11500.0,531300.0,1127.1600799529085,6355.308882697082,7482.46896264999
Sonora,Opodepe,45,Ures,142,Frijol,2013,2014,30.034873,-110.874475,803.0,1,1.0,0.0,1078.6609614301453,7.650077740639329,3.0181754472181397,11.731337407864489,27.557163120567374,20.355,33.91,34.87595744680851,25.37,45.94,20.238368794326245,11.72,25.71,40.787234042553195,9.93,85.66,25.83177304964539,11.9,32.78,2.3531205673758864,0.92,5.09,240.65000000000003,1.7067375886524825,0.0,25.46,192.51999999999998,1.3653900709219857,0.0,20.368000000000002,16.044149418743558,8.893614692316474,19.44445654582396,0.22310068557680407,39,17,66,0,860.3757692543693,6.101955810314676,1.056361406526349,12.993526044310153,108.2078300529293,0.7674314188151014,0.0,7.753360434757571,752.16793920144,5.334524391499575,0.0,12.993526044310153,1082.0783005292928,7521.679392014401,8603.757692543693,667.8557692543693,0.12576810496035454,0.8742318950396455,1.6,44.0,44.0,70.4,14500.0,1020800.0,676.298937830808,4701.049620009,5377.348557839809
Sonora,Opodepe,45,Ures,142,Frijol,2015,2016,30.034873,-110.874475,803.0,0,0.0,0.0,958.83686276629,6.8002614380587945,2.726334635389995,11.191716382284039,26.295390070921982,17.375,33.31,32.81836879432625,23.54,43.06,19.77241134751773,7.52,24.79,50.5777304964539,12.78,86.08,25.023758865248222,9.51,33.09,2.1901418439716314,0.78,4.47,293.49,2.0814893617021277,0.0,27.64,176.094,1.2488936170212765,0.0,16.584,16.047111662105348,7.526301119283763,19.974756163895286,0.3060896085630953,48,19,40,0,774.7855632855942,5.494933072947477,0.9542171223864981,12.870473839626644,110.99649820726417,0.7872092071437174,0.0,5.548217092617254,663.78906507833,4.707723865803759,0.0,12.870473839626644,1109.9649820726418,6637.890650783301,7747.8556328559425,598.6915632855942,0.14326092723845665,0.8567390727615434,1.2,32.0,32.0,38.4,7950.0,305280.0,924.9708183938682,5531.575542319418,6456.546360713286
Sonora,Opodepe,45,Ures,142,Frijol,2016,2017,30.034873,-110.874475,803.0,2,2.0,0.0,1050.331579332292,7.4491601371084535,2.5959650430431744,13.15978384226398,27.12358156028369,17.41,34.51,34.56978723404256,26.23,45.16,19.677375886524825,8.28,25.68,42.12822695035461,8.75,84.15,26.26382978723404,7.23,33.04,2.2366666666666664,0.88,5.79,231.81000000000003,1.6440425531914895,0.0,24.92,185.448,1.3152340425531917,0.0,19.936000000000003,16.37478146805937,5.8878195758943415,19.200352486210274,0.22070173320635028,38,17,66,0,840.1041595028651,5.958185528389114,0.908587765065111,15.133751418603577,104.65428353963652,0.7422289612740179,0.0,6.904000000000001,735.4498759632282,5.215956567115094,0.0,15.133751418603577,1046.5428353963653,7354.498759632283,8401.041595028648,654.6561595028651,0.12457298580876698,0.8754270141912327,1.35,38.0,38.0,51.3,8500.0,436050.0,775.2169151084187,5447.776858986876,6222.993774095295
Sonora,Opodepe,45,Ures,142,Frijol,2017,2018,30.034873,-110.874475,803.0,1,1.0,0.0,1031.8523846289834,7.3181020186452725,2.650279336865402,11.571679178107395,27.18404255319149,14.415,35.129999999999995,34.357517730496454,19.36,45.76,20.010567375886524,8.17,26.4,43.78290780141844,5.56,88.39,25.77645390070922,11.39,33.34,2.1565957446808515,0.82,4.53,251.22000000000003,1.7817021276595746,0.0,19.78,150.732,1.0690212765957448,0.0,11.868,16.05696432901709,8.462545795237359,19.74215653446027,0.2434650573495836,45,18,63,0,816.7208148263255,5.792346204442025,1.1976647714707798,13.307431054823503,120.3461415689148,0.8535187345313107,0.0,6.353231560965211,696.3746732574109,4.9388274699107155,0.0,13.307431054823503,1203.461415689148,6963.746732574109,8167.208148263257,665.9888148263256,0.1473528522650745,0.8526471477349258,1.3,36.0,36.0,46.8,9200.0,430560.0,925.7395505301138,5356.728255826238,6282.4678063563515
Sonora,Opodepe,45,Ures,142,Frijol,2018,2019,30.034873,-110.874475,803.0,4,3.142857142857143,0.8571428571428571,1039.1012595578318,7.369512479133559,2.9044613015977396,11.380934562226887,27.38187943262411,16.53,33.760000000000005,34.29673758865248,23.58,43.51,20.467021276595744,8.44,26.46,44.768936170212775,6.78,84.81,25.865106382978723,7.32,32.98,2.144255319148936,0.84,4.63,320.26000000000005,2.2713475177304967,0.0,21.4,192.15599999999998,1.3628085106382977,0.0,12.839999999999998,16.14327024656665,6.248541516216145,19.96704127272528,0.30820865344372705,45,19,71,0,835.0329876876931,5.922219770834703,1.0691246187674577,13.088074746560919,102.70517695425328,0.728405510313853,0.0,8.467739969958341,732.3278107334398,5.19381426052085,0.0,13.088074746560919,1027.0517695425328,7323.278107334399,8350.329876876931,642.8769876876931,0.12299535284067792,0.8770046471593221,1.33,20.0,20.0,26.6,13500.0,359100.0,772.2193755958893,5506.224140852931,6278.44351644882
Sonora,Opodepe,45,Ures,142,Frijol,2020,2021,30.034873,-110.874475,803.0,2,1.25,0.0,1125.690876486873,7.983623237495554,2.401947668362043,11.3188215890291,28.65553191489362,22.240000000000002,34.269999999999996,36.37737588652483,26.86,43.19,20.93368794326241,13.09,25.37,37.83085106382978,11.38,80.82,26.386382978723407,9.03,33.85,2.33822695035461,0.86,4.32,169.57000000000002,1.2026241134751774,0.0,13.87,135.65600000000003,0.9620992907801421,0.0,11.096,16.369969253888915,6.995778006989204,19.332745437656296,0.15063638121435677,35,11,94,0,892.3816125268735,6.32894760657357,0.8406816839267149,13.016644827383464,91.07740940118194,0.6459390737672478,0.0,7.868470925183222,801.3042031256914,5.683008532806322,0.0,13.016644827383464,910.7740940118194,8013.042031256914,8923.816125268733,756.7256125268734,0.10206105563211523,0.8979389443678846,1.64,5.0,5.0,8.2,19580.0,160556.0,555.3500573242802,4886.001238571289,5441.351295895569
Sonora,Opodepe,45,Ures,142,Frijol,2021,2022,30.034873,-110.874475,803.0,4,3.125,0.75,1001.0448718922469,7.099609020512389,2.567851038126724,11.96486104702448,27.104361702127658,19.145,33.76,33.90780141843972,24.29,43.97,20.3009219858156,8.41,24.52,47.281418439716305,6.58,89.77,25.39496453900709,10.48,32.88,2.1034042553191483,0.75,4.54,312.78999999999996,2.2183687943262407,0.0,29.95,187.67399999999998,1.3310212765957445,0.0,17.97,15.994734598925556,8.052123896780364,19.306678758499277,0.31246351565513925,53,16,49,0,793.8357477046916,5.630040763863061,0.8987478633443534,13.759590204078151,106.26524289985284,0.7536542049634953,0.0,6.6704970583373315,687.5705048048387,4.876386558899565,0.0,13.759590204078151,1062.6524289985284,6875.705048048387,7938.357477046915,606.1617477046916,0.13386301033571457,0.8661369896642854,1.1,10.0,10.0,11.0,19850.0,218350.0,966.0476627259349,6250.64095277126,7216.688615497195
Sonora,Opodepe,45,Ures,142,Cacahuate,2010,2011,30.034873,-110.874475,803.0,0,0.0,0.0,1240.3990902499954,7.2537958494151775,1.955410078181024,11.00554544445029,26.738157894736844,15.03,34.17,34.020409356725146,23.14,41.99,19.455906432748538,6.57,26.35,42.18643274853801,9.85,90.56,25.589415204678367,8.01,33.19,2.267777777777778,0.97,5.21,296.9,1.7362573099415204,0.0,29.6,178.14000000000001,1.0417543859649123,0.0,17.76,15.715383523537916,6.22185689977122,19.561874521973582,0.23935844707864262,44,17,80,0,986.3845459973647,5.768330678347162,1.1732460469086143,12.656377261117832,105.35124681978704,0.6160891626888131,0.0,6.693348577651079,881.0332991775776,5.152241515658349,0.0,12.656377261117832,1053.5124681978705,8810.332991775776,9863.845459973647,808.2445459973648,0.10680545153235653,0.8931945484676435,2.45,22.0,22.0,53.9,12500.0,673750.0,430.00508906035526,3596.0542823574597,4026.059371417815
Sonora,Opodepe,45,Ures,142,Cacahuate,2011,2012,30.034873,-110.874475,803.0,4,3.4,1.0,1283.5685036510063,7.50624855936261,3.1976167200929835,11.795646457021501,27.033245614035085,17.84,34.894999999999996,34.72222222222222,25.1,43.66,19.344269005847952,8.53,26.89,37.43883040935673,6.37,79.13,25.48783625730994,13.27,33.27,2.2887134502923976,0.75,6.95,233.57,1.365906432748538,0.0,21.14,186.856,1.0927251461988303,0.0,16.912000000000003,15.425519389620591,9.551131548902063,19.376554619790298,0.18196925161035746,41,17,87,0,1004.3945345875757,5.87365224905015,2.491177616108019,13.564993425574725,147.91114954344158,0.8649774827101847,0.0,11.973257444443142,856.4833850441341,5.008674766339966,0.0,13.564993425574725,1479.1114954344157,8564.83385044134,10043.945345875756,817.5385345875757,0.14726399283343058,0.8527360071665695,2.4,11.0,11.0,26.4,14000.0,369600.0,616.2964564310066,3568.680771017225,4184.977227448232
Sonora,Opodepe,45,Ures,142,Cacahuate,2012,2013,30.034873,-110.874475,803.0,2,2.0,0.0,1196.485075979417,6.9969887484176425,2.948483805749714,13.293174602561093,26.349181286549708,19.57,34.185,33.44099415204679,24.94,42.9,19.257368421052632,10.4,25.47,44.68502923976608,6.97,86.85,24.972748538011697,11.27,33.15,2.1297076023391814,0.97,4.7,326.70000000000005,1.9105263157894739,0.0,15.04,196.01999999999998,1.1463157894736842,0.0,9.024,15.367982492489988,7.860790663839618,19.48865232656843,0.273049791057837,59,26,69,0,938.5738092536494,5.488735726629529,1.7690902834498283,15.287150792945257,148.55348323408967,0.8687338200823957,0.0,7.926,790.0203260195599,4.620001906547134,0.0,15.287150792945257,1485.5348323408966,7900.203260195599,9385.738092536496,742.5538092536494,0.15827576027528284,0.8417242397247173,2.44,15.0,15.0,36.6,14120.0,516792.0,608.8257509593839,3237.788221391639,3846.613972351023
Sonora,Opodepe,45,Ures,142,Cacahuate,2013,2014,30.034873,-110.874475,803.0,1,1.0,0.0,1245.3394697313138,7.2826869574930635,2.809126042064416,11.731337407864489,26.74725146198831,18.09,33.91,34.13362573099415,25.21,45.94,19.360877192982457,9.31,25.71,41.25461988304093,9.93,85.66,25.098187134502925,11.9,32.78,2.294970760233918,0.92,5.09,241.46,1.412046783625731,0.0,25.46,193.168,1.1296374269005849,0.0,20.368000000000002,15.390080055362892,7.9130282849345175,19.44445654582396,0.1938909075547857,39,17,67,0,983.7030438244844,5.752649379090553,1.6854756252386496,12.993526044310153,126.42560016032996,0.739330995089649,0.0,7.753360434757571,857.2774436641545,5.013318384000903,0.0,12.993526044310153,1264.2560016032996,8572.774436641545,9837.030438244845,790.5350438244844,0.1285200863756677,0.8714799136243323,2.52,15.0,15.0,37.8,14000.0,529200.0,501.6888895251189,3401.8946177148987,3903.5835072400178
Sonora,Opodepe,45,Ures,142,Cacahuate,2014,2015,30.034873,-110.874475,803.0,3,2.4444444444444446,0.5555555555555556,1172.3685381348791,6.855956363361867,1.1380088857181274,13.622159828274055,26.306111111111107,18.25,35.144999999999996,32.97011695906433,23.09,44.36,19.642105263157895,9.53,25.93,48.122163742690056,7.56,92.63,24.60035087719298,2.56,32.5,2.146198830409357,0.53,5.12,455.21,2.6620467836257307,0.0,72.89,273.126,1.5972280701754384,0.0,43.734,15.297269898025554,3.0912381345798092,19.473317630268298,0.38828234057201283,63,25,56,0,922.4899118682237,5.394677847182595,0.6828053314308764,13.279388321605168,144.88356151663186,0.8472722895709466,0.0,7.092,777.6063503515917,4.547405557611647,0.0,13.279388321605168,1448.8356151663186,7776.063503515917,9224.899118682235,649.3639118682237,0.15705706875776465,0.8429429312422352,1.43,22.0,22.0,31.46,14100.0,443586.0,1013.1717588575655,5437.806645815326,6450.978404672892
Sonora,Opodepe,45,Ures,142,Cacahuate,2015,2016,30.034873,-110.874475,803.0,0,0.0,0.0,1094.5519955451743,6.400888862837277,2.015751003743174,11.191716382284039,25.93453216374269,17.375,33.31,32.36456140350877,23.54,43.06,19.50450292397661,7.52,24.79,52.57479532163743,12.78,91.46,23.808771929824562,8.82,33.09,2.1787134502923973,0.78,4.47,380.80999999999995,2.226959064327485,0.0,39.39,228.486,1.3361754385964912,0.0,23.634,15.212571403204109,6.703613681994579,19.974756163895286,0.3479140338237894,52,21,43,0,868.3566451805664,5.078109036143663,1.2094506022459044,12.770947542133554,133.72425116413314,0.782013164702533,0.0,5.548217092617254,734.6323940164333,4.29609587144113,0.0,12.770947542133554,1337.2425116413315,7346.323940164333,8683.566451805666,639.8706451805664,0.15399692270026502,0.846003077299735,1.8,40.0,40.0,72.0,14700.0,1058400.0,742.9125064674064,4081.291077869074,4824.20358433648
Sonora,Opodepe,45,Ures,142,Cacahuate,2016,2017,30.034873,-110.874475,803.0,2,2.0,0.0,1214.32753782732,7.101330630569122,2.5959650430431744,13.15978384226398,26.846023391812867,17.41,34.51,34.27871345029239,26.23,45.16,19.413333333333334,8.28,25.68,42.08789473684211,8.75,84.15,25.116608187134506,7.23,33.04,2.178011695906433,0.88,5.79,243.26,1.4225730994152046,0.0,24.92,194.608,1.1380584795321638,0.0,19.936000000000003,15.491830317287135,5.8878195758943415,19.200352486210274,0.20032486493326326,39,18,69,0,952.2140520636531,5.568503228442416,1.5575790258259046,15.133751418603577,132.7058206760483,0.7760574308540835,0.0,6.904000000000001,819.5082313876048,4.792445797588332,0.0,15.133751418603577,1327.0582067604828,8195.082313876048,9522.14052063653,757.6060520636531,0.1393655348694405,0.8606344651305595,2.25,28.0,28.0,63.0,14800.0,932400.0,589.8036474491034,3642.258806167132,4232.062453616236
Sonora,Opodepe,45,Ures,142,Cacahuate,2017,2018,30.034873,-110.874475,803.0,1,1.0,0.0,1220.8058424709347,7.139215453046402,2.650279336865402,11.571679178107395,27.0180701754386,14.415,35.129999999999995,34.33842105263158,19.36,45.76,19.697719298245616,8.17,26.4,42.00345029239766,5.56,88.39,25.01046783625731,11.39,33.34,2.145029239766082,0.82,4.53,251.82999999999998,1.4726900584795322,0.0,19.78,151.09799999999998,0.8836140350877192,0.0,11.868,15.327918456842276,8.462545795237359,19.74215653446027,0.2062817781820991,45,18,75,0,946.9585074555508,5.5377690494476655,1.594341394907281,12.646099981397226,129.4141416335192,0.7568078458100538,0.0,6.353231560965211,817.5443658220315,4.780961203637611,0.0,12.646099981397226,1294.141416335192,8175.443658220315,9469.585074555507,795.8605074555509,0.13666294839174223,0.8633370516082577,2.1,34.0,34.0,71.4,16000.0,1142400.0,616.2578173024723,3893.0684086763404,4509.3262259788125
Sonora,Opodepe,45,Ures,142,Cacahuate,2018,2019,30.034873,-110.874475,803.0,4,3.142857142857143,0.8571428571428571,1162.939496159628,6.800815767015369,1.425889681214404,11.380934562226887,26.451637426900582,16.53,33.760000000000005,33.17590643274854,19.22,43.51,19.72736842105263,8.44,26.46,48.42456140350876,6.78,88.56,24.545380116959066,4.48,32.98,2.092631578947368,0.84,4.63,429.0300000000001,2.5089473684210533,0.0,33.06,257.418,1.5053684210526317,0.0,19.836000000000002,15.302883110742215,4.186249271079461,19.96704127272528,0.3689185907063821,54,24,71,0,911.2003223383701,5.3286568557799425,0.8555338087286424,12.667779680604353,140.2427585728006,0.8201330910690093,0.0,8.467739969958341,770.9575637655696,4.508523764710933,0.0,12.667779680604353,1402.4275857280059,7709.5756376556965,9112.003223383703,653.7823223383701,0.15390990886932773,0.8460900911306724,1.9,12.0,12.0,22.8,19500.0,444600.0,738.1197819621084,4057.6713882398403,4795.791170201948
Sonora,Opodepe,45,Ures,142,Cacahuate,2019,2020,30.034873,-110.874475,803.0,1,1.0,0.0,1160.4719979613606,6.786385952990413,1.8377277298916752,11.506106059760686,26.198625730994152,17.96,34.714999999999996,33.00011695906433,24.71,42.95,19.397134502923976,8.63,26.52,47.321111111111115,12.08,88.41,24.725321637426905,4.78,32.89,2.158654970760234,0.96,4.18,327.13,1.9130409356725147,0.0,41.28,196.27799999999996,1.1478245614035085,0.0,24.768,15.457137115195136,4.344252569164414,19.421734915381712,0.2818939195212638,48,22,51,0,944.0141608468208,5.520550648227022,1.102636637935005,13.232021968724789,123.40356110452713,0.7216582520732581,0.0,7.312589711607515,820.6105997422937,4.798892396153764,0.0,13.232021968724789,1234.0356110452713,8206.105997422937,9440.14160846821,747.7361608468209,0.13072215039002053,0.8692778496099796,2.38,6.0,6.0,14.28,25500.0,364140.0,518.5023575820468,3447.9436963961925,3966.4460539782394
Sonora,Opodepe,45,Ures,142,Cacahuate,2022,2023,30.034873,-110.874475,803.0,4,3.0,0.8333333333333334,1077.7905341204087,6.302868620587185,1.9497150077048013,11.243683281948039,25.837163742690063,17.715,32.7,32.24269005847953,22.83,42.81,19.431637426900586,11.83,25.22,54.087836257309945,3.41,92.85,23.786198830409354,8.33,32.92,1.9439181286549705,0.69,4.18,561.6,3.2842105263157895,0.0,55.95,336.96,1.9705263157894735,0.0,33.57,15.063638492647941,6.633777787583718,19.364408559698468,0.5210659977249894,76,29,50,0,840.1380333939717,4.913087914584629,1.1698290046228808,11.993950172213554,195.18933498850595,1.141458099347988,0.0,8.172272892960457,644.9486984054657,3.7716298152366416,0.0,11.993950172213554,1951.8933498850595,6449.486984054657,8401.380333939716,503.1780333939717,0.232330078189633,0.767669921810367,1.95,22.0,22.0,42.9,30000.0,1287000.0,1000.9709486590049,3307.4292225921317,4308.400171251136
Sonora,Opodepe,45,Ures,142,Cacahuate,2023,2024,30.034873,-110.874475,803.0,4,2.625,0.375,1345.8075981655277,7.870219872313028,3.262214637637328,12.228479836732706,28.505818713450296,19.735,35.370000000000005,36.470233918128656,25.82,45.09,20.54140350877193,11.01,26.95,33.39783625730995,8.13,80.39,25.499298245614035,10.48,32.48,2.3634502923976606,1.05,4.81,147.03000000000003,0.8598245614035089,0.0,27.56,117.62400000000002,0.6878596491228072,0.0,22.048000000000002,15.473901418910966,7.654826965518795,19.211093877989313,0.10925038631110186,34,7,108,0,1088.9323428061584,6.368025396527242,1.9573287825823966,14.062751812242611,86.30909968147986,0.5047315770846775,0.0,5.408,1002.6232431246785,5.863293819442564,0.0,14.062751812242611,863.0909968147987,10026.232431246786,10889.323428061585,971.3083428061584,0.07926029587757759,0.9207397041224223,2.36,7.0,7.0,16.52,28500.0,470820.0,365.71652407406725,4248.403572562198,4614.120096636265
Sonora,Opodepe,45,Ures,142,Agave,2011,2012,30.034873,-110.874475,803.0,4,2.8333333333333335,0.6666666666666666,2244.9321730578076,6.150499104267966,1.0580375711901282,11.795646457021501,21.14480821917808,-3.465,34.894999999999996,29.106767123287668,1.02,43.66,13.182849315068493,-7.95,26.89,35.472,6.37,88.57,21.923753424657537,2.47,33.27,2.457945205479452,0.75,9.18,303.22,0.8307397260273973,0.0,25.7,181.932,0.49844383561643835,0.0,15.419999999999998,12.32977971561145,3.0464680675931675,19.376554619790298,0.13506866872818968,50,20,89,51,1296.2641917157766,3.5514087444267854,0.6348225427140769,7.0773878742129,110.0954689200489,0.3016314216987641,0.0,6.246916927535552,1186.1687227957277,3.249777322728021,0.0,7.0773878742129,1100.954689200489,11861.687227957278,12962.641917157767,1114.3321917157766,0.08493289379098178,0.9150671062090182,0.0,2.0,0.0,0.0,0.0,0.0,,,
Sonora,Opodepe,45,Ures,142,Agave,2012,2013,30.034873,-110.874475,803.0,2,1.5833333333333333,0.0,2156.038787763377,5.890816360009227,1.3794401592246381,13.293174602561093,21.325491803278688,6.03,34.185,29.002185792349724,10.82,42.9,13.648797814207652,0.2,25.47,38.275737704918036,6.97,86.85,21.66431693989071,6.21,33.15,2.261830601092896,0.95,5.05,384.27,1.0499180327868851,0.0,15.04,230.56199999999998,0.6299508196721311,0.0,9.024,12.29546032298171,4.46239565269856,19.48865232656843,0.17822963212950008,67,32,73,43,1245.8684474732866,3.4040121515663566,0.8276640955347828,7.975904761536656,142.03707612424722,0.3880794429624241,0.0,4.312167115901362,1103.8313713490393,3.0159327086039323,0.0,7.975904761536656,1420.3707612424723,11038.313713490392,12458.684474732865,1015.3064474732865,0.1140064799074966,0.8859935200925033,0.0,2.0,0.0,0.0,0.0,0.0,,,
Sonora,Opodepe,45,Ures,142,Agave,2013,2014,30.034873,-110.874475,803.0,1,1.0,0.0,2170.5436465047655,5.946694921930865,1.2750113536349983,11.731337407864489,20.970589041095888,2.51,33.91,28.69556164383562,9.09,45.94,13.245616438356164,-4.97,25.71,39.05024657534246,5.7,88.32,21.578465753424652,5.74,32.78,2.4494794520547942,0.92,5.43,306.67,0.8401917808219178,0.0,25.46,184.00199999999998,0.5041150684931507,0.0,15.276,12.319804523702055,4.135217899515165,19.44445654582396,0.14128718420098663,49,22,69,55,1259.3772740035631,3.450348695900173,0.5573416875404406,7.038802444718693,103.89913114691313,0.2846551538271593,0.0,4.37185823970923,1155.47814285665,3.1656935420730137,0.0,7.038802444718693,1038.9913114691312,11554.7814285665,12593.772740035633,1075.3752740035632,0.08250040181892243,0.9174995981810776,0.0,2.0,0.0,0.0,0.0,0.0,,,
Sonora,Opodepe,45,Ures,142,Agave,2014,2015,30.034873,-110.874475,803.0,3,2.25,0.3125,2116.0480776363293,5.797391993524189,1.1380088857181274,13.622159828274055,21.702342465753425,6.57,35.144999999999996,29.035808219178083,13.81,44.36,14.368876712328765,-0.67,25.93,41.33841095890411,6.33,92.63,21.301068493150684,2.56,32.5,2.2446301369863013,0.53,5.55,473.46000000000004,1.2971506849315069,0.0,72.89,284.07599999999996,0.778290410958904,0.0,43.734,12.243312986414322,3.0912381345798092,19.473317630268298,0.2237472791869951,68,26,57,16,1216.8548304297053,3.3338488504923434,0.6828053314308764,8.173295896964433,135.8618174072541,0.37222415728014824,0.0,3.963268145445568,1080.9930130224514,2.9616246932121957,0.0,8.173295896964433,1358.618174072541,10809.930130224513,12168.548304297054,932.7788304297053,0.11164997993990583,0.8883500200600943,0.0,2.0,0.0,0.0,0.0,0.0,,,
Sonora,Opodepe,45,Ures,142,Agave,2016,2017,30.034873,-110.874475,803.0,2,1.7333333333333334,0.0,2196.0640429140813,6.000174980639566,1.1846201539778514,13.15978384226398,22.04204918032787,6.3100000000000005,34.51,29.868387978142078,11.16,45.16,14.215710382513663,-2.38,25.68,37.93530054644809,8.75,87.45,21.634836065573772,3.82,33.04,2.3252732240437157,0.88,5.79,315.18,0.8611475409836066,0.0,24.92,189.108,0.5166885245901639,0.0,14.952,12.353358383017925,3.5503669517081473,19.200352486210274,0.14352040461523602,49,25,74,32,1264.4215755730888,3.4547037583964175,0.47384806159114057,7.895870305358388,99.95532102830701,0.27310197002269676,0.0,3.882311165707864,1164.4662545447818,3.1816017883737207,0.0,7.895870305358388,999.5532102830701,11644.662545447818,12644.215755730887,1075.3135755730889,0.07905221087595178,0.9209477891240482,0.0,2.0,0.0,0.0,0.0,0.0,,,
Sonora,Opodepe,45,Ures,142,Nuez,2010,2011,30.034873,-110.874475,803.0,0,0.0,0.0,1479.9649169186928,7.01405173895115,1.955410078181024,11.00554544445029,25.184715639810427,11.76,34.17,32.67630331753554,17.32,41.99,17.69312796208531,4.34,26.35,41.33952606635071,9.85,90.56,25.25440758293839,8.01,33.19,2.329383886255924,0.97,5.21,301.22,1.4275829383886258,0.0,29.6,180.732,0.8565497630331753,0.0,17.76,15.359398792191877,6.22185689977122,19.561874521973582,0.20353185170574462,45,17,80,1,1430.543501567763,6.779827021648166,1.2710165508176656,12.10609998889532,122.15880952827378,0.5789517039254681,0.0,7.731159451122987,1308.3846920394892,6.200875317722698,0.0,12.10609998889532,1221.5880952827379,13083.846920394892,14305.435015677629,1249.8115015677631,0.08539328541522669,0.9146067145847733,2.5,50.0,50.0,125.0,40000.0,5000000.0,488.63523811309517,5233.538768157957,5722.174006271052
Sonora,Opodepe,45,Ures,142,Nuez,2011,2012,30.034873,-110.874475,803.0,4,3.5,1.0,1576.576594236215,7.471926986901493,3.1976167200929835,11.795646457021501,26.036824644549764,11.89,34.894999999999996,33.97175355450237,18.09,43.66,18.101895734597157,3.5,26.89,35.388672985781994,6.37,79.13,25.506161137440756,13.27,33.27,2.3802843601895733,0.75,6.95,238.4,1.1298578199052134,0.0,21.14,190.72,0.9038862559241706,0.0,16.912000000000003,15.203438115442529,8.748094534544451,19.376554619790298,0.15121371259193073,42,17,89,1,1503.7317905927605,7.12669095067659,1.9225868253945853,12.975211102723652,155.79133681564304,0.7383475678466495,0.0,11.45268103381518,1347.9404537771175,6.388343382829941,0.0,12.975211102723652,1557.9133681564304,13479.404537771174,15037.317905927604,1313.0117905927605,0.10360314105897248,0.8963968589410275,2.3,50.0,50.0,115.0,50000.0,5750000.0,677.3536383288828,5860.610668596163,6537.964306925046
Sonora,Opodepe,45,Ures,142,Nuez,2012,2013,30.034873,-110.874475,803.0,2,2.0,0.0,1482.2577674661507,7.024918329223463,2.948483805749714,13.293174602561093,25.4221327014218,13.575,34.185,32.86203791469194,20.5,42.9,17.982227488151658,3.49,25.47,40.79350710900474,6.97,86.85,25.14625592417061,11.27,33.15,2.1966350710900477,0.97,4.7,326.71000000000004,1.5483886255924173,0.0,15.04,196.026,0.9290331753554503,0.0,9.024,15.158096323151677,7.860790663839618,19.48865232656843,0.22041375472667976,59,26,73,1,1420.6518771670121,6.732947285151716,1.916514473737314,14.622492062817203,168.6710346826091,0.7993887899649721,0.0,7.905639712485832,1251.9808424844032,5.933558495186745,0.0,14.622492062817203,1686.7103468260912,12519.808424844032,14206.518771670122,1224.625877167012,0.11872791455353851,0.8812720854464616,2.5,82.0,50.0,125.0,55000.0,6875000.0,674.6841387304364,5007.923369937613,5682.607508668049
Sonora,Opodepe,45,Ures,142,Nuez,2013,2014,30.034873,-110.874475,803.0,1,1.0,0.0,1533.6779956130313,7.268616092952755,2.809126042064416,11.731337407864489,25.61419431279621,14.379999999999999,33.91,33.345924170616115,20.78,45.94,17.882464454976304,6.09,25.71,37.77033175355451,5.7,85.66,25.32744075829384,11.9,32.78,2.365402843601896,0.92,5.43,242.47000000000003,1.1491469194312798,0.0,25.46,193.976,0.9193175355450237,0.0,20.368000000000002,15.189296090514532,7.9130282849345175,19.44445654582396,0.15809707167578002,39,17,69,0,1472.0761421813497,6.976664180954264,1.8259319273418704,12.904471148650938,137.7929849262074,0.6530473219251536,0.0,7.4162578071594165,1334.2831572551422,6.32361685902911,0.0,12.904471148650938,1377.929849262074,13342.831572551422,14720.761421813497,1278.1001421813498,0.09360452287612188,0.906395477123878,2.6,82.0,50.0,130.0,55500.0,7215000.0,529.9730189469515,5131.8582971351625,5661.831316082114
Sonora,Opodepe,45,Ures,142,Nuez,2014,2015,30.034873,-110.874475,803.0,3,2.3636363636363638,0.45454545454545453,1442.6661769772963,6.837280459608039,1.1380088857181274,13.622159828274055,25.330236966824646,14.32,35.144999999999996,32.31995260663507,21.15,44.36,18.34052132701422,6.16,25.93,44.70232227488152,6.33,92.63,24.623127962085306,2.56,32.5,2.199004739336493,0.53,5.12,456.37,2.1628909952606636,0.0,72.89,273.822,1.297734597156398,0.0,43.734,15.03977823678213,3.0912381345798092,19.473317630268298,0.31633790774536336,63,25,57,0,1400.816227165513,6.638939465239399,0.7397057757167829,14.984375811101462,159.555672083499,0.7561880193530758,0.0,7.092,1241.260555082014,5.882751445886322,0.0,14.984375811101462,1595.5567208349898,12412.605550820139,14008.162271655128,1126.9942271655132,0.1139019301670659,0.886098069832934,1.8,82.0,50.0,90.0,56000.0,5040000.0,886.4204004638832,6895.891972677855,7782.312373141738
Sonora,Opodepe,45,Ures,142,Nuez,2015,2016,30.034873,-110.874475,803.0,0,0.0,0.0,1348.777386048414,6.392309886485374,2.015751003743174,11.191716382284039,24.893412322274884,14.969999999999999,33.31,31.613933649289105,19.75,43.06,18.172890995260662,7.01,24.79,49.34085308056873,12.78,91.46,23.973696682464453,8.82,33.09,2.2291469194312796,0.78,4.47,389.05,1.8438388625592417,0.0,39.39,233.43,1.106303317535545,0.0,23.634,15.026039420292205,6.703613681994579,19.974756163895286,0.2884464137850211,54,21,43,0,1298.0371980096613,6.151835061657163,1.3102381524330633,12.310888020512444,147.38874532402724,0.6985248593555793,0.0,6.644036928414142,1150.648452685634,5.453310202301584,0.0,12.310888020512444,1473.8874532402724,11506.48452685634,12980.371980096614,1064.6071980096613,0.11354739721637024,0.8864526027836298,2.42,88.0,50.0,121.0,53500.0,6473500.0,609.0444021654018,4754.745672254686,5363.790074420088
Sonora,Opodepe,45,Ures,142,Nuez,2016,2017,30.034873,-110.874475,803.0,2,2.0,0.0,1490.6538584668265,7.0647102297006,2.5959650430431744,13.15978384226398,25.897322274881518,14.77,34.51,33.57156398104266,21.66,45.16,18.223080568720377,5.59,25.68,39.45677725118484,8.75,84.15,25.088104265402844,7.23,33.04,2.25,0.88,5.79,243.97,1.156255924170616,0.0,24.92,195.176,0.9250047393364929,0.0,19.936000000000003,15.23362548311102,5.8878195758943415,19.200352486210274,0.16366643309864642,39,18,74,0,1426.185810377704,6.759174456766369,2.1450511242560917,14.47576222649038,136.6515770142563,0.6476378057547693,0.0,6.882726447139119,1289.5342333634478,6.111536651011601,0.0,14.47576222649038,1366.515770142563,12895.342333634479,14261.858103777042,1231.009810377704,0.09581611036928363,0.9041838896307165,2.7,137.0,50.0,135.0,65000.0,8775000.0,506.1169519046529,4776.052716160918,5282.1696680655705
Sonora,Opodepe,45,Ures,142,Nuez,2017,2018,30.034873,-110.874475,803.0,1,1.0,0.0,1531.392299863784,7.2577834116767015,2.650279336865402,11.571679178107395,26.308127962085305,14.415,35.129999999999995,33.96672985781991,19.36,45.76,18.649526066350713,6.24,26.4,37.885829383886254,5.56,88.39,25.263459715639808,11.39,33.34,2.2375355450236967,0.82,4.87,251.84000000000003,1.1935545023696683,0.0,19.78,151.10399999999998,0.7161327014218009,0.0,11.868,15.111359084505036,8.462545795237359,19.74215653446027,0.16445165619704433,45,18,84,0,1444.8809178717902,6.847776861951612,2.4200024240026745,12.728847095918136,128.24150030778122,0.6077796223117593,0.0,6.077004101792811,1316.6394175640091,6.2399972396398535,0.0,12.728847095918136,1282.4150030778123,13166.39417564009,14448.809178717904,1293.7769178717901,0.088755757461779,0.9112442425382211,2.1,136.5,50.0,105.0,75000.0,7875000.0,610.6738109894344,6269.7115122095665,6880.385323199001
Sonora,Opodepe,45,Ures,142,Nuez,2018,2019,30.034873,-110.874475,803.0,4,3.3333333333333335,0.8888888888888888,1448.8885189509615,6.866770231995078,1.425889681214404,11.380934562226887,25.697559241706163,16.53,33.760000000000005,32.71938388625592,19.22,43.51,18.6757345971564,8.14,26.46,44.7532701421801,6.78,88.56,24.65009478672986,4.48,32.98,2.1754028436018955,0.84,4.63,434.6,2.0597156398104266,0.0,33.06,260.76000000000005,1.2358293838862562,0.0,19.836000000000002,15.068712338676283,4.186249271079461,19.96704127272528,0.2999540643159098,55,24,74,0,1394.0174286690228,6.60671767141717,0.9268282927893626,12.519028018449577,149.01480016767164,0.7062312804155054,0.0,8.09957736256885,1245.0026285013512,5.900486391001665,0.0,12.519028018449577,1490.1480016767164,12450.026285013511,13940.174286690228,1133.2574286690228,0.10689593767127266,0.8931040623287273,2.6,136.5,136.5,354.9,92150.0,32704035.0,573.1338467987371,4788.47164808212,5361.605494880857
Sonora,Opodepe,45,Ures,142,Nuez,2019,2020,30.034873,-110.874475,803.0,1,1.0,0.0,1436.344384838077,6.807319359422166,1.8377277298916752,11.506106059760686,25.161753554502365,15.399999999999999,34.714999999999996,32.3239336492891,21.06,42.95,17.99957345971564,7.1,26.52,44.12587677725119,12.08,88.41,24.848578199052128,4.78,32.89,2.255924170616114,0.96,4.81,328.15999999999997,1.555260663507109,0.0,41.28,196.896,0.9331563981042653,0.0,24.768,15.249319302616453,4.344252569164414,19.421734915381712,0.22846888494432643,49,22,55,0,1386.0476969616898,6.568946431098055,1.194523024429589,12.656716665736756,133.82309047379735,0.6342326562739211,0.0,6.994651028494146,1252.2246064878923,5.934713774824134,0.0,12.656716665736756,1338.2309047379736,12522.246064878924,13860.476969616897,1189.1516969616898,0.09655013371267569,0.9034498662873242,2.3,136.5,136.5,314.5,95000.0,29877500.0,581.839523799119,5444.454810816924,6026.294334616043
Sonora,Opodepe,45,Ures,142,Nuez,2020,2021,30.034873,-110.874475,803.0,2,1.5,0.0,1587.071907654562,7.521667808789394,2.401947668362043,11.3188215890291,27.0228672985782,9.969999999999999,34.269999999999996,34.98113744075829,16.95,43.19,19.0645971563981,2.99,25.37,35.46668246445498,11.38,80.82,25.489573459715636,9.03,33.85,2.322843601895735,0.86,4.32,172.57999999999998,0.8179146919431279,0.0,13.87,138.064,0.6543317535545023,0.0,11.096,15.314410919701698,6.995778006989204,19.332745437656296,0.10874113464401595,37,11,125,3,1526.6444768062902,7.2352818805985315,1.9964010700447894,12.450703747932012,115.57579390294322,0.5477525777390674,0.0,7.526363493653518,1411.0686829033466,6.6875293028594625,0.0,12.450703747932012,1155.7579390294322,14110.686829033466,15266.444768062898,1388.58047680629,0.07570576886684546,0.9242942311331543,1.79,186.5,136.5,244.0,86735.66,21163501.04,645.6748262734258,7883.065267616461,8528.740093889886
Sonora,Opodepe,45,Ures,142,Nuez,2021,2022,30.034873,-110.874475,803.0,4,3.3,0.8,1442.829911491873,6.838056452568118,2.445709731631361,11.96486104702448,25.495663507109004,15.72,33.76,32.66549763033175,22.88,43.97,18.325829383886255,7.77,24.52,43.85014218009479,6.58,89.77,24.62137440758294,7.82,32.88,2.2085308056872037,0.75,5.47,330.75,1.5675355450236967,0.0,29.95,198.45,0.940521327014218,0.0,17.97,15.038374645862467,6.1130558672103,19.306678758499277,0.22923699970844624,58,17,52,0,1370.5969475864658,6.495720130741544,1.5897113255603847,13.161347151726929,145.78655694528683,0.690931549503729,0.0,6.380475447105274,1224.8103906411793,5.804788581237816,0.0,13.161347151726929,1457.8655694528684,12248.103906411794,13705.969475864662,1172.1469475864658,0.1063671980314911,0.8936328019685091,1.25,186.5,136.5,170.63,94117.65,16059294.62,1166.2924555622947,9798.483125129434,10964.775580691728
Sonora,Opodepe,45,Ures,142,Nuez,2022,2023,30.034873,-110.874475,803.0,4,3.0,0.875,1368.9350235460684,6.487843713488475,1.9497150077048013,12.009153866906155,25.02277251184834,15.97,32.7,31.937725118483414,22.35,42.81,18.10781990521327,6.57,25.22,49.002985781990525,3.41,92.85,24.196255924170615,8.33,32.92,2.081042654028436,0.69,4.81,562.0,2.6635071090047395,0.0,55.95,337.20000000000005,1.598104265402844,0.0,33.57,14.913175307877353,6.241881535059568,19.364408559698468,0.41053811198737816,76,29,55,0,1309.774388631024,6.207461557493005,1.4810005248822524,12.368051610142844,205.35347263027091,0.9732392067785351,0.0,7.816956680223047,1104.420916000753,5.23422235071447,0.0,12.368051610142844,2053.5347263027093,11044.209160007531,13097.74388631024,972.574388631024,0.15678537801071704,0.8432146219892829,2.01,186.5,136.5,275.0,78000.0,21450000.0,1021.6590678122933,5494.63142288932,6516.290490701613
Sonora,Opodepe,45,Ures,142,Nuez,2023,2024,30.034873,-110.874475,803.0,4,2.625,0.375,1636.0919006927456,7.75399005067652,2.8310935605005385,12.228479836732706,27.253199052132707,13.1,35.370000000000005,35.445213270142176,20.98,45.09,19.061184834123225,3.59,26.95,31.75767772511848,8.13,80.39,25.5818009478673,10.48,32.48,2.3925118483412326,1.05,4.81,159.57999999999998,0.7563033175355449,0.0,27.56,127.664,0.605042654028436,0.0,22.048000000000002,15.251383400353559,7.201642359120495,19.211093877989313,0.09753730822359762,35,8,114,1,1563.1569166708005,7.408326619292893,1.8402108143253502,13.451327820405979,97.07654163703306,0.46007839638404296,0.0,5.841739885358349,1466.0803750337673,6.94824822290885,0.0,13.451327820405979,970.7654163703306,14660.803750337673,15631.569166708003,1435.4929166708005,0.06210287694199373,0.9378971230580062,1.8,186.0,136.0,244.8,79887.76,19556523.65,539.3141202057392,8144.890972409818,8684.205092615557
