Estado,Municipio,IdMunicipio,DDR,IdDDR,Cultivo,Anio,AnioFin,Lat,Lon,Z_m,max_intensidad_sequia,indice_estres_sequia_acumulado,fraccion_quincenas_sequia_severa,ET0_total_mm,ET0_mean_mm_d,ET0_min_mm_d,ET0_max_mm_d,Tmean_ciclo_mean_C,Tmean_ciclo_min_C,Tmean_ciclo_max_C,Tmax_ciclo_mean_C,Tmax_ciclo_min_C,Tmax_ciclo_max_C,Tmin_ciclo_mean_C,Tmin_ciclo_min_C,Tmin_ciclo_max_C,RH_mean_pct,RH_min_pct,RH_max_pct,Rs_mean_MJ_m2_d,Rs_min_MJ_m2_d,Rs_max_MJ_m2_d,Ws_mean_m_s,Ws_min_m_s,Ws_max_m_s,Ptot_total_mm,Ptot_mean_mm_d,Ptot_min_mm_d,Ptot_max_mm_d,Pef_total_mm,Pef_mean_mm_d,Pef_min_mm_d,Pef_max_mm_d,Rn_mean_MJ_m2_d,Rn_min_MJ_m2_d,Rn_max_MJ_m2_d,ratio_Ptot_ET0,dias_lluvia_ge_1mm,dias_lluvia_ge_5mm,dias_estres_calor,dias_riesgo_helada,ETc_total_mm,ETc_mean_mm_d,ETc_min_mm_d,ETc_max_mm_d,ETverde_total_mm,ETverde_mean_mm_d,ETverde_min_mm_d,ETverde_max_mm_d,ETazul_total_mm,ETazul_mean_mm_d,ETazul_min_mm_d,ETazul_max_mm_d,UACverde_m3_ha,UACazul_m3_ha,UACtotal_m3_ha,deficit_hidrico_mm,frac_verde,frac_azul,Rend_t_ha,SupSembradaTotal_ha,SupCosechadaTotal_ha,VolumenTotal_t,PMR,Valorproduccion,HHverde_m3_ton,HHazul_m3_ton,HHtotal_m3_ton
Sonora,San Miguel de Horcasitas,56,Hermosillo,144,Brócoli,2011,2012,29.478894,-110.788818,473.0,1,1.0,0.0,665.7470346536762,4.895198784218207,1.793425583557417,10.136936014967164,21.722720588235294,9.05,32.725,29.27125,13.51,40.58,14.174191176470586,2.79,25.56,41.88161764705882,11.13,87.41,17.40220588235294,5.15,25.29,2.173088235294118,1.21,6.05,49.23,0.361985294117647,0.0,15.73,39.384,0.28958823529411765,0.0,12.584000000000001,9.32321825424918,4.516656923919706,16.67882356896819,0.073947006051044,11,3,24,11,621.8425807116673,4.572371916997554,1.2553979084901918,10.643782815715523,24.3101708918354,0.17875125655761326,0.0,4.04,597.5324098198319,4.39362066043994,0.0,10.643782815715523,243.101708918354,5975.324098198318,6218.425807116672,582.4585807116673,0.03909377010498966,0.9609062298950102,20.0,5.0,5.0,100.0,4400.0,440000.0,12.466754303505335,306.426876830683,318.89363113418835
Sonora,San Miguel de Horcasitas,56,Hermosillo,144,Brócoli,2012,2013,29.478894,-110.788818,473.0,2,1.5,0.0,674.6360737473241,4.960559365789147,1.155699241331616,8.971432534995174,21.274154411764705,6.38,33.230000000000004,28.805588235294113,12.5,40.64,13.742720588235295,0.26,25.82,42.914926470588235,13.75,86.25,17.204632352941175,2.71,24.96,2.336470588235294,1.04,6.59,122.75,0.9025735294117647,0.0,45.88,98.2,0.7220588235294118,0.0,36.704,9.222258565727536,3.119764527399232,16.68606601729962,0.18194995016820634,19,6,41,15,622.4538436970857,4.57686649777269,1.213484203398197,9.420004161744933,39.110961650119094,0.28758060036852273,0.0,4.539233484744764,583.3428820469667,4.2892858974041665,0.0,9.420004161744933,391.10961650119094,5833.428820469667,6224.538436970858,524.2538436970857,0.06283351295225074,0.9371664870477493,18.5,8.0,8.0,148.0,4730.0,700040.0,21.141060351415728,315.32047678214417,336.4615371335599
Sonora,San Miguel de Horcasitas,56,Hermosillo,144,Brócoli,2013,2014,29.478894,-110.788818,473.0,1,1.0,0.0,626.4847726363652,4.606505681149744,1.594364950773147,7.556292016814256,21.55518382352941,6.205,31.5,28.82095588235294,12.8,39.15,14.289411764705884,-1.24,24.56,44.04573529411764,14.43,89.26,16.775000000000002,4.56,24.43,2.023970588235294,1.04,4.4,89.99000000000001,0.6616911764705883,0.0,21.75,71.99200000000002,0.5293529411764707,0.0,17.400000000000002,9.138577066601037,3.812874309468894,16.50019895454075,0.1436427570638393,14,7,21,12,584.5280963325364,4.298000708327473,1.5146467032344895,6.918223423686702,34.44471701936239,0.253269978083547,0.0,4.4993932580112554,550.083379313174,4.044730730243926,0.0,6.918223423686702,344.44717019362395,5500.83379313174,5845.280963325364,512.5360963325363,0.058927393286099444,0.9410726067139005,18.6,8.0,8.0,148.8,4725.0,703080.0,18.469017168558928,294.9508736263668,313.4198907949257
Sonora,San Miguel de Horcasitas,56,Hermosillo,144,Brócoli,2014,2015,29.478894,-110.788818,473.0,0,0.0,0.0,653.6105297036099,4.805959777232426,1.521881847165269,7.859746695456614,21.500110294117647,9.690000000000001,31.715,28.91779411764706,13.06,39.53,14.082426470588235,3.48,24.95,44.71632352941177,15.14,81.34,17.071029411764705,5.6,25.06,2.2369852941176473,1.03,4.94,120.53999999999999,0.8863235294117646,0.0,31.31,96.432,0.7090588235294117,0.0,25.048000000000002,9.309510516069906,4.189666144197154,16.702513421630016,0.18442175350917428,13,8,19,3,608.0862314846099,4.471222290328014,1.5979759395235327,8.202943089575756,35.27664858799099,0.259387121970522,0.0,4.318925574668866,572.8095828966191,4.211835168357493,0.0,8.202943089575756,352.7664858799099,5728.09582896619,6080.8623148461,511.6542314846099,0.0580125757852878,0.9419874242147125,18.5,16.0,16.0,296.0,6577.0,1946792.0,19.068458696211348,309.62680156574004,328.6952602619514
Sonora,San Miguel de Horcasitas,56,Hermosillo,144,Brócoli,2015,2016,29.478894,-110.788818,473.0,0,0.0,0.0,590.8528023088784,4.344505899329988,1.9154437859739881,7.6850209859961325,21.707573529411764,7.93,32.379999999999995,28.60705882352941,14.01,41.01,14.808088235294118,0.42,23.93,52.28772058823529,18.34,85.69,16.535367647058823,5.01,25.72,2.0632352941176473,0.56,5.59,200.96,1.4776470588235295,0.0,66.11,160.76800000000003,1.1821176470588237,0.0,52.888000000000005,9.323314288946609,4.470034085984732,16.625532261292282,0.34011855273379027,21,8,12,5,552.7190700468816,4.064110809168247,1.459048296477755,7.523773368363135,51.58252320998057,0.37928325889691594,0.0,4.456616455281045,501.136546836901,3.684827550271331,0.0,7.523773368363135,515.8252320998057,5011.36546836901,5527.1907004688155,391.95107004688157,0.09332502894391784,0.9066749710560821,12.5,7.0,7.0,87.5,4650.0,406875.0,41.26601856798445,400.9092374695208,442.1752560375053
Sonora,San Miguel de Horcasitas,56,Hermosillo,144,Brócoli,2016,2017,29.478894,-110.788818,473.0,0,0.0,0.0,546.3855684027671,4.017540944137994,1.753177681646346,6.372031405683758,20.46283088235294,6.855,30.53,27.304411764705883,13.54,38.62,13.621249999999998,-0.26,24.17,55.099705882352936,22.43,87.73,16.023970588235297,4.51,24.18,2.0863970588235294,0.85,4.56,190.37999999999997,1.3998529411764704,0.0,47.68,152.304,1.1198823529411766,0.0,38.144,9.074626316154026,3.956692602046436,16.053932814772804,0.3484352644169066,22,9,15,15,510.3964287356025,3.752914917173548,1.2899887900199,6.690632975967946,46.26064516968319,0.34015180271825873,0.0,3.5625359861147534,464.1357835659193,3.4127631144552892,0.0,6.690632975967946,462.60645169683187,4641.357835659193,5103.964287356025,358.09242873560254,0.09063669446959885,0.9093633055304011,18.0,5.0,5.0,90.0,5200.0,468000.0,25.70035842760177,257.8532130921774,283.55357151977915
Sonora,San Miguel de Horcasitas,56,Hermosillo,144,Brócoli,2018,2019,29.478894,-110.788818,473.0,3,1.6666666666666667,0.16666666666666666,715.8570450788385,5.263654743226754,1.318635504410625,9.354958156307129,24.317610294117646,10.43,32.724999999999994,31.92147058823529,14.76,40.97,16.713749999999997,1.7,25.65,38.380367647058826,12.82,86.17,17.21051470588235,4.44,25.04,2.130073529411765,0.88,5.74,66.1,0.4860294117647058,0.0,26.14,52.88000000000001,0.3888235294117648,0.0,20.912000000000003,9.216187813687759,3.7795592180457245,16.316146621098042,0.09233687152261007,9,4,46,3,671.1827757842815,4.93516746900207,1.3845672796311563,9.822706064122485,23.85581528735485,0.17541040652466802,0.0,4.139582520739263,647.3269604969266,4.7597570624774015,0.0,9.822706064122485,238.55815287354852,6473.269604969266,6711.827757842814,618.3027757842815,0.03554294917577283,0.9644570508242272,16.0,2.0,2.0,32.0,9873.33,315946.56,14.909884554596783,404.5793503105791,419.4892348651759
Sonora,San Miguel de Horcasitas,56,Hermosillo,144,Brócoli,2019,2020,29.478894,-110.788818,473.0,0,0.0,0.0,541.7119669094529,3.9831762272753894,0.9848345926787586,6.77727151851141,20.73397058823529,7.449999999999999,31.645000000000003,27.439852941176472,12.77,40.34,14.028088235294117,1.13,24.38,57.10595588235294,27.75,87.86,16.353529411764704,2.93,25.25,1.8952941176470588,0.91,6.51,204.17000000000002,1.5012500000000002,0.0,45.21,163.336,1.201,0.0,36.168,9.44066503903431,3.2587545978374868,16.39188759773692,0.3768977103548591,16,7,17,6,497.78092701054095,3.660153875077507,0.9355928630448206,7.013441065099298,42.79899984321695,0.3146985282589481,0.0,3.8560000000000003,454.981927167324,3.3454553468185586,0.0,7.013441065099298,427.9899984321695,4549.81927167324,4977.809270105409,334.44492701054094,0.08597958965653708,0.9140204103434629,16.2,2.0,2.0,32.4,9500.0,307800.0,26.419135705689477,280.85304146131114,307.2721771670006
Sonora,San Miguel de Horcasitas,56,Hermosillo,144,Acelga,2010,2011,29.478894,-110.788818,473.0,1,1.0,0.0,692.1682194343264,4.708627343090655,1.4548934893735788,8.278512279914546,20.914489795918367,10.22,31.46,28.358231292517004,15.29,40.42,13.470748299319729,1.82,24.22,41.524421768707484,19.35,87.18,16.54795918367347,5.65,24.43,2.2888435374149654,0.93,7.28,116.85999999999999,0.7949659863945577,0.0,22.06,93.488,0.6359727891156463,0.0,17.648,8.862368906293064,4.376968154595325,15.76894419906259,0.16883179076829571,19,7,28,7,645.7971860171314,4.393178136170961,1.3821488149048997,7.864939328190116,46.42814279536031,0.31583770609088646,0.0,4.23551194158641,599.3690432217711,4.077340430080076,0.0,7.864939328190116,464.2814279536031,5993.690432217711,6457.971860171314,552.3091860171314,0.07189276107209407,0.928107238927906,15.0,2.0,2.0,30.0,1850.0,55500.0,30.952095196906875,399.57936214784735,430.53145734475424
Sonora,San Miguel de Horcasitas,56,Hermosillo,144,Acelga,2011,2012,29.478894,-110.788818,473.0,1,1.0,0.0,718.5088712211467,4.887815450483991,1.793425583557417,10.136936014967164,21.478333333333335,9.05,32.725,29.085578231292516,13.51,40.58,13.871088435374151,2.79,25.56,40.676530612244896,11.13,87.41,17.332448979591835,5.15,25.29,2.179727891156462,1.21,6.05,49.23,0.33489795918367343,0.0,15.73,39.384,0.2679183673469388,0.0,12.584000000000001,9.166190301375769,4.516656923919706,16.67882356896819,0.06851689933393698,11,3,24,11,672.6945828582473,4.576153624886036,1.2553979084901918,10.643782815715523,24.3101708918354,0.16537531218935647,0.0,4.04,648.3844119664118,4.410778312696679,0.0,10.643782815715523,243.101708918354,6483.844119664118,6726.945828582472,633.3105828582472,0.036138496594610055,0.9638615034053899,14.7,5.0,5.0,73.5,1830.0,134505.0,16.370485449047408,436.6224996406813,452.99298508972873
Sonora,San Miguel de Horcasitas,56,Hermosillo,144,Acelga,2012,2013,29.478894,-110.788818,473.0,2,1.5,0.0,717.4796719859414,4.880814095142458,1.155699241331616,8.971432534995174,20.89918367346939,6.38,33.230000000000004,28.484965986394556,12.5,40.64,13.313401360544216,0.26,25.82,42.79217687074831,13.75,86.25,17.122517006802724,2.71,24.96,2.318095238095238,1.04,6.59,122.75,0.8350340136054422,0.0,45.88,98.19999999999999,0.6680272108843537,0.0,36.704,9.109263299121583,3.119764527399232,16.68606601729962,0.17108498650593854,19,6,41,15,671.4867587075711,4.56793713406511,1.0979142792650352,9.420004161744933,38.69698807192424,0.26324481681581113,0.0,4.539233484744764,632.7897706356468,4.304692317249298,0.0,9.420004161744933,386.9698807192424,6327.897706356469,6714.8675870757115,573.2867587075712,0.057628817798887635,0.9423711822011124,14.5,5.0,5.0,72.5,2035.0,147537.5,26.59586809066958,434.9070588561147,461.50292694678427
Sonora,San Miguel de Horcasitas,56,Hermosillo,144,Acelga,2013,2014,29.478894,-110.788818,473.0,1,1.0,0.0,676.6226307709546,4.602875039258195,1.594364950773147,7.556292016814256,21.298639455782315,5.68,31.5,28.651496598639458,12.8,39.15,13.945782312925168,-2.58,24.56,42.96170068027211,14.43,89.26,16.600884353741495,4.56,24.43,2.056530612244898,1.04,4.47,96.12,0.6538775510204082,0.0,21.75,76.89600000000002,0.5231020408163266,0.0,17.400000000000002,8.965220922853762,3.812874309468894,16.50019895454075,0.14205850592150507,15,8,21,15,634.398162678208,4.315633759715701,1.5146467032344895,7.934106617654969,37.0949501545692,0.2523465996909469,0.0,4.4993932580112554,597.3032125236389,4.063287160024754,0.0,7.934106617654969,370.949501545692,5973.032125236388,6343.981626782081,557.5021626782079,0.05847266328446987,0.9415273367155302,14.9,10.0,10.0,149.0,1875.0,279375.0,25.13208005052114,404.67697325449785,429.809053305019
Sonora,San Miguel de Horcasitas,56,Hermosillo,144,Acelga,2014,2015,29.478894,-110.788818,473.0,0,0.0,0.0,710.5973034923395,4.83399526185265,1.521881847165269,7.859746695456614,21.432108843537414,9.690000000000001,31.715,28.904761904761905,13.06,39.53,13.959455782312926,3.48,24.95,42.941156462585035,13.28,81.34,16.899455782312927,5.6,25.06,2.242721088435374,1.03,4.94,120.53999999999999,0.82,0.0,31.31,96.43199999999999,0.6559999999999999,0.0,25.048000000000002,9.09639135667019,4.189666144197154,16.702513421630016,0.16963194119593145,13,8,19,3,665.1557261248231,4.524868885202879,1.4457877548070055,8.202943089575756,34.64699245693622,0.23569382623766136,0.0,4.318925574668866,630.5087336678869,4.289175058965217,0.0,8.202943089575756,346.4699245693622,6305.087336678869,6651.557261248231,568.7237261248231,0.05208854272185032,0.9479114572781496,14.78,8.0,8.0,118.24,1968.0,232696.32,24.077131658746502,438.15756335502914,462.23469501377565
Sonora,San Miguel de Horcasitas,56,Hermosillo,144,Acelga,2015,2016,29.478894,-110.788818,473.0,0,0.0,0.0,642.0227582253418,4.3675017566349785,1.9154437859739881,7.6850209859961325,21.419795918367345,7.93,32.379999999999995,28.401360544217688,14.01,41.01,14.438231292517008,0.42,23.93,50.53503401360544,18.34,85.69,16.382721088435375,5.01,25.72,2.101360544217687,0.56,5.59,201.44000000000003,1.3703401360544218,0.0,66.11,161.15200000000002,1.0962721088435374,0.0,52.888000000000005,9.135898053381625,4.470034085984732,16.625532261292282,0.3137583480012669,21,8,12,6,601.5680428420092,4.09229961117013,1.459048296477755,6.807223523757121,51.96652320998057,0.35351376333320117,0.0,4.456616455281045,549.6015196320286,3.738785847836929,0.0,6.807223523757121,519.6652320998057,5496.015196320286,6015.680428420092,440.4160428420091,0.08638511275378474,0.9136148872462153,14.8,6.0,6.0,88.8,1972.0,175113.6,40.28412651936478,426.0476896372315,466.3318161565963
Sonora,San Miguel de Horcasitas,56,Hermosillo,144,Acelga,2016,2017,29.478894,-110.788818,473.0,0,0.0,0.0,594.8077640939982,4.046311320367335,1.753177681646346,6.372031405683758,20.179217687074832,6.855,30.53,27.171768707482997,13.54,38.62,13.186666666666667,-0.26,24.17,53.79884353741497,22.43,87.73,16.034285714285716,4.51,24.18,2.1147619047619046,0.85,4.56,190.37999999999997,1.2951020408163263,0.0,47.68,152.304,1.0360816326530613,0.0,38.144,8.967774278836968,3.956692602046436,16.053932814772804,0.32006979648287504,22,9,15,17,558.6579266756817,3.8003940590182426,1.2899887900199,6.627738824503813,46.04409316899196,0.31322512359858473,0.0,3.5625359861147534,512.6138335066897,3.4871689354196582,0.0,6.627738824503813,460.4409316899196,5126.1383350668975,5586.579266756817,406.3539266756817,0.08241911726372404,0.917580882736276,15.0,5.0,5.0,75.0,3512.0,263400.0,41.85826651726541,466.0125759151725,507.8708424324379
Sonora,San Miguel de Horcasitas,56,Hermosillo,144,Acelga,2017,2018,29.478894,-110.788818,473.0,0,0.0,0.0,691.401074996707,4.703408673446987,1.377480268938184,8.52102100369591,22.45493197278911,10.245,30.950000000000003,29.6978231292517,15.17,40.27,15.212040816326528,3.24,23.65,44.53278911564626,16.84,84.76,16.47530612244898,3.27,26.25,2.0846258503401365,0.95,5.71,120.89000000000001,0.8223809523809524,0.0,31.95,96.712,0.6579047619047619,0.0,25.560000000000002,8.960946455243716,3.3543440727482006,16.375290362772745,0.1748478623649461,11,9,43,4,649.6011295339672,4.419055302952158,1.3086062554912747,8.947072053880706,25.796196466621645,0.17548432970490915,0.0,4.072,623.8049330673456,4.243570973247249,0.0,8.947072053880706,257.96196466621643,6238.049330673456,6496.011295339673,552.8891295339672,0.0397108245257027,0.9602891754742974,22.4,5.0,5.0,112.0,6200.0,694400.0,16.430698386383213,397.3279828454431,413.7586812318263
Sonora,San Miguel de Horcasitas,56,Hermosillo,144,Acelga,2018,2019,29.478894,-110.788818,473.0,3,1.8571428571428572,0.2857142857142857,773.2009497771649,5.25987040664738,1.318635504410625,9.354958156307129,23.801190476190474,10.43,32.724999999999994,31.486666666666668,14.76,40.97,16.115714285714287,1.7,25.65,37.37326530612245,12.82,86.17,17.16687074829932,4.44,25.04,2.1825850340136053,0.88,5.74,66.1,0.4496598639455782,0.0,26.14,52.88000000000001,0.35972789115646264,0.0,20.912000000000003,9.067398057168074,3.7795592180457245,16.316146621098042,0.08548877238064684,9,4,46,5,728.4388712946616,4.955366471392256,1.2527037291900938,9.822706064122485,23.723951736913794,0.1613874267817265,0.0,4.139582520739263,704.7149195577476,4.793979044610528,0.0,9.822706064122485,237.23951736913793,7047.149195577476,7284.388712946614,675.5588712946616,0.03256821220255446,0.9674317877974453,23.15,4.0,4.0,92.6,8333.33,771666.36,10.746977004264458,319.2366566513013,329.98363365556577
Sonora,San Miguel de Horcasitas,56,Hermosillo,144,Acelga,2019,2020,29.478894,-110.788818,473.0,0,0.0,0.0,588.6081543592205,4.004137104484493,0.9848345926787586,6.77727151851141,20.41721088435374,7.449999999999999,31.645000000000003,27.224557823129253,12.77,40.34,13.609863945578232,1.13,24.38,56.17176870748299,27.75,87.86,16.316326530612244,2.93,25.25,1.9612925170068027,0.91,6.51,204.17000000000002,1.3889115646258505,0.0,45.21,163.336,1.1111292517006803,0.0,36.168,9.312594504185137,3.2587545978374868,16.39188759773692,0.346869132695361,16,7,17,8,545.6079794242364,3.7116189076478667,0.9355928630448206,7.013441065099298,42.61135158618994,0.28987314004210846,0.0,3.8560000000000003,502.9966278380464,3.4217457676057577,0.0,7.013441065099298,426.1135158618994,5029.966278380463,5456.079794242362,382.2719794242364,0.0780988423797548,0.921901157620245,18.5,8.0,8.0,148.0,9250.0,1369000.0,29.90270286750171,352.9800897109097,382.8827925784114
Sonora,San Miguel de Horcasitas,56,Hermosillo,144,Acelga,2022,2023,29.478894,-110.788818,473.0,1,1.0,0.0,637.9412185501989,4.339736180613598,1.6904110585158798,6.796352127955396,21.502857142857142,11.47,29.72,28.646666666666665,16.69,38.21,14.35904761904762,2.0,24.29,49.627823129251695,21.92,83.79,16.70850340136054,5.5,24.57,1.9153061224489796,0.67,4.93,162.86,1.107891156462585,0.0,42.24,130.288,0.8863129251700681,0.0,33.792,9.300410786296556,4.1277947686259555,16.52208671099474,0.25528997855024904,20,11,10,1,599.7983458084441,4.0802608558397555,1.6058905055900858,7.1361697343531665,46.92765917921405,0.3192357767293473,0.0,4.08818655617602,552.8706866292301,3.761025079110409,0.0,7.1361697343531665,469.2765917921405,5528.706866292301,5997.983458084442,469.5103458084441,0.07823906068957583,0.9217609393104244,11.5,2.0,2.0,23.0,11500.0,264500.0,44.69300874210862,526.5435110754572,571.2365198175659
Sonora,San Miguel de Horcasitas,56,Hermosillo,144,Acelga,2023,2024,29.478894,-110.788818,473.0,2,2.0,0.0,568.4224176209909,3.866819167489734,1.7609030988922114,6.415971795657451,19.6487074829932,8.29,29.705,26.479115646258506,15.2,37.17,12.81829931972789,-0.6,23.72,55.42857142857143,27.11,82.16,16.33714285714286,4.63,24.94,1.9144897959183673,0.75,4.95,114.36000000000001,0.7779591836734695,0.0,28.2,91.48800000000001,0.6223673469387756,0.0,22.560000000000002,9.184933386394954,3.8362762871138236,16.36190807770853,0.2011884057610343,21,4,9,9,529.9226219197766,3.60491579537263,1.6338181484771013,6.736770385440324,48.06160650053021,0.32694970408523955,0.0,4.186000419740932,481.8610154192464,3.2779660912873907,0.0,6.736770385440324,480.6160650053021,4818.6101541924645,5299.226219197767,438.4346219197766,0.09069551763315006,0.90930448236685,12.0,2.0,2.0,24.0,11600.0,278400.0,45.707661912059166,458.2605947876809,503.96825669974004
Sonora,San Miguel de Horcasitas,56,Hermosillo,144,Ajo,2012,2013,29.478894,-110.788818,473.0,2,1.4285714285714286,0.0,1143.2573274356341,5.367405293125043,1.155699241331616,9.895193609964762,18.92462441314554,6.38,31.285,27.14723004694836,12.5,39.97,10.702018779342723,0.26,24.65,34.57582159624413,9.14,86.25,19.065915492957746,2.71,30.42,2.493521126760564,0.93,6.59,89.8,0.4215962441314554,0.0,45.88,71.84,0.33727699530516436,0.0,36.704,9.872782485502125,3.119764527399232,17.680837735618784,0.07854749569060232,12,4,24,21,990.4700622229125,4.650094188839964,1.155699241331616,9.341629778183048,23.85334748006827,0.1119875468547806,0.0,4.065445186431863,966.616714742844,4.538106641985183,0.0,9.341629778183048,238.53347480068268,9666.16714742844,9904.700622229122,918.6300622229124,0.02408285559538689,0.9759171444046129,9.0,3.0,3.0,27.0,14800.0,399600.0,26.503719422298076,1074.0185719364933,1100.5222913587913
Sonora,San Miguel de Horcasitas,56,Hermosillo,144,Ajo,2018,2019,29.478894,-110.788818,473.0,4,2.642857142857143,0.6428571428571429,1222.3105523831846,5.765615813128229,1.318635504410625,10.373551645560754,22.108962264150946,10.43,32.02,30.15759433962264,14.76,40.97,14.060330188679245,1.7,24.57,30.371745283018864,6.02,86.17,18.517075471698114,4.44,30.25,2.398632075471698,1.06,5.74,44.54,0.2100943396226415,0.0,26.14,35.632000000000005,0.16807547169811324,0.0,20.912000000000003,9.585253381911345,3.7795592180457245,17.624376677676384,0.036439184717139764,5,2,43,9,1068.178186941783,5.038576353498977,1.318635504410625,9.354958156307129,11.297362980153942,0.053289448019594066,0.0,1.8331382477502929,1056.8808239616292,4.9852869054793825,0.0,9.354958156307129,112.97362980153942,10568.808239616292,10681.781869417831,1032.546186941783,0.010576290658488856,0.9894237093415112,12.0,5.0,5.0,60.0,18500.0,1110000.0,9.414469150128285,880.7340199680243,890.1484891181526
Sonora,San Miguel de Horcasitas,56,Hermosillo,144,Ajo,2021,2022,29.478894,-110.788818,473.0,4,3.142857142857143,1.0,1220.6441022887025,5.757755199475012,1.710241588790279,11.060415430348618,20.224999999999998,7.865,32.315,28.622735849056603,12.57,41.96,11.827264150943396,2.36,23.78,28.93075471698113,9.36,81.82,19.162264150943393,5.16,30.05,2.535707547169811,1.25,5.67,68.56,0.32339622641509436,0.0,24.84,54.848,0.2587169811320755,0.0,19.872,9.683915864183673,4.170408717687209,17.603884804146784,0.0561670677566461,7,3,41,15,1064.3172062281928,5.020364180321664,1.710241588790279,8.036685525285787,15.596723799368906,0.0735694518838156,0.0,2.6016728496471493,1048.7204824288237,4.9467947284378475,0.0,8.036685525285787,155.96723799368905,10487.204824288237,10643.172062281927,1009.4692062281929,0.014654206197268713,0.9853457938027311,10.0,3.0,3.0,30.0,19550.0,586500.0,15.596723799368906,1048.7204824288237,1064.3172062281926
Sonora,San Miguel de Horcasitas,56,Hermosillo,144,Ajo,2022,2023,29.478894,-110.788818,473.0,3,1.8333333333333333,0.3333333333333333,1121.0877733619382,5.288149874348765,1.6904110585158798,12.917287990469095,19.877877358490565,8.05,29.354999999999997,28.096132075471697,16.69,41.08,11.659622641509435,-0.86,19.98,36.474292452830184,4.51,83.79,19.133301886792452,5.5,30.98,2.3302830188679247,1.19,5.27,81.35000000000001,0.3837264150943397,0.0,42.24,65.08,0.3069811320754717,0.0,33.792,10.054158795950729,4.1277947686259555,17.20691387236144,0.07256345304350806,7,4,16,7,972.5408173661702,4.5874566856894825,1.6904110585158798,9.042101593328367,14.150063912067125,0.06674558449088266,0.0,3.169588762686142,958.3907534541032,4.5207111011986,0.0,9.042101593328367,141.50063912067125,9583.907534541033,9725.408173661704,907.4608173661702,0.014549583584973073,0.9854504164150271,7.5,2.0,2.0,15.0,27500.0,412500.0,18.866751882756166,1277.8543379388043,1296.7210898215606
Sonora,San Miguel de Horcasitas,56,Hermosillo,144,Ajo,2023,2024,29.478894,-110.788818,473.0,2,1.75,0.0,997.8844409830832,4.707002080108883,1.2566993874751642,10.532160213730643,18.143396226415096,8.29,28.5,25.908915094339626,14.98,39.98,10.377877358490565,-0.6,20.22,43.86919811320754,10.07,81.92,18.307311320754717,2.41,30.27,2.305235849056604,1.15,4.95,70.09,0.33061320754716983,0.0,13.88,56.072,0.26449056603773585,0.0,11.104000000000001,9.916322324912008,3.250411665622466,17.471854491907894,0.07023859389064091,12,4,9,20,863.47473577974,4.072994036696887,1.2566993874751642,8.169840545179012,24.753033679419904,0.11675959282745238,0.0,2.2614796363343315,838.72170210032,3.9562344438694343,0.0,8.169840545179012,247.53033679419903,8387.2170210032,8634.7473577974,807.4027357797399,0.028666772348663192,0.9713332276513368,8.18,2.0,2.0,16.36,28875.0,472395.0,30.260432370928978,1025.3321541568705,1055.5925865277995
Sonora,San Miguel de Horcasitas,56,Hermosillo,144,Apio,2012,2013,29.478894,-110.788818,473.0,2,1.3333333333333333,0.0,894.5400683136259,4.8881970946099775,1.155699241331616,9.341629778183048,18.248196721311476,6.38,31.285,26.317650273224043,12.5,39.97,10.178743169398908,0.26,24.65,37.080273224043715,11.24,86.25,17.572349726775954,2.71,27.48,2.462841530054645,0.93,6.59,89.8,0.49071038251366117,0.0,45.88,71.84,0.39256830601092896,0.0,36.704,8.918516295254769,3.119764527399232,15.051398310236985,0.10038678331009775,12,4,18,21,872.7446218014948,4.769096293997239,1.213484203398197,9.808711267092201,24.730014854071683,0.13513669319164853,0.0,4.268717445753457,848.0146069474231,4.633959600805591,0.0,9.808711267092201,247.30014854071683,8480.14606947423,8727.446218014948,800.9046218014947,0.028335912059847115,0.9716640879401529,20.0,2.0,2.0,40.0,5230.0,209200.0,12.365007427035842,424.00730347371154,436.3723109007474
Sonora,San Miguel de Horcasitas,56,Hermosillo,144,Apio,2013,2014,29.478894,-110.788818,473.0,1,1.0,0.0,882.3485891435532,4.848069171118424,1.594364950773147,8.81333613905871,18.933626373626375,5.68,28.405,26.900989010989008,12.8,37.67,10.966263736263734,-2.58,21.54,35.778406593406594,11.43,80.26,17.207967032967034,4.56,26.73,2.3321978021978023,1.19,5.03,53.3,0.2928571428571428,0.0,14.34,42.64,0.2342857142857143,0.0,11.472000000000001,8.820039447826126,3.812874309468894,14.45927267021327,0.06040696461217822,7,5,8,28,871.8386500675897,4.7903222531186245,1.6740831983118045,9.254002946011648,18.150292605347552,0.09972688244696457,0.0,3.260920393372083,853.6883574622423,4.6905953706716605,0.0,9.254002946011648,181.5029260534755,8536.883574622423,8718.386500675899,829.1986500675897,0.020818407860147565,0.9791815921398526,19.5,12.0,12.0,234.0,5210.0,1219140.0,9.307842361716693,437.78890126268834,447.096743624405
Sonora,San Miguel de Horcasitas,56,Hermosillo,144,Apio,2015,2016,29.478894,-110.788818,473.0,0,0.0,0.0,803.1811072741737,4.413083007000954,1.2882404535956922,8.39816410314634,19.714752747252746,7.93,27.619999999999997,27.09653846153846,14.01,36.88,12.332967032967032,0.42,22.47,47.35928571428571,18.34,86.49,16.766098901098903,3.05,26.6,2.2509340659340658,1.13,5.59,126.78999999999999,0.6966483516483516,0.0,25.27,101.432,0.5573186813186813,0.0,20.216,9.110032815636043,3.315523649681598,15.108568927505415,0.1578597888467501,17,8,4,6,794.3067644180633,4.36432288141793,1.3526524762754768,8.39816410314634,37.0697573847727,0.20367998563061923,0.0,3.7354782763364134,757.2370070332904,4.16064289578731,0.0,8.39816410314634,370.69757384772697,7572.370070332904,7943.067644180631,692.8747644180633,0.04666932102980552,0.9533306789701943,19.4,8.0,8.0,155.2,4625.0,717800.0,19.108122363284895,390.3283541408714,409.4364765041563
Sonora,San Miguel de Horcasitas,56,Hermosillo,144,Betabel,2010,2011,29.478894,-110.788818,473.0,1,1.0,0.0,481.71612440253773,5.293583784643272,1.793425583557417,10.136936014967164,24.098186813186814,10.1,32.725,31.452417582417578,16.84,40.58,16.743956043956043,3.03,25.56,45.70626373626374,15.93,87.41,19.076593406593407,5.15,25.29,2.1112087912087913,1.21,6.05,47.43,0.5212087912087912,0.0,15.73,37.944,0.41696703296703297,0.0,12.584000000000001,10.862044488792375,4.516656923919706,16.67882356896819,0.09846047827198315,10,3,24,3,440.018380158286,4.8353668149262194,1.883096862735288,9.630089214218804,24.8052563377531,0.2725852344808033,0.0,4.04,415.21312382053287,4.562781580445416,0.0,9.630089214218804,248.052563377531,4152.131238205328,4400.18380158286,402.074380158286,0.056373227702056466,0.9436267722979435,13.0,5.0,5.0,65.0,6500.0,422500.0,19.08096641365623,319.3947106311791,338.4756770448354
Sonora,San Miguel de Horcasitas,56,Hermosillo,144,Betabel,2012,2013,29.478894,-110.788818,473.0,1,1.0,0.0,470.9950747376126,5.175770052061677,2.3603821535284624,7.556292016814256,25.050879120879124,15.955,31.5,32.325384615384614,22.69,39.15,17.776373626373626,7.7,24.56,45.34824175824176,14.43,89.26,18.41901098901099,7.35,24.43,1.89010989010989,1.04,3.33,64.62,0.7101098901098901,0.0,21.75,51.69600000000001,0.5680879120879122,0.0,17.400000000000002,10.563212200201312,4.926866849999459,16.50019895454075,0.13719888692254217,10,5,21,0,437.88011697943205,4.811869417356396,1.7740893240241635,7.934106617654969,19.983300858570757,0.2195967127315468,0.0,3.213852327150897,417.8968161208613,4.5922727046248495,0.0,7.934106617654969,199.83300858570757,4178.968161208612,4378.80116979432,386.184116979432,0.04563646551576446,0.9543635344842355,14.0,10.0,10.0,140.0,6565.0,919100.0,14.27378632755054,298.49772580061517,312.77151212816574
Sonora,San Miguel de Horcasitas,56,Hermosillo,144,Betabel,2013,2014,29.478894,-110.788818,473.0,0,0.0,0.0,469.1291107051349,5.15526495280368,1.8939117289574552,7.812326751976911,23.982527472527472,14.594999999999999,31.715,31.283406593406593,19.7,39.53,16.681648351648352,6.99,24.95,48.02516483516484,15.64,81.34,18.824175824175825,7.69,25.06,2.0684615384615386,1.03,4.4,106.35999999999999,1.1687912087912087,0.0,31.31,85.088,0.935032967032967,0.0,25.048000000000002,10.850065507747855,5.133465039316835,16.702513421630016,0.22671797075251465,11,6,19,0,432.3775044264559,4.751401147543471,1.3793855075854764,8.202943089575756,26.794161274950103,0.29444133269175937,0.0,3.12,405.5833431515058,4.456959814851712,0.0,8.202943089575756,267.941612749501,4055.833431515058,4323.775044264559,347.2895044264559,0.06196936936044411,0.9380306306395558,10.25,8.0,8.0,82.0,6560.0,537920.0,25.825697614409737,390.9237042424152,416.749401856825
Sonora,San Miguel de Horcasitas,56,Hermosillo,144,Betabel,2014,2015,29.478894,-110.788818,473.0,0,0.0,0.0,428.0172627980669,4.703486404374361,2.084354709253936,7.6850209859961325,24.19763736263737,15.64,32.379999999999995,30.989340659340662,23.32,41.01,17.405934065934066,7.51,23.93,56.96208791208792,20.62,85.69,18.267032967032968,5.01,25.72,1.9675824175824175,0.56,5.59,196.51,2.159450549450549,0.0,66.11,157.20800000000003,1.7275604395604398,0.0,52.888000000000005,10.841046607035137,4.470034085984732,16.625532261292282,0.45911699615889306,19,8,12,0,389.8788038190168,4.284382459549636,1.4835701846456792,6.807223523757121,45.34341519373993,0.49827928784329595,0.0,3.6517893948856375,344.5353886252769,3.786103171706339,0.0,6.807223523757121,453.4341519373993,3445.353886252769,3898.788038190168,232.67080381901678,0.1163013088928746,0.8836986911071254,9.92,8.0,8.0,79.36,2224.0,176496.64,45.70908789691525,347.3138998238678,393.0229877207831
Sonora,San Miguel de Horcasitas,56,Hermosillo,144,Betabel,2015,2016,29.478894,-110.788818,473.0,0,0.0,0.0,395.10049473499413,4.3417636784065285,1.8428411285998574,6.312132213813155,23.516978021978023,11.985,30.53,30.082857142857144,19.89,38.62,16.951098901098902,3.43,24.17,58.779010989010985,34.76,87.73,17.124725274725275,4.51,24.18,1.943076923076923,0.85,3.95,163.45,1.796153846153846,0.0,47.68,130.76,1.4369230769230767,0.0,38.144,10.327409501630392,3.956692602046436,16.053932814772804,0.413692218000463,16,7,15,1,365.5449121086073,4.016977056138542,1.119859630363041,6.627738824503813,34.44602163081096,0.37852771022869186,0.0,3.223246844580015,331.09889047779643,3.638449345909851,0.0,6.627738824503813,344.4602163081096,3310.9889047779643,3655.449121086074,234.78491210860733,0.09423198214444489,0.9057680178555553,13.0,10.0,10.0,130.0,5215.0,677950.0,26.49693971600843,254.69145421368955,281.188393929698
Sonora,San Miguel de Horcasitas,56,Hermosillo,144,Betabel,2016,2017,29.478894,-110.788818,473.0,0,0.0,0.0,513.5620910917762,5.6435394625469915,2.331530657481289,8.52102100369591,26.154835164835163,14.594999999999999,30.950000000000003,33.71054945054945,21.2,40.27,18.599120879120875,6.85,23.65,40.567032967032965,16.84,79.91,18.97131868131868,6.52,26.25,2.044175824175824,1.11,5.71,59.24000000000001,0.6509890109890111,0.0,31.95,47.392,0.5207912087912088,0.0,25.560000000000002,10.613314682945752,5.408346722054873,16.375290362772745,0.1153511932200103,4,3,43,0,474.4929022517908,5.214207717052646,1.1657653287406444,8.094969953511114,10.46766644190556,0.11502930155940176,0.0,4.072,464.0252358098852,5.099178415493244,0.0,8.094969953511114,104.67666441905561,4640.252358098852,4744.9290225179075,427.1009022517908,0.022060743990541018,0.977939256009459,12.0,2.0,2.0,24.0,4580.0,109920.0,8.723055368254634,386.68769650823765,395.41075187649227
Sonora,San Miguel de Horcasitas,56,Hermosillo,144,Calabacita,2010,2011,29.478894,-110.788818,473.0,0,0.0,0.0,873.7749433625677,9.101822326693414,5.078032551634244,11.65938129392675,25.81505208333333,15.059999999999999,35.160000000000004,34.73229166666667,20.91,44.13,16.8978125,7.18,26.36,23.88072916666667,9.73,54.55,29.14916666666667,18.63,32.38,2.9358333333333335,1.66,4.99,2.18,0.022708333333333334,0.0,0.98,1.7440000000000002,0.018166666666666668,0.0,0.784,17.009324556675434,12.024590000290617,19.432092069545885,0.002494921623193562,0,0,49,0,725.6157724775628,7.558497629974613,2.539016275817122,10.696947589731531,1.7440000000000002,0.018166666666666668,0.0,0.784,723.8717724775628,7.540330963307945,1.8022124489932467,10.696947589731531,17.44,7238.717724775628,7256.157724775628,723.8717724775628,0.0024034758699431765,0.9975965241300568,20.16,35.0,35.0,705.6,4150.0,2928240.0,0.8650793650793651,359.0633792051403,359.9284585702196
Sonora,San Miguel de Horcasitas,56,Hermosillo,144,Calabacita,2011,2012,29.478894,-110.788818,473.0,4,4.0,1.0,910.974875744234,9.48932162233577,4.56547446465446,13.172602107843078,26.6284375,14.860000000000001,37.37,35.7778125,20.97,45.86,17.4790625,6.71,28.88,22.619791666666668,5.64,73.24,29.316770833333333,17.42,32.72,2.991354166666667,1.74,6.85,60.620000000000005,0.6314583333333333,0.0,19.42,48.49600000000001,0.5051666666666668,0.0,15.536000000000001,16.976221883118168,10.809728395539073,19.50786603830252,0.06654409645543256,6,4,54,0,752.8440284992814,7.842125296867515,2.28273723232723,12.513972002450924,25.668185693810916,0.2673769343105304,0.0,8.028678672979533,727.1758428054704,7.574748362556984,0.0,12.513972002450924,256.68185693810915,7271.758428054704,7528.440284992814,704.3480284992814,0.034094958214622294,0.9659050417853776,19.5,25.0,25.0,487.5,4150.0,2023125.0,12.996549718385273,368.1903001546686,381.18684987305386
Sonora,San Miguel de Horcasitas,56,Hermosillo,144,Calabacita,2012,2013,29.478894,-110.788818,473.0,2,1.3333333333333333,0.0,896.6878902457362,9.340498856726418,4.535177730003191,13.289540258911478,27.073281250000004,15.74,36.31,36.125625,22.53,46.23,18.0209375,6.28,26.39,22.56052083333333,6.41,72.25,29.4140625,16.85,32.48,2.7986458333333335,1.49,4.24,49.28,0.5133333333333333,0.0,18.16,39.42400000000001,0.41066666666666674,0.0,14.528,17.032883978176116,11.998267001557974,19.27332581441032,0.054957806987328536,7,4,59,0,741.576074863055,7.7247507798234905,2.876895904910182,12.625063245965903,30.462981334552005,0.3173227222349167,0.0,5.566981334552005,711.1130935285032,7.407428057588575,0.0,12.625063245965903,304.62981334552006,7111.130935285032,7415.760748630552,702.1520748630551,0.04107870030755446,0.9589212996924458,19.0,3.0,3.0,57.0,4380.0,249660.0,15.866136111745837,370.3714028794288,386.23753899117463
Sonora,San Miguel de Horcasitas,56,Hermosillo,144,Calabacita,2013,2014,29.478894,-110.788818,473.0,1,1.0,0.0,910.4099817517979,9.483437309914562,5.611471954765927,12.802875910370803,27.11994791666667,16.34,35.115,35.99583333333333,23.47,46.22,18.244062500000002,9.21,27.82,24.035520833333333,4.97,65.08,29.31385416666667,21.97,32.47,2.998958333333333,1.75,5.0,13.43,0.13989583333333333,0.0,6.89,10.744,0.11191666666666666,0.0,5.5120000000000005,17.126475891626104,13.996538799516301,19.27227204650093,0.01475159573070386,4,1,56,0,752.8064764984268,7.841734130191946,2.8057359773829633,12.162732114852263,10.744,0.11191666666666666,0.0,5.5120000000000005,742.0624764984268,7.729817463525279,0.3444378401627137,12.162732114852263,107.44,7420.624764984268,7528.064764984268,742.0624764984268,0.01427192822513191,0.9857280717748681,19.83,30.0,30.0,594.9,4215.0,2507503.5,5.435871490007589,375.44268985500975,380.8785613450173
Sonora,San Miguel de Horcasitas,56,Hermosillo,144,Calabacita,2014,2015,29.478894,-110.788818,473.0,2,2.0,0.0,909.4221642786847,9.473147544569633,4.68558004320349,14.6432961758047,27.552916666666665,16.255,37.41,36.28416666666667,23.83,47.5,18.82166666666667,8.68,27.32,22.836666666666662,5.34,69.12,28.479062499999998,7.64,32.05,2.916458333333333,1.4,4.32,21.770000000000003,0.22677083333333337,0.0,17.41,17.416,0.18141666666666667,0.0,13.928,16.639894384323494,6.616290432031372,19.42876513965343,0.02393827735358424,2,1,60,0,754.355954965606,7.857874530891729,2.342790021601745,13.911131367014464,7.626417182488917,0.07944184565092623,0.0,4.138417182488918,746.729537783117,7.778432685240802,0.0,13.911131367014464,76.26417182488917,7467.29537783117,7543.559549656059,736.9399549656059,0.010109838906006429,0.9898901610939935,19.5,221.0,221.0,4309.5,4275.0,18423112.5,3.910983170507137,382.9382245041626,386.84920767466974
Sonora,San Miguel de Horcasitas,56,Hermosillo,144,Calabacita,2015,2016,29.478894,-110.788818,473.0,0,0.0,0.0,794.7981698109843,8.279147602197753,4.126984848500294,12.121287414764188,25.961822916666666,16.87,34.425,33.97322916666667,21.36,43.43,17.950416666666666,10.2,26.13,33.9346875,11.66,78.34,27.733645833333338,8.35,32.35,2.7565625,1.04,4.02,80.87,0.8423958333333333,0.0,25.73,64.696,0.6739166666666666,0.0,20.584000000000003,16.901553732449667,6.932294878245349,19.97165409809469,0.101749101937706,13,5,37,0,658.0234093927817,6.854410514508142,2.063492424250147,11.515223044025978,40.16188023627255,0.41835291912783906,0.0,5.49834064401724,617.861529156509,6.436057595380302,0.0,11.515223044025978,401.61880236272555,6178.615291565091,6580.2340939278165,593.3274093927816,0.061034120766818294,0.9389658792331816,35.26,170.0,170.0,5994.12,5680.96,34052355.96,11.390209936549223,175.23015574489764,186.62036568144686
Sonora,San Miguel de Horcasitas,56,Hermosillo,144,Calabacita,2016,2017,29.478894,-110.788818,473.0,2,2.0,0.0,843.1480585834818,8.782792276911268,4.95095212142886,13.27461260071707,26.546041666666667,17.634999999999998,36.065,35.21979166666667,24.63,47.28,17.872291666666666,8.29,27.39,27.699270833333333,7.66,71.31,28.450729166666665,10.7,32.57,2.7384375,1.37,3.9,34.16,0.3558333333333333,0.0,14.22,27.328000000000003,0.2846666666666667,0.0,11.376000000000001,16.913486656268752,7.7894172686345,19.177595292974953,0.0405148296936009,6,3,47,0,695.752539778493,7.247422289359302,2.47547606071443,12.610881970681216,19.199217354427685,0.19999184744195506,0.0,5.786578483367859,676.5533224240653,7.047430441917347,0.0,12.610881970681216,191.99217354427685,6765.533224240653,6957.52539778493,668.424539778493,0.027594893667998895,0.9724051063320012,39.63,16.0,3.0,118.88,3800.0,451744.0,5.1348535315399,180.9449912875275,186.0798448190674
Sonora,San Miguel de Horcasitas,56,Hermosillo,144,Calabacita,2017,2018,29.478894,-110.788818,473.0,1,1.0,0.0,886.8399330334348,9.23791596909828,5.116512539961522,11.706977877199611,27.574635416666666,17.17,35.644999999999996,36.451770833333335,22.36,46.54,18.6975,9.14,27.67,23.395729166666666,5.9,61.67,28.8928125,17.72,32.59,2.7563541666666667,1.22,4.63,27.03,0.2815625,0.0,9.11,21.624000000000006,0.22525000000000006,0.0,7.288,16.781537663201487,11.754621344035973,19.282471336802352,0.030479006405974438,7,2,66,0,724.4357573036087,7.546205805245925,3.049380968102733,11.12162898333963,18.3476561818345,0.19112141856077602,0.0,4.920000000000001,706.0881011217742,7.3550843866851485,0.0,11.12162898333963,183.47656181834498,7060.8810112177425,7244.357573036087,702.8117573036087,0.025326822974787333,0.9746731770252126,32.37,95.0,95.0,3075.4,9800.0,30138920.0,5.874069531562189,226.05669957476366,231.93076910632584
Sonora,San Miguel de Horcasitas,56,Hermosillo,144,Calabacita,2018,2019,29.478894,-110.788818,473.0,4,3.6666666666666665,1.0,910.0260521927131,9.479438043674095,3.21475883946851,11.807076625146884,28.041562499999998,18.41,35.55,36.873020833333335,24.71,45.63,19.210104166666667,10.72,27.17,21.857083333333332,6.02,67.56,28.979375,7.59,32.56,2.8419791666666665,1.14,4.33,16.46,0.17145833333333335,0.0,9.91,13.168000000000001,0.1371666666666667,0.0,7.928000000000001,16.810718403455155,6.373242144520834,19.8533688245033,0.01808739426782292,3,1,66,0,744.3822053206069,7.753981305422989,3.0540208974950844,11.21672279388954,8.294020897495084,0.0863960510155738,0.0,3.0540208974950844,736.0881844231118,7.667585254407414,0.0,11.21672279388954,82.94020897495085,7360.881844231118,7443.822053206069,731.2142053206069,0.011142153638563718,0.9888578463614363,28.26,8.0,8.0,226.09,4788.89,1082720.14,2.8101036413671303,249.39460763107292,252.20471127244005
Sonora,San Miguel de Horcasitas,56,Hermosillo,144,Calabacita,2019,2020,29.478894,-110.788818,473.0,1,1.0,0.0,857.200886048056,8.929175896333916,5.255666113556441,12.17088005537298,26.1009375,17.93,36.155,34.6384375,23.91,44.72,17.563437500000003,10.05,29.75,26.123541666666668,11.21,51.66,28.918958333333336,16.05,32.63,2.8276041666666667,1.37,4.07,11.89,0.12385416666666667,0.0,5.77,9.512,0.09908333333333334,0.0,4.616,17.080108968705726,10.518630921805638,19.182234168584774,0.013870727613006024,2,1,45,0,703.7921422661476,7.3311681486057045,2.983779628835917,11.56233605260433,8.837749585167332,0.09205989151215971,0.0,3.941749585167331,694.9543926809803,7.2391082570935446,0.0,11.56233605260433,88.37749585167332,6949.5439268098025,7037.921422661476,694.2801422661475,0.012557329152199072,0.9874426708478009,36.1,6.0,6.0,216.62,6793.02,1471503.99,2.4359838988884595,191.55302995616876,193.9890138550572
Sonora,San Miguel de Horcasitas,56,Hermosillo,144,Calabacita,2020,2021,29.478894,-110.788818,473.0,0,0.0,0.0,862.1590054474216,8.98082297341064,4.702692257874761,11.722361889591683,27.22463541666666,15.55,34.185,35.9375,21.8,43.65,18.511770833333333,7.45,27.13,29.3103125,11.26,59.15,28.95114583333333,12.78,32.73,2.7385416666666664,1.33,4.2,12.93,0.1346875,0.0,3.35,10.344000000000001,0.10775000000000001,0.0,2.68,17.30543022206655,9.377774464496314,19.45277185974001,0.014997233594155772,4,0,63,0,725.6638541080006,7.558998480291673,2.3513461289373807,11.1362437951121,10.344000000000001,0.10775000000000001,0.0,2.68,715.3198541080006,7.451248480291674,2.1753461289373806,11.1362437951121,103.44000000000001,7153.198541080006,7256.638541080006,715.3198541080005,0.014254533888442104,0.985745466111558,32.09,104.0,102.0,3273.32,6840.84,22392253.7,3.636491474775884,251.47472459412924,255.11121606890512
Sonora,San Miguel de Horcasitas,56,Hermosillo,144,Calabacita,2021,2022,29.478894,-110.788818,473.0,4,3.5,1.0,880.4127065519385,9.170965693249359,3.9064632250786513,12.873005588852733,27.44609375,18.695,36.01,35.9709375,25.49,45.72,18.92125,10.33,26.31,25.483958333333334,7.26,80.77,28.415104166666666,15.98,32.41,2.8520833333333333,1.14,5.39,56.56,0.5891666666666667,0.0,37.6,45.248000000000005,0.4713333333333334,0.0,30.080000000000002,16.683850910946628,11.517429235387855,19.060437458180417,0.06424259847579032,8,1,58,0,724.3441505838964,7.5452515685822545,2.9298474188089885,12.229355309410096,18.197394721741667,0.18955619501814236,0.0,3.2479999999999998,706.1467558621547,7.355695373564111,0.0,12.229355309410096,181.97394721741665,7061.467558621547,7243.441505838964,679.0961505838964,0.025122581175084636,0.9748774188249153,26.0,4.0,4.0,104.0,6500.0,676000.0,6.425633729428554,249.3456058835292,255.77123961295774
Sonora,San Miguel de Horcasitas,56,Hermosillo,144,Calabacita,2022,2023,29.478894,-110.788818,473.0,4,3.3333333333333335,1.0,854.5327993293047,8.901383326346924,5.609542113811671,12.917287990469095,27.4753125,20.09,35.31,36.207812499999996,28.05,45.05,18.7428125,10.17,26.58,27.264687499999997,3.25,67.46,28.564375,17.94,32.26,2.6065625,0.66,4.57,78.84,0.82125,0.0,18.8,63.072,0.657,0.0,15.040000000000001,16.867207432026998,11.576375909838024,19.43288433057279,0.09226094078761983,15,5,60,0,701.1520453502122,7.303667139064711,3.174635283201695,11.443096341531058,45.0628922635873,0.46940512774570103,0.0,6.764100232661194,656.089153086625,6.83426201131901,0.0,11.443096341531058,450.628922635873,6560.891530866249,7011.520453502122,638.0800453502122,0.06426978650697544,0.9357302134930245,26.71,7.0,7.0,187.0,6673.26,1247900.0,17.069277372570948,248.51861859341852,265.58789596598945
Sonora,San Miguel de Horcasitas,56,Hermosillo,144,Calabacita,2023,2024,29.478894,-110.788818,473.0,2,1.2,0.0,889.8705005429872,9.269484380656117,5.935669928018895,13.11325155388488,27.012708333333336,16.565,37.715,35.89239583333333,24.98,47.9,18.133020833333333,6.75,29.41,21.138333333333335,7.91,41.6,28.831145833333334,14.26,32.04,2.782083333333333,1.92,3.86,6.45,0.0671875,0.0,3.04,5.160000000000001,0.05375000000000001,0.0,2.4320000000000004,16.724811807613445,9.968997570009243,19.050842483020194,0.007248245667278885,3,0,53,0,726.2283054947587,7.56487818223707,3.4662414981353686,11.55025283081596,5.160000000000001,0.05375000000000001,0.0,2.4320000000000004,721.0683054947588,7.51112818223707,3.4662414981353686,11.55025283081596,51.60000000000001,7210.683054947587,7262.2830549475875,721.0683054947588,0.007105203640451111,0.9928947963595489,26.42,8.0,8.0,211.36,6672.67,1410335.25,1.9221456509592107,268.6043231494724,270.52646880043164
Sonora,San Miguel de Horcasitas,56,Hermosillo,144,Calabaza,2010,2011,29.478894,-110.788818,473.0,0,0.0,0.0,786.1123371218232,7.861123371218232,3.0859781166454905,10.806203618649427,21.97835,11.96,30.89,30.9412,18.66,39.73,13.0155,3.6,23.68,27.442700000000006,10.63,74.08,27.1971,13.87,32.38,2.877,1.66,5.54,5.4399999999999995,0.0544,0.0,3.68,4.352,0.04352,0.0,2.9440000000000004,15.549594908442275,8.813339694995133,18.900404764419307,0.006920130550192557,1,0,25,2,693.9560170616493,6.939560170616493,1.5429890583227452,10.799543399557617,2.9509890583227456,0.029509890583227456,0.0,1.5429890583227452,691.0050280033265,6.910050280033265,0.0,10.799543399557617,29.509890583227456,6910.050280033265,6939.5601706164925,689.6040170616493,0.004252415118205665,0.9957475848817943,22.0,15.0,15.0,330.0,1800.0,594000.0,1.3413586628739753,314.0931945469666,315.43455320984054
Sonora,San Miguel de Horcasitas,56,Hermosillo,144,Calabaza,2011,2012,29.478894,-110.788818,473.0,4,3.6666666666666665,1.0,862.7271249129068,8.627271249129068,4.56547446465446,13.172602107843078,23.654449999999997,14.860000000000001,33.34,33.073499999999996,20.97,42.93,14.235400000000002,6.71,24.3,20.3956,5.64,57.53,27.808399999999995,17.42,32.58,2.9099999999999993,1.74,6.85,4.4,0.044000000000000004,0.0,4.4,3.5200000000000005,0.0352,0.0,3.5200000000000005,15.458240289231629,10.569933563526671,18.795813810240116,0.0051001062478987025,1,0,31,0,748.2479570433627,7.482479570433627,2.410724687945622,13.172602107843078,3.5200000000000005,0.0352,0.0,3.5200000000000005,744.7279570433627,7.447279570433627,1.0454744646544594,13.172602107843078,35.2,7447.279570433628,7482.4795704336275,744.7279570433627,0.004704322901072764,0.9952956770989273,23.2,25.0,25.0,580.0,2334.48,1354000.0,1.517241379310345,321.00342976007016,322.5206711393805
Sonora,San Miguel de Horcasitas,56,Hermosillo,144,Calabaza,2012,2013,29.478894,-110.788818,473.0,2,1.6666666666666667,0.0,850.6883795952791,8.506883795952792,2.3535738391823546,12.565049963624347,23.481100000000005,11.75,31.6,32.832,14.47,42.61,14.1302,4.69,22.37,19.700699999999998,6.41,67.07,27.7481,6.64,32.48,2.8292,1.49,5.38,0.22,0.0022,0.0,0.19,0.17600000000000002,0.0017600000000000003,0.0,0.15200000000000002,15.425916833163082,5.596932333756519,19.27332581441032,0.0002586140886333331,0,0,35,1,746.1232065814277,7.461232065814277,1.1767869195911773,12.565049963624347,0.17600000000000002,0.0017600000000000003,0.0,0.15200000000000002,745.9472065814276,7.459472065814277,1.0247869195911772,12.565049963624347,1.7600000000000002,7459.472065814276,7461.232065814276,745.9472065814276,0.00023588597492683988,0.9997641140250731,15.98,10.0,10.0,159.8,6300.0,1006740.0,0.11013767209011265,466.80050474432267,466.91064241641277
Sonora,San Miguel de Horcasitas,56,Hermosillo,144,Calabaza,2013,2014,29.478894,-110.788818,473.0,1,1.0,0.0,856.3579279599992,8.563579279599992,4.2413909340727125,12.802875910370803,23.964499999999997,12.565,31.995,33.1088,19.72,41.11,14.820200000000002,5.41,22.9,22.2331,4.97,51.77,27.6393,14.07,32.47,2.9394000000000005,1.7,5.0,1.06,0.0106,0.0,0.66,0.8480000000000001,0.008480000000000001,0.0,0.528,15.542642082573103,8.902728659450396,19.27227204650093,0.0012378001830672758,0,0,32,0,746.0875981076009,7.4608759810760095,2.1206954670363563,12.802875910370803,0.8480000000000001,0.008480000000000001,0.0,0.528,745.2395981076008,7.452395981076008,1.5926954670363562,12.802875910370803,8.48,7452.395981076008,7460.8759810760075,745.239598107601,0.0011365957591989103,0.998863404240801,24.8,20.0,20.0,496.0,2545.0,1262320.0,0.3419354838709677,300.49983794661324,300.8417734304842
Sonora,San Miguel de Horcasitas,56,Hermosillo,144,Calabaza,2014,2015,29.478894,-110.788818,473.0,2,1.8333333333333333,0.0,847.8925966465682,8.478925966465683,3.649499468138712,14.6432961758047,24.404600000000002,16.255,37.41,33.1633,23.25,47.5,15.645899999999997,8.68,27.32,21.995699999999996,5.34,61.96,26.7579,7.64,32.05,2.8206000000000007,1.38,5.35,3.97,0.0397,0.0,1.94,3.1759999999999997,0.03176,0.0,1.552,15.063959469236044,6.616290432031372,19.173942292810448,0.004682196796742214,2,0,35,0,744.464317275643,7.44464317275643,1.824749734069356,13.068488408984981,3.1759999999999997,0.03176,0.0,1.552,741.2883172756431,7.41288317275643,0.2727497340693559,13.068488408984981,31.759999999999998,7412.88317275643,7444.64317275643,741.288317275643,0.004266154772363743,0.9957338452276363,24.3,15.0,15.0,364.5,2784.0,1014768.0,1.3069958847736625,305.056920689565,306.36391657433865
Sonora,San Miguel de Horcasitas,56,Hermosillo,144,Calabaza,2015,2016,29.478894,-110.788818,473.0,0,0.0,0.0,733.0698003139514,7.330698003139514,1.6334146996108259,12.121287414764188,23.0955,13.77,32.394999999999996,31.1966,18.33,41.44,14.994399999999999,8.36,24.34,34.5173,11.66,85.82,25.515300000000003,6.32,31.94,2.6825000000000006,1.04,5.15,58.11,0.5811,0.0,13.41,46.48800000000001,0.46488000000000007,0.0,10.728000000000002,15.135331393077076,5.183564326611494,19.074142585507353,0.07926939559522607,7,5,17,0,646.4469727256696,6.464469727256696,0.8167073498054129,9.69702993181135,18.920940045313404,0.18920940045313406,0.0,5.6000000000000005,627.5260326803561,6.275260326803561,0.0,9.69702993181135,189.20940045313404,6275.260326803562,6464.4697272566955,599.9589727256696,0.02926912932322264,0.9707308706767772,15.97,90.0,90.0,1437.0,6586.36,9464600.4,11.847802157365939,392.94053392633447,404.7883360837004
Sonora,San Miguel de Horcasitas,56,Hermosillo,144,Calabaza,2016,2017,29.478894,-110.788818,473.0,2,1.8333333333333333,0.0,807.5143196701758,8.075143196701758,2.7554183423539027,13.27461260071707,23.558200000000003,11.1,36.065,32.6196,14.9,47.28,14.496800000000002,5.63,27.39,25.4437,7.66,60.07,27.351100000000002,10.7,32.57,2.7087,1.58,3.9,5.089999999999999,0.05089999999999999,0.0,4.67,4.072,0.04072,0.0,3.736,15.636311328716818,7.7894172686345,19.10511221118783,0.006303293794318072,1,0,26,0,702.616657574177,7.02616657574177,1.3777091711769514,10.619690080573656,1.7137091711769514,0.017137091711769515,0.0,1.3777091711769514,700.902948403,7.00902948403,0.0,10.619690080573656,17.137091711769514,7009.029484029999,7026.166575741769,698.544657574177,0.002439038631810449,0.9975609613681895,29.8,109.0,109.0,3248.5,4643.99,15086000.0,0.575070191670118,235.20233167885903,235.77740187052913
Sonora,San Miguel de Horcasitas,56,Hermosillo,144,Calabaza,2017,2018,29.478894,-110.788818,473.0,1,1.0,0.0,836.7267209888212,8.367267209888212,4.1780670790336565,11.706977877199611,24.925549999999998,17.17,32.315,33.9783,22.36,41.87,15.8728,8.39,24.15,23.85,8.96,51.33,27.48250000000001,13.79,32.05,2.7007,1.45,4.63,0.9699999999999999,0.009699999999999999,0.0,0.5,0.776,0.00776,0.0,0.4,15.516364602767224,8.559196868540466,18.90012096863304,0.0011592793389622838,0,0,50,0,730.6625844491889,7.306625844491889,2.0890335395168282,11.438246250500928,0.776,0.00776,0.0,0.4,729.8865844491891,7.298865844491891,2.0890335395168282,11.438246250500928,7.76,7298.865844491891,7306.625844491891,729.886584449189,0.0010620497292672907,0.998937950270733,17.0,77.0,77.0,1309.0,6800.0,8901200.0,0.31960461285008235,300.61226707132994,300.93187168418
Sonora,San Miguel de Horcasitas,56,Hermosillo,144,Calabaza,2018,2019,29.478894,-110.788818,473.0,4,3.8333333333333335,1.0,861.7972401373182,8.617972401373182,4.743557529295546,11.807076625146884,25.11415,15.8,33.985,34.0431,22.05,43.12,16.1852,5.0,24.85,20.1607,6.02,46.35,26.9739,11.75,32.56,2.7651000000000003,1.63,4.33,0.16999999999999998,0.0017,0.0,0.12,0.136,0.00136,0.0,0.096,15.12327624219671,8.078577390050729,18.93693640058857,0.0001972621773224898,0,0,45,1,758.8771757700331,7.588771757700331,2.52490810083045,11.807076625146884,0.136,0.00136,0.0,0.096,758.7411757700331,7.587411757700331,2.52490810083045,11.807076625146884,1.36,7587.411757700331,7588.77175770033,758.7411757700331,0.0001792121364857241,0.9998207878635144,31.5,40.0,40.0,1260.0,9408.57,11854798.2,0.04317460317460318,240.87021453016922,240.91338913334383
Sonora,San Miguel de Horcasitas,56,Hermosillo,144,Calabaza,2019,2020,29.478894,-110.788818,473.0,1,1.0,0.0,742.221477072874,7.42221477072874,2.4071098216959657,11.022967964360644,22.447799999999997,13.105,30.26,30.923000000000002,16.52,38.95,13.9726,5.98,21.88,31.762999999999998,14.12,73.96,26.2868,4.35,32.06,2.6225,1.35,4.18,33.03,0.33030000000000004,0.0,25.36,26.424,0.26424,0.0,20.288,15.4370241576383,4.411256105479841,19.182234168584774,0.044501541683031894,3,1,19,0,659.966361286216,6.599663612862161,1.2035549108479828,11.022967964360644,7.389379816498694,0.07389379816498694,0.0,3.704,652.5769814697175,6.525769814697174,0.0,11.022967964360644,73.89379816498695,6525.769814697174,6599.663612862161,633.5423612862161,0.011196600690522236,0.9888033993094779,26.1,30.0,30.0,783.0,8852.11,6931202.13,2.831180006321339,250.02949481598367,252.86067482230501
Sonora,San Miguel de Horcasitas,56,Hermosillo,144,Calabaza,2022,2023,29.478894,-110.788818,473.0,4,2.6666666666666665,0.6666666666666666,846.7258198310221,8.46725819831022,3.62846590043004,12.917287990469095,24.089350000000003,14.78,32.385000000000005,33.452299999999994,23.76,41.38,14.726400000000002,5.47,24.25,20.5889,3.25,50.78,27.7393,10.46,32.26,2.737599999999999,1.34,4.57,0.39,0.0039000000000000003,0.0,0.2,0.31200000000000006,0.0031200000000000004,0.0,0.16000000000000003,15.449350773565104,6.976718732311029,19.43288433057279,0.00046059774116470294,0,0,41,0,743.8165037716562,7.438165037716562,1.81423295021502,12.917287990469095,0.31200000000000006,0.0031200000000000004,0.0,0.16000000000000003,743.5045037716562,7.435045037716562,1.79023295021502,12.917287990469095,3.1200000000000006,7435.045037716563,7438.165037716562,743.5045037716562,0.00041945829168611823,0.9995805417083139,16.5,10.0,10.0,165.0,13500.0,2227500.0,0.18909090909090912,450.60879016464014,450.79788107373105
Sonora,San Miguel de Horcasitas,56,Hermosillo,144,Calabaza,2023,2024,29.478894,-110.788818,473.0,2,1.2,0.0,786.5982755884811,7.865982755884811,3.567895125389905,10.532160213730643,23.003650000000004,10.0,28.884999999999998,31.867200000000008,17.09,39.98,14.140099999999997,2.91,20.79,26.655000000000005,10.07,61.13,26.7924,10.08,31.87,2.7051000000000003,1.3,3.86,8.48,0.0848,0.0,3.04,6.784000000000001,0.06784000000000001,0.0,2.4320000000000004,15.366040052416922,7.260436363299174,19.050842483020194,0.01078059825856575,4,0,28,2,696.2697269705517,6.962697269705517,1.7839475626949526,10.532160213730643,6.784000000000001,0.06784000000000001,0.0,2.4320000000000004,689.4857269705516,6.894857269705516,0.4559475626949525,10.532160213730643,67.84,6894.857269705516,6962.697269705516,689.4857269705517,0.009743350510896082,0.9902566494891037,17.99,10.0,10.0,179.9,14175.0,2550082.5,3.167872986224609,321.9639163999774,325.131789386202
Sonora,San Miguel de Horcasitas,56,Hermosillo,144,Cebolla,2010,2011,29.478894,-110.788818,473.0,1,1.0,0.0,1034.1101846097677,4.8778782292913565,1.1923889076867316,9.76154029310094,18.190117924528302,9.13,29.700000000000003,25.975943396226413,13.84,38.41,10.40429245283019,1.82,23.33,40.08858490566037,13.16,87.18,18.214669811320757,5.65,29.9,2.5123113207547165,1.12,7.28,110.06000000000002,0.5191509433962265,0.0,22.06,88.048,0.41532075471698116,0.0,17.648,9.740852948015766,4.376968154595325,17.6695474835754,0.10642966449608299,19,6,6,14,947.5282040520367,4.469472660622815,1.2520083530710682,7.321155219825704,38.54708790962685,0.1818258863661644,0.0,2.9440000000000004,908.9811161424097,4.2876467742566495,0.0,7.321155219825704,385.4708790962685,9089.811161424097,9475.282040520366,859.4802040520367,0.04068173141947964,0.9593182685805203,25.2,8.0,8.0,201.6,2200.0,443520.0,15.357405541684003,362.14387097307156,377.50127651475555
Sonora,San Miguel de Horcasitas,56,Hermosillo,144,Cebolla,2011,2012,29.478894,-110.788818,473.0,4,2.0,0.3333333333333333,1187.0064575082376,5.599087063718102,1.9705591276103673,11.386081598114494,19.549339622641508,0.6899999999999997,30.545,27.949952830188682,5.31,38.13,11.148726415094341,-3.93,22.96,30.97433962264151,8.99,72.96,19.59235849056604,6.94,30.54,2.478820754716981,1.32,8.59,19.57,0.09231132075471699,0.0,4.4,15.656,0.07384905660377358,0.0,3.5200000000000005,10.001114031040828,4.611194722949645,17.659933106232643,0.016486852178615202,8,0,15,17,1097.570664406926,5.177220115127009,2.069087083990886,10.643782815715523,15.560105848490846,0.07339672570042852,0.0,3.4241058484908447,1082.0105585584352,5.103823389426581,0.0,10.643782815715523,155.60105848490846,10820.105585584352,10975.70664406926,1081.914664406926,0.01417686018138866,0.9858231398186114,25.0,13.0,13.0,325.0,2300.0,747500.0,6.224042339396338,432.8042234233741,439.02826576277045
Sonora,San Miguel de Horcasitas,56,Hermosillo,144,Cebolla,2012,2013,29.478894,-110.788818,473.0,2,1.4285714285714286,0.0,1143.2573274356341,5.367405293125043,1.155699241331616,9.895193609964762,18.92462441314554,6.38,31.285,27.14723004694836,12.5,39.97,10.702018779342723,0.26,24.65,34.57582159624413,9.14,86.25,19.065915492957746,2.71,30.42,2.493521126760564,0.93,6.59,89.8,0.4215962441314554,0.0,45.88,71.84,0.33727699530516436,0.0,36.704,9.872782485502125,3.119764527399232,17.680837735618784,0.07854749569060232,12,4,24,21,1040.621390162176,4.885546432686273,1.213484203398197,9.808711267092201,24.730014854071683,0.11610335612240227,0.0,4.268717445753457,1015.8913753081044,4.769443076563871,0.0,9.808711267092201,247.30014854071683,10158.913753081044,10406.21390162176,968.7813901621761,0.023764661276295333,0.9762353387237047,24.1,3.0,3.0,72.3,1980.0,143154.0,10.61374028071746,436.00488210648257,446.61862238720005
Sonora,San Miguel de Horcasitas,56,Hermosillo,144,Cebolla,2013,2014,29.478894,-110.788818,473.0,1,1.0,0.0,1132.8616777767897,5.34368715932448,1.594364950773147,10.803788923755063,19.44997641509434,5.68,28.405,27.61221698113208,12.8,37.67,11.287735849056604,-2.58,21.54,33.90599056603774,4.97,80.26,18.819622641509433,4.56,30.91,2.420518867924528,1.19,5.03,53.58,0.2527358490566038,0.0,14.34,42.864000000000004,0.20218867924528303,0.0,11.472000000000001,9.835117443086483,3.812874309468894,17.32722128833722,0.047296153670895895,7,5,12,28,1038.2729339634952,4.89751383945045,1.6740831983118045,9.254002946011648,18.37429260534755,0.08667119153465824,0.0,3.260920393372083,1019.8986413581479,4.810842647915792,0.0,9.254002946011648,183.7429260534755,10198.986413581479,10382.729339634954,995.4089339634952,0.01769697735951342,0.9823030226404867,23.5,8.0,8.0,188.0,2065.0,388220.0,7.852261797157072,435.85412023852473,443.7063820356818
Sonora,San Miguel de Horcasitas,56,Hermosillo,144,Cebolla,2014,2015,29.478894,-110.788818,473.0,2,1.7142857142857142,0.0,1158.150320610563,5.462973210427184,1.521881847165269,11.54073263492665,20.374103773584903,9.690000000000001,27.35,28.37504716981132,13.06,38.88,12.37316037735849,3.48,20.26,33.12990566037736,5.34,81.34,18.557216981132076,5.6,31.35,2.4078301886792453,1.23,5.35,33.22,0.15669811320754717,0.0,8.45,26.576,0.12535849056603773,0.0,6.76,9.666212733703283,4.189666144197154,17.221117795141886,0.028683668612626046,7,3,11,4,1067.6900624385805,5.036273879427267,1.5979759395235327,8.655549476194988,15.46315887242567,0.07293942864351731,0.0,2.272605370935326,1052.2269035661548,4.963334450783749,0.0,8.655549476194988,154.6315887242567,10522.269035661548,10676.900624385804,1041.1140624385805,0.01448281614339292,0.985517183856607,22.98,9.0,9.0,206.82,2116.0,437631.12,6.639398399495779,451.79343218813,458.4328305876258
Sonora,San Miguel de Horcasitas,56,Hermosillo,144,Cebolla,2015,2016,29.478894,-110.788818,473.0,0,0.0,0.0,1026.9997912263466,4.844338637860125,1.2882404535956922,9.138346987922874,20.13525943396226,7.93,27.619999999999997,27.660660377358493,14.01,36.88,12.609858490566037,0.42,22.47,44.8016037735849,15.87,86.49,18.147594339622643,3.05,30.31,2.2926415094339623,1.13,5.59,137.5,0.6485849056603774,0.0,25.27,110.0,0.5188679245283019,0.0,20.216,10.013412466807146,3.315523649681598,17.683671442277596,0.13388512945636574,19,9,5,6,946.891819929793,4.4664708487254385,1.3526524762754768,8.818072308303659,44.54745941027868,0.21012952552018244,0.0,5.241327986175118,902.3443605195145,4.256341323205257,0.0,8.818072308303659,445.4745941027868,9023.443605195145,9468.918199297932,836.891819929793,0.04704598611231179,0.9529540138876884,23.8,10.0,10.0,238.0,2144.26,510333.88,25.239353773529,511.2432637504332,536.4826175239622
Sonora,San Miguel de Horcasitas,56,Hermosillo,144,Cebolla,2016,2017,29.478894,-110.788818,473.0,2,1.6,0.0,1105.948048159165,5.192244357554765,1.753177681646346,9.691409263879851,19.541431924882627,6.855,29.814999999999998,27.66981220657277,13.54,38.62,11.413051643192489,-0.26,22.05,38.85779342723005,9.92,80.95,18.780422535211265,4.6,30.78,2.4347417840375587,1.08,4.92,67.32000000000001,0.31605633802816907,0.0,11.3,53.85600000000001,0.25284507042253523,0.0,9.040000000000001,9.973159578139251,3.956692602046436,18.005619056965575,0.06087085203690463,15,5,13,21,1021.1106560805517,4.793946742162214,1.8169658606713834,8.743959532609818,35.06307638394236,0.16461538208423643,0.0,3.5625359861147534,986.0475796966093,4.629331360077978,0.0,8.743959532609818,350.6307638394236,9860.475796966093,10211.106560805516,967.2546560805517,0.034338174981474644,0.9656618250185253,10.5,8.0,8.0,84.0,6457.14,542399.76,33.3934060799451,939.0929330443898,972.4863391243349
Sonora,San Miguel de Horcasitas,56,Hermosillo,144,Cebolla,2017,2018,29.478894,-110.788818,473.0,1,1.0,0.0,1147.6264573212345,5.413332345854879,1.377480268938184,11.438246250500928,21.290896226415093,10.245,30.839999999999996,29.251509433962262,15.17,39.73,13.330283018867924,3.17,23.31,36.95981132075472,8.96,84.76,18.777547169811317,3.27,31.08,2.3389150943396224,0.95,6.79,87.47999999999999,0.4126415094339622,0.0,21.64,69.98400000000001,0.33011320754716983,0.0,17.312,9.930987708952834,3.3543440727482006,18.039511886342577,0.07622689372654753,10,7,50,7,1045.580354659604,4.931982804998132,1.4463542823850932,8.947072053880706,20.835792559249366,0.09828204037381777,0.0,3.305864551473235,1024.7445621003546,4.833700764624314,0.0,8.947072053880706,208.35792559249367,10247.445621003546,10455.80354659604,975.5963546596039,0.019927490475882752,0.9800725095241173,14.0,7.0,7.0,98.0,7285.71,713999.58,18.941629599317608,931.585965545777,950.5275951450946
Sonora,San Miguel de Horcasitas,56,Hermosillo,144,Cebolla,2018,2019,29.478894,-110.788818,473.0,4,2.642857142857143,0.6428571428571429,1222.3105523831846,5.765615813128229,1.318635504410625,10.373551645560754,22.108962264150946,10.43,32.02,30.15759433962264,14.76,40.97,14.060330188679245,1.7,24.57,30.371745283018864,6.02,86.17,18.517075471698114,4.44,30.25,2.398632075471698,1.06,5.74,44.54,0.2100943396226415,0.0,26.14,35.632000000000005,0.16807547169811324,0.0,20.912000000000003,9.585253381911345,3.7795592180457245,17.624376677676384,0.036439184717139764,5,2,43,9,1122.663087792331,5.295580602794014,1.3845672796311563,9.822706064122485,11.545831129161638,0.05446146759038508,0.0,1.9247951601378077,1111.1172566631694,5.241119135203629,0.0,9.822706064122485,115.45831129161638,11111.172566631694,11226.630877923311,1087.031087792331,0.010284324170545254,0.9897156758294549,13.5,6.0,6.0,81.0,8644.44,700199.64,10.262961003699234,987.6597837005951,997.9227447042944
Sonora,San Miguel de Horcasitas,56,Hermosillo,144,Cebolla,2019,2020,29.478894,-110.788818,473.0,1,1.0,0.0,964.5451150202281,4.549741108585981,0.9848345926787586,11.022967964360644,18.610424528301888,7.449999999999999,28.54,26.03740566037736,11.41,38.51,11.183443396226417,0.94,22.19,46.8261320754717,14.12,87.86,17.67070754716981,2.93,30.25,2.2547641509433967,0.91,6.51,165.26,0.7795283018867925,0.0,45.21,132.20800000000003,0.6236226415094341,0.0,36.168,9.804031625679011,3.2587545978374868,18.21873470078882,0.17133465032015036,14,5,9,15,879.8551478460867,4.150260131349465,0.991643116965422,8.267225973270483,28.819550328266132,0.13594127513333082,0.0,2.6320976146472566,851.0355975178205,4.014318856216135,0.0,8.267225973270483,288.1955032826613,8510.355975178205,8798.551478460866,747.6471478460867,0.03275488061735765,0.9672451193826423,14.31,7.0,7.0,100.2,11972.46,1199640.0,23.23220502077076,686.0424002562035,709.2746052769742
Sonora,San Miguel de Horcasitas,56,Hermosillo,144,Cebolla,2020,2021,29.478894,-110.788818,473.0,0,0.0,0.0,882.731789403833,4.144280701426446,0.7735740836069078,9.787402641454426,18.417159624413145,6.37,29.145,25.68830985915493,13.95,39.21,11.146009389671361,-2.0,21.61,53.99699530516432,21.44,94.36,17.44075117370892,2.18,29.92,2.1860093896713617,1.0,6.3,311.27,1.4613615023474178,0.0,103.22,186.76199999999997,0.8768169014084506,0.0,61.931999999999995,9.944061967218692,2.8272830450630524,17.940482635158585,0.35262126473344885,24,13,11,15,805.5591916577366,3.7819680359518153,0.8122527877872533,7.725204169761401,38.63181428834799,0.18137002013308914,0.0,2.5828992630526937,766.9273773693885,3.6005980158187256,0.0,7.725204169761401,386.3181428834799,7669.273773693885,8055.591916577365,618.7971916577367,0.04795651851336798,0.9520434814866319,13.0,8.0,5.0,65.0,12120.77,787850.05,33.11771477783797,657.4602463518119,690.5779611296498
Sonora,San Miguel de Horcasitas,56,Hermosillo,144,Cebolla,2021,2022,29.478894,-110.788818,473.0,4,3.142857142857143,1.0,1220.6441022887025,5.757755199475012,1.710241588790279,11.060415430348618,20.224999999999998,7.865,32.315,28.622735849056603,12.57,41.96,11.827264150943396,2.36,23.78,28.93075471698113,9.36,81.82,19.162264150943393,5.16,30.05,2.535707547169811,1.25,5.67,68.56,0.32339622641509436,0.0,24.84,54.848,0.2587169811320755,0.0,19.872,9.683915864183673,4.170408717687209,17.603884804146784,0.0561670677566461,7,3,41,15,1118.102730509406,5.274069483534934,1.7957536682297932,8.438519801550077,16.00335998933735,0.0754875471195158,0.0,2.7317564921295068,1102.0993705200688,5.198581936415419,0.0,8.438519801550077,160.03359989337352,11020.993705200688,11181.027305094061,1063.254730509406,0.014312960296632352,0.9856870397033678,13.33,6.0,6.0,79.98,12702.5,1015945.95,13.155248655435555,905.9592030580097,919.1144517134453
Sonora,San Miguel de Horcasitas,56,Hermosillo,144,Cebolla,2022,2023,29.478894,-110.788818,473.0,3,1.8333333333333333,0.3333333333333333,1121.0877733619382,5.288149874348765,1.6904110585158798,12.917287990469095,19.877877358490565,8.05,29.354999999999997,28.096132075471697,16.69,41.08,11.659622641509435,-0.86,19.98,36.474292452830184,4.51,83.79,19.133301886792452,5.5,30.98,2.3302830188679247,1.19,5.27,81.35000000000001,0.3837264150943397,0.0,42.24,65.08,0.3069811320754717,0.0,33.792,10.054158795950729,4.1277947686259555,17.20691387236144,0.07256345304350806,7,4,16,7,1023.255785600782,4.826678233965953,1.7749316114416738,9.687965992851822,14.616767107670482,0.06894701465882302,0.0,3.328068200820449,1008.6390184931117,4.75773121930713,0.0,9.687965992851822,146.1676710767048,10086.390184931117,10232.557856007821,958.175785600782,0.014284568251024908,0.9857154317489752,13.0,5.0,5.0,65.0,13500.0,877500.0,12.180639256392068,840.5325154109264,852.7131546673185
Sonora,San Miguel de Horcasitas,56,Hermosillo,144,Cebolla,2023,2024,29.478894,-110.788818,473.0,2,1.75,0.0,997.8844409830832,4.707002080108883,1.2566993874751642,10.532160213730643,18.143396226415096,8.29,28.5,25.908915094339626,14.98,39.98,10.377877358490565,-0.6,20.22,43.86919811320754,10.07,81.92,18.307311320754717,2.41,30.27,2.305235849056604,1.15,4.95,70.09,0.33061320754716983,0.0,13.88,56.072,0.26449056603773585,0.0,11.104000000000001,9.916322324912008,3.250411665622466,17.471854491907894,0.07023859389064091,12,4,9,20,908.9404850643232,4.28745511822794,1.3195343568489224,8.578332572437963,25.201246775632352,0.11887380554543563,0.0,2.3745536181510483,883.7392382886907,4.1685813126825035,0.0,8.578332572437963,252.01246775632353,8837.392382886906,9089.40485064323,852.8684850643232,0.027725959168656604,0.9722740408313432,12.24,17.0,17.0,208.08,12550.0,2611404.0,21.687819944606154,760.5329073052415,782.2207272498476
Sonora,San Miguel de Horcasitas,56,Hermosillo,144,Chile verde,2010,2011,29.478894,-110.788818,473.0,0,0.0,0.0,1430.464998019683,7.903121536020348,2.8242131895245977,11.65938129392675,25.772430939226517,11.96,35.769999999999996,33.80845303867404,18.66,44.65,17.736408839779006,3.6,26.89,35.96364640883978,9.73,86.21,26.875359116022093,11.68,32.38,2.5956353591160224,1.05,5.54,260.32,1.438232044198895,0.0,40.2,156.19200000000004,0.8629392265193372,0.0,24.12,16.19544934962822,8.78361651044008,19.432092069545885,0.1819827820746286,31,13,84,2,1419.156229896842,7.840642154126199,1.8515868699872942,12.242350358623087,89.60233592361023,0.4950405299646974,0.0,7.2701286187166305,1329.5538939732319,7.345601624161502,0.0,12.242350358623087,896.0233592361022,13295.53893973232,14191.562298968422,1262.964229896842,0.06313775329029377,0.9368622467097063,40.0,22.0,22.0,880.0,6100.0,5368000.0,22.400583980902557,332.38847349330797,354.78905747421055
Sonora,San Miguel de Horcasitas,56,Hermosillo,144,Chile verde,2013,2014,29.478894,-110.788818,473.0,1,1.0,0.0,1491.3064525545233,8.239262168809521,3.3381389182984376,12.802875910370803,26.93165745856353,12.565,35.6,35.07038674033149,19.72,46.22,18.792928176795577,5.41,27.82,33.131160220994474,4.97,84.92,26.686243093922656,14.07,32.47,2.6206077348066303,0.95,5.0,175.8,0.9712707182320443,0.0,22.08,140.64000000000004,0.7770165745856356,0.0,17.663999999999998,15.967347908350638,8.902728659450396,19.27227204650093,0.11788321555161556,29,13,93,0,1469.4432541447354,8.11847101737423,2.5448345604436273,13.443019705889343,107.80886135856137,0.5956290682793446,0.0,7.398635393181914,1361.634392786174,7.522841949094884,0.0,13.443019705889343,1078.0886135856138,13616.34392786174,14694.432541447355,1328.8032541447353,0.0733671484451502,0.9266328515548498,39.25,5.0,5.0,196.25,2395.0,470018.75,27.467225823837293,346.9132210920189,374.38044691585617
Sonora,San Miguel de Horcasitas,56,Hermosillo,144,Chile verde,2014,2015,29.478894,-110.788818,473.0,2,1.8181818181818181,0.0,1438.1893268075414,7.945797385677024,3.649499468138712,14.6432961758047,26.779723756906076,16.255,37.41,34.44127071823204,23.25,47.5,19.11817679558011,8.68,27.32,35.93828729281768,5.34,82.49,26.169060773480666,7.64,32.05,2.4741436464088395,0.58,5.35,219.18000000000004,1.2109392265193373,0.0,17.41,175.34400000000002,0.9687513812154698,0.0,13.928,15.804820786499256,6.616290432031372,19.42876513965343,0.15239996286617605,42,13,83,0,1421.7545024567276,7.854997251142141,2.189699680883227,15.375460984594936,131.52463156090593,0.7266554229884306,0.0,7.019204303887273,1290.2298708958215,7.12834182815371,0.0,15.375460984594936,1315.2463156090594,12902.298708958215,14217.545024567275,1246.4105024567275,0.09250867947570225,0.9074913205242977,39.5,20.0,20.0,790.0,2150.0,1698500.0,33.29737507871037,326.64047364451176,359.93784872322215
Sonora,San Miguel de Horcasitas,56,Hermosillo,144,Chile verde,2015,2016,29.478894,-110.788818,473.0,0,0.0,0.0,1302.948538870714,7.198610711992894,1.6334146996108259,12.121287414764188,25.98011049723757,13.77,34.425,33.15817679558012,18.33,43.43,18.80204419889503,8.36,26.13,44.75011049723757,11.66,85.82,25.727292817679558,6.32,32.35,2.3441436464088397,0.72,5.15,329.02,1.8177900552486186,0.0,42.78,197.412,1.0906740331491713,0.0,25.668,16.097348331489677,5.183564326611494,19.97165409809469,0.25251956634079104,43,17,63,0,1292.925843169125,7.143236702591851,0.9800488197664955,12.727351785502398,124.76854901126869,0.689329000062258,0.0,6.9890954494497946,1168.157294157856,6.453907702529592,0.0,12.727351785502398,1247.685490112687,11681.57294157856,12929.258431691247,1095.513843169125,0.09650093210716955,0.9034990678928302,29.0,10.0,10.0,290.0,8000.0,2320000.0,43.023637590092655,402.81286005443314,445.8364976445258
Sonora,San Miguel de Horcasitas,56,Hermosillo,144,Chile verde,2016,2017,29.478894,-110.788818,473.0,2,1.7272727272727273,0.0,1420.061126123379,7.845641580792149,2.7554183423539027,13.27461260071707,26.637182320441987,11.1,36.065,34.70541436464089,14.9,47.28,18.56895027624309,5.63,27.39,36.27933701657458,7.66,80.81,26.780773480662983,10.7,32.57,2.4056906077348064,0.74,3.9,224.93,1.242707182320442,0.0,21.88,179.94400000000002,0.9941657458563536,0.0,17.504,16.247570120552922,7.7894172686345,19.177595292974953,0.15839459010756518,35,16,86,0,1399.6768299888909,7.733021160159618,1.6532510054123415,13.938343230752924,133.3992765192691,0.7370125774545254,0.0,7.037271770293966,1266.2775534696216,6.996008582705092,0.0,13.938343230752924,1333.992765192691,12662.775534696215,13996.768299888907,1219.732829988891,0.09530719781960519,0.9046928021803947,35.0,25.0,25.0,875.0,6200.0,5425000.0,38.11407900550546,361.7935867056061,399.9076657111116
Sonora,San Miguel de Horcasitas,56,Hermosillo,144,Cilantro,2010,2011,29.478894,-110.788818,473.0,1,1.0,0.0,506.382846701231,5.27482131980449,1.793425583557417,10.136936014967164,23.829270833333336,10.1,32.725,31.306041666666662,16.84,40.58,16.352500000000003,3.03,25.56,43.9575,11.13,87.41,18.8365625,5.15,25.29,2.1090625,1.21,6.05,47.43,0.4940625,0.0,15.73,37.944,0.39525000000000005,0.0,12.584000000000001,10.583846418712318,4.516656923919706,16.67882356896819,0.09366431013407528,10,3,24,4,462.04066935082585,4.812923639071102,1.793425583557417,10.136936014967164,24.52881555976486,0.2555084954142173,0.0,4.04,437.511853791061,4.557415143656885,0.0,10.136936014967164,245.2881555976486,4375.11853791061,4620.406693508258,424.09666935082583,0.05308800109355788,0.9469119989064422,9.0,3.0,3.0,27.0,1750.0,47250.0,27.254239510849843,486.1242819900678,513.3785215009176
Sonora,San Miguel de Horcasitas,56,Hermosillo,144,Cilantro,2011,2012,29.478894,-110.788818,473.0,2,1.6666666666666667,0.0,531.77970726763,5.539371950704479,1.2852587678462226,8.971432534995174,24.126510416666672,8.675,33.230000000000004,31.630312500000002,13.66,40.64,16.622708333333332,1.44,25.82,41.315416666666664,13.75,83.63,18.647916666666664,4.34,24.96,2.2057291666666665,1.04,5.49,106.00999999999999,1.1042708333333333,0.0,45.88,84.808,0.8834166666666667,0.0,36.704,10.35944294522487,3.759195172389886,16.68606601729962,0.199349464733614,15,4,41,3,489.0075771227232,5.0938289283617,1.2209958294539114,8.971432534995174,30.48732801180231,0.31757633345627406,0.0,4.539233484744764,458.52024911092093,4.776252594905427,0.0,8.971432534995174,304.8732801180231,4585.202491109209,4890.0757712272325,404.1995771227232,0.06234530800358354,0.9376546919964165,9.0,5.0,5.0,45.0,1950.0,87750.0,33.68765526166001,506.65220896234354,540.3398642240036
Sonora,San Miguel de Horcasitas,56,Hermosillo,144,Cilantro,2012,2013,29.478894,-110.788818,473.0,1,1.0,0.0,495.7174211919104,5.163723137415733,2.3603821535284624,7.556292016814256,24.88026041666667,15.955,31.5,32.2190625,22.69,39.15,17.541458333333335,7.7,24.56,44.143125,14.43,89.26,18.249375,7.35,24.43,1.9014583333333333,1.04,3.33,64.62,0.6731250000000001,0.0,21.75,51.69600000000001,0.5385000000000001,0.0,17.400000000000002,10.335574449474722,4.926866849999459,16.50019895454075,0.13035652417586358,10,5,21,0,456.14417863615574,4.751501860793289,2.3603821535284624,7.556292016814256,25.33342120199906,0.2638898041874902,0.0,4.4993932580112554,430.81075743415664,4.487612056605799,0.0,7.556292016814256,253.3342120199906,4308.107574341567,4561.441786361557,404.4481786361557,0.05553818811794222,0.9444618118820577,8.9,13.0,13.0,115.7,2026.17,234427.87,28.464518204493324,484.05703082489515,512.5215490293884
Sonora,San Miguel de Horcasitas,56,Hermosillo,144,Cilantro,2013,2014,29.478894,-110.788818,473.0,0,0.0,0.0,485.18927143148505,5.054054910744636,1.521881847165269,7.812326751976911,23.688072916666666,10.545,31.715,30.889479166666664,15.05,39.53,16.486666666666668,6.04,24.95,48.31229166666666,15.64,81.34,18.326875,5.6,25.06,2.0929166666666665,1.03,4.4,112.00999999999999,1.1667708333333333,0.0,31.31,89.608,0.9334166666666667,0.0,25.048000000000002,10.561632064278966,4.189666144197154,16.702513421630016,0.23085836104646276,12,7,19,0,444.1788078302113,4.626862581564701,1.4457877548070055,7.812326751976911,33.098660377061485,0.34477771226105713,0.0,4.318925574668866,411.08014745314983,4.282084869303644,0.0,7.812326751976911,330.98660377061486,4110.801474531499,4441.788078302114,354.5708078302113,0.07451652306139186,0.9254834769386081,9.0,5.0,5.0,45.0,2045.0,92025.0,37.39961624526722,464.4973417549716,501.89695800023884
Sonora,San Miguel de Horcasitas,56,Hermosillo,144,Cilantro,2015,2016,29.478894,-110.788818,473.0,0,0.0,0.0,419.38594332776523,4.368603576330888,1.8428411285998574,6.372031405683758,23.209479166666664,11.985,30.53,29.8934375,19.89,38.62,16.525520833333335,3.43,24.17,57.43510416666667,26.21,87.73,17.02541666666667,4.51,24.18,1.9940625,0.85,4.56,163.45,1.7026041666666665,0.0,47.68,130.76,1.3620833333333333,0.0,38.144,10.139602441660308,3.956692602046436,16.053932814772804,0.3897364768667459,16,7,15,1,386.01426811154516,4.020981959495262,1.2899887900199,6.312132213813155,35.882701657585535,0.373778142266516,0.0,3.392891415347384,350.13156645395964,3.647203817228746,0.0,6.312132213813155,358.82701657585534,3501.3156645395966,3860.142681115452,255.25426811154517,0.09295693092675175,0.9070430690732483,9.4,8.0,8.0,75.2,1390.0,104528.0,35.179119272142685,343.2662416215291,378.4453608936718
Sonora,San Miguel de Horcasitas,56,Hermosillo,144,Cilantro,2017,2018,29.478894,-110.788818,473.0,2,1.25,0.0,555.8594044512703,5.790202129700732,2.775527210782399,9.354958156307129,26.821406249999995,19.72,32.724999999999994,34.5509375,25.75,40.97,19.091874999999998,13.42,25.65,37.41520833333333,12.82,74.17,18.85927083333333,4.84,25.04,2.000104166666667,0.88,3.4,38.34,0.39937500000000004,0.0,9.43,30.672,0.3195,0.0,7.5440000000000005,10.439222188786486,3.9943886475995902,16.316146621098042,0.06897427603630857,8,3,46,0,512.9877229515052,5.34362211407818,2.608626724740536,9.354958156307129,21.175248007723695,0.22057550008045515,0.0,4.139582520739263,491.8124749437816,5.123046613997725,0.0,9.354958156307129,211.75248007723695,4918.124749437816,5129.877229515053,482.3157229515052,0.041278274430995444,0.9587217255690046,12.0,4.0,4.0,48.0,8723.96,418750.08,17.64604000643641,409.84372911981797,427.4897691262544
Sonora,San Miguel de Horcasitas,56,Hermosillo,144,Cilantro,2018,2019,29.478894,-110.788818,473.0,0,0.0,0.0,420.2204123279495,4.377295961749474,1.4166330242363172,6.77727151851141,23.06489583333334,13.99,31.645000000000003,29.711354166666666,19.19,40.34,16.4184375,5.22,24.38,58.73677083333333,27.75,86.66,18.038854166666667,3.16,25.25,1.7992708333333332,0.91,6.51,173.54000000000002,1.8077083333333335,0.0,45.21,138.832,1.4461666666666666,0.0,36.168,10.772330020517842,3.4708437794436877,16.39188759773692,0.412973751176479,11,6,17,0,380.53087375526854,3.9638632682840473,1.4166330242363172,6.345494296994603,32.55588685256524,0.33912382138088787,0.0,3.8560000000000003,347.9749869027033,3.6247394469031593,0.0,6.345494296994603,325.5588685256524,3479.7498690270327,3805.308737552685,241.69887375526855,0.08555386460837593,0.914446135391624,12.0,2.0,2.0,24.0,7356.25,176550.0,27.129905710471032,289.9791557522527,317.10906146272373
Sonora,San Miguel de Horcasitas,56,Hermosillo,144,Cilantro,2019,2020,29.478894,-110.788818,473.0,0,0.0,0.0,408.7634665733191,4.257952776805407,0.7735740836069078,7.357337304534667,23.633072916666666,13.115,30.985,30.053125000000005,15.92,38.93,17.213020833333335,8.34,24.49,61.05489583333334,31.9,94.36,17.0396875,2.18,24.98,1.8954166666666665,1.0,5.58,311.84,3.248333333333333,0.0,103.22,187.10399999999998,1.9489999999999998,0.0,61.931999999999995,10.382750043971035,2.8272830450630524,16.833869404727828,0.7628861811310279,28,15,12,0,372.57706279018146,3.881011070731057,0.7348953794265624,7.357337304534667,61.72310637744058,0.642949024765006,0.0,4.1819999999999995,310.85395641274084,3.2380620459660503,0.0,7.357337304534667,617.2310637744058,3108.5395641274085,3725.7706279018144,185.47306279018147,0.16566534159457968,0.8343346584054202,9.0,2.0,2.0,18.0,12500.0,225000.0,68.58122930826731,345.3932849030454,413.97451421131274
Sonora,San Miguel de Horcasitas,56,Hermosillo,144,Cilantro,2022,2023,29.478894,-110.788818,473.0,0,0.0,0.0,403.9999736122242,4.208333058460669,1.7609030988922114,6.415971795657451,22.279322916666672,13.445,29.705,28.87552083333333,19.62,37.17,15.683125000000002,6.17,23.72,59.654791666666675,33.87,82.16,17.8940625,7.44,24.94,1.7947916666666668,0.75,4.95,93.47,0.9736458333333333,0.0,28.2,74.77600000000001,0.7789166666666668,0.0,22.560000000000002,10.600491988114255,5.154959780497675,16.36190807770853,0.23136140125027915,18,3,9,0,369.1621364056429,3.845438920892114,1.6338181484771013,6.415971795657451,40.8928349871169,0.42596703111580103,0.0,3.9866670664199346,328.269301418526,3.419471889776313,0.0,6.415971795657451,408.92834987116896,3282.6930141852604,3691.6213640564292,294.3861364056429,0.11077201845582293,0.8892279815441771,12.12,2.0,2.0,24.24,8018.31,194363.83,38.72427555598191,310.86108088875574,349.58535644473767
Sonora,San Miguel de Horcasitas,56,Hermosillo,144,Cilantro,2023,2024,29.478894,-110.788818,473.0,4,4.0,1.0,575.2351766483962,5.99203309008746,2.5496582070392093,8.862937526195141,26.617552083333333,15.31,34.51,34.316562499999996,20.69,43.79,18.918541666666666,8.68,25.91,35.87083333333333,12.09,72.29,19.109895833333336,5.77,26.16,2.1265625,1.0,5.99,40.04,0.4170833333333333,0.0,26.48,32.032,0.3336666666666666,0.0,21.184,10.515865016283653,4.450895334873772,16.789424957641636,0.06960631342695832,3,2,51,0,523.9867931527156,5.4581957620074535,2.4221752966872487,8.862937526195141,10.703614583198522,0.11149598524165127,0.0,3.239471904856562,513.2831785695171,5.346699776765803,0.0,8.862937526195141,107.03614583198522,5132.831785695171,5239.867931527156,491.9547931527156,0.020427260234551298,0.9795727397654488,13.21,2.0,2.0,26.42,8419.23,222436.06,9.837881050733936,471.7676273616885,481.6055084124224
Sonora,San Miguel de Horcasitas,56,Hermosillo,144,Col (repollo),2010,2011,29.478894,-110.788818,473.0,1,1.0,0.0,745.6292017026997,4.491742178931926,1.1923889076867316,8.278512279914546,20.032138554216868,9.13,31.46,27.363433734939758,13.84,40.42,12.700843373493976,1.82,24.22,44.00915662650603,19.35,87.18,16.343554216867467,5.65,24.43,2.2439156626506023,0.93,7.28,149.26,0.899156626506024,0.0,22.06,119.408,0.7193253012048193,0.0,17.648,8.791469770087609,4.376968154595325,15.76894419906259,0.2001799281186328,25,9,28,10,697.0697469794857,4.1992153432499135,1.132769462302395,7.3381825378471035,55.534013066644924,0.3345422473894272,0.0,4.23551194158641,641.5357339128408,3.8646730958604865,0.0,7.3381825378471035,555.3401306664492,6415.357339128408,6970.697469794857,577.6617469794857,0.07966779982531541,0.9203322001746846,25.0,10.0,10.0,250.0,6054.0,1513500.0,22.213605226657968,256.61429356513634,278.8278987917943
Sonora,San Miguel de Horcasitas,56,Hermosillo,144,Col (repollo),2011,2012,29.478894,-110.788818,473.0,1,1.0,0.0,814.3224248867268,4.9055567764260655,1.793425583557417,10.136936014967164,20.657771084337348,0.6899999999999997,32.725,28.39246987951807,5.31,40.58,12.923072289156627,-3.93,25.56,38.56524096385542,10.25,87.41,17.44686746987952,5.15,25.29,2.2704819277108435,1.21,8.59,49.47,0.29801204819277105,0.0,15.73,39.576,0.23840963855421687,0.0,12.584000000000001,9.078191592164464,4.516656923919706,16.67882356896819,0.06074989277973197,11,3,24,16,765.7107560134073,4.612715397671128,1.2553979084901918,10.643782815715523,24.5021708918354,0.14760343910744217,0.0,4.04,741.2085851215718,4.465111958563686,0.0,10.643782815715523,245.02170891835402,7412.085851215717,7657.107560134072,726.1347560134072,0.03199925128308682,0.9680007487169131,26.0,5.0,5.0,130.0,4710.0,612300.0,9.423911881475155,285.08022504675836,294.5041369282335
Sonora,San Miguel de Horcasitas,56,Hermosillo,144,Col (repollo),2012,2013,29.478894,-110.788818,473.0,2,1.4,0.0,805.9719702936702,4.855252833094399,1.155699241331616,8.971432534995174,20.503222891566264,6.38,33.230000000000004,28.171144578313253,12.5,40.64,12.835301204819276,0.26,25.82,41.77506024096385,13.75,86.25,17.126807228915663,2.71,24.96,2.3221084337349396,1.04,6.59,126.25999999999999,0.7606024096385542,0.0,45.88,101.00800000000001,0.6084819277108434,0.0,36.704,9.03564185758446,3.119764527399232,16.68606601729962,0.15665557197230434,20,6,41,15,749.259725488341,4.513612804146633,1.213484203398197,9.420004161744933,42.035380863050676,0.253225185921992,0.0,4.539233484744764,707.2243446252904,4.260387618224641,0.0,9.420004161744933,420.35380863050676,7072.2434462529045,7492.597254883412,648.251725488341,0.05610254953401306,0.943897450465987,25.0,3.0,3.0,75.0,6175.0,463125.0,16.747163690458436,281.76268710170933,298.50985079216775
Sonora,San Miguel de Horcasitas,56,Hermosillo,144,Col (repollo),2013,2014,29.478894,-110.788818,473.0,1,1.0,0.0,745.1092319368728,4.488609830945017,1.594364950773147,7.556292016814256,20.500933734939757,5.68,31.5,27.86897590361446,12.8,39.15,13.13289156626506,-2.58,24.56,43.57066265060241,14.43,89.26,16.50222891566265,4.56,24.43,2.0854216867469875,1.04,4.47,111.0,0.6686746987951807,0.0,21.75,88.80000000000001,0.5349397590361447,0.0,17.400000000000002,8.895479955601733,3.812874309468894,16.50019895454075,0.1489714463897612,16,9,21,22,698.2853190202588,4.206538066387101,1.6522675074699236,6.918223423686702,40.539373203645184,0.244213091588224,0.0,4.4993932580112554,657.7459458166136,3.962324974798877,0.0,6.918223423686702,405.39373203645187,6577.459458166136,6982.853190202588,609.4853190202589,0.058055600052604066,0.9419443999473959,24.5,10.0,10.0,245.0,6170.0,1511650.0,16.828299378848147,273.0369222983037,289.86522167715185
Sonora,San Miguel de Horcasitas,56,Hermosillo,144,Col (repollo),2014,2015,29.478894,-110.788818,473.0,2,2.0,0.0,802.9539933895958,4.8370722493349145,1.521881847165269,7.859746695456614,21.06078313253012,9.690000000000001,31.715,28.62753012048193,13.06,39.53,13.494036144578315,3.48,24.95,41.44120481927711,12.84,81.34,16.98042168674699,5.6,25.06,2.2345180722891564,1.03,4.94,120.53999999999999,0.726144578313253,0.0,31.31,96.432,0.5809156626506025,0.0,25.048000000000002,9.023971093238368,4.189666144197154,16.702513421630016,0.1501206806272319,13,8,19,4,753.8343689398727,4.541170897228149,1.5979759395235327,8.252734030229446,35.27664858799099,0.21250993125295778,0.0,4.318925574668866,718.5577203518817,4.328660965975191,0.0,8.252734030229446,352.7664858799099,7185.5772035188165,7538.343689398726,657.4023689398726,0.04679628581753444,0.9532037141824656,23.98,10.0,10.0,239.8,2895.0,694221.0,14.71086263052168,299.6487574444878,314.35962007500945
Sonora,San Miguel de Horcasitas,56,Hermosillo,144,Col (repollo),2015,2016,29.478894,-110.788818,473.0,0,0.0,0.0,720.4039513389788,4.339782839391439,1.2882404535956922,7.6850209859961325,21.204156626506023,7.93,32.379999999999995,28.242469879518072,14.01,41.01,14.165843373493978,0.42,23.93,50.56060240963854,18.34,86.49,16.333373493975905,3.05,25.72,2.1272289156626507,0.56,5.59,260.36,1.568433734939759,0.0,66.11,156.216,0.9410602409638554,0.0,39.666,9.077962689280406,3.315523649681598,16.625532261292282,0.36140834529860905,25,11,12,6,680.4930343529213,4.099355628632056,1.2238284309159075,7.523773368363135,50.09541445442712,0.30177960514715135,0.0,3.6636545054395393,630.3976198984942,3.797576023484905,0.0,7.523773368363135,500.95414454427123,6303.976198984942,6804.930343529213,524.2770343529213,0.07361635156495422,0.9263836484350458,24.0,5.0,5.0,120.0,6185.0,742200.0,18.55385720534338,233.48059996240525,252.03445716774863
Sonora,San Miguel de Horcasitas,56,Hermosillo,144,Col (repollo),2016,2017,29.478894,-110.788818,473.0,0,0.0,0.0,700.6069862297786,4.220524013432401,1.753177681646346,6.932149956176707,19.875180722891564,6.855,30.53,27.11463855421687,13.54,38.62,12.635722891566266,-0.26,24.17,50.85548192771085,17.32,87.73,16.210843373493976,4.51,24.18,2.2301204819277105,0.85,4.92,198.08,1.1932530120481928,0.0,47.68,158.464,0.9546024096385543,0.0,38.144,8.902214023781204,3.956692602046436,16.053932814772804,0.2827262700675319,23,10,15,21,660.118040746832,3.9766147032941688,1.2899887900199,6.690632975967946,49.5035492300596,0.2982141519883108,0.0,3.5625359861147534,610.6144915167724,3.678400551305858,0.0,6.690632975967946,495.035492300596,6106.144915167724,6601.1804074683205,501.654040746832,0.0749919653370679,0.9250080346629321,31.0,5.0,5.0,155.0,3850.0,596750.0,15.968886848406322,196.9724166183137,212.94130346672003
Sonora,San Miguel de Horcasitas,56,Hermosillo,144,Col (repollo),2017,2018,29.478894,-110.788818,473.0,0,0.0,0.0,782.082543022142,4.711340620615313,1.377480268938184,8.52102100369591,21.98719879518072,10.245,30.950000000000003,29.37439759036145,15.17,40.27,14.6,3.17,23.65,43.99626506024096,16.84,84.76,16.607409638554216,3.27,26.25,2.14855421686747,0.95,6.79,121.98000000000002,0.7348192771084339,0.0,31.95,97.584,0.587855421686747,0.0,25.560000000000002,8.95846251104454,3.3543440727482006,16.375290362772745,0.15596819170600842,12,9,43,7,733.369239642062,4.417886985795554,1.4463542823850932,8.947072053880706,27.861529461143107,0.16784053892254883,0.0,4.072,705.5077101809189,4.2500464468730055,0.0,8.947072053880706,278.61529461143107,7055.077101809189,7333.69239642062,635.7852396420619,0.037991134554186616,0.9620088654458134,32.0,10.0,10.0,320.0,4600.0,1472000.0,8.70672795660722,220.47115943153716,229.17788738814437
Sonora,San Miguel de Horcasitas,56,Hermosillo,144,Col (repollo),2018,2019,29.478894,-110.788818,473.0,3,2.0,0.375,877.2846039295605,5.284847011623858,1.318635504410625,9.354958156307129,23.441746987951806,10.43,32.724999999999994,31.19506024096385,14.76,40.97,15.68843373493976,1.7,25.65,36.2183734939759,12.82,86.17,17.142108433734936,4.44,25.04,2.21855421686747,0.88,5.74,66.19,0.3987349397590361,0.0,26.14,52.952000000000005,0.31898795180722894,0.0,20.912000000000003,8.960049414732259,3.7795592180457245,16.316146621098042,0.07544871949595341,9,4,46,5,826.6716692176356,4.97994981456407,1.3845672796311563,9.822706064122485,23.927815287354854,0.14414346558647503,0.0,4.139582520739263,802.7438539302806,4.835806348977594,0.0,9.822706064122485,239.27815287354855,8027.438539302806,8266.716692176355,773.7196692176356,0.02894476268915833,0.9710552373108415,40.0,9.0,9.0,360.0,4627.78,1666000.8,5.981953821838713,200.68596348257014,206.66791730440886
Sonora,San Miguel de Horcasitas,56,Hermosillo,144,Col (repollo),2019,2020,29.478894,-110.788818,473.0,0,0.0,0.0,661.6488346895136,3.985836353551287,0.9848345926787586,6.77727151851141,19.92340361445783,7.449999999999999,31.645000000000003,26.769698795180727,12.77,40.34,13.07710843373494,1.13,24.38,54.885,20.78,87.86,16.108132530120482,2.93,25.25,2.001506024096386,0.91,6.51,208.23000000000002,1.254397590361446,0.0,45.21,166.58400000000003,1.0035180722891568,0.0,36.168,9.134135666641745,3.2587545978374868,16.39188759773692,0.3147137712374486,18,7,17,9,614.2741898449622,3.7004469267768805,1.0340763223126965,7.013441065099298,46.26956878759751,0.27873234209396086,0.0,3.8560000000000003,568.0046210573646,3.421714584682919,0.0,7.013441065099298,462.69568787597507,5680.046210573646,6142.741898449621,447.6901898449621,0.07532396697194062,0.9246760330280593,31.0,8.0,8.0,248.0,5066.94,1256601.12,14.925667350837905,183.2272971152789,198.1529644661168
Sonora,San Miguel de Horcasitas,56,Hermosillo,144,Col (repollo),2022,2023,29.478894,-110.788818,473.0,1,1.0,0.0,727.2857085314549,4.381239208020813,1.6904110585158798,7.0121703272836875,20.83156626506024,8.05,29.72,28.160240963855426,16.69,38.21,13.502891566265058,-0.86,24.29,48.06120481927711,21.92,83.79,16.814036144578314,5.5,24.57,2.0081927710843375,0.67,5.27,163.09,0.9824698795180723,0.0,42.24,130.47199999999998,0.7859759036144577,0.0,33.792,9.237991820011716,4.1277947686259555,16.52208671099474,0.224244747403759,20,11,10,5,682.1264641347859,4.109195567077023,1.7749316114416738,7.1361697343531665,48.04506557042076,0.2894281058459082,0.0,4.08818655617602,634.0813985643653,3.819767461231116,0.0,7.1361697343531665,480.45065570420763,6340.813985643653,6821.264641347861,551.6544641347859,0.07043424950732774,0.9295657504926724,40.0,4.0,4.0,160.0,4200.0,672000.0,12.01126639260519,158.52034964109131,170.5316160336965
Sonora,San Miguel de Horcasitas,56,Hermosillo,144,Col (repollo),2023,2024,29.478894,-110.788818,473.0,2,2.0,0.0,656.5103823887739,3.9548818216191197,1.7609030988922114,8.169840545179012,19.111656626506022,8.29,29.705,26.10777108433735,14.98,37.17,12.115542168674699,-0.6,23.72,53.31861445783132,16.77,82.16,16.368313253012047,4.63,24.94,2.020963855421687,0.75,4.95,116.06,0.6991566265060241,0.0,28.2,92.84800000000001,0.5593253012048194,0.0,22.560000000000002,9.088471626549305,3.8362762871138236,16.36190807770853,0.1767831905075209,22,4,9,16,615.1321103455978,3.705615122563842,1.6338181484771013,7.7613485179200605,46.40438592194321,0.279544493505682,0.0,3.723455431351107,568.7277244236545,3.42607062905816,0.0,7.7613485179200605,464.0438592194321,5687.277244236546,6151.321103455978,522.2841103455978,0.07543808092845612,0.9245619190715438,40.63,7.0,7.0,284.41,4452.55,1266349.2,11.421212385415506,139.97728880720024,151.39850119261575
Sonora,San Miguel de Horcasitas,56,Hermosillo,144,Coliflor,2013,2014,29.478894,-110.788818,473.0,1,1.0,0.0,722.7695740329564,4.5173098377059775,1.594364950773147,7.556292016814256,20.844187499999997,5.68,31.5,28.188312500000002,12.8,39.15,13.500062500000002,-2.58,24.56,43.516125,14.43,89.26,16.415875,4.56,24.43,2.07275,1.04,4.47,110.98,0.693625,0.0,21.75,88.78400000000002,0.5549000000000002,0.0,17.400000000000002,8.865602538731636,3.812874309468894,16.50019895454075,0.15354824550893395,16,9,21,17,677.3984875981438,4.233740547488399,1.6522675074699236,6.918223423686702,40.0038821384754,0.25002426336547123,0.0,4.4993932580112554,637.3946054596684,3.983716284122927,0.0,6.918223423686702,400.038821384754,6373.946054596683,6773.984875981437,588.6144875981438,0.05905516896017501,0.940944831039825,24.6,8.0,8.0,196.8,2183.0,429614.4,16.496446242670267,262.8431362720282,279.33958251469846
Sonora,San Miguel de Horcasitas,56,Hermosillo,144,Espinaca,2013,2014,29.478894,-110.788818,473.0,0,0.0,0.0,469.1291107051349,5.15526495280368,1.8939117289574552,7.812326751976911,23.982527472527472,14.594999999999999,31.715,31.283406593406593,19.7,39.53,16.681648351648352,6.99,24.95,48.02516483516484,15.64,81.34,18.824175824175825,7.69,25.06,2.0684615384615386,1.03,4.4,106.35999999999999,1.1687912087912087,0.0,31.31,85.088,0.935032967032967,0.0,25.048000000000002,10.850065507747855,5.133465039316835,16.702513421630016,0.22671797075251465,11,6,19,0,426.3395428924743,4.685049921895322,1.7992161425095823,7.812326751976911,31.22087262225448,0.3430865123324668,0.0,4.318925574668866,395.11867027021987,4.341963409562855,0.0,7.812326751976911,312.2087262225448,3951.1867027021985,4263.395428924743,341.2515428924743,0.07323006543197565,0.9267699345680245,14.5,3.0,2.75,39.88,2640.0,105283.2,21.531636291209985,272.4956346691171,294.0272709603271
Sonora,San Miguel de Horcasitas,56,Hermosillo,144,Hortalizas,2014,2015,29.478894,-110.788818,473.0,2,2.0,0.0,749.4592051166514,4.804225673824689,1.521881847165269,7.859746695456614,21.198301282051286,9.690000000000001,31.715,28.675961538461543,13.06,39.53,13.720641025641026,3.48,24.95,42.350769230769224,13.28,81.34,16.86570512820513,5.6,25.06,2.2369871794871794,1.03,4.94,120.53999999999999,0.7726923076923077,0.0,31.31,96.43199999999999,0.618153846153846,0.0,25.048000000000002,9.02612638753274,4.189666144197154,16.702513421630016,0.1608359723612151,13,8,19,4,695.5910333555724,4.458916880484439,1.3696936624487421,8.202943089575756,34.813998087778074,0.22316665440883382,0.0,4.318925574668866,660.7770352677944,4.235750226075605,0.0,8.202943089575756,348.1399808777808,6607.770352677944,6955.910333555725,599.1590333555724,0.050049521081134814,0.9499504789188652,14.65,6.5,6.5,95.23,3210.0,305688.3,23.76382122032633,451.0423448926924,474.8061661130188
Sonora,San Miguel de Horcasitas,56,Hermosillo,144,Lechuga,2010,2011,29.478894,-110.788818,473.0,1,1.0,0.0,469.43045729963336,4.428589219807862,1.8741696333869522,6.988745274140098,19.25424528301887,10.22,29.700000000000003,26.873207547169805,16.14,38.41,11.635283018867925,1.82,23.33,37.250283018867925,19.35,80.02,15.38066037735849,6.28,22.6,2.2663207547169812,1.12,4.62,28.95,0.2731132075471698,0.0,9.02,23.160000000000004,0.2184905660377359,0.0,7.216,7.63389841323865,5.061803134416452,12.708549607615868,0.06167047653135439,7,2,6,5,431.91081147370284,4.0746302969217245,1.503426490901513,6.96938669723758,14.08299169555977,0.13285841222226197,0.0,2.731565204658256,417.82781977814307,3.9417718846994627,0.0,6.96938669723758,140.8299169555977,4178.27819778143,4319.108114737028,408.7508114737028,0.03260624953449961,0.9673937504655004,24.93,10.0,10.0,249.25,2100.0,523425.0,5.641094210118073,167.36543952659443,173.0065337367125
Sonora,San Miguel de Horcasitas,56,Hermosillo,144,Lechuga,2011,2012,29.478894,-110.788818,473.0,1,1.0,0.0,489.97061187082465,4.622364262932308,1.9705591276103673,10.136936014967164,19.533160377358495,9.05,30.545,27.355094339622646,13.51,38.13,11.71122641509434,2.79,22.96,37.41028301886793,11.13,72.96,16.334716981132072,6.94,22.41,2.2535849056603774,1.32,6.05,13.149999999999999,0.12405660377358489,0.0,3.31,10.52,0.09924528301886792,0.0,2.648,8.048662179859726,4.611194722949645,14.001557430627646,0.026838344344347842,6,0,5,11,450.4223970037168,4.249267896261479,1.872031171229849,10.136936014967164,10.52,0.09924528301886792,0.0,2.648,439.9023970037168,4.150022613242611,0.5360311712298489,10.136936014967164,105.19999999999999,4399.0239700371685,4504.223970037168,439.9023970037168,0.02335585457113313,0.9766441454288669,24.0,11.0,11.0,264.0,2200.0,580800.0,4.383333333333333,183.29266541821536,187.6759987515487
Sonora,San Miguel de Horcasitas,56,Hermosillo,144,Lechuga,2012,2013,29.478894,-110.788818,473.0,2,1.3333333333333333,0.0,482.4244118441071,4.55117369664252,1.155699241331616,8.971432534995174,18.846320754716984,6.38,31.285,26.48443396226415,12.5,39.97,11.208207547169808,0.26,24.65,41.16103773584906,13.75,86.25,15.791603773584907,2.71,22.75,2.4718867924528305,1.16,6.59,82.12,0.7747169811320755,0.0,45.88,65.696,0.6197735849056604,0.0,36.704,7.862631369901264,3.119764527399232,12.78161608916429,0.1702235583105953,10,4,18,15,433.0653351459156,4.085522029678449,1.0979142792650352,6.816059409042018,18.136940770309234,0.17110321481423807,0.0,3.86217292711027,414.92839437560633,3.9144188148642107,0.0,6.816059409042018,181.36940770309235,4149.283943756063,4330.653351459156,367.36933514591556,0.041880379929735624,0.9581196200702643,24.0,2.0,2.0,48.0,2230.0,107040.0,7.499251920739811,171.56435574761477,179.0636076683546
Sonora,San Miguel de Horcasitas,56,Hermosillo,144,Lechuga,2013,2014,29.478894,-110.788818,473.0,1,1.0,0.0,465.00753319541815,4.386863520711492,1.594364950773147,7.556292016814256,19.830235849056606,6.205,28.405,27.368207547169813,12.8,37.67,12.292264150943394,-1.24,21.54,38.95122641509434,14.43,76.48,15.566226415094341,4.56,23.17,2.1272641509433963,1.19,4.4,25.55,0.2410377358490566,0.0,12.31,20.44,0.19283018867924528,0.0,9.848,7.859712677352806,3.812874309468894,13.275374366372233,0.05494534642143675,4,2,7,12,425.74209676505984,4.016434875142074,1.5146467032344895,6.588784213034954,8.747172406185875,0.08252049439797995,0.0,2.5055515963276767,416.994924358874,3.9339143807440946,0.0,6.588784213034954,87.47172406185875,4169.9492435887405,4257.420967650599,405.30209676505984,0.020545707066907427,0.9794542929330927,23.65,9.0,9.0,212.85,4100.0,872685.0,3.750127505331565,178.77595899630185,182.52608650163342
Sonora,San Miguel de Horcasitas,56,Hermosillo,144,Lechuga,2014,2015,29.478894,-110.788818,473.0,0,0.0,0.0,478.32830636370943,4.512531192110466,1.521881847165269,7.859746695456614,19.575330188679242,9.690000000000001,26.845,27.145754716981134,13.06,36.0,12.00490566037736,3.48,20.26,41.05169811320755,15.14,81.34,15.580754716981131,5.6,22.95,2.373301886792453,1.23,4.94,29.249999999999996,0.27594339622641506,0.0,8.45,23.4,0.22075471698113205,0.0,6.76,7.888842199025103,4.189666144197154,13.538108238110196,0.06115046843529054,5,3,2,3,437.6589713083938,4.128858219890508,1.4457877548070055,7.466759360683783,11.860417631196647,0.11189073236977969,0.0,2.1643860675574533,425.7985536771971,4.016967487520727,0.0,7.466759360683783,118.60417631196647,4257.985536771971,4376.589713083938,414.2589713083938,0.027099678993759903,0.97290032100624,24.0,14.0,14.0,336.0,2264.0,760704.0,4.983368752603633,178.9069553265534,183.89032407915704
Sonora,San Miguel de Horcasitas,56,Hermosillo,144,Lechuga,2015,2016,29.478894,-110.788818,473.0,0,0.0,0.0,441.3204806975834,4.163400761297956,1.9154437859739881,7.165498446060128,19.877924528301882,7.93,27.619999999999997,27.144905660377365,14.01,36.05,12.610943396226414,0.42,22.47,48.221792452830194,18.34,78.77,15.741415094339622,7.59,23.48,2.1685849056603774,1.13,5.59,17.560000000000002,0.1656603773584906,0.0,6.77,14.048000000000002,0.13252830188679246,0.0,5.416,8.320835365109106,4.771200335552967,14.096590824490242,0.03978967840387417,6,1,3,5,404.60066469766485,3.816987402808159,1.8196715966752885,7.165498446060128,11.066526263257092,0.10440119116280276,0.0,2.4345262632570916,393.53413843440774,3.712586211645356,0.0,7.165498446060128,110.66526263257092,3935.3413843440776,4046.0066469766484,390.55266469766485,0.0273517253648767,0.9726482746351233,23.4,6.0,6.0,140.4,2245.34,315245.74,4.729284727887646,168.1769822369264,172.90626696481405
Sonora,San Miguel de Horcasitas,56,Hermosillo,144,Lechuga,2016,2017,29.478894,-110.788818,473.0,0,0.0,0.0,402.3397286301707,3.7956578172657616,1.753177681646346,6.372031405683758,18.39933962264151,6.855,29.814999999999998,25.571320754716986,13.54,38.62,11.227358490566036,-0.26,22.05,51.561132075471704,22.43,80.95,15.198867924528303,4.6,22.08,2.21066037735849,1.08,4.56,54.68000000000001,0.5158490566037737,0.0,11.3,43.74400000000001,0.4126792452830189,0.0,9.040000000000001,8.075890825761913,3.956692602046436,13.958263176348993,0.13590504767244022,13,4,4,15,369.0078447110795,3.481206082179995,1.6655187975640287,6.372031405683758,28.168201077953626,0.2657377460184304,0.0,3.392891415347384,340.8396436331259,3.215468336161565,0.0,6.372031405683758,281.68201077953626,3408.396436331259,3690.078447110795,325.26384471107946,0.07633496545312841,0.9236650345468717,32.0,13.0,13.0,416.0,4116.11,1712301.76,8.802562836860508,106.51238863535184,115.31495147221234
Sonora,San Miguel de Horcasitas,56,Hermosillo,144,Lechuga,2017,2018,29.478894,-110.788818,473.0,0,0.0,0.0,490.8914893691368,4.631051786501291,1.377480268938184,8.52102100369591,21.834622641509434,10.245,30.839999999999996,29.285188679245284,15.35,39.73,14.384056603773585,4.36,23.31,39.342358490566035,16.84,84.41,15.451415094339621,3.27,23.16,2.1138679245283023,0.95,4.79,43.6,0.41132075471698115,0.0,14.77,34.88,0.3290566037735849,0.0,11.816,7.838721568375835,3.3543440727482006,13.02066613256604,0.08881799938318753,5,4,26,2,447.31766346942027,4.219977957258682,1.3086062554912747,8.52102100369591,10.283743735412298,0.09701645033407828,0.0,2.991020308475784,437.033919734008,4.122961506924604,0.0,8.52102100369591,102.83743735412298,4370.33919734008,4473.176634694203,412.4376634694203,0.02298980025883847,0.9770101997411617,30.0,6.0,6.0,180.0,3525.0,634500.0,3.4279145784707663,145.67797324466935,149.1058878231401
Sonora,San Miguel de Horcasitas,56,Hermosillo,144,Lechuga,2018,2019,29.478894,-110.788818,473.0,3,1.6666666666666667,0.16666666666666666,537.6131154839301,5.07182184418802,1.318635504410625,9.354958156307129,23.220188679245286,10.43,32.02,30.956509433962268,14.76,40.97,15.483867924528301,1.7,24.57,33.60358490566038,12.82,86.17,15.752358490566039,4.44,23.26,2.1997169811320756,1.06,5.74,29.15,0.27499999999999997,0.0,26.14,23.320000000000004,0.22000000000000003,0.0,20.912000000000003,7.797998399301094,3.7795592180457245,13.19108927869575,0.054221147439382604,1,1,29,3,489.69069648034525,4.61972355170137,1.2527037291900938,9.354958156307129,3.660703729190094,0.03453494084141598,0.0,1.2527037291900938,486.0299927511552,4.585188610859954,0.0,9.354958156307129,36.60703729190094,4860.299927511552,4896.906964803453,466.37069648034526,0.007475542736469006,0.9925244572635311,33.0,10.0,10.0,330.0,5693.94,1879000.2,1.1093041603606344,147.28181598519853,148.39112014555917
Sonora,San Miguel de Horcasitas,56,Hermosillo,144,Lechuga,2019,2020,29.478894,-110.788818,473.0,0,0.0,0.0,375.8311938706651,3.545577300666652,0.9848345926787586,6.67946768104695,18.385424528301886,7.449999999999999,27.525,25.198490566037737,12.77,34.96,11.572358490566039,1.13,22.19,55.22207547169811,27.75,87.86,14.786132075471695,2.93,22.37,1.991509433962264,0.91,6.51,108.13,1.0200943396226414,0.0,45.21,86.50400000000002,0.8160754716981133,0.0,36.168,8.03683476544281,3.2587545978374868,13.878967756193564,0.28770895488044773,8,3,0,6,345.3127059855865,3.2576670375998726,0.9355928630448206,6.67946768104695,16.89868189691131,0.15942152732935197,0.0,1.7826584417564957,328.4140240886752,3.098245510270521,0.0,6.67946768104695,168.9868189691131,3284.140240886752,3453.1270598558654,258.80870598558647,0.04893733014740752,0.9510626698525926,32.9,4.0,4.0,131.6,6193.85,815110.66,5.136377476264836,99.82189182026602,104.95826929653086
Sonora,San Miguel de Horcasitas,56,Hermosillo,144,Lechuga,2020,2021,29.478894,-110.788818,473.0,0,0.0,0.0,371.4157369213929,3.5039220464282352,0.7735740836069078,7.357337304534667,18.852735849056604,7.405,29.075000000000003,25.669811320754718,13.95,36.95,12.035660377358491,0.38,21.61,58.36415094339623,31.9,94.36,14.801037735849054,2.18,22.01,2.111415094339623,1.0,6.3,209.05,1.9721698113207549,0.0,103.22,167.23999999999998,1.5777358490566036,0.0,82.57600000000001,8.125689469338866,2.8272830450630524,13.432075569772712,0.5628463719194637,13,8,3,10,337.5099132647887,3.1840557855168745,0.7735740836069078,7.357337304534667,21.701295712656155,0.20472920483637883,0.0,2.2709786029924115,315.8086175521325,2.979326580680495,0.0,7.357337304534667,217.01295712656156,3158.086175521325,3375.0991326478866,170.2699132647887,0.06429824683588095,0.935701753164119,32.0,6.0,4.5,144.0,4277.77,615998.88,6.781654910205049,98.6901929850414,105.47184789524646
Sonora,San Miguel de Horcasitas,56,Hermosillo,144,Lechuga,2021,2022,29.478894,-110.788818,473.0,4,3.1666666666666665,1.0,569.3549692714826,5.371273295013986,1.9652629575066738,8.301574432837953,21.27674528301887,10.455,32.315,29.532547169811323,17.1,41.96,13.020943396226413,3.1,23.78,26.013584905660373,11.87,76.95,16.497169811320752,8.58,22.85,2.4117924528301886,1.31,5.67,18.880000000000003,0.17811320754716983,0.0,13.16,15.104,0.14249056603773586,0.0,10.528,7.582181260030116,4.6051899832205745,12.34478843117445,0.033160332339169506,3,1,31,7,516.785306814112,4.875333083152,1.86699980963134,8.036685525285787,6.44299980963134,0.060783017071993774,0.0,2.488,510.34230700448063,4.814550066080006,0.0,8.036685525285787,64.4299980963134,5103.423070044806,5167.853068141119,501.681306814112,0.012467459358222216,0.9875325406417778,30.0,4.0,4.0,120.0,4500.0,540000.0,2.1476666032104466,170.11410233482687,172.2617689380373
Sonora,San Miguel de Horcasitas,56,Hermosillo,144,Lechuga,2022,2023,29.478894,-110.788818,473.0,1,1.0,0.0,446.4305965262234,4.2116094011907865,1.6904110585158798,6.796352127955396,20.296556603773585,11.47,27.63,27.847358490566045,16.69,37.41,12.745754716981132,2.0,19.98,44.65924528301887,21.92,83.79,15.655188679245283,5.5,23.06,2.0412264150943398,1.3,4.93,78.95,0.744811320754717,0.0,42.24,63.160000000000004,0.5958490566037736,0.0,33.792,8.165140552456633,4.1277947686259555,13.754751691714771,0.17684719778242725,6,4,3,1,407.8385309424971,3.847533310778274,1.6058905055900858,6.796352127955396,11.901202343158857,0.11227549380338545,0.0,3.0111093245518346,395.93732859933823,3.735257816974889,0.0,6.796352127955396,119.01202343158857,3959.3732859933825,4078.385309424971,344.67853094249705,0.029181162249814156,0.9708188377501858,30.5,4.0,4.0,122.0,6500.0,793000.0,3.9020335551340515,129.81551757355354,133.71755112868757
Sonora,San Miguel de Horcasitas,56,Hermosillo,144,Lechuga,2023,2024,29.478894,-110.788818,473.0,2,2.0,0.0,389.2345909111003,3.67202444255755,1.7609030988922114,5.469976045175776,18.19882075471698,10.370000000000001,25.465000000000003,25.39301886792453,15.92,33.14,11.004622641509433,2.73,20.22,51.88849056603773,27.11,80.42,15.545377358490565,4.63,22.27,1.9512264150943395,1.15,4.95,14.48,0.13660377358490566,0.0,4.55,11.584,0.10928301886792452,0.0,3.64,8.236265670223705,3.8362762871138236,13.747963895052408,0.03720121576580838,4,0,0,3,356.01545004360247,3.358636321166061,1.6728579439476008,5.469976045175776,10.204771755170846,0.09627143165255515,0.0,2.260771755170847,345.8106782884316,3.2623648895135053,0.0,5.469976045175776,102.04771755170846,3458.1067828843156,3560.154500436024,344.43145004360247,0.02866384521773151,0.9713361547822683,33.25,4.0,4.0,133.0,6825.0,907725.0,3.069104287269427,104.00321151531776,107.07231580258718
Sonora,San Miguel de Horcasitas,56,Hermosillo,144,Melón,2010,2011,29.478894,-110.788818,473.0,0,0.0,0.0,1104.2131248450953,8.429107823245003,3.0859781166454905,11.65938129392675,24.121564885496184,11.96,35.160000000000004,33.019999999999996,18.66,44.13,15.223129770992367,3.6,26.36,26.697786259541985,9.73,74.08,27.875496183206103,13.87,32.38,2.9016030534351147,1.66,5.54,6.42,0.04900763358778626,0.0,3.68,5.136,0.03920610687022901,0.0,2.9440000000000004,16.12355724681882,8.813339694995133,19.432092069545885,0.005814094992667861,1,0,53,2,819.6858508323292,6.257143899483428,1.5429890583227452,9.523211786630743,3.7349890583227454,0.028511366857425537,0.0,1.5429890583227452,815.9508617740064,6.228632532626003,0.0,9.523211786630743,37.349890583227456,8159.508617740064,8196.858508323292,814.5498508323292,0.004556610382538805,0.9954433896174611,29.99,43.0,43.0,1289.73,4163.06,5369229.68,1.245411489937561,272.0743120286784,273.31972351861594
Sonora,San Miguel de Horcasitas,56,Hermosillo,144,Melón,2011,2012,29.478894,-110.788818,473.0,4,3.75,1.0,1162.7736000069742,8.876134351198276,4.56547446465446,13.172602107843078,25.440954198473282,14.860000000000001,37.37,34.61625954198473,20.97,45.86,16.265648854961835,6.71,28.88,23.546259541984735,5.64,73.24,28.12030534351145,17.42,32.72,2.8731297709923664,1.74,6.85,74.41,0.5680152671755725,0.0,19.42,59.528000000000006,0.45441221374045804,0.0,15.536000000000001,16.073405644625936,10.569933563526671,19.96326489712061,0.06399354096064246,9,5,59,0,865.6234942866131,6.607812933485596,2.410724687945622,11.196711791666615,31.243816058512287,0.23850241266039915,0.0,6.422942938383626,834.3796782281008,6.369310520825197,0.0,11.196711791666615,312.4381605851229,8343.796782281008,8656.234942866131,806.0954942866131,0.03609400191276148,0.9639059980872385,30.2,25.0,25.0,755.0,4320.2,3261750.0,10.345634456461022,276.28466166493405,286.6302961213951
Sonora,San Miguel de Horcasitas,56,Hermosillo,144,Melón,2012,2013,29.478894,-110.788818,473.0,2,1.5,0.0,1136.5250367412277,8.675763639246012,2.3535738391823546,13.289540258911478,25.278893129770996,11.75,36.31,34.30862595419847,14.47,46.23,16.249160305343512,4.69,26.39,23.420152671755726,6.41,72.25,27.93305343511451,6.64,32.48,2.7754198473282443,1.28,5.38,60.17999999999999,0.4593893129770992,0.0,18.16,48.144000000000005,0.3675114503816794,0.0,14.528,15.990601713182732,5.596932333756519,19.27332581441032,0.052950879263121954,10,5,62,1,850.9667525228137,6.495929408571097,1.1767869195911773,11.296109220074756,37.343582575028265,0.2850655158399104,0.0,4.608,813.6231699477854,6.2108638927311866,0.0,11.296109220074756,373.4358257502827,8136.231699477854,8509.667525228137,802.8227525228137,0.04388371515610666,0.9561162848438932,29.0,5.0,5.0,145.0,4450.0,645250.0,12.708382703770043,276.8838420785385,289.59222478230856
Sonora,San Miguel de Horcasitas,56,Hermosillo,144,Melón,2013,2014,29.478894,-110.788818,473.0,1,1.0,0.0,1165.5025664278896,8.896966155938088,4.2413909340727125,12.802875910370803,25.879045801526715,12.565,35.6,34.75702290076336,19.72,46.22,17.001068702290077,5.41,27.82,24.278091603053436,4.97,76.25,27.867175572519088,14.07,32.47,2.9236641221374047,1.7,5.0,45.199999999999996,0.3450381679389313,0.0,22.08,36.160000000000004,0.27603053435114505,0.0,17.663999999999998,16.03381791877196,8.902728659450396,19.27227204650093,0.03878155338476172,6,3,60,0,865.2487131664243,6.604952008904002,2.1206954670363563,10.882444523815183,18.35188078165151,0.14009069298970617,0.0,4.888702956538296,846.8968323847728,6.464861315914296,0.0,10.882444523815183,183.5188078165151,8468.968323847728,8652.487131664244,829.0887131664243,0.021209948656833955,0.978790051343166,29.65,18.0,18.0,533.7,4516.5,2410457.31,6.173887563213292,284.91062485610524,291.0845124193185
Sonora,San Miguel de Horcasitas,56,Hermosillo,144,Melón,2014,2015,29.478894,-110.788818,473.0,2,1.875,0.0,1133.0723143940595,8.649406980107324,3.649499468138712,14.6432961758047,25.978053435114504,16.255,37.41,34.440763358778625,23.25,47.5,17.515343511450382,8.68,27.32,25.714427480916033,5.34,79.93,27.075267175572517,7.64,32.05,2.7874045801526717,1.38,5.35,50.080000000000005,0.3822900763358779,0.0,17.41,40.06400000000001,0.30583206106870237,0.0,13.928,15.696608025736394,6.616290432031372,19.42876513965343,0.044198414667630116,8,3,61,0,850.1563609258122,6.4897432131741395,1.824749734069356,12.446801749433995,18.38460699406794,0.1403405114050988,0.0,3.3291839217786934,831.7717539317441,6.349402701769039,0.0,12.446801749433995,183.8460699406794,8317.71753931744,8501.563609258119,810.0923609258123,0.021624971404139444,0.9783750285958603,29.3,10.0,10.0,293.0,4561.0,1336373.0,6.274609895586328,283.88114468660206,290.15575458218837
Sonora,San Miguel de Horcasitas,56,Hermosillo,144,Melón,2015,2016,29.478894,-110.788818,473.0,0,0.0,0.0,995.7817741330373,7.601387588801812,1.6334146996108259,12.121287414764188,24.797900763358776,13.77,34.425,32.660992366412216,18.33,43.43,16.934809160305345,8.36,26.13,37.37000000000001,11.66,85.82,26.170534351145037,6.32,32.35,2.65763358778626,1.04,5.15,118.69,0.906030534351145,0.0,25.73,94.952,0.724824427480916,0.0,20.584000000000003,15.894656249169504,5.183564326611494,19.97165409809469,0.11919278207651038,17,8,42,0,747.3535354779831,5.704988820442619,0.8167073498054129,10.30309430254956,47.59898920344259,0.3633510626216992,0.0,5.6000000000000005,699.7545462745406,5.341637757820921,0.0,10.30309430254956,475.9898920344259,6997.545462745406,7473.535354779832,652.4015354779831,0.0636900569059325,0.9363099430940677,33.48,17.0,17.0,569.1,2592.64,1475470.44,14.21714133914056,209.00673425165493,223.2238755907955
Sonora,San Miguel de Horcasitas,56,Hermosillo,144,Melón,2016,2017,29.478894,-110.788818,473.0,2,1.875,0.0,1078.3686149766825,8.231821488371622,2.7554183423539027,13.27461260071707,25.349351145038167,11.1,36.065,34.03763358778626,14.9,47.28,16.661068702290077,5.63,27.39,28.166793893129775,7.66,71.31,27.272442748091603,10.7,32.57,2.645114503816794,1.33,3.9,40.949999999999996,0.3125954198473282,0.0,14.22,32.76,0.2500763358778626,0.0,11.376000000000001,15.970676178989189,7.7894172686345,19.177595292974953,0.03797402801906049,8,3,53,0,803.8667120936083,6.136387115218383,1.3777091711769514,11.283420710609509,19.426683054719096,0.1482952904940389,0.0,4.629262786694287,784.4400290388892,5.988091824724345,0.0,11.283420710609509,194.26683054719095,7844.400290388892,8038.667120936083,771.1067120936083,0.024166547466711007,0.975833452533289,31.69,65.0,65.0,2060.0,4725.0,9733500.0,6.130225009378067,247.53550932120203,253.6657343305801
Sonora,San Miguel de Horcasitas,56,Hermosillo,144,Pepino,2010,2011,29.478894,-110.788818,473.0,0,0.0,0.0,823.3294653605424,7.767259107174928,2.8242131895245977,11.65938129392675,30.09443396226415,24.295,35.769999999999996,37.035471698113206,26.44,44.65,23.153396226415097,16.04,26.89,46.93009433962264,9.73,86.21,26.131981132075474,11.68,32.23,2.210566037735849,0.96,4.99,266.4200000000001,2.513396226415095,0.0,40.2,159.85200000000003,1.5080377358490569,0.0,24.12,16.72963425476368,8.78361651044008,19.432092069545885,0.32358856473493597,33,13,75,0,720.7571987845513,6.799596214948597,2.8242131895245977,11.65938129392675,91.68928481297422,0.864993252952587,0.0,6.923932017825362,629.0679139715769,5.934602961996008,0.0,11.65938129392675,916.8928481297422,6290.6791397157685,7207.571987845511,560.9051987845512,0.12721244403468246,0.8727875559653173,18.0,10.0,10.0,180.0,3000.0,540000.0,50.93849156276346,349.4821744286538,400.4206659914173
Sonora,San Miguel de Horcasitas,56,Hermosillo,144,Pepino,2011,2012,29.478894,-110.788818,473.0,4,3.0,0.6666666666666666,819.9072439168391,7.734973999215463,3.5983995164888443,12.747179352210264,30.29089622641509,24.43,37.37,37.356981132075475,26.84,45.86,23.224811320754718,17.17,28.88,47.42047169811321,7.95,79.36,25.967735849056602,14.98,32.72,2.1071698113207544,0.9,4.08,246.09000000000003,2.321603773584906,0.0,23.6,196.87199999999999,1.8572830188679244,0.0,18.880000000000003,16.687008575089166,10.725267362693359,19.96326489712061,0.30014370750572394,37,16,81,0,707.9148629594446,6.678442103390987,3.5983995164888443,11.373001680216088,141.52605349925238,1.3351514481061546,0.0,10.704904897306044,566.3888094601923,5.343290655284833,0.0,11.341001680216088,1415.2605349925238,5663.8880946019235,7079.148629594447,511.0428629594446,0.1999195961327912,0.8000804038672089,18.0,10.0,10.0,180.0,2200.0,396000.0,78.62558527736243,314.6604497001069,393.2860349774693
Sonora,San Miguel de Horcasitas,56,Hermosillo,144,Pepino,2012,2013,29.478894,-110.788818,473.0,1,1.0,0.0,752.9560950669548,7.103359387424102,3.2710872990410276,13.289540258911478,29.44174528301887,24.759999999999998,36.31,35.83698113207547,26.93,46.23,23.046509433962264,17.99,26.8,52.98018867924529,10.25,89.26,24.992358490566037,13.32,31.99,1.9453773584905658,0.86,3.62,329.02000000000004,3.103962264150944,0.0,21.75,197.412,1.862377358490566,0.0,13.049999999999999,16.25243639046896,9.856139209192763,19.239049484749863,0.43697102946054606,51,28,60,0,647.7047969840197,6.11042261305679,2.661133986036245,10.243361041745853,165.126103037141,1.5577934248786887,0.0,7.422641779402674,482.57869394687873,4.552629188178101,0.0,9.775361041745853,1651.26103037141,4825.786939468788,6477.047969840198,450.2927969840197,0.25494037377218165,0.7450596262278184,19.4,17.0,17.0,329.8,4000.0,1319200.0,85.11654795728919,248.75190409632927,333.86845205361846
Sonora,San Miguel de Horcasitas,56,Hermosillo,144,Pepino,2013,2014,29.478894,-110.788818,473.0,1,1.0,0.0,817.2228526069869,7.709649552896103,2.758771015170953,11.70306109355877,30.35985849056604,24.24,35.6,37.335,26.49,46.22,23.384716981132076,19.03,27.82,46.89867924528302,9.95,84.92,25.302924528301887,9.48,32.47,2.1814150943396227,0.95,3.63,271.57000000000005,2.561981132075472,0.0,31.31,162.942,1.5371886792452831,0.0,18.785999999999998,16.252478213180463,7.214537781071906,18.832419989005846,0.3323083772482334,38,19,79,0,708.1783458390245,6.680927790934193,2.0690782613782144,11.564444945801224,112.03312399152658,1.0569162640710055,0.0,7.046319422078013,596.145221847498,5.624011526863188,0.0,11.564444945801224,1120.3312399152658,5961.452218474979,7081.783458390245,545.2363458390245,0.15819902521700763,0.8418009747829924,41.92,23.0,23.0,964.25,4598.8,4434394.1,37.023504293300256,197.0076741069061,234.03117840020636
Sonora,San Miguel de Horcasitas,56,Hermosillo,144,Pepino,2014,2015,29.478894,-110.788818,473.0,2,1.6666666666666667,0.0,787.2602679836124,7.426983660222758,2.9671403692913585,14.6432961758047,29.98509433962264,24.975,37.41,36.65349056603773,27.58,47.5,23.316698113207547,20.22,27.32,51.18066037735849,9.0,82.49,25.296037735849062,11.66,32.05,2.0735849056603772,0.58,4.13,258.01000000000005,2.4340566037735853,0.0,17.41,154.80599999999998,1.4604339622641507,0.0,10.446,16.438981551232274,8.538235534375426,19.42876513965343,0.3277315145864452,47,17,68,0,675.6622697709385,6.374172356329608,2.2253552769685188,10.67813781917857,124.79504978549544,1.1773117904292023,0.0,6.684956479892641,550.8672199854431,5.196860565900407,0.0,10.67813781917857,1247.9504978549544,5508.672199854431,6756.622697709385,520.8562697709385,0.1847003382737402,0.8152996617262599,18.1,11.0,11.0,199.1,6234.0,1241189.4,68.94754131795328,304.3465303786978,373.2940716966511
Sonora,San Miguel de Horcasitas,56,Hermosillo,144,Pepino,2015,2016,29.478894,-110.788818,473.0,0,0.0,0.0,725.9425683378296,6.848514795639902,2.239719260726082,12.121287414764188,29.42132075471698,25.450000000000003,34.425,35.41273584905661,28.05,43.43,23.42990566037736,18.43,26.13,57.17707547169812,11.66,86.27,24.713584905660376,7.04,32.35,1.9377358490566035,0.72,3.78,341.25,3.2193396226415096,0.0,42.78,204.75,1.9316037735849056,0.0,25.668,16.38731086606546,5.774786638292652,19.97165409809469,0.4700785088018059,46,18,58,0,629.5540602857682,5.939189247978945,1.6797894455445617,10.127099462563518,127.72023316683627,1.2049078600644931,0.0,6.656281380428376,501.83382711893194,4.734281387914452,0.0,9.550803486517264,1277.2023316683626,5018.338271189319,6295.540602857682,424.8040602857682,0.20287413142703153,0.7971258685729685,20.34,8.0,8.0,162.7,6192.0,1007438.4,42.65160566599975,167.58518187307794,210.23678753907768
Sonora,San Miguel de Horcasitas,56,Hermosillo,144,Pepino,2016,2017,29.478894,-110.788818,473.0,2,1.5,0.0,801.9885098035945,7.565929337769759,2.331530657481289,13.27461260071707,30.31853773584906,24.89,36.065,37.41311320754717,28.4,47.28,23.22396226415094,16.16,27.39,48.52028301886792,7.66,80.81,25.760471698113204,6.52,32.23,2.0761320754716985,0.74,5.71,275.58,2.599811320754717,0.0,31.95,165.34799999999998,1.5598867924528301,0.0,19.169999999999998,16.630113564852852,5.464104511062661,19.177595292974953,0.34362088313146655,38,18,79,0,693.6228314194559,6.543611617164679,1.7486479931109666,9.964770884502936,117.67269207337444,1.1101197365412683,0.0,6.702163590756157,575.9501393460814,5.43349188062341,0.0,9.964770884502936,1176.7269207337445,5759.501393460814,6936.228314194559,528.274831419456,0.16964939264263346,0.8303506073573664,34.49,14.0,5.0,172.44,5500.0,948420.0,24.66415679592841,120.71895605660897,145.38311285253738
Sonora,San Miguel de Horcasitas,56,Hermosillo,144,Pepino,2017,2018,29.478894,-110.788818,473.0,1,1.0,0.0,766.7493344811909,7.2334842875584044,2.861521173962829,11.47687374741534,29.896556603773586,24.68,35.644999999999996,36.584150943396224,26.71,46.54,23.208962264150944,17.2,27.67,51.9,5.9,83.53,25.276603773584906,10.29,32.59,1.9157547169811318,0.88,3.54,305.54,2.8824528301886794,0.0,24.19,183.324,1.7294716981132077,0.0,14.514,16.405128437888532,7.757224312504714,19.384424064607554,0.39848746684174036,48,22,70,0,660.0603555553531,6.226984486371256,2.7949572050791462,11.205955373743082,145.5803640320623,1.373399660679833,0.0,6.368184091850901,514.4799915232909,4.853584825691423,0.0,11.205955373743082,1455.8036403206231,5144.7999152329085,6600.603555553532,476.7363555553531,0.22055613976327326,0.7794438602367268,98.49,45.0,45.0,4431.94,4500.0,19943730.0,14.781233021835956,52.2367744464708,67.01800746830675
Sonora,San Miguel de Horcasitas,56,Hermosillo,144,Pepino,2018,2019,29.478894,-110.788818,473.0,3,2.6,0.6,770.6053521516507,7.269861812751421,3.21475883946851,11.753145113874396,30.240283018867924,24.715,36.28,36.69084905660377,27.06,45.63,23.78971698113207,19.03,28.66,51.60396226415094,6.44,77.67,25.15754716981132,7.59,32.56,1.9299056603773588,0.89,3.97,263.01,2.4812264150943397,0.0,25.2,157.80599999999998,1.4887358490566036,0.0,15.12,16.380651276527793,6.373242144520834,19.8533688245033,0.3413031057539828,35,21,65,0,670.9267730206335,6.3294978586852215,1.928855303681106,11.445014353357925,127.29774389846636,1.2009221122496827,0.0,6.9959999999999996,543.6290291221671,5.128575746435539,0.0,11.445014353357925,1272.9774389846636,5436.290291221671,6709.267730206335,513.1207730206336,0.18973418414255394,0.8102658158574461,114.2,90.0,90.0,10277.61,8200.0,84276402.0,11.406607876206664,48.71227859517627,60.118886471382936
Sonora,San Miguel de Horcasitas,56,Hermosillo,144,Quelite,2010,2011,29.478894,-110.788818,473.0,1,1.0,0.0,506.382846701231,5.27482131980449,1.793425583557417,10.136936014967164,23.829270833333336,10.1,32.725,31.306041666666662,16.84,40.58,16.352500000000003,3.03,25.56,43.9575,11.13,87.41,18.8365625,5.15,25.29,2.1090625,1.21,6.05,47.43,0.4940625,0.0,15.73,37.944,0.39525000000000005,0.0,12.584000000000001,10.583846418712318,4.516656923919706,16.67882356896819,0.09366431013407528,10,3,24,4,462.04066935082585,4.812923639071102,1.793425583557417,10.136936014967164,24.52881555976486,0.2555084954142173,0.0,4.04,437.511853791061,4.557415143656885,0.0,10.136936014967164,245.2881555976486,4375.11853791061,4620.406693508258,424.09666935082583,0.05308800109355788,0.9469119989064422,10.0,4.0,4.0,40.0,1300.0,52000.0,24.52881555976486,437.511853791061,462.04066935082585
Sonora,San Miguel de Horcasitas,56,Hermosillo,144,Quelite,2011,2012,29.478894,-110.788818,473.0,2,1.6666666666666667,0.0,531.77970726763,5.539371950704479,1.2852587678462226,8.971432534995174,24.126510416666672,8.675,33.230000000000004,31.630312500000002,13.66,40.64,16.622708333333332,1.44,25.82,41.315416666666664,13.75,83.63,18.647916666666664,4.34,24.96,2.2057291666666665,1.04,5.49,106.00999999999999,1.1042708333333333,0.0,45.88,84.808,0.8834166666666667,0.0,36.704,10.35944294522487,3.759195172389886,16.68606601729962,0.199349464733614,15,4,41,3,489.0075771227232,5.0938289283617,1.2209958294539114,8.971432534995174,30.48732801180231,0.31757633345627406,0.0,4.539233484744764,458.52024911092093,4.776252594905427,0.0,8.971432534995174,304.8732801180231,4585.202491109209,4890.0757712272325,404.1995771227232,0.06234530800358354,0.9376546919964165,1.5,5.0,5.0,7.5,1350.0,10125.0,58.071100974861544,873.3719030684208,931.4430040432824
Sonora,San Miguel de Horcasitas,56,Hermosillo,144,Quelite,2012,2013,29.478894,-110.788818,473.0,1,1.0,0.0,495.7174211919104,5.163723137415733,2.3603821535284624,7.556292016814256,24.88026041666667,15.955,31.5,32.2190625,22.69,39.15,17.541458333333335,7.7,24.56,44.143125,14.43,89.26,18.249375,7.35,24.43,1.9014583333333333,1.04,3.33,64.62,0.6731250000000001,0.0,21.75,51.69600000000001,0.5385000000000001,0.0,17.400000000000002,10.335574449474722,4.926866849999459,16.50019895454075,0.13035652417586358,10,5,21,0,456.14417863615574,4.751501860793289,2.3603821535284624,7.556292016814256,25.33342120199906,0.2638898041874902,0.0,4.4993932580112554,430.81075743415664,4.487612056605799,0.0,7.556292016814256,253.3342120199906,4308.107574341567,4561.441786361557,404.4481786361557,0.05553818811794222,0.9444618118820577,8.84,11.0,11.0,97.24,1490.0,144887.6,28.65771629185414,487.3424857852451,516.0002020770993
Sonora,San Miguel de Horcasitas,56,Hermosillo,144,Quelite,2013,2014,29.478894,-110.788818,473.0,0,0.0,0.0,485.18927143148505,5.054054910744636,1.521881847165269,7.812326751976911,23.688072916666666,10.545,31.715,30.889479166666664,15.05,39.53,16.486666666666668,6.04,24.95,48.31229166666666,15.64,81.34,18.326875,5.6,25.06,2.0929166666666665,1.03,4.4,112.00999999999999,1.1667708333333333,0.0,31.31,89.608,0.9334166666666667,0.0,25.048000000000002,10.561632064278966,4.189666144197154,16.702513421630016,0.23085836104646276,12,7,19,0,444.1788078302113,4.626862581564701,1.4457877548070055,7.812326751976911,33.098660377061485,0.34477771226105713,0.0,4.318925574668866,411.08014745314983,4.282084869303644,0.0,7.812326751976911,330.98660377061486,4110.801474531499,4441.788078302114,354.5708078302113,0.07451652306139186,0.9254834769386081,9.8,12.0,12.0,117.6,1518.0,178516.8,34.47777122610571,428.20848693036436,462.68625815647005
Sonora,San Miguel de Horcasitas,56,Hermosillo,144,Quelite,2014,2015,29.478894,-110.788818,473.0,0,0.0,0.0,445.6352206176409,4.642033548100426,2.084354709253936,7.6850209859961325,24.000885416666666,15.64,32.379999999999995,30.8309375,23.32,41.01,17.170833333333334,7.51,23.93,56.57593749999999,20.62,85.69,17.952916666666667,5.01,25.72,1.9673958333333335,0.56,5.59,199.22999999999996,2.0753124999999994,0.0,66.11,159.38400000000001,1.6602500000000002,0.0,52.888000000000005,10.611628470378273,4.470034085984732,16.625532261292282,0.44706969014673353,20,8,12,0,408.60168289646504,4.2562675301715105,1.459048296477755,6.807223523757121,50.02462847689078,0.5210898799676124,0.0,4.456616455281045,358.57705441957427,3.7351776502038985,0.0,6.807223523757121,500.2462847689078,3585.770544195743,4086.016828964651,249.21768289646502,0.12242883612783956,0.8775711638721605,9.6,7.0,7.0,67.2,1535.0,103152.0,52.10898799676123,373.5177650203899,425.62675301715115
Sonora,San Miguel de Horcasitas,56,Hermosillo,144,Quelite,2015,2016,29.478894,-110.788818,473.0,0,0.0,0.0,419.38594332776523,4.368603576330888,1.8428411285998574,6.372031405683758,23.209479166666664,11.985,30.53,29.8934375,19.89,38.62,16.525520833333335,3.43,24.17,57.43510416666667,26.21,87.73,17.02541666666667,4.51,24.18,1.9940625,0.85,4.56,163.45,1.7026041666666665,0.0,47.68,130.76,1.3620833333333333,0.0,38.144,10.139602441660308,3.956692602046436,16.053932814772804,0.3897364768667459,16,7,15,1,386.01426811154516,4.020981959495262,1.2899887900199,6.312132213813155,35.882701657585535,0.373778142266516,0.0,3.392891415347384,350.13156645395964,3.647203817228746,0.0,6.312132213813155,358.82701657585534,3501.3156645395966,3860.142681115452,255.25426811154517,0.09295693092675175,0.9070430690732483,9.75,4.0,4.0,38.98,1485.0,57885.3,36.80277093085696,359.1092989271381,395.9120698579951
Sonora,San Miguel de Horcasitas,56,Hermosillo,144,Quelite,2016,2017,29.478894,-110.788818,473.0,0,0.0,0.0,529.5916383919593,5.51657956658291,1.8773988936819728,8.52102100369591,25.51125,12.225,30.950000000000003,33.0284375,16.69,40.27,17.9940625,5.54,23.65,40.66864583333333,16.84,79.91,18.67385416666667,6.52,26.25,2.041770833333333,0.95,5.71,60.14000000000001,0.6264583333333335,0.0,31.95,48.11200000000001,0.5011666666666668,0.0,25.560000000000002,10.386400852399104,5.408346722054873,16.375290362772745,0.1135591947459892,4,3,43,0,486.63060229605304,5.069068773917219,1.6320714602369022,8.094969953511114,12.315533018667784,0.1282868022777894,0.0,4.072,474.31506927738525,4.94078197163943,0.0,8.094969953511114,123.15533018667784,4743.150692773853,4866.306022960531,438.518602296053,0.025307765193063922,0.974692234806936,9.0,2.0,2.0,18.0,6150.0,110700.0,13.683925576297538,527.0167436415392,540.7006692178367
Sonora,San Miguel de Horcasitas,56,Hermosillo,144,Rábano,2010,2011,29.478894,-110.788818,473.0,0,0.0,0.0,216.37838055300458,6.182239444371559,3.0859781166454905,9.76154029310094,17.93442857142857,11.96,23.145,26.76257142857143,18.66,34.21,9.106285714285715,3.6,13.47,36.0977142857143,14.91,74.08,24.081142857142858,13.87,27.59,2.826857142857143,1.66,5.54,4.109999999999999,0.11742857142857141,0.0,3.68,3.2880000000000003,0.09394285714285715,0.0,2.9440000000000004,13.462220414783403,8.813339694995133,15.927795097507772,0.01899450393101174,1,0,0,2,188.61079926303745,5.388879978943927,2.7773803049809414,8.785386263790846,3.121380304980941,0.08918229442802689,0.0,2.7773803049809414,185.48941895805652,5.299697684515901,0.0,8.785386263790846,31.213803049809414,1854.8941895805651,1886.1079926303746,185.32279926303744,0.016549319112040082,0.98345068088796,10.0,5.0,5.0,50.0,1750.0,87500.0,2.9727431476008968,176.65658948386334,179.62933263146425
Sonora,San Miguel de Horcasitas,56,Hermosillo,144,Rábano,2011,2012,29.478894,-110.788818,473.0,3,3.0,1.0,254.8007272106799,7.280020777447997,4.821449375891244,9.195215162624974,21.537857142857142,17.134999999999998,26.770000000000003,31.04771428571429,25.52,36.49,12.027999999999999,7.71,17.37,21.763714285714286,10.01,44.12,24.64314285714286,20.38,26.9,2.606,1.78,3.86,0.0,0.0,0.0,0.0,0.0,0.0,0.0,0.0,13.100498290461656,10.569933563526671,15.08224390341711,0.0,0,0,3,0,219.70863172761122,6.277389477931749,3.8549150104392833,7.815932888231227,0.0,0.0,0.0,0.0,219.70863172761122,6.277389477931749,3.8549150104392833,7.815932888231227,0.0,2197.0863172761124,2197.0863172761124,219.70863172761122,0.0,1.0,10.0,5.0,5.0,50.0,1800.0,90000.0,0.0,219.70863172761125,219.70863172761125
Sonora,San Miguel de Horcasitas,56,Hermosillo,144,Rábano,2012,2013,29.478894,-110.788818,473.0,2,2.0,0.0,239.54408113947616,6.844116603985033,2.3535738391823546,9.341629778183048,19.11057142857143,11.75,23.380000000000003,28.324857142857145,14.47,33.63,9.896285714285714,4.69,13.99,21.694857142857142,9.14,67.07,23.948,6.64,28.61,2.784285714285714,1.71,5.38,0.22,0.006285714285714286,0.0,0.19,0.17600000000000002,0.005028571428571429,0.0,0.15200000000000002,12.758222066827017,5.596932333756519,15.569623388731076,0.0009184113377107552,0,0,0,1,206.19328433225184,5.891236695207195,2.118216455264119,7.137641323794511,0.17600000000000002,0.005028571428571429,0.0,0.15200000000000002,206.01728433225185,5.886208123778625,1.966216455264119,7.137641323794511,1.7600000000000002,2060.1728433225185,2061.9328433225187,206.01728433225185,0.0008535680517916406,0.9991464319482084,11.0,4.0,4.0,44.0,1490.0,65560.0,0.16000000000000003,187.28844030204712,187.44844030204712
Sonora,San Miguel de Horcasitas,56,Hermosillo,144,Rábano,2013,2014,29.478894,-110.788818,473.0,0,0.0,0.0,254.23139952812807,7.26375427223223,4.2413909340727125,8.81333613905871,21.577285714285715,12.565,25.82,30.816,19.72,36.83,12.338571428571429,5.41,16.63,21.366285714285713,11.43,51.77,24.099999999999998,14.07,27.99,2.6940000000000004,1.7,4.76,0.6900000000000001,0.019714285714285715,0.0,0.66,0.552,0.01577142857142857,0.0,0.528,12.795262675295051,8.902728659450396,15.167822676902325,0.002714062862733282,0,0,2,0,219.4348317451249,6.269566621289283,3.8172518406654414,7.685044942076765,0.552,0.01577142857142857,0.0,0.528,218.88283174512495,6.253795192717855,3.2892518406654414,7.685044942076765,5.5200000000000005,2188.8283174512494,2194.3483174512494,218.88283174512492,0.002515553231043793,0.9974844467689564,9.9,10.0,10.0,99.0,1500.0,148500.0,0.572020725388601,226.8215873006476,227.3936080260362
Sonora,San Miguel de Horcasitas,56,Hermosillo,144,Rábano,2014,2015,29.478894,-110.788818,473.0,2,1.5,0.0,227.95181369626906,6.5129089627505445,3.649499468138712,9.391211823045651,20.64171428571429,16.255,24.555,28.814285714285713,23.25,34.05,12.469142857142858,8.68,15.74,28.420571428571424,12.11,61.96,23.394571428571428,11.28,27.85,2.5388571428571423,1.38,5.35,3.21,0.0917142857142857,0.0,1.94,2.568,0.07337142857142857,0.0,1.552,12.88813002964113,7.568778723869614,15.524969736259482,0.014081923490536977,2,0,0,0,198.39708296242983,5.6684880846408525,2.5546496276970982,8.452090640741087,2.568,0.07337142857142857,0.0,1.552,195.82908296242982,5.595116656069424,1.0026496276970982,8.452090640741087,25.68,1958.290829624298,1983.9708296242982,195.82908296242982,0.012943738696431834,0.987056261303568,20.2,15.0,15.0,303.0,1512.0,458136.0,1.2937027707808564,98.65444985512836,99.94815262590922
Sonora,San Miguel de Horcasitas,56,Hermosillo,144,Rábano,2015,2016,29.478894,-110.788818,473.0,0,0.0,0.0,196.87160558101965,5.624903016600562,1.6334146996108259,8.39816410314634,20.905,13.77,26.07,28.526285714285716,18.33,36.88,13.283714285714286,8.36,18.85,43.88171428571428,22.29,85.82,21.392571428571426,6.32,26.78,2.3402857142857147,1.24,5.15,36.53,1.0437142857142858,0.0,13.41,29.224,0.8349714285714286,0.0,10.728000000000002,12.586880244532656,5.183564326611494,15.838362679550606,0.1855524055497511,4,3,1,0,172.0693223532019,4.916266352948625,1.143390289727578,7.558347692831707,7.755562599027442,0.2215875028293555,0.0,2.633853458408922,164.31375975417444,4.69467885011927,0.0,7.558347692831707,77.55562599027442,1643.1375975417445,1720.693223532019,142.8453223532019,0.045072314419346726,0.9549276855806532,10.0,10.0,5.0,50.0,2530.54,126527.0,7.755562599027442,164.31375975417444,172.06932235320187
Sonora,San Miguel de Horcasitas,56,Hermosillo,144,Rábano,2016,2017,29.478894,-110.788818,473.0,2,1.5,0.0,239.10771013404374,6.831648860972678,2.7554183423539027,8.813950216014316,21.112714285714286,11.1,25.45,30.217142857142854,14.9,35.98,12.008285714285714,5.63,15.58,25.362285714285708,11.74,60.07,24.17285714285714,12.34,28.16,2.4948571428571436,1.84,3.43,4.78,0.13657142857142857,0.0,4.67,3.8240000000000003,0.10925714285714287,0.0,3.736,13.071080554526636,8.151253673749526,15.304841218331934,0.019990990659901068,1,0,4,0,206.13886111742238,5.889681746212068,2.4798765081185126,7.856758955162274,2.5678765081185126,0.07336790023195751,0.0,2.4798765081185126,203.57098460930388,5.816313845980111,0.0,7.856758955162274,25.678765081185126,2035.7098460930388,2061.388611174224,202.31486111742237,0.012457022873798547,0.9875429771262015,23.65,5.0,3.0,70.95,6500.0,461175.0,1.0857828786970456,86.07652626186211,87.16230914055916
Sonora,San Miguel de Horcasitas,56,Hermosillo,144,Rábano,2017,2018,29.478894,-110.788818,473.0,1,1.0,0.0,239.92051291993315,6.854871797712375,4.1780670790336565,8.472748481804333,22.73742857142857,17.55,28.65,31.690285714285718,24.14,37.77,13.784571428571429,8.39,19.89,28.41257142857143,16.58,49.23,24.313142857142857,13.79,27.76,2.400571428571428,1.45,4.07,0.0,0.0,0.0,0.0,0.0,0.0,0.0,0.0,13.360354359553531,8.559196868540466,15.758968149514647,0.0,0,0,10,0,209.1609991652738,5.976028547579252,2.9246469553235594,7.6254736336238995,0.0,0.0,0.0,0.0,209.1609991652738,5.976028547579252,2.9246469553235594,7.6254736336238995,0.0,2091.6099916527382,2091.6099916527382,209.1609991652738,0.0,1.0,26.6,2.0,2.0,53.2,7800.0,414960.0,0.0,78.6319545734112,78.6319545734112
Sonora,San Miguel de Horcasitas,56,Hermosillo,144,Rábano,2018,2019,29.478894,-110.788818,473.0,4,3.5,1.0,235.31975468978206,6.723421562565202,4.743557529295546,8.54940269747323,21.63471428571428,15.8,27.52,30.259142857142862,22.05,36.19,13.010285714285713,5.0,20.58,24.352857142857147,13.6,46.35,22.334285714285713,11.75,27.88,2.478857142857143,1.79,3.18,0.05,0.0014285714285714286,0.0,0.05,0.04000000000000001,0.0011428571428571432,0.0,0.04000000000000001,12.271813733858304,8.078577390050729,15.420592889239586,0.00021247684906825664,0,0,4,1,203.88595757952814,5.825313073700804,3.8783905467274407,7.493511813926918,0.04000000000000001,0.0011428571428571432,0.0,0.04000000000000001,203.84595757952818,5.824170216557948,3.8783905467274407,7.493511813926918,0.4000000000000001,2038.4595757952818,2038.859575795282,203.84595757952815,0.0001961881066988026,0.9998038118933014,11.0,9.0,9.0,99.0,8574.24,848850.09,0.03636363636363637,185.31450689048017,185.3508705268438
Sonora,San Miguel de Horcasitas,56,Hermosillo,144,Rábano,2019,2020,29.478894,-110.788818,473.0,1,1.0,0.0,195.30619845352462,5.580177098672132,2.4071098216959657,8.338665481015495,19.670428571428573,13.105,23.75,27.803714285714285,16.52,34.29,11.537142857142857,5.98,15.75,39.77028571428571,22.18,73.96,21.331714285714288,4.35,27.08,2.307714285714286,1.35,4.18,27.919999999999998,0.7977142857142857,0.0,25.36,22.336,0.6381714285714285,0.0,20.288,12.413989511515789,4.411256105479841,15.590109459967211,0.1429550122887876,2,1,0,0,169.10326042349948,4.8315217263856995,2.1663988395263694,7.504798932913945,4.304083669697649,0.12297381913421854,0.0,2.2560836696976483,164.79917675380182,4.70854790725148,0.0,7.504798932913945,43.040836696976484,1647.9917675380182,1691.0326042349946,146.76726042349947,0.025452399078045987,0.9745476009219539,13.03,6.0,6.0,78.2,11200.0,875840.0,3.5822585682044514,137.16119580008473,140.74345436828918
Sonora,San Miguel de Horcasitas,56,Hermosillo,144,Rábano,2022,2023,29.478894,-110.788818,473.0,2,1.5,0.0,239.92740110117143,6.855068602890612,3.62846590043004,9.188013461568563,19.920285714285715,14.78,25.85,29.035714285714285,23.76,36.66,10.804857142857143,5.47,16.91,21.359714285714286,8.2,41.64,24.484857142857145,10.46,27.35,2.5862857142857143,1.34,4.43,0.13999999999999999,0.003999999999999999,0.0,0.09,0.112,0.0032,0.0,0.072,12.929350934834275,6.976718732311029,15.611238032004565,0.0005835098423833861,0,0,1,0,208.6989454922662,5.962827014064748,2.539926130301028,8.269212115411706,0.112,0.0032,0.0,0.072,208.5869454922662,5.959627014064749,2.515926130301028,8.269212115411706,1.12,2085.869454922662,2086.989454922662,208.5869454922662,0.0005366581979406811,0.9994633418020593,12.0,2.0,2.0,24.0,11250.0,270000.0,0.09333333333333334,173.8224545768885,173.91578791022184
Sonora,San Miguel de Horcasitas,56,Hermosillo,144,Rábano,2023,2024,29.478894,-110.788818,473.0,2,1.5,0.0,206.21330961254222,5.891808846072635,3.567895125389905,8.553286662110983,18.951428571428572,10.0,22.85,27.41857142857143,17.09,33.05,10.484285714285713,2.91,14.68,35.46142857142858,15.29,61.13,22.795714285714283,10.08,28.75,2.5334285714285714,1.3,3.76,2.08,0.05942857142857143,0.0,1.66,1.6640000000000001,0.047542857142857144,0.0,1.328,12.875865807719382,7.260436363299174,16.066594701305373,0.01008664282585905,1,0,0,2,179.1617307876693,5.118906593933409,2.4975265877729336,7.2702936627943355,1.6640000000000001,0.047542857142857144,0.0,1.328,177.4977307876693,5.071363736790551,1.1695265877729335,7.2702936627943355,16.64,1774.977307876693,1791.617307876693,177.49773078766933,0.009287697728105023,0.9907123022718949,13.5,2.0,2.0,27.0,11648.15,314500.05,1.2325925925925927,131.47980058345874,132.71239317605134
Sonora,San Miguel de Horcasitas,56,Hermosillo,144,Sandía,2010,2011,29.478894,-110.788818,473.0,0,0.0,0.0,985.4964575256658,8.95905870477878,5.078032551634244,11.65938129392675,26.54536363636364,15.059999999999999,35.769999999999996,35.21118181818182,20.91,44.65,17.879545454545458,7.18,26.89,26.075090909090907,9.73,58.94,28.620090909090905,15.47,32.38,2.8551818181818187,1.43,4.99,29.830000000000002,0.2711818181818182,0.0,8.43,23.863999999999997,0.21694545454545452,0.0,6.744,16.904622363518197,11.071633073184147,19.432092069545885,0.030269007840876102,7,2,62,0,826.7461066104801,7.51587369645891,2.031213020653698,11.203778572506756,21.144878703419838,0.19222617003108944,0.0,5.471469169764553,805.6012279070603,7.323647526427821,0.0,11.203778572506756,211.44878703419838,8056.012279070603,8267.461066104801,802.88210661048,0.025576024530808233,0.9744239754691919,40.0,35.0,35.0,1400.0,2350.0,3290000.0,5.2862196758549596,201.40030697676508,206.68652665262005
Sonora,San Miguel de Horcasitas,56,Hermosillo,144,Sandía,2011,2012,29.478894,-110.788818,473.0,4,4.0,1.0,1014.2381763161139,9.220347057419218,4.396402867582401,13.172602107843078,26.97990909090909,14.860000000000001,37.37,35.80954545454545,20.97,45.86,18.15027272727273,6.71,28.88,26.471545454545456,5.64,73.24,29.031909090909092,17.38,32.72,2.8691818181818176,1.47,6.85,101.72000000000003,0.924727272727273,0.0,23.6,81.37599999999999,0.7397818181818181,0.0,18.880000000000003,17.088546092901694,10.809728395539073,19.96326489712061,0.1002920244724611,12,6,65,0,853.639655859605,7.760360507814591,1.826189785861784,13.172602107843078,42.25525398676274,0.38413867260693396,0.0,8.028678672979533,811.3844018728424,7.376221835207659,0.0,13.172602107843078,422.5525398676274,8113.844018728424,8536.396558596052,772.263655859605,0.04950010662779273,0.9504998933722074,33.0,40.0,40.0,1320.0,2560.0,3379200.0,12.804622420231134,245.87406117358861,258.67868359381976
Sonora,San Miguel de Horcasitas,56,Hermosillo,144,Sandía,2012,2013,29.478894,-110.788818,473.0,2,1.3333333333333333,0.0,985.3603307901299,8.95782118900118,3.391202977540409,13.289540258911478,27.33840909090909,15.74,36.31,35.951727272727275,22.53,46.23,18.725090909090905,6.28,26.39,27.268727272727276,6.41,79.55,28.706818181818186,13.32,32.48,2.65490909090909,1.05,4.24,102.4,0.9309090909090909,0.0,18.16,81.92,0.7447272727272728,0.0,14.528,16.922396918059647,9.856139209192763,19.27332581441032,0.10392137454720612,17,8,64,0,833.4364794085059,7.576695267350053,2.3015167239281458,13.289540258911478,63.01283603290402,0.5728439639354911,0.0,5.566981334552005,770.423643375602,7.003851303414563,0.0,13.289540258911478,630.1283603290402,7704.236433756019,8334.364794085059,751.5164794085059,0.07560604507931372,0.9243939549206864,30.1,10.0,10.0,301.0,2380.0,716380.0,21.14524699090739,258.53142395154424,279.6766709424516
Sonora,San Miguel de Horcasitas,56,Hermosillo,144,Sandía,2013,2014,29.478894,-110.788818,473.0,1,1.0,0.0,1004.3215522215877,9.130195929287162,4.3833558577132505,12.802875910370803,27.428818181818187,16.34,35.6,35.89027272727272,23.47,46.22,18.96736363636364,9.21,27.82,28.631,4.97,80.39,28.66781818181818,18.01,32.47,2.8692727272727274,0.95,5.0,97.61,0.8873636363636364,0.0,22.08,78.088,0.709890909090909,0.0,17.663999999999998,17.034397755149833,12.767009519088832,19.27227204650093,0.09718998838975816,14,8,65,0,845.6300627736564,7.687546025215058,2.2445887819063706,12.802875910370803,46.530015576570925,0.4230001416051902,0.0,6.11087869567287,799.1000471970854,7.264545883609867,0.0,12.802875910370803,465.30015576570923,7991.000471970854,8456.300627736564,767.5420627736564,0.05502407923383546,0.9449759207661644,29.4,30.0,30.0,882.0,3020.0,2663640.0,15.698385822054966,269.60190526217457,285.3002910842295
Sonora,San Miguel de Horcasitas,56,Hermosillo,144,Sandía,2014,2015,29.478894,-110.788818,473.0,2,2.0,0.0,994.200910630417,9.038190096640154,4.4787607085372025,14.6432961758047,27.61127272727273,16.255,37.41,35.87654545454546,23.83,47.5,19.346,8.68,27.32,28.181272727272724,5.34,79.93,27.944181818181825,7.64,32.05,2.763454545454546,1.4,4.32,75.81,0.6891818181818182,0.0,17.41,60.648,0.5513454545454546,0.0,13.928,16.62359283530436,6.616290432031372,19.42876513965343,0.07625219328347761,12,4,65,0,842.9764243921501,7.663422039928637,1.8742320172813962,14.6432961758047,33.107041977095946,0.3009731088826904,0.0,4.161479902223367,809.8693824150541,7.362448931045947,0.0,14.6432961758047,331.07041977095946,8098.693824150541,8429.764243921501,782.32842439215,0.03927398325637474,0.9607260167436252,29.6,20.0,20.0,592.0,2773.0,1641616.0,11.396572109155231,278.7846411067312,290.18121321588643
Sonora,San Miguel de Horcasitas,56,Hermosillo,144,Sandía,2015,2016,29.478894,-110.788818,473.0,0,0.0,0.0,891.09805876862,8.100891443351092,4.126984848500294,12.121287414764188,26.34045454545455,16.87,34.425,34.06345454545454,21.36,43.43,18.617454545454542,10.2,26.13,37.25390909090909,11.66,78.34,27.49954545454546,8.35,32.35,2.671727272727274,1.04,4.02,121.63000000000001,1.105727272727273,0.0,25.73,97.304,0.8845818181818182,0.0,20.584000000000003,16.970893967131737,6.932294878245349,19.97165409809469,0.1364945179749091,19,7,45,0,749.3390595135494,6.812173268304995,1.6507939394001179,12.121287414764188,60.1132078748668,0.5464837079533346,0.0,5.787726993702359,689.2258516386828,6.265689560351662,0.0,12.121287414764188,601.132078748668,6892.258516386828,7493.390595135496,652.0350595135494,0.08022163947237805,0.9197783605276222,36.0,22.0,22.0,792.0,2860.0,2265120.0,14.661758018260196,168.10386625333726,182.76562427159746
Sonora,San Miguel de Horcasitas,56,Hermosillo,144,Sandía,2016,2017,29.478894,-110.788818,473.0,2,2.0,0.0,955.444062288996,8.685855111718144,4.95095212142886,13.27461260071707,27.194590909090905,17.634999999999998,36.065,35.67063636363636,24.63,47.28,18.71854545454545,8.29,27.39,30.051,7.66,71.31,28.278636363636366,10.7,32.57,2.6573636363636357,1.08,3.9,53.31,0.48463636363636364,0.0,14.22,42.64800000000001,0.387709090909091,0.0,11.376000000000001,17.027635294464563,7.7894172686345,19.177595292974953,0.05579604511046213,12,4,60,0,802.6368935037327,7.296699031852116,1.980380848571544,13.27461260071707,34.51921735442768,0.31381106685843346,0.0,5.786578483367859,768.117676149305,6.982887964993682,0.0,13.27461260071707,345.1921735442768,7681.17676149305,8026.368935037327,759.9888935037327,0.0430072647218367,0.9569927352781632,33.0,20.0,20.0,660.0,4240.0,2798400.0,7.935452265385673,176.57877612627703,184.5142283916627
Sonora,San Miguel de Horcasitas,56,Hermosillo,144,Sandía,2017,2018,29.478894,-110.788818,473.0,1,1.0,0.0,971.0179704840726,8.827436095309752,2.861521173962829,11.706977877199611,27.677,17.17,35.644999999999996,36.03300000000001,22.36,46.54,19.320999999999998,9.14,27.67,28.91481818181819,5.9,83.53,28.272636363636362,10.77,32.59,2.616454545454546,1.22,4.63,133.26999999999998,1.2115454545454545,0.0,24.19,106.616,0.9692363636363637,0.0,19.352000000000004,16.735376883983186,8.257525372911399,19.384424064607554,0.13724771739658137,20,9,70,0,811.2878899718377,7.375344454289434,2.146140880472122,11.706977877199611,61.42499381168025,0.5584090346516387,0.0,4.920000000000001,749.8628961601573,6.816935419637794,0.0,11.706977877199611,614.2499381168025,7498.628961601573,8112.878899718376,704.6718899718377,0.07571294305134088,0.924287056948659,55.0,50.0,50.0,2750.0,4440.0,12210000.0,11.907530059451439,145.3645238267243,157.27205388617574
Sonora,San Miguel de Horcasitas,56,Hermosillo,144,Sandía,2018,2019,29.478894,-110.788818,473.0,4,3.4285714285714284,0.8571428571428571,1000.3692482255807,9.094265892959825,3.21475883946851,11.807076625146884,28.270727272727267,18.41,36.28,36.640181818181816,24.71,45.63,19.901272727272726,10.72,28.66,26.72381818181818,6.02,77.33,28.20836363636364,7.59,32.56,2.707818181818182,1.0,4.33,82.42,0.7492727272727273,0.0,15.65,65.936,0.5994181818181818,0.0,12.520000000000001,16.662308895242234,6.373242144520834,19.8533688245033,0.08238957779459301,11,5,72,0,833.8773067273847,7.58070278843077,2.6455564634718867,11.807076625146884,37.75335550318033,0.3432123227561848,0.0,4.748160938820322,796.1239512242042,7.2374904656745835,0.0,11.807076625146884,377.5335550318033,7961.239512242042,8338.773067273845,767.9413067273847,0.045274472873408994,0.9547255271265908,52.0,25.0,25.0,1300.0,5834.62,7585006.0,7.213787236682971,152.12075116541592,159.3345384020989
Sonora,San Miguel de Horcasitas,56,Hermosillo,144,Sandía,2019,2020,29.478894,-110.788818,473.0,1,1.0,0.0,975.9425984651773,8.872205440592522,5.255666113556441,12.17088005537298,26.87040909090909,17.93,36.155,35.19,23.91,44.72,18.550818181818183,10.05,29.75,28.075181818181818,11.21,74.26,28.600272727272728,16.05,32.63,2.762545454545454,1.34,4.07,42.879999999999995,0.3898181818181818,0.0,21.83,34.30399999999999,0.31185454545454533,0.0,17.464,17.0728650071415,10.518630921805638,19.182234168584774,0.043937010299002745,5,2,56,0,810.5780563398137,7.368891421271033,2.3870237030687336,12.17088005537298,20.519122047164082,0.1865374731560371,0.0,4.353372461996752,790.0589342926494,7.1823539481149945,0.0,12.17088005537298,205.1912204716408,7900.589342926494,8105.780563398135,776.2740563398137,0.025314183978553173,0.9746858160214465,53.5,75.0,75.0,4012.5,4445.38,17837087.25,3.8898809568083563,149.77420555310889,153.66408650991724
Sonora,San Miguel de Horcasitas,56,Hermosillo,144,Sandía,2020,2021,29.478894,-110.788818,473.0,1,1.0,0.0,987.79829240427,8.979984476402455,4.702692257874761,11.980926356355226,27.979727272727278,15.55,35.995000000000005,36.45827272727273,21.8,45.56,19.50118181818182,7.45,27.33,31.020909090909093,11.26,59.81,28.702545454545458,12.78,32.73,2.7252727272727277,1.33,4.2,34.730000000000004,0.31572727272727275,0.0,12.55,27.783999999999995,0.25258181818181813,0.0,10.040000000000001,17.354576873875317,9.377774464496314,19.45277185974001,0.03515899983534925,9,1,75,0,844.1300529158884,7.673909571962622,1.8810769031499046,11.559640856198975,22.966809586418563,0.20878917805835057,0.0,5.222809586418566,821.16324332947,7.4651203939042725,0.0,11.559640856198975,229.66809586418563,8211.6324332947,8441.300529158887,816.3460529158884,0.02720766723928859,0.9727923327607115,52.2,40.0,40.0,2088.0,4885.92,10201800.96,4.39977195142118,157.31096615507087,161.71073810649204
Sonora,San Miguel de Horcasitas,56,Hermosillo,144,Sandía,2022,2023,29.478894,-110.788818,473.0,4,3.2857142857142856,1.0,960.7527171670451,8.734115610609502,5.609542113811671,12.917287990469095,27.9315,20.09,35.31,36.377545454545455,28.05,45.05,19.485454545454548,10.17,26.58,30.522363636363632,3.25,72.64,28.38845454545455,17.94,32.26,2.5293636363636356,0.66,4.57,115.08000000000001,1.0461818181818183,0.0,18.8,92.06400000000001,0.8369454545454547,0.0,15.040000000000001,17.029472874885833,11.576375909838024,19.43288433057279,0.11978108200342583,23,6,71,0,804.0345767199215,7.309405242908377,2.539708226561356,12.045364570032694,68.962425424621,0.6269311402238273,0.0,5.848165470131527,735.0721512953005,6.68247410268455,0.0,12.045364570032694,689.6242542462101,7350.721512953005,8040.345767199215,711.9705767199215,0.08577047234206629,0.9142295276579337,47.5,20.0,20.0,950.0,5000.0,4750000.0,14.51840535255179,154.75203185164222,169.270437204194
Sonora,San Miguel de Horcasitas,56,Hermosillo,144,Sandía,2023,2024,29.478894,-110.788818,473.0,2,1.3333333333333333,0.0,1019.0661229095087,9.264237480995535,5.935669928018895,13.11325155388488,27.930409090909095,16.565,37.715,36.632000000000005,24.98,47.9,19.228818181818177,6.75,29.41,23.383000000000003,7.91,51.79,28.632909090909095,14.26,32.04,2.7497272727272724,1.9,3.86,21.39,0.19445454545454546,0.0,3.04,17.112,0.15556363636363635,0.0,2.4320000000000004,16.857550917948025,9.968997570009243,19.050842483020194,0.020989805783092834,9,0,67,0,845.1773950743607,7.68343086431237,2.772993198508295,10.807565588096534,17.112,0.15556363636363635,0.0,2.4320000000000004,828.0653950743608,7.527867227948735,2.772993198508295,10.807565588096534,171.11999999999998,8280.653950743608,8451.773950743609,828.0653950743607,0.02024663709622102,0.9797533629037791,51.78,20.0,20.0,1035.6,5250.0,5436900.0,3.3047508690614134,159.91992952382404,163.22468039288546
Sonora,San Miguel de Horcasitas,56,Hermosillo,144,Tomate rojo (jitomate),2018,2019,29.478894,-110.788818,473.0,4,3.4444444444444446,1.0,899.2789240660411,6.612345029897361,1.8175892279930224,11.807076625146884,21.622022058823532,11.59,31.26,30.001397058823528,16.11,40.54,13.242647058823527,3.56,22.25,27.48860294117647,6.02,80.07,21.468970588235294,6.38,31.19,2.606911764705882,1.26,4.53,15.39,0.11316176470588235,0.0,7.57,12.312,0.09052941176470587,0.0,6.056000000000001,11.530862981090214,4.999871119187112,18.32313652147588,0.01711371142827961,4,1,25,6,840.7354966183492,6.181878651605508,1.7255186609328763,11.929584392394867,8.118336597104811,0.059693651449300084,0.0,2.1081089849128367,832.6171600212444,6.122185000156209,0.0,11.929584392394867,81.18336597104812,8326.171600212445,8407.354966183493,828.4234966183492,0.009656231513667277,0.9903437684863328,133.0,23.0,23.0,3059.0,4312.78,13192794.02,0.6104012479026174,62.60279398655974,63.213195234462354
Sonora,San Miguel de Horcasitas,56,Hermosillo,144,Tomate verde,2010,2011,29.478894,-110.788818,473.0,1,1.0,0.0,782.0249267599038,5.750183284999292,1.1923889076867316,10.799543399557617,17.95393382352941,9.13,27.700000000000003,26.187794117647055,13.84,39.24,9.720073529411764,1.88,18.87,37.69257352941176,10.63,87.18,21.473088235294117,5.65,32.05,2.753970588235294,1.4,7.28,81.17999999999999,0.5969117647058823,0.0,22.06,64.944,0.4775294117647059,0.0,17.648,11.872771798418482,4.376968154595325,18.059792105828127,0.10380743275837263,12,4,7,9,734.7062196511799,5.402251615082205,0.8729360936241473,11.22577133706608,21.4152103634996,0.1574647820845559,0.0,2.9440000000000004,713.2910092876804,5.24478683299765,0.0,11.22577133706608,214.152103634996,7132.910092876804,7347.0621965118,669.76221965118,0.029147991116322665,0.9708520088836774,9.02,5.0,5.0,45.09,4990.0,224999.1,23.768268993895227,791.665937056249,815.4342060501443
Sonora,San Miguel de Horcasitas,56,Hermosillo,144,Tomate verde,2011,2012,29.478894,-110.788818,473.0,4,2.5,0.5,912.1528392918507,6.7070061712636075,3.041501233214562,13.172602107843078,19.66404411764706,0.6899999999999997,27.45,28.631029411764708,5.31,37.33,10.697058823529412,-3.93,18.57,23.809926470588238,5.64,57.53,22.884191176470587,9.01,32.06,2.736102941176471,1.53,8.59,6.42,0.047205882352941174,0.0,4.4,5.136000000000001,0.03776470588235295,0.0,3.5200000000000005,11.972361104449346,4.868839299648339,18.382690451035444,0.007038294158009927,2,0,16,11,863.6510012641209,6.350375009295006,1.8249007399287371,13.093993837831666,5.136000000000001,0.03776470588235295,0.0,3.5200000000000005,858.5150012641208,6.312610303412653,1.7302956343526281,13.093993837831666,51.360000000000014,8585.150012641208,8636.510012641209,858.5150012641209,0.00594684657631667,0.9940531534236833,7.5,6.0,6.0,45.0,5100.0,229500.0,6.848000000000002,1144.6866683521612,1151.5346683521611
Sonora,San Miguel de Horcasitas,56,Hermosillo,144,Tomate verde,2012,2013,29.478894,-110.788818,473.0,2,1.5,0.0,881.4502559315235,6.433943473952727,2.3195733535611884,12.565049963624347,19.627116788321167,10.415,31.6,28.47773722627737,14.47,41.39,10.776496350364964,3.28,22.37,27.587372262773723,8.13,67.07,22.486496350364963,5.92,31.74,2.5927737226277374,0.93,5.38,14.74,0.10759124087591242,0.0,7.06,11.792,0.08607299270072992,0.0,5.648,11.954436301484844,4.746846160152755,17.750548128973833,0.01672244111430049,3,1,16,8,826.0592955021411,6.029629894176213,1.6366927284328388,11.160881428549022,8.370072468348347,0.06109541947699523,0.0,2.9068053564892287,817.6892230337929,5.968534474699219,0.0,11.160881428549022,83.70072468348347,8176.8922303379295,8260.592955021413,814.2672955021411,0.01013253226968457,0.9898674677303156,9.6,19.0,19.0,182.4,4150.0,756960.0,8.718825487862862,851.7596073268677,860.4784328147306
Sonora,San Miguel de Horcasitas,56,Hermosillo,144,Tomate verde,2013,2014,29.478894,-110.788818,473.0,1,1.0,0.0,866.1460910453757,6.368721257686586,1.865397374982932,12.802875910370803,19.03716911764706,5.68,28.650000000000002,27.669779411764708,12.8,39.05,10.404558823529412,-2.58,20.65,29.558014705882357,4.97,80.26,22.089632352941177,6.29,31.25,2.761544117647059,1.35,5.03,28.169999999999998,0.20713235294117646,0.0,14.34,22.536,0.16570588235294118,0.0,11.472000000000001,11.897945737888941,5.11202588932908,18.239413197511254,0.032523381784244784,3,3,13,25,826.0155727323109,6.0736439171493455,1.1192384249897591,12.42435726231832,7.102843242691726,0.05222678854920387,0.0,2.4098968516729893,818.9127294896193,6.021417128600142,0.0,12.42435726231832,71.02843242691726,8189.127294896193,8260.15572732311,803.479572732311,0.00859892171184715,0.9914010782881529,9.6,10.0,10.0,96.0,5220.0,501120.0,7.284967428401771,839.910491784225,847.1954592126267
Sonora,San Miguel de Horcasitas,56,Hermosillo,144,Tomate verde,2014,2015,29.478894,-110.788818,473.0,2,1.75,0.0,900.2393872566499,6.619407259240073,2.7588192172906028,13.068488408984981,21.284963235294118,12.75,29.599999999999998,29.81955882352941,19.44,39.73,12.750367647058825,4.99,20.07,24.439411764705884,5.34,61.96,21.852499999999996,6.52,31.79,2.5132352941176466,1.25,5.35,3.9699999999999998,0.029191176470588234,0.0,1.94,3.176,0.02335294117647059,0.0,1.552,11.585548600592892,4.436509921502964,18.3360474204297,0.004409938130010067,2,0,17,1,844.541444871897,6.209863565234537,1.6552915303743616,12.091335917626903,3.176,0.02335294117647059,0.0,1.552,841.3654448718971,6.186510624058067,1.6552915303743616,12.091335917626903,31.76,8413.654448718971,8445.414448718971,841.365444871897,0.003760620653118743,0.9962393793468813,9.7,6.0,6.0,58.2,1555.0,90501.0,3.2742268041237117,867.3870565689662,870.6612833730899
Sonora,San Miguel de Horcasitas,56,Hermosillo,144,Tomate verde,2015,2016,29.478894,-110.788818,473.0,0,0.0,0.0,763.3236652025655,5.612674008842394,1.2882404535956922,9.296181085867032,20.246507352941176,7.93,26.86,28.010000000000005,14.01,36.88,12.483014705882354,0.42,18.85,40.71529411764706,15.87,86.49,20.623676470588236,3.05,31.43,2.4890441176470586,1.24,5.34,120.36999999999999,0.8850735294117646,0.0,25.27,96.296,0.7080588235294119,0.0,20.216,11.756466386337356,3.315523649681598,19.006620158601592,0.15769195360667487,13,8,4,4,720.8585916255454,5.300430820776069,0.7729442721574152,9.657888718618292,34.34111325896076,0.25250818572765266,0.0,5.6000000000000005,686.5174783665848,5.047922635048417,0.0,9.657888718618292,343.41113258960763,6865.174783665848,7208.585916255455,624.5625916255453,0.04763918146764556,0.9523608185323547,10.7,7.0,7.0,74.9,6850.0,513065.0,32.09449837286053,641.6051199687709,673.6996183416313
Sonora,San Miguel de Horcasitas,56,Hermosillo,144,Tomate verde,2017,2018,29.478894,-110.788818,473.0,1,1.0,0.0,839.1050049977364,6.1698897426304145,1.4873495093407652,11.438246250500928,20.767720588235292,10.57,29.884999999999998,29.093750000000004,15.17,41.19,12.44169117647059,3.17,19.89,35.550955882352945,8.96,84.76,21.901323529411766,4.19,31.17,2.5779411764705884,1.25,6.79,60.28000000000001,0.4432352941176471,0.0,21.64,48.224000000000004,0.35458823529411765,0.0,17.312,12.007878898465492,4.070733597284303,18.33085535841502,0.07183844648878315,7,5,32,6,807.7217366748774,5.93913041672704,0.8924097056044591,13.153983188076067,10.957268666152709,0.08056815195700522,0.0,2.288824318371569,796.7644680087247,5.858562264770035,0.0,13.153983188076067,109.57268666152709,7967.644680087247,8077.217366748774,759.4977366748774,0.01356564788173233,0.9864343521182677,17.0,25.0,25.0,425.0,5100.0,2167500.0,6.445452156560417,468.6849811816028,475.1304333381632
Sonora,San Miguel de Horcasitas,56,Hermosillo,144,Zanahoria,2010,2011,29.478894,-110.788818,473.0,1,1.0,0.0,624.0098483216925,4.132515551799288,1.1923889076867316,6.988745274140098,17.682781456953645,9.13,29.700000000000003,25.081258278145693,13.84,38.41,10.28430463576159,1.82,23.33,42.9148344370861,19.35,87.18,15.477615894039735,5.65,22.6,2.3727814569536423,1.12,7.28,104.69,0.6933112582781457,0.0,22.06,83.75200000000001,0.5546490066225166,0.0,17.648,7.921644589900422,4.376968154595325,12.708549607615868,0.16776978805954632,18,6,6,12,602.4401982942056,3.989670187378845,1.132769462302395,7.317856032099459,33.21412636542999,0.2199611017578145,0.0,2.731565204658256,569.2260719287756,3.7697090856210305,0.0,7.317856032099459,332.1412636542999,5692.260719287756,6024.401982942056,518.6881982942057,0.055132652932979836,0.94486734706702,20.14,2.0,2.0,40.28,3542.9,142708.01,16.491621829905654,282.63459380773367,299.12621563763935
Sonora,San Miguel de Horcasitas,56,Hermosillo,144,Zanahoria,2013,2014,29.478894,-110.788818,473.0,1,1.0,0.0,660.8036708662924,4.376183250770148,1.594364950773147,7.994638318303504,18.445794701986756,5.68,28.405,26.160927152317882,12.8,37.67,10.730662251655628,-2.58,21.54,38.631589403973514,14.43,80.26,15.87887417218543,4.56,23.17,2.2533774834437086,1.19,5.03,52.61,0.34841059602649005,0.0,14.34,42.088,0.27872847682119206,0.0,11.472000000000001,8.055404662475278,3.812874309468894,13.275374366372233,0.0796151751563819,7,5,7,28,634.5141516788392,4.2020804746942995,1.6740831983118045,7.594906402388328,16.869245292206195,0.11171685623977612,0.0,2.950356546384265,617.644906386633,4.090363618454523,0.0,7.594906402388328,168.69245292206193,6176.44906386633,6345.141516788392,592.4261516788392,0.02658608204020736,0.9734139179597927,19.8,10.0,10.0,198.0,1800.0,356400.0,8.541390021370225,312.7315981704471,321.2729881918173
Sonora,San Miguel de Horcasitas,56,Hermosillo,144,Zanahoria,2014,2015,29.478894,-110.788818,473.0,2,1.6666666666666667,0.0,710.5258442149136,4.705469166986183,1.521881847165269,7.859746695456614,19.696092715231792,9.690000000000001,26.845,27.492450331125827,13.06,36.0,11.899735099337748,3.48,20.26,36.53953642384107,11.74,81.34,16.05430463576159,5.6,22.95,2.3086092715231787,1.23,4.94,29.25,0.19370860927152317,0.0,8.45,23.4,0.15496688741721854,0.0,6.76,8.006401166099675,4.189666144197154,13.538108238110196,0.041166693988899744,5,3,3,4,682.385379121837,4.519108471005543,1.5979759395235327,7.601593201805369,12.28715887242567,0.08137191306242166,0.0,2.272605370935326,670.0982202494114,4.437736557943122,0.0,7.601593201805369,122.8715887242567,6700.982202494114,6823.853791218371,658.985379121837,0.01800618719034988,0.9819938128096503,19.7,11.0,11.0,216.7,3658.0,792688.6,6.237136483464807,340.1513808372647,346.3885173207295
Sonora,San Miguel de Horcasitas,56,Hermosillo,144,Zanahoria,2015,2016,29.478894,-110.788818,473.0,0,0.0,0.0,633.6092107267036,4.196087488256316,1.2882404535956922,7.165498446060128,19.546192052980132,7.93,27.619999999999997,26.8982119205298,14.01,36.05,12.194172185430464,0.42,22.47,47.75788079470198,18.34,86.49,15.879139072847682,3.05,23.48,2.2313245033112588,1.13,5.59,90.26,0.597748344370861,0.0,25.27,72.208,0.4781986754966887,0.0,20.216,8.435702851146052,3.315523649681598,14.096590824490242,0.14245373721205593,13,5,3,6,609.885897305448,4.03897945235396,1.2238284309159075,7.523773368363135,26.133967181733116,0.17307263034260342,0.0,2.9637691189372735,583.7519301237148,3.8659068220113566,0.0,7.523773368363135,261.3396718173312,5837.519301237148,6098.858973054479,537.677897305448,0.04285058450637446,0.9571494154936254,20.0,13.0,13.0,260.0,2225.1,578526.0,13.06698359086656,291.8759650618574,304.942948652724
Sonora,San Miguel de Horcasitas,56,Hermosillo,144,Avena forrajera en verde,2010,2011,29.478894,-110.788818,473.0,1,1.0,0.0,691.0370971877139,4.401510173170152,1.1923889076867316,9.76154029310094,16.63563694267516,9.13,26.314999999999998,24.335732484076434,13.84,35.93,8.935541401273884,1.82,18.32,40.91840764331211,14.91,87.18,16.96331210191083,5.65,27.59,2.477643312101911,1.12,7.28,84.64,0.5391082802547771,0.0,22.06,67.712,0.4312866242038217,0.0,17.648,8.745297061586344,4.376968154595325,15.927795097507772,0.12248257053703199,14,4,1,13,630.4954400993273,4.0158945229256515,0.6816578402521813,8.785386263790846,27.387866486820855,0.17444500947019653,0.0,2.7773803049809414,603.1075736125066,3.841449513455456,0.0,8.785386263790846,273.87866486820855,6031.075736125066,6304.954400993275,562.7834400993273,0.04343864323984042,0.9565613567601599,38.23,75.0,75.0,2867.1,600.0,1720260.0,7.163972400423975,157.7576703145453,164.92164271496927
Sonora,San Miguel de Horcasitas,56,Hermosillo,144,Avena forrajera en verde,2011,2012,29.478894,-110.788818,473.0,3,1.6,0.2,820.1759387453442,5.224050565256969,1.9705591276103673,10.136936014967164,18.104999999999997,0.6899999999999997,26.770000000000003,26.53343949044586,5.31,36.49,9.67656050955414,-3.93,18.0,28.37375796178344,9.8,72.96,18.216687898089173,6.94,26.9,2.4806369426751593,1.32,8.59,3.8200000000000003,0.024331210191082805,0.0,1.78,3.056,0.019464968152866243,0.0,1.4240000000000002,8.77630575349398,4.611194722949645,15.08224390341711,0.00465753726675231,2,0,3,17,750.5787791250771,4.780756554936796,1.0660731286230922,8.469321788000716,3.056,0.019464968152866243,0.0,1.4240000000000002,747.5227791250771,4.761291586783931,0.9301429967519221,8.469321788000716,30.560000000000002,7475.227791250772,7505.787791250772,747.522779125077,0.00407152464870146,0.9959284753512987,37.5,75.0,75.0,2812.5,750.0,2109375.0,0.8149333333333334,199.33940776668723,200.15434110002056
Sonora,San Miguel de Horcasitas,56,Hermosillo,144,Avena forrajera en verde,2012,2013,29.478894,-110.788818,473.0,2,1.3333333333333333,0.0,733.4588578139917,4.6421446697088085,1.155699241331616,9.341629778183048,16.70762658227848,6.38,26.299999999999997,24.757721518987342,12.5,35.36,8.65753164556962,0.26,18.06,38.276202531645566,9.14,86.25,17.348987341772155,2.71,28.61,2.5081012658227846,0.93,6.59,89.5,0.5664556962025317,0.0,45.88,71.6,0.4531645569620253,0.0,36.704,8.77733074535725,3.119764527399232,15.569623388731076,0.12202456763116437,12,4,1,21,675.5150682837532,4.275411824580717,0.48623832475825884,8.407466800364743,20.101348661384442,0.12722372570496482,0.0,4.675261964396642,655.4137196223687,4.148188098875751,0.0,8.407466800364743,201.0134866138444,6554.137196223687,6755.150682837531,603.9150682837532,0.02975706924266681,0.9702429307573331,38.0,75.0,75.0,2850.0,800.0,2280000.0,5.289828595101168,172.47729463746546,177.76712323256663
Sonora,San Miguel de Horcasitas,56,Hermosillo,144,Avena forrajera en verde,2013,2014,29.478894,-110.788818,473.0,1,1.0,0.0,759.3351472479112,4.836529600305167,1.594364950773147,8.81333613905871,17.93611464968153,5.68,26.375,25.947261146496817,12.8,36.83,9.924968152866242,-2.58,20.06,33.64987261146497,11.43,80.26,17.05,4.56,27.99,2.4050318471337575,1.21,5.03,53.17999999999999,0.3387261146496815,0.0,14.34,42.544,0.2709808917197452,0.0,11.472000000000001,8.561551319161206,3.812874309468894,15.167822676902325,0.0700349512237678,7,5,3,28,693.0640968970359,4.414420999344178,1.066966625310758,7.93200252515284,18.767572709737454,0.1195386796798564,0.0,3.5714842403599,674.2965241872985,4.294882319664321,0.0,7.93200252515284,187.67572709737453,6742.965241872985,6930.64096897036,650.520096897036,0.02707912990120686,0.9729208700987931,37.5,100.0,100.0,3750.0,845.0,3168750.0,5.004686055929987,179.81240644994625,184.81709250587625
Sonora,San Miguel de Horcasitas,56,Hermosillo,144,Avena forrajera en verde,2014,2015,29.478894,-110.788818,473.0,2,1.6,0.0,779.8525125601112,4.967213455796887,1.521881847165269,9.391211823045651,19.205987261146493,9.690000000000001,26.845,27.00687898089172,13.06,36.0,11.405095541401273,3.48,20.26,34.231082802547775,11.74,81.34,16.9887898089172,5.6,27.85,2.417197452229299,1.23,5.35,31.03,0.19764331210191083,0.0,8.45,24.824,0.15811464968152866,0.0,6.76,8.570891977877286,4.189666144197154,15.524969736259482,0.0397895749519794,7,3,2,4,724.3223133632728,4.613517919511292,0.7882562699998616,9.038708699775105,13.031016397083823,0.08300010444002436,0.0,2.4890439776910713,711.2912969661888,4.530517815071266,0.0,9.038708699775105,130.31016397083823,7112.912969661888,7243.223133632727,699.4983133632728,0.017990632287132532,0.9820093677128673,38.37,98.0,98.0,3760.0,836.51,3145277.6,3.396147093323905,185.37693431487853,188.77308140820244
Sonora,San Miguel de Horcasitas,56,Hermosillo,144,Avena forrajera en verde,2015,2016,29.478894,-110.788818,473.0,0,0.0,0.0,692.9728564375766,4.41383984992087,1.2882404535956922,8.39816410314634,18.84576433121019,7.93,26.07,26.28942675159236,14.01,36.88,11.402101910828026,0.42,18.96,44.92369426751593,18.34,86.49,16.414331210191083,3.05,26.78,2.3527388535031846,1.24,5.59,114.6,0.729936305732484,0.0,25.27,91.68,0.5839490445859873,0.0,20.216,8.753095645306171,3.315523649681598,15.838362679550606,0.16537444278717317,13,7,1,6,646.9094373292969,4.120442275982783,0.9162291884225644,8.240323212969146,29.22122787849321,0.18612247056365103,0.0,3.567413460367136,617.6882094508037,3.9343198054191317,0.0,8.240323212969146,292.2122787849321,6176.882094508037,6469.094373292969,555.2294373292968,0.04517050794486818,0.9548294920551318,37.68,110.0,110.0,4144.8,855.0,3543804.0,7.755102940152126,163.92999189246382,171.68509483261593
Sonora,San Miguel de Horcasitas,56,Hermosillo,144,Avena forrajera en verde,2016,2017,29.478894,-110.788818,473.0,2,1.3333333333333333,0.0,772.196604711203,4.887320282982298,1.753177681646346,8.813950216014316,18.05493670886076,6.855,25.45,26.36474683544304,13.54,35.98,9.74512658227848,-0.26,17.44,36.72164556962026,11.74,80.95,17.58740506329114,4.6,28.16,2.455886075949367,1.08,4.92,60.64,0.3837974683544304,0.0,11.3,48.51200000000001,0.3070379746835444,0.0,9.040000000000001,8.858887586190665,3.956692602046436,15.304841218331934,0.07852922381428885,13,5,4,21,718.6267507059134,4.548270574088059,0.6496560020736797,7.932555194412885,25.28510743525252,0.16003232553957292,0.0,3.0459062728189403,693.3416432706609,4.388238248548487,0.0,7.932555194412885,252.8510743525252,6933.416432706609,7186.267507059134,670.1147507059134,0.03518531339170819,0.9648146866082918,42.95,105.0,105.0,4510.0,860.0,3878600.0,5.887103011700237,161.42995186744142,167.31705487914166
Sonora,San Miguel de Horcasitas,56,Hermosillo,144,Avena forrajera en verde,2017,2018,29.478894,-110.788818,473.0,1,1.0,0.0,737.3621926097044,4.696574475221047,1.377480268938184,8.52102100369591,19.314904458598722,10.245,28.875,26.987515923566875,15.17,37.77,11.642292993630575,3.17,20.82,40.548089171974524,16.58,84.76,16.935095541401274,3.27,27.76,2.342738853503185,0.95,6.79,86.97,0.5539490445859873,0.0,21.64,69.576,0.4431592356687898,0.0,17.312,8.790042516536511,3.3543440727482006,15.758968149514647,0.11794746309434714,10,7,11,7,663.4906836414177,4.226055309817947,1.1939073782448557,7.653210500499745,21.32258325137453,0.13581263217436007,0.0,3.6207087944706857,642.1681003900433,4.090242677643587,0.0,7.653210500499745,213.22583251374533,6421.681003900432,6634.906836414178,593.9146836414177,0.03213697460580815,0.967863025394192,41.0,115.0,115.0,4715.0,880.0,4149200.0,5.200630061310862,156.62636594879103,161.8269960101019
Sonora,San Miguel de Horcasitas,56,Hermosillo,144,Avena forrajera en verde,2018,2019,29.478894,-110.788818,473.0,4,2.5454545454545454,0.6363636363636364,792.6915773799533,5.048990938725817,1.318635504410625,8.54940269747323,20.410382165605096,10.43,28.345,28.221719745222934,14.76,36.82,12.599044585987262,1.7,20.58,32.688726114649675,13.26,86.17,16.6159872611465,4.44,27.88,2.3533121019108276,1.06,5.74,44.239999999999995,0.2817834394904458,0.0,26.14,35.392,0.2254267515923567,0.0,20.912000000000003,8.372894337635696,3.7795592180457245,15.420592889239586,0.05580985248540727,5,2,11,9,736.9670476004993,4.694057628028658,1.1489935750438263,9.78892446662224,10.890085558241204,0.0693636022817911,0.0,1.6498244229752637,726.0769620422582,4.624694025746868,0.0,9.78892446662224,108.90085558241204,7260.769620422581,7369.670476004993,701.5750476004993,0.01477689619053983,0.9852231038094602,42.2,107.0,107.0,4515.0,984.51,4445062.65,2.580588994843887,172.05615214271518,174.63674113755906
Sonora,San Miguel de Horcasitas,56,Hermosillo,144,Avena forrajera en verde,2019,2020,29.478894,-110.788818,473.0,1,1.0,0.0,633.080109007614,4.032357382214102,0.9848345926787586,8.338665481015495,16.970254777070064,7.449999999999999,23.75,24.38617834394904,11.41,34.29,9.554331210191084,0.94,18.16,47.007579617834395,20.78,87.86,16.07910828025478,2.93,27.08,2.2367515923566885,0.94,6.51,87.52,0.557452229299363,0.0,25.36,70.016,0.4459617834394905,0.0,20.288,8.642706305247254,3.2587545978374868,15.590109459967211,0.1382447477890154,11,3,0,15,581.7322281786262,3.7053008164243706,0.8075752503691096,7.504798932913945,21.177815343188467,0.1348905435871877,0.0,2.2560836696976483,560.5544128354378,3.5704102728371834,0.0,7.504798932913945,211.77815343188468,5605.544128354378,5817.3222817862625,511.7162281786262,0.036404748297159194,0.9635952517028409,43.2,110.0,110.0,4752.0,925.51,4398023.52,4.902272070182515,129.75796593412912,134.66023800431162
Sonora,San Miguel de Horcasitas,56,Hermosillo,144,Avena forrajera en verde,2020,2021,29.478894,-110.788818,473.0,0,0.0,0.0,554.8170935199812,3.5115005918986153,0.7735740836069078,7.196275603457033,16.74231012658228,6.37,24.755,23.72120253164557,13.95,32.01,9.763417721518987,-2.0,18.87,56.33487341772152,27.95,94.36,15.4026582278481,2.18,27.53,2.1836075949367086,1.05,6.3,306.37,1.9390506329113923,0.0,103.22,183.822,1.1634303797468355,0.0,61.931999999999995,8.580508151574094,2.8272830450630524,16.114626710596962,0.5522000017271753,23,13,0,15,504.7420160099885,3.1945697215822055,0.8218425234699059,6.6069219968110415,36.46461431318882,0.23078869818473935,0.0,2.4599999999999995,468.2774016967997,2.9637810233974666,0.0,6.6069219968110415,364.64614313188815,4682.774016967997,5047.420160099886,320.9200160099885,0.072244063613811,0.927755936386189,45.27,110.0,110.0,4980.0,963.37,4797582.6,8.054918116454344,103.4409988285398,111.49591694499415
Sonora,San Miguel de Horcasitas,56,Hermosillo,144,Avena forrajera en verde,2021,2022,29.478894,-110.788818,473.0,4,3.1818181818181817,1.0,803.9211190855335,5.120516682073462,1.710241588790279,10.65777177208711,18.25394904458599,7.865,30.115000000000002,26.5456050955414,12.57,39.35,9.962292993630573,2.36,21.87,30.9628025477707,10.78,81.82,17.611656050955414,5.16,27.75,2.5161146496815285,1.25,5.67,68.52,0.43643312101910825,0.0,24.84,54.816,0.34914649681528664,0.0,19.872,8.602494100271688,4.170408717687209,15.198328265355414,0.08523224278265264,7,3,16,15,741.0082358189686,4.7197976803755965,1.0192383982402928,9.591994594878399,16.78463236927424,0.10690848642849836,0.0,2.9919237770942213,724.2236034496943,4.6128891939470975,0.0,9.591994594878399,167.84632369274243,7242.236034496944,7410.082358189687,686.1922358189686,0.022651073979931845,0.9773489260200681,45.0,170.0,170.0,7650.0,960.0,7344000.0,3.729918304283165,160.93857854437653,164.6684968486597
Sonora,San Miguel de Horcasitas,56,Hermosillo,144,Avena forrajera en verde,2022,2023,29.478894,-110.788818,473.0,2,1.25,0.0,735.0437785706147,4.681807506819202,1.6904110585158798,9.188013461568563,18.34808917197452,8.05,25.85,26.34687898089172,16.69,36.66,10.349299363057325,-0.86,19.18,37.48980891719745,8.2,83.79,17.361337579617835,5.5,27.35,2.3040127388535034,1.19,5.27,81.3,0.5178343949044586,0.0,42.24,65.03999999999999,0.4142675159235668,0.0,33.792,8.839060274204186,4.1277947686259555,15.611238032004565,0.11060565692848676,7,4,1,7,666.38638220692,4.244499249725605,1.0708233173822028,8.269212115411706,15.510173498877196,0.09879091400558723,0.0,3.645027077089063,650.8762087080429,4.145708335720019,0.0,8.269212115411706,155.10173498877197,6508.762087080429,6663.863822069201,601.34638220692,0.023275045698729666,0.9767249543012705,45.03,165.0,165.0,7430.0,970.0,7207100.0,3.444408949339817,144.5427956269249,147.98720457626473
Sonora,San Miguel de Horcasitas,56,Hermosillo,144,Avena forrajera en verde,2023,2024,29.478894,-110.788818,473.0,2,1.8571428571428572,0.0,642.5402895957769,4.092613309527241,1.2566993874751642,8.553286662110983,16.25732484076433,8.29,22.85,23.85789808917197,14.98,33.05,8.656751592356688,-0.6,16.84,45.047579617834394,15.29,81.92,16.5143949044586,2.41,28.75,2.3258598726114648,1.25,4.95,59.55,0.3792993630573248,0.0,13.88,47.64000000000001,0.30343949044585994,0.0,11.104000000000001,8.694643473259838,3.250411665622466,16.066594701305373,0.09267901322960306,9,4,0,20,596.7018719185012,3.8006488657229376,0.8153211631774407,7.697957995899885,17.835101658316972,0.11359937361985332,0.0,2.600701581784481,578.8667702601842,3.6870494921030845,0.0,7.697957995899885,178.35101658316972,5788.667702601842,5967.018719185012,549.0618719185012,0.02988946825484893,0.9701105317451512,42.22,135.0,135.0,5699.7,977.19,5569689.84,4.22432535725177,137.10724070587025,141.331566063122
Sonora,San Miguel de Horcasitas,56,Hermosillo,144,Cebada grano,2023,2024,29.478894,-110.788818,473.0,2,1.8571428571428572,0.0,767.1553382375853,4.460205454869682,1.2566993874751642,9.29989562371845,16.838488372093025,8.29,27.24,24.61093023255814,14.98,37.91,9.066046511627908,-0.6,16.84,42.705988372093024,10.62,81.92,17.52645348837209,2.41,29.36,2.355290697674419,1.25,4.95,59.55,0.3462209302325581,0.0,13.88,47.64000000000001,0.27697674418604656,0.0,11.104000000000001,9.287832111015366,3.250411665622466,16.92720354023527,0.07762443540679316,9,4,3,20,468.30432633446816,2.7226995717120244,0.31417484686879105,9.395316626955863,12.928292330748713,0.07516449029505065,0.0,2.600701581784481,455.3760340037195,2.647535081416974,0.0,9.395316626955863,129.28292330748712,4553.760340037195,4683.043263344683,420.66432633446817,0.027606604517070345,0.9723933954829298,3.5,40.0,40.0,140.0,5000.0,700000.0,36.937978087853466,1301.07438286777,1338.0123609556235
Sonora,San Miguel de Horcasitas,56,Hermosillo,144,Cebada forrajera en verde,2010,2011,29.478894,-110.788818,473.0,1,1.0,0.0,691.0370971877139,4.401510173170152,1.1923889076867316,9.76154029310094,16.63563694267516,9.13,26.314999999999998,24.335732484076434,13.84,35.93,8.935541401273884,1.82,18.32,40.91840764331211,14.91,87.18,16.96331210191083,5.65,27.59,2.477643312101911,1.12,7.28,84.64,0.5391082802547771,0.0,22.06,67.712,0.4312866242038217,0.0,17.648,8.745297061586344,4.376968154595325,15.927795097507772,0.12248257053703199,14,4,1,13,630.4954400993273,4.0158945229256515,0.6816578402521813,8.785386263790846,27.387866486820855,0.17444500947019653,0.0,2.7773803049809414,603.1075736125066,3.841449513455456,0.0,8.785386263790846,273.87866486820855,6031.075736125066,6304.954400993275,562.7834400993273,0.04343864323984042,0.9565613567601599,40.32,75.0,75.0,3024.0,600.0,1814400.0,6.792625616771045,149.58025139199074,156.37287700876178
Sonora,San Miguel de Horcasitas,56,Hermosillo,144,Cebada forrajera en verde,2011,2012,29.478894,-110.788818,473.0,3,1.6,0.2,820.1759387453442,5.224050565256969,1.9705591276103673,10.136936014967164,18.104999999999997,0.6899999999999997,26.770000000000003,26.53343949044586,5.31,36.49,9.67656050955414,-3.93,18.0,28.37375796178344,9.8,72.96,18.216687898089173,6.94,26.9,2.4806369426751593,1.32,8.59,3.8200000000000003,0.024331210191082805,0.0,1.78,3.056,0.019464968152866243,0.0,1.4240000000000002,8.77630575349398,4.611194722949645,15.08224390341711,0.00465753726675231,2,0,3,17,750.5787791250771,4.780756554936796,1.0660731286230922,8.469321788000716,3.056,0.019464968152866243,0.0,1.4240000000000002,747.5227791250771,4.761291586783931,0.9301429967519221,8.469321788000716,30.560000000000002,7475.227791250772,7505.787791250772,747.522779125077,0.00407152464870146,0.9959284753512987,38.0,75.0,75.0,2850.0,755.0,2151750.0,0.8042105263157895,196.71652082238873,197.52073134870452
Sonora,San Miguel de Horcasitas,56,Hermosillo,144,Cebada forrajera en verde,2012,2013,29.478894,-110.788818,473.0,2,1.3333333333333333,0.0,733.4588578139917,4.6421446697088085,1.155699241331616,9.341629778183048,16.70762658227848,6.38,26.299999999999997,24.757721518987342,12.5,35.36,8.65753164556962,0.26,18.06,38.276202531645566,9.14,86.25,17.348987341772155,2.71,28.61,2.5081012658227846,0.93,6.59,89.5,0.5664556962025317,0.0,45.88,71.6,0.4531645569620253,0.0,36.704,8.77733074535725,3.119764527399232,15.569623388731076,0.12202456763116437,12,4,1,21,675.5150682837532,4.275411824580717,0.48623832475825884,8.407466800364743,20.101348661384442,0.12722372570496482,0.0,4.675261964396642,655.4137196223687,4.148188098875751,0.0,8.407466800364743,201.0134866138444,6554.137196223687,6755.150682837531,603.9150682837532,0.02975706924266681,0.9702429307573331,40.0,75.0,75.0,3000.0,845.0,2535000.0,5.0253371653461105,163.85342990559218,168.8787670709383
Sonora,San Miguel de Horcasitas,56,Hermosillo,144,Cebada forrajera en verde,2013,2014,29.478894,-110.788818,473.0,1,1.0,0.0,759.3351472479112,4.836529600305167,1.594364950773147,8.81333613905871,17.93611464968153,5.68,26.375,25.947261146496817,12.8,36.83,9.924968152866242,-2.58,20.06,33.64987261146497,11.43,80.26,17.05,4.56,27.99,2.4050318471337575,1.21,5.03,53.17999999999999,0.3387261146496815,0.0,14.34,42.544,0.2709808917197452,0.0,11.472000000000001,8.561551319161206,3.812874309468894,15.167822676902325,0.0700349512237678,7,5,3,28,693.0640968970359,4.414420999344178,1.066966625310758,7.93200252515284,18.767572709737454,0.1195386796798564,0.0,3.5714842403599,674.2965241872985,4.294882319664321,0.0,7.93200252515284,187.67572709737453,6742.965241872985,6930.64096897036,650.520096897036,0.02707912990120686,0.9729208700987931,39.4,100.0,100.0,3940.0,940.0,3703600.0,4.763343327344532,171.1412497937306,175.90459312107512
Sonora,San Miguel de Horcasitas,56,Hermosillo,144,Cebada forrajera en verde,2014,2015,29.478894,-110.788818,473.0,2,1.6,0.0,779.8525125601112,4.967213455796887,1.521881847165269,9.391211823045651,19.205987261146493,9.690000000000001,26.845,27.00687898089172,13.06,36.0,11.405095541401273,3.48,20.26,34.231082802547775,11.74,81.34,16.9887898089172,5.6,27.85,2.417197452229299,1.23,5.35,31.03,0.19764331210191083,0.0,8.45,24.824,0.15811464968152866,0.0,6.76,8.570891977877286,4.189666144197154,15.524969736259482,0.0397895749519794,7,3,2,4,724.3223133632728,4.613517919511292,0.7882562699998616,9.038708699775105,13.031016397083823,0.08300010444002436,0.0,2.4890439776910713,711.2912969661888,4.530517815071266,0.0,9.038708699775105,130.31016397083823,7112.912969661888,7243.223133632727,699.4983133632728,0.017990632287132532,0.9820093677128673,37.25,102.0,102.0,3800.0,933.01,3545438.0,3.4982594354587446,190.95068374931245,194.4489431847712
Sonora,San Miguel de Horcasitas,56,Hermosillo,144,Cebada forrajera en verde,2015,2016,29.478894,-110.788818,473.0,0,0.0,0.0,692.9728564375766,4.41383984992087,1.2882404535956922,8.39816410314634,18.84576433121019,7.93,26.07,26.28942675159236,14.01,36.88,11.402101910828026,0.42,18.96,44.92369426751593,18.34,86.49,16.414331210191083,3.05,26.78,2.3527388535031846,1.24,5.59,114.6,0.729936305732484,0.0,25.27,91.68,0.5839490445859873,0.0,20.216,8.753095645306171,3.315523649681598,15.838362679550606,0.16537444278717317,13,7,1,6,646.9094373292969,4.120442275982783,0.9162291884225644,8.240323212969146,29.22122787849321,0.18612247056365103,0.0,3.567413460367136,617.6882094508037,3.9343198054191317,0.0,8.240323212969146,292.2122787849321,6176.882094508037,6469.094373292969,555.2294373292968,0.04517050794486818,0.9548294920551318,39.0,115.0,115.0,4485.0,952.67,4272724.95,7.492622532946977,158.38159216687274,165.8742146998197
Sonora,San Miguel de Horcasitas,56,Hermosillo,144,Cebada forrajera en verde,2016,2017,29.478894,-110.788818,473.0,2,1.3333333333333333,0.0,772.196604711203,4.887320282982298,1.753177681646346,8.813950216014316,18.05493670886076,6.855,25.45,26.36474683544304,13.54,35.98,9.74512658227848,-0.26,17.44,36.72164556962026,11.74,80.95,17.58740506329114,4.6,28.16,2.455886075949367,1.08,4.92,60.64,0.3837974683544304,0.0,11.3,48.51200000000001,0.3070379746835444,0.0,9.040000000000001,8.858887586190665,3.956692602046436,15.304841218331934,0.07852922381428885,13,5,4,21,718.6267507059134,4.548270574088059,0.6496560020736797,7.932555194412885,25.28510743525252,0.16003232553957292,0.0,3.0459062728189403,693.3416432706609,4.388238248548487,0.0,7.932555194412885,252.8510743525252,6933.416432706609,7186.267507059134,670.1147507059134,0.03518531339170819,0.9648146866082918,38.6,110.0,110.0,4246.0,475.0,2016850.0,6.550545967681999,179.6221873758189,186.1727333435009
Sonora,San Miguel de Horcasitas,56,Hermosillo,144,Cebada forrajera en verde,2017,2018,29.478894,-110.788818,473.0,1,1.0,0.0,737.3621926097044,4.696574475221047,1.377480268938184,8.52102100369591,19.314904458598722,10.245,28.875,26.987515923566875,15.17,37.77,11.642292993630575,3.17,20.82,40.548089171974524,16.58,84.76,16.935095541401274,3.27,27.76,2.342738853503185,0.95,6.79,86.97,0.5539490445859873,0.0,21.64,69.576,0.4431592356687898,0.0,17.312,8.790042516536511,3.3543440727482006,15.758968149514647,0.11794746309434714,10,7,11,7,663.4906836414177,4.226055309817947,1.1939073782448557,7.653210500499745,21.32258325137453,0.13581263217436007,0.0,3.6207087944706857,642.1681003900433,4.090242677643587,0.0,7.653210500499745,213.22583251374533,6421.681003900432,6634.906836414178,593.9146836414177,0.03213697460580815,0.967863025394192,42.0,98.0,98.0,4116.0,918.37,3780010.92,5.076805536041555,152.8971667595341,157.97397229557563
Sonora,San Miguel de Horcasitas,56,Hermosillo,144,Cebada forrajera en verde,2018,2019,29.478894,-110.788818,473.0,4,2.5454545454545454,0.6363636363636364,792.6915773799533,5.048990938725817,1.318635504410625,8.54940269747323,20.410382165605096,10.43,28.345,28.221719745222934,14.76,36.82,12.599044585987262,1.7,20.58,32.688726114649675,13.26,86.17,16.6159872611465,4.44,27.88,2.3533121019108276,1.06,5.74,44.239999999999995,0.2817834394904458,0.0,26.14,35.392,0.2254267515923567,0.0,20.912000000000003,8.372894337635696,3.7795592180457245,15.420592889239586,0.05580985248540727,5,2,11,9,736.9670476004993,4.694057628028658,1.1489935750438263,9.78892446662224,10.890085558241204,0.0693636022817911,0.0,1.6498244229752637,726.0769620422582,4.624694025746868,0.0,9.78892446662224,108.90085558241204,7260.769620422581,7369.670476004993,701.5750476004993,0.01477689619053983,0.9852231038094602,42.5,115.0,115.0,4887.5,960.78,4695812.25,2.562373072527342,170.84163812759016,173.4040112001175
Sonora,San Miguel de Horcasitas,56,Hermosillo,144,Cebada forrajera en verde,2019,2020,29.478894,-110.788818,473.0,1,1.0,0.0,633.080109007614,4.032357382214102,0.9848345926787586,8.338665481015495,16.970254777070064,7.449999999999999,23.75,24.38617834394904,11.41,34.29,9.554331210191084,0.94,18.16,47.007579617834395,20.78,87.86,16.07910828025478,2.93,27.08,2.2367515923566885,0.94,6.51,87.52,0.557452229299363,0.0,25.36,70.016,0.4459617834394905,0.0,20.288,8.642706305247254,3.2587545978374868,15.590109459967211,0.1382447477890154,11,3,0,15,581.7322281786262,3.7053008164243706,0.8075752503691096,7.504798932913945,21.177815343188467,0.1348905435871877,0.0,2.2560836696976483,560.5544128354378,3.5704102728371834,0.0,7.504798932913945,211.77815343188468,5605.544128354378,5817.3222817862625,511.7162281786262,0.036404748297159194,0.9635952517028409,40.61,115.0,115.0,4670.0,930.46,4345248.2,5.214926211078175,138.03359094691893,143.2485171579971
Sonora,San Miguel de Horcasitas,56,Hermosillo,144,Cebada forrajera en verde,2022,2023,29.478894,-110.788818,473.0,2,1.25,0.0,735.0437785706147,4.681807506819202,1.6904110585158798,9.188013461568563,18.34808917197452,8.05,25.85,26.34687898089172,16.69,36.66,10.349299363057325,-0.86,19.18,37.48980891719745,8.2,83.79,17.361337579617835,5.5,27.35,2.3040127388535034,1.19,5.27,81.3,0.5178343949044586,0.0,42.24,65.03999999999999,0.4142675159235668,0.0,33.792,8.839060274204186,4.1277947686259555,15.611238032004565,0.11060565692848676,7,4,1,7,666.38638220692,4.244499249725605,1.0708233173822028,8.269212115411706,15.510173498877196,0.09879091400558723,0.0,3.645027077089063,650.8762087080429,4.145708335720019,0.0,8.269212115411706,155.10173498877197,6508.762087080429,6663.863822069201,601.34638220692,0.023275045698729666,0.9767249543012705,47.0,50.0,50.0,2350.0,985.0,2314750.0,3.3000369146547226,138.4842997251155,141.78433663977023
Sonora,San Miguel de Horcasitas,56,Hermosillo,144,Cebada forrajera en verde,2023,2024,29.478894,-110.788818,473.0,2,1.8571428571428572,0.0,642.5402895957769,4.092613309527241,1.2566993874751642,8.553286662110983,16.25732484076433,8.29,22.85,23.85789808917197,14.98,33.05,8.656751592356688,-0.6,16.84,45.047579617834394,15.29,81.92,16.5143949044586,2.41,28.75,2.3258598726114648,1.25,4.95,59.55,0.3792993630573248,0.0,13.88,47.64000000000001,0.30343949044585994,0.0,11.104000000000001,8.694643473259838,3.250411665622466,16.066594701305373,0.09267901322960306,9,4,0,20,596.7018719185012,3.8006488657229376,0.8153211631774407,7.697957995899885,17.835101658316972,0.11359937361985332,0.0,2.600701581784481,578.8667702601842,3.6870494921030845,0.0,7.697957995899885,178.35101658316972,5788.667702601842,5967.018719185012,549.0618719185012,0.02988946825484893,0.9701105317451512,51.23,50.0,50.0,2561.5,1034.25,2649231.38,3.4813784224706175,112.99370881518334,116.47508723765395
Sonora,San Miguel de Horcasitas,56,Hermosillo,144,Sorgo grano,2015,2016,29.478894,-110.788818,473.0,0,0.0,0.0,1245.4307864940488,7.283220973649408,1.6334146996108259,12.121287414764188,25.811081871345028,13.77,34.425,33.10239766081872,18.33,43.43,18.519766081871342,8.36,26.13,43.441871345029234,11.66,85.82,25.837251461988306,6.32,32.35,2.403801169590643,0.93,5.15,312.53,1.8276608187134502,0.0,42.78,187.518,1.0965964912280701,0.0,25.668,16.097918474041197,5.183564326611494,19.97165409809469,0.2509412834412002,39,16,59,0,946.5297631233029,5.535261772650895,0.49002440988324775,12.121287414764188,91.76442984686943,0.5366340926717511,0.0,5.787726993702359,854.7653332764335,4.998627679979143,0.0,12.121287414764188,917.6442984686944,8547.653332764334,9465.297631233028,759.0117631233029,0.09694827719317625,0.9030517228068237,4.5,8.0,8.0,36.0,4000.0,144000.0,203.92095521526542,1899.4785183920742,2103.3994736073396
Sonora,San Miguel de Horcasitas,56,Hermosillo,144,Sorgo grano,2020,2021,29.478894,-110.788818,473.0,1,1.0,0.0,1332.5536234883743,7.792711248470026,1.5040781815775948,11.980926356355226,26.69947368421052,11.34,35.995000000000005,34.60883040935672,15.92,45.56,18.790116959064324,4.28,27.38,39.46432748538012,11.26,84.11,26.372397660818717,3.44,32.73,2.4396491228070176,0.83,4.2,183.45999999999998,1.0728654970760232,0.0,31.54,146.768,0.8582923976608187,0.0,25.232,16.25101808118483,3.8341031219988446,19.45277185974001,0.13767551021304214,32,8,99,1,1003.8248788455637,5.8703209289214255,0.4512234544732784,11.211812670250213,70.97157813572089,0.4150384686299467,0.0,4.181924407128144,932.8533007098429,5.455282460291479,0.0,11.211812670250213,709.7157813572089,9328.53300709843,10038.248788455638,857.0568788455637,0.070701154784429,0.929298845215571,4.2,195.0,195.0,819.0,4500.0,3685500.0,168.97994794219258,2221.0792874043877,2390.0592353465804
Sonora,San Miguel de Horcasitas,56,Hermosillo,144,Sorgo forrajero en verde,2010,2011,29.478894,-110.788818,473.0,0,0.0,0.0,1239.2356896062126,8.206858871564322,3.0859781166454905,11.65938129392675,24.941986754966887,11.96,35.769999999999996,33.42198675496688,18.66,44.65,16.46198675496689,3.6,26.89,30.55940397350993,9.73,82.46,27.29900662251656,13.87,32.38,2.787350993377484,1.35,5.54,109.75,0.7268211920529801,0.0,27.47,87.80000000000001,0.5814569536423841,0.0,21.976,16.09488108322782,8.813339694995133,19.432092069545885,0.0885626527064233,15,6,66,2,1097.0937625008219,7.2655216059657075,0.9257934349936471,10.806203618649427,46.22465206801334,0.3061235236292274,0.0,6.200998392399827,1050.8691104328086,6.959398082336481,0.0,10.806203618649427,462.2465206801334,10508.691104328085,10970.937625008219,1009.2937625008219,0.042133729721190276,0.9578662702788098,16.0,360.0,360.0,5760.0,500.0,2880000.0,28.89040754250834,656.7931940205053,685.6836015630137
Sonora,San Miguel de Horcasitas,56,Hermosillo,144,Sorgo forrajero en verde,2011,2012,29.478894,-110.788818,473.0,4,3.75,1.0,1297.3723234606018,8.591869691792065,4.396402867582401,13.172602107843078,25.8794701986755,14.860000000000001,37.37,34.611390728476835,20.97,45.86,17.147549668874177,6.71,28.88,27.874834437086093,5.64,74.53,27.77543046357616,17.38,32.72,2.7333774834437086,1.24,6.85,126.04,0.8347019867549669,0.0,23.6,100.83200000000001,0.6677615894039736,0.0,18.880000000000003,16.186720022202646,10.569933563526671,19.96326489712061,0.0971502148772542,16,8,71,0,1129.7118767503193,7.481535607618008,1.4464348127673732,13.172602107843078,63.63159713654914,0.4214013055400605,0.0,9.099169162710137,1066.0802796137702,7.060134302077949,0.0,13.172602107843078,636.3159713654914,10660.802796137703,11297.118767503194,1028.8798767503192,0.05632550958000818,0.9436744904199919,16.3,330.0,330.0,5379.0,560.0,3012240.0,39.03778965432462,654.0369813581412,693.0747710124658
Sonora,San Miguel de Horcasitas,56,Hermosillo,144,Sorgo forrajero en verde,2012,2013,29.478894,-110.788818,473.0,2,1.5,0.0,1250.5886423179622,8.282043988860677,2.3535738391823546,13.289540258911478,25.707384105960266,11.75,36.31,34.18913907284768,14.47,46.23,17.225629139072847,4.69,26.39,28.810066225165567,6.41,79.55,27.184834437086092,6.64,32.48,2.605629139072848,0.99,5.38,138.20000000000002,0.9152317880794704,0.0,18.16,110.55999999999999,0.7321854304635761,0.0,14.528,15.89359508458752,5.596932333756519,19.27332581441032,0.1105079602704905,25,11,67,1,1100.9599005601833,7.291125169272737,0.7060721517547064,12.565049963624347,89.82715894013158,0.5948818472856396,0.0,6.309245512492272,1011.132741620052,6.696243321987099,0.0,12.565049963624347,898.2715894013159,10111.32741620052,11009.599005601836,990.3999005601834,0.0815898552657788,0.9184101447342214,15.95,365.0,365.0,5821.75,596.15,3470636.26,56.31796798754332,633.9390229592802,690.2569909468235
Sonora,San Miguel de Horcasitas,56,Hermosillo,144,Sorgo forrajero en verde,2013,2014,29.478894,-110.788818,473.0,1,1.0,0.0,1289.6678279054543,8.540846542420226,4.2413909340727125,12.802875910370803,26.276390728476816,12.565,35.6,34.7194701986755,19.72,46.22,17.833311258278147,5.41,27.82,29.160397350993378,4.97,80.39,27.363443708609267,14.07,32.47,2.7557615894039738,0.95,5.0,103.86000000000001,0.687814569536424,0.0,22.08,83.088,0.550251655629139,0.0,17.663999999999998,16.071259294429208,8.902728659450396,19.27227204650093,0.08053236480953296,15,8,71,0,1127.2554929110838,7.465268164974065,1.2724172802218137,12.802875910370803,54.98227287765728,0.3641210124348164,0.0,6.925662521762586,1072.2732200334267,7.10114715253925,0.0,12.802875910370803,549.8227287765728,10722.732200334267,11272.55492911084,1044.1674929110839,0.04877534261169859,0.9512246573883015,15.79,360.0,360.0,5684.4,649.77,3693552.59,34.82094545766769,679.0837365632848,713.9046820209525
Sonora,San Miguel de Horcasitas,56,Hermosillo,144,Sorgo forrajero en verde,2014,2015,29.478894,-110.788818,473.0,2,1.8888888888888888,0.0,1259.7286706308546,8.34257397768778,3.649499468138712,14.6432961758047,26.39430463576159,16.255,37.41,34.46615894039736,23.25,47.5,18.32245033112583,8.68,27.32,30.45576158940397,5.34,79.93,26.771125827814572,7.64,32.05,2.6326490066225166,0.85,5.35,109.21000000000001,0.7232450331125828,0.0,17.41,87.36800000000001,0.5785960264900663,0.0,13.928,15.844327157646738,6.616290432031372,19.42876513965343,0.08669327177042749,21,5,71,0,1111.8848364160917,7.3634757378549125,1.0948498404416136,14.6432961758047,54.874222671691044,0.36340544815689435,0.0,5.508725257207361,1057.0106137444009,7.000070289698019,0.0,14.6432961758047,548.7422267169104,10570.106137444009,11118.84836416092,1024.5168364160918,0.04935243370038721,0.950647566299613,18.0,294.0,294.0,5292.0,708.13,3747423.96,30.485679262050578,587.2281187468893,617.7137980089399
Sonora,San Miguel de Horcasitas,56,Hermosillo,144,Sorgo forrajero en verde,2015,2016,29.478894,-110.788818,473.0,0,0.0,0.0,1122.6857571451374,7.435005014206208,1.6334146996108259,12.121287414764188,25.280198675496685,13.77,34.425,32.7894701986755,18.33,43.43,17.77092715231788,8.36,26.13,40.81165562913907,11.66,85.82,26.030728476821196,6.32,32.35,2.531986754966887,0.98,5.15,221.32,1.4656953642384105,0.0,27.49,177.056,1.1725562913907286,0.0,21.992,16.038476082861894,5.183564326611494,19.97165409809469,0.19713441503238777,29,13,49,0,995.9047840307576,6.595395920733494,0.49002440988324775,12.121287414764188,94.11343135455277,0.623267757314919,0.0,5.787726993702359,901.7913526762046,5.972128163418573,0.0,12.121287414764188,941.1343135455277,9017.913526762046,9959.047840307574,818.8487840307575,0.09450043102880222,0.9054995689711975,15.5,85.0,85.0,1317.5,825.0,1086937.5,60.71834280938888,581.8008726943256,642.5192155037145
Sonora,San Miguel de Horcasitas,56,Hermosillo,144,Sorgo forrajero en verde,2016,2017,29.478894,-110.788818,473.0,2,1.8888888888888888,0.0,1231.4926105716074,8.155580202460976,2.7554183423539027,13.27461260071707,26.153410596026493,11.1,36.065,34.578344370860925,14.9,47.28,17.728476821192054,5.63,27.39,31.313311258278148,7.66,76.19,27.211192052980127,10.7,32.57,2.5537086092715233,0.82,3.9,141.44,0.9366887417218542,0.0,17.89,113.152,0.7493509933774835,0.0,14.312000000000001,16.2109122420682,7.7894172686345,19.177595292974953,0.11485249589467651,22,10,67,0,1077.1684011461962,7.133565570504611,0.8266255027061707,13.27461260071707,77.05253249764024,0.5102816721698029,0.0,6.55812228115024,1000.115868648556,6.623283898334808,0.0,13.27461260071707,770.5253249764024,10001.15868648556,10771.684011461963,964.0164011461961,0.07153248500016338,0.9284675149998367,23.66,316.0,316.0,7476.56,920.0,6878435.2,32.566581782603656,422.70324118704815,455.2698229696518
Sonora,San Miguel de Horcasitas,56,Hermosillo,144,Sorgo forrajero en verde,2017,2018,29.478894,-110.788818,473.0,1,1.0,0.0,1236.8719886008548,8.191205222522218,2.861521173962829,11.706977877199611,26.70794701986755,17.17,35.644999999999996,34.938874172185436,22.36,46.54,18.477019867549668,8.39,27.67,31.664105960264905,5.9,83.53,26.96456953642384,10.77,32.59,2.507615894039735,1.2,4.63,200.28,1.3263576158940398,0.0,24.19,160.22400000000007,1.0610860927152324,0.0,19.352000000000004,15.88046487816716,8.257525372911399,19.384424064607554,0.16192459837865358,26,15,81,0,1084.4780564659613,7.181973883880539,1.2534201237100968,11.706977877199611,91.07150872128017,0.6031225743131137,0.0,5.481083411192577,993.4065477446811,6.578851309567424,0.0,11.706977877199611,910.7150872128017,9934.065477446811,10844.780564659613,924.2540564659613,0.08397727199576457,0.9160227280042353,35.0,45.0,45.0,1575.0,879.51,1385228.25,26.020431063222905,283.83044221276606,309.850873275989
Sonora,San Miguel de Horcasitas,56,Hermosillo,144,Sorgo forrajero en verde,2018,2019,29.478894,-110.788818,473.0,4,3.4444444444444446,0.8888888888888888,1276.1965251151312,8.451632616656498,3.21475883946851,11.807076625146884,27.107880794701984,15.8,36.28,35.41,22.05,45.63,18.805761589403975,5.0,28.66,28.233046357615898,6.02,77.33,26.70721854304636,7.59,32.56,2.5970198675496685,1.0,4.33,111.28,0.736953642384106,0.0,15.65,89.024,0.5895629139072848,0.0,12.520000000000001,15.727530802123606,6.373242144520834,19.8533688245033,0.08719660162839023,16,8,84,1,1127.62561978175,7.46771933630298,1.51494486049827,11.807076625146884,59.11129592500115,0.39146553592715994,0.0,7.04382832876706,1068.514323856749,7.07625380037582,0.0,11.807076625146884,591.1129592500115,10685.143238567489,11276.2561978175,1038.6016197817498,0.052421029540320345,0.9475789704596798,41.92,52.0,52.0,2180.0,947.11,2064699.8,14.100977081345693,254.89368412613283,268.99466120747854
Sonora,San Miguel de Horcasitas,56,Hermosillo,144,Sorgo forrajero en verde,2019,2020,29.478894,-110.788818,473.0,1,1.0,0.0,1202.7098649489253,7.9649659930392405,2.4071098216959657,12.17088005537298,25.449668874172183,13.105,36.155,33.47052980132451,16.52,44.72,17.428807947019866,5.98,29.75,33.52470198675496,11.21,75.87,26.765099337748335,4.35,32.63,2.592185430463576,1.34,4.18,124.02000000000001,0.8213245033112584,0.0,25.36,99.21600000000001,0.6570596026490066,0.0,20.288,16.071521917120567,4.411256105479841,19.182234168584774,0.10311713873342736,14,7,57,0,1068.4021589733734,7.075510986578632,0.7221329465087897,11.022967964360644,53.44577258657171,0.35394551381835565,0.0,5.789811933713547,1014.9563863868016,6.721565472760275,0.0,11.022967964360644,534.4577258657171,10149.563863868016,10684.021589733733,969.1861589733734,0.05002402151445266,0.9499759784855473,44.76,205.0,205.0,9175.0,981.54,9005585.0,11.940521131941848,226.75522484066167,238.6957459726035
Sonora,San Miguel de Horcasitas,56,Hermosillo,144,Sorgo forrajero en verde,2021,2022,29.478894,-110.788818,473.0,4,3.111111111111111,0.8888888888888888,1231.1114451634219,8.153055928234583,2.879339212484138,12.873005588852733,25.9282119205298,11.924999999999999,36.01,34.021324503311256,19.09,45.72,17.835099337748346,3.8,26.31,31.705960264900664,7.26,80.77,26.720529801324503,9.83,32.41,2.6498675496688744,0.96,5.39,162.91,1.0788741721854305,0.0,37.6,130.32799999999997,0.8630993377483442,0.0,30.080000000000002,15.82756085458549,7.656544052962612,19.5844978647656,0.13232758142247208,23,6,73,2,1084.7983387526347,7.184094958626719,1.3320678002266202,12.873005588852733,64.01725266123633,0.4239553156373267,0.0,6.044505701008012,1020.7810860913985,6.760139642989394,0.0,12.873005588852733,640.1725266123633,10207.810860913985,10847.983387526348,954.4703387526347,0.059013044521110856,0.9409869554788893,45.08,247.0,247.0,11134.76,874.4,9736234.14,14.20081026203113,226.43768546836702,240.63849573039815
Sonora,San Miguel de Horcasitas,56,Hermosillo,144,Sorgo forrajero en verde,2022,2023,29.478894,-110.788818,473.0,4,2.888888888888889,0.7777777777777778,1229.3885332195237,8.141645915361083,3.62846590043004,12.917287990469095,26.319701986754964,14.78,35.31,34.71271523178808,23.76,45.05,17.926688741721854,5.47,26.58,30.748476821192057,3.25,78.54,27.033245033112586,10.46,32.26,2.494437086092715,0.66,4.57,173.03,1.1458940397350994,0.0,18.8,138.42399999999998,0.9167152317880793,0.0,15.040000000000001,15.959967968232341,6.976718732311029,19.43288433057279,0.14074476483595377,31,10,76,0,1080.9913574309435,7.158883161794328,1.088539770129012,12.917287990469095,102.4430713261291,0.6784309359346298,0.0,6.627920866149064,978.5482861048142,6.480452225859697,0.0,12.917287990469095,1024.430713261291,9785.482861048142,10809.913574309432,942.5673574309435,0.09476770616334315,0.9052322938366567,46.28,235.0,235.0,10875.8,884.96,9624647.97,22.13549510071934,211.44085698029693,233.57635208101627
Sonora,San Miguel de Horcasitas,56,Hermosillo,144,Sorgo forrajero en verde,2023,2024,29.478894,-110.788818,473.0,2,1.375,0.0,1281.980783334695,8.489938962481423,3.567895125389905,13.11325155388488,26.42655629139073,10.0,37.75,34.950331125827816,17.09,47.9,17.902781456953644,2.91,29.41,27.733311258278142,7.91,61.13,27.191059602649002,10.08,32.04,2.685761589403973,1.3,3.86,43.75,0.2897350993377483,0.0,7.75,35.0,0.23178807947019867,0.0,6.2,16.048271095507697,7.260436363299174,19.050842483020194,0.03412687660278126,14,2,77,2,1134.3700166720769,7.51238421637137,1.0703685376169716,11.146263820802147,34.60802248982274,0.22919220191935588,0.0,6.065653952205767,1099.7619941822543,7.283192014452015,0.0,11.146263820802147,346.08022489822736,10997.619941822542,11343.70016672077,1099.3700166720769,0.03050858360251178,0.9694914163974884,43.97,155.0,155.0,6815.35,952.15,6489235.5,7.870826129138671,250.1164417062211,257.9872678353598
Sonora,San Miguel de Horcasitas,56,Hermosillo,144,Trigo grano,2010,2011,29.478894,-110.788818,473.0,1,1.0,0.0,806.1565691615517,4.686956797450882,1.1923889076867316,9.76154029310094,17.100930232558138,9.13,26.314999999999998,24.918546511627905,13.84,35.93,9.283313953488372,1.82,18.32,39.42953488372093,13.16,87.18,17.81901162790698,5.65,29.01,2.4888953488372096,1.12,7.28,84.67,0.4922674418604651,0.0,22.06,67.736,0.3938139534883721,0.0,17.648,9.310537499396016,4.376968154595325,16.722613157296554,0.10502922538739785,14,4,1,13,594.2666572788177,3.455038705109405,0.6546271055039873,9.576815528549876,28.091684863767945,0.16332374920795317,0.0,2.9440000000000004,566.1749724150498,3.291714955901452,0.0,9.576815528549876,280.91684863767944,5661.749724150497,5942.666572788176,526.5306572788177,0.04727117787897009,0.9527288221210299,6.7,250.0,250.0,1675.0,2700.0,4522500.0,41.92788785637006,845.0372722612682,886.9651601176382
Sonora,San Miguel de Horcasitas,56,Hermosillo,144,Trigo grano,2011,2012,29.478894,-110.788818,473.0,3,1.6,0.2,940.7413796117226,5.469426625649549,1.9705591276103673,11.386081598114494,18.410988372093023,0.6899999999999997,27.18,26.902441860465117,5.31,37.0,9.91953488372093,-3.93,18.11,28.18691860465116,8.99,72.96,18.984418604651164,6.94,29.49,2.536453488372093,1.32,8.59,8.22,0.04779069767441861,0.0,4.4,6.576000000000001,0.03823255813953489,0.0,3.5200000000000005,9.35025592390485,4.611194722949645,16.892051090395682,0.008737789341628287,3,0,6,17,739.3858144814726,4.298754735357399,0.8775476787907968,10.566414607595714,4.197368616163615,0.024403305907927997,0.0,1.4240000000000002,735.1884458653088,4.27435142944947,0.0,10.566414607595714,41.97368616163615,7351.884458653089,7393.858144814725,732.8098144814726,0.005676831410550131,0.9943231685894497,6.0,250.0,250.0,1501.0,3485.0,5230985.0,6.995614360272692,1225.3140764421814,1232.309690802454
Sonora,San Miguel de Horcasitas,56,Hermosillo,144,Trigo grano,2012,2013,29.478894,-110.788818,473.0,2,1.3333333333333333,0.0,853.4461825342948,4.933214927943901,1.155699241331616,9.705114285694803,17.170346820809247,6.38,26.299999999999997,25.30734104046243,12.5,35.82,9.03335260115607,0.26,18.06,36.74531791907515,9.14,86.25,18.263815028901732,2.71,29.75,2.5253757225433526,0.93,6.59,89.5,0.5173410404624278,0.0,45.88,71.6,0.41387283236994216,0.0,36.704,9.360212181252484,3.119764527399232,16.871002963767232,0.10486894408998489,12,4,2,21,651.8753410324387,3.7680655551008013,0.48623832475825884,10.742874244910505,19.577488363404015,0.11316467262083246,0.0,4.675261964396642,632.2978526690346,3.6549008824799687,0.0,10.742874244910505,195.77488363404015,6322.9785266903455,6518.753410324385,580.2753410324386,0.030032564711524806,0.9699674352884751,7.5,250.0,250.0,1875.0,3400.0,6375000.0,26.10331781787202,843.0638035587127,869.1671213765848
Sonora,San Miguel de Horcasitas,56,Hermosillo,144,Trigo grano,2013,2014,29.478894,-110.788818,473.0,1,1.0,0.0,876.720601953904,5.097212802057581,1.594364950773147,10.803788923755063,18.188110465116278,5.68,26.375,26.280523255813954,12.8,36.83,10.095697674418604,-2.58,20.06,33.20302325581395,5.74,80.26,18.001918604651163,4.56,30.91,2.4770930232558137,1.21,5.03,53.459999999999994,0.31081395348837204,0.0,14.34,42.768,0.24865116279069768,0.0,11.472000000000001,9.204099820398842,3.812874309468894,17.243357189876747,0.060977237081980655,7,5,3,28,666.090264813509,3.8726178186831914,0.981231139354463,10.135336559917517,19.515463329666368,0.11346199610271145,0.0,3.5714842403599,646.5748014838426,3.7591558225804804,0.0,10.135336559917517,195.1546332966637,6465.748014838427,6660.90264813509,623.3222648135089,0.029298526582024555,0.9707014734179755,6.9,100.0,100.0,690.0,3430.0,2366700.0,28.283280187922273,937.0649296867284,965.3482098746507
Sonora,San Miguel de Horcasitas,56,Hermosillo,144,Alfalfa achicalada,2010,2011,29.478894,-110.788818,473.0,1,1.0,0.0,308.0344777002337,4.0530852328978115,1.1923889076867316,8.327665676999892,14.996710526315784,9.13,20.465,22.54171052631579,13.84,30.82,7.451710526315789,1.88,11.85,47.69776315789474,19.35,87.18,17.040394736842103,5.65,25.78,2.6268421052631576,1.4,7.28,79.8,1.05,0.0,22.06,63.839999999999996,0.84,0.0,17.648,9.073295811265188,4.376968154595325,14.20623686555404,0.25906190954915775,12,4,0,9,259.84715393228544,3.419041499109019,1.132769462302395,7.4948991092999036,22.21251497485116,0.2922699338796205,0.0,2.7773803049809414,237.63463895743425,3.126771565229398,0.0,7.4948991092999036,222.1251497485116,2376.3463895743425,2598.4715393228544,196.00715393228543,0.08548300275260896,0.9145169972473909,15.14,250.0,250.0,3783.75,1700.0,6432375.0,14.671410155119656,156.95814990583503,171.62956006095467
Sonora,San Miguel de Horcasitas,56,Hermosillo,144,Alfalfa achicalada,2011,2012,29.478894,-110.788818,473.0,2,1.5,0.0,405.6389688319415,5.3373548530518615,3.041501233214562,9.188186615300621,17.122763157894735,0.6899999999999997,24.29,25.82197368421053,5.31,34.9,8.423552631578948,-3.93,14.42,25.24828947368421,9.8,55.75,18.75236842105263,9.01,25.06,2.5788157894736843,1.53,8.59,2.02,0.026578947368421053,0.0,1.78,1.616,0.021263157894736845,0.0,1.4240000000000002,8.99101805606886,4.868839299648339,13.27145229331013,0.004979797690090514,1,0,0,11,357.2348953640562,4.700459149527055,1.216600493285825,8.269367953770558,1.616,0.021263157894736845,0.0,1.4240000000000002,355.61889536405613,4.679195991632318,1.216600493285825,8.269367953770558,16.16,3556.1889536405615,3572.3489536405614,355.6188953640562,0.0045236342277065154,0.9954763657722934,15.0,250.0,250.0,3750.0,1800.0,6750000.0,1.0773333333333333,237.07926357603745,238.1565969093708
Sonora,San Miguel de Horcasitas,56,Hermosillo,144,Alfalfa achicalada,2012,2013,29.478894,-110.788818,473.0,1,1.0,0.0,380.91548431447416,4.946954341746418,2.3195733535611884,9.341629778183048,16.981233766233768,10.415,23.135,25.528571428571432,15.49,33.63,8.433896103896103,3.28,13.63,33.32012987012987,11.24,63.84,18.33675324675325,5.92,25.94,2.472597402597403,0.93,5.38,14.52,0.18857142857142856,0.0,7.06,11.616,0.15085714285714286,0.0,5.648,9.193641439785113,4.746846160152755,13.836648362926688,0.038118691935381276,3,1,0,8,327.75227268287745,4.256523021855552,1.328827950633075,8.407466800364743,8.821321611541949,0.11456261833171362,0.0,3.86217292711027,318.9309510713356,4.141960403523838,0.0,8.407466800364743,88.21321611541948,3189.309510713356,3277.5227268287754,316.13627268287746,0.02691460089455177,0.9730853991054484,14.9,250.0,250.0,3725.0,2293.33,8542654.25,5.920350074860368,214.0476181686816,219.96796824354197
Sonora,San Miguel de Horcasitas,56,Hermosillo,144,Alfalfa achicalada,2013,2014,29.478894,-110.788818,473.0,0,0.0,0.0,360.47669691344754,4.743114433071678,1.865397374982932,8.81333613905871,15.651644736842103,5.68,25.82,23.964473684210525,12.8,36.83,7.338815789473684,-2.58,16.2,34.8803947368421,12.45,80.26,17.604342105263157,6.29,25.18,2.5964473684210523,1.35,5.03,27.8,0.36578947368421055,0.0,14.34,22.240000000000002,0.29263157894736846,0.0,11.472000000000001,8.913869146587384,5.11202588932908,13.402282074190715,0.0771201030136906,3,3,1,25,315.01905365894686,4.144987548144037,1.0622700398837128,7.93200252515284,8.10117135085708,0.10659435987969841,0.0,2.950356546384265,306.91788230808976,4.038393188264339,0.0,7.93200252515284,81.0117135085708,3069.1788230808975,3150.190536589468,292.77905365894685,0.025716448756867117,0.9742835512431328,14.4,250.0,250.0,3600.0,2349.5,8458200.0,5.625813438095194,213.13741826950675,218.76323170760196
Sonora,San Miguel de Horcasitas,56,Hermosillo,144,Alfalfa achicalada,2014,2015,29.478894,-110.788818,473.0,2,1.5,0.0,400.3831398946329,5.268199209139906,2.7588192172906028,9.391211823045651,19.617302631578948,12.75,24.805,27.869210526315793,19.44,35.44,11.365394736842106,4.99,15.74,27.674868421052633,11.74,61.96,17.78986842105263,6.52,25.72,2.2976315789473682,1.25,5.35,3.21,0.042236842105263156,0.0,1.94,2.568,0.03378947368421053,0.0,1.552,8.778449998550018,4.436509921502964,13.318551369628558,0.008017320611564118,2,0,1,1,350.0000247467198,4.6052634835094715,1.1035276869162411,8.452090640741087,2.568,0.03378947368421053,0.0,1.552,347.43202474671983,4.571474009825261,1.1035276869162411,8.452090640741087,25.68,3474.3202474671984,3500.0002474671983,347.43202474671983,0.007337142338370841,0.9926628576616292,16.1,250.0,250.0,4025.0,2526.37,10168639.25,1.5950310559006209,215.79628866255888,217.3913197184595
Sonora,San Miguel de Horcasitas,56,Hermosillo,144,Alfalfa achicalada,2015,2016,29.478894,-110.788818,473.0,0,0.0,0.0,332.06188902815984,4.369235381949472,1.2882404535956922,8.39816410314634,18.328881578947367,7.93,21.955,25.71328947368421,14.01,31.99,10.944473684210527,0.42,15.89,46.096578947368414,19.24,86.49,16.505131578947367,3.05,24.09,2.431052631578947,1.27,5.34,96.67,1.2719736842105263,0.0,25.27,77.336,1.0175789473684211,0.0,20.216,8.927844838059244,3.315523649681598,13.557092689067648,0.2911204302394428,9,6,0,4,286.74180646036444,3.772918506057427,0.9336544710065138,7.558347692831707,20.355352670699833,0.2678335877723662,0.0,3.2018385225740684,266.38645378966464,3.505084918285061,0.0,7.558347692831707,203.55352670699833,2663.8645378966467,2867.418064603645,209.40580646036443,0.07098843702623286,0.9290115629737673,15.75,250.0,250.0,3937.5,1856.65,7310559.38,12.92403344171418,169.13425637439028,182.05828981610446
Sonora,San Miguel de Horcasitas,56,Hermosillo,144,Alfalfa achicalada,2016,2017,29.478894,-110.788818,473.0,1,1.0,0.0,409.57446306179975,5.319148870932464,1.753177681646346,8.327580507247445,18.47512987012987,9.485,25.409999999999997,27.235844155844156,14.01,35.98,9.714415584415585,0.93,17.44,31.587532467532466,13.43,80.95,18.347402597402596,9.55,25.53,2.5535064935064935,1.44,4.92,37.449999999999996,0.48636363636363633,0.0,11.3,29.96,0.3890909090909091,0.0,9.040000000000001,9.062863896348997,5.701045186571441,13.460497264031765,0.09143636475780291,7,3,2,10,365.46219809316784,4.746262312898284,0.7012710726585385,7.494822456522701,9.14692666804325,0.11879125542913312,0.0,2.5161834427634724,356.3152714251246,4.62747105746915,0.0,7.494822456522701,91.4692666804325,3563.152714251246,3654.6219809316785,335.50219809316786,0.02502837972235752,0.9749716202776425,15.8,250.0,250.0,3950.0,2193.1,8662745.0,5.789194093698259,225.51599457286366,231.30518866656192
Sonora,San Miguel de Horcasitas,56,Hermosillo,144,Alfalfa achicalada,2017,2018,29.478894,-110.788818,473.0,1,1.0,0.0,337.1069379609868,4.435617604749826,1.4873495093407652,8.006084223390591,18.131578947368425,10.57,28.65,25.94828947368421,15.17,37.41,10.314868421052632,3.17,19.89,45.514342105263154,16.58,84.76,17.192894736842106,4.19,24.77,2.396973684210526,1.25,6.79,59.57000000000001,0.7838157894736844,0.0,21.64,47.656000000000006,0.6270526315789474,0.0,17.312,9.159384201346032,4.070733597284303,13.030511318579041,0.17670950458721799,7,5,7,6,294.1616273920013,3.870547728842123,0.5949398037363061,7.205475801051532,11.765762569025899,0.15481266538191973,0.0,2.1758805348105716,282.3958648229754,3.7157350634602024,0.0,7.205475801051532,117.65762569025898,2823.958648229754,2941.616273920013,246.50562739200132,0.03999761176649592,0.960002388233504,17.2,285.0,285.0,4902.0,2397.95,11754750.9,6.840559633154593,164.1836423389392,171.02420197209378
Sonora,San Miguel de Horcasitas,56,Hermosillo,144,Alfalfa achicalada,2018,2019,29.478894,-110.788818,473.0,3,3.0,1.0,379.15353999875555,4.9888623684046784,1.8175892279930224,8.512108231845426,19.082894736842103,11.59,25.42,26.96407894736842,16.11,34.07,11.20171052631579,3.56,17.42,33.912236842105266,15.2,80.07,16.998815789473685,6.38,24.3,2.434605263157895,1.26,4.53,15.34,0.2018421052631579,0.0,7.57,12.272,0.16147368421052632,0.0,6.056000000000001,8.642160442239245,4.999871119187112,13.600902550689216,0.04045854352316043,4,1,0,6,333.0142028502272,4.3817658269766735,1.150345773955251,8.086502820253154,7.348191101956148,0.09668672502573879,0.0,1.741481335362778,325.6660117482711,4.285079101950935,0.0,8.086502820253154,73.48191101956148,3256.660117482711,3330.1420285022723,320.7422028502272,0.022065698817239306,0.9779343011827608,17.5,300.0,300.0,5250.0,3975.85,20873212.5,4.198966343974941,186.09486385615492,190.29383020012986
Sonora,San Miguel de Horcasitas,56,Hermosillo,144,Alfalfa achicalada,2019,2020,29.478894,-110.788818,473.0,1,1.0,0.0,294.369550472735,3.873283558851776,0.9848345926787586,6.314239187266731,15.809605263157891,7.449999999999999,22.015,23.139342105263157,11.41,30.93,8.479868421052632,0.94,13.93,47.84684210526315,20.78,87.86,15.572763157894734,2.93,25.01,2.3499999999999996,1.06,4.9,80.29999999999998,1.0565789473684208,0.0,25.36,64.24000000000001,0.8452631578947369,0.0,20.288,8.51117002655368,3.2587545978374868,14.088537210322633,0.27278636622247215,9,3,0,11,259.64149423457735,3.416335450454965,0.3939338370715035,5.6828152685400575,13.335315025838206,0.17546467139260796,0.0,2.2560836696976483,246.30617920873914,3.240870779062357,0.0,5.6828152685400575,133.35315025838207,2463.0617920873915,2596.4149423457734,195.40149423457734,0.05136049253279292,0.948639507467207,17.53,283.0,283.0,4961.0,3188.35,15817385.23,7.60713920469949,140.50552151097497,148.11266071567445
Sonora,San Miguel de Horcasitas,56,Hermosillo,144,Alfalfa achicalada,2020,2021,29.478894,-110.788818,473.0,0,0.0,0.0,278.63480898113954,3.618633882871942,1.5040781815775948,7.196275603457033,15.951818181818181,6.37,22.7,23.36857142857143,14.68,29.91,8.53506493506493,-2.0,16.59,54.13701298701299,27.95,83.12,15.897142857142859,3.24,24.88,2.1757142857142857,1.05,5.32,70.37,0.913896103896104,0.0,29.26,56.296,0.731116883116883,0.0,23.408,8.803343039639822,3.4963254777251715,14.529450643037052,0.25255279574478173,10,4,0,9,242.00629207637758,3.142938858134774,0.8812959834805467,6.47664804311133,16.59801111741096,0.21555858594040206,0.0,2.52,225.40828095896666,2.9273802721943722,0.0,6.47664804311133,165.9801111741096,2254.082809589667,2420.062920763776,185.71029207637758,0.06858503956654399,0.9314149604334562,17.8,275.0,275.0,4895.0,2738.6,13405447.0,9.32472534686009,126.63386570728464,135.95859105414473
Sonora,San Miguel de Horcasitas,56,Hermosillo,144,Alfalfa achicalada,2021,2022,29.478894,-110.788818,473.0,4,3.2,1.0,357.17742116357044,4.699702910046979,1.710241588790279,7.754489416498086,16.471381578947366,7.865,22.695,24.812500000000004,12.57,32.07,8.130263157894737,2.36,14.6,35.97855263157894,11.87,81.82,17.812763157894732,5.16,25.8,2.446578947368421,1.25,4.24,49.92,0.6568421052631579,0.0,24.84,39.936,0.5254736842105263,0.0,19.872,9.01367776867383,4.170408717687209,14.076678133188985,0.13976247389148092,4,2,0,12,308.66234207006426,4.061346606185056,0.9700607178831051,6.9790404748482775,8.229148517652225,0.10827826996910823,0.0,2.471589207164792,300.433193552412,3.953068336215947,0.0,6.9790404748482775,82.29148517652226,3004.3319355241197,3086.623420700642,268.7263420700643,0.026660681903930686,0.9733393180960691,17.5,360.0,360.0,6300.0,2951.53,18594639.0,4.702370581515558,171.67611060137827,176.37848118289384
Sonora,San Miguel de Horcasitas,56,Hermosillo,144,Alfalfa achicalada,2022,2023,29.478894,-110.788818,473.0,1,1.0,0.0,358.86022959167724,4.721845126206279,1.9981937708689625,8.675500579846002,16.57763157894737,8.05,23.720000000000002,24.993552631578943,16.96,34.27,8.16171052631579,-0.86,15.37,36.8832894736842,11.62,73.22,18.25815789473684,6.24,25.51,2.4614473684210525,1.19,5.27,2.45,0.03223684210526316,0.0,1.95,1.9600000000000002,0.02578947368421053,0.0,1.56,9.257581175724527,4.759564005285594,13.187266500106915,0.0068271705749831605,1,0,0,7,314.63803633383156,4.139974162287257,0.799277508347585,7.807950521861402,1.9600000000000002,0.02578947368421053,0.0,1.56,312.6780363338316,4.114184688603047,0.6496169352743001,7.807950521861402,19.6,3126.780363338316,3146.380363338316,312.6780363338316,0.0062293803471378025,0.9937706196528623,53.92,360.0,360.0,19411.2,10008.01,194267483.7,0.36350148367952523,57.98925006191239,58.352751545591914
Sonora,San Miguel de Horcasitas,56,Hermosillo,144,Alfalfa achicalada,2023,2024,29.478894,-110.788818,473.0,2,2.0,0.0,311.94350552905223,4.104519809592793,1.2566993874751642,8.169840545179012,15.530328947368423,8.29,22.71,23.147105263157897,14.98,31.84,7.913552631578947,-0.6,14.68,44.50736842105263,16.77,81.92,16.219473684210524,2.41,24.31,2.5027631578947362,1.25,4.82,56.53000000000001,0.7438157894736843,0.0,13.88,45.224000000000004,0.5950526315789474,0.0,11.104000000000001,8.637993972499547,3.250411665622466,13.520812487111757,0.1812187110743846,8,4,0,17,273.2185611157416,3.594981067312389,0.8027225740650397,7.7613485179200605,14.656923886496472,0.19285426166442726,0.0,2.1484056545176147,258.5616372292451,3.4021268056479617,0.0,7.7613485179200605,146.56923886496472,2585.616372292451,2732.1856111574157,227.9945611157416,0.05364541789050513,0.9463545821094949,40.65,300.0,300.0,12195.0,10508.41,128150059.95,3.605639332471457,63.606798826382565,67.21243815885403
Sonora,San Miguel de Horcasitas,56,Hermosillo,144,Pastos y praderas,2010,2011,29.478894,-110.788818,473.0,0,0.0,0.0,1778.4167073813123,7.2588437035971936,1.793425583557417,11.65938129392675,26.073877551020406,11.96,35.769999999999996,33.833346938775506,18.66,44.65,18.31440816326531,3.6,26.89,40.801877551020404,9.73,87.41,25.13983673469388,5.15,32.38,2.416734693877551,0.96,5.54,314.3,1.282857142857143,0.0,40.2,188.57999999999998,0.7697142857142857,0.0,24.12,15.240174535353395,4.516656923919706,19.432092069545885,0.1767302335248533,43,16,109,2,1492.9312479464747,6.093596930393774,1.2343912466581963,9.910474099837737,104.14677656348641,0.4250888839325976,0.0,5.8853422151515575,1388.7844713829886,5.668508046461178,0.0,9.910474099837737,1041.467765634864,13887.844713829887,14929.312479464752,1304.3512479464748,0.06975992813248445,0.9302400718675158,38.27,150.0,150.0,5739.9,600.0,3443940.0,42.779534427392235,570.4598362632937,613.239370690686
Sonora,San Miguel de Horcasitas,56,Hermosillo,144,Pastos y praderas,2011,2012,29.478894,-110.788818,473.0,4,3.0,0.625,1904.1939930591311,7.772220379833188,3.5983995164888443,13.172602107843078,27.08187755102041,14.860000000000001,37.37,35.26979591836734,20.97,45.86,18.893959183673466,6.71,28.88,34.52555102040817,5.64,79.36,25.608693877551016,14.98,32.72,2.4086530612244896,0.9,6.85,255.93,1.0446122448979591,0.0,23.6,153.558,0.6267673469387754,0.0,14.16,15.174495081781181,8.272426864896673,19.96326489712061,0.13440332284046472,41,16,136,0,1585.606002601976,6.471861235110105,1.9285797503564976,11.196711791666615,119.48808255737123,0.48770645941784174,0.0,9.099169162710137,1466.1179200446045,5.9841547756922635,0.0,11.196711791666615,1194.8808255737122,14661.179200446044,15856.060026019757,1432.048002601976,0.07535799080054664,0.9246420091994533,39.0,150.0,150.0,5850.0,755.0,4416750.0,48.44438781973291,594.4122927405654,642.8566805602983
Sonora,San Miguel de Horcasitas,56,Hermosillo,144,Pastos y praderas,2012,2013,29.478894,-110.788818,473.0,2,1.25,0.0,1779.3281231841934,7.262563768098748,2.3535738391823546,13.289540258911478,26.346591836734696,11.75,36.31,34.12795918367347,14.47,46.23,18.565224489795916,4.69,26.8,39.30265306122449,6.41,89.26,24.98028571428571,6.64,32.48,2.2593877551020407,0.86,5.38,331.37,1.352530612244898,0.0,21.75,198.82199999999997,0.8115183673469387,0.0,13.049999999999999,14.99394120302933,5.596932333756519,19.27332581441032,0.18623321673070475,52,28,103,1,1480.4411560757121,6.042616963574335,2.0005377633050014,11.296109220074756,159.83337637613735,0.6523811280658668,0.0,6.309245512492272,1320.6077796995746,5.390235835508467,0.0,11.296109220074756,1598.3337637613736,13206.077796995745,14804.411560757118,1281.6191560757122,0.10796334303473203,0.8920366569652679,38.0,150.0,150.0,5700.0,800.0,4560000.0,66.45878435598226,549.109263908347,615.5680482643293
Sonora,San Miguel de Horcasitas,56,Hermosillo,144,Pastos y praderas,2013,2014,29.478894,-110.788818,473.0,1,1.0,0.0,1849.8762430643912,7.550515277813842,2.374459255360678,12.802875910370803,26.669448979591834,12.565,35.6,34.621591836734694,19.72,46.22,18.717306122448978,5.41,27.82,37.321061224489796,4.97,84.92,25.181061224489795,8.24,32.47,2.4234285714285715,0.95,5.0,276.58,1.1288979591836734,0.0,31.31,165.948,0.6773387755102042,0.0,18.785999999999998,15.074639915769582,6.092326499057525,19.27227204650093,0.14951270445088508,39,19,112,0,1544.3380280323645,6.30342052258108,1.6965563736290852,10.882444523815183,113.27394690876761,0.46234264044394946,0.0,5.989371508766311,1431.0640811235967,5.841077882137129,0.0,10.882444523815183,1132.739469087676,14310.640811235968,15443.380280323643,1378.3900280323644,0.07334789719132251,0.9266521028086774,37.7,150.0,150.0,5655.0,835.0,4721925.0,47.20731273547306,596.4009506662208,643.6082634016938
Sonora,San Miguel de Horcasitas,56,Hermosillo,144,Pastos y praderas,2014,2015,29.478894,-110.788818,473.0,2,1.75,0.0,1754.7952088571024,7.1624294239065405,2.084354709253936,14.6432961758047,26.768408163265303,16.255,37.41,34.12236734693877,23.25,47.5,19.41444897959184,8.68,27.32,42.65791836734694,5.34,85.69,24.47383673469388,5.01,32.05,2.2695918367346937,0.56,5.35,414.77000000000004,1.6929387755102043,0.0,66.11,248.86199999999997,1.0157632653061224,0.0,39.666,14.920267277500274,4.470034085984732,19.42876513965343,0.23636376364974215,61,21,98,0,1467.2236563264446,5.988667985005896,1.4597997872554849,12.446801749433995,145.13167375827194,0.5923741786051916,0.0,5.682213007908745,1322.0919825681726,5.396293806400704,0.0,12.446801749433995,1451.3167375827195,13220.919825681725,14672.236563264445,1218.3616563264445,0.09891584908168997,0.90108415091831,37.8,158.0,158.0,5972.4,837.11,4999555.76,59.72496862480328,544.0707747194126,603.7957433442159
Sonora,San Miguel de Horcasitas,56,Hermosillo,144,Pastos y praderas,2015,2016,29.478894,-110.788818,473.0,0,0.0,0.0,1599.087039989316,6.526885877507413,1.6334146996108259,12.121287414764188,26.032122448979592,13.77,34.425,32.907714285714285,18.33,43.43,19.156530612244897,8.36,26.13,49.90942857142856,11.66,87.73,23.804816326530613,4.51,32.35,2.2058367346938774,0.72,5.15,493.53,2.014408163265306,0.0,47.68,296.11799999999994,1.2086448979591835,0.0,28.608,14.96241287029255,4.213108789360038,19.97165409809469,0.30863235562418,58,24,79,0,1340.108175337151,5.469829287090412,0.6533658798443304,10.30309430254956,148.52620844357511,0.6062294222186739,0.0,5.65783917336412,1191.5819668935758,4.863599864871738,0.0,10.30309430254956,1485.2620844357511,11915.819668935757,13401.081753371509,1043.990175337151,0.11083150687160623,0.8891684931283937,39.51,143.0,143.0,5650.0,860.0,4859000.0,56.570637380908444,453.8495398566276,510.42017723753605
Sonora,San Miguel de Horcasitas,56,Hermosillo,144,Pastos y praderas,2016,2017,29.478894,-110.788818,473.0,2,1.6666666666666667,0.0,1800.5739306099158,7.349281349428228,2.331530657481289,13.27461260071707,27.0585306122449,11.1,36.065,35.00383673469388,14.9,47.28,19.11322448979592,5.63,27.39,38.676979591836734,7.66,80.81,25.186204081632656,6.52,32.57,2.274244897959184,0.74,5.71,287.64,1.1740408163265306,0.0,31.95,172.584,0.7044244897959184,0.0,19.169999999999998,15.227089362992615,5.464104511062661,19.177595292974953,0.15974906395682764,40,19,131,0,1502.5852129943794,6.133000869364814,1.1021673369415612,11.283420710609509,116.25301609195756,0.47450210649778596,0.0,5.6968390521427335,1386.3321969024219,5.658498762867028,0.0,11.283420710609509,1162.5301609195756,13863.321969024219,15025.852129943794,1330.0012129943793,0.07736866773784258,0.9226313322621574,41.0,153.0,153.0,6273.0,820.0,5143860.0,42.06731177563147,501.6581135887179,543.7254253643493
Sonora,San Miguel de Horcasitas,56,Hermosillo,144,Pastos y praderas,2017,2018,29.478894,-110.788818,473.0,1,1.0,0.0,1828.4074153073266,7.462887409417659,2.861521173962829,11.706977877199611,27.463387755102044,17.17,35.644999999999996,35.300122448979586,22.36,46.54,19.626653061224488,8.39,27.67,38.57351020408163,5.9,83.53,25.22595918367347,10.29,32.59,2.2548163265306127,0.88,4.63,311.86,1.2728979591836735,0.0,24.19,187.11599999999999,0.763738775510204,0.0,14.514,15.120900077904114,7.757224312504714,19.384424064607554,0.17056373617232418,50,22,142,0,1528.7979058024507,6.239991452254901,1.6712268316134626,9.950931195619669,142.53814440436977,0.5817883445076317,0.0,5.412956478073266,1386.2597613980809,5.658203107747269,0.0,9.950931195619669,1425.3814440436977,13862.597613980808,15287.979058024506,1341.6819058024507,0.09323543933660279,0.9067645606633972,40.0,170.0,170.0,6800.0,900.0,6120000.0,43.55634664763018,423.6087888153035,467.1651354629337
Sonora,San Miguel de Horcasitas,56,Hermosillo,144,Pastos y praderas,2018,2019,29.478894,-110.788818,473.0,4,3.272727272727273,0.8181818181818182,1754.1411148059012,7.159759652268985,1.4166330242363172,11.807076625146884,27.05063265306123,15.8,36.28,34.35697959183674,21.87,45.63,19.744285714285713,5.0,28.66,42.478489795918364,6.02,86.66,24.443551020408165,3.16,32.56,2.203265306122449,0.89,4.33,427.78,1.7460408163265304,0.0,45.21,256.668,1.0476244897959184,0.0,27.126,14.903807918094586,3.4708437794436877,19.8533688245033,0.2438686354189552,45,27,109,1,1463.3278420134395,5.972766702095671,1.2041380706008695,10.036015131374851,142.8545588322552,0.5830798319683886,0.0,6.9959999999999996,1320.4732831811843,5.389686870127283,0.0,10.036015131374851,1428.545588322552,13204.732831811843,14633.278420134395,1206.6598420134396,0.0976230716936931,0.9023769283063069,42.0,160.0,160.0,6720.0,1100.0,7392000.0,35.38193407610036,327.05220636066485,362.43414043676523
Sonora,San Miguel de Horcasitas,56,Hermosillo,144,Pastos y praderas,2019,2020,29.478894,-110.788818,473.0,2,1.0909090909090908,0.0,1709.1837184689205,6.976260075383349,2.4071098216959657,12.17088005537298,26.20104081632653,13.105,36.155,33.61371428571429,16.52,44.72,18.788367346938774,5.98,29.75,44.31755102040816,11.21,84.84,24.62926530612245,4.35,32.63,2.2588979591836735,0.82,4.18,390.76,1.594938775510204,0.0,45.79,234.456,0.9569632653061224,0.0,27.474,15.15225845798496,4.411256105479841,19.182234168584774,0.22862375517480424,46,24,94,0,1433.810343012295,5.8522871143358985,0.9628439286783863,10.345248047067033,138.32556275489262,0.5645941336934392,0.0,5.512857607408214,1295.4847802574025,5.287692980642459,0.0,10.345248047067033,1383.2556275489262,12954.847802574024,14338.10343012295,1199.3543430122952,0.09647410023858816,0.9035258997614118,43.3,203.0,203.0,8789.9,1058.0,9299714.2,31.791671513420507,297.74414623245286,329.5358177458734
Sonora,San Miguel de Horcasitas,56,Hermosillo,144,Pastos y praderas,2022,2023,29.478894,-110.788818,473.0,4,2.888888888888889,0.7777777777777778,1676.8713151788374,6.8443727150156635,2.069705853825185,12.917287990469095,26.198673469387757,14.78,35.31,33.54665306122449,23.76,45.05,18.85069387755102,5.47,26.58,44.98575510204082,3.25,90.42,24.33559183673469,7.09,32.26,2.1504081632653063,0.66,4.57,546.33,2.229918367346939,0.0,40.65,327.798,1.3379510204081633,0.0,24.389999999999997,14.840492607108388,5.55397242667767,19.43288433057279,0.3258031758636972,75,28,92,0,1400.2729921924993,5.71539996813265,1.451386360172016,10.97969479189873,192.99998391790112,0.7877550363995964,0.0,6.359999999999999,1207.2730082745984,4.927644931733055,0.0,10.97969479189873,1929.9998391790111,12072.730082745984,14002.729921924994,1072.4749921924993,0.13783025523880768,0.8621697447611925,42.65,181.5,181.5,7740.98,990.0,7663570.2,51.35254561008455,321.2256341307135,372.5781797407981
Sonora,San Miguel de Horcasitas,56,Hermosillo,144,Pastos y praderas,2023,2024,29.478894,-110.788818,473.0,4,2.2,0.26666666666666666,1942.2926214505057,7.927724985512269,3.239471904856562,13.11325155388488,28.033612244897963,10.0,37.75,36.2009387755102,17.09,47.9,19.866285714285713,2.91,29.41,32.32240816326531,7.91,74.41,25.317020408163266,8.92,32.04,2.4567346938775514,1.0,4.59,134.15,0.5475510204081633,0.0,26.48,107.32000000000001,0.43804081632653064,0.0,21.184,15.090223569538837,6.996647711993946,19.050842483020194,0.06906786264770788,30,8,154,2,1628.6212485181165,6.647433667420884,1.4271580501559622,11.146263820802147,80.25737228500024,0.3275811113673479,0.0,6.065653952205767,1548.3638762331161,6.319852556053535,0.0,11.146263820802147,802.5737228500025,15483.63876233116,16286.212485181162,1521.3012485181166,0.04927933511737396,0.950720664882626,44.62,170.0,170.0,7585.4,976.88,7410025.55,21.613295947486602,416.97411388683554,438.58740983432216
Sonora,San Miguel de Horcasitas,56,Hermosillo,144,Garbanzo grano,2011,2012,29.478894,-110.788818,473.0,2,1.25,0.0,850.3520228234861,5.002070722491094,1.9705591276103673,10.136936014967164,18.863088235294118,0.6899999999999997,30.545,27.049352941176465,5.31,38.13,10.676823529411767,-3.93,22.96,32.57341176470589,9.8,72.96,17.664176470588234,6.94,25.58,2.3896470588235297,1.32,8.59,15.17,0.08923529411764705,0.0,3.31,12.136000000000003,0.07138823529411767,0.0,2.648,8.668921733927782,4.611194722949645,14.001557430627646,0.017839670622091235,7,0,5,17,580.1695374532401,3.4127619850190594,1.1111836752048139,10.136936014967164,11.344304757310589,0.06673120445476817,0.0,2.1691210821057743,568.8252326959296,3.3460307805642917,0.0,10.136936014967164,113.44304757310589,5688.252326959296,5801.695374532402,568.0335374532401,0.01955343054912618,0.9804465694508739,2.0,100.0,100.0,200.0,12000.0,2400000.0,56.72152378655294,2844.126163479648,2900.847687266201
Sonora,San Miguel de Horcasitas,56,Hermosillo,144,Garbanzo grano,2012,2013,29.478894,-110.788818,473.0,2,1.2,0.0,807.562212880672,4.7225860402378474,1.155699241331616,9.341629778183048,18.088216374269006,6.38,31.285,26.042807017543858,12.5,39.97,10.133625730994153,0.26,24.65,38.12830409356725,11.24,86.25,16.975789473684213,2.71,25.94,2.458362573099415,0.93,6.59,89.80000000000001,0.5251461988304095,0.0,45.88,71.83999999999999,0.42011695906432744,0.0,36.704,8.549247884340163,3.119764527399232,13.836648362926688,0.1111988631559079,12,4,18,21,534.8812010995393,3.1279602403481834,0.811850673746416,6.816059409042018,20.52592995914133,0.12003467812363351,0.0,4.065445186431863,514.3552711403981,3.0079255622245507,0.0,6.816059409042018,205.2592995914133,5143.552711403981,5348.812010995394,463.04120109953936,0.038374745489179254,0.961625254510821,2.51,100.0,100.0,251.0,13000.0,3263000.0,81.7766133830332,2049.2241878103514,2131.0008011933846
Sonora,San Miguel de Horcasitas,56,Hermosillo,144,Nopalitos,2010,2011,29.478894,-110.788818,473.0,0,0.0,0.0,1365.6799571903575,7.986432498189226,2.8242131895245977,11.65938129392675,27.65529239766082,15.059999999999999,35.769999999999996,35.379239766081874,20.91,44.65,19.93134502923977,7.18,26.89,38.65029239766082,9.73,86.21,26.907543859649127,11.68,32.38,2.4374269005847955,0.96,4.99,268.55999999999995,1.5705263157894733,0.0,40.2,161.13600000000002,0.9423157894736843,0.0,24.12,16.563908713259295,8.78361651044008,19.432092069545885,0.19664929443096915,33,13,96,0,649.1336197935025,3.796103039728085,1.270895935286069,5.829690646963375,66.54663271300457,0.3891615948128922,0.0,3.6476461131763687,582.5869870804979,3.4069414449151925,0.0,5.829690646963375,665.4663271300457,5825.86987080498,6491.336197935026,487.99761979350245,0.10251607786725618,0.8974839221327439,14.0,3.0,3.0,42.0,3100.0,130200.0,47.53330908071755,416.1335622003557,463.66687128107327
Sonora,San Miguel de Horcasitas,56,Hermosillo,144,Nopalitos,2011,2012,29.478894,-110.788818,473.0,4,3.4,0.8,1395.3939334481795,8.160198441217425,3.5983995164888443,13.172602107843078,28.016754385964916,14.860000000000001,37.37,35.905789473684216,20.97,45.86,20.127719298245616,6.71,28.88,38.148654970760234,5.64,79.36,27.073859649122813,14.98,32.72,2.4376023391812867,0.9,6.85,252.99000000000004,1.4794736842105265,0.0,23.6,151.79399999999998,0.8876842105263157,0.0,14.16,16.607672004739747,10.725267362693359,19.96326489712061,0.18130364045286662,40,16,105,0,662.4713838117223,3.874101659717674,1.61927978241998,6.586301053921539,85.9180698153711,0.5024448527214684,0.0,5.352452448653022,576.5533139963512,3.371656806996206,0.0,6.586301053921539,859.180698153711,5765.533139963512,6624.7138381172235,510.6773838117223,0.12969325455390454,0.8703067454460955,12.0,3.0,3.0,36.0,3190.91,114872.76,71.59839151280924,480.4610949969594,552.0594865097686
Sonora,San Miguel de Horcasitas,56,Hermosillo,144,Nopalitos,2012,2013,29.478894,-110.788818,473.0,2,1.2,0.0,1335.4195727614506,7.809471185739477,3.2710872990410276,13.289540258911478,27.805292397660818,15.74,36.31,35.3046783625731,22.53,46.23,20.30590643274854,6.28,26.8,40.69520467836257,6.41,89.26,26.59982456140351,13.32,32.48,2.2548538011695904,0.86,4.24,329.78,1.9285380116959063,0.0,21.75,197.868,1.1571228070175439,0.0,13.049999999999999,16.349964497443953,9.856139209192763,19.27332581441032,0.24694860456333106,51,28,89,0,634.2449724256205,3.709034926465617,1.4719892845684623,6.644770129455739,114.98347911249881,0.672418006505841,0.0,3.756,519.2614933131217,3.0366169199597763,0.0,6.644770129455739,1149.8347911249882,5192.614933131217,6342.449724256206,436.3769724256205,0.18129190472374335,0.8187080952762567,14.5,3.0,3.0,43.5,3950.0,171825.0,79.29895111206815,358.11137469870465,437.4103258107728
Sonora,San Miguel de Horcasitas,56,Hermosillo,144,Nopalitos,2013,2014,29.478894,-110.788818,473.0,1,1.0,0.0,1391.2819109374575,8.136151525950044,2.758771015170953,12.802875910370803,28.255263157894735,16.34,35.6,35.97538011695906,23.47,46.22,20.53514619883041,9.21,27.82,38.5838596491228,4.97,84.92,26.642163742690055,9.48,32.47,2.487309941520468,0.95,5.0,271.99,1.5905847953216374,0.0,31.31,163.19400000000002,0.9543508771929825,0.0,18.785999999999998,16.40407956245581,7.214537781071906,19.27227204650093,0.19549596516836107,38,19,105,0,660.3540225411543,3.86171943006523,1.2414469568269288,6.4014379551854015,83.11638220892098,0.48606071467205253,0.0,4.07391913044858,577.2376403322335,3.375658715393178,0.0,6.4014379551854015,831.1638220892098,5772.376403322334,6603.540225411544,497.1600225411543,0.12586639798009414,0.8741336020199061,13.8,3.0,3.0,41.4,2360.33,97717.66,60.22926247023259,418.28814516828504,478.5174076385176
Sonora,San Miguel de Horcasitas,56,Hermosillo,144,Nopalitos,2014,2015,29.478894,-110.788818,473.0,2,1.8,0.0,1349.6216338436052,7.892524174524007,2.084354709253936,14.6432961758047,28.114561403508773,16.255,37.41,35.497660818713456,23.83,47.5,20.731461988304094,8.68,27.32,40.38859649122807,5.34,85.69,25.86111111111111,5.01,32.05,2.3966666666666665,0.58,4.32,385.59000000000003,2.2549122807017548,0.0,66.11,231.35399999999998,1.3529473684210525,0.0,39.666,16.002409745780167,4.470034085984732,19.42876513965343,0.2857022963553668,51,20,95,0,641.5407252825519,3.7517001478511807,0.9379596191642712,7.32164808790235,93.69163224953974,0.5479042821610511,0.0,3.0082304159516884,547.8490930330122,3.2037958656901298,0.0,7.32164808790235,936.9163224953974,5478.490930330122,6415.407252825519,410.1867252825519,0.14604159729419425,0.8539584027058058,14.3,3.0,3.0,42.9,2799.59,120102.41,65.51862395072709,383.1112538692393,448.6298778199664
Sonora,San Miguel de Horcasitas,56,Hermosillo,144,Nopalitos,2015,2016,29.478894,-110.788818,473.0,0,0.0,0.0,1234.5982779633855,7.219872970546114,2.239719260726082,12.121287414764188,27.240350877192984,16.87,34.425,34.11485380116959,21.36,43.43,20.36584795321637,10.2,26.13,47.65105263157895,11.66,86.27,25.764502923976604,7.04,32.35,2.2359649122807017,0.72,4.02,352.98999999999995,2.064269005847953,0.0,42.78,211.79400000000004,1.2385614035087722,0.0,25.668,16.388187182578548,5.774786638292652,19.97165409809469,0.285914865021761,48,19,69,0,585.655742159719,3.4248873810509886,1.007873667326737,6.060643707382094,100.20353906748412,0.5859856085817785,0.0,3.1799999999999997,485.45220309223487,2.83890177246921,0.0,6.060643707382094,1002.0353906748412,4854.522030922349,5856.55742159719,373.861742159719,0.1710963145310659,0.828903685468934,15.0,3.0,3.0,45.0,5025.0,226125.0,66.80235937832275,323.6348020614899,390.43716143981266
Sonora,San Miguel de Horcasitas,56,Hermosillo,144,Nopalitos,2016,2017,29.478894,-110.788818,473.0,2,1.7,0.0,1342.8574763620645,7.852967698023769,2.331530657481289,13.27461260071707,27.9403216374269,17.634999999999998,36.065,35.73660818713451,24.63,47.28,20.1440350877193,8.29,27.39,40.27391812865497,7.66,80.81,26.819649122807018,6.52,32.57,2.333157894736842,0.74,5.71,275.84999999999997,1.613157894736842,0.0,31.95,165.50999999999996,0.967894736842105,0.0,19.169999999999998,16.651021839291538,5.464104511062661,19.177595292974953,0.20542016174888883,38,18,98,0,636.617225932336,3.7229077539902695,1.04918879586658,6.637306300358535,80.39528404319377,0.4701478599017179,0.0,3.857718988911906,556.2219418891423,3.2527598940885514,0.0,6.637306300358535,803.9528404319377,5562.219418891423,6366.172259323361,471.10722593233606,0.12628512199847183,0.8737148780015281,12.0,3.0,3.0,36.0,5133.33,184799.88,66.9960700359948,463.5182849076186,530.5143549436134
Sonora,San Miguel de Horcasitas,56,Hermosillo,144,Nopalitos,2017,2018,29.478894,-110.788818,473.0,1,1.0,0.0,1336.034731211208,7.813068603574316,2.861521173962829,11.706977877199611,28.194941520467836,17.17,35.644999999999996,35.7340350877193,22.36,46.54,20.655847953216373,9.14,27.67,41.23514619883041,5.9,83.53,26.538596491228073,10.29,32.59,2.250409356725146,0.88,4.63,309.35,1.8090643274853802,0.0,24.19,185.60999999999999,1.085438596491228,0.0,14.514,16.374906403583697,7.757224312504714,19.384424064607554,0.23154338189962534,49,22,105,0,632.6973482338735,3.6999844925957515,1.4136529538745592,5.8534889385998055,102.89365064571962,0.6017172552381265,0.0,3.69,529.8036975881539,3.098267237357625,0.0,5.8534889385998055,1028.9365064571962,5298.03697588154,6326.973482338735,447.0873482338735,0.16262696680006547,0.8373730331999345,20.0,3.0,3.0,60.0,3351.16,201069.6,51.44682532285981,264.90184879407695,316.34867411693676
Sonora,San Miguel de Horcasitas,56,Hermosillo,144,Nopalitos,2018,2019,29.478894,-110.788818,473.0,4,3.2222222222222223,0.7777777777777778,1365.435963007311,7.985005631621703,3.21475883946851,11.807076625146884,28.741695906432742,18.41,36.28,36.11830409356725,24.71,45.63,21.36508771929825,10.72,28.66,40.03567251461988,6.02,85.39,26.469590643274856,7.59,32.56,2.2787719298245612,0.89,4.33,310.71,1.817017543859649,0.0,39.21,186.426,1.0902105263157893,0.0,23.526,16.33176964613092,6.373242144520834,19.8533688245033,0.22755369597536834,38,23,101,0,647.0372949201756,3.783843829942547,1.4522607071258176,5.903538312573442,87.71320851868057,0.512942739875325,0.0,3.7290855858178555,559.3240864014949,3.270901090067222,0.0,5.903538312573442,877.1320851868057,5593.24086401495,6470.372949201756,460.61129492017557,0.1355612871271998,0.8644387128728002,15.0,3.0,3.0,45.0,3507.14,157821.3,58.47547234578705,372.8827242676633,431.3581966134504
Sonora,San Miguel de Horcasitas,56,Hermosillo,144,Nopalitos,2019,2020,29.478894,-110.788818,473.0,2,1.1111111111111112,0.0,1335.1902733642914,7.808130253592347,3.723636940323607,12.17088005537298,27.815146198830412,17.93,36.155,35.16175438596492,23.91,44.72,20.468538011695905,10.05,29.75,41.53233918128655,11.21,84.84,26.731871345029237,13.47,32.63,2.3476608187134507,0.82,4.07,278.99,1.6315204678362574,0.0,23.06,167.394,0.9789122807017544,0.0,13.835999999999999,16.628150303779456,9.731099265101449,19.182234168584774,0.20895149220719403,38,18,89,0,633.7200289325774,3.705965081477061,1.6756366231456232,6.08544002768649,81.86240012183946,0.4787274860926284,0.0,3.065194553142466,551.8576288107379,3.227237595384432,0.0,6.08544002768649,818.6240012183946,5518.576288107379,6337.200289325773,466.3260289325774,0.12917754905068488,0.870822450949315,18.5,3.0,3.0,55.5,3687.37,204649.04,44.249946011805115,298.30142097877723,342.5513669905823
Sonora,San Miguel de Horcasitas,56,Hermosillo,144,Nopalitos,2020,2021,29.478894,-110.788818,473.0,2,1.4,0.0,1406.2120565915448,8.2234623192488,3.3663086122733272,11.980926356355226,29.180116959064325,15.55,35.995000000000005,37.066549707602334,21.8,45.56,21.29368421052632,7.45,27.38,38.349532163742694,11.26,77.15,26.864152046783627,12.78,32.73,2.415906432748538,0.83,4.2,138.28000000000003,0.8086549707602341,0.0,12.55,110.62400000000001,0.6469239766081872,0.0,10.040000000000001,16.695944059343514,9.377774464496314,19.45277185974001,0.09833509772002012,31,7,122,0,669.9419335883749,3.917789085312134,1.5148388755229973,5.990463178177613,73.03202074987993,0.4270878406425727,0.0,3.4818730576123773,596.9099128384951,3.490701244669562,0.0,5.861180944795842,730.3202074987994,5969.099128384951,6699.41933588375,559.3179335883749,0.10901246374995865,0.8909875362500415,18.0,4.0,4.0,72.0,3235.62,232964.64,40.57334486104441,331.6166182436084,372.1899631046528
Sonora,San Miguel de Horcasitas,56,Hermosillo,144,Nopalitos,2021,2022,29.478894,-110.788818,473.0,4,2.875,0.75,1319.4039822869709,7.71581276191211,2.879339212484138,12.873005588852733,28.144298245614042,18.695,36.01,35.368830409356725,25.49,45.72,20.91976608187134,10.33,26.31,43.41771929824561,7.26,86.36,26.201520467836264,9.83,32.41,2.2923976608187133,0.67,5.39,359.46999999999997,2.1021637426900583,0.0,37.6,215.682,1.261298245614035,0.0,22.56,16.324832325008053,7.656544052962612,19.5844978647656,0.2724487759821049,54,19,95,0,624.8177146018936,3.6539047637537636,1.2957026456178622,6.436502794426366,100.88776993375997,0.5899869586769589,0.0,3.5555915888282423,523.9299446681337,3.0639178050768052,0.0,6.436502794426366,1008.8776993375997,5239.299446681336,6248.177146018936,409.1357146018936,0.1614675249693284,0.8385324750306716,20.0,4.0,4.0,80.0,3647.87,291829.6,50.443884966879985,261.96497233406683,312.4088573009468
Sonora,San Miguel de Horcasitas,56,Hermosillo,144,Nopalitos,2022,2023,29.478894,-110.788818,473.0,4,3.2857142857142856,1.0,1272.9959201917793,7.444420585916838,2.069705853825185,12.917287990469095,27.873888888888885,20.09,35.31,35.08976608187134,25.88,45.05,20.658011695906435,10.17,26.58,45.12766081871346,3.25,90.42,25.744269005847954,7.09,32.26,2.1787134502923973,0.66,4.57,474.66,2.7757894736842106,0.0,40.65,284.796,1.6654736842105262,0.0,24.389999999999997,16.069905042506413,5.847767373157724,19.43288433057279,0.3728684377311214,63,26,85,0,603.71096978577,3.5304735075191225,0.9313676342213333,6.022682285016347,123.04005374088558,0.7195324780168747,0.0,3.898776980087685,480.67091604488445,2.8109410295022483,0.0,6.022682285016347,1230.4005374088558,4806.709160448844,6037.1096978577,318.91496978577,0.20380622499628753,0.7961937750037126,20.0,4.0,4.0,80.0,3962.5,317000.0,61.52002687044279,240.3354580224422,301.855484892885
Sonora,San Miguel de Horcasitas,56,Hermosillo,144,Nopalitos,2023,2024,29.478894,-110.788818,473.0,4,1.8,0.1,1487.135800386787,8.696700587057233,3.730826354632057,13.11325155388488,29.53078947368421,16.565,37.75,37.74497076023392,24.98,47.9,21.316608187134502,6.75,29.41,30.920350877192988,7.91,74.41,27.1766081871345,8.92,32.04,2.536257309941521,1.11,4.59,123.45000000000002,0.7219298245614036,0.0,26.48,98.76,0.5775438596491228,0.0,21.184,16.507890596030585,6.996647711993946,19.050842483020194,0.0830119212837806,28,7,124,0,703.6018910842238,4.1146309420130045,1.6788718595844256,6.55662577694244,63.16922866994963,0.36941069397631365,0.0,4.696000000000001,640.4326624142741,3.7452202480366905,0.0,6.55662577694244,631.6922866994963,6404.326624142741,7036.018910842237,604.8418910842238,0.08977978807391812,0.9102202119260818,23.75,4.0,4.0,95.0,4197.37,398750.15,26.597569966294582,269.6558578586417,296.2534278249363
Sonora,San Miguel de Horcasitas,56,Hermosillo,144,Naranja,2010,2011,29.478894,-110.788818,473.0,1,1.0,0.0,2273.1551551523035,6.227822342883023,1.1923889076867316,11.65938129392675,22.92135616438356,9.05,35.769999999999996,30.623342465753424,13.51,44.65,15.219369863013698,1.88,26.89,40.75942465753425,9.73,87.41,21.924410958904108,5.15,32.38,2.4357534246575345,0.96,7.28,391.8399999999999,1.0735342465753421,0.0,40.2,235.10399999999998,0.6441205479452055,0.0,24.12,12.67531011006331,4.376968154595325,19.432092069545885,0.17237714685328917,55,20,109,15,1511.1854045152709,4.140233984973345,0.834672235380712,7.578597841052387,109.97376650295502,0.30129799041905486,0.0,4.741939947129279,1401.2116380123161,3.8389359945542907,0.0,7.578597841052387,1099.73766502955,14012.116380123161,15111.854045152711,1276.0814045152708,0.07277317936923186,0.9272268206307683,30.18,5.0,5.0,150.9,1600.0,241440.0,36.43928644895792,464.28483698221214,500.7241234311701
Sonora,San Miguel de Horcasitas,56,Hermosillo,144,Naranja,2011,2012,29.478894,-110.788818,473.0,4,2.4166666666666665,0.4166666666666667,2402.871182330292,6.583208718713129,1.155699241331616,13.172602107843078,23.28882191780822,0.6899999999999997,37.37,31.325506849315072,5.31,45.86,15.25213698630137,-3.93,28.88,35.78202739726027,5.64,86.25,22.329561643835618,2.71,32.72,2.4506575342465755,0.9,8.59,332.7100000000001,0.9115342465753428,0.0,45.88,199.626,0.5469205479452055,0.0,27.528000000000002,12.649911350289146,3.119764527399232,19.96326489712061,0.13846351916266258,51,19,136,24,1598.1803450861255,4.378576287907193,0.8089894689321312,8.562191370098,117.086435651499,0.3207847552095863,0.0,6.958188183248929,1481.0939094346265,4.057791532697607,0.0,8.562191370098,1170.86435651499,14810.939094346266,15981.803450861256,1398.5543450861255,0.0732623423955256,0.9267376576044745,31.0,5.0,5.0,155.0,1600.0,248000.0,37.76981795209645,477.7722288498795,515.542046801976
Sonora,San Miguel de Horcasitas,56,Hermosillo,144,Naranja,2012,2013,29.478894,-110.788818,473.0,2,1.2,0.0,2294.8020127440423,6.269950854491919,1.594364950773147,13.289540258911478,23.528483606557376,9.03,36.31,31.312185792349723,13.77,46.23,15.744781420765028,3.08,26.8,38.54467213114755,6.41,89.26,21.812158469945356,4.56,32.48,2.254426229508197,0.86,5.38,371.27,1.014398907103825,0.0,21.75,222.762,0.608639344262295,0.0,13.049999999999999,12.515073830838501,3.812874309468894,19.27332581441032,0.16178737770760823,59,31,104,11,1526.678719403024,4.1712533317022515,1.1160554655412027,8.638201168292461,152.9191720759275,0.4178119455626434,0.0,4.824717156611738,1373.7595473270965,3.753441386139608,0.0,8.638201168292461,1529.1917207592749,13737.595473270965,15266.78719403024,1303.916719403024,0.10016460577620638,0.8998353942237937,0.0,5.0,0.0,0.0,0.0,0.0,,,
Sonora,San Miguel de Horcasitas,56,Hermosillo,144,Nuez,2013,2014,29.478894,-110.788818,473.0,1,1.0,0.0,1615.202468131327,7.654988000622402,2.374459255360678,12.802875910370803,27.530710900473935,16.34,35.6,35.31255924170616,23.47,46.22,19.748862559241704,9.21,27.82,39.509146919431274,4.97,84.92,25.558815165876776,8.24,32.47,2.384075829383886,0.95,5.0,275.15,1.3040284360189573,0.0,31.31,165.09,0.7824170616113745,0.0,18.785999999999998,15.547789058110167,6.092326499057525,19.27227204650093,0.17035016069429906,39,19,111,0,1552.0177170889583,7.355534204213073,1.5433985159844406,14.083163501407885,121.27712003495986,0.5747730807344069,0.0,7.7509513642858145,1430.7405970539985,6.7807611234786656,0.0,14.083163501407885,1212.7712003495985,14307.405970539985,15520.177170889583,1386.9277170889584,0.07814158221236886,0.9218584177876312,0.0,62.0,0.0,0.0,0.0,0.0,,,
Sonora,San Miguel de Horcasitas,56,Hermosillo,144,Nuez,2014,2015,29.478894,-110.788818,473.0,2,1.8,0.0,1541.3166396836805,7.304818197552988,2.084354709253936,14.6432961758047,27.66770142180095,16.255,37.41,34.90085308056872,23.83,47.5,20.43454976303318,8.68,27.32,44.500805687203794,5.34,85.69,24.766161137440758,5.01,32.05,2.2427488151658768,0.56,4.32,411.56,1.950521327014218,0.0,66.11,246.93599999999998,1.1703127962085307,0.0,39.666,15.314311992991156,4.470034085984732,19.42876513965343,0.26701846291912035,59,21,98,0,1492.0789540951546,7.0714642374177945,1.3548305610150584,16.10762579338517,153.98199301197565,0.7297724787297424,0.0,7.353452127881906,1338.0969610831792,6.341691758688053,0.0,16.10762579338517,1539.8199301197565,13380.969610831791,14920.789540951548,1245.1429540951547,0.1031996280018274,0.8968003719981728,0.0,62.0,0.0,0.0,0.0,0.0,,,
Sonora,San Miguel de Horcasitas,56,Hermosillo,144,Nuez,2015,2016,29.478894,-110.788818,473.0,0,0.0,0.0,1418.20497868465,6.721350609879858,1.8428411285998574,12.121287414764188,26.918270142180095,16.87,34.425,33.70137440758294,21.36,43.43,20.135165876777254,10.2,26.13,50.45881516587677,11.66,87.73,24.324739336492893,4.51,32.35,2.187535545023697,0.72,4.02,453.95,2.151421800947867,0.0,47.68,272.37,1.2908530805687204,0.0,28.608,15.427126394966338,4.213108789360038,19.97165409809469,0.32008772132574753,53,21,78,0,1366.0037420378019,6.473951384065412,1.1978467335899072,13.333416156240608,150.51027309598481,0.7133188298387906,0.0,7.321909518471214,1215.493468941817,5.76063255422662,0.0,13.333416156240608,1505.102730959848,12154.934689418169,13660.037420378017,1093.6337420378018,0.11018291419279266,0.8898170858072072,0.0,725.0,0.0,0.0,0.0,0.0,,,
Sonora,San Miguel de Horcasitas,56,Hermosillo,144,Nuez,2016,2017,29.478894,-110.788818,473.0,2,1.7,0.0,1575.6076810190475,7.467334981132926,2.331530657481289,13.27461260071707,27.925663507109007,17.634999999999998,36.065,35.71744075829383,24.63,47.28,20.13388625592417,8.29,27.39,40.575213270142186,7.66,80.81,25.505071090047398,6.52,32.57,2.2467298578199055,0.74,5.71,282.86,1.340568720379147,0.0,31.95,169.716,0.8043412322274882,0.0,19.169999999999998,15.662898111733167,5.464104511062661,19.177595292974953,0.1795243850404792,39,19,126,0,1505.3514303102468,7.134366968295009,2.124465886845953,14.602073860788778,128.0031704085292,0.6066500967228872,0.0,7.372379949831774,1377.3482599017177,6.527716871572122,0.0,14.602073860788778,1280.031704085292,13773.482599017178,15053.514303102469,1335.6354303102466,0.08503208475521777,0.9149679152447823,0.0,140.0,0.0,0.0,0.0,0.0,,,
Sonora,San Miguel de Horcasitas,56,Hermosillo,144,Nuez,2017,2018,29.478894,-110.788818,473.0,1,1.0,0.0,1598.7160589491948,7.576853359948791,2.861521173962829,11.706977877199611,28.154739336492888,17.17,35.644999999999996,35.82592417061612,22.36,46.54,20.483554502369667,9.14,27.67,40.02725118483412,5.9,83.53,25.522322274881514,10.29,32.59,2.224170616113744,0.88,4.63,311.85999999999996,1.4780094786729856,0.0,24.19,187.11599999999999,0.8868056872037914,0.0,14.514,15.499736571038397,7.757224312504714,19.384424064607554,0.195069035714184,50,22,132,0,1508.1855820426379,7.14779896702672,2.5686079723197377,12.877675664919574,155.58156690301266,0.7373533976446097,0.0,7.005002501035992,1352.6040151396255,6.410445569382111,0.0,12.877675664919574,1555.8156690301266,13526.040151396255,15081.855820426383,1321.0695820426379,0.10315810517980023,0.8968418948201999,1.78,280.5,62.5,111.25,78000.0,8677500.0,874.0537466461385,7598.89896145857,8472.952708104709
Sonora,San Miguel de Horcasitas,56,Hermosillo,144,Nuez,2018,2019,29.478894,-110.788818,473.0,4,3.2222222222222223,0.7777777777777778,1540.0710438713036,7.298914899863998,1.4166330242363172,11.807076625146884,27.949905213270142,18.41,36.28,35.09118483412322,21.87,45.63,20.808625592417062,10.72,28.66,44.78137440758293,6.02,86.66,24.947582938388628,3.16,32.56,2.1763507109004734,0.89,4.33,427.73,2.0271563981042653,0.0,45.21,256.63800000000003,1.2162938388625595,0.0,27.126,15.412443870280951,3.4708437794436877,19.8533688245033,0.2777339407179604,45,27,105,0,1481.519010326676,7.021417110552966,0.9208114657536062,12.987784287661574,154.25068157445688,0.7310458842391321,0.0,6.9959999999999996,1327.268328752219,6.290371226313835,0.0,12.987784287661574,1542.5068157445687,13272.683287522192,14815.190103266761,1224.881010326676,0.10411657258481247,0.8958834274151876,1.67,616.0,426.0,711.42,85765.82,61015519.66,923.6567758949514,7947.714543426462,8871.371319321413
Sonora,San Miguel de Horcasitas,56,Hermosillo,144,Nuez,2019,2020,29.478894,-110.788818,473.0,2,1.1111111111111112,0.0,1529.7595667357473,7.250045339979845,2.55488762858014,12.17088005537298,27.293767772511845,17.93,36.155,34.59824644549763,23.91,44.72,19.989289099526065,10.05,29.75,44.78175355450237,11.21,84.84,25.29706161137441,9.51,32.63,2.2618957345971564,0.82,4.11,362.84,1.7196208530805686,0.0,45.79,217.704,1.0317725118483412,0.0,27.474,15.681195190713504,6.820003628420713,19.182234168584774,0.23718759986200985,44,23,94,0,1474.5907506442602,6.988581756607868,1.6606769585770909,13.387968060910278,139.37210063502394,0.6605312826304452,0.0,7.1342863154694545,1335.2186500092362,6.328050473977423,0.0,13.387968060910278,1393.7210063502393,13352.18650009236,14745.9075064426,1256.8867506442602,0.09451578383638388,0.9054842161636161,2.11,231.0,123.0,260.0,95103.07,24726798.2,660.5312826304453,6328.050473977422,6988.581756607868
Sonora,San Miguel de Horcasitas,56,Hermosillo,144,Nuez,2020,2021,29.478894,-110.788818,473.0,3,1.8571428571428572,0.2857142857142857,1686.0362501457957,7.99069312865306,3.3663086122733272,11.980926356355226,29.164241706161135,13.059999999999999,35.995000000000005,37.163270142180096,19.81,45.56,21.16521327014218,6.31,27.38,35.9967298578199,11.26,77.15,25.683127962085308,12.76,32.73,2.3683886255924174,0.83,4.2,145.74,0.6907109004739337,0.0,12.55,116.59200000000001,0.552568720379147,0.0,10.040000000000001,15.608711588210056,7.9050629719439165,19.45277185974001,0.08643942263245971,34,7,154,0,1623.1007052866453,7.69242040420211,2.3513461289373807,13.17901899199075,102.49665479461328,0.4857661364673615,0.0,7.66012072674723,1520.6040504920322,7.20665426773475,0.0,13.01101899199075,1024.9665479461328,15206.040504920322,16231.007052866455,1506.5087052866452,0.06314867245191173,0.9368513275480884,1.36,251.0,165.0,225.0,86368.89,19433000.25,753.6518734898035,11180.912135970824,11934.564009460628
Sonora,San Miguel de Horcasitas,56,Hermosillo,144,Nuez,2021,2022,29.478894,-110.788818,473.0,4,2.875,0.75,1524.799413460783,7.226537504553474,2.879339212484138,12.873005588852733,27.46542654028436,18.695,36.01,34.71331753554502,25.49,45.72,20.217535545023694,10.33,26.31,45.150000000000006,7.26,86.36,25.026018957345972,9.62,32.41,2.21696682464455,0.67,5.39,372.96,1.7675829383886255,0.0,37.6,223.776,1.0605497630331755,0.0,22.56,15.475583675011308,7.1453067319992325,19.5844978647656,0.24459610667970152,59,20,99,0,1452.6187816345844,6.884449202059642,2.020358404127819,14.160306147738007,150.57953945573252,0.7136471064252726,0.0,6.617999999999999,1302.039242178852,6.17080209563437,0.0,14.160306147738007,1505.7953945573252,13020.39242178852,14526.187816345844,1228.8427816345843,0.10366074111081662,0.8963392588891834,0.97,251.0,165.0,160.05,94107.29,15061871.76,1552.3663861415723,13423.084970916,14975.451357057571
Sonora,San Miguel de Horcasitas,56,Hermosillo,144,Nuez,2022,2023,29.478894,-110.788818,473.0,4,3.2857142857142856,1.0,1452.1378712033065,6.882170005702875,2.069705853825185,12.917287990469095,27.248317535545027,18.645,35.31,34.31194312796208,25.15,45.05,20.18469194312796,10.17,26.58,48.65161137440758,3.25,90.42,24.451563981042657,7.09,32.26,2.086445497630332,0.66,4.57,546.19,2.588578199052133,0.0,40.65,327.714,1.5531469194312797,0.0,24.389999999999997,15.244150354813952,5.55397242667767,19.43288433057279,0.3761281974881645,75,28,91,0,1387.7611875760258,6.577067239696805,1.3994356668888328,13.249901027035964,209.05161142913803,0.9907659309437822,0.0,7.832116058870858,1178.7095761468877,5.586301308753022,0.0,13.249901027035964,2090.5161142913803,11787.095761468878,13877.611875760258,1060.0471875760259,0.15063947118616586,0.8493605288138341,1.8,251.0,165.0,297.0,86515.15,25694999.55,1161.3978412729891,6548.3865341493765,7709.784375422366
Sonora,San Miguel de Horcasitas,56,Hermosillo,144,Nuez,2023,2024,29.478894,-110.788818,473.0,4,2.1666666666666665,0.25,1751.49179130125,8.300908963513033,3.239471904856562,13.11325155388488,29.4642654028436,16.565,37.75,37.61222748815165,24.98,47.9,21.316303317535542,6.75,29.41,31.50507109004739,7.91,74.41,25.87943127962085,8.92,32.04,2.457725118483412,1.0,4.59,132.07000000000002,0.6259241706161138,0.0,26.48,105.656,0.500739336492891,0.0,21.184,15.538093267676953,6.996647711993946,19.050842483020194,0.07540429287532098,29,8,154,0,1670.6455393538295,7.9177513713451635,2.1056567381567652,14.424576709273369,81.00399077937212,0.383905169570484,0.0,6.2,1589.6415485744574,7.533846201774679,0.0,14.424576709273369,810.0399077937211,15896.415485744574,16706.455393538294,1564.9895393538295,0.04848664116429075,0.9515133588357093,1.48,251.0,165.0,244.2,74379.59,18163495.88,547.3242620227845,10740.82127415174,11288.145536174525
Sonora,San Miguel de Horcasitas,56,Hermosillo,144,Uva,2010,2011,29.478894,-110.788818,473.0,0,0.0,0.0,1556.2575630546721,7.704245361656793,2.8242131895245977,11.65938129392675,26.155297029702968,11.96,35.769999999999996,34.04910891089109,18.66,44.65,18.26148514851485,3.6,26.89,38.28707920792079,9.73,86.21,26.43168316831683,11.68,32.38,2.500346534653465,0.96,5.54,272.66999999999996,1.3498514851485146,0.0,40.2,163.60200000000003,0.8099108910891091,0.0,24.12,16.055575574486312,8.78361651044008,19.432092069545885,0.17520878707557544,34,13,96,2,1160.7822110990146,5.746446589599082,0.9257934349936471,9.910474099837737,79.82693630020401,0.395182852971307,0.0,5.60750261426462,1080.9552747988107,5.351263736627776,0.0,9.910474099837737,798.2693630020401,10809.552747988108,11607.822110990148,997.1802110990145,0.06876995144905333,0.9312300485509468,13.0,1890.0,1890.0,24570.0,18400.0,452088000.0,61.405335615541546,831.5040575375467,892.9093931530882
Sonora,San Miguel de Horcasitas,56,Hermosillo,144,Uva,2011,2012,29.478894,-110.788818,473.0,4,3.3333333333333335,0.8333333333333334,1617.1962956713382,8.005922255798705,3.5983995164888443,13.172602107843078,26.95660891089109,14.860000000000001,37.37,35.098118811881186,20.97,45.86,18.815099009900994,6.71,28.88,35.6450495049505,5.64,79.36,26.673910891089104,14.98,32.72,2.4615841584158416,0.9,6.85,252.99000000000004,1.2524257425742575,0.0,23.6,151.79399999999998,0.7514554455445543,0.0,14.16,16.042926391831156,10.569933563526671,19.96326489712061,0.15643741002694891,40,16,106,0,1188.8395740017554,5.885344425751264,1.4464348127673732,11.196711791666615,112.50377994414613,0.5569494056640898,0.0,9.099169162710137,1076.3357940576093,5.328395020087175,0.0,11.196711791666615,1125.0377994414614,10763.357940576094,11888.395740017555,1037.0455740017555,0.09463327298690682,0.9053667270130932,12.0,1890.0,1890.0,22680.0,24000.0,544320000.0,93.75314995345512,896.9464950480078,990.699645001463
Sonora,San Miguel de Horcasitas,56,Hermosillo,144,Uva,2012,2013,29.478894,-110.788818,473.0,2,1.3333333333333333,0.0,1544.8571883987506,7.647807863360152,2.3535738391823546,13.289540258911478,26.462648514851484,11.75,36.31,34.220990099009896,14.47,46.23,18.704306930693072,4.69,26.8,37.902227722772274,6.41,89.26,26.111485148514852,6.64,32.48,2.3395544554455445,0.86,5.38,330.0,1.6336633663366336,0.0,21.75,198.0,0.9801980198019802,0.0,13.049999999999999,15.755487103007377,5.596932333756519,19.27332581441032,0.2136119781674098,51,28,89,1,1149.5582419237912,5.690882385761343,0.7060721517547064,11.296109220074756,128.3004170961245,0.6351505796837846,0.0,6.309245512492272,1021.2578248276666,5.055731806077557,0.0,11.296109220074756,1283.004170961245,10212.578248276666,11495.582419237911,951.5582419237912,0.11160845307099286,0.888391546929007,20.0,2278.0,1890.0,37800.0,24120.0,911736000.0,64.15020854806225,510.6289124138333,574.7791209618955
Sonora,San Miguel de Horcasitas,56,Hermosillo,144,Uva,2013,2014,29.478894,-110.788818,473.0,1,1.0,0.0,1612.8268292147184,7.984291233736229,2.758771015170953,12.802875910370803,27.189381188118816,12.565,35.6,35.135990099009895,19.72,46.22,19.242772277227726,5.41,27.82,36.020495049504945,4.97,84.92,26.187871287128715,9.48,32.47,2.5224257425742573,0.95,5.0,272.68000000000006,1.3499009900990102,0.0,31.31,163.608,0.809940594059406,0.0,18.785999999999998,15.811775646784806,7.214537781071906,19.27227204650093,0.16906960813193275,38,19,106,0,1189.4967912269128,5.888597976370855,1.2414469568269288,10.882444523815183,93.49723607626288,0.46285760433793505,0.0,5.232,1095.9995551506502,5.425740372032922,0.0,10.882444523815183,934.9723607626288,10959.995551506501,11894.96791226913,1025.8887912269129,0.07860234408856594,0.9213976559114343,18.0,2278.0,1890.0,34020.0,18740.54,637553170.8,51.94290893125716,608.8886417503612,660.8315506816184
Sonora,San Miguel de Horcasitas,56,Hermosillo,144,Uva,2014,2015,29.478894,-110.788818,473.0,2,1.75,0.0,1550.8392831519154,7.677422193821363,2.084354709253936,14.6432961758047,27.0069801980198,16.255,37.41,34.51371287128713,23.25,47.5,19.500247524752478,8.68,27.32,38.62316831683168,5.34,85.69,25.461485148514853,5.01,32.05,2.4161386138613863,0.58,5.35,388.8,1.924752475247525,0.0,66.11,233.27999999999997,1.1548514851485148,0.0,39.666,15.504680309857081,4.470034085984732,19.42876513965343,0.2507029607928202,53,20,95,0,1157.428354180554,5.729843337527495,0.9379596191642712,12.446801749433995,109.68633185851098,0.5430016428639157,0.0,5.508725257207361,1047.742022322043,5.186841694663579,0.0,12.446801749433995,1096.86331858511,10477.420223220432,11574.283541805542,924.148354180554,0.09476727562646213,0.905232724373538,13.5,2278.0,1890.0,25515.0,16954.67,432598405.05,81.24913471000815,776.1052017200319,857.3543364300401
Sonora,San Miguel de Horcasitas,56,Hermosillo,144,Uva,2015,2016,29.478894,-110.788818,473.0,0,0.0,0.0,1404.1701745108558,6.951337497578494,1.6334146996108259,12.121287414764188,26.21143564356436,13.77,34.425,33.186039603960396,18.33,43.43,19.23683168316832,8.36,26.13,47.308316831683165,11.66,86.27,25.04658415841584,6.32,32.35,2.252920792079208,0.72,5.15,389.52,1.9283168316831683,0.0,42.78,233.71200000000002,1.1569900990099011,0.0,25.668,15.775321040315037,5.183564326611494,19.97165409809469,0.2774022743615742,52,22,70,0,1049.324285975152,5.1946746830453066,0.49002440988324775,10.30309430254956,121.65124881467916,0.6022339050231642,0.0,5.65783917336412,927.6730371604729,4.592440778022143,0.0,10.30309430254956,1216.5124881467916,9276.730371604728,10493.242859751519,815.612285975152,0.11593293935975849,0.8840670606402415,15.85,2666.0,1890.0,29956.5,17050.0,510758325.0,76.75157653922976,585.2826732873646,662.0342498265943
Sonora,San Miguel de Horcasitas,56,Hermosillo,144,Uva,2016,2017,29.478894,-110.788818,473.0,2,1.6666666666666667,0.0,1549.3494419869594,7.6700467425097,2.331530657481289,13.27461260071707,26.87589108910891,11.1,36.065,34.862079207920786,14.9,47.28,18.889702970297037,5.63,27.39,38.16851485148514,7.66,80.81,26.34940594059406,6.52,32.57,2.3533663366336635,0.74,5.71,280.63000000000005,1.3892574257425745,0.0,31.95,168.378,0.8335544554455445,0.0,19.169999999999998,16.069381916004915,5.464104511062661,19.177595292974953,0.1811276348608012,39,18,101,0,1140.3305698273437,5.645200840729424,0.8266255027061707,11.283420710609509,102.6588735022573,0.5082122450606796,0.0,5.6968390521427335,1037.6716963250865,5.136988595668745,0.0,11.283420710609509,1026.588735022573,10376.716963250865,11403.305698273438,971.9525698273437,0.09002553839962457,0.9099744616003755,14.5,2677.0,1890.0,27405.0,21469.59,588374114.0,70.79922310500504,715.6356526379907,786.4348757429957
Sonora,San Miguel de Horcasitas,56,Hermosillo,144,Uva,2017,2018,29.478894,-110.788818,473.0,1,1.0,0.0,1549.8991340996763,7.672767990592457,2.861521173962829,11.706977877199611,27.41779702970297,17.17,35.644999999999996,35.18,22.36,46.54,19.655594059405942,8.39,27.67,39.24801980198019,5.9,83.53,26.14757425742575,10.29,32.59,2.278960396039604,0.88,4.63,309.35,1.5314356435643566,0.0,24.19,185.60999999999999,0.9188613861386138,0.0,14.514,15.874982402613002,7.757224312504714,19.384424064607554,0.1995936336719737,49,22,115,0,1141.2492197381857,5.649748612565276,1.2534201237100968,9.950931195619669,131.46766208556033,0.6508300103245561,0.0,5.317770591001748,1009.7815576526252,4.998918602240719,0.0,9.950931195619669,1314.6766208556032,10097.815576526253,11412.492197381856,955.6392197381857,0.11519627773828434,0.8848037222617156,17.21,2884.1,2884.1,49625.0,20590.26,1021791573.3,76.39027430886712,586.7411723722402,663.1314466811073
Sonora,San Miguel de Horcasitas,56,Hermosillo,144,Uva,2018,2019,29.478894,-110.788818,473.0,4,3.272727272727273,0.8181818181818182,1569.2437828737595,7.768533578582968,3.21475883946851,11.807076625146884,27.61987623762376,15.8,36.28,35.17856435643564,22.05,45.63,20.06118811881188,5.0,28.66,37.72886138613861,6.02,85.39,25.777920792079204,7.59,32.56,2.3061881188118813,0.89,4.33,310.76,1.5384158415841584,0.0,39.21,186.456,0.923049504950495,0.0,23.526,15.674032263959488,6.373242144520834,19.8533688245033,0.19803169105497714,38,23,105,1,1172.2897355046848,5.80341453220141,1.4522607071258176,10.036015131374851,104.90063918082224,0.5193100949545656,0.0,6.9959999999999996,1067.3890963238628,5.284104437246845,0.0,10.036015131374851,1049.0063918082224,10673.890963238628,11722.89735504685,985.8337355046848,0.0894835431922137,0.9105164568077865,15.54,3030.0,3030.0,47095.0,31875.37,1501170449.0,67.50362881648793,686.8655703499761,754.369199166464
Sonora,San Miguel de Horcasitas,56,Hermosillo,144,Uva,2019,2020,29.478894,-110.788818,473.0,2,1.0909090909090908,0.0,1499.8748149747694,7.425122846409749,2.4071098216959657,12.17088005537298,26.518267326732673,13.105,36.155,33.974059405940594,16.52,44.72,19.062475247524752,5.98,29.75,41.52831683168316,11.21,84.84,25.801089108910894,4.35,32.63,2.331287128712871,0.82,4.18,306.90999999999997,1.5193564356435643,0.0,25.36,184.14600000000002,0.9116138613861386,0.0,15.216,15.931204442718325,4.411256105479841,19.182234168584774,0.20462374388569404,40,19,89,0,1129.3453604276046,5.5908186159782405,0.7221329465087897,10.345248047067033,97.5236432157567,0.48279031294929065,0.0,5.512857607408214,1031.8217172118477,5.1080283030289495,0.0,10.345248047067033,975.236432157567,10318.217172118477,11293.453604276045,945.1993604276047,0.08635413632799738,0.9136458636720024,18.25,2731.0,2731.0,49838.0,29395.78,1465026788.32,53.437612720962576,565.381762855807,618.8193755767695
Sonora,San Miguel de Horcasitas,56,Hermosillo,144,Uva,2020,2021,29.478894,-110.788818,473.0,2,1.4,0.0,1540.3374289603871,7.62543281663558,1.5040781815775948,11.980926356355226,27.371064356435642,11.34,35.995000000000005,35.132871287128715,15.92,45.56,19.609257425742577,4.28,27.38,40.865594059405936,11.26,84.11,25.732970297029706,3.44,32.73,2.3662376237623763,0.83,4.2,222.52,1.1015841584158417,0.0,31.54,178.01599999999996,0.881267326732673,0.0,25.232,15.94937952222639,3.8341031219988446,19.45277185974001,0.14446185349802504,37,11,122,1,1150.6445782583874,5.696260288407858,0.4512234544732784,10.183787402901942,87.61131035898599,0.43371935821280194,0.0,5.919184197941041,1063.0332678994012,5.262540930195056,0.0,10.015787402901942,876.1131035898599,10630.332678994011,11506.44578258387,972.6285782583874,0.07614107085229936,0.9238589291477004,16.38,2883.0,2883.0,47237.0,29240.08,1381213764.27,53.48675846091941,648.9824590350435,702.4692174959629
Sonora,San Miguel de Horcasitas,56,Hermosillo,144,Uva,2021,2022,29.478894,-110.788818,473.0,4,2.9,0.8,1522.4146284473368,7.53670608142246,2.879339212484138,12.873005588852733,26.71054455445545,11.924999999999999,36.01,34.194207920792074,19.09,45.72,19.22688118811881,3.8,26.31,40.60603960396039,7.26,86.36,25.790742574257422,9.83,32.41,2.3558910891089107,0.67,5.39,361.3,1.7886138613861386,0.0,37.6,216.78,1.0731683168316832,0.0,22.56,15.761250634523615,7.656544052962612,19.5844978647656,0.2373203680842706,55,19,97,2,1131.4435376706151,5.601205632032748,1.3320678002266202,10.942054750524823,115.33309508511289,0.5709559162629351,0.0,6.044505701008012,1016.1104425855024,5.030249715769814,0.0,10.942054750524823,1153.3309508511288,10161.104425855025,11314.435376706153,914.6635376706151,0.10193446800054866,0.8980655319994515,17.53,2883.0,2883.0,50546.44,30663.66,1549938783.0,65.79183975191836,579.6408685598986,645.432708311817
Sonora,San Miguel de Horcasitas,56,Hermosillo,144,Uva,2022,2023,29.478894,-110.788818,473.0,4,2.888888888888889,0.7777777777777778,1484.2434027215786,7.347739617433557,2.069705853825185,12.917287990469095,26.617574257425744,14.78,35.31,34.13420792079207,23.76,45.05,19.100940594059406,5.47,26.58,41.304752475247525,3.25,90.42,25.50267326732673,7.09,32.26,2.243762376237623,0.66,4.57,474.8,2.3504950495049504,0.0,40.65,284.88,1.4102970297029702,0.0,24.389999999999997,15.539500018613824,5.847767373157724,19.43288433057279,0.3198936233298288,63,26,86,0,1110.0334020541386,5.495214861654151,0.9313676342213333,10.97969479189873,151.49338992667796,0.7499672768647424,0.0,6.359999999999999,958.5400121274606,4.745247584789409,0.0,10.97969479189873,1514.9338992667797,9585.400121274606,11100.334020541386,825.1534020541386,0.1364764246250036,0.8635235753749964,19.0,2940.0,2940.0,55850.0,31957.26,1784812752.0,79.7333631193042,504.4947432249793,584.2281063442834
Sonora,San Miguel de Horcasitas,56,Hermosillo,144,Uva,2023,2024,29.478894,-110.788818,473.0,4,1.75,0.08333333333333333,1661.7271306097807,8.226371933711786,3.567895125389905,13.11325155388488,27.883044554455445,10.0,37.75,36.11123762376237,17.09,47.9,19.654851485148516,2.91,29.41,31.928861386138617,7.91,74.41,26.40108910891089,8.92,32.04,2.527178217821782,1.11,4.59,125.53,0.6214356435643564,0.0,26.48,100.424,0.4971485148514852,0.0,21.184,15.90426963374588,6.996647711993946,19.050842483020194,0.0755418851192109,29,7,124,2,1234.3112214452326,6.110451591313033,1.0703685376169716,11.146263820802147,69.31785492971005,0.34315769767183196,0.0,6.065653952205767,1164.9933665155227,5.7672938936412015,0.0,11.146263820802147,693.1785492971005,11649.933665155226,12343.112214452327,1133.8872214452326,0.05615913857491066,0.9438408614250894,19.37,2940.0,2940.0,56937.3,32772.97,1866004214.17,35.78619252953539,601.4421097137442,637.2283022432796
