Estado,Municipio,IdMunicipio,DDR,IdDDR,Cultivo,Anio,AnioFin,Lat,Lon,Z_m,ET0_total_mm,ET0_mean_mm_d,ET0_min_mm_d,ET0_max_mm_d,Tmean_ciclo_mean_C,Tmean_ciclo_min_C,Tmean_ciclo_max_C,Tmax_ciclo_mean_C,Tmax_ciclo_min_C,Tmax_ciclo_max_C,Tmin_ciclo_mean_C,Tmin_ciclo_min_C,Tmin_ciclo_max_C,RH_mean_pct,RH_min_pct,RH_max_pct,Rs_mean_MJ_m2_d,Rs_min_MJ_m2_d,Rs_max_MJ_m2_d,Ws_mean_m_s,Ws_min_m_s,Ws_max_m_s,Ptot_total_mm,Ptot_mean_mm_d,Ptot_min_mm_d,Ptot_max_mm_d,Pef_total_mm,Pef_mean_mm_d,Pef_min_mm_d,Pef_max_mm_d,Rn_mean_MJ_m2_d,Rn_min_MJ_m2_d,Rn_max_MJ_m2_d,ratio_Ptot_ET0,dias_lluvia_ge_1mm,dias_lluvia_ge_5mm,dias_estres_calor,dias_riesgo_helada,ETc_total_mm,ETc_mean_mm_d,ETc_min_mm_d,ETc_max_mm_d,ETverde_total_mm,ETverde_mean_mm_d,ETverde_min_mm_d,ETverde_max_mm_d,ETazul_total_mm,ETazul_mean_mm_d,ETazul_min_mm_d,ETazul_max_mm_d,UACverde_m3_ha,UACazul_m3_ha,UACtotal_m3_ha,deficit_hidrico_mm,frac_verde,frac_azul,Rend_t_ha,SupSembradaTotal_ha,SupCosechadaTotal_ha,VolumenTotal_t,PMR,Valorproduccion,HHverde_m3_ton,HHazul_m3_ton,HHtotal_m3_ton
Sonora,San Felipe de Jesús,53,Ures,142,Ajo,2010,2011,29.870299,-110.319858,801.0,567.1333213772451,4.726111011477043,1.095600087808482,8.903920670940156,14.502416666666667,6.955,23.17,22.40675,11.45,32.07,6.598083333333334,-0.15,14.61,42.95841666666666,17.12,88.46,20.30858333333333,5.65,29.9,2.7230833333333333,1.35,7.72,99.96000000000001,0.8330000000000001,0.0,22.81,79.96799999999999,0.6663999999999999,0.0,18.248,11.201972747256077,4.356178702430161,17.684616401522437,0.1762548526636627,14,5,0,29,543.5361158163288,4.52946763180274,0.9504605112374028,8.903920670940156,25.658566205459493,0.21382138504549578,0.0,3.08,517.8775496108692,4.315646246757243,0.0,8.903920670940156,256.58566205459493,5178.775496108692,5435.361158163287,463.5681158163288,0.047206736514506076,0.9527932634854938,6.8,3.0,3.0,20.4,12000.0,244800.0,37.733185596263965,761.5846317806901,799.317817376954
Sonora,San Felipe de Jesús,53,Ures,142,Ajo,2011,2012,29.870299,-110.319858,801.0,1087.875108974573,5.131486363087609,1.696793275173358,10.197809716172292,17.121250000000003,-3.465,28.64,25.434764150943398,1.02,36.24,8.807735849056604,-7.95,21.04,32.58768867924528,9.49,74.69,19.59235849056604,6.94,30.54,2.4921698113207547,1.23,9.18,24.78,0.1168867924528302,0.0,4.79,19.824,0.09350943396226416,0.0,3.8320000000000003,9.988359157277058,4.561055101122152,17.194732260700107,0.022778350010560985,8,0,3,41,951.955721938739,4.490357178956316,1.696793275173358,8.654867752789722,17.544759221145167,0.0827582982129489,0.0,2.8478971695913793,934.4109627175937,4.407598880743366,0.0,8.654867752789722,0.0,0.0,0.0,932.131721938739,0.018430226130070178,0.9815697738699297,5.0,4.0,4.0,20.0,14000.0,280000.0,0.0,0.0,0.0
Sonora,San Felipe de Jesús,53,Ures,142,Ajo,2013,2014,29.870299,-110.319858,801.0,1032.3550412562684,4.869599251208813,1.412484466313874,9.804276992806578,16.98077830188679,2.51,26.880000000000003,24.977216981132077,9.09,35.67,8.98433962264151,-4.97,19.19,34.94759433962264,5.7,87.07,18.819622641509433,4.56,30.91,2.3972169811320754,1.12,5.43,68.87,0.32485849056603777,0.0,17.12,55.096000000000004,0.2598867924528302,0.0,13.696000000000002,9.78210914128367,3.7965175274875023,17.30645666864701,0.06671154520269733,8,6,4,56,894.9048704239644,4.221249388792285,1.412484466313874,7.226897564551021,18.733604429189867,0.08836605862825408,0.0,2.5826524515225735,876.1712659947746,4.132883330164031,0.0,7.226897564551021,0.0,0.0,0.0,839.8088704239644,0.02093362663264393,0.979066373367356,7.3,2.0,2.0,14.6,13500.0,197100.0,0.0,0.0,0.0
Sonora,San Felipe de Jesús,53,Ures,142,Ajo,2014,2015,29.870299,-110.319858,801.0,1059.2649104352884,4.9965325963928695,1.272200993657756,10.33189179867023,17.89804245283019,6.59,25.480000000000004,25.85127358490566,9.94,36.14,9.944811320754718,0.51,17.59,34.29608490566038,6.33,88.32,18.557216981132076,5.6,31.35,2.4006603773584905,1.19,5.02,45.05,0.2125,0.0,11.23,36.03999999999999,0.16999999999999996,0.0,8.984,9.618787772146097,4.15752104066296,17.271753783238765,0.04252949338375365,8,4,1,20,924.6986173333778,4.3617859308178195,1.272200993657756,7.23232425906916,16.333902112878473,0.07704670807961544,0.0,2.9592126979296536,908.3647152204994,4.284739222738205,0.0,7.23232425906916,0.0,0.0,0.0,888.6586173333778,0.01766402783209708,0.982335972167903,7.5,3.0,3.0,22.5,13800.0,310500.0,0.0,0.0,0.0
Sonora,San Felipe de Jesús,53,Ures,142,Ajo,2016,2017,29.870299,-110.319858,801.0,1026.479573588661,4.819152927646296,1.4210036461756677,8.772826631728774,17.206103286384977,4.365,28.095000000000002,25.18145539906104,9.95,36.09,9.23075117370892,-2.38,20.7,38.15887323943662,11.92,84.44,18.780422535211265,4.6,30.78,2.436666666666667,0.96,5.2,74.75,0.35093896713615025,0.0,11.12,59.8,0.28075117370892017,0.0,8.895999999999999,9.862521631623002,3.957008145753345,17.718710447432937,0.07282171211519345,17,7,2,39,898.6564823985625,4.21904451830311,1.4210036461756677,7.156452898500689,34.960534866446615,0.16413396650913903,0.0,2.8000000000000003,863.6959475321158,4.054910551793971,0.0,7.156452898500689,0.0,0.0,0.0,838.8564823985625,0.03890311320420798,0.961096886795792,7.28,2.0,2.0,14.56,17700.0,257712.0,0.0,0.0,0.0
Sonora,San Felipe de Jesús,53,Ures,142,Ajo,2017,2018,29.870299,-110.319858,801.0,1054.8901477829568,4.975896923504513,1.1754702402077366,10.058121942201707,18.81391509433962,7.62,28.22,26.64650943396226,11.39,36.5,10.98132075471698,0.59,20.59,38.196698113207546,9.7,89.64,18.777547169811317,3.27,31.08,2.351037735849057,0.9,6.68,100.53,0.4741981132075472,0.0,18.44,80.424,0.37935849056603776,0.0,14.752000000000002,9.888703808775617,3.3857556348420044,17.504268695218165,0.09529902256768825,12,6,14,24,911.9101332325938,4.301462892606574,1.1754702402077366,7.659199240972116,22.20718917921569,0.10475089235479099,0.0,2.767461292257989,889.7029440533781,4.196712000251783,0.0,7.659199240972116,0.0,0.0,0.0,831.4861332325938,0.02435238777366615,0.9756476122263339,9.45,2.0,2.0,18.9,18525.93,350140.08,0.0,0.0,0.0
Sonora,San Felipe de Jesús,53,Ures,142,Ajo,2018,2019,29.870299,-110.319858,801.0,1117.5467177180858,5.271446781689084,1.038008852224429,9.419639748295129,19.6413679245283,8.17,29.945,27.543962264150945,11.73,38.58,11.73877358490566,-0.48,21.92,31.8313679245283,6.84,90.14,18.517075471698114,4.44,30.25,2.3761792452830193,1.07,5.64,68.23000000000002,0.3218396226415095,0.0,21.98,54.584,0.2574716981132076,0.0,17.584,9.542852945158154,3.760533754838276,17.35777214600999,0.06105337604079638,10,4,16,18,974.003053156134,4.594354024321387,1.038008852224429,8.751775574068098,17.096218208802206,0.08064253872076513,0.0,2.326231796652704,956.9068349473318,4.513711485600622,0.0,8.751775574068098,0.0,0.0,0.0,919.4190531561339,0.017552530408815523,0.9824474695911846,6.85,2.2,2.2,15.07,18600.0,280302.0,0.0,0.0,0.0
Sonora,San Felipe de Jesús,53,Ures,142,Ajo,2019,2020,29.870299,-110.319858,801.0,894.1184763203518,4.217539982643169,0.8888809968925199,9.524639164294625,16.202853773584906,4.535,25.88,23.48768867924528,7.79,35.91,8.918018867924527,-2.72,20.19,46.60108490566038,15.79,90.08,17.67070754716981,2.93,30.25,2.293679245283019,0.94,7.34,176.39,0.8320283018867924,0.0,32.41,141.11200000000002,0.6656226415094341,0.0,25.927999999999997,9.682281738609042,3.285333997682698,18.280279249047016,0.19727810650543093,21,6,4,38,775.1023017110016,3.656142932599064,0.8888809968925199,6.667247415006237,39.63578129537875,0.18696123252537145,0.0,2.9683583883211426,735.4665204156229,3.4691817000736926,0.0,6.667247415006237,0.0,0.0,0.0,633.9903017110016,0.05113619351650052,0.9488638064834996,6.25,5.0,5.0,31.25,18350.0,573437.5,0.0,0.0,0.0
Sonora,San Felipe de Jesús,53,Ures,142,Ajo,2020,2021,29.870299,-110.319858,801.0,835.588925841351,3.9229527034805214,0.7213459276722826,9.203431187718568,16.122535211267603,3.925,27.229999999999997,23.278075117370893,10.64,36.76,8.966995305164321,-3.74,19.47,52.73323943661972,24.24,94.45,17.44075117370892,2.18,29.92,2.2443661971830986,0.95,6.72,321.0,1.5070422535211268,0.0,87.6,192.59999999999997,0.9042253521126759,0.0,52.559999999999995,9.758210322327868,2.8741724427554223,17.53681321721241,0.3841601893859309,27,16,4,44,723.2485154856679,3.3955329365524314,0.7213459276722826,7.476452227068163,37.47716577681527,0.1759491351024191,0.0,2.432807022003544,685.7713497088527,3.2195838014500127,0.0,7.476452227068163,0.0,0.0,0.0,530.648515485668,0.05181782606446003,0.94818217393554,6.29,3.5,3.5,22.0,19000.0,418000.0,0.0,0.0,0.0
Sonora,San Felipe de Jesús,53,Ures,142,Ajo,2021,2022,29.870299,-110.319858,801.0,1122.7049739049999,5.295778178797169,1.4720599738375704,9.96506051443198,17.78129716981132,4.245,29.45,26.114198113207543,8.27,39.29,9.448396226415094,-0.9,21.15,29.45971698113208,10.58,84.65,19.162264150943393,5.16,30.05,2.55122641509434,1.15,6.02,62.529999999999994,0.29495283018867924,0.0,22.22,50.024,0.2359622641509434,0.0,17.776,9.638069483270902,4.153009010337947,17.672249986104397,0.05569584303390741,8,3,18,47,977.6535852774623,4.611573515459728,1.4720599738375704,6.975542360102386,14.698582862518023,0.06933293803074539,0.0,2.152,962.9550024149444,4.5422405774289825,0.0,6.975542360102386,0.0,0.0,0.0,927.6295852774623,0.015034551178315888,0.9849654488216842,7.14,3.5,3.5,24.99,23000.0,574770.0,0.0,0.0,0.0
Sonora,San Felipe de Jesús,53,Ures,142,Ajo,2022,2023,29.870299,-110.319858,801.0,1054.0379227853355,4.97187699427045,1.35075957470866,11.971434906184435,17.61679245283019,5.390000000000001,26.740000000000002,25.776698113207548,13.24,38.52,9.45688679245283,-3.28,18.57,35.42014150943396,5.25,87.44,19.133301886792452,5.5,30.98,2.372688679245283,1.17,6.02,72.97000000000001,0.34419811320754723,0.0,38.22,58.376000000000005,0.2753584905660378,0.0,30.576,9.915018605443226,4.097220433541631,17.017997188768025,0.06922900820036341,6,4,6,32,913.0779083182251,4.306971265652005,1.35075957470866,8.380004434329104,14.337021770940595,0.06762746118368206,0.0,2.624584260898151,898.7408865472845,4.239343804468323,0.0,8.380004434329104,0.0,0.0,0.0,854.7019083182252,0.015701860312607487,0.9842981396873924,7.8,5.0,5.0,39.0,29500.0,1150500.0,0.0,0.0,0.0
Sonora,San Felipe de Jesús,53,Ures,142,Ajo,2023,2024,29.870299,-110.319858,801.0,928.5303545396514,4.379860162922884,1.1662168473581316,9.543226188266193,15.77691037735849,5.225,26.805,23.47683962264151,11.35,37.64,8.076981132075472,-2.83,18.25,43.44688679245283,11.08,86.54,18.307311320754717,2.41,30.27,2.354292452830189,1.19,5.54,80.8,0.3811320754716981,0.0,11.12,64.64000000000001,0.30490566037735856,0.0,8.895999999999999,9.803839921134847,3.2542628522383623,17.534628002106118,0.08701923378698716,17,5,4,54,804.1707706792381,3.793258352260557,1.1662168473581316,7.266327342513392,32.88423080497024,0.15511429624985962,0.0,2.643756208470551,771.2865398742679,3.6381440560106975,0.0,7.266327342513392,0.0,0.0,0.0,739.5307706792381,0.04089209904656789,0.9591079009534321,9.05,10.0,10.0,90.5,31452.35,2846437.5,0.0,0.0,0.0
Sonora,San Felipe de Jesús,53,Ures,142,Calabaza,2010,2011,29.870299,-110.319858,801.0,726.7640090828838,7.267640090828838,2.624854239024739,10.287769605972123,19.5259,9.145000000000001,31.305,28.510900000000003,15.56,40.64,10.540899999999999,1.21,21.97,28.9074,11.33,77.23,27.1971,13.87,32.38,2.8498999999999994,1.64,5.89,11.36,0.11359999999999999,0.0,5.39,9.088000000000001,0.09088000000000002,0.0,4.312,15.580987235004793,8.728952327582247,18.797152797197324,0.015630933642868997,3,1,14,7,640.899533439236,6.408995334392361,1.3124271195123696,10.18606741116844,6.08842711951237,0.0608842711951237,0.0,3.08,634.8111063197236,6.348111063197236,0.0,10.18606741116844,60.8842711951237,6348.111063197237,6408.995334392361,631.8115334392361,0.009499815184511469,0.9905001848154885,17.0,5.0,5.0,85.0,3200.0,272000.0,3.5814277173602176,373.41829783513157,376.9997255524918
Sonora,San Felipe de Jesús,53,Ures,142,Calabaza,2011,2012,29.870299,-110.319858,801.0,812.6700375076023,8.126700375076023,4.068424527987685,11.630768546980184,21.54845,11.89,30.73,30.984499999999997,18.09,40.48,12.112400000000001,3.5,21.78,20.7142,6.37,60.21,27.808399999999995,17.42,32.58,2.9162,1.79,6.95,4.79,0.0479,0.0,4.79,3.8320000000000003,0.03832,0.0,3.8320000000000003,15.471430672221052,10.7484904556411,18.704026810807186,0.005894151105521952,1,0,17,2,706.2781807276519,7.06278180727652,2.3823052745602737,11.508736075888958,3.8320000000000003,0.03832,0.0,3.8320000000000003,702.446180727652,7.02446180727652,0.23642452798768465,11.508736075888958,38.32,7024.46180727652,7062.781807276519,702.446180727652,0.005425624215166939,0.9945743757848331,17.0,4.0,4.0,68.0,3000.0,204000.0,2.2541176470588233,413.2036357221482,415.457753369207
Sonora,San Felipe de Jesús,53,Ures,142,Calabaza,2012,2013,29.870299,-110.319858,801.0,801.3609543658564,8.013609543658564,2.082636083582605,11.857649888208298,21.3433,9.129999999999999,30.245,30.6932,11.83,40.5,11.993400000000003,1.61,21.11,20.3749,6.97,70.07,27.7481,6.64,32.48,2.8564999999999996,1.74,5.05,1.7200000000000002,0.017200000000000003,0.0,1.02,1.3760000000000001,0.013760000000000001,0.0,0.8160000000000001,15.44322816163683,5.591295183594478,19.09787918597852,0.002146348646798113,1,0,25,9,704.2433991432436,7.042433991432436,1.0413180417913026,11.857649888208298,1.3760000000000001,0.013760000000000001,0.0,0.8160000000000001,702.8673991432436,7.028673991432436,0.22531804179130255,11.857649888208298,13.760000000000002,7028.673991432435,7042.4339914324355,702.8673991432436,0.0019538699285985366,0.9980461300714015,8.5,3.0,3.0,25.5,4150.0,105825.0,1.618823529411765,826.902822521463,828.5216460508748
Sonora,San Felipe de Jesús,53,Ures,142,Calabaza,2013,2014,29.870299,-110.319858,801.0,793.7247734837472,7.937247734837472,3.595250485523066,11.711581502778374,21.6905,9.97,30.18,30.766200000000005,16.5,40.5,12.614799999999997,3.44,20.71,23.142799999999998,5.7,56.09,27.6393,14.07,32.47,2.8667000000000002,1.66,5.43,2.0,0.02,0.0,0.95,1.6,0.016,0.0,0.76,15.562387347720849,8.887065469484373,19.1274200964958,0.0025197651211285436,0,0,13,3,694.3668743861402,6.943668743861402,1.797625242761533,11.711581502778374,1.6,0.016,0.0,0.76,692.7668743861402,6.927668743861402,1.037625242761533,11.711581502778374,16.0,6927.668743861403,6943.668743861403,692.7668743861402,0.0023042573875870606,0.9976957426124129,17.6,3.0,3.0,52.8,1890.0,99792.0,0.9090909090909091,393.6175422648524,394.5266331739433
Sonora,San Felipe de Jesús,53,Ures,142,Calabaza,2014,2015,29.870299,-110.319858,801.0,790.3543759626065,7.903543759626064,2.9592126979296536,13.645640572415116,22.08125,14.32,35.144999999999996,30.814000000000007,19.91,44.36,13.348500000000003,6.16,25.93,22.5562,6.33,69.99,26.7579,7.64,32.05,2.7856999999999994,1.59,5.12,10.27,0.1027,0.0,7.08,8.216,0.08216,0.0,5.664000000000001,15.067584194808221,6.615077024814698,18.98044763719165,0.012994171111524152,2,1,20,0,695.0180023688195,6.950180023688194,1.4796063489648268,12.136006300341009,4.031606348964827,0.040316063489648266,0.0,1.552,690.9863960198545,6.909863960198545,0.0,12.136006300341009,40.31606348964827,6909.863960198545,6950.180023688194,686.8020023688194,0.005800722190251135,0.9941992778097487,17.62,1.0,1.0,17.62,2365.0,41671.3,2.288085328583897,392.16027015882776,394.4483554874117
Sonora,San Felipe de Jesús,53,Ures,142,Calabaza,2015,2016,29.870299,-110.319858,801.0,688.734832796828,6.8873483279682794,1.460946572022077,11.098010990490245,20.729800000000004,11.17,30.36,28.719500000000004,15.59,39.5,12.7401,5.32,22.72,34.7812,12.78,88.21,25.515300000000003,6.32,31.94,2.7445999999999997,1.28,5.34,48.13999999999999,0.48139999999999994,0.0,14.28,38.512,0.38512,0.0,11.424,15.067837921880802,5.180708107217331,19.00617152492501,0.06989627605229742,7,4,9,0,607.3164691762122,6.073164691762122,0.7304732860110384,9.441338467982485,17.437422523332646,0.17437422523332646,0.0,4.706279686405774,589.8790466528795,5.898790466528795,0.0,9.441338467982485,174.37422523332646,5898.790466528795,6073.164691762122,568.8044691762123,0.02871225038073716,0.9712877496192628,18.9,3.0,3.0,56.7,2415.0,136930.5,9.226149483244786,312.10531568935426,321.33146517259905
Sonora,San Felipe de Jesús,53,Ures,142,Cebolla,2010,2011,29.870299,-110.319858,801.0,567.1333213772451,4.726111011477043,1.095600087808482,8.903920670940156,14.502416666666667,6.955,23.17,22.40675,11.45,32.07,6.598083333333334,-0.15,14.61,42.95841666666666,17.12,88.46,20.30858333333333,5.65,29.9,2.7230833333333333,1.35,7.72,99.96000000000001,0.8330000000000001,0.0,22.81,79.96799999999999,0.6663999999999999,0.0,18.248,11.201972747256077,4.356178702430161,17.684616401522437,0.1762548526636627,14,5,0,29,567.959914291705,4.732999285764208,0.9504605112374028,9.349116704487164,26.1679714901706,0.21806642908475501,0.0,3.08,541.7919428015343,4.514932856679453,0.0,9.349116704487164,261.679714901706,5417.919428015343,5679.599142917049,487.99191429170503,0.04607362391552636,0.9539263760844735,21.5,4.0,4.0,86.0,3300.0,283800.0,12.031251259848553,249.0997438167974,261.13099507664595
Sonora,San Felipe de Jesús,53,Ures,142,Cebolla,2011,2012,29.870299,-110.319858,801.0,1087.875108974573,5.131486363087609,1.696793275173358,10.197809716172292,17.121250000000003,-3.465,28.64,25.434764150943398,1.02,36.24,8.807735849056604,-7.95,21.04,32.58768867924528,9.49,74.69,19.59235849056604,6.94,30.54,2.4921698113207547,1.23,9.18,24.78,0.1168867924528302,0.0,4.79,19.824,0.09350943396226416,0.0,3.8320000000000003,9.988359157277058,4.561055101122152,17.194732260700107,0.022778350010560985,8,0,3,41,1001.3534779332344,4.723365461949219,1.781632938932026,9.087611140429209,17.97062355012224,0.08476709221755774,0.0,3.051318395990764,983.3828543831122,4.638598369731661,0.0,9.087611140429209,0.0,0.0,0.0,981.5294779332345,0.017946333583634327,0.9820536664163657,19.0,4.0,4.0,76.0,3500.0,266000.0,0.0,0.0,0.0
Sonora,San Felipe de Jesús,53,Ures,142,Cebolla,2012,2013,29.870299,-110.319858,801.0,1052.3845173276472,4.94077238181994,1.100183498347905,9.708425549376884,16.591056338028167,3.5450000000000004,28.580000000000002,24.713802816901403,9.21,37.75,8.468309859154928,-2.12,22.71,35.152676056338024,10.0,88.57,19.065915492957746,2.71,30.42,2.494507042253522,0.95,7.26,81.03999999999999,0.3804694835680751,0.0,25.7,64.83200000000001,0.30437558685446015,0.0,20.560000000000002,9.824526240431046,3.1339572257029276,17.637060729676087,0.07700607398309829,11,5,13,50,956.277874072533,4.489567483908606,1.1551926732653004,8.578881697368619,22.42970112678106,0.10530376115859653,0.0,3.5189636565737397,933.8481729457518,4.384263722750008,0.0,8.578881697368619,0.0,0.0,0.0,891.445874072533,0.023455212898797848,0.976544787101202,21.8,6.0,6.0,130.8,3480.0,455184.0,0.0,0.0,0.0
Sonora,San Felipe de Jesús,53,Ures,142,Cebolla,2013,2014,29.870299,-110.319858,801.0,1032.3550412562684,4.869599251208813,1.412484466313874,9.804276992806578,16.98077830188679,2.51,26.880000000000003,24.977216981132077,9.09,35.67,8.98433962264151,-4.97,19.19,34.94759433962264,5.7,87.07,18.819622641509433,4.56,30.91,2.3972169811320754,1.12,5.43,68.87,0.32485849056603777,0.0,17.12,55.096000000000004,0.2598867924528302,0.0,13.696000000000002,9.78210914128367,3.7965175274875023,17.30645666864701,0.06671154520269733,8,6,4,56,941.2367184939335,4.439795841952517,1.4831086896295678,7.588242442778572,19.306284650649363,0.09106738042759134,0.0,2.711785074098702,921.9304338432842,4.348728461524925,0.0,7.588242442778572,0.0,0.0,0.0,886.1407184939335,0.02051161442314025,0.9794883855768598,22.8,6.0,6.0,136.8,2000.0,273600.0,0.0,0.0,0.0
Sonora,San Felipe de Jesús,53,Ures,142,Cebolla,2014,2015,29.870299,-110.319858,801.0,1059.2649104352884,4.9965325963928695,1.272200993657756,10.33189179867023,17.89804245283019,6.59,25.480000000000004,25.85127358490566,9.94,36.14,9.944811320754718,0.51,17.59,34.29608490566038,6.33,88.32,18.557216981132076,5.6,31.35,2.4006603773584905,1.19,5.02,45.05,0.2125,0.0,11.23,36.03999999999999,0.16999999999999996,0.0,8.984,9.618787772146097,4.15752104066296,17.271753783238765,0.04252949338375365,8,4,1,20,972.3266073277942,4.5864462609801615,1.335811043340644,7.748918849002672,16.788997218522397,0.07919338310623772,0.0,3.1071733328261364,955.5376101092718,4.507252877873923,0.0,7.748918849002672,0.0,0.0,0.0,936.2866073277943,0.01726682895643771,0.9827331710435622,18.8,4.0,4.0,75.2,2015.0,151528.0,0.0,0.0,0.0
Sonora,San Felipe de Jesús,53,Ures,142,Cebolla,2015,2016,29.870299,-110.319858,801.0,939.8157476413626,4.43309314925171,1.0038063875160084,9.441338467982485,17.562382075471696,4.905,25.165,24.955754716981136,11.48,34.49,10.169009433962264,-2.68,19.45,46.219292452830196,16.91,90.89,18.147594339622643,3.05,30.31,2.316603773584906,1.06,6.23,149.59,0.7056132075471698,0.0,26.56,119.67200000000001,0.564490566037736,0.0,21.248,9.906628179913678,3.3293069332996996,17.68393781453848,0.1591694971864678,20,10,0,17,864.2175388893162,4.076497824949604,1.0539967068918088,8.001076660865964,46.14819209535656,0.21768015139319133,0.0,3.4037955293288715,818.0693467939597,3.8588176735564135,0.0,8.001076660865964,0.0,0.0,0.0,744.5455388893162,0.053398814556188896,0.9466011854438111,21.3,5.0,5.0,106.5,2060.0,219390.0,0.0,0.0,0.0
Sonora,San Felipe de Jesús,53,Ures,142,Chile verde,2010,2011,29.870299,-110.319858,801.0,1337.9908755787715,7.392214782203157,2.561240756316493,11.244336503108434,23.550552486187843,9.145000000000001,34.17,31.513646408839776,15.56,41.99,15.587458563535913,1.21,26.35,36.77292817679558,9.85,89.68,26.875359116022093,11.68,32.38,2.5543093922651936,0.97,5.89,246.77999999999997,1.3634254143646407,0.0,29.6,197.42399999999995,1.0907403314917123,0.0,23.680000000000003,16.138782068285785,8.728952327582247,19.269912144684483,0.18444071966727796,34,15,66,7,1330.878336543699,7.352918986429277,1.5749125434148434,11.806553328263856,116.03518128172234,0.6410783496227754,0.0,7.3671691936368315,1214.8431552619768,6.711840636806501,0.0,11.798553328263857,1160.3518128172234,12148.431552619768,13308.783365436992,1133.4543365436991,0.08718691866535792,0.9128130813346421,7.2,3.0,3.0,21.6,7300.0,157680.0,161.15997400239215,1687.2821600860789,1848.442134088471
Sonora,San Felipe de Jesús,53,Ures,142,Chile verde,2011,2012,29.870299,-110.319858,801.0,1418.2273136331128,7.835510020072446,3.465611232489911,11.630768546980184,24.647569060773485,11.89,34.894999999999996,32.94801104972376,18.09,43.66,16.347127071823206,3.5,26.89,32.39447513812154,6.37,79.13,27.121049723756904,14.98,32.72,2.5397790055248617,0.75,6.95,203.3,1.1232044198895028,0.0,21.14,162.64000000000001,0.8985635359116023,0.0,16.912000000000003,16.0538904934964,10.67736895637347,19.667802301801903,0.1433479654817821,35,15,63,2,1399.4754464772714,7.731908544073322,2.8587663294723282,12.212306974329193,131.51532899389315,0.7266040275905699,0.0,10.435127176311683,1267.9601174833783,7.005304516482753,0.0,12.212306974329193,1315.1532899389315,12679.601174833784,13994.754464772715,1236.8354464772713,0.0939747312644467,0.9060252687355533,6.5,5.0,5.0,32.5,6700.0,217750.0,202.33127537522023,1950.7078730513515,2153.039148426572
Sonora,San Felipe de Jesús,53,Ures,142,Chile verde,2012,2013,29.870299,-110.319858,801.0,1365.1759317960011,7.542408462961332,2.082636083582605,13.158008945654482,24.256933701657456,9.129999999999999,34.185,32.253591160221,11.83,42.9,16.26027624309392,1.61,25.47,34.21348066298343,6.97,86.3,26.650662983425406,6.64,32.48,2.4507182320441987,0.97,5.05,239.37000000000003,1.322486187845304,0.0,13.21,191.49599999999998,1.057988950276243,0.0,10.568000000000001,15.84527535143515,5.591295183594478,19.09787918597852,0.1753400381774158,46,21,66,9,1349.700300449887,7.456907737292194,1.2495816501495631,13.815909392937206,164.02146422090524,0.9061959349221285,0.0,7.291631112710896,1185.6788362289817,6.550711802370064,0.0,13.815909392937206,1640.2146422090525,11856.788362289817,13497.003004498869,1158.204300449887,0.12152435927163462,0.8784756407283654,6.6,4.0,4.0,26.4,6600.0,174240.0,248.51737003167463,1796.4830851954268,2045.0004552271014
Sonora,San Felipe de Jesús,53,Ures,142,Chile verde,2013,2014,29.870299,-110.319858,801.0,1401.1136002093194,7.74095911717856,3.3434545883907325,11.711581502778374,24.862016574585635,9.97,33.91,32.919392265193366,16.5,45.94,16.804640883977903,3.44,25.71,32.99872928176795,5.7,85.66,26.686243093922656,14.07,32.47,2.552209944751381,0.92,5.43,176.39999999999998,0.9745856353591159,0.0,25.46,141.12,0.7796685082872928,0.0,20.368000000000002,15.872649560388519,8.887065469484373,19.1274200964958,0.12589985563886233,30,11,61,3,1385.11399504662,7.652563508544862,2.1571502913138394,12.297160577917294,107.1946327198672,0.5922355398887691,0.0,7.510329110615443,1277.9193623267527,7.060327968656092,0.0,12.297160577917294,1071.946327198672,12779.193623267527,13851.139950466199,1243.99399504662,0.07739047695945002,0.9226095230405499,7.2,3.0,3.0,21.6,6050.0,130680.0,148.8814343331489,1774.888003231601,1923.76943756475
Sonora,San Felipe de Jesús,53,Ures,142,Chile verde,2014,2015,29.870299,-110.319858,801.0,1356.4073902925477,7.493963482279269,2.9592126979296536,13.645640572415116,24.594143646408835,14.32,35.144999999999996,32.1514364640884,19.91,44.36,17.036850828729282,6.16,25.93,35.748674033149165,6.33,87.21,26.169060773480666,7.64,32.05,2.4339226519337016,0.53,5.12,234.04,1.2930386740331492,0.0,18.65,187.232,1.0344309392265194,0.0,14.92,15.693226792386447,6.615077024814698,18.98044763719165,0.17254403188523076,46,15,52,0,1342.9135460813845,7.4194118568032295,1.7755276187577922,14.327922601035873,148.51627623786882,0.8205319129164024,0.0,6.8958171080805934,1194.397269843516,6.598879943886828,0.0,14.327922601035873,1485.1627623786883,11943.972698435158,13429.135460813846,1155.6815460813846,0.11059258183167385,0.8894074181683264,5.0,2.0,2.0,10.0,7600.0,76000.0,297.03255247573765,2388.794539687032,2685.8270921627695
Sonora,San Felipe de Jesús,53,Ures,142,Chile verde,2015,2016,29.870299,-110.319858,801.0,1244.2146271478227,6.874113962142667,1.460946572022077,11.098010990490245,23.90408839779006,11.17,33.31,31.026298342541438,15.59,43.06,16.781878453038672,5.32,24.79,44.236906077348074,12.78,88.21,25.727292817679558,6.32,32.35,2.3890055248618784,0.87,5.34,292.46,1.6158011049723755,0.0,27.64,175.476,0.9694806629834254,0.0,16.584,15.943716148377607,5.180708107217331,19.861329952836083,0.23505590885908575,46,18,38,0,1235.4849165224541,6.825883516698641,0.8765679432132462,11.652911540014758,126.99246045588441,0.7016158036236708,0.0,6.447595437975786,1108.4924560665697,6.124267713074971,0.0,11.652911540014758,1269.924604558844,11084.924560665697,12354.849165224541,1060.008916522454,0.10278754419222924,0.8972124558077708,6.2,4.0,4.0,24.8,7725.0,191580.0,204.8265491223942,1787.8910581718865,1992.7176072942807
Sonora,San Felipe de Jesús,53,Ures,142,Chile verde,2016,2017,29.870299,-110.319858,801.0,1346.446070705258,7.438928567432365,2.317482896184993,12.931879928849183,24.519309392265196,8.595,34.51,32.497182320441986,12.64,45.16,16.5414364640884,4.21,25.68,36.05259668508287,8.75,84.15,26.780773480662983,10.7,32.57,2.39292817679558,0.88,4.11,198.57999999999998,1.0971270718232042,0.0,14.63,158.864,0.8777016574585635,0.0,11.704,16.131883227772352,7.789562438973956,18.997772883061707,0.14748455531975768,37,16,54,2,1328.990723682843,7.342490186093055,1.3904897377109957,13.578473925291643,124.29562835878482,0.6867161787778168,0.0,6.885145394262703,1204.695095324058,6.655774007315237,0.0,13.578473925291643,1242.9562835878482,12046.95095324058,13289.907236828427,1170.126723682843,0.09352633253476896,0.9064736674652308,6.25,3.0,3.0,18.75,7800.0,146250.0,198.8730053740557,1927.5121525184927,2126.3851578925482
Sonora,San Felipe de Jesús,53,Ures,142,Chile verde,2017,2018,29.870299,-110.319858,801.0,1347.5692996250564,7.445134252072135,2.741565666866421,11.491042720881302,25.11480662983426,14.415,35.129999999999995,32.94093922651934,19.36,45.76,17.28867403314917,5.84,26.4,36.85563535911603,5.56,88.39,26.582320441988948,10.77,32.59,2.3074585635359113,0.82,4.87,227.46,1.2566850828729281,0.0,19.78,181.968,1.0053480662983425,0.0,15.824000000000002,15.911762717430538,8.217758880670933,19.09706565755012,0.16879280350427084,39,16,58,0,1329.285788106472,7.344120376278851,2.687380100009142,12.065594856925367,136.72700179976746,0.7553977999987153,0.0,6.34742516104583,1192.5587863067044,6.5887225762801345,0.0,12.065594856925367,1367.2700179976746,11925.587863067045,13292.85788106472,1147.3177881064719,0.10285749161174063,0.8971425083882593,6.0,2.5,2.5,15.0,8420.0,126300.0,227.87833633294576,1987.597977177841,2215.476313510787
Sonora,San Felipe de Jesús,53,Ures,142,Chile verde,2018,2019,29.870299,-110.319858,801.0,1355.145307036627,7.486990646611199,2.943485004315274,11.344319116810617,25.100055248618787,12.829999999999998,33.760000000000005,32.70502762430939,20.48,43.51,17.495082872928176,1.67,26.46,36.23403314917126,6.78,82.1,26.094475138121545,7.59,32.56,2.3610497237569064,0.84,4.63,264.19999999999993,1.4596685082872924,0.0,21.4,158.51999999999998,0.8758011049723756,0.0,12.839999999999998,15.68066653825555,6.4064931229545445,19.524529509593467,0.19496064269132957,38,16,67,1,1345.7378091739224,7.435015520297914,2.723467770037913,11.911535072651148,115.26157414345877,0.6368042770356839,0.0,8.314246282623483,1230.4762350304636,6.79821124326223,0.0,11.911535072651148,1152.6157414345878,12304.762350304636,13457.378091739223,1187.2178091739224,0.08564935409982409,0.9143506459001759,6.22,2.0,2.0,12.44,11450.0,142438.0,185.30799701520704,1978.2576125891699,2163.5656096043767
Sonora,San Felipe de Jesús,53,Ures,142,Chile verde,2019,2020,29.870299,-110.319858,801.0,1311.4632168969752,7.245653132027487,2.0478608066478072,11.425675412330065,24.110331491712703,10.535,34.714999999999996,31.664972375690606,13.78,42.95,16.555690607734807,3.46,26.52,38.47220994475138,12.08,83.97,26.26906077348066,4.35,32.63,2.4189502762430943,0.96,4.33,217.89,1.2038121546961325,0.0,30.86,174.31199999999998,0.963049723756906,0.0,24.688000000000002,15.989075578348091,4.422508271583547,19.158347384502903,0.16614266964768162,29,13,53,2,1309.4697596500475,7.234639556077611,1.2287164839886844,11.996959182946568,99.74652550589633,0.5510857762756703,0.0,6.931435802885316,1209.7232341441513,6.683553779801941,0.0,11.996959182946568,997.4652550589633,12097.232341441513,13094.697596500477,1135.1577596500476,0.07617321803029138,0.9238267819697087,7.2,1.5,1.5,10.8,9250.0,99900.0,138.53684098041157,1680.1711585335433,1818.707999513955
Sonora,San Felipe de Jesús,53,Ures,142,Chile verde,2020,2021,29.870299,-110.319858,801.0,1332.8653405248863,7.363896908977273,1.2036839993248412,11.240270493616421,24.92886740331492,9.26,34.269999999999996,32.72994475138122,13.4,43.19,17.127790055248617,2.34,25.37,39.36331491712707,11.38,86.0,26.27088397790055,3.44,32.73,2.381988950276243,0.86,4.41,216.07000000000002,1.193756906077348,0.0,31.08,172.85600000000005,0.9550055248618787,0.0,24.864,16.09001944204391,3.8436551261625063,19.302489933533565,0.1621093995248695,38,12,87,5,1343.653042926654,7.423497474732895,0.7222103995949046,11.802284018297243,108.5992976650141,0.5999961196962106,0.0,7.242833563144619,1235.05374526164,6.823501355036685,0.0,11.802284018297243,1085.9929766501411,12350.5374526164,13436.53042926654,1170.797042926654,0.08082391376011062,0.9191760862398893,6.67,3.0,3.0,20.0,12500.0,250000.0,162.81753772865684,1851.6547904972113,2014.472328225868
Sonora,San Felipe de Jesús,53,Ures,142,Chile verde,2021,2022,29.870299,-110.319858,801.0,1330.1047684214564,7.348645129400311,2.49189764882872,11.990431970612532,24.376491712707185,8.945,33.76,32.018066298342546,15.67,43.97,16.734917127071824,-0.45,24.52,37.72950276243095,6.58,82.35,26.238232044198895,9.83,32.41,2.4529281767955804,0.75,5.47,231.05,1.2765193370165746,0.0,29.95,184.84,1.0212154696132596,0.0,23.96,15.804972302308217,7.6582325067373755,19.176882044629988,0.17370812095817525,44,11,48,10,1316.43580116006,7.27312597326,2.0880118573396986,12.589953569143159,127.96203103061106,0.7069725471304479,0.0,5.838222977176078,1188.4737701294491,6.566153426129553,0.0,12.589953569143159,1279.6203103061107,11884.73770129449,13164.358011600601,1131.59580116006,0.0972033964116209,0.9027966035883792,7.67,3.0,3.0,23.01,12950.0,297979.5,166.8344602745907,1549.5094786563873,1716.3439389309779
Sonora,San Felipe de Jesús,53,Ures,142,Chile verde,2022,2023,29.870299,-110.319858,801.0,1301.636035505101,7.191359312182879,1.7468801483484713,11.971434906184435,24.354060773480658,11.915000000000001,32.7,32.039060773480664,20.68,42.81,16.669060773480663,2.37,25.22,38.755138121546956,3.41,92.85,26.03972375690608,7.09,32.26,2.2864088397790057,0.69,4.81,472.27000000000004,2.609226519337017,0.0,55.95,283.36199999999997,1.5655359116022098,0.0,33.57,15.630762691209057,5.874772275751514,19.20578418326246,0.36282800039162655,58,26,55,7,1282.8245941169462,7.087428696778709,1.834224155765895,12.570006651493657,167.31185457457897,0.92437488715237,0.0,7.320327563336676,1115.5127395423674,6.163053809626339,0.0,12.570006651493657,1673.1185457457898,11155.127395423675,12828.245941169465,999.4625941169462,0.13042457662713497,0.8695754233728652,8.0,2.0,2.0,16.0,10885.0,174160.0,209.13981821822372,1394.3909244279594,1603.5307426461832
Sonora,San Felipe de Jesús,53,Ures,142,Chile verde,2023,2024,29.870299,-110.319858,801.0,1418.198360836845,7.835350059872072,3.0603820748212427,12.156953916888982,25.30477900552486,7.08,35.370000000000005,33.65685082872928,13.95,45.09,16.95270718232044,0.21,26.95,30.88049723756906,8.13,80.39,26.65917127071823,8.92,32.04,2.528342541436464,1.05,4.81,107.65,0.5947513812154697,0.0,9.0,86.12,0.4758011049723757,0.0,7.2,15.914440151694556,6.998819362122684,18.98545140341272,0.0759061658599565,31,6,78,8,1418.6711508065555,7.83796215915224,1.8865994986447059,12.764801612733432,80.94746190930903,0.44722354646027085,0.0,6.366531443614072,1337.7236888972461,7.390738612691967,0.0,12.764801612733432,809.4746190930903,13377.23688897246,14186.711508065551,1332.5511508065556,0.05705865088134629,0.9429413491186535,8.67,3.0,3.0,26.01,10650.0,277006.5,93.36500796921456,1542.9338972286575,1636.298905197872
Sonora,San Felipe de Jesús,53,Ures,142,Hortalizas,2010,2011,29.870299,-110.319858,801.0,111.14781130166173,3.2690532735782862,1.095600087808482,5.073917516480131,12.66014705882353,7.455,16.32,19.51411764705883,11.45,25.52,5.806176470588236,-0.15,10.22,46.59323529411765,20.34,88.46,13.276176470588235,5.65,17.42,2.7694117647058825,1.42,7.72,76.88,2.2611764705882353,0.0,22.81,61.504000000000005,1.8089411764705883,0.0,18.248,6.508354956601831,4.356178702430161,8.812998601277286,0.6916915331003967,8,4,0,9,84.85877670208144,2.4958463735906307,0.9504605112374028,3.6324668397648523,10.098793055893372,0.29702332517333446,0.0,2.05550610642355,74.75998364618809,2.198823048417297,0.0,3.6324668397648523,100.98793055893373,747.5998364618808,848.5877670208146,23.354776702081438,0.11900705440696821,0.880992945593032,20.0,2.0,2.0,40.0,3800.0,152000.0,5.049396527946686,37.379991823094045,42.42938835104073
Sonora,San Felipe de Jesús,53,Ures,142,Pepino,2010,2011,29.870299,-110.319858,801.0,784.1668853377043,7.3978008050726825,2.561240756316493,11.244336503108434,28.149764150943398,21.82,34.17,34.925377358490564,23.86,41.99,21.374150943396224,13.5,26.35,46.36962264150944,9.85,89.68,26.131981132075474,11.68,32.23,2.1614150943396226,0.97,5.21,251.19999999999996,2.3698113207547165,0.0,29.6,150.72,1.4218867924528302,0.0,17.76,16.525242242027605,8.768708991968808,19.269912144684483,0.32033997443263595,35,15,60,0,685.2964835108926,6.4650611651971,2.561240756316493,11.244336503108434,100.08220788506551,0.944171772500618,0.0,7.016351612987458,585.2142756258271,5.520889392696482,0.0,11.238336503108433,1000.8220788506551,5852.142756258271,6852.964835108926,534.5764835108926,0.14604220259868697,0.8539577974013131,25.0,2.0,2.0,50.0,4000.0,200000.0,40.0328831540262,234.08571025033086,274.11859340435706
Sonora,San Felipe de Jesús,53,Ures,142,Pepino,2011,2012,29.870299,-110.319858,801.0,797.3852944120478,7.522502777472148,3.465611232489911,11.630768546980184,28.54872641509434,22.955,34.894999999999996,35.5516037735849,25.5,43.66,21.545849056603778,15.41,26.89,44.996415094339625,8.47,79.13,25.967735849056602,14.98,32.72,2.119150943396227,0.75,3.91,229.97000000000003,2.1695283018867926,0.0,21.14,183.97600000000003,1.7356226415094342,0.0,16.912000000000003,16.4226619994543,10.67736895637347,19.667802301801903,0.2884051180923376,41,17,62,0,688.5085727464932,6.495363893834842,3.465611232489911,10.62502677878771,145.4019198098507,1.371716224621233,0.0,9.93821635839208,543.1066529366426,5.123647669213609,0.0,10.62502677878771,1454.019198098507,5431.066529366426,6885.085727464933,504.5325727464932,0.21118389162510437,0.7888161083748958,19.8,3.0,3.0,59.4,3000.0,178200.0,73.43531303527813,274.2962893619407,347.7316023972188
Sonora,San Felipe de Jesús,53,Ures,142,Pepino,2012,2013,29.870299,-110.319858,801.0,723.447666503808,6.824977985884981,3.214546823434826,13.158008945654482,27.372971698113208,22.555,34.185,33.651226415094335,25.05,42.9,21.09471698113207,15.9,25.47,52.35754716981132,9.75,86.85,24.992358490566037,13.32,31.99,1.9549999999999998,0.97,4.1,324.77000000000004,3.063867924528302,0.0,15.04,194.862,1.838320754716981,0.0,9.024,16.046715395455998,9.820741826763845,18.902686299238063,0.44891982521625917,58,26,51,0,622.82653515781,5.87572202979066,2.5491139690973643,9.471241383633588,159.31978074962876,1.5030167995247996,0.0,6.944410583534187,463.50675440818134,4.372705230265861,0.0,9.309241383633587,1593.1978074962876,4635.067544081813,6228.2653515781,427.96453515781,0.2558012090946973,0.7441987909053029,24.0,3.0,3.0,72.0,3400.0,244800.0,66.38324197901198,193.1278143367422,259.5110563157542
Sonora,San Felipe de Jesús,53,Ures,142,Pepino,2013,2014,29.870299,-110.319858,801.0,783.6795544092814,7.393203343483787,2.586907501390914,11.141665660304746,28.543773584905658,23.065,33.91,35.43254716981132,25.37,45.94,21.654999999999998,17.49,25.71,45.45320754716981,9.93,85.66,25.302924528301887,9.48,32.47,2.1404716981132075,0.92,3.37,240.59,2.2697169811320754,0.0,25.46,192.472,1.8157735849056604,0.0,20.368000000000002,16.023497484824297,7.199898379128753,18.55316921212257,0.3070004808041099,39,17,60,0,678.9395379846217,6.405089980986997,1.9401806260431855,10.925448891717886,131.20020367256927,1.2377377704959365,0.0,7.176000000000001,547.7393343120525,5.167352210491061,0.0,10.925448891717886,1312.0020367256927,5477.393343120525,6789.395379846218,486.4675379846217,0.19324283876886403,0.8067571612311362,21.8,2.0,2.0,43.6,3280.0,143008.0,60.18357966631618,251.25657537250115,311.44015503881735
Sonora,San Felipe de Jesús,53,Ures,142,Pepino,2015,2016,29.870299,-110.319858,801.0,704.8367532773625,6.649403332805306,2.258615190931858,11.098010990490245,27.61655660377358,22.875,33.31,33.59028301886793,24.97,43.06,21.642830188679245,16.76,24.79,55.79150943396226,12.78,86.08,24.713584905660376,7.04,32.35,1.9540566037735847,0.78,3.79,291.66,2.7515094339622643,0.0,27.64,174.996,1.6509056603773586,0.0,16.584,16.160103154819677,5.814900064311256,19.861329952836083,0.41379794490544675,47,19,36,0,612.1440182293078,5.774943568201017,1.6939613931988937,10.464244969505259,130.27017306891275,1.2289638968765355,0.0,6.140567083786463,481.87384516039515,4.545979671324482,0.0,9.290917250568835,1302.7017306891275,4818.738451603951,6121.440182293079,437.1480182293078,0.21280968071162926,0.7871903192883709,25.08,3.0,3.0,75.25,3200.0,240800.0,51.941855290635075,192.13470700175245,244.0765622923875
Sonora,San Felipe de Jesús,53,Ures,142,Avena forrajera en verde,2010,2011,29.870299,-110.319858,801.0,389.8226111092211,4.147049054353416,1.095600087808482,8.72783778568401,13.298670212765954,6.955,20.175,20.95691489361702,11.45,31.17,5.640425531914894,-0.15,10.94,46.149680851063835,20.34,88.46,18.675319148936172,5.65,27.59,2.6888297872340425,1.35,7.72,95.71000000000001,1.0181914893617021,0.0,22.81,76.568,0.8145531914893617,0.0,18.248,10.04747223673786,4.356178702430161,16.098263016290588,0.24552193041768897,13,5,0,29,381.4372536863413,4.05784312432278,0.4073402191017441,10.037013453536611,23.243661767457148,0.24727299752613988,0.0,3.01858237487845,358.1935919188842,3.81057012679664,0.0,10.037013453536611,232.4366176745715,3581.9359191888416,3814.372536863413,304.8692536863413,0.060937052012676726,0.9390629479873234,40.0,36.0,36.0,1440.0,499.5,719280.0,5.810915441864287,89.54839797972105,95.35931342158533
Sonora,San Felipe de Jesús,53,Ures,142,Avena forrajera en verde,2011,2012,29.870299,-110.319858,801.0,740.4289326339003,4.71610785117134,1.696793275173358,8.654867752789722,15.5528025477707,-3.465,24.785,23.90528662420382,1.02,34.68,7.200318471337582,-7.95,15.01,30.756751592356686,9.49,73.83,18.216687898089173,6.94,26.9,2.488853503184713,1.25,9.18,8.5,0.054140127388535034,0.0,3.91,6.800000000000001,0.04331210191082803,0.0,3.128,8.807969388662189,4.561055101122152,15.043417974289541,0.01147983233146126,2,0,0,40,675.9924420857157,4.305684344495004,1.0695402471048168,7.564600209031439,5.484174165191748,0.034931045638164,0.0,2.476861898742386,670.508267920524,4.270753298856841,0.0,7.564600209031439,0.0,0.0,0.0,669.1924420857157,0.008112774379948402,0.9918872256200517,33.2,40.0,40.0,1328.0,375.0,498000.0,0.0,0.0,0.0
Sonora,San Felipe de Jesús,53,Ures,142,Avena forrajera en verde,2012,2013,29.870299,-110.319858,801.0,670.7447956380308,4.245220225557158,1.100183498347905,8.170363521303447,14.33363924050633,3.5450000000000004,24.174999999999997,22.26449367088608,9.21,33.19,6.402784810126583,-2.12,16.48,38.68664556962026,11.57,88.57,17.348987341772155,2.71,28.61,2.524493670886076,0.95,7.26,80.43,0.5090506329113924,0.0,25.7,64.34400000000001,0.40724050632911396,0.0,20.560000000000002,8.713906635144122,3.1339572257029276,15.519504395932469,0.11991147828958224,11,5,0,49,617.7899862170518,3.9100632039053913,0.45692205244385875,7.353327169173102,20.216449930884405,0.12795221475243293,0.0,3.854103052437905,597.5735362861674,3.782110989152958,0.0,7.353327169173102,0.0,0.0,0.0,553.4459862170518,0.032723822628911374,0.9672761773710886,41.8,45.0,45.0,1881.0,402.82,757704.42,0.0,0.0,0.0
Sonora,San Felipe de Jesús,53,Ures,142,Avena forrajera en verde,2013,2014,29.870299,-110.319858,801.0,676.8359420816425,4.311056955934029,1.412484466313874,7.952422304357808,15.287898089171973,2.51,24.575,23.133757961783438,9.09,34.03,7.44203821656051,-4.97,19.09,35.96987261146497,12.16,87.07,17.05,4.56,27.99,2.378216560509554,1.16,5.29,67.62,0.4307006369426752,0.0,17.12,54.096000000000004,0.34456050955414014,0.0,13.696000000000002,8.566296677515417,3.7965175274875023,15.195212217233287,0.09990604191620105,8,6,0,56,616.6777405992278,3.9278836980842535,0.9118931892276256,7.157180073922027,19.033554359728228,0.1212328303167403,0.0,2.970050319250959,597.6441862394995,3.806650867767513,0.0,7.157180073922027,0.0,0.0,0.0,562.5817405992278,0.030864669026699845,0.9691353309733,41.8,45.0,45.0,1881.0,382.0,718542.0,0.0,0.0,0.0
Sonora,San Felipe de Jesús,53,Ures,142,Avena forrajera en verde,2014,2015,29.870299,-110.319858,801.0,701.4990391638632,4.468146746266645,1.272200993657756,7.9500514571096055,16.615222929936305,6.59,24.765,24.362611464968154,9.94,33.31,8.867834394904458,0.51,17.19,36.409745222929935,10.61,88.32,16.9887898089172,5.6,27.85,2.4056050955414015,1.19,5.02,43.45,0.2767515923566879,0.0,11.23,34.76,0.2214012738853503,0.0,8.984,8.554005061875518,4.15752104066296,15.601708337848198,0.06193878761657222,8,4,0,20,649.079819224941,4.13426636449007,0.69450277189823,7.284034485812422,14.493330887225948,0.09231420947277674,0.0,2.6632914281366884,634.5864883377151,4.041952155017293,0.0,7.284034485812422,0.0,0.0,0.0,614.319819224941,0.022329042527515757,0.9776709574724842,41.6,40.0,40.0,1664.0,376.4,626329.6,0.0,0.0,0.0
Sonora,San Felipe de Jesús,53,Ures,142,Avena forrajera en verde,2015,2016,29.870299,-110.319858,801.0,628.3402003692981,4.0021668813331095,1.0038063875160084,7.620073010348537,16.2965923566879,4.905,24.270000000000003,23.60337579617834,11.48,34.49,8.989808917197452,-2.68,17.01,46.60777070063694,21.76,90.89,16.414331210191083,3.05,26.78,2.3777070063694272,1.12,6.23,120.36000000000001,0.7666242038216562,0.0,26.56,96.288,0.6132993630573248,0.0,21.248,8.6588396940993,3.3293069332996996,15.518508352932766,0.191552283188725,14,8,0,17,581.9606956050867,3.7067560229623355,0.8120809796495487,7.343121365896114,31.37431785627999,0.19983641946675154,0.0,2.9871446863789126,550.5863777488067,3.5069196034955845,0.0,7.343121365896114,0.0,0.0,0.0,485.6726956050867,0.053911403455965214,0.9460885965440349,43.8,60.0,60.0,2628.0,367.81,966604.68,0.0,0.0,0.0
Sonora,San Felipe de Jesús,53,Ures,142,Avena forrajera en verde,2016,2017,29.870299,-110.319858,801.0,708.0276747226898,4.481187814700568,1.4210036461756677,8.220994419809806,15.661993670886078,4.365,22.655,23.81721518987342,9.95,33.04,7.506772151898735,-2.38,14.65,36.43101265822785,12.24,84.44,17.58740506329114,4.6,28.16,2.4375949367088605,0.96,5.2,68.12,0.4311392405063291,0.0,11.12,54.496,0.3449113924050633,0.0,8.895999999999999,8.770568130692697,3.957008145753345,15.153090921324047,0.09621092851586667,16,7,0,39,657.3675216253645,4.16055393433775,0.5336952874772041,7.398894977828825,25.63740761056786,0.1622620734846067,0.0,2.656384545504146,631.7301140147966,3.9982918608531435,0.0,7.398894977828825,0.0,0.0,0.0,602.8715216253645,0.03900011297664731,0.9609998870233527,43.6,75.0,75.0,3270.0,390.31,1276313.7,0.0,0.0,0.0
Sonora,San Felipe de Jesús,53,Ures,142,Avena forrajera en verde,2017,2018,29.870299,-110.319858,801.0,671.0254087671185,4.2740471895994805,1.1754702402077366,8.09610662018796,16.76761146496815,7.62,26.45,24.30554140127388,11.39,34.72,9.22968152866242,0.59,18.21,42.311401273885345,17.2,89.64,16.935095541401274,3.27,27.76,2.3754777070063695,1.26,6.68,99.95,0.6366242038216561,0.0,18.44,79.96000000000001,0.5092993630573249,0.0,14.752000000000002,8.761853033530457,3.3857556348420044,15.738695134738876,0.1489511405889072,12,6,0,24,604.7924992520801,3.8521815238985995,1.157397820938246,7.286495958169165,23.040227512014702,0.14675304147780066,0.0,3.182580486096687,581.7522717400655,3.7054284824207993,0.0,7.286495958169165,0.0,0.0,0.0,524.8324992520801,0.03809608674133281,0.9619039132586672,44.1,77.0,77.0,3395.7,385.16,1307887.81,0.0,0.0,0.0
Sonora,San Felipe de Jesús,53,Ures,142,Avena forrajera en verde,2018,2019,29.870299,-110.319858,801.0,711.2843725053742,4.530473710225314,1.038008852224429,7.800643846629382,17.80085987261146,8.17,25.44,25.460063694267514,11.73,34.73,10.141656050955413,-0.48,18.34,35.123057324840765,14.01,90.14,16.6159872611465,4.44,27.88,2.331146496815286,1.07,5.64,67.84,0.4321019108280255,0.0,21.98,54.272,0.34568152866242036,0.0,17.584,8.371234155644064,3.760533754838276,15.36649048978468,0.09537676156309399,10,4,0,18,662.3268111236093,4.218642109067575,1.138897319236903,8.746368480765906,16.307500061381923,0.10386942714256002,0.0,2.0936086169874337,646.0193110622274,4.114772681925015,0.0,8.746368480765906,0.0,0.0,0.0,608.0548111236093,0.024621530923256665,0.9753784690767433,43.15,77.0,77.0,3322.5,416.14,1382625.15,0.0,0.0,0.0
Sonora,San Felipe de Jesús,53,Ures,142,Avena forrajera en verde,2019,2020,29.870299,-110.319858,801.0,588.7498085197818,3.7499987803807757,0.8888809968925199,7.676452926138645,14.623789808917197,4.535,21.715,21.88127388535032,7.79,30.94,7.366305732484077,-2.72,15.72,46.22350318471338,24.19,90.08,16.07910828025478,2.93,27.08,2.2862420382165602,0.99,7.34,103.82,0.6612738853503184,0.0,30.86,83.05600000000001,0.5290191082802549,0.0,24.688000000000002,8.502710979006396,3.285333997682698,15.560627259930438,0.17633976011138128,14,3,0,38,539.447969090945,3.4359743254200317,0.7929564934723867,6.908807633524781,28.069236057417285,0.17878494304087442,0.0,2.272,511.3787330335276,3.2571893823791567,0.0,6.908807633524781,0.0,0.0,0.0,456.39196909094494,0.052033259305282735,0.9479667406947171,43.12,80.0,80.0,3449.6,429.21,1480602.82,0.0,0.0,0.0
Sonora,San Felipe de Jesús,53,Ures,142,Avena forrajera en verde,2020,2021,29.870299,-110.319858,801.0,517.1920301950344,3.273367279715407,0.7213459276722826,6.56051377497201,14.327784810126582,3.925,22.645000000000003,21.17075949367089,10.64,30.06,7.4848101265822775,-3.74,17.28,56.00227848101266,27.15,94.45,15.4026582278481,2.18,27.53,2.249240506329114,0.95,6.72,317.04999999999995,2.006645569620253,0.0,87.6,190.23,1.2039873417721518,0.0,52.559999999999995,8.436096507697403,2.8741724427554223,15.88849028698618,0.6130218206967335,25,16,0,43,466.0736353920033,2.949833135392426,0.7875395381598461,5.904462397474809,36.78906744353827,0.2328421990097359,0.0,2.658,429.28456794846505,2.71699093638269,0.0,5.904462397474809,0.0,0.0,0.0,275.8436353920033,0.07893402383208369,0.9210659761679163,40.4,66.0,66.0,2666.4,423.0,1127887.2,0.0,0.0,0.0
Sonora,San Felipe de Jesús,53,Ures,142,Avena forrajera en verde,2021,2022,29.870299,-110.319858,801.0,735.4433423265376,4.684352498895144,1.4720599738375704,9.853473008772811,15.78936305732484,4.245,27.485,24.001847133757963,8.27,36.77,7.57687898089172,-0.9,19.33,31.697770700636937,12.04,84.65,17.611656050955414,5.16,27.75,2.5471337579617837,1.15,6.02,62.49,0.39802547770700636,0.0,22.22,49.992000000000004,0.31842038216560514,0.0,17.776,8.570249462372606,4.153009010337947,15.366513473536166,0.08496915588672822,8,3,2,45,676.958214783688,4.311835762953427,0.9018282619523006,8.86812570789553,15.960570291895728,0.10165968338787087,0.0,2.2145806871605034,660.9976444917924,4.2101760795655565,0.0,8.86812570789553,0.0,0.0,0.0,626.9662147836881,0.023576891369869395,0.9764231086301307,41.22,74.0,74.0,3050.28,546.26,1666245.95,0.0,0.0,0.0
Sonora,San Felipe de Jesús,53,Ures,142,Avena forrajera en verde,2022,2023,29.870299,-110.319858,801.0,680.7130973488986,4.335752212413367,1.35075957470866,8.30491729486495,15.98984076433121,5.390000000000001,24.165,23.910573248407644,13.24,34.21,8.069108280254778,-3.28,16.12,37.15133757961784,8.88,87.44,17.361337579617835,5.5,27.35,2.3404458598726112,1.17,6.02,72.94,0.46458598726114647,0.0,38.22,58.35200000000001,0.37166878980891727,0.0,30.576,8.735243590419582,4.097220433541631,15.530841083757942,0.10715233816430404,6,4,0,32,615.4799095750902,3.9202542011152244,0.9602517148676093,7.474425565378455,15.224518886002574,0.09697145787262786,0.0,3.0182719000328735,600.2553906890877,3.8232827432425966,0.0,7.474425565378455,0.0,0.0,0.0,557.1279095750903,0.024736012742500642,0.9752639872574994,45.31,80.0,80.0,3625.0,667.33,2419071.25,0.0,0.0,0.0
Sonora,San Felipe de Jesús,53,Ures,142,Avena forrajera en verde,2023,2024,29.870299,-110.319858,801.0,594.489401702652,3.7865566987430066,1.1662168473581316,8.139512295185897,13.88917197452229,5.225,20.395,21.447770700636944,11.35,30.78,6.330573248407643,-2.83,14.99,44.56121019108281,17.6,86.54,16.5143949044586,2.41,28.75,2.3824840764331205,1.19,5.54,64.32,0.40968152866242036,0.0,11.12,51.456,0.32774522292993635,0.0,8.895999999999999,8.583187580158643,3.2542628522383623,16.1449748311201,0.10819368657504036,13,5,0,53,550.786386930748,3.508193547329605,0.7548837556005005,7.325561065667308,23.215400944903575,0.1478687958274113,0.0,2.2214575261745315,527.5709859858443,3.3603247515021932,0.0,7.325561065667308,0.0,0.0,0.0,499.330386930748,0.04214955470172598,0.9578504452982739,44.3,88.0,88.0,3898.4,670.02,2612005.97,0.0,0.0,0.0
Sonora,San Felipe de Jesús,53,Ures,142,Cebada forrajera en verde,2010,2011,29.870299,-110.319858,801.0,389.8226111092211,4.147049054353416,1.095600087808482,8.72783778568401,13.298670212765954,6.955,20.175,20.95691489361702,11.45,31.17,5.640425531914894,-0.15,10.94,46.149680851063835,20.34,88.46,18.675319148936172,5.65,27.59,2.6888297872340425,1.35,7.72,95.71000000000001,1.0181914893617021,0.0,22.81,76.568,0.8145531914893617,0.0,18.248,10.04747223673786,4.356178702430161,16.098263016290588,0.24552193041768897,13,5,0,29,381.4372536863413,4.05784312432278,0.4073402191017441,10.037013453536611,23.243661767457148,0.24727299752613988,0.0,3.01858237487845,358.1935919188842,3.81057012679664,0.0,10.037013453536611,232.4366176745715,3581.9359191888416,3814.372536863413,304.8692536863413,0.060937052012676726,0.9390629479873234,37.2,65.0,65.0,2418.0,500.0,1209000.0,6.248296174047621,96.28859997819465,102.53689615224228
Sonora,San Felipe de Jesús,53,Ures,142,Cebada forrajera en verde,2011,2012,29.870299,-110.319858,801.0,740.4289326339003,4.71610785117134,1.696793275173358,8.654867752789722,15.5528025477707,-3.465,24.785,23.90528662420382,1.02,34.68,7.200318471337582,-7.95,15.01,30.756751592356686,9.49,73.83,18.216687898089173,6.94,26.9,2.488853503184713,1.25,9.18,8.5,0.054140127388535034,0.0,3.91,6.800000000000001,0.04331210191082803,0.0,3.128,8.807969388662189,4.561055101122152,15.043417974289541,0.01147983233146126,2,0,0,40,675.9924420857157,4.305684344495004,1.0695402471048168,7.564600209031439,5.484174165191748,0.034931045638164,0.0,2.476861898742386,670.508267920524,4.270753298856841,0.0,7.564600209031439,0.0,0.0,0.0,669.1924420857157,0.008112774379948402,0.9918872256200517,31.4,55.0,55.0,1727.0,376.0,649352.0,0.0,0.0,0.0
Sonora,San Felipe de Jesús,53,Ures,142,Cebada forrajera en verde,2012,2013,29.870299,-110.319858,801.0,670.7447956380308,4.245220225557158,1.100183498347905,8.170363521303447,14.33363924050633,3.5450000000000004,24.174999999999997,22.26449367088608,9.21,33.19,6.402784810126583,-2.12,16.48,38.68664556962026,11.57,88.57,17.348987341772155,2.71,28.61,2.524493670886076,0.95,7.26,80.43,0.5090506329113924,0.0,25.7,64.34400000000001,0.40724050632911396,0.0,20.560000000000002,8.713906635144122,3.1339572257029276,15.519504395932469,0.11991147828958224,11,5,0,49,617.7899862170518,3.9100632039053913,0.45692205244385875,7.353327169173102,20.216449930884405,0.12795221475243293,0.0,3.854103052437905,597.5735362861674,3.782110989152958,0.0,7.353327169173102,0.0,0.0,0.0,553.4459862170518,0.032723822628911374,0.9672761773710886,37.8,77.0,77.0,2910.6,420.0,1222452.0,0.0,0.0,0.0
Sonora,San Felipe de Jesús,53,Ures,142,Cebada forrajera en verde,2013,2014,29.870299,-110.319858,801.0,676.8359420816425,4.311056955934029,1.412484466313874,7.952422304357808,15.287898089171973,2.51,24.575,23.133757961783438,9.09,34.03,7.44203821656051,-4.97,19.09,35.96987261146497,12.16,87.07,17.05,4.56,27.99,2.378216560509554,1.16,5.29,67.62,0.4307006369426752,0.0,17.12,54.096000000000004,0.34456050955414014,0.0,13.696000000000002,8.566296677515417,3.7965175274875023,15.195212217233287,0.09990604191620105,8,6,0,56,616.6777405992278,3.9278836980842535,0.9118931892276256,7.157180073922027,19.033554359728228,0.1212328303167403,0.0,2.970050319250959,597.6441862394995,3.806650867767513,0.0,7.157180073922027,0.0,0.0,0.0,562.5817405992278,0.030864669026699845,0.9691353309733,37.7,74.0,74.0,2789.8,394.0,1099181.2,0.0,0.0,0.0
Sonora,San Felipe de Jesús,53,Ures,142,Cebada forrajera en verde,2014,2015,29.870299,-110.319858,801.0,701.4990391638632,4.468146746266645,1.272200993657756,7.9500514571096055,16.615222929936305,6.59,24.765,24.362611464968154,9.94,33.31,8.867834394904458,0.51,17.19,36.409745222929935,10.61,88.32,16.9887898089172,5.6,27.85,2.4056050955414015,1.19,5.02,43.45,0.2767515923566879,0.0,11.23,34.76,0.2214012738853503,0.0,8.984,8.554005061875518,4.15752104066296,15.601708337848198,0.06193878761657222,8,4,0,20,649.079819224941,4.13426636449007,0.69450277189823,7.284034485812422,14.493330887225948,0.09231420947277674,0.0,2.6632914281366884,634.5864883377151,4.041952155017293,0.0,7.284034485812422,0.0,0.0,0.0,614.319819224941,0.022329042527515757,0.9776709574724842,37.6,50.0,50.0,1880.0,380.08,714550.4,0.0,0.0,0.0
Sonora,San Felipe de Jesús,53,Ures,142,Cebada forrajera en verde,2015,2016,29.870299,-110.319858,801.0,628.3402003692981,4.0021668813331095,1.0038063875160084,7.620073010348537,16.2965923566879,4.905,24.270000000000003,23.60337579617834,11.48,34.49,8.989808917197452,-2.68,17.01,46.60777070063694,21.76,90.89,16.414331210191083,3.05,26.78,2.3777070063694272,1.12,6.23,120.36000000000001,0.7666242038216562,0.0,26.56,96.288,0.6132993630573248,0.0,21.248,8.6588396940993,3.3293069332996996,15.518508352932766,0.191552283188725,14,8,0,17,581.9606956050867,3.7067560229623355,0.8120809796495487,7.343121365896114,31.37431785627999,0.19983641946675154,0.0,2.9871446863789126,550.5863777488067,3.5069196034955845,0.0,7.343121365896114,0.0,0.0,0.0,485.6726956050867,0.053911403455965214,0.9460885965440349,39.2,54.0,54.0,2116.8,376.81,797631.41,0.0,0.0,0.0
Sonora,San Felipe de Jesús,53,Ures,142,Cebada forrajera en verde,2016,2017,29.870299,-110.319858,801.0,708.0276747226898,4.481187814700568,1.4210036461756677,8.220994419809806,15.661993670886078,4.365,22.655,23.81721518987342,9.95,33.04,7.506772151898735,-2.38,14.65,36.43101265822785,12.24,84.44,17.58740506329114,4.6,28.16,2.4375949367088605,0.96,5.2,68.12,0.4311392405063291,0.0,11.12,54.496,0.3449113924050633,0.0,8.895999999999999,8.770568130692697,3.957008145753345,15.153090921324047,0.09621092851586667,16,7,0,39,657.3675216253645,4.16055393433775,0.5336952874772041,7.398894977828825,25.63740761056786,0.1622620734846067,0.0,2.656384545504146,631.7301140147966,3.9982918608531435,0.0,7.398894977828825,0.0,0.0,0.0,602.8715216253645,0.03900011297664731,0.9609998870233527,39.0,45.0,45.0,1755.0,397.17,697033.35,0.0,0.0,0.0
Sonora,San Felipe de Jesús,53,Ures,142,Cebada forrajera en verde,2017,2018,29.870299,-110.319858,801.0,671.0254087671185,4.2740471895994805,1.1754702402077366,8.09610662018796,16.76761146496815,7.62,26.45,24.30554140127388,11.39,34.72,9.22968152866242,0.59,18.21,42.311401273885345,17.2,89.64,16.935095541401274,3.27,27.76,2.3754777070063695,1.26,6.68,99.95,0.6366242038216561,0.0,18.44,79.96000000000001,0.5092993630573249,0.0,14.752000000000002,8.761853033530457,3.3857556348420044,15.738695134738876,0.1489511405889072,12,6,0,24,604.7924992520801,3.8521815238985995,1.157397820938246,7.286495958169165,23.040227512014702,0.14675304147780066,0.0,3.182580486096687,581.7522717400655,3.7054284824207993,0.0,7.286495958169165,0.0,0.0,0.0,524.8324992520801,0.03809608674133281,0.9619039132586672,39.4,48.0,48.0,1891.2,405.0,765936.0,0.0,0.0,0.0
Sonora,San Felipe de Jesús,53,Ures,142,Cebada forrajera en verde,2018,2019,29.870299,-110.319858,801.0,711.2843725053742,4.530473710225314,1.038008852224429,7.800643846629382,17.80085987261146,8.17,25.44,25.460063694267514,11.73,34.73,10.141656050955413,-0.48,18.34,35.123057324840765,14.01,90.14,16.6159872611465,4.44,27.88,2.331146496815286,1.07,5.64,67.84,0.4321019108280255,0.0,21.98,54.272,0.34568152866242036,0.0,17.584,8.371234155644064,3.760533754838276,15.36649048978468,0.09537676156309399,10,4,0,18,662.3268111236093,4.218642109067575,1.138897319236903,8.746368480765906,16.307500061381923,0.10386942714256002,0.0,2.0936086169874337,646.0193110622274,4.114772681925015,0.0,8.746368480765906,0.0,0.0,0.0,608.0548111236093,0.024621530923256665,0.9753784690767433,38.06,50.0,50.0,1903.2,413.0,786021.6,0.0,0.0,0.0
Sonora,San Felipe de Jesús,53,Ures,142,Cebada forrajera en verde,2019,2020,29.870299,-110.319858,801.0,588.7498085197818,3.7499987803807757,0.8888809968925199,7.676452926138645,14.623789808917197,4.535,21.715,21.88127388535032,7.79,30.94,7.366305732484077,-2.72,15.72,46.22350318471338,24.19,90.08,16.07910828025478,2.93,27.08,2.2862420382165602,0.99,7.34,103.82,0.6612738853503184,0.0,30.86,83.05600000000001,0.5290191082802549,0.0,24.688000000000002,8.502710979006396,3.285333997682698,15.560627259930438,0.17633976011138128,14,3,0,38,539.447969090945,3.4359743254200317,0.7929564934723867,6.908807633524781,28.069236057417285,0.17878494304087442,0.0,2.272,511.3787330335276,3.2571893823791567,0.0,6.908807633524781,0.0,0.0,0.0,456.39196909094494,0.052033259305282735,0.9479667406947171,38.55,55.0,55.0,2120.25,426.5,904286.63,0.0,0.0,0.0
Sonora,San Felipe de Jesús,53,Ures,142,Cebada forrajera en verde,2022,2023,29.870299,-110.319858,801.0,680.7130973488986,4.335752212413367,1.35075957470866,8.30491729486495,15.98984076433121,5.390000000000001,24.165,23.910573248407644,13.24,34.21,8.069108280254778,-3.28,16.12,37.15133757961784,8.88,87.44,17.361337579617835,5.5,27.35,2.3404458598726112,1.17,6.02,72.94,0.46458598726114647,0.0,38.22,58.35200000000001,0.37166878980891727,0.0,30.576,8.735243590419582,4.097220433541631,15.530841083757942,0.10715233816430404,6,4,0,32,615.4799095750902,3.9202542011152244,0.9602517148676093,7.474425565378455,15.224518886002574,0.09697145787262786,0.0,3.0182719000328735,600.2553906890877,3.8232827432425966,0.0,7.474425565378455,0.0,0.0,0.0,557.1279095750903,0.024736012742500642,0.9752639872574994,42.0,10.0,10.0,420.0,875.0,367500.0,0.0,0.0,0.0
Sonora,San Felipe de Jesús,53,Ures,142,Cebada forrajera en verde,2023,2024,29.870299,-110.319858,801.0,594.489401702652,3.7865566987430066,1.1662168473581316,8.139512295185897,13.88917197452229,5.225,20.395,21.447770700636944,11.35,30.78,6.330573248407643,-2.83,14.99,44.56121019108281,17.6,86.54,16.5143949044586,2.41,28.75,2.3824840764331205,1.19,5.54,64.32,0.40968152866242036,0.0,11.12,51.456,0.32774522292993635,0.0,8.895999999999999,8.583187580158643,3.2542628522383623,16.1449748311201,0.10819368657504036,13,5,0,53,550.786386930748,3.508193547329605,0.7548837556005005,7.325561065667308,23.215400944903575,0.1478687958274113,0.0,2.2214575261745315,527.5709859858443,3.3603247515021932,0.0,7.325561065667308,0.0,0.0,0.0,499.330386930748,0.04214955470172598,0.9578504452982739,45.07,30.0,30.0,1352.1,754.07,1019578.05,0.0,0.0,0.0
Sonora,San Felipe de Jesús,53,Ures,142,Maíz grano,2010,2011,29.870299,-110.319858,801.0,1290.2902121733991,7.545556796335667,2.561240756316493,11.244336503108434,25.530672514619887,11.76,34.17,33.18239766081871,17.32,41.99,17.878947368421052,4.34,26.35,38.741052631578945,9.85,89.68,26.907543859649127,11.68,32.38,2.4019883040935675,0.97,5.21,255.85999999999999,1.4962573099415204,0.0,29.6,153.51600000000002,0.8977543859649124,0.0,17.76,16.448655523775713,8.768708991968808,19.269912144684483,0.19829647437921938,36,15,73,1,1183.752142825254,6.922527151024877,1.2559446592654977,13.49320380373012,91.3076025202327,0.5339625878376182,0.0,7.141228730686165,1092.4445403050213,6.388564563187259,0.0,13.48720380373012,913.0760252023271,10924.445403050213,11837.52142825254,1030.2361428252539,0.07713405468674331,0.9228659453132567,3.22,20.0,20.0,64.4,3100.0,199640.0,343.26166360989737,4106.934362048952,4450.196025658849
Sonora,San Felipe de Jesús,53,Ures,142,Maíz grano,2011,2012,29.870299,-110.319858,801.0,1342.8447625664453,7.8528933483417855,3.465611232489911,11.630768546980184,26.159853801169596,11.89,34.894999999999996,34.02251461988304,18.09,43.66,18.29719298245614,3.5,26.89,36.5553216374269,6.37,79.13,27.073859649122813,14.98,32.72,2.452046783625731,0.75,6.95,235.19000000000003,1.3753801169590645,0.0,21.14,188.152,1.1003040935672515,0.0,16.912000000000003,16.431817586813004,10.67736895637347,19.667802301801903,0.17514310406997816,42,17,72,1,1206.9859226552658,7.058397208510326,1.2205273583963054,13.95692225637622,136.98129550807803,0.8010602076495792,0.0,11.925859630070494,1070.0046271471876,6.257337000860747,0.0,13.95692225637622,1369.8129550807803,10700.046271471876,12069.859226552657,1018.8339226552657,0.11349038372107183,0.8865096162789281,3.4,24.0,24.0,81.6,3090.0,252144.0,464.3433746036543,3627.1343293125,4091.4777039161545
Sonora,San Felipe de Jesús,53,Ures,142,Maíz grano,2012,2013,29.870299,-110.319858,801.0,1275.442274451646,7.458726751179216,3.214546823434826,13.158008945654482,25.744707602339176,13.575,34.185,33.166315789473686,20.5,42.9,18.323099415204677,3.49,25.47,40.37339181286549,6.97,86.85,26.59982456140351,13.32,32.48,2.260584795321637,0.97,4.7,324.90999999999997,1.9000584795321636,0.0,15.04,194.946,1.1400350877192982,0.0,9.024,16.217933560996638,9.820741826763845,19.09787918597852,0.254743006804984,58,26,68,1,1149.675732970869,6.723249900414438,1.656748072351419,15.789610734785377,146.39824009254295,0.856130059020719,0.0,7.926,1003.277492878326,5.86711984139372,0.0,15.789610734785377,1463.9824009254294,10032.77492878326,11496.75732970869,954.7297329708689,0.12733872334091656,0.8726612766590834,3.48,26.0,26.0,90.48,3050.0,275964.0,473.78071227360175,3246.8527277615726,3720.6334400351743
Sonora,San Felipe de Jesús,53,Ures,142,Maíz grano,2013,2014,29.870299,-110.319858,801.0,1323.3055595336677,7.738629003120864,2.586907501390914,11.711581502778374,26.30298245614035,14.379999999999999,33.91,33.9661403508772,20.78,45.94,18.639824561403508,6.09,25.71,37.602573099415196,5.7,85.66,26.642163742690055,9.48,32.47,2.4530409356725142,0.92,5.43,241.66,1.4132163742690058,0.0,25.46,193.328,1.1305730994152048,0.0,20.368000000000002,16.24104644080112,7.199898379128753,19.1274200964958,0.18261844232345012,39,17,68,0,1187.8294375921773,6.946370980071213,1.5521445008345485,14.05389780333405,128.58320215189224,0.7519485505958611,0.0,8.58323326927479,1059.2462354402853,6.1944224294753525,0.0,14.05389780333405,1285.8320215189224,10592.462354402853,11878.294375921774,994.5014375921774,0.1082505602930168,0.8917494397069834,3.3,22.0,22.0,72.6,3120.0,226512.0,510.25080219004855,4203.358077143989,4713.608879334038
Sonora,San Felipe de Jesús,53,Ures,142,Maíz grano,2014,2015,29.870299,-110.319858,801.0,1275.563785100329,7.459437339768005,1.437012412199093,13.645640572415116,25.91921052631579,14.32,35.144999999999996,33.10888888888889,21.15,44.36,18.72953216374269,6.16,25.93,40.0608187134503,6.33,92.63,25.86111111111111,5.01,32.05,2.3557309941520472,0.53,5.12,415.86,2.4319298245614034,0.0,72.89,249.516,1.459157894736842,0.0,43.734,15.853176343286014,4.5205141568133795,18.98044763719165,0.32602054468588626,55,22,57,0,1162.391221985542,6.797609485295567,0.8622074473194558,16.37476868689814,128.55631426614082,0.7517913114978995,0.0,7.092,1033.8349077194011,6.0458181737976675,0.0,16.37476868689814,1285.5631426614082,10338.349077194012,11623.912219855421,912.875221985542,0.11059642557051229,0.8894035744294877,2.8,7.0,7.0,19.6,3160.0,61936.0,524.7196500658808,4219.734317222045,4744.453967287926
Sonora,San Felipe de Jesús,53,Ures,142,Maíz grano,2015,2016,29.870299,-110.319858,801.0,1183.3708677083453,6.920297471978627,2.258615190931858,11.098010990490245,25.218801169590645,14.969999999999999,33.31,32.07637426900585,19.75,43.06,18.36122807017544,7.01,24.79,46.92701754385965,12.78,86.08,25.764502923976604,7.04,32.35,2.27,0.78,4.47,300.99,1.7601754385964912,0.0,27.64,180.59399999999997,1.0561052631578944,0.0,16.584,16.226744358203018,5.814900064311256,19.861329952836083,0.2543496787130493,50,19,40,0,1065.5123192548206,6.231066194472635,1.1941300674886537,13.317613188588293,128.67637213284868,0.7524934042856648,0.0,5.96681304967566,936.8359471219719,5.47857279018697,0.0,13.317613188588293,1286.7637213284868,9368.35947121972,10655.123192548206,884.9183192548206,0.1207647906153165,0.8792352093846835,3.36,10.0,10.0,33.6,3320.0,111552.0,502.6420786439401,3659.5154184452026,4162.157497089142
Sonora,San Felipe de Jesús,53,Ures,142,Maíz grano,2016,2017,29.870299,-110.319858,801.0,1282.96621329193,7.502726393520058,2.2875403711836837,12.931879928849183,25.91853801169591,14.77,34.51,33.62380116959064,21.66,45.16,18.213274853801167,5.59,25.68,39.37672514619883,8.75,84.15,26.819649122807018,6.52,32.57,2.332046783625731,0.88,5.79,232.48999999999995,1.3595906432748535,0.0,24.92,185.992,1.087672514619883,0.0,19.936000000000003,16.483032383641937,5.494373902149751,18.997772883061707,0.18121287808777117,38,17,66,0,1153.7226535027155,6.746916102355061,1.3720669351929478,15.518255914619019,122.63324164265084,0.717153459898543,0.0,7.868737593443089,1031.0894118600645,6.029762642456517,0.0,15.518255914619019,1226.3324164265084,10310.894118600645,11537.226535027154,967.7306535027155,0.10629351973833129,0.8937064802616685,3.38,12.0,12.0,40.56,3370.0,136687.2,420.6972269044626,3537.184946346705,3957.882173251168
Sonora,San Felipe de Jesús,53,Ures,142,Maíz grano,2017,2018,29.870299,-110.319858,801.0,1285.3813770824604,7.516850158376961,2.741565666866421,11.491042720881302,26.33751461988304,14.415,35.129999999999995,33.89152046783626,19.36,45.76,18.783508771929824,6.24,26.4,39.601403508771924,5.56,88.39,26.538596491228073,10.29,32.59,2.2568421052631575,0.82,4.87,251.23000000000002,1.4691812865497078,0.0,19.78,150.738,0.8815087719298246,0.0,11.868,16.188806691186535,7.734204034034885,19.09706565755012,0.19545171921678073,45,18,69,0,1134.8588260426973,6.6366013218871185,1.7882775971982618,13.789251265057562,128.7973900489367,0.7532011113972906,0.0,7.144636428301003,1006.0614359937606,5.883400210489828,0.0,13.789251265057562,1287.973900489367,10060.614359937606,11348.588260426974,984.1208260426972,0.11349199309491109,0.8865080069050889,3.48,6.0,6.0,20.88,3565.0,74437.2,517.258594574043,4040.4073734689177,4557.66596804296
Sonora,San Felipe de Jesús,53,Ures,142,Maíz grano,2018,2019,29.870299,-110.319858,801.0,1295.5766491940144,7.576471632713535,2.943485004315274,11.344319116810617,26.5606432748538,16.53,33.760000000000005,33.823391812865495,23.58,43.51,19.297894736842103,8.14,26.46,40.101812865497074,6.78,84.81,26.469590643274856,7.59,32.56,2.261111111111111,0.84,4.63,320.26000000000005,1.8728654970760237,0.0,21.4,192.15599999999998,1.123719298245614,0.0,12.839999999999998,16.19925006340679,6.4064931229545445,19.524529509593467,0.2471949461262949,45,19,74,0,1164.6933370764314,6.811072146645797,1.9112311228463337,13.61318294017274,121.07784380813034,0.7080575661294172,0.0,9.501995751569694,1043.615493268301,6.10301458051638,0.0,13.61318294017274,1210.7784380813034,10436.15493268301,11646.933370764313,972.5373370764314,0.10395684422137702,0.8960431557786229,4.39,7.0,7.0,30.73,4270.0,131217.1,371.40442885929554,3201.274519227917,3572.6789480872126
Sonora,San Felipe de Jesús,53,Ures,142,Maíz grano,2019,2020,29.870299,-110.319858,801.0,1263.4490398868988,7.388590876531572,3.519291612602341,11.425675412330065,25.682046783625733,15.399999999999999,34.714999999999996,32.903216374269,21.06,42.95,18.460877192982455,7.1,26.52,41.61269005847954,12.08,84.73,26.731871345029237,13.47,32.63,2.333567251461988,0.96,4.25,249.07000000000002,1.4565497076023393,0.0,16.24,199.25600000000003,1.1652397660818714,0.0,12.991999999999999,16.51417187188714,9.6872517877023,19.158347384502903,0.1971349790429982,42,19,55,0,1144.4004275518753,6.692400161122078,1.5433886666879701,13.710810494796078,119.80952435177159,0.7006404932852139,0.0,7.748223590556012,1024.5909032001039,5.991759667836865,0.0,13.710810494796078,1198.095243517716,10245.909032001038,11444.004275518753,945.1444275518752,0.1046919604950433,0.8953080395049569,4.0,4.0,2.0,8.0,5650.0,45200.0,422.6085515053672,3614.0772599650927,4036.68581147046
Sonora,San Felipe de Jesús,53,Ures,142,Maíz grano,2020,2021,29.870299,-110.319858,801.0,1334.396423811156,7.803487858544772,3.1468953493767615,11.240270493616421,27.07380116959065,13.195,34.269999999999996,34.92923976608187,19.37,43.19,19.218362573099412,4.91,25.37,37.92666666666667,11.38,80.82,26.864152046783627,12.78,32.73,2.3742105263157893,0.86,4.32,170.67000000000002,0.9980701754385966,0.0,13.87,136.53600000000003,0.7984561403508774,0.0,11.096,16.535746161223546,9.35381516546889,19.302489933533565,0.12790052262921328,36,11,98,1,1218.388058527281,7.125076365656613,1.2830380717188006,13.488324592339705,103.93909952669559,0.6078309913841847,0.0,8.277524072165278,1114.4489590005853,6.517245374272429,0.0,13.488324592339705,1039.3909952669558,11144.489590005853,12183.88058527281,1081.8520585272809,0.08530869848833822,0.9146913015116618,3.92,6.0,6.0,23.5,5250.0,123375.0,530.3015281974265,5685.964076533598,6216.265604731025
Sonora,San Felipe de Jesús,53,Ures,142,Maíz grano,2021,2022,29.870299,-110.319858,801.0,1254.8786816971347,7.338471822790261,2.49189764882872,11.990431970612532,26.154678362573097,15.72,33.76,33.318011695906435,22.88,43.97,18.991345029239763,7.77,24.52,42.80391812865496,6.58,89.77,26.201520467836264,9.83,32.41,2.2645614035087718,0.75,5.47,312.82,1.8293567251461988,0.0,29.95,187.692,1.0976140350877193,0.0,17.97,16.1732510345993,7.6582325067373755,19.176882044629988,0.24928306183107124,53,16,51,0,1118.886017907524,6.543193087178503,1.6557960957338926,14.388518364735038,124.23101118356996,0.7264971414243857,0.0,6.672254831058374,994.6550067239541,5.816695945754118,0.0,14.388518364735038,1242.3101118356997,9946.550067239541,11188.86017907524,931.1940179075241,0.11103098009563084,0.8889690199043692,5.0,7.0,7.0,35.0,6000.0,210000.0,372.5067801606296,2982.473783280222,3354.9805634408517
Sonora,San Felipe de Jesús,53,Ures,142,Sorgo grano,2010,2011,29.870299,-110.319858,801.0,1278.6647611441153,7.4775717025971655,2.561240756316493,11.244336503108434,23.30304093567251,9.145000000000001,34.17,31.45040935672515,15.56,41.99,15.155672514619882,1.21,26.35,34.94713450292398,9.85,89.68,27.019356725146196,11.68,32.38,2.6030994152046785,0.97,5.89,202.81,1.1860233918128655,0.0,29.6,162.24800000000002,0.9488187134502926,0.0,23.680000000000003,16.13053664113175,8.728952327582247,19.269912144684483,0.15861076817236364,27,12,62,7,962.9431187749099,5.631246308625204,0.7874562717074217,10.287769605972123,65.12036046328397,0.3808208214227133,0.0,3.8589933871431024,897.8227583116259,5.250425487202491,0.0,10.287769605972123,651.2036046328398,8978.227583116259,9629.431187749098,800.6951187749098,0.06762638331756542,0.9323736166824346,2.04,13.0,13.0,26.52,2000.0,53040.0,319.21745325139204,4401.09195250797,4720.309405759362
Sonora,San Felipe de Jesús,53,Ures,142,Sorgo grano,2011,2012,29.870299,-110.319858,801.0,1350.7730848352371,7.899257806054019,3.465611232489911,11.630768546980184,24.357251461988305,11.89,34.894999999999996,32.724093567251465,18.09,43.66,15.990409356725145,3.5,26.89,31.222514619883043,6.37,79.13,27.226023391812873,14.98,32.72,2.5897660818713453,0.75,6.95,196.0,1.1461988304093567,0.0,21.14,156.79999999999998,0.9169590643274853,0.0,16.912000000000003,16.02836020969481,10.67736895637347,19.667802301801903,0.14510209168396884,33,15,55,2,1014.7684236874311,5.93431826717796,1.4293831647361641,11.630768546980184,86.57486058532676,0.5062857344171156,0.0,5.466018997115644,928.1935631021041,5.4280325327608425,0.0,11.630768546980184,865.7486058532676,9281.93563102104,10147.684236874307,857.9684236874311,0.08531489408266564,0.9146851059173341,3.55,20.0,20.0,71.0,2200.0,156200.0,311.9814795867631,3344.841668836411,3656.823148423174
Sonora,San Felipe de Jesús,53,Ures,142,Sorgo grano,2012,2013,29.870299,-110.319858,801.0,1309.8849741186455,7.6601460474774585,2.082636083582605,13.158008945654482,24.11842105263158,9.129999999999999,34.185,32.278245614035086,11.83,42.9,15.95859649122807,1.61,25.47,32.311578947368425,6.97,83.52,26.833274853801168,6.64,32.48,2.506549707602339,0.97,5.05,199.16,1.1646783625730994,0.0,13.21,159.328,0.9317426900584795,0.0,10.568000000000001,15.861131266000767,5.591295183594478,19.09787918597852,0.15204388471896516,40,17,64,9,999.9296383992503,5.847541745024856,0.6247908250747816,11.857649888208298,103.31232156555515,0.604165623190381,0.0,4.74345860596436,896.6173168336952,5.2433761218344745,0.0,11.857649888208298,1033.1232156555516,8966.173168336953,9999.296383992503,840.6016383992503,0.10331959129738764,0.8966804087026125,3.2,20.0,20.0,64.0,3480.0,222720.0,392.82251545838466,3409.1913187592977,3802.0138342176824
Sonora,San Felipe de Jesús,53,Ures,142,Sorgo grano,2013,2014,29.870299,-110.319858,801.0,1344.2506109693827,7.861114684031477,3.595250485523066,11.711581502778374,24.69906432748538,9.97,33.91,32.910116959064325,16.5,45.94,16.488011695906433,3.44,25.71,31.328771929824562,5.7,85.66,27.010584795321634,14.07,32.47,2.584619883040936,0.92,5.43,141.21000000000004,0.8257894736842107,0.0,25.46,112.96799999999999,0.6606315789473683,0.0,20.368000000000002,15.974639014128796,8.887065469484373,19.1274200964958,0.10504737646960705,24,9,57,3,1011.6228774421841,5.915923259895814,1.0785751456569197,11.711581502778374,68.2645834515354,0.39920809035985616,0.0,4.781813091031278,943.3582939906487,5.516715169535957,0.0,11.711581502778374,682.645834515354,9433.582939906486,10116.22877442184,898.6548774421841,0.06748026856029345,0.9325197314397066,3.1,21.0,21.0,65.1,3000.0,195300.0,274.15495362062404,3788.5875260668613,4062.7424796874852
Sonora,San Felipe de Jesús,53,Ures,142,Sorgo grano,2014,2015,29.870299,-110.319858,801.0,1301.1746650824512,7.609208567733632,2.9592126979296536,13.645640572415116,24.535877192982458,14.32,35.144999999999996,32.22479532163743,19.91,44.36,16.846959064327486,6.16,25.93,33.976783625730995,6.33,85.62,26.358479532163745,7.64,32.05,2.4726900584795324,0.53,5.12,210.67000000000002,1.2319883040935673,0.0,18.65,168.536,0.9855906432748538,0.0,14.92,15.72586172214146,6.615077024814698,18.98044763719165,0.16190754835105137,40,13,51,0,993.1732696158099,5.808030816466725,0.8877638093788961,13.645640572415116,98.22715299400022,0.574427795286551,0.0,3.6404049248410892,894.9461166218098,5.2336030211801745,0.0,13.645640572415116,982.2715299400022,8949.461166218098,9931.7326961581,824.6372696158098,0.09890233255270504,0.901097667447295,2.9,5.0,5.0,14.5,3130.0,45385.0,425.2257705367975,3874.2256130814276,4299.451383618225
Sonora,San Felipe de Jesús,53,Ures,142,Sorgo grano,2015,2016,29.870299,-110.319858,801.0,1188.2553436715946,6.948861658898214,1.460946572022077,11.098010990490245,23.718391812865498,11.17,33.31,30.947719298245612,15.59,43.06,16.48906432748538,5.32,24.79,42.957719298245614,12.78,88.21,25.837251461988306,6.32,32.35,2.446081871345029,0.87,5.34,279.49,1.6344444444444446,0.0,27.64,167.694,0.9806666666666666,0.0,16.584,15.94907012698766,5.180708107217331,19.861329952836083,0.2352103876397499,42,17,37,0,899.1873048116456,5.258405291296174,0.4382839716066231,11.098010990490245,93.27619327354911,0.5454748144651995,0.0,4.6499999999999995,805.9111115380965,4.712930476830974,0.0,11.098010990490245,932.7619327354911,8059.111115380965,8991.873048116457,731.4933048116457,0.1037338858927594,0.8962661141072407,2.36,15.0,15.0,35.4,3395.0,120183.0,467.549840970171,4039.654694426549,4507.2045353967205
Sonora,San Felipe de Jesús,53,Ures,142,Sorgo grano,2016,2017,29.870299,-110.319858,801.0,1282.9056142225,7.502372012997076,2.317482896184993,12.931879928849183,24.371491228070173,8.595,34.51,32.41672514619883,12.64,45.16,16.32625730994152,4.21,25.68,35.11438596491229,8.75,84.15,26.86251461988304,10.7,32.57,2.441052631578947,0.99,4.11,184.01999999999998,1.076140350877193,0.0,14.63,147.216,0.8609122807017544,0.0,11.704,16.128553071055233,7.789562438973956,18.997772883061707,0.14344001457310995,33,14,53,2,963.7119536112452,5.635742418779212,0.6952448688554979,11.79949910674587,80.55212727224041,0.4710650717674878,0.0,3.95031330488503,883.1598263390048,5.1646773470117235,0.0,11.79949910674587,805.5212727224041,8831.598263390048,9637.119536112452,816.4959536112452,0.08358527355647452,0.9164147264435254,2.45,12.0,12.0,29.4,3400.0,99960.0,350.22664031408874,3839.8253319087166,4190.0519722228055
Sonora,San Felipe de Jesús,53,Ures,142,Sorgo grano,2017,2018,29.870299,-110.319858,801.0,1286.4284064752155,7.522973137281962,2.741565666866421,11.491042720881302,24.907865497076028,14.415,35.129999999999995,32.80040935672515,19.36,45.76,17.0153216374269,5.84,26.4,35.89438596491228,5.56,88.39,26.757368421052632,10.77,32.59,2.3621052631578947,0.83,4.87,215.50000000000003,1.260233918128655,0.0,19.78,172.4,1.008187134502924,0.0,15.824000000000002,15.943179845632372,8.257033513958019,19.09706565755012,0.16751806701040217,34,16,51,0,976.4837127736041,5.710431068851486,1.343690050004571,11.491042720881302,88.69097954957627,0.5186606991203291,0.0,3.88,887.7927332240279,5.191770369731157,0.0,11.491042720881302,886.9097954957626,8877.927332240279,9764.837127736042,804.0837127736041,0.09082689080154592,0.9091731091984541,2.35,10.0,10.0,23.5,3615.0,84952.5,505.3617068351924,5058.648052558564,5564.009759393756
Sonora,San Felipe de Jesús,53,Ures,142,Sorgo grano,2018,2019,29.870299,-110.319858,801.0,1302.5665539847528,7.6173482689166825,2.943485004315274,11.344319116810617,25.071052631578944,12.829999999999998,33.760000000000005,32.87643274853801,20.48,43.51,17.265672514619883,1.67,26.46,34.19584795321637,6.78,82.1,26.222105263157896,7.59,32.56,2.4305263157894736,0.84,4.63,226.11999999999998,1.3223391812865495,0.0,21.4,180.896,1.0578713450292396,0.0,17.12,15.6689940035162,6.4064931229545445,19.524529509593467,0.17359573628561542,32,13,67,1,1001.9214487413378,5.859189758721274,1.36720265479978,11.344319116810617,79.22429283085734,0.4632999580751891,0.0,4.496,922.6971559104804,5.395889800646084,0.0,11.344319116810617,792.2429283085734,9226.971559104804,10019.214487413377,821.0254487413379,0.07907235934551828,0.9209276406544816,3.41,5.0,5.0,17.05,4115.0,70160.75,276.042832163266,3214.972668677632,3491.0155008408983
Sonora,San Felipe de Jesús,53,Ures,142,Sorgo grano,2019,2020,29.870299,-110.319858,801.0,1253.1929485984383,7.328613734493791,2.0478608066478072,11.425675412330065,23.85780701754386,10.535,34.714999999999996,31.522573099415208,13.78,42.95,16.193040935672514,3.46,26.52,37.17701754385965,12.08,83.97,26.465029239766086,4.35,32.63,2.4609941520467835,1.07,4.33,187.27999999999997,1.0952046783625728,0.0,30.86,149.824,0.8761637426900586,0.0,24.688000000000002,16.03716160354793,4.422508271583547,19.158347384502903,0.14944227080869912,26,11,49,2,939.5955740105721,5.494710959126153,0.6143582419943422,9.54192347758533,62.79863584724798,0.3672434844868303,0.0,3.6307520872256416,876.7969381633243,5.127467474639324,0.0,9.54192347758533,627.9863584724798,8767.969381633244,9395.955740105723,789.7715740105721,0.06683581488064926,0.9331641851193508,1.4,3.0,3.0,4.2,4645.0,19509.0,448.5616846231999,6262.8352725951745,6711.396957218374
Sonora,San Felipe de Jesús,53,Ures,142,Sorgo grano,2020,2021,29.870299,-110.319858,801.0,1263.157194363333,7.386884177563351,1.2036839993248412,11.240270493616421,24.61441520467836,9.26,34.269999999999996,32.449883040935674,13.4,43.19,16.77894736842105,2.34,25.37,38.8827485380117,11.38,86.0,26.372397660818717,3.44,32.73,2.4135672514619886,0.86,4.41,210.83,1.2329239766081872,0.0,31.08,168.66400000000002,0.9863391812865498,0.0,24.864,16.107636010725376,3.8436551261625063,19.302489933533565,0.1669071758770802,37,12,80,5,952.5324775480171,5.570365365777878,0.3611051997974523,10.545484209279667,80.04592775654326,0.46810484068153957,0.0,4.670006120220213,872.4865497914739,5.102260525096338,0.0,10.545484209279667,800.4592775654327,8724.86549791474,9525.324775480172,783.8684775480172,0.08403485407930161,0.9159651459206983,0.0,5.0,0.0,0.0,0.0,0.0,,,
Sonora,San Felipe de Jesús,53,Ures,142,Sorgo grano,2021,2022,29.870299,-110.319858,801.0,1263.6368997053435,7.389689471961073,2.49189764882872,11.990431970612532,24.09511695906433,8.945,33.76,31.792923976608186,15.67,43.97,16.39730994152047,-0.45,24.52,36.80678362573099,6.58,82.35,26.28409356725146,9.83,32.41,2.4990643274853803,0.75,5.47,217.47000000000003,1.2717543859649125,0.0,29.95,173.976,1.0174035087719298,0.0,23.96,15.761945370649348,7.6582325067373755,19.176882044629988,0.17209848814221076,42,10,42,10,969.0098429338917,5.666724227683577,1.1310419292208858,11.990431970612532,98.4902985523861,0.5759666582010883,0.0,3.9953440543093137,870.5195443815056,5.090757569482489,0.0,11.990431970612532,984.9029855238609,8705.195443815057,9690.098429338917,795.0338429338917,0.10164014253372795,0.898359857466272,1.47,3.0,3.0,4.41,5050.0,22270.5,670.0020309686129,5921.901662459222,6591.903693427836
Sonora,San Felipe de Jesús,53,Ures,142,Sorgo forrajero en verde,2010,2011,29.870299,-110.319858,801.0,1153.3524516219932,7.638095706105915,2.624854239024739,11.244336503108434,22.67387417218543,9.145000000000001,34.17,31.115629139072848,15.56,41.99,14.232119205298014,1.21,26.35,31.721390728476816,9.85,86.14,27.29900662251656,13.87,32.38,2.7303973509933774,0.97,5.89,103.80999999999999,0.6874834437086091,0.0,21.61,83.048,0.5499867549668874,0.0,17.288,16.086261643237307,8.728952327582247,19.269912144684483,0.09000717851165874,18,7,52,7,1021.997881299475,6.768197889400497,0.7874562717074217,10.287769605972123,50.91385953631624,0.3371778777239486,0.0,5.826578434407905,971.0840217631587,6.431020011676548,0.0,10.287769605972123,509.1385953631624,9710.840217631587,10219.978812994748,938.949881299475,0.04981796975114961,0.9501820302488503,47.6,22.0,22.0,1047.2,499.0,522552.8,10.696188978217696,204.00924826957115,214.70543724778884
Sonora,San Felipe de Jesús,53,Ures,142,Sorgo forrajero en verde,2011,2012,29.870299,-110.319858,801.0,1233.5312701300802,8.169081259139604,4.068424527987685,11.630768546980184,23.925066225165562,11.89,34.894999999999996,32.66443708609272,18.09,43.66,15.185695364238411,3.5,26.89,27.351986754966884,6.37,77.07,27.77543046357616,17.38,32.72,2.72205298013245,1.07,6.95,108.41,0.7179470198675496,0.0,21.14,86.728,0.5743576158940397,0.0,16.912000000000003,16.109419351619678,10.7484904556411,19.667802301801903,0.08788589525466005,19,7,48,2,1076.5437953863382,7.129429108518796,1.4293831647361641,11.630768546980184,61.78234431072009,0.40915459808423904,0.0,8.447483904633268,1014.761451075618,6.720274510434556,0.0,11.630768546980184,617.8234431072009,10147.614510756179,10765.43795386338,989.8157953863382,0.05738953173618759,0.9426104682638123,48.2,47.0,47.0,2265.4,163.38,370121.05,12.817913757410807,210.53142138498296,223.34933514239378
Sonora,San Felipe de Jesús,53,Ures,142,Sorgo forrajero en verde,2012,2013,29.870299,-110.319858,801.0,1184.295621688701,7.843017362176828,2.082636083582605,13.158008945654482,23.594238410596027,9.129999999999999,34.185,32.04516556291391,11.83,42.9,15.143311258278144,1.61,25.47,29.156887417218545,6.97,82.18,27.184834437086092,6.64,32.48,2.6210596026490065,0.97,5.05,139.2,0.9218543046357616,0.0,13.21,111.36000000000001,0.7374834437086094,0.0,10.568000000000001,15.854543157102762,5.591295183594478,19.09787918597852,0.11753822056819993,30,11,53,9,1045.735894759634,6.925403276553867,0.6247908250747816,11.857649888208298,93.89978710751288,0.6218528947517409,0.0,5.902748996004059,951.8361076521214,6.303550381802129,0.0,11.857649888208298,938.9978710751288,9518.361076521214,10457.358947596344,934.375894759634,0.08979302286367064,0.9102069771363297,47.6,48.0,48.0,2284.8,370.0,845376.0,19.7268460309901,199.96556883447928,219.69241486546937
Sonora,San Felipe de Jesús,53,Ures,142,Sorgo forrajero en verde,2013,2014,29.870299,-110.319858,801.0,1205.2019234795498,7.981469691917549,3.595250485523066,11.711581502778374,24.12370860927152,9.97,33.91,32.49192052980133,16.5,45.94,15.75549668874172,3.44,25.71,29.39384105960265,5.7,85.66,27.363443708609267,14.07,32.47,2.672649006622516,0.92,5.43,111.85,0.740728476821192,0.0,25.46,89.48,0.5925827814569536,0.0,20.368000000000002,16.001351607429758,8.887065469484373,19.1274200964958,0.09280602513235027,15,8,42,3,1058.5892443215166,7.010524796831236,1.0785751456569197,11.711581502778374,58.853667479911955,0.38975938728418513,0.0,6.240514412512065,999.7355768416049,6.620765409547053,0.0,11.711581502778374,588.5366747991195,9997.35576841605,10585.892443215169,969.1092443215166,0.055596321042949134,0.9444036789570511,48.6,50.0,50.0,2430.0,374.0,908820.0,12.109808123438672,205.70690881514506,217.81671693858374
Sonora,San Felipe de Jesús,53,Ures,142,Sorgo forrajero en verde,2014,2015,29.870299,-110.319858,801.0,1189.5049449537796,7.877516191746885,2.9592126979296536,13.645640572415116,24.27917218543047,14.32,35.144999999999996,32.314039735099335,19.91,44.36,16.244304635761587,6.16,25.93,29.840728476821198,6.33,82.36,26.771125827814572,7.64,32.05,2.592384105960265,0.82,5.12,100.72999999999999,0.6670860927152317,0.0,11.95,80.584,0.5336688741721854,0.0,9.56,15.747259095688412,6.615077024814698,18.98044763719165,0.0846822877259363,22,7,49,0,1051.5000942423926,6.963576783062202,0.8877638093788961,13.645640572415116,62.375079316215775,0.41307999547162766,0.0,5.582328135112861,989.1250149261764,6.550496787590572,0.0,13.645640572415116,623.7507931621577,9891.250149261763,10515.000942423922,970.9160942423925,0.05932008913528164,0.9406799108647179,37.6,38.0,38.0,1428.8,371.0,530084.8,16.589116839419088,263.0651635441958,279.6542803836149
Sonora,San Felipe de Jesús,53,Ures,142,Sorgo forrajero en verde,2015,2016,29.870299,-110.319858,801.0,1068.615822519967,7.076925976953424,1.460946572022077,11.098010990490245,23.179139072847686,11.17,33.31,30.659072847682122,15.59,43.06,15.699205298013247,5.32,24.79,40.348940397350994,12.78,88.21,26.030728476821196,6.32,32.35,2.5676158940397356,1.13,5.34,194.88,1.2905960264900662,0.0,20.17,155.904,1.032476821192053,0.0,16.136000000000003,15.902927468966823,5.180708107217331,19.861329952836083,0.1823667550986114,31,13,32,0,947.3498650951922,6.273840166193326,0.4382839716066231,11.098010990490245,96.9036827164564,0.6417462431553405,0.0,5.882849608007217,850.4461823787358,5.632093923037985,0.0,11.098010990490245,969.036827164564,8504.461823787358,9473.498650951922,791.4458650951922,0.1022892241682214,0.8977107758317786,46.5,52.0,52.0,2418.0,386.21,933855.78,20.83950165945299,182.8916521244593,203.7311537839123
Sonora,San Felipe de Jesús,53,Ures,142,Sorgo forrajero en verde,2016,2017,29.870299,-110.319858,801.0,1162.8322551785766,7.700875862109779,2.317482896184993,12.931879928849183,24.031688741721855,8.595,34.51,32.3735761589404,12.64,45.16,15.689801324503316,4.21,25.68,31.39841059602649,8.75,77.78,27.211192052980127,10.7,32.57,2.525562913907285,1.04,4.11,117.45,0.7778145695364238,0.0,13.03,93.95999999999998,0.622251655629139,0.0,10.424,16.136247863376635,7.789562438973956,18.997772883061707,0.10100339019402516,22,10,45,2,1018.6903845475507,6.746293937400998,0.6952448688554979,11.79949910674587,68.30692171041554,0.45236371993652674,0.0,5.573689128688854,950.3834628371353,6.293930217464473,0.0,11.79949910674587,683.0692171041553,9503.834628371353,10186.903845475508,924.7303845475508,0.06705366296429108,0.9329463370357091,49.5,58.0,58.0,2871.0,406.68,1167578.28,13.799378123316268,191.9966591590172,205.7960372823335
Sonora,San Felipe de Jesús,53,Ures,142,Sorgo forrajero en verde,2017,2018,29.870299,-110.319858,801.0,1165.47198670637,7.718357527856755,2.741565666866421,11.491042720881302,24.60758278145695,14.415,35.129999999999995,32.778013245033115,19.36,45.76,16.437152317880795,5.84,26.4,32.349403973509936,5.56,88.39,26.96456953642384,10.77,32.59,2.482847682119206,0.85,4.87,180.45999999999998,1.1950993377483443,0.0,19.78,144.368,0.9560794701986755,0.0,15.824000000000002,15.83780627951198,8.257033513958019,19.09706565755012,0.15483855644611494,24,15,49,0,1024.9417715179347,6.7876938511121505,1.343690050004571,11.491042720881302,88.74056881432664,0.5876858861875937,0.0,5.688000000000001,936.2012027036078,6.200007964924555,0.0,11.491042720881302,887.4056881432664,9362.012027036079,10249.417715179345,880.5737715179348,0.0865810832189054,0.9134189167810943,47.8,48.0,48.0,2294.4,403.77,926409.89,18.56497255529846,195.8579921974075,214.42296475270595
Sonora,San Felipe de Jesús,53,Ures,142,Sorgo forrajero en verde,2018,2019,29.870299,-110.319858,801.0,1193.659205952676,7.905027853991232,2.943485004315274,11.344319116810617,24.823807947019866,12.829999999999998,33.760000000000005,33.02609271523178,20.48,43.51,16.621523178807948,1.67,26.46,29.727019867549668,6.78,78.53,26.70721854304636,7.59,32.56,2.5621854304635763,1.07,4.63,142.89999999999998,0.9463576158940395,0.0,21.4,114.32000000000002,0.757086092715232,0.0,17.12,15.721348667515214,6.4064931229545445,19.524529509593467,0.1197159116164563,20,8,63,1,1060.4509979202783,7.02285429086277,1.36720265479978,11.344319116810617,64.25461882857942,0.4255272770104598,0.0,6.730580324028534,996.1963790916986,6.597327013852309,0.0,11.344319116810617,642.5461882857942,9961.963790916987,10604.509979202781,946.1309979202782,0.06059178496186385,0.939408215038136,46.67,50.0,50.0,2333.5,551.19,1286201.87,17.7818233924393,275.6873887067105,293.46921209914984
Sonora,San Felipe de Jesús,53,Ures,142,Sorgo forrajero en verde,2019,2020,29.870299,-110.319858,801.0,1131.6138921668064,7.494131736204016,2.0478608066478072,11.425675412330065,23.29109271523179,10.535,34.714999999999996,31.249470198675496,13.78,42.95,15.33271523178808,3.46,26.52,33.9712582781457,12.08,79.13,26.765099337748335,4.35,32.63,2.5839735099337746,1.18,4.33,126.86,0.8401324503311258,0.0,30.86,101.488,0.6721059602649007,0.0,24.688000000000002,16.02080486053985,4.422508271583547,19.158347384502903,0.11210537523279195,20,6,40,2,1003.803403914197,6.647704661683424,0.6143582419943422,9.711824100480555,53.373065432440285,0.3534640094863595,0.0,5.488325043310509,950.4303384817565,6.294240652197063,0.0,9.711824100480555,533.7306543244028,9504.303384817566,10038.034039141969,902.3154039141971,0.05317083526945531,0.9468291647305445,40.0,39.0,31.0,1240.0,694.0,860560.0,17.07938093838089,304.13770831416207,321.21708925254296
Sonora,San Felipe de Jesús,53,Ures,142,Sorgo forrajero en verde,2020,2021,29.870299,-110.319858,801.0,1122.2903073261718,7.432386141232926,1.2036839993248412,11.240270493616421,23.828509933774836,9.26,34.269999999999996,31.760132450331117,13.4,43.19,15.896887417218542,2.34,25.35,37.21754966887418,11.38,86.0,26.434569536423837,3.44,32.73,2.5109271523178807,1.19,4.41,162.33,1.0750331125827814,0.0,31.08,129.864,0.8600264900662252,0.0,24.864,15.979939192676248,3.8436551261625063,19.302489933533565,0.1446417196516177,27,9,65,5,1006.6207592164287,6.666362643817409,0.3611051997974523,10.545484209279667,59.72239356494808,0.3955125401652191,0.0,6.072,946.8983656514806,6.270850103652189,0.0,10.545484209279667,597.2239356494808,9468.983656514807,10066.207592164288,876.7567592164287,0.059329586657279984,0.94067041334272,41.25,40.0,40.0,1650.0,780.0,1287000.0,28.95631203148998,459.102237891627,488.05854992311697
Sonora,San Felipe de Jesús,53,Ures,142,Sorgo forrajero en verde,2021,2022,29.870299,-110.319858,801.0,1155.1728478393638,7.650151310194462,2.49189764882872,11.990431970612532,23.761456953642387,8.945,33.76,31.824768211920528,15.67,43.97,15.69814569536424,-0.45,24.52,32.3258940397351,6.58,82.05,26.720529801324503,9.83,32.41,2.6144370860927153,0.75,5.47,152.05999999999997,1.0070198675496687,0.0,29.95,121.648,0.8056158940397351,0.0,23.96,15.782529584970614,7.6582325067373755,19.176882044629988,0.1316339803903919,26,6,39,10,1020.4490985930563,6.757941050285141,1.1310419292208858,11.990431970612532,68.8332203870568,0.4558491416361377,0.0,4.848,951.6158782059993,6.302091908649001,0.0,11.990431970612532,688.332203870568,9516.158782059993,10204.49098593056,898.8010985930563,0.06745384995876871,0.9325461500412311,44.66,58.0,58.0,2590.28,800.0,2072224.0,22.207846551720216,307.02238367672186,329.23023022844205
Sonora,San Felipe de Jesús,53,Ures,142,Sorgo forrajero en verde,2022,2023,29.870299,-110.319858,801.0,1163.6762181223216,7.706465020677626,3.3884684313454256,11.971434906184435,24.23443708609271,11.915000000000001,32.7,32.63317880794702,20.68,42.81,15.835695364238411,2.37,25.22,30.588079470198675,3.41,82.95,27.033245033112586,10.46,32.26,2.461059602649007,0.93,4.81,201.6,1.3350993377483444,0.0,23.69,161.27999999999997,1.0680794701986753,0.0,18.952,15.868218532635629,7.046395517908492,19.20578418326246,0.17324406639958376,32,12,55,7,1026.0331870883165,6.794921768796798,1.0165405294036276,11.971434906184435,99.6047469019054,0.6596340854430821,0.0,6.0593004987446655,926.4284401864111,6.135287683353716,0.0,11.971434906184435,996.047469019054,9264.284401864112,10260.331870883165,864.7531870883165,0.09707750992398637,0.9029224900760137,45.0,42.0,42.0,1890.0,870.0,1644300.0,30.804003990074346,286.5094913209869,317.3134953110613
Sonora,San Felipe de Jesús,53,Ures,142,Sorgo forrajero en verde,2023,2024,29.870299,-110.319858,801.0,1205.9965181132898,7.986731908035032,3.1443324977411766,12.156953916888982,24.238443708609267,7.08,35.370000000000005,32.8576821192053,13.95,45.09,15.619205298013245,0.21,26.95,27.931125827814565,8.13,67.97,27.191059602649002,10.08,32.04,2.6388079470198678,1.31,4.14,55.18999999999999,0.3654966887417218,0.0,6.76,44.152,0.2923973509933775,0.0,5.408,15.987423554268407,7.236737146942281,18.98545140341272,0.04576298452862988,18,3,54,8,1067.1064874835972,7.066930380686074,0.9432997493223529,10.333410829355634,43.99129974932235,0.29133311092266456,0.0,5.408,1023.1151877342746,6.775597269763408,0.0,10.333410829355634,439.91299749322354,10231.151877342747,10671.06487483597,1022.9544874835972,0.04122484519146788,0.9587751548085319,42.75,25.0,25.0,1068.75,940.77,1005447.94,14.320084553815871,333.04530850725087,347.36539306106675
Sonora,San Felipe de Jesús,53,Ures,142,Trigo grano,2010,2011,29.870299,-110.319858,801.0,496.2982806546642,4.553195235363892,1.095600087808482,8.72783778568401,14.138990825688074,6.955,21.655,22.010825688073393,11.45,31.76,6.267155963302754,-0.15,14.03,43.391009174311925,17.12,88.46,19.790000000000006,5.65,29.01,2.6798165137614687,1.35,7.72,95.75000000000001,0.8784403669724772,0.0,22.81,76.6,0.7027522935779816,0.0,18.248,10.774571043357541,4.356178702430161,16.819894393526152,0.19292833308569343,13,5,0,29,481.19259033703054,4.414610920523216,0.4073402191017441,10.037013453536611,18.083650841437482,0.16590505359116955,0.0,3.01858237487845,463.10893949559306,4.248705866932046,0.0,10.037013453536611,180.8365084143748,4631.08939495593,4811.925903370306,404.5925903370305,0.03758090046393185,0.9624190995360682,6.0,10.0,10.0,60.0,2750.0,165000.0,30.13941806906247,771.848232492655,801.9876505617175
Sonora,San Felipe de Jesús,53,Ures,142,Trigo grano,2011,2012,29.870299,-110.319858,801.0,853.6679584988352,4.963185805225786,1.696793275173358,10.176312422051698,15.882005813953487,-3.465,24.785,24.302500000000006,1.02,34.74,7.461511627906978,-7.95,15.28,30.433197674418604,9.49,73.83,18.984418604651164,6.94,29.49,2.5544767441860468,1.25,9.18,13.29,0.07726744186046511,0.0,4.79,10.632000000000001,0.061813953488372105,0.0,3.8320000000000003,9.380070190112614,4.561055101122152,16.867054152034,0.015568113887477168,3,0,0,41,663.979337112282,3.860344983210942,0.7965824953009218,9.587831474174235,7.152418398446283,0.04158382789794351,0.0,3.128,656.8269187138358,3.8187611553129988,0.0,9.587831474174235,0.0,0.0,0.0,653.347337112282,0.01077204966882392,0.9892279503311762,4.97,44.0,44.0,218.8,3494.88,764680.0,0.0,0.0,0.0
Sonora,San Felipe de Jesús,53,Ures,142,Trigo grano,2012,2013,29.870299,-110.319858,801.0,783.4038054709582,4.52834569636392,1.100183498347905,8.889593933665713,14.822543352601157,3.5450000000000004,24.174999999999997,22.8357225433526,9.21,33.65,6.809364161849711,-2.12,16.48,37.17578034682081,10.0,88.57,18.263815028901732,2.71,29.75,2.542485549132948,0.95,7.26,80.44,0.46497109826589594,0.0,25.7,64.352,0.3719768786127168,0.0,20.560000000000002,9.304757818491153,3.1339572257029276,17.066992369840456,0.10268012414318303,11,5,0,50,595.3497878256574,3.4413282533274994,0.45692205244385875,9.395918049498963,19.861502783564802,0.11480637447147285,0.0,3.854103052437905,575.4882850420926,3.3265218788560262,0.0,9.395918049498963,0.0,0.0,0.0,530.9977878256574,0.033361064687875655,0.9666389353121244,5.14,23.0,23.0,118.16,3450.0,407652.0,0.0,0.0,0.0
Sonora,San Felipe de Jesús,53,Ures,142,Trigo grano,2013,2014,29.870299,-110.319858,801.0,785.0206102375619,4.564073315334662,1.412484466313874,9.804276992806578,15.566453488372094,2.51,24.8,23.493488372093022,9.09,34.03,7.639418604651163,-4.97,19.09,35.361162790697676,7.32,87.07,18.001918604651163,4.56,30.91,2.4505232558139536,1.16,5.43,68.63,0.3990116279069767,0.0,17.12,54.903999999999996,0.31920930232558137,0.0,13.696000000000002,9.209078861260648,3.7965175274875023,17.30645666864701,0.08742445625629024,8,6,0,56,588.1895630093984,3.4197067616825487,0.9103672509986567,8.844616247441866,20.259645093568345,0.11778863426493223,0.0,2.970050319250959,567.9299179158302,3.3019181274176175,0.0,8.844616247441866,0.0,0.0,0.0,533.2855630093984,0.034444074440750705,0.9655559255592495,4.17,15.0,15.0,62.55,3710.0,232060.5,0.0,0.0,0.0
Sonora,San Felipe de Jesús,53,Ures,142,Trigo grano,2015,2016,29.870299,-110.319858,801.0,730.6450829840137,4.247936528976823,1.0038063875160084,7.707445385774277,16.62168604651163,4.905,24.270000000000003,24.029011627906975,11.48,34.49,9.214360465116279,-2.68,17.01,45.06075581395349,16.91,90.89,17.211279069767443,3.05,30.22,2.384186046511628,1.12,6.23,127.80000000000001,0.7430232558139536,0.0,26.56,102.24000000000001,0.5944186046511628,0.0,21.248,9.197327091974325,3.3293069332996996,16.641913886321085,0.1749139260310279,16,8,0,17,551.7219187876983,3.2076855743470833,0.8120809796495487,8.763083961900817,37.05580435838294,0.2154407230138543,0.0,3.727966532122097,514.6661144293154,2.9922448513332287,0.0,8.763083961900817,0.0,0.0,0.0,449.4819187876983,0.06716391554608864,0.9328360844539114,3.9,10.0,10.0,39.0,4100.0,159900.0,0.0,0.0,0.0
Sonora,San Felipe de Jesús,53,Ures,142,Trigo grano,2016,2017,29.870299,-110.319858,801.0,812.4774099106479,4.696401213356347,1.4210036461756677,8.772826631728774,16.06748554913295,4.365,23.755,24.263526011560696,9.95,33.04,7.871445086705201,-2.38,16.15,35.70872832369942,12.09,84.44,18.29150289017341,4.6,30.35,2.4523121387283235,0.96,5.2,68.80000000000001,0.3976878612716764,0.0,11.12,55.04,0.31815028901734105,0.0,8.895999999999999,9.304701529407371,3.957008145753345,16.9045254660089,0.08467927743069963,16,7,0,39,639.4861911518508,3.6964519719760163,0.5336952874772041,8.229920833275791,24.263958889744863,0.140254097628583,0.0,2.6651053306127417,615.222232262106,3.5561978743474336,0.0,8.229920833275791,0.0,0.0,0.0,584.4461911518508,0.03794289732205211,0.962057102677948,4.0,30.0,30.0,120.0,3750.0,450000.0,0.0,0.0,0.0
Sonora,San Felipe de Jesús,53,Ures,142,Trigo grano,2017,2018,29.870299,-110.319858,801.0,796.1881143482924,4.629000664815654,1.1754702402077366,10.058121942201707,17.340523255813952,7.62,26.45,25.049418604651162,11.39,36.1,9.631627906976744,0.59,18.21,39.88627906976745,10.78,89.64,17.91546511627907,3.27,29.65,2.389127906976744,1.26,6.68,99.95,0.5811046511627908,0.0,18.44,79.96000000000001,0.4648837209302326,0.0,14.752000000000002,9.326125386928767,3.3857556348420044,16.45226257745616,0.1255356594739078,12,6,2,24,583.6190167426962,3.3931338182714894,0.7480791714155147,7.973634916883327,23.887973589369118,0.138883567380053,0.0,3.182580486096687,559.731043153327,3.2542502508914364,0.0,7.973634916883327,0.0,0.0,0.0,503.65901674269617,0.040930766311716604,0.9590692336882833,4.93,45.0,45.0,221.85,3875.0,859668.75,0.0,0.0,0.0
Sonora,San Felipe de Jesús,53,Ures,142,Alfalfa achicalada,2010,2011,29.870299,-110.319858,801.0,275.69927740437066,3.62762207111014,1.095600087808482,7.11099072219133,12.447105263157896,6.955,18.245,19.78039473684211,11.45,28.64,5.1138157894736835,-0.15,10.22,49.44723684210526,20.34,88.46,17.040394736842103,5.65,25.78,2.648552631578947,1.35,7.72,94.45000000000002,1.2427631578947371,0.0,22.81,75.56,0.9942105263157895,0.0,18.248,9.020227809051054,4.356178702430161,14.180796490382486,0.34258341512251894,12,5,0,28,232.15852114125792,3.054717383437604,1.0408200834180579,6.399891649972197,20.949368391381938,0.27564958409713075,0.0,2.368,211.20915274987598,2.7790677993404733,0.0,6.399891649972197,209.49368391381938,2112.0915274987597,2321.585211412579,156.59852114125792,0.09023734424391512,0.9097626557560848,12.5,70.0,70.0,875.0,2220.0,1942500.0,16.75949471310555,168.96732219990076,185.7268169130063
Sonora,San Felipe de Jesús,53,Ures,142,Alfalfa achicalada,2011,2012,29.870299,-110.319858,801.0,364.31623226984874,4.793634635129589,2.7494136254701997,8.33724476015151,14.531118421052634,-3.465,22.365000000000002,23.105526315789472,1.02,32.32,5.95671052631579,-7.95,12.41,27.744210526315783,9.49,59.96,18.75236842105263,9.01,25.06,2.5788157894736843,1.44,9.18,4.12,0.05421052631578947,0.0,3.91,3.2960000000000003,0.043368421052631584,0.0,3.128,9.044954684003335,4.935491740126027,13.241668407800386,0.011308856523714593,1,0,0,29,321.0340274838874,4.224131940577466,1.09976545018808,7.503520284136359,2.644861898742386,0.034800814457136654,0.0,2.476861898742386,318.38916558514507,4.189331126120329,0.0,7.503520284136359,26.44861898742386,3183.8916558514507,3210.3402748388744,317.73802748388744,0.008238571840722181,0.9917614281592779,10.5,74.0,74.0,777.0,2255.0,1752135.0,2.5189160940403674,303.2277767477572,305.7466928417976
Sonora,San Felipe de Jesús,53,Ures,142,Alfalfa achicalada,2012,2013,29.870299,-110.319858,801.0,346.00865339394676,4.493618875246062,2.2092898083744865,8.170363521303447,14.504480519480524,8.754999999999999,20.92,22.943636363636365,13.42,31.06,6.065324675324676,0.45,11.02,34.37532467532468,11.57,65.17,18.33675324675325,5.92,25.94,2.462207792207792,0.95,5.05,18.07,0.23467532467532468,0.0,7.46,14.456000000000001,0.18774025974025976,0.0,5.968,9.161432022373162,4.728139386077287,13.889195803542785,0.05222412741055489,3,2,0,25,297.0048430526667,3.857205753930736,1.26363362617052,7.353327169173102,7.870898704071256,0.1022194636892371,0.0,3.1838242607095735,289.13394434859543,3.754986290241499,0.0,7.353327169173102,78.70898704071256,2891.3394434859542,2970.048430526667,282.54884305266665,0.026500910298878664,0.9734990897011214,12.6,100.0,100.0,1260.0,1921.9,2421594.0,6.246745003231156,229.47138440364716,235.71812940687832
Sonora,San Felipe de Jesús,53,Ures,142,Alfalfa achicalada,2013,2014,29.870299,-110.319858,801.0,311.4977885098404,4.098655111971584,1.412484466313874,7.690970649949449,12.811644736842107,2.51,23.14,20.894342105263156,9.09,34.03,4.7289473684210535,-4.97,13.97,38.75763157894737,13.67,87.07,17.604342105263157,6.29,25.18,2.5400000000000005,1.29,5.29,29.790000000000006,0.3919736842105264,0.0,17.12,23.832,0.31357894736842107,0.0,13.696000000000002,8.981171102835273,5.079063651602251,13.27249736691795,0.09563470784980845,4,2,0,42,271.78210488504493,3.5760803274348016,0.9803382607315824,6.921873584954504,8.407954616208366,0.11063098179221535,0.0,2.424,263.37415026883656,3.465449345642586,0.0,6.921873584954504,84.07954616208366,2633.7415026883655,2717.821048850449,247.95010488504494,0.030936380523525122,0.9690636194764749,10.9,105.0,105.0,1144.5,2620.0,2998590.0,7.713719831383822,241.62766079709775,249.34138062848157
Sonora,San Felipe de Jesús,53,Ures,142,Alfalfa achicalada,2014,2015,29.870299,-110.319858,801.0,356.75407525759647,4.694132569178901,2.559718708285495,7.743774119639988,17.03210526315789,9.96,22.915,25.183947368421048,17.0,33.31,8.880263157894738,2.13,13.64,30.326052631578943,10.61,69.99,17.78986842105263,6.52,25.72,2.230921052631579,1.31,4.69,9.22,0.12131578947368422,0.0,7.08,7.376000000000001,0.09705263157894739,0.0,5.664000000000001,8.805675082394075,4.418032907221155,13.231641249529273,0.02584413364680598,2,1,0,7,312.24981223736523,4.1085501610179636,1.023887483314198,6.9693967076759895,4.375291428136689,0.05756962405443011,0.0,2.6632914281366884,307.8745208092285,4.050980536963533,0.0,6.9693967076759895,43.752914281366884,3078.745208092285,3122.4981223736518,304.87381223736526,0.014012150709671815,0.985987849290328,13.2,110.0,110.0,1452.0,2110.62,3064620.24,3.31461471828537,233.23827334032464,236.55288805861002
Sonora,San Felipe de Jesús,53,Ures,142,Alfalfa achicalada,2015,2016,29.870299,-110.319858,801.0,299.6609884922486,3.94290774331906,1.0038063875160084,7.620073010348537,15.803947368421051,4.905,19.939999999999998,23.04381578947368,11.48,29.6,8.56407894736842,-2.68,14.05,48.176052631578955,23.57,90.89,16.505131578947367,3.05,24.09,2.460657894736842,1.12,6.23,101.29,1.332763157894737,0.0,26.56,81.032,1.0662105263157895,0.0,21.248,8.851329920177093,3.3293069332996996,13.37664685784698,0.3380153035923797,10,7,0,8,260.1635619892247,3.423204763016115,0.7931099752423488,6.858065709313683,20.319760296513657,0.26736526705939023,0.0,2.9175390251390327,239.84380169271108,3.155839495956725,0.0,6.858065709313683,203.19760296513658,2398.4380169271108,2601.635619892247,179.13156198922474,0.07810379032769872,0.9218962096723013,12.62,115.0,115.0,1451.3,2434.9,3533770.37,16.101236368077384,190.05055601641132,206.15179238448872
Sonora,San Felipe de Jesús,53,Ures,142,Alfalfa achicalada,2016,2017,29.870299,-110.319858,801.0,367.19178167371086,4.7687244373209206,1.5589667363320003,7.156452898500689,15.862012987012987,6.3100000000000005,22.655,24.442207792207792,11.16,33.04,7.281818181818182,-2.38,14.65,33.53857142857142,15.44,83.31,18.347402597402596,9.55,25.53,2.526233766233766,1.44,5.2,42.36,0.5501298701298701,0.0,11.12,33.888000000000005,0.44010389610389616,0.0,8.895999999999999,9.084562220384996,5.618767103221277,13.587531423342558,0.11536205904968044,7,5,0,23,327.8041277186784,4.25719646387894,0.6235866945328001,6.44080760865062,8.080787886956292,0.1049452972331986,0.0,2.1944046245469035,319.72333983172206,4.152251166645741,0.0,6.44080760865062,80.80787886956293,3197.2333983172207,3278.0412771867836,293.91612771867835,0.024651269473614523,0.9753487305263854,12.35,112.0,112.0,1383.2,2701.45,3736645.64,6.543148086604286,258.8852954103013,265.4284434969056
Sonora,San Felipe de Jesús,53,Ures,142,Alfalfa achicalada,2017,2018,29.870299,-110.319858,801.0,305.10233902143295,4.014504460808328,1.1754702402077366,6.698936627985533,15.602302631578949,7.62,25.33,23.149868421052634,11.39,33.6,8.054736842105262,0.59,17.24,46.622499999999995,26.12,89.64,17.192894736842106,4.19,24.77,2.3914473684210527,1.26,6.68,71.1,0.9355263157894737,0.0,18.44,56.88000000000001,0.7484210526315791,0.0,14.752000000000002,9.090310111138558,4.06764362294358,13.488783484829206,0.2330365615289673,9,4,0,15,265.90286336597376,3.4987218863943914,0.48833786567713533,6.02904296518698,13.131299626240228,0.172780258240003,0.0,1.864,252.77156373973352,3.3259416281543883,0.0,6.02904296518698,131.3129962624023,2527.7156373973353,2659.0286336597374,209.02286336597376,0.04938382182130564,0.9506161781786944,12.95,110.0,110.0,1424.5,2793.73,3979668.39,10.139999711382417,195.19039671021895,205.33039642160136
Sonora,San Felipe de Jesús,53,Ures,142,Alfalfa achicalada,2018,2019,29.870299,-110.319858,801.0,336.9625708664411,4.43371803771633,1.3392785247015218,7.605537809361658,16.333552631578947,8.36,22.060000000000002,24.055657894736843,12.44,30.19,8.611447368421054,1.19,14.71,37.32907894736842,16.06,90.14,16.998815789473685,6.38,24.3,2.4419736842105264,1.31,5.11,40.980000000000004,0.5392105263157895,0.0,18.31,32.784,0.43136842105263157,0.0,14.648,8.676479582523717,4.835828242339744,13.895879153324424,0.12161588123757189,7,3,0,11,294.79082273764465,3.8788266149690087,1.004077917970397,7.225260918893574,11.588498888748891,0.15248024853616962,0.0,2.209920206820069,283.2023238488957,3.726346366432838,0.0,7.225260918893574,115.8849888874889,2832.023238488957,2947.9082273764457,262.00682273764465,0.039310921490464175,0.9606890785095356,12.0,108.0,108.0,1296.0,3010.58,3901711.68,9.657082407290742,236.0019365407464,245.65901894803716
Sonora,San Felipe de Jesús,53,Ures,142,Alfalfa achicalada,2019,2020,29.870299,-110.319858,801.0,268.92623215497963,3.5385030546707847,0.8888809968925199,5.837817000279783,13.322697368421052,4.535,19.845,20.477368421052635,7.79,28.53,6.168026315789473,-2.72,11.93,48.85302631578948,24.19,90.08,15.572763157894734,2.93,25.01,2.4085526315789467,0.99,4.81,89.7,1.180263157894737,0.0,30.86,71.76,0.9442105263157895,0.0,24.688000000000002,8.425318807106876,3.285333997682698,13.923779449673777,0.3335487181046241,9,3,0,26,236.6550966688938,3.1138828509064975,0.35555239875700795,5.254035300251805,16.07628269874549,0.2115300355098091,0.0,2.272,220.57881397014833,2.9023528153966884,0.0,5.254035300251805,160.7628269874549,2205.7881397014835,2366.5509666889384,164.8950966688938,0.06793127604278033,0.9320687239572197,13.12,110.0,110.0,1443.2,3170.22,4575261.5,12.2532642520926,168.1240960138326,180.3773602659252
Sonora,San Felipe de Jesús,53,Ures,142,Alfalfa achicalada,2020,2021,29.870299,-110.319858,801.0,257.05924783655485,3.338431790085128,1.2036839993248412,6.56051377497201,13.481558441558441,3.925,18.895,20.657922077922077,11.59,27.12,6.305194805194804,-3.74,15.07,54.30961038961039,27.62,86.34,15.897142857142859,3.24,24.88,2.2412987012987013,1.18,5.92,80.8,1.0493506493506493,0.0,22.96,64.64,0.8394805194805195,0.0,18.368000000000002,8.673754262121719,3.4795146983759757,14.420642437743126,0.31432442396071586,11,6,0,25,223.67919474655656,2.9049246070981374,0.7550458169033623,5.904462397474809,18.24286698454279,0.23692035044860765,0.0,2.150476783965757,205.43632776201378,2.6680042566495294,0.0,5.904462397474809,182.4286698454279,2054.3632776201375,2236.7919474655655,159.03919474655657,0.0815581753377339,0.9184418246622661,13.62,111.0,111.0,1512.0,3317.37,5015863.44,13.394175465890449,150.83430819531114,164.22848366120158
Sonora,San Felipe de Jesús,53,Ures,142,Alfalfa achicalada,2021,2022,29.870299,-110.319858,801.0,328.45492255225054,4.321775296740139,1.4720599738375704,6.728399943441068,14.03736842105263,4.245,19.68,22.28171052631579,8.27,29.34,5.793026315789474,-0.9,12.27,36.11263157894737,12.04,84.65,17.812763157894732,5.16,25.8,2.4943421052631574,1.15,4.31,47.14,0.6202631578947368,0.0,22.22,37.712,0.4962105263157895,0.0,17.776,8.946484867166753,4.153009010337947,14.062330292857068,0.14352045520797752,5,2,0,30,284.5550835100436,3.7441458356584683,0.8740810187513681,6.102106281791201,8.579633180570529,0.11288991027066485,0.0,1.829436219828242,275.9754503294731,3.631255925387804,0.0,6.102106281791201,85.79633180570528,2759.754503294731,2845.5508351004364,246.84308351004358,0.030151045185132685,0.9698489548148675,13.66,110.0,110.0,1502.6,3535.1,5311841.26,6.280844202467444,202.03180844031706,208.3126526427845
Sonora,San Felipe de Jesús,53,Ures,142,Alfalfa achicalada,2022,2023,29.870299,-110.319858,801.0,330.9231108892054,4.354251459068492,1.9244578303470508,8.30491729486495,14.025263157894738,5.390000000000001,21.66,22.389868421052633,13.24,31.94,5.660657894736842,-3.28,13.05,36.94263157894736,13.04,74.09,18.25815789473684,6.24,25.51,2.5282894736842105,1.17,6.02,4.9799999999999995,0.06552631578947368,0.0,3.4,3.9840000000000004,0.05242105263157895,0.0,2.72,9.193472113524491,4.733397071382511,13.352434559562974,0.015048812960262925,1,0,0,29,289.78138316898327,3.81291293643399,0.7697831321388203,7.474425565378455,3.4735333722006194,0.04570438647632394,0.0,2.209533372200619,286.30784979678265,3.7672085499576666,0.0,7.474425565378455,34.735333722006196,2863.0784979678265,2897.8138316898326,285.7973831689833,0.011986737499196288,0.9880132625008037,13.55,110.0,110.0,1490.0,3437.31,5121591.9,2.563493263616693,211.29730612308683,213.86079938670352
Sonora,San Felipe de Jesús,53,Ures,142,Alfalfa achicalada,2023,2024,29.870299,-110.319858,801.0,287.2265289316767,3.779296433311535,1.1662168473581316,7.266327342513392,13.080065789473684,5.225,20.18,20.579473684210527,11.35,29.81,5.5806578947368415,-2.83,13.57,44.57039473684211,20.27,86.54,16.219473684210524,2.41,24.31,2.6017105263157894,1.33,5.54,53.919999999999995,0.7094736842105263,0.0,11.12,43.136,0.5675789473684211,0.0,8.895999999999999,8.543155795841141,3.2542628522383623,13.47733917948917,0.1877263921287232,10,5,0,35,251.1810909504548,3.3050143546112474,0.6617946693885676,6.903010975387723,15.261314677088329,0.2008067720669517,0.0,1.8800000000000001,235.9197762733665,3.104207582544296,0.0,6.903010975387723,152.6131467708833,2359.197762733665,2511.8109095045484,208.0450909504548,0.060758214797699904,0.9392417852023002,13.69,100.0,100.0,1369.0,3359.83,4599607.27,11.147782817449475,172.3300045824445,183.47778739989397
Sonora,San Felipe de Jesús,53,Ures,142,Pastos y praderas,2010,2011,29.870299,-110.319858,801.0,1672.093616422455,6.824871903765122,1.5562424042852037,11.244336503108434,23.874816326530613,9.145000000000001,34.17,31.519836734693875,15.56,41.99,16.229795918367348,1.21,26.35,40.940653061224495,9.85,90.56,25.13983673469388,5.15,32.38,2.3924081632653063,0.97,5.89,308.3,1.2583673469387755,0.0,29.6,184.97999999999996,0.7550204081632651,0.0,17.76,15.120469049472849,4.555821647855998,19.269912144684483,0.18437962861171997,47,18,80,7,1403.904071063945,5.730220698220183,1.0499416956098957,9.557686027642168,112.06389425388342,0.4574036500158507,0.0,5.96389887103934,1291.8401768100616,5.272817048204333,0.0,9.551686027642168,1120.6389425388343,12918.401768100615,14039.040710639449,1218.924071063945,0.07982304244545434,0.9201769575545458,45.0,51.0,51.0,2295.0,643.5,1476832.5,24.903087611974094,287.07559484668036,311.9786824586545
Sonora,San Felipe de Jesús,53,Ures,142,Pastos y praderas,2011,2012,29.870299,-110.319858,801.0,1813.2573375873978,7.401050357499583,3.465611232489911,11.630768546980184,25.087857142857146,11.89,34.894999999999996,33.22673469387755,18.09,43.66,16.948979591836736,3.5,26.89,33.56938775510204,6.37,79.13,25.608693877551016,14.98,32.72,2.4017959183673465,0.75,6.95,238.40000000000003,0.973061224489796,0.0,21.14,190.72,0.7784489795918367,0.0,16.912000000000003,15.034843395581566,8.148525440571031,19.667802301801903,0.13147609832214965,42,17,89,2,1511.5416787452305,6.169557872429512,1.905844219648219,9.886153264933156,142.00204196684513,0.5796001712932454,0.0,8.447483904633268,1369.539636778385,5.5899577011362656,0.0,9.886153264933156,1420.0204196684513,13695.396367783851,15115.416787452303,1320.8216787452304,0.09394517131987036,0.9060548286801294,40.2,50.0,50.0,2010.0,454.0,912540.0,35.323891036528636,340.6815016861654,376.00539272269407
Sonora,San Felipe de Jesús,53,Ures,142,Pastos y praderas,2012,2013,29.870299,-110.319858,801.0,1696.6630834864495,6.9251554428018345,2.082636083582605,13.158008945654482,24.26667346938775,9.129999999999999,34.185,31.93673469387755,11.83,42.9,16.596612244897962,1.61,25.47,38.564081632653064,6.97,86.85,24.98028571428571,6.64,32.48,2.282122448979592,0.97,5.05,328.37,1.3402857142857143,0.0,15.04,197.022,0.8041714285714285,0.0,9.024,14.845730073475357,5.591295183594478,19.09787918597852,0.1935387191458407,60,26,73,9,1413.6124841781543,5.769846874196548,1.7702406710452143,11.184307603806309,156.6594044353315,0.6394261405523735,0.0,5.902748996004059,1256.9530797428229,5.130420733644175,0.0,11.184307603806309,1566.594044353315,12569.53079742823,14136.124841781544,1216.5904841781544,0.11082202950861043,0.8891779704913896,42.6,96.0,96.0,4089.6,458.0,1873036.8,36.77450808341115,295.059408390334,331.83391647374515
Sonora,San Felipe de Jesús,53,Ures,142,Pastos y praderas,2013,2014,29.870299,-110.319858,801.0,1753.6347778645704,7.1576929708757975,2.3378220059688983,11.711581502778374,24.662734693877553,9.97,33.91,32.538163265306125,16.5,45.94,16.787306122448978,3.44,25.71,36.237306122448985,5.7,85.66,25.181061224489795,8.24,32.47,2.393795918367347,0.92,5.43,243.85000000000002,0.9953061224489796,0.0,25.46,195.08,0.7962448979591837,0.0,20.368000000000002,14.917542243134594,6.058101864245535,19.1274200964958,0.13905403968832103,39,17,69,3,1466.889330866146,5.987303391290392,1.4381001942092264,9.954844277361618,129.40285149652954,0.5281749040674675,0.0,6.240514412512065,1337.4864793696167,5.459128487222926,0.0,9.954844277361618,1294.0285149652955,13374.864793696168,14668.893308661463,1271.8093308661462,0.08821582431179163,0.9117841756882085,42.4,104.0,104.0,4409.6,452.0,1993139.2,30.519540447294705,315.4449243796266,345.96446482692136
Sonora,San Felipe de Jesús,53,Ures,142,Pastos y praderas,2014,2015,29.870299,-110.319858,801.0,1647.6097114019954,6.7249375975591645,1.437012412199093,13.645640572415116,24.432102040816325,14.32,35.144999999999996,31.58040816326531,19.91,44.36,17.28379591836735,6.16,25.93,42.95510204081633,6.33,92.63,24.47383673469388,5.01,32.05,2.2316326530612245,0.53,5.12,465.49,1.8999591836734695,0.0,72.89,279.294,1.1399755102040816,0.0,43.734,14.774593940345834,4.5205141568133795,18.98044763719165,0.2825244332918517,65,26,57,0,1378.3513950162912,5.625924061290984,1.1836850791718614,11.59879448655285,156.58744113303197,0.6391324127878856,0.0,5.582328135112861,1221.7639538832593,4.986791648503099,0.0,11.59879448655285,1565.8744113303196,12217.639538832593,13783.513950162913,1099.0573950162911,0.1136048773188068,0.8863951226811932,43.2,91.0,91.0,3931.2,455.0,1788696.0,36.247092854868505,282.81573006556926,319.0628229204378
Sonora,San Felipe de Jesús,53,Ures,142,Pastos y praderas,2015,2016,29.870299,-110.319858,801.0,1531.9804391556997,6.2529813843089785,1.460946572022077,11.098010990490245,23.971020408163263,11.17,33.31,30.75991836734694,15.59,43.06,17.182122448979587,5.32,24.79,48.83918367346939,12.78,91.46,23.804816326530613,4.51,32.35,2.2528163265306125,0.78,5.34,425.51,1.7367755102040816,0.0,39.39,255.30599999999995,1.0420653061224487,0.0,23.634,14.778224021769239,4.248878375339283,19.861329952836083,0.27775158815637735,59,24,43,0,1283.9390743629842,5.24056765046116,0.5843786288088307,9.433309341916708,150.9378057102532,0.6160726763683804,0.0,5.219482021218494,1133.0012686527307,4.624494974092778,0.0,9.433309341916708,1509.378057102532,11330.012686527307,12839.39074362984,1028.6330743629842,0.1175583863160639,0.8824416136839358,45.0,86.0,86.0,3870.0,431.55,1670098.5,33.54173460227849,251.77805970060683,285.3197943028853
Sonora,San Felipe de Jesús,53,Ures,142,Pastos y praderas,2016,2017,29.870299,-110.319858,801.0,1713.1711712348592,6.992535392795344,2.2875403711836837,12.931879928849183,24.987979591836737,8.595,34.51,32.81236734693877,12.64,45.16,17.163591836734692,4.21,25.68,37.80155102040817,8.75,84.15,25.186204081632656,6.52,32.57,2.2701224489795915,0.88,5.79,249.89,1.0199591836734694,0.0,24.92,199.91199999999998,0.8159673469387754,0.0,19.936000000000003,15.06344178245035,5.494373902149751,18.997772883061707,0.145864000162855,40,19,74,2,1430.6717817660472,5.839476660269581,0.9269931584739972,10.992097939521805,126.28190638545698,0.5154363525937019,0.0,5.573689128688854,1304.3898753805902,5.324040307675879,0.0,10.992097939521805,1262.8190638545698,13043.898753805901,14306.71781766047,1230.7597817660471,0.08826755933465907,0.911732440665341,44.6,100.0,100.0,4460.0,442.92,1975423.2,28.3143287859769,292.4640976189664,320.7784264049433
Sonora,San Felipe de Jesús,53,Ures,142,Pastos y praderas,2017,2018,29.870299,-110.319858,801.0,1749.7960234383427,7.142024585462623,2.741565666866421,11.491042720881302,25.499040816326527,14.415,35.129999999999995,33.29359183673469,19.36,45.76,17.704489795918366,5.84,26.4,37.20106122448979,5.56,88.39,25.22595918367347,10.29,32.59,2.2636734693877547,0.82,4.87,251.84000000000003,1.027918367346939,0.0,19.78,151.10399999999998,0.6167510204081632,0.0,11.868,14.94349502906792,7.734204034034885,19.09706565755012,0.14392534708424778,45,18,84,0,1463.5003673557167,5.97347088716619,1.7915867333394282,9.767386312749107,120.39499118535231,0.4914081272871523,0.0,5.1383917970371,1343.1053761703645,5.482062759879039,0.0,9.767386312749107,1203.9499118535232,13431.053761703644,14635.003673557167,1312.3963673557166,0.08226509119562746,0.9177349088043726,45.75,109.0,109.0,4986.75,452.0,2254011.0,26.315845067836573,293.5749456110086,319.8907906788452
Sonora,San Felipe de Jesús,53,Ures,142,Pastos y praderas,2018,2019,29.870299,-110.319858,801.0,1648.1977769446207,6.727337865080084,1.2940585054972833,11.344319116810617,24.71238775510204,12.829999999999998,33.760000000000005,31.903469387755102,19.22,43.51,17.521306122448976,1.67,26.46,43.29175510204082,6.78,88.56,24.443551020408165,3.16,32.56,2.1925306122448984,0.84,4.63,434.66,1.774122448979592,0.0,33.06,260.796,1.0644734693877551,0.0,19.836000000000002,14.798212149939113,3.519622945822424,19.524529509593467,0.263718351086336,55,24,74,1,1377.5005726375311,5.622451316887882,1.0999497296726908,9.642671249289023,139.87536752514384,0.5709198674495667,0.0,6.730580324028534,1237.6252051123874,5.051531449438317,0.0,9.642671249289023,1398.7536752514384,12376.252051123874,13775.005726375313,1116.704572637531,0.10154287432151216,0.8984571256784879,46.2,105.0,105.0,4851.0,463.0,2246013.0,30.276053576870957,267.8842435308198,298.1602971076907
Sonora,San Felipe de Jesús,53,Ures,142,Pastos y praderas,2019,2020,29.870299,-110.319858,801.0,1622.5510586133187,6.622657382095178,2.0478608066478072,11.425675412330065,24.065387755102044,10.535,34.714999999999996,31.33902040816327,13.78,42.95,16.791755102040813,3.46,26.52,43.64861224489796,12.08,88.41,24.62926530612245,4.35,32.63,2.265591836734694,0.96,4.81,362.79,1.4807755102040818,0.0,41.28,217.674,0.888465306122449,0.0,24.768,14.99715112759115,4.422508271583547,19.158347384502903,0.22359234741743741,51,23,55,2,1360.3897313253296,5.552611148266652,0.9293870560809409,9.711824100480555,130.91543064270576,0.5343486965008398,0.0,5.611162316621446,1229.4743006826238,5.018262451765811,0.0,9.711824100480555,1309.1543064270577,12294.743006826238,13603.897313253296,1142.7157313253297,0.09623376862391066,0.9037662313760892,44.75,103.0,103.0,4609.25,468.5,2159433.63,29.25484483635883,274.7428604877372,303.997705324096
Sonora,San Felipe de Jesús,53,Ures,142,Pastos y praderas,2022,2023,29.870299,-110.319858,801.0,1583.5191709861315,6.463343555045435,1.7468801483484713,11.971434906184435,23.93202040816326,11.915000000000001,32.7,31.139510204081635,20.68,42.81,16.724530612244894,2.37,25.22,45.585510204081636,3.41,92.85,24.33559183673469,7.09,32.26,2.142938775510204,0.69,4.81,562.9799999999999,2.2978775510204077,0.0,55.95,337.788,1.378726530612245,0.0,33.57,14.706189856147649,5.528214732644462,19.20578418326246,0.35552458746009746,76,29,55,7,1323.3330357582245,5.401359329625406,1.3553873725381704,10.175719670256768,186.20550217592032,0.7600224578608993,0.0,5.925979456034452,1137.1275335823043,4.641336871764508,0.0,10.175719670256768,1862.055021759203,11371.275335823044,13233.330357582247,985.5450357582245,0.1407094791291377,0.8592905208708624,45.48,104.0,104.0,4729.92,890.0,4209628.8,40.94228280033428,250.0280416847635,290.97032448509776
Sonora,San Felipe de Jesús,53,Ures,142,Pastos y praderas,2023,2024,29.870299,-110.319858,801.0,1823.702377924654,7.443683175202669,2.876421784557972,12.156953916888982,25.77210204081632,7.08,35.370000000000005,33.95555102040816,13.95,45.09,17.58865306122449,0.21,26.95,32.71808163265306,8.13,80.39,25.317020408163266,8.92,32.04,2.4109795918367345,1.05,4.81,162.48,0.6631836734693877,0.0,27.56,129.984,0.5305469387755103,0.0,22.048000000000002,14.992833911489852,6.998819362122684,18.98545140341272,0.08909348475210072,37,8,114,8,1528.9111502626297,6.240453674541346,1.2577329990964707,10.333410829355634,96.71485495115581,0.3947545100047176,0.0,5.408,1432.196295311474,5.8456991645366285,0.0,10.333410829355634,967.1485495115581,14321.96295311474,15289.111502626298,1398.9271502626298,0.06325734162808778,0.9367426583719123,45.65,115.0,115.0,5249.75,741.8,3894264.55,21.186167568708832,313.7341282171904,334.9202957858992
Sonora,San Felipe de Jesús,53,Ures,142,Frijol,2010,2011,29.870299,-110.319858,801.0,1089.9554335005519,7.730180379436538,2.561240756316493,11.244336503108434,27.043439716312058,15.03,34.17,34.45269503546099,23.14,41.99,19.634184397163118,6.57,26.35,40.04787234042553,9.85,89.68,27.055390070921984,11.68,32.38,2.3134042553191487,0.97,5.21,251.60999999999999,1.7844680851063828,0.0,29.6,150.966,1.07068085106383,0.0,17.76,16.680880254700362,8.768708991968808,19.269912144684483,0.23084430084624427,35,15,73,0,874.9424016463151,6.205265259902944,0.8964342647107726,12.930986978574698,78.29335810886197,0.5552720433252621,0.0,6.84367753357424,796.649043537453,5.649993216577681,0.0,12.924986978574697,782.9335810886197,7966.4904353745305,8749.42401646315,723.9764016463151,0.08948401398942728,0.9105159860105726,1.4,15.0,15.0,21.0,12100.0,254100.0,559.2382722061569,5690.3503109818075,6249.588583187964
Sonora,San Felipe de Jesús,53,Ures,142,Frijol,2011,2012,29.870299,-110.319858,801.0,1103.2922265809466,7.824767564403876,3.465611232489911,11.630768546980184,27.24358156028369,17.84,34.894999999999996,34.80156028368795,25.47,43.66,19.685602836879433,8.53,26.89,39.21787234042553,6.37,79.13,26.90851063829787,14.98,32.72,2.328581560283688,0.75,6.95,230.40000000000003,1.6340425531914895,0.0,21.14,184.32000000000005,1.3072340425531919,0.0,16.912000000000003,16.57444704047949,10.67736895637347,19.667802301801903,0.20882953260171094,41,17,71,0,883.2239223489008,6.263999449282984,1.2129639313714686,13.37538382902721,117.5782292369642,0.8338881506167675,0.0,11.42894881215089,765.6456931119368,5.430111298666218,0.0,13.37538382902721,1175.7822923696422,7656.456931119368,8832.23922348901,698.9039223489008,0.13312391825197548,0.8668760817480248,1.38,6.0,6.0,8.28,11450.0,94806.0,852.0161538910451,5548.15719646331,6400.1733503543555
Sonora,San Felipe de Jesús,53,Ures,142,Frijol,2012,2013,29.870299,-110.319858,801.0,1041.0578979986058,7.383389347507842,3.214546823434826,13.158008945654482,26.74276595744681,20.415,34.185,33.78744680851064,25.05,42.9,19.69808510638298,10.4,25.47,44.74886524822695,6.97,86.85,26.264326241134754,13.32,32.48,2.174822695035461,0.97,4.7,324.9,2.304255319148936,0.0,15.04,194.94,1.3825531914893616,0.0,9.024,16.32245580025835,9.820741826763845,19.09787918597852,0.31208638887866647,58,26,64,0,829.0426422153636,5.8797350511727915,1.1250913882021891,15.131710287502653,125.0074990811899,0.8865780076680135,0.0,7.926,704.0351431341735,4.993157043504777,0.0,15.131710287502653,1250.0749908118992,7040.3514313417345,8290.426422153634,634.1026422153636,0.15078536701941592,0.8492146329805839,1.4,5.0,5.0,7.0,11500.0,80500.0,892.9107077227852,5028.822450958382,5921.733158681168
Sonora,San Felipe de Jesús,53,Ures,142,Frijol,2013,2014,29.870299,-110.319858,801.0,1089.2085213380356,7.724883130056989,2.586907501390914,11.711581502778374,27.557163120567374,20.355,33.91,34.87595744680851,25.37,45.94,20.238368794326245,11.72,25.71,40.787234042553195,9.93,85.66,26.226241134751774,9.48,32.47,2.3531205673758864,0.92,5.09,240.65000000000003,1.7067375886524825,0.0,25.46,192.51999999999998,1.3653900709219857,0.0,20.368000000000002,16.294843913171963,7.199898379128753,19.1274200964958,0.22094024723968753,39,17,66,0,866.7169180551231,6.146928496844844,0.9054176254868199,12.812915509350457,110.39368605831581,0.7829339436759987,0.0,8.225598549721674,756.3232319968072,5.363994553168845,0.0,12.812915509350457,1103.936860583158,7563.232319968072,8667.169180551231,674.1969180551231,0.1273699448558529,0.872630055144147,1.72,5.0,5.0,8.6,13890.0,119454.0,641.8237561529988,4397.228093004694,5039.051849157692
Sonora,San Felipe de Jesús,53,Ures,142,Frijol,2016,2017,29.870299,-110.319858,801.0,1061.877992046453,7.531049588981936,2.2875403711836837,12.931879928849183,27.12358156028369,17.41,34.51,34.56978723404256,26.23,45.16,19.677375886524825,8.28,25.68,42.12822695035461,8.75,84.15,26.715744680851063,6.52,32.57,2.2366666666666664,0.88,5.79,231.81000000000003,1.6440425531914895,0.0,24.92,185.448,1.3152340425531917,0.0,19.936000000000003,16.649811505331186,5.494373902149751,18.997772883061707,0.21830191579096145,38,17,66,0,848.0431466899562,6.014490402056427,0.8006391299142892,14.871661918176558,108.3729213537693,0.7686022791047468,0.0,7.5408735270496265,739.6702253361871,5.245888122951682,0.0,14.871661918176558,1083.7292135376929,7396.702253361871,8480.431466899565,662.5951466899562,0.12779175420114602,0.8722082457988541,1.48,2.0,2.0,2.96,8400.0,24864.0,732.2494686065493,4997.771792812075,5730.021261418624
Sonora,San Felipe de Jesús,53,Ures,142,Frijol,2017,2018,29.870299,-110.319858,801.0,1041.438313373841,7.38608732889249,2.741565666866421,11.491042720881302,27.18404255319149,14.415,35.129999999999995,34.357517730496454,19.36,45.76,20.010567375886524,8.17,26.4,43.78290780141844,5.56,88.39,26.142340425531913,10.29,32.59,2.1565957446808515,0.82,4.53,251.22000000000003,1.7817021276595746,0.0,19.78,150.732,1.0690212765957448,0.0,11.868,16.285545382369893,7.734204034034885,19.09706565755012,0.241224080940664,45,18,63,0,824.7117109770907,5.849019226787877,1.1733057572944736,13.214699129013496,121.54634208761456,0.862030794947621,0.0,6.846943243788461,703.1653688894762,4.986988431840257,0.0,13.214699129013496,1215.4634208761456,7031.653688894762,8247.117109770908,673.9797109770907,0.1473804002899517,0.8526195997100484,1.45,1.5,1.5,2.17,9150.0,19855.5,838.250635086997,4849.416337168802,5687.666972255799
Sonora,San Felipe de Jesús,53,Ures,142,Frijol,2018,2019,29.870299,-110.319858,801.0,1048.5060502615224,7.436213122422145,2.943485004315274,11.344319116810617,27.38187943262411,16.53,33.760000000000005,34.29673758865248,23.58,43.51,20.467021276595744,8.44,26.46,44.768936170212775,6.78,84.81,26.209148936170212,7.59,32.56,2.144255319148936,0.84,4.63,320.26000000000005,2.2713475177304967,0.0,21.4,192.15599999999998,1.3628085106382977,0.0,12.839999999999998,16.366781818306578,6.4064931229545445,19.524529509593467,0.3054441125257404,45,19,71,0,841.9979307754338,5.971616530322225,1.1920834478955193,13.045966984332209,105.27137631522767,0.7466055057817566,0.0,9.106079261920957,736.726554460206,5.225011024540468,0.0,13.045966984332209,1052.7137631522767,7367.26554460206,8419.979307754336,649.8419307754339,0.12502569479984174,0.8749743052001581,1.44,1.5,1.5,2.16,12750.0,27540.0,731.0512244113032,5116.156628195875,5847.207852607178
Sonora,San Felipe de Jesús,53,Ures,142,Frijol,2019,2020,29.870299,-110.319858,801.0,1041.8105504887126,7.388727308430585,3.519291612602341,11.425675412330065,26.759858156028372,17.96,34.714999999999996,33.66361702127659,24.71,42.95,19.856099290780143,8.63,26.52,44.268794326241135,12.08,84.73,26.618368794326237,13.47,32.63,2.2380141843971626,0.96,4.18,248.04000000000002,1.7591489361702128,0.0,16.24,198.43200000000004,1.4073191489361705,0.0,12.991999999999999,16.66329983942821,9.6872517877023,19.158347384502903,0.2380855136124746,41,19,51,0,852.1752926202723,6.043796401562215,1.2317520644108193,13.139526724179573,98.71296650847722,0.70009196105303,0.0,7.425380940949512,753.462326111795,5.3437044405091845,0.0,13.139526724179573,987.1296650847722,7534.62326111795,8521.752926202722,653.7432926202723,0.11583645684557946,0.8841635431544205,1.35,1.4,1.4,1.89,17650.0,33358.5,731.2071593220535,5581.202415642926,6312.40957496498
Sonora,San Felipe de Jesús,53,Ures,142,Frijol,2020,2021,29.870299,-110.319858,801.0,1134.836414020338,8.048485205818,3.1468953493767615,11.240270493616421,28.65553191489362,22.240000000000002,34.269999999999996,36.37737588652483,26.86,43.19,20.93368794326241,13.09,25.37,37.83085106382978,11.38,80.82,26.749007092198582,12.78,32.73,2.33822695035461,0.86,4.32,169.57000000000002,1.2026241134751774,0.0,13.87,135.65600000000003,0.9620992907801421,0.0,11.096,16.584765678344837,9.35381516546889,19.302489933533565,0.14942241710351134,35,11,94,0,898.960301216217,6.375604973164659,1.1014133722818664,12.926311067658883,91.34861589078643,0.6478625240481307,0.0,7.932627235825057,807.6116853254302,5.727742449116526,0.0,12.926311067658883,913.4861589078644,8076.116853254302,8989.603012162166,763.3043012162169,0.10161585085258994,0.8983841491474097,1.67,1.5,1.5,2.5,19800.0,49500.0,546.997699944829,4835.99811572114,5382.995815665969
Sonora,San Felipe de Jesús,53,Ures,142,Frijol,2021,2022,29.870299,-110.319858,801.0,1014.1563379396491,7.192598141415951,2.49189764882872,11.990431970612532,27.104361702127658,19.145,33.76,33.90780141843972,24.29,43.97,20.3009219858156,8.41,24.52,47.281418439716305,6.58,89.77,25.923971631205678,9.83,32.41,2.1034042553191483,0.75,4.54,312.78999999999996,2.2183687943262407,0.0,29.95,187.67399999999998,1.3310212765957445,0.0,17.97,16.321789665028547,7.6582325067373755,19.176882044629988,0.308423847782149,53,16,49,0,805.6479994103556,5.713815598655004,0.9658810558447707,13.788996766204411,107.76638321671314,0.7643005901894548,0.0,6.394244213097608,697.8816161936425,4.949515008465549,0.0,13.788996766204411,1077.6638321671314,6978.816161936425,8056.479994103556,617.9739994103556,0.13376360804667312,0.8662363919533268,1.33,1.5,1.5,2.0,19850.0,39700.0,810.2735580203995,5247.23019694468,6057.50375496508
Sonora,San Felipe de Jesús,53,Ures,142,Cacahuate,2010,2011,29.870299,-110.319858,801.0,1246.1230535823702,7.287269319195147,1.5562424042852037,11.244336503108434,26.738157894736844,15.03,34.17,34.020409356725146,23.14,41.99,19.455906432748538,6.57,26.35,42.18643274853801,9.85,90.56,25.744269005847954,5.15,32.38,2.267777777777778,0.97,5.21,296.9,1.7362573099415204,0.0,29.6,178.14000000000001,1.0417543859649123,0.0,17.76,15.816690037597143,4.555821647855998,19.269912144684483,0.2382589738200157,44,17,80,0,993.5402116292852,5.81017667619465,0.9337454425711221,12.930986978574698,104.04790868538726,0.6084673022537267,0.0,6.84367753357424,889.4923029438979,5.201709373940924,0.0,12.924986978574697,1040.4790868538726,8894.92302943898,9935.402116292853,815.4002116292852,0.10472440618660148,0.8952755938133985,2.3,30.0,30.0,69.0,12000.0,828000.0,452.3822116755968,3867.3578388865135,4319.74005056211
Sonora,San Felipe de Jesús,53,Ures,142,Cacahuate,2011,2012,29.870299,-110.319858,801.0,1297.6494472949826,7.588593259034986,3.465611232489911,11.630768546980184,27.033245614035085,17.84,34.894999999999996,34.72222222222222,25.1,43.66,19.344269005847952,8.53,26.89,37.43883040935673,6.37,79.13,25.948654970760234,14.98,32.72,2.2887134502923976,0.75,6.95,233.57,1.365906432748538,0.0,21.14,186.856,1.0927251461988303,0.0,16.912000000000003,15.708864441258497,9.838570068388957,19.667802301801903,0.1799946822979725,41,17,87,0,1018.1496545200088,5.954091546900636,2.452821332233864,13.37538382902721,150.83921890116298,0.8821006953284385,0.0,11.42894881215089,867.3104356188458,5.071990851572197,0.0,13.37538382902721,1508.3921890116299,8673.104356188458,10181.496545200087,831.2936545200088,0.14815034138795033,0.8518496586120496,2.24,28.0,28.0,62.72,14000.0,878080.0,673.3893700944775,3871.921587584133,4545.31095767861
Sonora,San Felipe de Jesús,53,Ures,142,Cacahuate,2012,2013,29.870299,-110.319858,801.0,1203.0573129311051,7.035422882638041,2.4104764313736817,13.158008945654482,26.349181286549708,19.57,34.185,33.44099415204679,24.94,42.9,19.257368421052632,10.4,25.47,44.68502923976608,6.97,86.85,25.1612865497076,7.35,32.48,2.1297076023391814,0.97,4.7,326.70000000000005,1.9105263157894739,0.0,15.04,196.01999999999998,1.1463157894736842,0.0,9.024,15.49964113573421,5.825119993025557,19.09787918597852,0.2715581348356834,59,26,69,0,945.5574776926143,5.529575892939265,1.446285858824209,15.131710287502653,149.53684900011456,0.8744844970766933,0.0,7.926,796.0206286924996,4.655091395862571,0.0,15.131710287502653,1495.3684900011456,7960.206286924996,9455.574776926142,749.5374776926143,0.1581467573658453,0.8418532426341546,2.44,15.0,15.0,36.6,14250.0,521550.0,612.8559385250596,3262.3796257889326,3875.235564313992
Sonora,San Felipe de Jesús,53,Ures,142,Cacahuate,2013,2014,29.870299,-110.319858,801.0,1255.0085265696027,7.339231149529841,2.3378220059688983,11.711581502778374,26.74725146198831,18.09,33.91,34.13362573099415,25.21,45.94,19.360877192982457,9.31,25.71,41.25461988304093,9.93,85.66,25.364210526315794,8.24,32.47,2.294970760233918,0.92,5.09,241.46,1.412046783625731,0.0,25.46,193.168,1.1296374269005849,0.0,20.368000000000002,15.57409464404271,6.058101864245535,19.1274200964958,0.1923970992133404,39,17,67,0,994.5388347116098,5.816016577260876,1.4026932035813389,12.812915509350457,127.84269112106192,0.7476180767313563,0.0,8.225598549721674,866.6961435905476,5.0683985005295185,0.0,12.812915509350457,1278.4269112106192,8666.961435905476,9945.388347116095,801.3708347116097,0.12854469494711382,0.871455305052886,2.3,15.0,15.0,34.5,14000.0,483000.0,555.837787482878,3768.2441025675985,4324.081890050476
Sonora,San Felipe de Jesús,53,Ures,142,Cacahuate,2014,2015,29.870299,-110.319858,801.0,1180.3452579099853,6.902603847426815,1.437012412199093,13.645640572415116,26.306111111111107,18.25,35.144999999999996,32.97011695906433,23.09,44.36,19.642105263157895,9.53,25.93,48.122163742690056,7.56,92.63,24.8419298245614,5.01,32.05,2.146198830409357,0.53,5.12,455.21,2.6620467836257307,0.0,72.89,273.126,1.5972280701754384,0.0,43.734,15.454840563235752,4.5205141568133795,18.98044763719165,0.3856583461063177,63,25,56,0,931.1023915927767,5.445043225688753,0.8622074473194558,13.168809924566261,148.83084718741515,0.8703558315053517,0.0,7.092,782.2715444053616,4.574687394183401,0.0,13.168809924566261,1488.3084718741516,7822.715444053616,9311.023915927768,657.9763915927767,0.15984369552828645,0.8401563044717136,1.75,10.0,7.0,12.25,14210.0,174072.5,850.4619839280866,4470.123110887781,5320.585094815868
Sonora,San Felipe de Jesús,53,Ures,142,Cacahuate,2015,2016,29.870299,-110.319858,801.0,1108.3030654071395,6.481304476065143,1.9512897431789533,11.098010990490245,25.93453216374269,17.375,33.31,32.36456140350877,23.54,43.06,19.50450292397661,7.52,24.79,52.57479532163743,12.78,91.46,24.301754385964916,4.51,32.35,2.1787134502923973,0.78,4.47,380.80999999999995,2.226959064327485,0.0,39.39,228.486,1.3361754385964912,0.0,23.634,15.501379694738572,4.248878375339283,19.861329952836083,0.34359735336481084,52,21,43,0,881.8420704494217,5.1569711722188405,1.170773845907372,12.718306756558878,134.82295734098614,0.7884383470233107,0.0,5.718195839272507,747.0191131084356,4.36853282519553,0.0,12.718306756558878,1348.2295734098614,7470.191131084356,8818.420704494218,653.3560704494217,0.1528878717163891,0.8471121282836109,1.84,55.0,55.0,101.2,14990.0,1516988.0,732.7334638097072,4059.886484284976,4792.619948094683
Sonora,San Felipe de Jesús,53,Ures,142,Cacahuate,2016,2017,29.870299,-110.319858,801.0,1228.1779421709023,7.182327147198259,2.2875403711836837,12.931879928849183,26.846023391812867,17.41,34.51,34.27871345029239,26.23,45.16,19.413333333333334,8.28,25.68,42.08789473684211,8.75,84.15,25.58432748538012,6.52,32.57,2.178011695906433,0.88,5.79,243.26,1.4225730994152046,0.0,24.92,194.608,1.1380584795321638,0.0,19.936000000000003,15.768777326923646,5.494373902149751,18.997772883061707,0.19806576201003787,39,18,69,0,966.4468586225807,5.65173601533673,1.3725242227102101,14.871661918176558,136.1307736911568,0.7960863958547182,0.0,7.5408735270496265,830.316084931424,4.855649619482012,0.0,14.871661918176558,1361.307736911568,8303.160849314241,9664.468586225808,771.8388586225808,0.14085696743344575,0.8591430325665543,1.88,50.0,50.0,94.0,14850.0,1395900.0,724.0998600593448,4416.574919848001,5140.6747799073455
Sonora,San Felipe de Jesús,53,Ures,142,Cacahuate,2017,2018,29.870299,-110.319858,801.0,1231.5867174684238,7.202261505663297,2.741565666866421,11.491042720881302,27.0180701754386,14.415,35.129999999999995,34.33842105263158,19.36,45.76,19.697719298245616,8.17,26.4,42.00345029239766,5.56,88.39,25.359239766081874,10.29,32.59,2.145029239766082,0.82,4.53,251.82999999999998,1.4726900584795322,0.0,19.78,151.09799999999998,0.8836140350877192,0.0,11.868,15.54105329207596,7.734204034034885,19.09706565755012,0.20447606037652527,45,18,75,0,957.4026053588507,5.5988456453733955,1.7445823218073067,12.698016086604794,130.28973465397604,0.7619282728302692,0.0,6.846943243788461,827.1128707048747,4.836917372543127,0.0,12.698016086604794,1302.8973465397603,8271.128707048747,9574.026053588506,806.3046053588507,0.13608667234109023,0.8639133276589098,1.85,25.0,25.0,46.25,16830.0,778387.5,704.268835967438,4470.880382188511,5175.14921815595
Sonora,San Felipe de Jesús,53,Ures,142,Cacahuate,2018,2019,29.870299,-110.319858,801.0,1173.3164763596367,6.861499861752261,1.2940585054972833,11.344319116810617,26.451637426900582,16.53,33.760000000000005,33.17590643274854,19.22,43.51,19.72736842105263,8.44,26.46,48.42456140350876,6.78,88.56,24.861520467836257,3.16,32.56,2.092631578947368,0.84,4.63,429.0300000000001,2.5089473684210533,0.0,33.06,257.418,1.5053684210526317,0.0,19.836000000000002,15.507084613164636,3.519622945822424,19.524529509593467,0.3656558214635493,54,24,71,0,921.8177867062086,5.390747290679583,0.77643510329837,12.566201519487128,142.64675863603287,0.8341915709709524,0.0,9.106079261920957,779.1710280701757,4.55655571970863,0.0,12.566201519487128,1426.4675863603288,7791.710280701756,9218.177867062084,664.3997867062086,0.15474507076472332,0.8452549292352767,1.9,25.0,25.0,47.5,19250.0,914375.0,750.7724138738573,4100.900147737767,4851.672561611625
Sonora,San Felipe de Jesús,53,Ures,142,Cacahuate,2019,2020,29.870299,-110.319858,801.0,1176.5106211112986,6.8801790708263075,2.3635698028580383,11.425675412330065,26.198625730994152,17.96,34.714999999999996,33.00011695906433,24.71,42.95,19.397134502923976,8.63,26.52,47.321111111111115,12.08,88.41,25.27017543859649,9.51,32.63,2.158654970760234,0.96,4.18,327.13,1.9130409356725147,0.0,41.28,196.27799999999996,1.1478245614035085,0.0,24.768,15.78336229024426,6.722527916830062,19.158347384502903,0.27805103849466506,48,22,51,0,958.9789688016907,5.608064145039127,1.418141881714823,13.139526724179573,126.42786786767107,0.7393442565360882,0.0,7.591572546017249,832.5511009340196,4.868719888503039,0.0,13.139526724179573,1264.2786786767106,8325.511009340196,9589.789688016906,762.7009688016908,0.13183591296652863,0.8681640870334714,2.1,35.0,25.0,52.5,27057.14,1420499.85,602.0374660365288,3964.52905206676,4566.566518103289
Sonora,San Felipe de Jesús,53,Ures,142,Cacahuate,2022,2023,29.870299,-110.319858,801.0,1089.2647711043978,6.3699694216631455,1.7468801483484713,11.261157451665905,25.837163742690063,17.715,32.7,32.24269005847953,22.83,42.81,19.431637426900586,11.83,25.22,54.087836257309945,3.41,92.85,24.181578947368422,7.09,32.26,1.9439181286549705,0.69,4.18,561.6,3.2842105263157895,0.0,55.95,336.96,1.9705263157894735,0.0,33.57,15.293143045092327,5.874772275751514,19.20578418326246,0.5155771258723421,76,29,50,0,852.9810505837315,4.988193278267436,1.0481280890090827,11.77581423099939,195.78710734626043,1.1449538441301779,0.0,8.017501616987786,657.1939432374711,3.8432394341372578,0.0,11.77581423099939,1957.8710734626043,6571.939432374711,8529.810505837315,516.0210505837315,0.22953277474602152,0.7704672252539785,2.04,25.0,25.0,51.0,30205.88,1540499.88,959.7407222855903,3221.5389374385836,4181.279659724174
Sonora,San Felipe de Jesús,53,Ures,142,Cacahuate,2023,2024,29.870299,-110.319858,801.0,1357.966882128032,7.941326796070363,3.0603820748212427,12.156953916888982,28.505818713450296,19.735,35.370000000000005,36.470233918128656,25.82,45.09,20.54140350877193,11.01,26.95,33.39783625730995,8.13,80.39,25.90391812865497,8.92,32.04,2.3634502923976606,1.05,4.81,147.03000000000003,0.8598245614035089,0.0,27.56,117.62400000000002,0.6878596491228072,0.0,22.048000000000002,15.70966231888295,6.998819362122684,18.98545140341272,0.10827215445018322,34,7,108,0,1097.5376307596403,6.418348717892633,1.8362292448927455,13.980497004422329,86.9180445418458,0.5082926581394491,0.0,5.408,1010.6195862177944,5.910056059753184,0.0,13.980497004422329,869.180445418458,10106.195862177945,10975.376307596403,979.9136307596402,0.07919368056809778,0.9208063194319022,2.33,18.0,18.0,41.94,31716.17,1330176.17,373.0388177761622,4337.423116814569,4710.461934590731
Sonora,San Felipe de Jesús,53,Ures,142,Nuez,2010,2011,29.870299,-110.319858,801.0,1486.931833494239,7.047070300920565,1.5562424042852037,11.244336503108434,25.184715639810427,11.76,34.17,32.67630331753554,17.32,41.99,17.69312796208531,4.34,26.35,41.33952606635071,9.85,90.56,25.44099526066351,5.15,32.38,2.329383886255924,0.97,5.21,301.22,1.4275829383886258,0.0,29.6,180.732,0.8565497630331753,0.0,17.76,15.472884387403242,4.555821647855998,19.269912144684483,0.2025782172489665,45,17,80,1,1437.2583457298026,6.811650927629397,1.0115575627853823,12.368770153419279,119.81406263227078,0.5678391593946482,0.0,7.717986774286205,1317.4442830975318,6.243811768234748,0.0,12.362770153419278,1198.1406263227077,13174.442830975317,14372.583457298024,1256.5263457298026,0.08336292705361352,0.9166370729463864,1.8,2.0,2.0,3.6,39960.0,143856.0,665.6336812903932,7319.134906097398,7984.768587387791
Sonora,San Felipe de Jesús,53,Ures,142,Nuez,2011,2012,29.870299,-110.319858,801.0,1590.6434583347566,7.53859458926425,3.465611232489911,11.630768546980184,26.036824644549764,11.89,34.894999999999996,33.97175355450237,18.09,43.66,18.101895734597157,3.5,26.89,35.388672985781994,6.37,79.13,25.87611374407583,14.98,32.72,2.3802843601895733,0.75,6.95,238.4,1.1298578199052134,0.0,21.14,190.72,0.9038862559241706,0.0,16.912000000000003,15.434535641242652,8.817465681670773,19.667802301801903,0.14987645329996252,42,17,89,1,1517.538091551353,7.192123656641484,2.0342122639938425,12.793845401678203,158.83512775505326,0.7527731173225273,0.0,10.932037994231289,1358.7029637963,6.439350539318958,0.0,12.793845401678203,1588.3512775505326,13587.029637963002,15175.380915513535,1326.818091551353,0.1046663201664209,0.8953336798335793,1.5,2.0,2.0,3.0,45000.0,135000.0,1058.9008517003551,9058.019758642002,10116.920610342357
Sonora,San Felipe de Jesús,53,Ures,142,Nuez,2012,2013,29.870299,-110.319858,801.0,1488.810525411137,7.055974054081218,2.4104764313736817,13.158008945654482,25.4221327014218,13.575,34.185,32.86203791469194,20.5,42.9,17.982227488151658,3.49,25.47,40.79350710900474,6.97,86.85,25.29672985781991,7.35,32.48,2.1966350710900477,0.97,4.7,326.71000000000004,1.5483886255924173,0.0,15.04,196.026,0.9290331753554503,0.0,9.024,15.266355149151755,5.825119993025557,19.09787918597852,0.2194436393508023,59,26,73,1,1426.6153674153302,6.76121027211057,1.5668096803928933,14.47380984021993,169.02559444106868,0.8010691679671501,0.0,7.638851641887606,1257.5897729742615,5.960141104143419,0.0,14.47380984021993,1690.2559444106869,12575.897729742614,14266.1536741533,1230.5893674153301,0.11848014419422716,0.8815198558057729,1.9,2.0,2.0,3.8,48000.0,182400.0,889.6083917950984,6618.893541969797,7508.5019337648955
Sonora,San Felipe de Jesús,53,Ures,142,Nuez,2013,2014,29.870299,-110.319858,801.0,1543.733732562852,7.316273614041953,2.3378220059688983,11.711581502778374,25.61419431279621,14.379999999999999,33.91,33.345924170616115,20.78,45.94,17.882464454976304,6.09,25.71,37.77033175355451,5.7,85.66,25.558815165876776,8.24,32.47,2.365402843601896,0.92,5.43,242.47000000000003,1.1491469194312798,0.0,25.46,193.976,0.9193175355450237,0.0,20.368000000000002,15.346447111776431,6.058101864245535,19.1274200964958,0.1570672421580501,39,17,69,0,1482.870388525931,7.027821746568393,1.519584303879784,12.882739653056213,139.18282680021025,0.6596342502379633,0.0,7.867963830168559,1343.687561725721,6.368187496330432,0.0,12.882739653056213,1391.8282680021025,13436.87561725721,14828.703885259312,1288.894388525931,0.09386041280287953,0.9061395871971206,1.8,2.0,2.0,3.6,50000.0,180000.0,773.2379266678347,7464.930898476227,8238.168825144063
Sonora,San Felipe de Jesús,53,Ures,142,Nuez,2014,2015,29.870299,-110.319858,801.0,1449.943984102369,6.871772436504119,1.437012412199093,13.645640572415116,25.330236966824646,14.32,35.144999999999996,32.31995260663507,21.15,44.36,18.34052132701422,6.16,25.93,44.70232227488152,6.33,92.63,24.766161137440758,5.01,32.05,2.199004739336493,0.53,5.12,456.37,2.1628909952606636,0.0,72.89,273.822,1.297734597156398,0.0,43.734,15.149018607062976,4.5205141568133795,18.98044763719165,0.31475009035092444,63,25,57,0,1408.3512688902385,6.674650563460847,0.9340580679294105,15.010204629656629,163.05361788760132,0.7727659615526129,0.0,7.092,1245.2976510026372,5.901884601908233,0.0,15.010204629656629,1630.5361788760133,12452.976510026372,14083.512688902385,1134.5292688902387,0.11577624239731422,0.8842237576026858,0.9,2.0,2.0,1.8,51000.0,91800.0,1811.7068654177924,13836.640566695969,15648.347432113762
Sonora,San Felipe de Jesús,53,Ures,142,Nuez,2015,2016,29.870299,-110.319858,801.0,1361.631572783007,6.453230202763066,1.9512897431789533,11.098010990490245,24.893412322274884,14.969999999999999,33.31,31.613933649289105,19.75,43.06,18.172890995260662,7.01,24.79,49.34085308056873,12.78,91.46,24.324739336492893,4.51,32.35,2.2291469194312796,0.78,4.47,389.05,1.8438388625592417,0.0,39.39,233.43,1.106303317535545,0.0,23.634,15.240474573432532,4.248878375339283,19.861329952836083,0.2857233981471433,54,21,43,0,1312.1704643954208,6.218817366802942,1.2683383330663196,12.20781208953927,148.26847492551627,0.7026941939597927,0.0,6.75462379216511,1163.9019894699045,5.516123172843149,0.0,12.20781208953927,1482.6847492551628,11639.019894699046,13121.704643954208,1078.7404643954208,0.11299482723369375,0.8870051727663062,1.5,2.0,2.0,3.0,50300.0,150900.0,988.4564995034419,7759.346596466031,8747.803095969473
Sonora,San Felipe de Jesús,53,Ures,142,Nuez,2016,2017,29.870299,-110.319858,801.0,1505.544390884525,7.1352814733863745,2.2875403711836837,12.931879928849183,25.897322274881518,14.77,34.51,33.57156398104266,21.66,45.16,18.223080568720377,5.59,25.68,39.45677725118484,8.75,84.15,25.505071090047398,6.52,32.57,2.25,0.88,5.79,243.97,1.156255924170616,0.0,24.92,195.176,0.9250047393364929,0.0,19.936000000000003,15.478262455699241,5.494373902149751,18.997772883061707,0.16204769615372466,39,18,74,0,1440.5287123485996,6.827150295490993,2.2741709907498886,14.225067921734102,139.06762512851722,0.6590882707512664,0.0,7.213009460656165,1301.4610872200824,6.168062024739727,0.0,14.225067921734102,1390.6762512851722,13014.610872200825,14405.287123485998,1245.3527123485997,0.09653929417469581,0.9034607058253042,1.4,2.0,2.0,2.8,64000.0,179200.0,993.3401794894088,9296.150623000589,10289.490802489998
Sonora,San Felipe de Jesús,53,Ures,142,Nuez,2021,2022,29.870299,-110.319858,801.0,1457.4275943942307,6.9072397838589135,2.49189764882872,11.990431970612532,25.495663507109004,15.72,33.76,32.66549763033175,22.88,43.97,18.325829383886255,7.77,24.52,43.85014218009479,6.58,89.77,25.026018957345972,9.62,32.41,2.2085308056872037,0.75,5.47,330.75,1.5675355450236967,0.0,29.95,198.45,0.940521327014218,0.0,17.97,15.285983097371751,7.119182246172843,19.176882044629988,0.22694094805956647,58,17,52,0,1385.9146343254313,6.568315802490195,1.7679332662749219,13.189475167673786,147.8569008536346,0.7007436059413963,0.0,6.133293713928369,1238.0577334717968,5.8675721965488,0.0,13.189475167673786,1478.5690085363462,12380.577334717967,13859.146343254313,1187.4646343254312,0.1066854315493979,0.8933145684506022,1.29,35.0,35.0,45.15,93500.0,4221525.0,1146.1775259971675,9597.346771099199,10743.524297096366
Sonora,San Felipe de Jesús,53,Ures,142,Nuez,2022,2023,29.870299,-110.319858,801.0,1379.1723674927102,6.5363619312450725,1.7468801483484713,11.971434906184435,25.02277251184834,15.97,32.7,31.937725118483414,22.35,42.81,18.10781990521327,6.57,25.22,49.002985781990525,3.41,92.85,24.451563981042657,7.09,32.26,2.081042654028436,0.69,4.81,562.0,2.6635071090047395,0.0,55.95,337.20000000000005,1.598104265402844,0.0,33.57,15.072742518972474,5.528214732644462,19.20578418326246,0.4074907627548378,76,29,55,0,1318.7477437368173,6.24998930680956,1.3780390758721617,12.387273196832497,205.37549556454405,0.9733435808746164,0.0,7.668914590162232,1113.3722481722732,5.276645725934944,0.0,12.387273196832497,2053.7549556454405,11133.722481722732,13187.477437368172,981.5477437368172,0.15573523938899028,0.8442647606110097,1.29,35.0,35.0,45.0,75933.33,3416999.85,1592.0581051515042,8630.79262149049,10222.850726641993
Sonora,San Felipe de Jesús,53,Ures,142,Nuez,2023,2024,29.870299,-110.319858,801.0,1647.698888368321,7.808999470939909,2.876421784557972,12.156953916888982,27.253199052132707,13.1,35.370000000000005,35.445213270142176,20.98,45.09,19.061184834123225,3.59,26.95,31.75767772511848,8.13,80.39,25.87943127962085,8.92,32.04,2.3925118483412326,1.05,4.81,159.57999999999998,0.7563033175355449,0.0,27.56,127.664,0.605042654028436,0.0,22.048000000000002,15.431214163780954,6.998819362122684,18.98545140341272,0.0968502201018224,35,8,114,1,1574.5752229680897,7.462441815014643,1.8696741599626818,13.372649308577882,97.95542248667998,0.4642437084676776,0.0,6.669699607595695,1476.61980048141,6.998198106546967,0.0,13.372649308577882,979.5542248667998,14766.198004814101,15745.7522296809,1446.9112229680898,0.06221069724572005,0.9377893027542801,0.97,35.0,35.0,33.95,72058.82,2446396.94,1009.8497163575256,15222.884541045465,16232.73425740299
