Estado,Municipio,IdMunicipio,DDR,IdDDR,Cultivo,Anio,AnioFin,Lat,Lon,Z_m,ET0_total_mm,ET0_mean_mm_d,ET0_min_mm_d,ET0_max_mm_d,Tmean_ciclo_mean_C,Tmean_ciclo_min_C,Tmean_ciclo_max_C,Tmax_ciclo_mean_C,Tmax_ciclo_min_C,Tmax_ciclo_max_C,Tmin_ciclo_mean_C,Tmin_ciclo_min_C,Tmin_ciclo_max_C,RH_mean_pct,RH_min_pct,RH_max_pct,Rs_mean_MJ_m2_d,Rs_min_MJ_m2_d,Rs_max_MJ_m2_d,Ws_mean_m_s,Ws_min_m_s,Ws_max_m_s,Ptot_total_mm,Ptot_mean_mm_d,Ptot_min_mm_d,Ptot_max_mm_d,Pef_total_mm,Pef_mean_mm_d,Pef_min_mm_d,Pef_max_mm_d,Rn_mean_MJ_m2_d,Rn_min_MJ_m2_d,Rn_max_MJ_m2_d,ratio_Ptot_ET0,dias_lluvia_ge_1mm,dias_lluvia_ge_5mm,dias_estres_calor,dias_riesgo_helada,ETc_total_mm,ETc_mean_mm_d,ETc_min_mm_d,ETc_max_mm_d,ETverde_total_mm,ETverde_mean_mm_d,ETverde_min_mm_d,ETverde_max_mm_d,ETazul_total_mm,ETazul_mean_mm_d,ETazul_min_mm_d,ETazul_max_mm_d,UACverde_m3_ha,UACazul_m3_ha,UACtotal_m3_ha,deficit_hidrico_mm,frac_verde,frac_azul,Rend_t_ha,SupSembradaTotal_ha,SupCosechadaTotal_ha,VolumenTotal_t,PMR,Valorproduccion,HHverde_m3_ton,HHazul_m3_ton,HHtotal_m3_ton
Sonora,Santa Ana,58,Magdalena,140,Ajo,2012,2013,30.457521,-111.039789,776.0,1062.981309057832,4.990522577736301,1.132387093665463,9.96094602110761,17.185938967136153,4.3100000000000005,29.785000000000004,25.253145539906104,10.9,38.46,9.118732394366196,-2.28,23.51,35.6330985915493,11.18,86.48,18.75140845070423,3.16,30.29,2.5323474178403753,1.3,6.07,83.35,0.3913145539906103,0.0,21.7,66.68,0.3130516431924883,0.0,17.36,9.664739862432407,3.268513121168705,17.41919751434604,0.07841153865054959,12,5,17,46,920.8312226507844,4.323151280050631,1.132387093665463,7.911696802345884,26.762716255531895,0.12564655519029058,0.0,2.5240208825960324,894.0685063952524,4.19750472486034,0.0,7.911696802345884,0.0,0.0,0.0,854.1512226507843,0.029063649881995123,0.9709363501180047,7.8,8.5,8.5,66.3,19500.0,1292850.0,0.0,0.0,0.0
Sonora,Santa Ana,58,Magdalena,140,Ajo,2017,2018,30.457521,-111.039789,776.0,1060.1800493580406,5.000849289424719,1.290576725492445,10.64880562806467,19.269481132075473,7.83,28.88,26.920801886792454,12.37,37.27,11.61816037735849,-1.19,22.27,39.180613207547175,10.46,83.62,18.39306603773585,4.7,31.52,2.440188679245283,1.2,6.3,106.63,0.5029716981132075,0.0,15.9,85.304,0.40237735849056605,0.0,12.72,9.730168304314768,3.7539798269503173,17.48731659153225,0.10057725578270078,12,9,19,17,917.1916080879421,4.326375509848783,1.290576725492445,8.263342817305972,26.996049856821468,0.1273398578151956,0.0,3.710469645752937,890.1955582311207,4.199035652033588,0.0,8.263342817305972,0.0,0.0,0.0,831.8876080879421,0.029433380788448114,0.970566619211552,11.0,1.0,1.0,11.0,16850.0,185350.0,0.0,0.0,0.0
Sonora,Santa Ana,58,Magdalena,140,Ajo,2018,2019,30.457521,-111.039789,776.0,1143.8165007893465,5.395360852779937,1.1260317901162686,10.289155552012534,20.32622641509434,8.49,31.130000000000003,28.17957547169811,13.66,39.58,12.472877358490564,-0.58,23.38,30.94584905660377,8.36,91.06,18.298537735849056,4.05,30.49,2.417028301886792,0.99,5.47,78.25999999999999,0.3691509433962264,0.0,23.05,62.608,0.2953207547169811,0.0,18.44,9.377177959784987,4.001705602746626,17.269780996914115,0.06842006558394012,11,5,25,16,998.8578812000165,4.711593779245361,1.1260317901162686,9.079207378857532,23.513611165004413,0.11091326021228497,0.0,2.985360816656901,975.3442700350122,4.600680519033077,0.0,9.079207378857532,0.0,0.0,0.0,936.2498812000166,0.02354049720942826,0.9764595027905718,11.2,1.5,1.5,16.8,17100.0,287280.0,0.0,0.0,0.0
Sonora,Santa Ana,58,Magdalena,140,Ajo,2019,2020,30.457521,-111.039789,776.0,910.4221417102885,4.294444064671173,1.2698982064272555,10.491932640991962,16.764575471698112,3.8,27.105,24.137500000000003,8.58,37.08,9.391650943396225,-1.74,20.79,47.01858490566037,15.79,84.24,17.595707547169813,4.3,30.04,2.3932075471698107,1.01,6.57,168.62,0.795377358490566,0.0,26.28,134.89600000000002,0.6363018867924529,0.0,21.024,9.632488144962002,3.7223602800263462,18.4392716243751,0.1852107854969741,26,8,7,36,788.7236531265386,3.7203945902195215,1.2698982064272555,7.344352848694373,53.4207575080199,0.25198470522650895,0.0,2.568,735.3028956185186,3.4684098849930125,0.0,7.344352848694373,0.0,0.0,0.0,653.8276531265385,0.06773063961789082,0.9322693603821092,11.0,2.0,2.0,22.0,16500.0,363000.0,0.0,0.0,0.0
Sonora,Santa Ana,58,Magdalena,140,Ajo,2020,2021,30.457521,-111.039789,776.0,881.8376504467828,4.140082865947337,1.0246616273279687,9.660149895171104,16.878544600938966,4.130000000000001,28.439999999999998,24.232394366197184,10.95,38.07,9.524694835680751,-3.54,20.35,50.62751173708921,22.87,88.79,17.643051643192486,3.43,30.05,2.3593896713615026,0.87,6.31,250.55999999999997,1.176338028169014,0.0,39.05,150.33599999999998,0.7058028169014083,0.0,23.429999999999996,9.782324347979435,3.466121165856662,17.766539240218638,0.2841339331259601,26,15,7,32,765.22963295831,3.5926273847807986,1.0246616273279687,7.815710250172943,47.39412843922262,0.2225076452545663,0.0,3.0459904952875845,717.8355045190874,3.370119739526232,0.0,7.815710250172943,0.0,0.0,0.0,614.89363295831,0.06193451795116861,0.9380654820488313,7.67,3.0,3.0,23.0,18500.0,425500.0,0.0,0.0,0.0
Sonora,Santa Ana,58,Magdalena,140,Ajo,2021,2022,30.457521,-111.039789,776.0,1160.690462102259,5.474955009916316,1.480087304166804,10.500913546331088,18.48955188679245,5.525,30.915,26.7377358490566,9.48,40.59,10.241367924528301,-0.15,22.04,28.460235849056602,10.55,82.28,18.904622641509434,8.56,30.05,2.6422169811320755,1.37,6.21,44.129999999999995,0.20816037735849055,0.0,11.9,35.30400000000001,0.1665283018867925,0.0,9.520000000000001,9.417795905355595,4.383100343766884,17.450393739816604,0.03802047267629917,7,3,22,36,1010.1508083348353,4.764862303466204,1.480087304166804,7.497807364904008,15.386233190590056,0.07257657165372668,0.0,2.68,994.7645751442452,4.692285731812477,0.0,7.497807364904008,0.0,0.0,0.0,974.8468083348354,0.015231619935990757,0.9847683800640091,7.8,3.0,3.0,23.4,23500.0,549900.0,0.0,0.0,0.0
Sonora,Santa Ana,58,Magdalena,140,Ajo,2022,2023,30.457521,-111.039789,776.0,1096.8495747701145,5.173818748915634,1.2887336450830444,11.229129539630685,18.352452830188682,6.25,27.095,26.457641509433966,12.85,37.78,10.247264150943396,-2.18,20.21,33.39877358490566,5.98,83.7,18.803915094339622,2.53,31.0,2.497075471698113,1.12,6.04,45.78999999999999,0.2159905660377358,0.0,25.16,36.632000000000005,0.1727924528301887,0.0,20.128,9.652266167198555,3.114295244169159,17.177745641865425,0.04174683662488266,8,1,8,20,952.312374166187,4.492039500783902,1.2887336450830444,7.86039067774148,16.389399284186595,0.0773084871895594,0.0,2.288,935.9229748820005,4.414731013594342,0.0,7.86039067774148,0.0,0.0,0.0,915.680374166187,0.01721010849883853,0.9827898915011616,8.67,3.0,3.0,26.0,29500.0,767000.0,0.0,0.0,0.0
Sonora,Santa Ana,58,Magdalena,140,Ajo,2023,2024,30.457521,-111.039789,776.0,932.7316796173388,4.399677734044051,1.3833905232540513,9.558050035471556,16.235990566037735,5.03,27.169999999999998,23.83608490566038,9.73,38.51,8.635896226415094,-1.61,19.0,44.675518867924524,11.47,82.3,18.04325471698113,2.76,30.26,2.4560849056603775,1.01,6.17,89.37,0.42155660377358495,0.0,12.21,71.49600000000001,0.33724528301886797,0.0,9.768,9.682300575076876,3.208332221861748,17.22266188145609,0.09581533677151913,21,6,5,48,806.0237388400108,3.8019987681132585,1.3833905232540513,7.777030206193178,41.82293431568999,0.19727799205514146,0.0,3.779245642065481,764.2008045243208,3.604720776058117,0.0,7.777030206193178,0.0,0.0,0.0,734.5277388400108,0.05188796843115251,0.9481120315688475,9.45,3.0,3.0,28.35,30975.0,878141.25,0.0,0.0,0.0
Sonora,Santa Ana,58,Magdalena,140,Calabacita,2012,2013,30.457521,-111.039789,776.0,879.5188182215828,9.161654356474822,4.7099617803810006,12.60461669848289,25.83020833333333,13.365,33.565,34.942083333333336,19.23,42.82,16.718333333333334,4.42,24.78,22.071979166666665,7.45,71.63,29.339895833333333,17.1,33.04,2.8913541666666673,1.75,5.48,46.47,0.4840625,0.0,8.73,37.176,0.38725000000000004,0.0,6.984000000000001,16.934821696255614,10.851176222497902,19.065695372071605,0.052835708613903146,9,3,54,1,731.7535708628407,7.622433029821257,2.530098062288721,11.974385863558744,33.79922772253106,0.3520752887763652,0.0,6.312604701384574,697.9543431403097,7.270357741044893,0.0,11.974385863558744,337.99227722531054,6979.543431403097,7317.5357086284075,694.5775708628406,0.04618935809589149,0.9538106419041086,18.5,4.0,4.0,74.0,4250.0,314500.0,18.26985282298976,377.2726179136809,395.5424707366707
Sonora,Santa Ana,58,Magdalena,140,Calabaza,2012,2013,30.457521,-111.039789,776.0,820.4507289625062,8.204507289625063,2.4250741874886383,12.398512850557267,21.979899999999997,9.01,31.975,31.328199999999995,13.35,41.6,12.6316,1.56,22.86,21.0218,7.45,67.27,27.5542,10.08,33.04,2.9616999999999996,1.7,5.48,7.369999999999999,0.07369999999999999,0.0,3.3,5.896,0.05896,0.0,2.64,15.36297553727303,7.254428959786678,19.055068838773515,0.008982867270188995,2,0,31,8,719.4313876823767,7.194313876823767,1.2125370937443192,12.398512850557267,3.4541070697855165,0.03454107069785516,0.0,1.4415699760411977,715.9772806125912,7.159772806125912,0.0,12.398512850557267,34.54107069785516,7159.772806125912,7194.313876823768,713.5353876823767,0.004801162597190544,0.9951988374028096,19.52,2.0,2.0,39.04,5000.0,195200.0,1.7695220644393013,366.79163965808976,368.56116172252905
Sonora,Santa Ana,58,Magdalena,140,Cebolla,2011,2012,30.457521,-111.039789,776.0,1083.9966865018941,5.113191917461765,1.811463388191949,10.140448729290794,17.620188679245285,-1.2399999999999998,29.12,25.732877358490565,3.62,36.21,9.5075,-6.1,22.03,33.35858490566038,8.67,72.51,18.96443396226415,7.15,30.75,2.5169811320754722,1.13,7.39,32.11,0.15146226415094338,0.0,6.08,25.688000000000002,0.12116981132075473,0.0,4.864000000000001,9.698250568689021,4.491074432968875,17.313812682794076,0.029621861763821814,8,2,6,36,997.1505375196682,4.70354027131919,1.9020365576015466,9.438070104916363,19.44165776073953,0.09170593283367703,0.0,2.947200378213604,977.7088797589288,4.611834338485513,0.0,9.438070104916363,0.0,0.0,0.0,971.4625375196682,0.019497214341476554,0.9805027856585236,44.5,2.0,2.0,89.0,3850.0,342650.0,0.0,0.0,0.0
Sonora,Santa Ana,58,Magdalena,140,Cebolla,2017,2018,30.457521,-111.039789,776.0,1060.1800493580406,5.000849289424719,1.290576725492445,10.64880562806467,19.269481132075473,7.83,28.88,26.920801886792454,12.37,37.27,11.61816037735849,-1.19,22.27,39.180613207547175,10.46,83.62,18.39306603773585,4.7,31.52,2.440188679245283,1.2,6.3,106.63,0.5029716981132075,0.0,15.9,85.304,0.40237735849056605,0.0,12.72,9.730168304314768,3.7539798269503173,17.48731659153225,0.10057725578270078,12,9,19,17,964.4281978066678,4.549189612295603,1.3551055617670673,8.676509958171271,28.04954678789547,0.13230918296177108,0.0,3.895993128040584,936.3786510187724,4.416880429333832,0.0,8.676509958171271,0.0,0.0,0.0,879.1241978066678,0.029084121401351196,0.9709158785986489,25.3,2.0,2.0,50.6,2808.7,142120.0,0.0,0.0,0.0
Sonora,Santa Ana,58,Magdalena,140,Cebolla,2018,2019,30.457521,-111.039789,776.0,1143.8165007893465,5.395360852779937,1.1260317901162686,10.289155552012534,20.32622641509434,8.49,31.130000000000003,28.17957547169811,13.66,39.58,12.472877358490564,-0.58,23.38,30.94584905660377,8.36,91.06,18.298537735849056,4.05,30.49,2.417028301886792,0.99,5.47,78.25999999999999,0.3691509433962264,0.0,23.05,62.608,0.2953207547169811,0.0,18.44,9.377177959784987,4.001705602746626,17.269780996914115,0.06842006558394012,11,5,25,16,1049.2754673965396,4.949412582059149,1.182333379622082,9.533167747800409,23.97769172325463,0.11310231944931429,0.0,3.134628857489746,1025.2977756732848,4.836310262609834,0.0,9.533167747800409,0.0,0.0,0.0,986.6674673965397,0.02285166523786936,0.9771483347621305,27.74,3.5,3.5,97.1,2805.97,272460.0,0.0,0.0,0.0
Sonora,Santa Ana,58,Magdalena,140,Cebolla,2019,2020,30.457521,-111.039789,776.0,910.4221417102885,4.294444064671173,1.2698982064272555,10.491932640991962,16.764575471698112,3.8,27.105,24.137500000000003,8.58,37.08,9.391650943396225,-1.74,20.79,47.01858490566037,15.79,84.24,17.595707547169813,4.3,30.04,2.3932075471698107,1.01,6.57,168.62,0.795377358490566,0.0,26.28,134.89600000000002,0.6363018867924529,0.0,21.024,9.632488144962002,3.7223602800263462,18.4392716243751,0.1852107854969741,26,8,7,36,830.141373812571,3.9157611972291084,1.3333931167486184,7.8689494807439715,54.23542906293967,0.25582749557990414,0.0,2.5774636397169974,775.9059447496313,3.659933701649204,0.0,7.8689494807439715,0.0,0.0,0.0,695.245373812571,0.06533276231475355,0.9346672376852464,29.18,11.0,11.0,321.0,3832.71,1230300.0,0.0,0.0,0.0
Sonora,Santa Ana,58,Magdalena,140,Cebolla,2020,2021,30.457521,-111.039789,776.0,881.8376504467828,4.140082865947337,1.0246616273279687,9.660149895171104,16.878544600938966,4.130000000000001,28.439999999999998,24.232394366197184,10.95,38.07,9.524694835680751,-3.54,20.35,50.62751173708921,22.87,88.79,17.643051643192486,3.43,30.05,2.3593896713615026,0.87,6.31,250.55999999999997,1.176338028169014,0.0,39.05,150.33599999999998,0.7058028169014083,0.0,23.429999999999996,9.782324347979435,3.466121165856662,17.766539240218638,0.2841339331259601,26,15,7,32,804.1197544193133,3.775210114644663,1.0758947086943673,8.206495762681591,49.088706690064164,0.2304634116904421,0.0,3.1982900200519637,755.0310477292492,3.5447467029542215,0.0,8.206495762681591,0.0,0.0,0.0,653.7837544193133,0.06104651256268796,0.9389534874373121,22.33,12.0,12.0,268.0,4111.94,1102000.0,0.0,0.0,0.0
Sonora,Santa Ana,58,Magdalena,140,Cebolla,2021,2022,30.457521,-111.039789,776.0,1160.690462102259,5.474955009916316,1.480087304166804,10.500913546331088,18.48955188679245,5.525,30.915,26.7377358490566,9.48,40.59,10.241367924528301,-0.15,22.04,28.460235849056602,10.55,82.28,18.904622641509434,8.56,30.05,2.6422169811320755,1.37,6.21,44.129999999999995,0.20816037735849055,0.0,11.9,35.30400000000001,0.1665283018867925,0.0,9.520000000000001,9.417795905355595,4.383100343766884,17.450393739816604,0.03802047267629917,7,3,22,36,1061.0808421098213,5.00509831183878,1.554091669375144,7.875685159748316,15.939144850119561,0.0751846455194319,0.0,2.68,1045.1416972597017,4.929913666319347,0.0,7.875685159748316,0.0,0.0,0.0,1025.7768421098212,0.015021612131293072,0.9849783878687068,25.0,11.0,11.0,275.04,4645.38,1277664.0,0.0,0.0,0.0
Sonora,Santa Ana,58,Magdalena,140,Cebolla,2022,2023,30.457521,-111.039789,776.0,1096.8495747701145,5.173818748915634,1.2887336450830444,11.229129539630685,18.352452830188682,6.25,27.095,26.457641509433966,12.85,37.78,10.247264150943396,-2.18,20.21,33.39877358490566,5.98,83.7,18.803915094339622,2.53,31.0,2.497075471698113,1.12,6.04,45.78999999999999,0.2159905660377358,0.0,25.16,36.632000000000005,0.1727924528301887,0.0,20.128,9.652266167198555,3.114295244169159,17.177745641865425,0.04174683662488266,8,1,8,20,1001.8166800057221,4.725550377385481,1.3531703273371967,8.421847154723014,16.537269248395923,0.07800598702073548,0.0,2.288,985.2794107573262,4.647544390364747,0.0,8.421847154723014,0.0,0.0,0.0,965.1846800057222,0.016507280801415152,0.9834927191985848,29.33,6.0,6.0,176.0,4828.13,849750.0,0.0,0.0,0.0
Sonora,Santa Ana,58,Magdalena,140,Cebolla,2023,2024,30.457521,-111.039789,776.0,932.7316796173388,4.399677734044051,1.3833905232540513,9.558050035471556,16.235990566037735,5.03,27.169999999999998,23.83608490566038,9.73,38.51,8.635896226415094,-1.61,19.0,44.675518867924524,11.47,82.3,18.04325471698113,2.76,30.26,2.4560849056603775,1.01,6.17,89.37,0.42155660377358495,0.0,12.21,71.49600000000001,0.33724528301886797,0.0,9.768,9.682300575076876,3.208332221861748,17.22266188145609,0.09581533677151913,21,6,5,48,848.2193713410687,4.001034770476739,1.4525600494167539,8.165881716502836,42.6924810314745,0.20137962750695518,0.0,3.9682079241687553,805.5268903095941,3.7996551429697836,0.0,8.165881716502836,0.0,0.0,0.0,776.7233713410687,0.05033188638922026,0.9496681136107796,27.33,6.0,6.0,163.99,5139.28,842789.75,0.0,0.0,0.0
Sonora,Santa Ana,58,Magdalena,140,Chile verde,2010,2011,30.457521,-111.039789,776.0,1375.9018790966993,7.601667840313256,2.009403229169325,11.750978618868082,24.240000000000002,8.72,35.63,32.39734806629834,15.04,42.99,16.08265193370166,1.18,28.27,36.77425414364641,9.8,79.76,26.846795580110495,9.82,33.08,2.6701104972375687,1.11,5.95,265.36,1.4660773480662985,0.0,25.0,159.21599999999998,0.8796464088397788,0.0,15.0,16.160201060802724,6.948878165394316,19.601532590179538,0.19286259000838993,38,21,76,6,1373.8408309682054,7.590280834078483,1.205641937501595,12.338527549811486,121.4219981057035,0.6708397685397983,0.0,7.705179048628976,1252.418832862502,6.9194410655386855,0.0,12.284527549811486,1214.219981057035,12524.188328625021,13738.408309682056,1214.6248309682055,0.08838141607724101,0.9116185839227591,9.05,18.0,18.0,162.97,7500.09,1222290.0,134.16795370795967,1383.888213107737,1518.0561668156968
Sonora,Santa Ana,58,Magdalena,140,Chile verde,2011,2012,30.457521,-111.039789,776.0,1464.4864534437374,8.091085378142196,3.1766874997518912,12.596933967726475,25.523066298342542,11.855,35.68,33.884198895027616,17.7,45.14,17.161933701657457,3.62,26.82,31.0567955801105,7.15,72.06,27.082265193370162,12.04,33.0,2.653922651933702,1.21,5.45,174.56,0.9644198895027625,0.0,20.17,139.648,0.7715359116022099,0.0,16.136000000000003,16.02292354212732,8.462401071817531,19.233157004854,0.11919536680556003,40,12,82,1,1448.0441924419483,8.000244157137836,2.9755341409691933,13.226780666112798,124.92889145277206,0.6902148699048181,0.0,6.768000000000001,1323.1153009891766,7.31002928723302,0.0,13.183188302614516,1249.2889145277206,13231.153009891766,14480.441924419487,1308.3961924419484,0.08627422567960089,0.9137257743203994,9.5,9.5,9.5,90.25,8000.0,722000.0,131.50409626607586,1392.7529484096597,1524.2570446757354
Sonora,Santa Ana,58,Magdalena,140,Chile verde,2012,2013,30.457521,-111.039789,776.0,1415.0809251290407,7.818126658171495,2.4250741874886383,12.60461669848289,25.169116022099445,9.01,33.565,33.275303867403316,13.35,42.82,17.06292817679558,1.56,26.34,33.200718232044196,7.45,80.59,26.618950276243098,10.08,33.04,2.571878453038674,0.9,5.48,246.34000000000003,1.3609944751381218,0.0,16.63,197.07200000000003,1.0887955801104974,0.0,13.304,15.832100151349609,7.254428959786678,19.065695372071605,0.1740819168893372,43,18,77,8,1400.3971103682727,7.737000609769463,1.455044512493183,13.234847533407034,168.2388625915677,0.9294964784064514,0.0,7.625945280032196,1232.1582477767051,6.807504131363012,0.0,13.234847533407034,1682.388625915677,12321.582477767051,14003.971103682728,1203.3251103682726,0.12013653937583797,0.8798634606241621,7.5,1.5,1.5,11.25,5200.0,58500.0,224.3184834554236,1642.8776637022736,1867.1961471576972
Sonora,Santa Ana,58,Magdalena,140,Chile verde,2014,2015,30.457521,-111.039789,776.0,1411.6508391807113,7.799175907075753,1.7858945775972297,13.146951020665963,25.42074585635359,15.145,34.125,33.12165745856354,18.6,43.25,17.719834254143645,6.41,25.35,34.64132596685083,7.14,79.14,26.516574585635357,3.77,32.67,2.542707182320442,0.61,5.84,261.57,1.4451381215469612,0.0,20.98,156.94199999999998,0.8670828729281767,0.0,12.588,15.820505458900909,3.9156198915578813,19.377656103923467,0.18529369497049925,42,20,66,0,1401.0311699958354,7.74050370163445,1.0715367465583379,13.804298571699261,130.4748669869366,0.7208556187123569,0.0,6.7538032271809545,1270.5563030088988,7.019648082922092,0.0,13.804298571699261,1304.748669869366,12705.563030088988,14010.311699958354,1244.0891699958354,0.09312774032523805,0.9068722596747619,18.5,19.0,19.0,351.5,7815.79,2747250.19,70.52695512807384,686.787190815621,757.3141459436948
Sonora,Santa Ana,58,Magdalena,140,Chile verde,2015,2016,30.457521,-111.039789,776.0,1326.2208760787253,7.3271871606559404,2.0907760645362887,11.963162781169515,25.11049723756906,11.76,34.95,32.49160220994475,16.22,44.27,17.72939226519337,5.18,27.07,40.471823204419884,12.05,81.07,25.83132596685083,8.41,32.31,2.6059116022099444,0.91,5.46,181.17000000000002,1.000939226519337,0.0,22.54,144.936,0.8007513812154696,0.0,18.032,15.887683624022555,6.198751625840529,19.743930611634763,0.1366062043418216,36,12,60,0,1318.070525639892,7.282157600220398,1.2544656387217732,12.561320920227992,112.21766869221723,0.619987119846504,0.0,7.591225050782401,1205.8528569476744,6.6621704803738915,0.0,12.561320920227992,1122.1766869221724,12058.528569476744,13180.705256398916,1173.134525639892,0.08513783330200653,0.9148621666979933,18.35,2.0,2.0,36.7,9950.0,365165.0,61.154042884042084,657.1405214973702,718.2945643814122
Sonora,Santa Ana,58,Magdalena,140,Chile verde,2016,2017,30.457521,-111.039789,776.0,1425.7744275189962,7.877206781872907,2.6940481402708407,14.128974278779088,25.68013812154696,9.265,36.870000000000005,33.71883977900553,13.38,47.03,17.641436464088397,5.13,26.91,33.3485635359116,8.06,81.68,26.853535911602208,12.13,32.47,2.5444198895027625,1.05,4.19,152.05,0.8400552486187846,0.0,12.33,121.64,0.6720441988950276,0.0,9.864,16.085977053264024,8.475345565820678,19.430935661008647,0.10664379797061144,25,9,72,0,1410.1223244183093,7.790731074134306,1.6164288841625043,14.835422992718044,97.80852241339251,0.5403785768695719,0.0,8.248000000000001,1312.3138020049164,7.250352497264731,0.0,14.835422992718044,978.0852241339251,13123.138020049164,14101.22324418309,1288.4823244183092,0.06936172892216254,0.9306382710778371,17.5,3.0,3.0,52.5,8015.71,420824.78,55.89058423622429,749.8936011456665,805.7841853818908
Sonora,Santa Ana,58,Magdalena,140,Chile verde,2017,2018,30.457521,-111.039789,776.0,1410.8065857190672,7.7945115233097635,4.031891600388111,12.385753917925971,26.09030386740331,14.285,36.31,34.06524861878453,19.31,46.56,18.115359116022102,6.04,27.71,34.800994475138125,5.95,79.63,26.705469613259666,14.09,33.35,2.4633701657458564,0.82,5.26,201.23,1.1117679558011049,0.0,16.26,160.98399999999998,0.8894143646408839,0.0,13.008000000000003,15.96369612223244,8.560998856996878,19.42993843027897,0.14263471834974178,34,17,84,0,1395.9754339318574,7.712571458187058,2.61910806468407,13.00504161382227,129.12961395072105,0.7134232814956964,0.0,6.8952125545156795,1266.8458199811364,6.999148176691361,0.0,13.00504161382227,1291.2961395072105,12668.458199811364,13959.754339318575,1234.9914339318575,0.09250135125015697,0.9074986487498431,17.8,3.5,3.5,62.3,8261.98,514721.35,72.54472693860733,711.7111348208631,784.2558617594705
Sonora,Santa Ana,58,Magdalena,140,Chile verde,2018,2019,30.457521,-111.039789,776.0,1416.3536585457828,7.825158334507087,3.354340130247747,12.39566655545016,26.005276243093924,12.18,35.355000000000004,33.852265193370165,20.74,45.17,18.15828729281768,1.23,28.11,34.494585635359115,7.79,77.0,26.286408839779007,7.26,32.84,2.4799447513812156,0.87,4.95,197.23000000000002,1.089668508287293,0.0,20.71,157.784,0.8717348066298342,0.0,16.568,15.749621688920493,6.232416695166577,19.746960590717038,0.13925194375711403,27,14,76,1,1414.7467891081078,7.816280602807225,2.5675829560399044,13.015449883222669,110.40795417868533,0.6099886971198084,0.0,8.672,1304.3388349294225,7.206291905687418,0.0,13.015449883222669,1104.0795417868533,13043.388349294226,14147.46789108108,1256.9627891081077,0.07804078795491687,0.9219592120450831,17.7,2.5,2.5,44.25,8737.22,386621.99,62.3773752421951,736.9145960053236,799.2919712475186
Sonora,Santa Ana,58,Magdalena,140,Chile verde,2019,2020,30.457521,-111.039789,776.0,1384.3694184054145,7.648449825444279,2.4547272759209497,12.51854520451585,25.139060773480665,11.21,35.355,32.996077348066294,15.13,44.24,17.282044198895033,2.94,27.75,36.274364640883974,12.33,76.82,26.285801104972375,7.47,32.54,2.6073480662983424,1.2,4.78,122.9,0.6790055248618785,0.0,26.28,98.32000000000001,0.5432044198895029,0.0,21.024,15.943103925841097,5.831558622070238,19.444023995185095,0.08877688163724559,20,8,78,3,1385.2819889702228,7.653491651769187,1.4728363655525698,13.144472464741643,71.34855207385043,0.39419089543563773,0.0,6.415889799198613,1313.933436896372,7.259300756333547,0.0,13.144472464741643,713.4855207385043,13139.33436896372,13852.819889702225,1286.9619889702228,0.05150471358318086,0.948495286416819,17.3,3.0,3.0,51.9,8100.0,420390.0,41.241937614942444,759.4990964718913,800.7410340868338
Sonora,Santa Ana,58,Magdalena,140,Chile verde,2020,2021,30.457521,-111.039789,776.0,1405.7841925067623,7.7667634945124995,1.9592279076900223,12.180313686514834,25.88314917127072,10.459999999999999,35.58,33.898729281767956,15.05,44.15,17.867569060773477,2.62,27.19,37.33011049723757,9.58,78.7,26.475303867403312,6.62,33.75,2.5534806629834255,0.95,5.27,178.51,0.9862430939226519,0.0,21.54,142.808,0.7889944751381215,0.0,17.232,16.128825985039782,5.5367235832318045,19.98542343148827,0.12698250624207477,32,10,102,3,1418.4147393405879,7.836545521218717,1.1755367446140133,12.789329370840576,84.99445100822712,0.46958260225539844,0.0,7.628803300500602,1333.420288332361,7.366962918963321,0.0,12.789329370840576,849.9445100822711,13334.20288332361,14184.147393405881,1275.6067393405879,0.05992214311572968,0.9400778568842705,18.33,6.0,6.0,110.0,10454.55,1150000.5,46.36904037546488,727.4524213488058,773.8214617242708
Sonora,Santa Ana,58,Magdalena,140,Chile verde,2021,2022,30.457521,-111.039789,776.0,1396.4681072606081,7.715293410279603,2.7769917451468435,11.647933053620699,25.45342541436465,10.015,34.715,33.30486187845304,15.71,44.78,17.601988950276244,-0.15,26.54,35.29994475138121,5.43,81.13,26.05149171270718,9.88,32.77,2.622762430939227,0.91,4.83,193.89999999999998,1.071270718232044,0.0,15.98,155.12,0.8570165745856354,0.0,12.784,15.641724363277968,7.6852241168178965,18.877253081173343,0.13885028880492326,40,10,73,5,1383.69348655786,7.644715395347293,2.182589430636128,12.230329706301735,129.15644463472816,0.7135715173189401,0.0,8.432,1254.5370419231317,6.931143878028352,0.0,12.230329706301735,1291.5644463472815,12545.370419231316,13836.934865578598,1228.5734865578602,0.09334180285550357,0.9066581971444962,18.33,3.0,3.0,54.99,10500.0,577395.0,70.46178103367603,684.4173714801592,754.8791525138353
Sonora,Santa Ana,58,Magdalena,140,Cilantro,2017,2018,30.457521,-111.039789,776.0,565.7979522031876,5.893728668783204,2.649312274524073,9.079207378857532,25.603958333333335,16.98,31.73,33.29927083333333,21.43,39.58,17.908645833333335,11.81,24.71,32.148125,11.81,71.75,18.7228125,5.65,24.82,2.1830208333333334,0.99,4.34,23.13,0.2409375,0.0,9.12,18.504,0.19275,0.0,7.295999999999999,9.97027691308205,4.121007288973626,15.72212661677614,0.04088031762916955,5,1,36,0,519.828681950715,5.414882103653281,2.516846660797869,9.079207378857532,14.17500117868293,0.14765626227794718,0.0,3.8560000000000003,505.6536807720321,5.267225841375335,0.0,9.079207378857532,141.7500117868293,5056.536807720321,5198.2868195071505,501.324681950715,0.027268601504421917,0.9727313984955781,19.5,0.5,0.5,9.75,7100.0,69225.0,7.269231373683554,259.30957988309336,266.57881125677693
Sonora,Santa Ana,58,Magdalena,140,Cilantro,2018,2019,30.457521,-111.039789,776.0,430.41903053083206,4.483531568029501,1.7851379141248984,7.467998261446497,21.757656249999997,11.26,31.314999999999998,28.488437500000003,17.15,38.97,15.026874999999999,3.66,24.87,53.427812499999995,27.62,87.17,18.021562499999998,5.1,25.14,2.0402083333333336,1.01,6.57,129.66,1.350625,0.0,17.48,103.72800000000001,1.0805,0.0,13.984000000000002,10.398783224714911,4.073867709672431,16.36130092798484,0.30124132717852053,15,8,16,3,388.3471839649783,4.045283166301857,1.5165704073188824,7.076408882680901,42.99433941219611,0.4478577022103762,0.0,4.22888694908157,345.3528445527822,3.597425464091481,0.0,7.076408882680901,429.9433941219611,3453.528445527822,3883.471839649783,284.6191839649783,0.11071108839577269,0.8892889116042273,9.85,1.0,1.0,9.85,7210.0,71018.5,43.64907554537676,350.61202492668247,394.26110047205924
Sonora,Santa Ana,58,Magdalena,140,Cilantro,2022,2023,30.457521,-111.039789,776.0,413.4204045809068,4.306462547717779,1.4720988945480775,7.257972993464575,21.170833333333334,11.195,29.995,27.874166666666667,18.59,37.41,14.4675,3.8,23.08,55.404791666666675,31.07,77.27,17.552083333333332,3.54,25.31,2.1065625,1.01,4.06,87.96000000000001,0.9162500000000001,0.0,15.72,70.368,0.733,0.0,12.576,10.161955389819056,3.351192052039436,16.27372932015421,0.21276163204660148,17,5,11,4,375.1951399700615,3.908282708021474,1.3984939498206737,7.257972993464575,44.29933636947199,0.4614514205153332,0.0,4.306471386081157,330.8958036005896,3.4468312875061415,0.0,7.041972993464575,442.99336369471985,3308.9580360058962,3751.951399700616,304.8271399700615,0.11807012311781764,0.8819298768821825,9.95,1.0,1.0,9.95,7858.9,78196.06,44.52194609997185,332.5585965835072,377.08054268347905
Sonora,Santa Ana,58,Magdalena,140,Cilantro,2023,2024,30.457521,-111.039789,776.0,550.1914516286155,5.731160954464745,2.032415865730128,8.618214776206129,24.511770833333333,13.01,33.155,32.113437499999996,18.47,41.32,16.910104166666667,6.31,25.28,36.47927083333334,14.8,73.03,18.949375,7.7,26.74,2.243020833333333,1.31,5.17,41.82,0.435625,0.0,27.21,33.455999999999996,0.3485,0.0,21.768,10.230309755038448,5.084249300948843,16.51201841245281,0.07600990505433898,4,2,41,0,501.72397022496693,5.226291356510072,1.9307950724436214,8.618214776206129,11.362305700186218,0.11835735104360644,0.0,3.4386958184177936,490.36166452478074,5.107934005466466,0.0,8.618214776206129,113.62305700186218,4903.616645247807,5017.23970224967,468.2679702249669,0.02264652752207852,0.9773534724779215,10.5,2.0,2.0,21.0,9550.0,200550.0,10.821243523986874,467.0111090712197,477.8323525952066
Sonora,Santa Ana,58,Magdalena,140,Col (repollo),2010,2011,30.457521,-111.039789,776.0,141.95291545960777,3.2262026240819948,1.0508355667620288,5.094087334118348,13.02465909090909,7.815,17.16,19.791363636363638,12.86,25.74,6.257954545454547,0.24,10.96,49.9559090909091,19.79,85.48,13.883409090909085,4.48,19.56,2.603636363636364,1.17,8.68,107.90999999999998,2.4524999999999997,0.0,28.15,86.328,1.962,0.0,22.52,6.980018424013295,3.958888099878985,10.196112267275229,0.7601816394585106,10,6,0,10,103.36880910566484,2.349291116037837,0.7355848967334201,4.472130584574767,15.513589743782399,0.3525815850859636,0.0,1.9443101448724232,87.85521936188246,1.996709530951874,0.0,4.472130584574767,155.13589743782399,878.5521936188246,1033.6880910566485,17.040809105664835,0.1500799890992671,0.8499200109007331,31.0,1.0,1.0,31.0,2700.0,83700.0,4.67628929729688,26.482357004335334,31.158646301632213
Sonora,Santa Ana,58,Magdalena,140,Col (repollo),2011,2012,30.457521,-111.039789,776.0,757.2797568636322,4.561926246166459,1.811463388191949,8.98863819515844,18.80012048192771,-1.2399999999999998,31.854999999999997,26.39843373493976,3.62,39.46,11.201807228915662,-6.1,24.7,39.80909638554217,8.67,88.37,17.13319277108434,7.15,25.73,2.317530120481928,1.13,7.39,67.49,0.4065662650602409,0.0,20.42,53.992000000000004,0.3252530120481928,0.0,16.336000000000002,8.856654107772405,4.491074432968875,16.53323201723832,0.0891216216837991,12,3,22,29,704.8797543265183,4.246263580280231,1.668676865865177,9.438070104916363,29.307225589830022,0.17654955174596398,0.0,3.192512166363299,675.5725287366882,4.069714028534267,0.0,9.438070104916363,0.0,0.0,0.0,650.8877543265183,0.041577624282643486,0.9584223757173564,35.5,1.0,1.0,35.5,2100.0,74550.0,0.0,0.0,0.0
Sonora,Santa Ana,58,Magdalena,140,Col (repollo),2012,2013,30.457521,-111.039789,776.0,765.2951154724967,4.610211538990944,1.132387093665463,7.843601026914894,18.946114457831328,4.3100000000000005,32.535,26.52771084337349,10.9,39.93,11.364518072289155,-2.28,26.43,40.572530120481936,14.74,86.48,16.797048192771086,3.16,24.99,2.3559036144578314,1.39,6.07,115.95,0.6984939759036145,0.0,21.7,92.76,0.5587951807228916,0.0,17.36,8.681671959746863,3.268513121168705,16.08514788836339,0.15151017908746475,20,8,34,31,706.883369803863,4.258333553035319,1.1890064483487361,8.208443847989313,50.26329440065837,0.302790930124448,0.0,5.04297655997235,656.6200754032047,3.955542622910872,0.0,8.208443847989313,0.0,0.0,0.0,614.123369803863,0.07110549851329051,0.9288945014867096,37.0,7.5,7.5,277.5,2200.0,610500.0,0.0,0.0,0.0
Sonora,Santa Ana,58,Magdalena,140,Col (repollo),2013,2014,30.457521,-111.039789,776.0,694.9392801958941,4.1863812059993615,1.603204449349413,6.924488682397432,18.575933734939763,2.0850000000000004,30.72,25.732289156626504,8.47,38.11,11.419578313253012,-5.07,23.94,44.55951807228916,17.61,83.59,16.333373493975905,5.93,24.11,2.166385542168675,1.09,5.38,134.45000000000002,0.8099397590361447,0.0,17.54,107.56,0.6479518072289157,0.0,14.032,8.658470171010439,4.406923693504129,15.059612693709562,0.1934701402431884,19,9,13,36,645.5182575440283,3.8886642020724596,1.6833646718168838,6.874506226331236,46.568092088401684,0.28053067523133546,0.0,3.445610501697034,598.9501654556266,3.608133526841124,0.0,6.874506226331236,0.0,0.0,0.0,537.9582575440284,0.07214062738608978,0.9278593726139102,31.5,2.0,2.0,63.0,6125.0,385875.0,0.0,0.0,0.0
Sonora,Santa Ana,58,Magdalena,140,Col (repollo),2014,2015,30.457521,-111.039789,776.0,783.5975231039796,4.7204670066504795,1.3241363918693123,8.785717017753843,19.451084337349396,7.395,31.475,26.95343373493976,10.32,39.14,11.948734939759037,0.6,24.61,39.71475903614458,14.92,84.94,17.052951807228915,6.45,24.71,2.36855421686747,0.81,4.95,73.63,0.4435542168674699,0.0,10.84,58.903999999999996,0.3548433734939759,0.0,8.672,8.809685290864529,4.417540236269345,16.160811331496507,0.09396405403163793,12,6,14,14,729.5953845991664,4.395152919272087,1.390343211462778,8.108856298363095,32.30390002840205,0.19460180740001234,0.0,3.916230673655417,697.2914845707644,4.200551111872075,0.0,8.108856298363095,0.0,0.0,0.0,670.6913845991664,0.044276458856917715,0.9557235411430823,32.0,3.0,3.0,96.0,3350.0,321600.0,0.0,0.0,0.0
Sonora,Santa Ana,58,Magdalena,140,Col (repollo),2015,2016,30.457521,-111.039789,776.0,637.4914707949576,3.840310065029865,1.1465357472314506,7.245360922582536,18.87063253012048,4.095,30.165,25.667590361445782,9.66,38.38,12.07367469879518,-2.81,22.83,56.226385542168686,30.59,90.41,16.17156626506024,4.27,26.37,2.1956024096385542,0.96,6.57,334.53,2.0152409638554216,0.0,96.55,200.71800000000002,1.209144578313253,0.0,57.92999999999999,8.967662067755246,3.7058046399345863,16.49210322915501,0.5247599620161789,27,14,6,16,594.5363276986859,3.581544142763168,1.089208959869878,6.275156848393013,54.26134771979595,0.32687558867346955,0.0,3.7560391179689034,540.2749799788901,3.254668554089699,0.0,6.275156848393013,0.0,0.0,0.0,393.8183276986859,0.0912666647803158,0.9087333352196845,33.1,1.0,1.0,33.1,3650.0,120815.0,0.0,0.0,0.0
Sonora,Santa Ana,58,Magdalena,140,Col (repollo),2016,2017,30.457521,-111.039789,776.0,692.8766951923515,4.173955995134647,1.0261766963752437,6.679098760804079,18.505,5.64,29.91,25.66228915662651,10.93,37.78,11.347710843373495,-2.14,24.83,47.281445783132526,17.01,88.49,16.127349397590365,5.51,24.29,2.3757831325301204,1.14,4.75,171.26,1.0316867469879518,0.0,48.55,137.008,0.8253493975903615,0.0,38.84,8.615837233116805,4.0162509009876,16.085290847757346,0.24717240627130058,24,8,14,33,646.9041743283128,3.89701309836333,1.077485531194006,6.7009077727139195,47.955192028794805,0.2888866989686434,0.0,3.176960994851919,598.9489822995181,3.6081263993946875,0.0,6.7009077727139195,0.0,0.0,0.0,509.8961743283128,0.07413028688304132,0.9258697131169588,31.0,1.0,1.0,31.0,2151.61,66699.91,0.0,0.0,0.0
Sonora,Santa Ana,58,Magdalena,140,Col (repollo),2017,2018,30.457521,-111.039789,776.0,741.0409158249815,4.46410190256013,1.290576725492445,9.035419021961001,20.193162650602407,7.83,30.78,27.29319277108434,12.37,39.43,13.093132530120482,-1.19,23.01,44.43114457831325,14.83,83.62,16.259397590361445,4.7,26.6,2.2881927710843377,1.2,5.74,149.86,0.9027710843373494,0.0,42.41,119.888,0.7222168674698796,0.0,33.928,8.666682779903795,3.7539798269503173,16.126541253394965,0.20222904943536726,14,10,23,15,690.5490691616585,4.159934151576256,1.3551055617670673,9.487189973059051,34.46051005019442,0.20759343403731578,0.0,4.265476819161278,656.0885591114641,3.9523407175389402,0.0,9.487189973059051,0.0,0.0,0.0,570.6610691616585,0.049903057710337984,0.950096942289662,34.0,1.0,1.0,34.0,3620.0,123080.0,0.0,0.0,0.0
Sonora,Santa Ana,58,Magdalena,140,Col (repollo),2018,2019,30.457521,-111.039789,776.0,876.4506055227168,5.279822924835644,1.5765012270931609,9.079207378857532,22.136807228915664,8.49,31.73,29.77777108433735,14.31,39.58,14.495843373493976,-0.58,24.71,31.67698795180723,11.81,79.74,16.919036144578314,5.65,24.82,2.3543373493975905,0.99,5.47,37.730000000000004,0.22728915662650606,0.0,9.71,30.184,0.18183132530120483,0.0,7.768000000000001,8.508993572097056,4.121007288973626,15.72212661677614,0.0430486324754123,8,2,36,6,818.0746709096709,4.928160668130547,1.655326288447819,9.533167747800409,19.74232746713075,0.11892968353693223,0.0,3.8560000000000003,798.3323434425402,4.809230984593615,0.0,9.533167747800409,0.0,0.0,0.0,787.8906709096709,0.024132671709757206,0.9758673282902428,34.2,1.0,1.0,34.2,3460.0,118332.0,0.0,0.0,0.0
Sonora,Santa Ana,58,Magdalena,140,Col (repollo),2019,2020,30.457521,-111.039789,776.0,653.9106479534952,3.9392207708041878,1.2698982064272555,7.467998261446497,18.360451807228916,3.8,31.314999999999998,25.246987951807228,8.58,38.97,11.473915662650603,-1.17,24.87,51.745963855421685,24.66,87.17,15.971927710843374,4.3,25.14,2.1872289156626503,1.01,6.57,174.32,1.0501204819277108,0.0,17.48,139.45600000000002,0.8400963855421688,0.0,13.984000000000002,8.788029455315376,3.7223602800263462,16.36130092798484,0.26658076381774604,28,9,16,24,603.657571373592,3.636491393816819,1.3333931167486184,6.058538918569058,66.18111457919434,0.39868141312767674,0.0,4.22888694908157,537.4764567943976,3.237809980689142,0.0,6.058538918569058,0.0,0.0,0.0,464.20157137359195,0.10963353682221295,0.8903664631777869,33.67,1.5,1.5,50.5,3500.0,176750.0,0.0,0.0,0.0
Sonora,Santa Ana,58,Magdalena,140,Col (repollo),2022,2023,30.457521,-111.039789,776.0,741.9928713933782,4.469836574658905,1.2887336450830444,7.32050487674883,19.721295180722894,6.25,30.955,27.112530120481928,12.85,38.93,12.330060240963855,-2.18,23.77,42.31861445783132,18.71,83.7,16.527530120481927,2.53,24.21,2.221807228915663,0.84,6.04,86.27000000000001,0.5196987951807229,0.0,25.16,69.01599999999999,0.41575903614457826,0.0,20.128,8.755048354039065,3.114295244169159,15.972982478328678,0.11626796338082705,17,4,15,9,693.0629911321732,4.175078259832369,1.3531703273371967,7.6020660619862666,38.603744001107344,0.23255267470546592,0.0,3.6488217495251307,654.4592471310659,3.942525585126903,0.0,7.6020660619862666,0.0,0.0,0.0,624.0469911321733,0.05570019535748846,0.9442998046425116,37.5,2.0,2.0,75.0,5100.0,382500.0,0.0,0.0,0.0
Sonora,Santa Ana,58,Magdalena,140,Col (repollo),2023,2024,30.457521,-111.039789,776.0,637.398069359527,3.839747405780283,1.3833905232540513,7.777030206193178,17.560722891566265,5.03,29.995,24.495903614457834,9.73,37.41,10.6255421686747,-1.61,23.08,52.213734939759036,19.85,82.3,16.02602409638554,2.76,25.31,2.243072289156627,1.01,6.17,128.73,0.7754819277108433,0.0,15.72,102.984,0.6203855421686747,0.0,12.576,8.733931772086864,3.208332221861748,16.27372932015421,0.20196170366400862,24,8,11,32,591.1868431522754,3.561366525013707,1.4525600494167539,7.388178695883519,55.012714278960104,0.3314018932467476,0.0,3.154118703732074,536.1741288733153,3.22996463176696,0.0,7.388178695883519,0.0,0.0,0.0,488.2028431522754,0.09305469990777546,0.9069453000922246,37.5,2.0,2.0,75.0,4900.0,367500.0,0.0,0.0,0.0
Sonora,Santa Ana,58,Magdalena,140,Elote,2011,2012,30.457521,-111.039789,776.0,925.0213040093802,8.409284581903457,3.1766874997518912,11.675594643015005,22.677318181818183,11.855,31.515,31.988363636363637,17.7,41.69,13.366272727272724,3.62,21.51,20.97309090909091,7.15,61.99,27.944272727272725,12.04,33.0,2.9464545454545457,1.81,5.45,5.359999999999999,0.04872727272727272,0.0,5.1,4.288,0.03898181818181819,0.0,4.08,15.63405523457609,8.462401071817531,19.229071317861784,0.005794461140265421,1,1,30,1,923.0931801692708,8.391756183357007,2.0267061152083072,13.27969233752148,3.861190624714675,0.03510173295195159,0.0,3.6531906247146746,919.2319895445561,8.356654450405056,0.0,13.27969233752148,38.61190624714675,9192.31989544556,9230.931801692706,918.8051801692708,0.004182882841802206,0.9958171171581978,9.5,12.5,12.5,118.75,5500.0,653125.0,4.064411183910184,967.6126205732169,971.6770317571271
Sonora,Santa Ana,58,Magdalena,140,Elote,2012,2013,30.457521,-111.039789,776.0,928.1958185486296,8.438143804987542,2.4250741874886383,12.60461669848289,22.676863636363638,9.01,33.565,32.03236363636364,13.35,42.82,13.321363636363634,1.56,24.31,20.764636363636363,7.45,67.27,27.891000000000002,10.08,33.04,2.979636363636364,1.7,5.48,12.98,0.11800000000000001,0.0,4.72,10.384,0.0944,0.0,3.776,15.613099542128051,7.254428959786678,19.055068838773515,0.013984118157627703,3,0,41,8,936.1075088060705,8.510068261873368,0.9700296749954553,13.234847533407034,7.411285655828413,0.06737532414389466,0.0,3.776,928.6962231502423,8.442692937729475,0.0,13.234847533407034,74.11285655828414,9286.962231502423,9361.075088060707,925.7235088060705,0.007917130870236164,0.9920828691297641,9.85,40.0,40.0,394.0,4900.0,1930600.0,7.524147873937476,942.8388052286724,950.3629531026099
Sonora,Santa Ana,58,Magdalena,140,Elote,2013,2014,30.457521,-111.039789,776.0,919.3483939574478,8.357712672340435,3.405004658318148,11.526211107330608,23.228545454545458,10.65,32.93,32.321999999999996,16.46,42.68,14.135090909090911,3.98,23.96,22.745181818181816,6.51,57.49,27.891909090909092,16.7,32.5,2.901454545454545,1.81,6.0,5.39,0.048999999999999995,0.0,2.89,4.312,0.039200000000000006,0.0,2.3120000000000003,15.753432229923005,10.0552793954853,19.082970587612124,0.0058628481165862315,2,0,35,3,925.6253519815986,8.414775927105442,1.3620018633272593,12.804658371748642,3.5401369073429074,0.03218306279402643,0.0,1.56,922.0852150742555,8.382592864311414,0.0,12.804658371748642,35.40136907342907,9220.852150742556,9256.253519815984,921.3133519815985,0.0038245893976046642,0.9961754106023952,11.25,61.0,61.0,686.25,4125.0,2830781.25,3.9888866561610223,1038.9692564216964,1042.9581430778574
Sonora,Santa Ana,58,Magdalena,140,Elote,2014,2015,30.457521,-111.039789,776.0,914.2625778508401,8.311477980462183,1.7858945775972297,13.146951020665963,23.436090909090908,15.145,34.125,32.100909090909084,18.6,43.25,14.771272727272727,6.41,25.22,23.16318181818182,7.14,79.01,27.42954545454545,3.77,32.67,2.8604545454545454,1.47,5.84,20.01,0.18190909090909094,0.0,14.96,16.008,0.14552727272727273,0.0,11.968000000000002,15.486055846830213,3.9156198915578813,18.741393228853966,0.021886491348073734,2,1,33,0,926.5532336654821,8.423211215140746,0.7143578310388919,13.804298571699261,3.1275042226508605,0.028431856569553278,0.0,1.4611463916119682,923.4257294428311,8.394779358571192,0.0,13.804298571699261,31.275042226508603,9234.257294428311,9265.53233665482,910.5452336654821,0.0033754177407360904,0.9966245822592636,16.5,10.0,10.0,165.0,1350.0,222750.0,1.895457104636885,559.6519572380795,561.5474143427164
Sonora,Santa Ana,58,Magdalena,140,Elote,2015,2016,30.457521,-111.039789,776.0,822.9402404029611,7.481274912754191,2.0907760645362887,11.130103443701561,22.339590909090912,11.76,34.895,30.50054545454545,16.22,44.2,14.178636363636363,5.18,25.59,32.59136363636363,12.05,81.07,26.298636363636366,8.41,32.31,2.89909090909091,1.35,5.46,22.72,0.20654545454545453,0.0,8.85,18.176,0.16523636363636363,0.0,7.08,15.459867210443779,6.198751625840529,19.743930611634763,0.027608323040412896,6,2,19,0,837.9174286914492,7.617431169922265,0.8363104258145155,11.711301750243406,10.706797015836855,0.0973345183257896,0.0,4.248,827.2106316756125,7.520096651596477,0.0,11.711301750243406,107.06797015836855,8272.106316756124,8379.174286914493,819.7414286914492,0.012777866468963825,0.9872221335310363,10.5,1.0,1.0,10.5,4350.0,45675.0,10.196949538892243,787.819649214869,798.0165987537612
Sonora,Santa Ana,58,Magdalena,140,Elote,2017,2018,30.457521,-111.039789,776.0,899.4349364715856,8.176681240650778,4.031891600388111,11.348500789258287,23.78290909090909,14.285,32.765,32.75563636363636,19.31,42.87,14.81018181818182,6.04,23.93,24.300727272727272,5.95,59.46,27.771818181818173,14.09,33.35,2.7516363636363637,1.58,5.26,7.290000000000001,0.06627272727272727,0.0,3.74,5.832000000000001,0.053018181818181825,0.0,2.9920000000000004,15.71030759505888,8.560998856996878,19.144581493506124,0.008105088766729602,2,0,38,0,906.2950555578298,8.239045959616634,1.7460720431227135,12.24612647227437,5.832000000000001,0.053018181818181825,0.0,2.9920000000000004,900.4630555578296,8.18602777779845,1.7460720431227135,12.24612647227437,58.32000000000001,9004.630555578296,9062.950555578296,900.4630555578298,0.0064349904197704925,0.9935650095802294,10.3,10.0,10.0,103.0,4057.09,417880.27,5.662135922330098,874.2359762697374,879.8981121920675
Sonora,Santa Ana,58,Magdalena,140,Elote,2018,2019,30.457521,-111.039789,776.0,893.8113065397895,8.125557332179904,3.354340130247747,11.406353605505949,23.720227272727268,12.18,32.61,32.52136363636364,20.74,41.91,14.919090909090908,1.23,24.64,24.70827272727272,7.79,62.12,26.95554545454545,7.26,32.84,2.735,1.58,4.78,7.68,0.06981818181818182,0.0,3.36,6.143999999999999,0.05585454545454545,0.0,2.688,15.348362481628595,6.232416695166577,19.455547930588494,0.008592417598443203,2,0,39,1,914.7213995203891,8.315649086548992,1.7117219706932698,12.788846475415237,6.143999999999999,0.05585454545454545,0.0,2.688,908.5773995203892,8.259794541094447,0.8340571367601344,12.788846475415237,61.43999999999999,9085.773995203892,9147.213995203892,908.5773995203891,0.0067167992387862025,0.9932832007612139,10.25,8.0,8.0,82.0,4119.15,337770.3,5.994146341463414,886.4169751418431,892.4111214833065
Sonora,Santa Ana,58,Magdalena,140,Elote,2019,2020,30.457521,-111.039789,776.0,809.6439906048198,7.360399914589271,2.4547272759209497,12.51854520451585,21.609545454545458,11.21,34.28,30.111363636363638,15.13,42.91,13.107727272727274,2.94,25.93,32.718272727272726,13.27,76.82,26.619,7.47,32.45,2.743818181818182,1.31,4.78,36.45,0.3313636363636364,0.0,26.28,29.16,0.2650909090909091,0.0,21.024,15.656726073898886,5.831558622070238,19.444023995185095,0.04501978699646884,4,2,23,3,827.114006426591,7.519218240241736,0.9818909103683799,13.144472464741643,9.11789091036838,0.08288991736698528,0.0,4.4,817.9961155162225,7.4363283228747505,0.0,13.144472464741643,91.17890910368381,8179.961155162226,8271.14006426591,797.954006426591,0.011023741394201167,0.9889762586057987,9.8,10.0,10.0,98.0,3844.39,376750.22,9.30397031670243,834.6899137920637,843.9938841087662
Sonora,Santa Ana,58,Magdalena,140,Elote,2020,2021,30.457521,-111.039789,776.0,812.0640286918186,7.382400260834715,1.9592279076900223,12.180313686514834,22.210545454545453,10.459999999999999,32.125,30.635545454545454,15.05,41.86,13.785545454545451,2.62,23.47,36.22354545454546,9.58,78.7,26.564636363636364,6.62,33.75,2.693727272727273,1.03,4.79,74.89,0.6808181818181819,0.0,21.54,59.912000000000006,0.5446545454545455,0.0,17.232,15.72611558799083,5.5367235832318045,19.98542343148827,0.0922217920680994,10,5,39,3,837.3028011096028,7.611843646450935,0.783691163076009,12.789329370840576,16.529995612775444,0.15027268738886768,0.0,4.992000000000001,820.7728054968275,7.461570959062068,0.0,12.789329370840576,165.29995612775446,8207.728054968275,8373.028011096028,777.3908011096028,0.019741956662356456,0.9802580433376437,8.3,10.0,10.0,83.0,3850.0,319550.0,19.91565736478969,988.8828981889486,1008.7985555537383
Sonora,Santa Ana,58,Magdalena,140,Elote,2022,2023,30.457521,-111.039789,776.0,938.2535070207018,8.529577336551835,4.372645499526109,11.764424743678296,23.521863636363634,11.49,33.065,32.87745454545455,19.92,42.54,14.166272727272725,2.38,24.75,19.725818181818184,4.31,53.97,27.975181818181824,10.55,32.61,2.884909090909091,1.35,4.79,6.94,0.0630909090909091,0.0,3.41,5.5520000000000005,0.05047272727272728,0.0,2.728,15.563799503566049,7.52416297566584,19.021340782756738,0.007396721619551457,1,0,40,5,947.8692755222779,8.61699341383889,1.7490581998104435,12.913498970575287,5.5520000000000005,0.05047272727272728,0.0,2.728,942.3172755222778,8.566520686566161,1.7490581998104435,12.913498970575287,55.52,9423.172755222779,9478.692755222779,942.3172755222779,0.005857347783470286,0.9941426522165295,9.5,2.0,2.0,19.0,4500.0,85500.0,5.8442105263157895,991.9129216023978,997.7571321287136
Sonora,Santa Ana,58,Magdalena,140,Elote,2023,2024,30.457521,-111.039789,776.0,846.6102211938747,7.696456556307952,3.014691355935107,10.938519245203803,21.847318181818185,7.18,32.32,30.68345454545454,14.2,39.91,13.011181818181818,0.16,24.73,26.821818181818177,11.47,66.91,27.08418181818181,12.57,32.09,2.7518181818181824,1.28,4.8,13.44,0.12218181818181818,0.0,5.6,10.751999999999999,0.09774545454545454,0.0,4.4799999999999995,15.548998501522743,8.454676726730103,19.461615431571595,0.015875074105586806,4,1,24,7,863.0290168108182,7.845718334643802,1.205876542374043,11.485445207463995,7.7836982568261925,0.07076089324387448,0.0,1.8800000000000001,855.2453185539921,7.774957441399928,0.0,11.485445207463995,77.83698256826193,8552.453185539922,8630.290168108184,852.2770168108183,0.009019045831841864,0.9909809541681582,10.14,25.0,25.0,253.5,4890.14,1239650.49,7.676231022511038,843.4371977850021,851.1134288075132
Sonora,Santa Ana,58,Magdalena,140,Hortalizas,2010,2011,30.457521,-111.039789,776.0,114.34029956715516,3.3629499872692694,1.0508355667620288,5.094087334118348,13.501176470588236,7.815,17.16,20.27235294117647,12.86,25.74,6.73,0.24,10.96,45.37205882352941,19.79,85.48,13.099411764705884,4.48,16.91,2.7747058823529414,1.17,8.68,96.07999999999998,2.825882352941176,0.0,28.15,76.864,2.260705882352941,0.0,22.52,6.381866074284453,3.958888099878985,8.442891638212572,0.8402986555371896,8,5,0,5,87.47995285838606,2.5729397899525313,1.1033773451001303,3.5754878964882173,13.060226857724746,0.3841243193448455,0.0,2.504,74.4197260006613,2.188815470607685,0.0,3.5754878964882173,130.60226857724746,744.197260006613,874.7995285838604,10.615952858386052,0.14929394027985876,0.8507060597201411,8.97,4.0,4.0,35.86,3499.61,125496.0,14.559896162457909,82.96513489482864,97.52503105728654
Sonora,Santa Ana,58,Magdalena,140,Hortalizas,2011,2012,30.457521,-111.039789,776.0,707.7955129196024,4.537150723843605,1.811463388191949,8.98863819515844,19.14596153846154,-1.2399999999999998,31.854999999999997,26.601538461538464,3.62,39.46,11.690384615384614,-6.1,24.7,40.96339743589744,15.11,88.37,17.02153846153846,7.15,25.73,2.3013461538461537,1.13,7.39,67.49,0.4326282051282051,0.0,20.42,53.992000000000004,0.3461025641025641,0.0,16.336000000000002,8.869925096203518,4.491074432968875,16.53323201723832,0.09535239877632015,12,3,22,22,655.2878588670305,4.200563197865581,1.6303170493727541,9.438070104916363,29.03550608160123,0.18612503898462326,0.0,3.192512166363299,626.2523527854291,4.014438158880956,0.0,9.438070104916363,0.0,0.0,0.0,601.2958588670306,0.044309543796222,0.9556904562037778,10.0,2.0,2.0,20.0,4500.0,90000.0,0.0,0.0,0.0
Sonora,Santa Ana,58,Magdalena,140,Hortalizas,2012,2013,30.457521,-111.039789,776.0,722.8497627732137,4.633652325469319,1.132387093665463,7.843601026914894,19.155801282051282,4.3100000000000005,32.535,26.73782051282051,10.9,39.93,11.573782051282052,-2.28,26.43,40.74339743589743,14.74,86.48,16.793525641025642,3.16,24.99,2.349423076923077,1.39,6.07,113.1,0.725,0.0,21.7,90.48,0.5800000000000001,0.0,17.36,8.689461225081205,3.268513121168705,16.08514788836339,0.15646404802858585,19,8,34,30,669.2978699355026,4.290370961125016,1.0191483842989166,8.208443847989313,48.742049134933396,0.3124490329162397,0.0,5.192,620.5558208005692,3.977921928208777,0.0,8.208443847989313,0.0,0.0,0.0,578.8178699355026,0.07282564508927909,0.927174354910721,9.87,7.0,7.0,69.09,3500.0,241815.0,0.0,0.0,0.0
Sonora,Santa Ana,58,Magdalena,140,Hortalizas,2014,2015,30.457521,-111.039789,776.0,737.492117893297,4.727513576239083,1.3241363918693123,8.785717017753843,19.65400641025641,7.395,31.475,27.09756410256411,10.32,39.14,12.21044871794872,0.6,24.61,40.18801282051282,14.92,84.94,16.974743589743593,6.45,24.71,2.3833974358974355,0.81,4.95,73.62,0.47192307692307695,0.0,10.84,58.896,0.37753846153846154,0.0,8.672,8.80754332049163,4.417540236269345,16.160811331496507,0.09982479570127638,12,6,14,13,684.2781723900309,4.3863985409617365,1.191722752682381,9.225002868641536,32.09727956962165,0.20575179211295927,0.0,3.916230673655417,652.1808928204093,4.180646748848778,0.0,9.225002868641536,0.0,0.0,0.0,625.382172390031,0.046906771054106566,0.9530932289458935,9.26,1.5,1.5,13.89,8500.0,118065.0,0.0,0.0,0.0
Sonora,Santa Ana,58,Magdalena,140,Hortalizas,2015,2016,30.457521,-111.039789,776.0,590.6124322366195,3.78597712972192,1.1465357472314506,7.245360922582536,18.86528846153846,4.095,30.165,25.56352564102564,9.66,38.38,12.16705128205128,-2.81,22.83,57.250128205128206,30.59,90.41,16.02128205128205,4.27,26.37,2.172179487179487,0.96,5.38,334.53,2.1444230769230765,0.0,96.55,200.71800000000002,1.2866538461538464,0.0,57.92999999999999,8.940880136363447,3.7058046399345863,16.49210322915501,0.5664120525420566,27,14,6,16,547.7205310583557,3.51102904524587,1.0318821725083056,6.41500195532639,56.76910243579144,0.36390450279353487,0.0,4.392403495153973,490.9514286225643,3.1471245424523353,0.0,6.337001955326389,0.0,0.0,0.0,347.0025310583557,0.1036461100446554,0.8963538899553446,9.13,1.0,1.0,9.13,10146.63,92638.73,0.0,0.0,0.0
Sonora,Santa Ana,58,Magdalena,140,Lechuga,2011,2012,30.457521,-111.039789,776.0,441.1613662449228,4.161899681555876,1.811463388191949,8.98863819515844,17.53367924528302,5.74,29.12,25.079811320754715,10.99,36.21,9.987547169811322,-1.41,22.03,40.18169811320755,15.11,72.51,15.725943396226413,7.15,22.24,2.303490566037736,1.13,5.82,21.7,0.20471698113207545,0.0,6.08,17.360000000000003,0.1637735849056604,0.0,4.864000000000001,7.729005436621754,4.491074432968875,12.906545809123264,0.04918835070420162,6,1,3,18,404.47318459068737,3.8157847602895036,1.7208902187823516,8.98863819515844,13.626795418892812,0.12855467376313973,0.0,2.8480000000000003,390.84638917179456,3.687230086526364,0.0,8.98863819515844,0.0,0.0,0.0,387.11318459068735,0.033690231980848494,0.9663097680191515,35.0,1.0,1.0,35.0,5000.0,175000.0,0.0,0.0,0.0
Sonora,Santa Ana,58,Magdalena,140,Lechuga,2016,2017,30.457521,-111.039789,776.0,403.20343670773684,3.8038060066767625,1.0261766963752437,6.381816926394209,16.95429245283019,5.64,28.655,24.053396226415092,10.93,37.1,9.855188679245284,-1.8,21.49,47.09632075471699,17.01,88.49,15.035377358490567,5.51,22.21,2.38688679245283,1.14,4.3,52.28,0.49320754716981136,0.0,12.05,41.824,0.39456603773584903,0.0,9.64,7.670944044111548,4.0162509009876,13.003899343050637,0.12966159323164528,14,2,4,23,368.3971934550561,3.475445221274114,0.9748678615564814,6.062726080074499,26.013547244122513,0.24541082305775955,0.0,2.5440000000000005,342.38364621093353,3.230034398216354,0.0,6.062726080074499,0.0,0.0,0.0,326.57319345505607,0.07061277258969165,0.9293872274103082,30.0,2.0,2.0,60.0,3042.38,182542.8,0.0,0.0,0.0
Sonora,Santa Ana,58,Magdalena,140,Lechuga,2017,2018,30.457521,-111.039789,776.0,458.8919623014976,4.3291694556745055,1.3103032074483567,9.035419021961001,19.892169811320755,7.895,28.88,27.06056603773585,12.37,37.07,12.723773584905658,2.71,22.27,40.67735849056604,14.83,82.49,14.989905660377358,4.7,22.75,2.2561320754716983,1.2,5.74,49.62,0.4681132075471698,0.0,15.9,39.696,0.37449056603773584,0.0,12.72,7.535038164678007,3.7539798269503173,13.221988782078032,0.10813002640346761,5,5,12,8,417.78376243618186,3.941356249397942,1.2447880470759387,8.263342817305972,12.229363064563351,0.115371349665692,0.0,3.52494616346529,405.5543993716185,3.82598489973225,0.0,8.263342817305972,0.0,0.0,0.0,378.08776243618183,0.029271992269999807,0.9707280077300002,34.0,1.0,1.0,34.0,3400.0,115600.0,0.0,0.0,0.0
Sonora,Santa Ana,58,Magdalena,140,Lechuga,2018,2019,30.457521,-111.039789,776.0,523.7087922994482,4.940648983957058,1.5765012270931609,9.079207378857532,21.826745283018866,8.49,31.130000000000003,29.35358490566038,14.31,39.58,14.299905660377359,-0.58,23.38,30.156132075471696,11.81,79.74,15.352924528301886,5.65,23.16,2.2504716981132074,0.99,4.45,17.68,0.16679245283018868,0.0,9.71,14.144,0.13343396226415094,0.0,7.768000000000001,7.327890134948188,4.121007288973626,12.658909424706408,0.0337592193600043,4,1,19,4,475.1543099991248,4.482587830180423,1.4976761657385027,9.079207378857532,7.8736761657385035,0.07427996382772173,0.0,2.808,467.28063383338633,4.408307866352701,0.0,9.079207378857532,0.0,0.0,0.0,461.0103099991248,0.016570777113971685,0.9834292228860284,34.2,2.0,2.0,68.4,3500.0,239400.0,0.0,0.0,0.0
Sonora,Santa Ana,58,Magdalena,140,Lechuga,2019,2020,30.457521,-111.039789,776.0,369.046640332894,3.4815720786122077,1.2698982064272555,5.770037065303864,16.778867924528303,3.8,25.384999999999998,23.621509433962267,8.58,32.57,9.936226415094337,-1.17,20.79,52.161320754716975,26.6,84.24,14.683584905660378,4.3,22.5,2.173490566037736,1.01,6.57,93.46,0.8816981132075471,0.0,16.9,74.768,0.7053584905660377,0.0,13.52,7.712208900336331,3.7223602800263462,13.32892330727075,0.2532471232245755,15,5,0,15,338.48402214787427,3.193245491961078,1.2064032961058926,5.770037065303864,31.42468678753225,0.29645930931634196,0.0,2.568,307.05933536034206,2.8967861826447363,0.0,5.770037065303864,0.0,0.0,0.0,263.71602214787424,0.09283949826678577,0.9071605017332144,33.0,3.5,3.5,115.5,3200.0,369600.0,0.0,0.0,0.0
Sonora,Santa Ana,58,Magdalena,140,Lechuga,2020,2021,30.457521,-111.039789,776.0,388.71059171348185,3.6670810539007723,1.0246616273279687,7.815710250172943,17.501273584905658,5.51,28.03,24.556603773584907,11.31,36.11,10.445943396226413,-1.04,20.35,51.845377358490566,27.27,88.79,15.050849056603772,3.7,22.94,2.2685849056603775,0.87,6.31,150.27999999999997,1.4177358490566034,0.0,39.05,120.224,1.134188679245283,0.0,31.24,7.885578290578034,3.466121165856662,13.44529046088374,0.3866115387737394,13,9,1,19,351.7686154163681,3.3185718435506426,1.0246616273279687,7.815710250172943,23.961145128385034,0.22604853894702862,0.0,2.5888226989151715,327.80747028798305,3.092523304603614,0.0,7.815710250172943,0.0,0.0,0.0,231.54461541636812,0.06811621070863191,0.9318837892913681,31.2,2.5,2.5,78.0,4200.0,327600.0,0.0,0.0,0.0
Sonora,Santa Ana,58,Magdalena,140,Lechuga,2021,2022,30.457521,-111.039789,776.0,536.159171797427,5.05810539431535,2.156036713982979,8.494118242055977,19.52919811320755,8.955,30.915,27.651792452830193,15.5,40.59,11.406603773584905,1.03,22.04,25.19688679245283,10.55,71.86,16.19669811320755,8.56,22.96,2.441415094339623,1.37,6.21,8.24,0.07773584905660377,0.0,4.55,6.5920000000000005,0.06218867924528303,0.0,3.64,7.249757300285238,4.383100343766884,11.23267397007945,0.015368570442199313,2,0,20,19,485.1781309401829,4.57715217868097,2.0482348782838296,7.497807364904008,5.00023487828383,0.047172027153621045,0.0,2.68,480.17789606189905,4.52998015152735,0.0,7.497807364904008,0.0,0.0,0.0,478.5861309401829,0.010305977453258923,0.9896940225467411,29.5,3.0,3.0,88.5,4350.0,384975.0,0.0,0.0,0.0
Sonora,Santa Ana,58,Magdalena,140,Lechuga,2022,2023,30.457521,-111.039789,776.0,444.94179532432094,4.197564106833217,1.2887336450830444,7.240062916177396,18.990471698113208,8.57,27.06,26.45433962264151,12.85,35.13,11.526603773584904,-0.55,20.21,40.11301886792453,20.91,83.7,15.163962264150944,2.53,22.45,2.2283962264150943,1.23,5.23,39.129999999999995,0.3691509433962264,0.0,25.16,31.304000000000002,0.29532075471698116,0.0,20.128,7.597634956008456,3.114295244169159,12.96459396568503,0.0879440870945331,6,1,1,4,406.6171598184567,3.8360109416835537,1.2242969628288922,6.744200952415715,10.913529319977263,0.1029578237733704,0.0,2.288,395.70363049847947,3.733053117910184,0.0,6.744200952415715,0.0,0.0,0.0,375.3131598184567,0.026839814937593513,0.9731601850624066,30.0,3.0,3.0,90.0,5600.0,504000.0,0.0,0.0,0.0
Sonora,Santa Ana,58,Magdalena,140,Lechuga,2023,2024,30.457521,-111.039789,776.0,370.8331032473615,3.4984255023335993,1.3833905232540513,5.822483388728998,16.55066037735849,7.38,24.815,23.57122641509434,13.0,32.45,9.530094339622641,0.06,19.0,51.17622641509434,31.07,82.3,15.091132075471696,2.76,21.91,2.1273584905660377,1.01,4.77,46.28,0.43660377358490565,0.0,12.21,37.024,0.3492830188679245,0.0,9.768,7.82758624989969,3.208332221861748,13.204844042638632,0.12480007743302589,11,3,0,14,338.2374510333247,3.1909193493709878,1.3142209970913488,5.449506915024142,20.632294713332108,0.1946442897484161,0.0,2.288,317.6051563199926,2.9962750596225716,0.0,5.449506915024142,0.0,0.0,0.0,301.2134510333247,0.060999438856637195,0.9390005611433628,30.0,3.0,3.0,90.0,7500.0,675000.0,0.0,0.0,0.0
Sonora,Santa Ana,58,Magdalena,140,Pepino,2010,2011,30.457521,-111.039789,776.0,837.9128868171526,7.904838554878799,3.6894153461915598,11.750978618868082,29.347452830188683,22.52,35.63,36.63839622641509,28.77,42.99,22.056509433962265,13.73,28.27,42.63745283018868,9.8,79.76,26.303867924528305,15.01,32.85,2.366981132075472,1.11,5.95,253.87,2.395,0.0,25.0,152.32199999999997,1.4369999999999998,0.0,15.0,16.543190498927757,10.873378423128724,19.601532590179538,0.30297898981400784,38,19,74,0,732.4745376218261,6.9101371473757185,3.6894153461915598,11.750978618868082,119.53003524800418,1.1276418419623035,0.0,7.3382657605990245,612.9445023738219,5.7824953054134145,0.0,11.696978618868082,1195.3003524800417,6129.445023738219,7324.74537621826,580.1525376218261,0.1631866080097341,0.8368133919902658,120.0,11.0,11.0,1320.0,9000.0,11880000.0,9.960836270667015,51.078708531151825,61.03954480181884
Sonora,Santa Ana,58,Magdalena,140,Pepino,2011,2012,30.457521,-111.039789,776.0,845.7935864862183,7.97918477817187,4.592738122099723,12.596933967726475,29.796037735849055,25.205,35.68,37.154622641509434,29.6,45.14,22.43745283018868,16.65,26.82,41.73735849056603,9.72,72.06,26.076886792452832,14.28,32.75,2.343301886792453,1.21,4.88,209.32,1.9747169811320755,0.0,20.17,167.45600000000002,1.5797735849056604,0.0,16.136000000000003,16.42512516635393,10.109080272294698,19.233157004854,0.2474835507675143,50,14,83,0,733.0003728426248,6.915097857005894,4.156147089460833,12.596933967726475,148.34967838955905,1.3995252678260288,0.0,6.768000000000001,584.6506944530659,5.515572589179866,0.0,11.412716438287854,1483.4967838955904,5846.506944530658,7330.003728426249,565.5443728426247,0.20238690713655302,0.7976130928634472,250.0,29.5,29.5,7375.0,11000.0,81125000.0,5.9339871355823615,23.38602777812263,29.320014913704995
Sonora,Santa Ana,58,Magdalena,140,Pepino,2012,2013,30.457521,-111.039789,776.0,766.6944922489987,7.232966908009422,3.2766052001177877,12.60461669848289,28.69622641509434,24.16,33.565,35.267641509433965,26.96,42.82,22.12481132075472,17.41,26.34,48.85783018867924,8.04,80.59,25.116132075471697,13.48,32.6,2.1139622641509437,0.9,4.12,313.72,2.9596226415094344,0.0,16.63,188.232,1.7757735849056604,0.0,9.978,16.080126052622088,9.748303185690935,19.065695372071605,0.4091851489368903,51,23,56,0,660.0644198983734,6.227022829229938,2.9698828322349287,9.884815445404849,158.43030138051915,1.4946254847218787,0.0,6.419999999999999,501.6341185178543,4.732397344508059,0.0,9.848815445404849,1584.3030138051915,5016.341185178543,6600.644198983735,471.8324198983735,0.24002248357048517,0.7599775164295148,112.95,17.3,17.3,1954.1,5318.52,10392925.0,14.026587107615685,44.412051218933534,58.43863832654922
Sonora,Santa Ana,58,Magdalena,140,Pepino,2013,2014,30.457521,-111.039789,776.0,818.2930516617913,7.719745770394257,3.3361610298345217,12.142942109578804,29.472264150943396,24.79,34.62,36.61924528301887,27.35,45.48,22.32528301886793,17.75,26.79,43.57603773584905,8.76,80.41,25.174339622641515,12.31,32.5,2.2944339622641508,0.81,4.0,251.79,2.375377358490566,0.0,29.21,151.074,1.4252264150943397,0.0,17.526,15.895739516221015,9.062636368359524,18.542768829682505,0.30770150068934876,43,15,72,0,708.4103923489348,6.683116908952215,2.5021207723758914,12.142942109578804,116.7151989574586,1.101086782617534,0.0,8.178302087124827,591.6951933914762,5.582030126334681,0.0,12.142942109578804,1167.151989574586,5916.951933914762,7084.103923489348,557.3363923489349,0.16475647480333594,0.8352435251966641,146.04,50.5,50.5,7375.0,3365.08,24817500.0,8.612396617285906,43.66109750527422,52.27349412256012
Sonora,Santa Ana,58,Magdalena,140,Pepino,2014,2015,30.457521,-111.039789,776.0,798.3011103029198,7.531142550027545,3.6486269826981292,13.063977540289907,28.969103773584905,25.04,34.125,35.67367924528302,28.07,43.25,22.26452830188679,19.13,25.35,47.02849056603774,7.73,79.14,25.726792452830185,14.18,32.67,2.198679245283019,0.61,3.92,284.93,2.6880188679245283,0.0,20.98,170.95799999999997,1.6128113207547168,0.0,12.588,16.332594338281176,9.967188059998445,19.377656103923467,0.35692046061652316,46,22,60,0,687.3025539461147,6.483986357982214,2.736470237023597,11.457403851488358,139.8963746297402,1.3197771191484924,0.0,6.432193549696147,547.4061793163744,5.16420923883372,0.0,11.457403851488358,1398.963746297402,5474.061793163744,6873.025539461147,516.3445539461147,0.2035440925201454,0.7964559074798544,178.0,26.5,26.5,4717.0,4877.36,23006507.12,7.859346889311247,30.75315614136935,38.6125030306806
Sonora,Santa Ana,58,Magdalena,140,Pepino,2015,2016,30.457521,-111.039789,776.0,760.8486353766722,7.177817314874265,2.9966819261190163,11.963162781169515,29.167924528301885,24.495,34.95,35.51622641509434,27.26,44.27,22.81962264150943,17.29,27.07,50.11245283018869,12.05,78.69,24.611981132075474,10.48,32.31,2.2554716981132077,0.91,4.37,217.73999999999998,2.0541509433962264,0.0,22.54,174.192,1.6433207547169812,0.0,18.032,16.00971685809853,7.8244913604245765,19.743930611634763,0.2861804436203053,39,15,58,0,663.0951745011926,6.255614853784835,2.247511444589262,10.57389201275103,124.65651567137213,1.1760048648242654,0.0,7.229738143602287,538.4386588298204,5.07960998896057,0.0,10.33389201275103,1246.5651567137213,5384.386588298204,6630.951745011925,488.90317450119255,0.18799189085510068,0.8120081091448993,247.22,21.0,21.0,5191.68,7652.5,39729333.11,5.04233135148338,21.77973702895479,26.82206838043817
Sonora,Santa Ana,58,Magdalena,140,Pepino,2016,2017,30.457521,-111.039789,776.0,844.5651601216075,7.967595850203844,3.338029846420148,14.128974278779088,29.910047169811328,23.735,36.870000000000005,37.080754716981126,26.9,47.03,22.73933962264151,15.5,26.91,41.80867924528301,8.06,81.68,26.06783018867925,9.56,32.47,2.332830188679245,1.05,5.73,198.61999999999998,1.8737735849056603,0.0,42.41,158.89600000000002,1.4990188679245284,0.0,33.928,16.412006642328045,7.243521468765315,19.185790628741255,0.23517427592135226,27,11,76,0,732.3444249724014,6.908909669550956,2.5180878884784073,11.300425951680971,100.84616475214034,0.9513789127560409,0.0,8.248000000000001,631.4982602202609,5.957530756794914,0.0,11.292425951680972,1008.4616475214034,6314.982602202609,7323.4442497240125,573.4484249724014,0.13770319171329906,0.8622968082867007,112.66,38.0,38.0,4281.09,8185.41,35042476.9,8.951372692361117,56.053458212343415,65.00483090470453
Sonora,Santa Ana,58,Magdalena,140,Pepino,2017,2018,30.457521,-111.039789,776.0,807.174832260518,7.614856908118094,4.070619158322764,12.385753917925971,29.660801886792452,24.22,36.31,36.68575471698114,26.65,46.56,22.635849056603774,16.76,27.71,44.97415094339624,5.95,79.63,25.628773584905662,12.25,33.35,2.157924528301887,0.82,4.34,212.85000000000002,2.0080188679245285,0.0,16.26,170.28,1.6064150943396227,0.0,13.008000000000003,16.255233505579746,8.86743612190486,19.42993843027897,0.26369751817447906,36,18,76,0,699.0609776126087,6.594914883137817,3.178929834303137,11.53864623029663,131.60980026356128,1.24160188927888,0.0,6.566869099538742,567.4511773490474,5.353312993858937,0.0,11.53864623029663,1316.0980026356128,5674.511773490474,6990.609776126087,528.7809776126087,0.18826655253026311,0.8117334474697369,106.6,50.0,50.0,5329.92,7991.74,42595334.86,11.953117502707533,51.53727599555401,63.49039349826155
Sonora,Santa Ana,58,Magdalena,140,Pepino,2018,2019,30.457521,-111.039789,776.0,809.6163227767815,7.637889837516807,3.354340130247747,12.39566655545016,29.489528301886793,23.6,35.355000000000004,36.297452830188675,26.42,45.17,22.68160377358491,17.99,28.11,45.6772641509434,7.79,77.0,25.633396226415094,7.26,32.84,2.197075471698113,0.87,4.95,224.93,2.121981132075472,0.0,20.71,179.94400000000002,1.6975849056603776,0.0,16.568,16.292502583540845,6.232416695166577,19.746960590717038,0.27782295597567297,32,15,64,0,704.9709210748803,6.650669066744153,2.012604078148648,12.39566655545016,121.88383779323021,1.1498475263512284,0.0,8.473660385174817,583.08708328165,5.500821540392925,0.0,12.39566655545016,1218.8383779323021,5830.8708328165,7049.709210748802,525.0269210748802,0.17289200752761832,0.8271079924723816,96.03,40.0,40.0,3841.13,7843.75,30128863.44,12.413060168370528,59.38355059391486,71.79661076228538
Sonora,Santa Ana,58,Magdalena,140,Pepino,2019,2020,30.457521,-111.039789,776.0,858.4884797331674,8.098947922011014,4.562882799613366,12.51854520451585,30.061698113207548,25.0,35.355,37.125849056603776,29.62,44.24,22.99754716981132,15.52,27.75,41.406981132075465,12.33,72.96,26.03235849056604,15.11,32.54,2.44811320754717,0.77,4.28,149.31,1.4085849056603774,0.0,16.28,119.44800000000001,1.126867924528302,0.0,13.024000000000001,16.403365421790586,10.815075808477564,19.034093739861596,0.17392196112684943,26,10,77,0,752.7961812545861,7.101850766552699,3.88495427959159,11.538458146401506,94.77645910722501,0.8941175387474057,0.0,6.1103712373320125,658.0197221473612,6.207733227805295,0.0,11.530458146401507,947.7645910722501,6580.197221473612,7527.961812545863,633.3481812545862,0.12589922938938608,0.874100770610614,142.69,45.0,45.0,6421.25,7500.0,48159375.0,6.541947134234686,45.419825514917086,51.96177264915177
Sonora,Santa Ana,58,Magdalena,140,Pepino,2020,2021,30.457521,-111.039789,776.0,901.8577859281061,8.508092320076472,3.023971044126484,13.213595410053479,30.93995283018868,25.3,35.58,38.54424528301887,29.79,44.15,23.33566037735849,15.98,27.19,36.50858490566038,9.58,69.2,26.32179245283019,8.94,33.75,2.4793396226415094,0.95,5.29,123.1,1.161320754716981,0.0,17.71,98.48000000000002,0.9290566037735851,0.0,14.168000000000001,16.430391568047963,6.93994073502528,19.98542343148827,0.1364960217905279,27,6,89,0,789.7177567579126,7.450167516584082,2.2679782830948634,11.576108417358125,77.94697638184755,0.7353488337910146,0.0,7.265526952857716,711.7707803760651,6.714818682793067,0.0,11.544108417358125,779.4697638184755,7117.707803760651,7897.177567579126,691.2377567579126,0.09870232208257429,0.9012976779174258,137.69,40.0,40.0,5507.79,7950.0,43786930.5,5.661048469885071,51.693716346580366,57.35476481646544
Sonora,Santa Ana,58,Magdalena,140,Pepino,2021,2022,30.457521,-111.039789,776.0,762.055820421828,7.189205853036113,2.732492215857447,11.647933053620699,29.533537735849055,24.045,34.715,36.20698113207548,26.5,44.78,22.86009433962264,18.18,26.54,49.59886792452831,5.43,81.29,24.403396226415094,9.88,32.5,2.1409433962264153,0.84,4.19,250.92,2.3671698113207547,0.0,31.74,150.552,1.4203018867924528,0.0,19.043999999999997,15.787979998126174,7.63473045067928,18.877253081173343,0.32926721806429593,46,13,70,0,656.2225496969517,6.190778770725959,2.049369161893085,11.627550360107413,116.42253043805371,1.0983257588495634,0.0,6.547917595604604,539.800019258898,5.092453011876397,0.0,11.627550360107413,1164.2253043805372,5398.00019258898,6562.225496969517,505.67054969695164,0.17741318168938036,0.8225868183106197,93.0,20.0,20.0,1860.0,8100.0,15066000.0,12.518551660005777,58.04301282353742,70.5615644835432
Sonora,Santa Ana,58,Magdalena,140,Pepino,2022,2023,30.457521,-111.039789,776.0,740.7003323899357,6.987738984810714,2.738080951970436,11.764424743678296,28.996981132075476,23.979999999999997,33.8,35.33783018867924,27.3,42.54,22.656132075471696,17.98,27.87,51.65745283018868,8.07,85.3,24.013962264150944,9.03,32.61,2.1767924528301887,0.77,4.12,326.87999999999994,3.08377358490566,0.0,50.09,196.12800000000001,1.8502641509433964,0.0,30.054000000000002,15.638393652051704,6.931617101241889,19.194035865090882,0.44131207413569323,49,19,55,0,637.8600743221515,6.017547870963694,2.5340331346065774,9.685590886860732,140.70843020518285,1.3274380208036118,0.0,7.1857081240174665,497.1516441169686,4.6901098501600815,0.0,9.685590886860732,1407.0843020518284,4971.516441169686,6378.600743221515,441.73207432215145,0.22059450946935738,0.7794054905306426,105.0,20.0,20.0,2100.0,8850.67,18586407.0,13.40080287668408,47.347775630187485,60.74857850687157
Sonora,Santa Ana,58,Magdalena,140,Pepino,2023,2024,30.457521,-111.039789,776.0,913.5482377727276,8.618379601629506,3.5668206962335662,11.816918964876717,31.173584905660373,22.5,36.769999999999996,38.92084905660377,28.86,45.61,23.426320754716983,13.62,28.05,33.546509433962264,6.01,73.03,26.2095283018868,8.89,32.09,2.492358490566037,1.07,6.2,121.96,1.150566037735849,0.0,27.21,97.56800000000001,0.9204528301886794,0.0,21.768,16.24268288181055,6.985595846349054,19.461615431571595,0.13350143425085473,23,6,92,0,810.2507628936297,7.6438751216380165,3.2095820161804545,11.816918964876717,75.487621145892,0.712147369300868,0.0,7.614405939087309,734.7631417477377,6.931727752337148,0.0,11.816918964876717,754.8762114589201,7347.631417477377,8102.507628936297,712.6827628936297,0.09316575139812867,0.9068342486018713,110.0,40.0,40.0,4400.0,8907.57,39193308.0,6.846949763799729,66.64518292496487,73.4921326887646
Sonora,Santa Ana,58,Magdalena,140,Rábano,2017,2018,30.457521,-111.039789,776.0,217.94366423027466,6.226961835150704,4.365180107806784,8.338909242015637,20.49442857142857,14.985,26.310000000000002,29.04514285714286,20.85,35.63,11.943714285714284,6.04,17.67,33.29685714285714,19.73,51.58,24.03285714285715,14.09,27.59,2.482571428571428,1.58,4.2,0.17,0.004857142857142858,0.0,0.14,0.136,0.003885714285714286,0.0,0.11200000000000002,13.389360789364911,8.560998856996878,15.614663156461535,0.000780018086785866,0,0,1,0,189.21741455118925,5.406211844319693,3.0556260754647484,7.5050183178140735,0.136,0.003885714285714286,0.0,0.11200000000000002,189.08141455118923,5.402326130033978,3.0556260754647484,7.5050183178140735,1.36,1890.8141455118923,1892.1741455118922,189.08141455118925,0.0007187499116959329,0.9992812500883039,23.0,1.0,1.0,23.0,4900.0,112700.0,0.0591304347826087,82.2093106744301,82.2684411092127
Sonora,Santa Ana,58,Magdalena,140,Rábano,2018,2019,30.457521,-111.039789,776.0,196.46230986942166,5.613208853412047,4.279304926733174,7.932500075107945,18.68,12.18,25.075000000000003,27.038285714285713,20.74,33.99,10.321714285714286,1.23,17.63,36.220571428571425,19.4,59.86,22.24342857142857,11.55,27.41,2.301428571428571,1.68,3.15,0.43,0.012285714285714285,0.0,0.41,0.34400000000000003,0.00982857142857143,0.0,0.328,12.620834724549328,7.74486390319848,15.501359742372122,0.002188714976861459,0,0,0,1,170.1478848425677,4.861368138359077,3.1406627446413684,6.742625063841753,0.34400000000000003,0.00982857142857143,0.0,0.328,169.8038848425677,4.851539566930506,3.1406627446413684,6.742625063841753,3.4400000000000004,1698.0388484256769,1701.478848425677,169.8038848425677,0.0020217706515616813,0.9979782293484384,13.1,1.5,1.5,19.65,4880.0,95892.0,0.26259541984732826,129.62128613936466,129.88388155921197
Sonora,Santa Ana,58,Magdalena,140,Rábano,2019,2020,30.457521,-111.039789,776.0,185.2269997172611,5.292199991921746,2.4547272759209497,7.645093265185061,17.594428571428573,11.21,21.68,25.699999999999996,15.13,30.59,9.488857142857142,2.94,14.11,42.67914285714286,27.58,76.82,21.672285714285714,7.47,27.05,2.5517142857142856,1.32,4.24,29.28,0.8365714285714286,0.0,26.28,23.424000000000003,0.669257142857143,0.0,21.024,12.568714696361532,5.831558622070238,15.393015599130493,0.1580763066113165,2,1,0,3,160.31369170802745,4.580391191657927,2.209254548328855,6.498329275407301,4.609254548328855,0.13169298709511015,0.0,2.209254548328855,155.70443715969859,4.448698204562817,0.0,6.498329275407301,46.09254548328855,1557.044371596986,1603.1369170802745,136.88969170802744,0.028751471563161903,0.9712485284368381,12.6,2.0,2.0,25.2,4500.0,113400.0,3.6581385304197265,123.57495012674492,127.23308865716464
Sonora,Santa Ana,58,Magdalena,140,Rábano,2022,2023,30.457521,-111.039789,776.0,224.61928468520819,6.417693848148805,4.372645499526109,8.391382605443816,18.09557142857143,11.49,25.33,27.09314285714286,19.92,34.78,9.098000000000003,2.38,16.91,23.62542857142857,8.71,53.97,24.102571428571427,10.55,26.91,2.714857142857143,1.35,4.17,1.91,0.05457142857142857,0.0,0.83,1.528,0.04365714285714286,0.0,0.664,12.785463789774171,7.52416297566584,15.299109039787371,0.008503277012375682,0,0,0,5,195.05213702329075,5.57291820066545,3.156699114172637,7.552244344899434,1.528,0.04365714285714286,0.0,0.664,193.52413702329073,5.529261057808307,3.156699114172637,7.552244344899434,15.280000000000001,1935.2413702329072,1950.5213702329072,193.52413702329076,0.007833802917101826,0.9921661970828981,12.0,2.0,2.0,24.0,9500.0,228000.0,1.2733333333333334,161.2701141860756,162.54344751940894
Sonora,Santa Ana,58,Magdalena,140,Rábano,2023,2024,30.457521,-111.039789,776.0,187.64138428079536,5.361182408022724,3.014691355935107,8.465619792072903,16.54157142857143,7.18,20.525,24.67942857142857,14.2,30.42,8.403714285714287,0.16,14.75,38.53142857142857,16.71,66.91,22.29657142857143,12.57,28.72,2.678285714285714,1.28,4.8,9.19,0.26257142857142857,0.0,5.6,7.352,0.21005714285714286,0.0,4.4799999999999995,12.633406394588922,8.454676726730103,16.052913559461594,0.048976402701483235,2,1,0,6,163.06038105315645,4.658868030090185,2.110283949154575,7.195776823261967,5.517471949445836,0.15764205569845247,0.0,2.6454719494458367,157.5429091037106,4.5012259743917316,0.0,7.195776823261967,55.17471949445836,1575.429091037106,1630.6038105315642,155.70838105315644,0.033836986727310434,0.9661630132726895,13.08,2.0,2.0,26.16,9975.0,260946.0,4.218250725876021,120.44564916185826,124.66389988773427
Sonora,Santa Ana,58,Magdalena,140,Sandía,2011,2012,30.457521,-111.039789,776.0,996.1174659738781,9.055613327035255,3.1766874997518912,12.596933967726475,25.8335,11.855,35.68,34.741,17.7,45.14,16.926000000000002,3.62,26.82,24.94118181818182,7.15,70.14,29.17136363636364,12.04,33.0,2.9377272727272725,1.38,5.45,71.13999999999999,0.6467272727272726,0.0,20.17,56.91200000000001,0.5173818181818183,0.0,16.136000000000003,17.049525673788747,8.462401071817531,19.233157004854,0.07141728001972966,12,6,55,1,838.9376521036908,7.626705928215371,1.2706749999007565,12.555417431061443,41.651712251519974,0.3786519295592725,0.0,6.768000000000001,797.2859398521707,7.248053998656097,0.0,12.555417431061443,416.51712251519973,7972.859398521707,8389.376521036906,782.0256521036907,0.049648161752039136,0.9503518382479608,25.0,3.0,3.0,75.0,2500.0,187500.0,16.66068490060799,318.91437594086824,335.5750608414762
Sonora,Santa Ana,58,Magdalena,140,Sandía,2012,2013,30.457521,-111.039789,776.0,971.9066115958489,8.835514650871353,3.5272607056856478,12.60461669848289,26.17831818181818,13.365,33.565,34.86081818181818,19.23,42.82,17.495818181818183,4.42,24.78,26.164363636363635,7.45,79.67,28.644636363636366,14.66,33.04,2.774454545454545,1.29,5.48,105.23,0.9566363636363636,0.0,10.24,84.184,0.7653090909090909,0.0,8.192,16.805616862333018,10.665712530682883,19.065695372071605,0.1082717194682056,20,7,60,1,826.5252079784256,7.513865527076596,2.0240784498309767,12.60461669848289,70.49351072261793,0.6408500974783448,0.0,6.312604701384574,756.0316972558078,6.873015429598253,0.0,12.60461669848289,704.9351072261793,7560.316972558077,8265.252079784257,742.3412079784256,0.08528900273354759,0.9147109972664526,22.0,3.0,3.0,66.0,2000.0,132000.0,32.04250487391724,343.65077147991263,375.6932763538299
Sonora,Santa Ana,58,Magdalena,140,Tomate rojo (jitomate),2010,2011,30.457521,-111.039789,776.0,697.6050997306718,5.129449262725528,1.0508355667620288,10.564323868192341,15.729742647058822,7.815,25.735,23.72,12.86,36.72,7.739485294117649,0.24,17.81,42.49426470588235,14.84,85.48,21.13794117647059,4.48,32.43,2.7670588235294122,1.17,8.68,146.03,1.07375,0.0,28.15,116.824,0.859,0.0,22.52,11.830384728292941,3.958888099878985,18.75471102666806,0.20933046512472256,17,9,3,20,651.2228891683179,4.788403596825867,1.0075908568792824,9.52418686451374,36.35570861467574,0.26732138687261575,0.0,4.865842646089347,614.8671805536421,4.521082209953251,0.0,9.52418686451374,363.5570861467574,6148.671805536422,6512.228891683179,534.398889168318,0.05582682860104305,0.9441731713989568,270.0,8.0,8.0,2160.0,10000.0,21600000.0,1.3465077264694718,22.772858539023783,24.119366265493255
Sonora,Santa Ana,58,Magdalena,140,Tomate rojo (jitomate),2011,2012,30.457521,-111.039789,776.0,838.1332216328811,6.1627442767123615,2.616592685480888,11.547558554366505,17.756066176470586,-1.2399999999999998,26.94,26.459558823529413,3.62,36.27,9.052573529411765,-6.1,17.61,26.23794117647059,7.15,62.07,22.322426470588233,7.32,32.33,2.728382352941176,1.57,7.39,10.44,0.07676470588235294,0.0,5.1,8.352,0.06141176470588235,0.0,4.08,11.744251258747934,4.491074432968875,18.325322672145603,0.012456253648626906,2,1,7,26,793.0982688210595,5.831604917801908,1.5699556112885327,10.72681204564401,7.209076753234337,0.05300791730319365,0.0,3.6531906247146746,785.8891920678252,5.778597000498714,0.0,10.72681204564401,72.09076753234336,7858.891920678252,7930.982688210595,784.7462688210595,0.009089764833241445,0.9909102351667586,400.0,11.0,11.0,4400.0,10000.0,44000000.0,0.1802269188308584,19.64722980169563,19.827456720526488
Sonora,Santa Ana,58,Magdalena,140,Tomate rojo (jitomate),2012,2013,30.457521,-111.039789,776.0,828.6048604563314,6.048210660265193,2.3415185136699366,12.398512850557267,18.00324817518248,9.01,30.395,26.680437956204383,13.35,40.11,9.326058394160585,1.47,20.68,28.905182481751826,9.21,68.94,22.141824817518252,8.43,31.52,2.6510218978102187,1.3,5.17,21.04,0.15357664233576643,0.0,5.98,16.832,0.12286131386861314,0.0,4.784000000000001,11.783703069305696,5.181574030589904,18.041933382556266,0.025392078907686827,6,1,12,25,775.9302915744807,5.663724756018108,1.5121524388682541,10.559571486517063,14.896323437882014,0.10873228786775192,0.0,2.9011180707523727,761.0339681365988,5.554992468150356,0.0,10.559571486517063,148.96323437882015,7610.339681365987,7759.302915744807,759.0982915744808,0.019198017656528274,0.9808019823434718,295.0,11.5,11.5,3392.5,4500.0,15266250.0,0.6620588194614229,33.823731917182165,34.48579073664359
Sonora,Santa Ana,58,Magdalena,140,Tomate rojo (jitomate),2013,2014,30.457521,-111.039789,776.0,786.3531348279776,5.782008344323365,1.603204449349413,11.357474855345014,16.922132352941176,2.0850000000000004,27.395,25.31125,8.47,37.04,8.533014705882355,-5.07,18.82,33.13132352941176,6.51,83.59,21.799191176470593,7.9,31.3,2.73485294117647,1.33,6.0,36.39,0.2675735294117647,0.0,17.54,29.112000000000002,0.21405882352941177,0.0,14.032,11.820810831015484,5.1159754150959555,18.140769196422834,0.04627691858564367,6,2,7,39,747.8778478454046,5.4991018223926815,0.9619226696096478,11.371608127940744,11.823824226350265,0.08693988401728137,0.0,2.3120000000000003,736.0540236190545,5.412161938375401,0.0,11.371608127940744,118.23824226350266,7360.540236190545,7478.778478454048,718.7658478454047,0.01580983346466814,0.9841901665353321,295.0,11.5,11.5,3392.5,4520.0,15334100.0,0.3814136847209763,23.743678181259824,24.1250918659808
Sonora,Santa Ana,58,Magdalena,140,Tomate rojo (jitomate),2014,2015,30.457521,-111.039789,776.0,838.5851071742827,6.1660669645167845,1.7858945775972297,13.146951020665963,19.355404411764706,9.584999999999999,29.284999999999997,27.746470588235297,16.58,38.51,10.964338235294118,2.59,20.06,26.57830882352941,7.14,79.01,21.79933823529412,3.77,31.91,2.5300000000000002,1.44,5.84,20.63,0.15169117647058822,0.0,14.96,16.504,0.1213529411764706,0.0,11.968000000000002,11.553590646167677,3.9156198915578813,18.550835315968285,0.024600961576238055,2,1,6,2,786.304541583087,5.78165104105211,1.817055609987399,11.579858581281819,6.589778764236814,0.04845425561938834,0.0,3.088,779.7147628188502,5.733196785432722,0.0,11.579858581281819,65.89778764236814,7797.1476281885025,7863.04541583087,769.800541583087,0.008380695285022065,0.991619304714978,342.0,10.5,10.5,3591.0,9500.0,34114500.0,0.19268358959756768,22.798677275404977,22.991360865002545
Sonora,Santa Ana,58,Magdalena,140,Tomate rojo (jitomate),2015,2016,30.457521,-111.039789,776.0,732.2157636703257,5.383939438752395,1.1465357472314506,10.183740652385572,18.452279411764707,4.095,26.45,26.09308823529412,9.66,35.07,10.811470588235295,-2.81,18.53,42.372352941176466,14.09,90.14,20.77838235294118,4.27,30.97,2.661764705882353,1.12,6.57,84.38,0.6204411764705882,0.0,26.91,67.504,0.4963529411764706,0.0,21.528000000000002,11.719432700538315,3.8337819135822384,18.836898695184935,0.11523925622283027,12,6,2,6,698.4525662145015,5.135680633930158,0.6879214483388704,9.48965823132792,19.27803698322891,0.14175027193550668,0.0,2.4043924742167317,679.1745292312726,4.993930361994651,0.0,9.48965823132792,192.78036983228907,6791.745292312726,6984.525662145014,630.9485662145015,0.027601068298327987,0.9723989317016719,230.0,16.0,16.0,3680.0,7464.13,27467998.4,0.8381755210099525,29.529327357881417,30.36750287889137
Sonora,Santa Ana,58,Magdalena,140,Tomate rojo (jitomate),2023,2024,30.457521,-111.039789,776.0,739.1625533814095,5.4350187748633045,1.3911307999353941,9.749622293379433,16.621727941176474,5.03,27.169999999999998,24.777352941176474,9.73,38.51,8.466102941176471,-1.61,18.27,37.487647058823526,11.47,81.79,21.18404411764706,2.87,31.47,2.7202205882352946,1.28,6.17,48.79,0.35875,0.0,9.13,39.032000000000004,0.28700000000000003,0.0,7.304000000000001,11.664510838263968,3.2289971423373425,18.34486538618235,0.06600713168815554,12,3,8,36,699.4766339807995,5.143210543976467,0.8346784799612365,10.394995607459279,22.980451921184454,0.1689739111851798,0.0,4.346132488375303,676.4961820596152,4.974236632791288,0.0,10.394995607459279,229.80451921184454,6764.961820596152,6994.766339807997,660.4446339807995,0.03285378067656119,0.967146219323439,112.95,22.0,22.0,2484.9,8845.31,21979710.82,2.0345685631858745,59.89342027973574,61.927988842921614
Sonora,Santa Ana,58,Magdalena,140,Tomate verde,2012,2013,30.457521,-111.039789,776.0,828.6048604563314,6.048210660265193,2.3415185136699366,12.398512850557267,18.00324817518248,9.01,30.395,26.680437956204383,13.35,40.11,9.326058394160585,1.47,20.68,28.905182481751826,9.21,68.94,22.141824817518252,8.43,31.52,2.6510218978102187,1.3,5.17,21.04,0.15357664233576643,0.0,5.98,16.832,0.12286131386861314,0.0,4.784000000000001,11.783703069305696,5.181574030589904,18.041933382556266,0.025392078907686827,6,1,12,25,775.9302915744807,5.663724756018108,1.5121524388682541,10.559571486517063,14.896323437882014,0.10873228786775192,0.0,2.9011180707523727,761.0339681365988,5.554992468150356,0.0,10.559571486517063,148.96323437882015,7610.339681365987,7759.302915744807,759.0982915744808,0.019198017656528274,0.9808019823434718,0.0,43.0,0.0,0.0,0.0,0.0,,,
Sonora,Santa Ana,58,Magdalena,140,Tomate verde,2015,2016,30.457521,-111.039789,776.0,732.2157636703257,5.383939438752395,1.1465357472314506,10.183740652385572,18.452279411764707,4.095,26.45,26.09308823529412,9.66,35.07,10.811470588235295,-2.81,18.53,42.372352941176466,14.09,90.14,20.77838235294118,4.27,30.97,2.661764705882353,1.12,6.57,84.38,0.6204411764705882,0.0,26.91,67.504,0.4963529411764706,0.0,21.528000000000002,11.719432700538315,3.8337819135822384,18.836898695184935,0.11523925622283027,12,6,2,6,698.4525662145015,5.135680633930158,0.6879214483388704,9.48965823132792,19.27803698322891,0.14175027193550668,0.0,2.4043924742167317,679.1745292312726,4.993930361994651,0.0,9.48965823132792,192.78036983228907,6791.745292312726,6984.525662145014,630.9485662145015,0.027601068298327987,0.9723989317016719,29.7,1.0,1.0,29.7,4126.48,122556.46,6.490921543174716,228.67829267046216,235.16921421363688
Sonora,Santa Ana,58,Magdalena,140,Tomate verde,2016,2017,30.457521,-111.039789,776.0,821.9255641527635,5.999456672647909,1.0261766963752437,10.3206139856766,18.578065693430656,6.515,28.4,27.16934306569343,12.13,37.22,9.986788321167884,-2.14,20.06,31.028613138686133,11.47,88.49,22.006350364963502,5.51,31.22,2.6442335766423355,1.45,4.75,48.44,0.3535766423357664,0.0,12.05,38.752,0.28286131386861313,0.0,9.64,11.84097673088783,4.117349029939672,19.013827368603643,0.058934777202034945,8,3,4,17,788.8065902148808,5.757712337334896,0.6157060178251462,9.912399995984488,14.457689577411896,0.10553058085702115,0.0,3.0981553613114667,774.3489006374688,5.652181756477875,0.0,9.912399995984488,144.57689577411895,7743.489006374688,7888.065902148807,750.0545902148808,0.018328560837040472,0.9816714391629594,15.6,19.0,19.0,296.4,5100.0,1511640.0,9.26774972911019,496.37750040863386,505.64525013774403
Sonora,Santa Ana,58,Magdalena,140,Flores,2010,2011,30.457521,-111.039789,776.0,832.5380122050085,8.763558023210615,3.275117807376598,11.750978618868082,24.07436842105263,11.6,35.63,33.21484210526316,16.79,42.99,14.933894736842106,5.13,28.27,25.56378947368421,9.8,68.61,29.39126315789474,15.76,33.08,2.9837894736842103,1.62,5.95,9.32,0.09810526315789474,0.0,8.0,7.456,0.0784842105263158,0.0,6.4,17.1762395477913,10.53358361489894,19.601532590179538,0.011194684042492698,1,1,39,0,803.7443386118208,8.460466722229693,2.292582465163618,11.653829297151878,5.42344009311245,0.057088843085394206,0.0,4.3674400931124495,798.3208985187083,8.403377879144298,0.0,11.653829297151878,54.2344009311245,7983.208985187083,8037.443386118208,796.2883386118208,0.006747717940358362,0.9932522820596416,10.0,4.0,4.0,40.0,8000.0,320000.0,5.42344009311245,798.3208985187083,803.7443386118208
Sonora,Santa Ana,58,Magdalena,140,Flores,2012,2013,30.457521,-111.039789,776.0,872.3020302596003,9.182126634311583,4.7099617803810006,12.60461669848289,25.815684210526317,13.365,33.565,34.94368421052632,19.23,42.82,16.687684210526314,4.42,24.78,21.751052631578947,7.45,71.63,29.349789473684215,17.1,33.04,2.9017894736842105,1.75,5.48,45.81999999999999,0.48231578947368414,0.0,8.73,36.656,0.38585263157894734,0.0,6.984000000000001,16.91727457497354,10.851176222497902,19.065695372071605,0.052527677811736596,9,3,54,1,845.103587688434,8.895827238825621,3.542137287204209,13.234847533407034,35.53754762537577,0.374079448688166,0.0,6.984000000000001,809.566040063058,8.521747790137454,0.0,13.234847533407034,355.3754762537577,8095.660400630581,8451.035876884338,808.447587688434,0.0420511143759071,0.9579488856240926,9.25,1.5,1.5,13.88,6500.0,90220.0,38.41897040581164,875.2065297979007,913.6255002037122
Sonora,Santa Ana,58,Magdalena,140,Flores,2013,2014,30.457521,-111.039789,776.0,891.4311373549584,9.383485656367984,4.72105244877396,12.142942109578804,25.907368421052624,13.835,34.62,35.017684210526326,19.46,45.48,16.797052631578946,6.08,26.79,21.788947368421052,6.51,58.58,29.69936842105263,19.45,32.5,3.0373684210526313,1.81,6.0,27.85,0.2931578947368421,0.0,17.89,22.28,0.2345263157894737,0.0,14.312000000000001,17.12718084230251,12.18423271905204,19.082970587612124,0.031241897251464784,3,2,50,0,860.2237805446196,9.054987163627574,3.3047367141417716,12.10252166269714,15.328471878412344,0.1613523355622352,0.0,7.360471878412344,844.8953086662071,8.893634828065338,0.0,12.10252166269714,153.28471878412344,8448.953086662072,8602.237805446195,837.9437805446196,0.01781916778527987,0.9821808322147201,10.25,2.0,2.0,20.5,6000.0,123000.0,14.954606710646189,824.2881060158119,839.2427127264581
Sonora,Santa Ana,58,Magdalena,140,Flores,2014,2015,30.457521,-111.039789,776.0,886.8129514325481,9.33487317297419,4.187690901635677,13.146951020665963,26.064578947368425,15.145,34.125,34.83294736842106,22.67,43.25,17.29621052631579,6.41,25.22,20.612105263157897,7.14,68.8,29.120736842105256,12.59,32.67,2.962947368421053,1.47,5.84,14.86,0.15642105263157893,0.0,7.93,11.888000000000002,0.12513684210526319,0.0,6.344,16.737451694011988,8.87857242373836,18.951255884236467,0.016756633939541948,2,2,48,0,856.9481176689721,9.020506501778653,2.931383631144974,13.804298571699261,9.862821665870776,0.1038191754302187,0.0,4.5920000000000005,847.0852960031013,8.916687326348436,0.0,13.804298571699261,98.62821665870776,8470.852960031014,8569.481176689722,845.0601176689721,0.011509240130778435,0.9884907598692215,14.5,2.0,2.0,29.0,2800.0,81200.0,6.801945976462604,584.1967558642078,590.9987018406704
Sonora,Santa Ana,58,Magdalena,140,Flores,2015,2016,30.457521,-111.039789,776.0,790.2923896058975,8.318867259009448,3.765427635628474,11.963162781169515,24.70405263157895,16.580000000000002,34.95,32.91231578947368,20.94,44.27,16.495789473684216,7.95,26.28,30.829473684210523,12.05,62.35,28.14178947368421,12.52,32.31,2.9385263157894745,1.72,4.91,39.15,0.4121052631578947,0.0,5.6,31.32,0.3296842105263158,0.0,4.4799999999999995,16.870348042083535,9.052827886089409,19.743930611634763,0.04953862711435612,11,2,30,0,759.2468715514741,7.99207233212078,2.6357993449399317,12.561320920227992,31.32,0.3296842105263158,0.0,4.4799999999999995,727.926871551474,7.662388121594463,1.3317993449399317,12.561320920227992,313.2,7279.2687155147405,7592.46871551474,727.926871551474,0.041251404745336014,0.9587485952546639,9.35,1.0,1.0,9.35,4850.0,45347.5,33.49732620320856,778.5314134240365,812.028739627245
Sonora,Santa Ana,58,Magdalena,140,Avena forrajera en verde,2010,2011,30.457521,-111.039789,776.0,380.5806443377274,4.048730258911993,1.0508355667620288,8.281901621316297,13.794627659574465,7.815,20.05,21.264574468085105,12.86,30.66,6.324680851063831,0.24,10.96,48.268085106382976,19.79,85.48,18.11021276595745,4.48,27.62,2.6793617021276597,1.17,8.68,137.17,1.4592553191489361,0.0,28.15,109.736,1.167404255319149,0.0,22.52,9.82363379307281,3.958888099878985,16.10007867407386,0.360422953822831,16,8,0,20,369.2268993920155,3.927945738212931,0.6649965096254481,9.52418686451374,36.50542493746714,0.38835558444113977,0.0,4.865842646089347,332.72147445454834,3.539590153771791,0.0,9.52418686451374,365.0542493746714,3327.2147445454834,3692.2689939201546,259.49089939201554,0.09886989544255444,0.9011301045574455,27.0,655.0,655.0,17685.0,600.0,10611000.0,13.520527754617458,123.2301757239068,136.75070347852426
Sonora,Santa Ana,58,Magdalena,140,Avena forrajera en verde,2011,2012,30.457521,-111.039789,776.0,738.6566322416675,4.704819313641194,1.811463388191949,8.98863819515844,16.046496815286623,-1.2399999999999998,25.61,24.179490445859873,3.62,35.81,7.9135031847133765,-6.1,15.63,31.362866242038212,8.67,70.92,17.643184713375796,7.15,27.11,2.507834394904459,1.13,7.39,13.870000000000001,0.08834394904458599,0.0,6.08,11.096000000000002,0.0706751592356688,0.0,4.864000000000001,8.538865684914372,4.491074432968875,15.189140793105349,0.018777330893120756,3,1,1,35,673.9713377458069,4.29281106844463,1.054186974504377,7.8033638468731805,6.89735464917526,0.043932195217676814,0.0,2.526171752754518,667.0739830966315,4.2488788732269525,0.0,7.8033638468731805,0.0,0.0,0.0,662.8753377458069,0.010233899073875227,0.9897661009261247,21.0,531.0,531.0,11151.0,875.0,9757125.0,0.0,0.0,0.0
Sonora,Santa Ana,58,Magdalena,140,Avena forrajera en verde,2012,2013,30.457521,-111.039789,776.0,683.410336489019,4.325381876512778,1.132387093665463,8.33755446712417,14.992911392405064,4.3100000000000005,24.365000000000002,22.878860759493673,10.9,33.13,7.106962025316457,-2.28,17.09,38.97898734177215,11.94,86.48,17.079177215189873,3.16,28.44,2.5706962025316455,1.3,6.07,82.6,0.5227848101265823,0.0,21.7,66.08,0.4182278481012658,0.0,17.36,8.562165795645338,3.268513121168705,15.493972537067837,0.12086442886473259,12,5,0,45,627.3199909573356,3.97037968960339,0.6406681644400787,7.840062445277542,26.039953158371304,0.16480983011627406,0.0,2.902624014985437,601.2800377989643,3.8055698594871155,0.0,7.840062445277542,0.0,0.0,0.0,561.2399909573355,0.041509841123718146,0.9584901588762819,18.24,457.0,457.0,8333.4,823.0,6858388.2,0.0,0.0,0.0
Sonora,Santa Ana,58,Magdalena,140,Avena forrajera en verde,2013,2014,30.457521,-111.039789,776.0,671.8368131498703,4.27921537038134,1.603204449349413,8.110852488898841,15.637993630573249,2.0850000000000004,25.44,23.35312101910828,8.47,34.53,7.922866242038217,-5.07,18.78,37.483949044585984,13.39,83.59,16.742611464968153,5.93,27.75,2.419363057324841,1.15,5.38,78.38,0.4992356687898089,0.0,17.54,62.704,0.3993885350318471,0.0,14.032,8.420252117860807,4.406923693504129,15.214107731979812,0.11666523546472489,10,6,0,50,612.5025434010694,3.9012900853571297,0.8340376030150152,7.299767240008957,24.723944440517446,0.15747735312431493,0.0,2.966438682016998,587.778598960552,3.7438127322328154,0.0,7.299767240008957,0.0,0.0,0.0,549.7985434010694,0.04036545595914056,0.9596345440408596,18.2,292.0,292.0,5314.4,823.0,4373751.2,0.0,0.0,0.0
Sonora,Santa Ana,58,Magdalena,140,Avena forrajera en verde,2014,2015,30.457521,-111.039789,776.0,719.4972921489048,4.582785300311495,1.3241363918693123,8.044194478301343,17.187070063694268,7.395,25.68,24.8687898089172,10.32,33.87,9.505350318471336,0.6,17.49,36.02445859872611,10.39,84.94,16.934458598726113,3.77,27.95,2.4722929936305733,1.09,5.38,53.63,0.3415923566878981,0.0,14.96,42.904,0.2732738853503185,0.0,11.968000000000002,8.45330629813477,3.9156198915578813,15.661136852634215,0.07453815404895356,7,4,0,14,662.1359913770559,4.217426696669146,0.8520460440780664,7.2397750304712085,15.075859358102644,0.09602458189874295,0.0,3.088,647.0601320189533,4.121402114770403,0.0,7.2397750304712085,0.0,0.0,0.0,619.2319913770559,0.02276852422226605,0.977231475777734,17.85,433.0,433.0,7729.05,854.0,6600608.7,0.0,0.0,0.0
Sonora,Santa Ana,58,Magdalena,140,Avena forrajera en verde,2015,2016,30.457521,-111.039789,776.0,618.2441324778933,3.937860716419703,1.1465357472314506,7.921228488984772,16.596815286624203,4.095,25.92,23.827579617834395,9.66,35.05,9.366050955414012,-2.81,18.53,50.04904458598727,20.36,90.14,16.20815286624204,4.27,26.73,2.428662420382165,1.12,6.57,95.35,0.6073248407643311,0.0,26.91,76.28,0.48585987261146496,0.0,21.528000000000002,8.609688049797509,3.7058046399345863,15.400174341139921,0.15422710057569278,15,6,1,17,569.0686730054117,3.6246412293338324,0.7422690806021187,7.129105640086295,27.4094616929178,0.17458255855361657,0.0,2.609792601607578,541.6592113124939,3.4500586707802157,0.0,7.129105640086295,0.0,0.0,0.0,492.78867300541174,0.048165472803415314,0.9518345271965847,16.0,363.0,363.0,5808.0,745.0,4326960.0,0.0,0.0,0.0
Sonora,Santa Ana,58,Magdalena,140,Avena forrajera en verde,2016,2017,30.457521,-111.039789,776.0,723.3285556254832,4.578028833072678,1.0261766963752437,8.385947256894488,16.295854430379748,5.64,23.89,24.346329113924053,10.93,33.74,8.245379746835443,-2.14,15.24,35.85848101265823,11.47,88.49,17.328860759493672,5.51,27.76,2.4886708860759494,1.22,4.75,61.14,0.3869620253164557,0.0,12.05,48.912,0.30956962025316453,0.0,9.64,8.583349106065253,4.0162509009876,15.360040597947261,0.08452590392637059,14,3,0,33,670.8011225278573,4.245576724859856,0.7114618355379244,7.547352531205039,24.498477242726732,0.15505365343497932,0.0,2.670135956654632,646.3026452851306,4.090523071424877,0.0,7.547352531205039,0.0,0.0,0.0,621.8891225278572,0.03652122278866543,0.9634787772113346,18.55,374.0,374.0,6937.7,788.2,5468295.14,0.0,0.0,0.0
Sonora,Santa Ana,58,Magdalena,140,Avena forrajera en verde,2017,2018,30.457521,-111.039789,776.0,673.7405464873502,4.291341060428983,1.290576725492445,8.338909242015637,17.220987261146497,7.83,27.745,24.591656050955415,12.37,35.63,9.85031847133758,-1.19,20.46,43.205414012738856,14.83,83.62,16.500127388535027,4.7,27.59,2.4788535031847134,1.2,6.3,106.38,0.6775796178343949,0.0,15.9,85.104,0.5420636942675159,0.0,12.72,8.564428990914786,3.7539798269503173,15.614663156461535,0.15789460876984243,12,9,2,17,606.0624470232785,3.8602703632055957,1.2006555498389913,7.575147381074203,28.27807352706277,0.18011511800676924,0.0,4.267040092615877,577.7843734962157,3.680155245198826,0.0,7.575147381074203,0.0,0.0,0.0,520.9584470232785,0.04665867958978924,0.9533413204102107,20.0,350.0,350.0,7000.0,775.0,5425000.0,0.0,0.0,0.0
Sonora,Santa Ana,58,Magdalena,140,Avena forrajera en verde,2018,2019,30.457521,-111.039789,776.0,724.4697464253923,4.614456983601224,1.1260317901162686,8.673060432448695,18.442070063694267,8.49,26.475,26.00643312101911,13.66,36.0,10.877707006369429,-0.58,18.36,34.23382165605096,13.37,91.06,16.357261146496814,4.05,27.41,2.3561146496815284,0.99,5.47,78.24000000000001,0.49834394904458607,0.0,23.05,62.592,0.39867515923566876,0.0,18.44,8.19382348951503,4.001705602746626,15.501359742372122,0.10799622811862629,11,5,1,16,677.8739858711965,4.317668699816538,1.0134286111046418,9.974019497315998,22.875316105538474,0.14570265035374824,0.0,2.856,654.998669765658,4.17196604946279,0.0,9.974019497315998,0.0,0.0,0.0,615.2819858711965,0.03374567630905523,0.9662543236909447,21.0,290.0,290.0,6090.0,775.29,4721516.1,0.0,0.0,0.0
Sonora,Santa Ana,58,Magdalena,140,Avena forrajera en verde,2019,2020,30.457521,-111.039789,776.0,593.2819911165186,3.7788661854555325,1.2698982064272555,7.645093265185061,15.033471337579618,3.8,21.68,22.36356687898089,8.58,30.59,7.703375796178343,-1.74,15.92,47.3243949044586,24.66,84.24,15.926433121019107,4.3,27.05,2.3820382165605096,1.01,6.57,109.34,0.6964331210191083,0.0,26.28,87.47200000000001,0.5571464968152867,0.0,21.024,8.421271866894886,3.7223602800263462,15.393015599130493,0.18429684641906818,19,4,0,36,542.9062763124524,3.458001759951926,0.9236471671980517,6.880583938666555,38.19399039666255,0.24327382418256402,0.0,2.352,504.7122859157899,3.2147279357693623,0.0,6.880583938666555,0.0,0.0,0.0,455.4342763124524,0.0703509833337812,0.9296490166662189,21.5,300.0,300.0,6450.0,789.65,5093242.5,0.0,0.0,0.0
Sonora,Santa Ana,58,Magdalena,140,Avena forrajera en verde,2020,2021,30.457521,-111.039789,776.0,550.7166836600697,3.485548630759935,1.0246616273279687,6.513104423296033,15.153449367088607,4.130000000000001,23.365000000000002,22.17196202531646,10.95,30.48,8.134936708860758,-3.54,16.52,53.658670886075946,27.27,88.79,15.450632911392404,3.43,27.69,2.378227848101266,0.87,6.31,246.86,1.5624050632911393,0.0,39.05,197.488,1.2499240506329115,0.0,31.24,8.375407672926613,3.466121165856662,16.239622893714024,0.44825226350392267,25,15,0,32,499.25243346218826,3.159825528241698,0.7630041607383626,5.86179398096643,50.56363520381416,0.3200230076190769,0.0,3.1338380039499443,448.6887982583741,2.8398025206226207,0.0,5.86179398096643,0.0,0.0,0.0,301.76443346218826,0.10127869553517896,0.898721304464821,21.91,320.0,320.0,7010.0,799.56,5604915.6,0.0,0.0,0.0
Sonora,Santa Ana,58,Magdalena,140,Avena forrajera en verde,2021,2022,30.457521,-111.039789,776.0,758.1834912825684,4.829194211990882,1.480087304166804,10.500913546331088,16.443375796178348,5.525,27.564999999999998,24.57127388535032,9.48,37.02,8.31547770700637,-0.15,20.73,30.68343949044586,10.55,82.28,17.30292993630573,8.56,27.38,2.636433121019108,1.37,6.21,44.120000000000005,0.2810191082802548,0.0,11.9,35.29600000000001,0.22481528662420386,0.0,9.520000000000001,8.330972589278216,4.383100343766884,15.085494570819387,0.05819171810951086,7,3,4,34,695.6270906505318,4.4307458003218585,0.8570209577899186,9.450822191697979,17.036968169178564,0.1085157208227934,0.0,2.759783880560866,678.5901224813533,4.322230079499065,0.0,9.450822191697979,0.0,0.0,0.0,660.3310906505318,0.02449152483875527,0.9755084751612448,22.23,302.0,302.0,6713.46,827.63,5556260.9,0.0,0.0,0.0
Sonora,Santa Ana,58,Magdalena,140,Avena forrajera en verde,2022,2023,30.457521,-111.039789,776.0,711.2213074787677,4.530072022157756,1.2887336450830444,8.391382605443816,16.779872611464967,6.25,25.33,24.638152866242034,12.85,34.78,8.9215923566879,-2.18,17.43,34.86757961783439,8.71,83.7,16.936687898089176,2.53,26.91,2.469426751592357,1.12,6.04,45.66,0.290828025477707,0.0,25.16,36.528000000000006,0.23266242038216564,0.0,20.128,8.423511695331813,3.114295244169159,15.299109039787371,0.06419942642306607,8,1,0,20,644.0931450682057,4.102504108714686,0.9839806384327425,7.552244344899434,16.729009176814582,0.10655419857843683,0.0,2.288,627.364135891391,3.9959499101362486,0.0,7.552244344899434,0.0,0.0,0.0,607.5651450682057,0.025972965719178828,0.974027034280821,24.12,170.0,170.0,4100.0,855.23,3506443.0,0.0,0.0,0.0
Sonora,Santa Ana,58,Magdalena,140,Avena forrajera en verde,2023,2024,30.457521,-111.039789,776.0,589.1471578003279,3.7525296675180124,1.3833905232540513,8.465619792072903,14.149649681528661,5.03,20.525,21.55955414012739,9.73,30.42,6.739745222929939,-1.61,15.61,46.66605095541401,16.71,82.3,16.268917197452232,2.76,28.72,2.476687898089172,1.09,6.17,75.65,0.48184713375796184,0.0,12.21,60.519999999999996,0.3854777070063694,0.0,9.768,8.476478601895401,3.208332221861748,16.052913559461594,0.12840594917312506,15,6,0,47,543.1345615802635,3.4594558062437164,0.7668632148662796,7.619057812865614,31.580452108093485,0.20114937648467188,0.0,3.4013210778589333,511.55410947217,3.2583064297590445,0.0,7.619057812865614,0.0,0.0,0.0,482.6145615802635,0.05814480304145878,0.9418551969585413,24.88,215.0,215.0,5349.2,866.54,4635295.77,0.0,0.0,0.0
Sonora,Santa Ana,58,Magdalena,140,Cebada forrajera en verde,2011,2012,30.457521,-111.039789,776.0,738.6566322416675,4.704819313641194,1.811463388191949,8.98863819515844,16.046496815286623,-1.2399999999999998,25.61,24.179490445859873,3.62,35.81,7.9135031847133765,-6.1,15.63,31.362866242038212,8.67,70.92,17.643184713375796,7.15,27.11,2.507834394904459,1.13,7.39,13.870000000000001,0.08834394904458599,0.0,6.08,11.096000000000002,0.0706751592356688,0.0,4.864000000000001,8.538865684914372,4.491074432968875,15.189140793105349,0.018777330893120756,3,1,1,35,673.9713377458069,4.29281106844463,1.054186974504377,7.8033638468731805,6.89735464917526,0.043932195217676814,0.0,2.526171752754518,667.0739830966315,4.2488788732269525,0.0,7.8033638468731805,0.0,0.0,0.0,662.8753377458069,0.010233899073875227,0.9897661009261247,20.0,33.0,33.0,660.0,800.0,528000.0,0.0,0.0,0.0
Sonora,Santa Ana,58,Magdalena,140,Cebada forrajera en verde,2012,2013,30.457521,-111.039789,776.0,683.410336489019,4.325381876512778,1.132387093665463,8.33755446712417,14.992911392405064,4.3100000000000005,24.365000000000002,22.878860759493673,10.9,33.13,7.106962025316457,-2.28,17.09,38.97898734177215,11.94,86.48,17.079177215189873,3.16,28.44,2.5706962025316455,1.3,6.07,82.6,0.5227848101265823,0.0,21.7,66.08,0.4182278481012658,0.0,17.36,8.562165795645338,3.268513121168705,15.493972537067837,0.12086442886473259,12,5,0,45,627.3199909573356,3.97037968960339,0.6406681644400787,7.840062445277542,26.039953158371304,0.16480983011627406,0.0,2.902624014985437,601.2800377989643,3.8055698594871155,0.0,7.840062445277542,0.0,0.0,0.0,561.2399909573355,0.041509841123718146,0.9584901588762819,9.0,5.0,5.0,45.0,820.0,36900.0,0.0,0.0,0.0
Sonora,Santa Ana,58,Magdalena,140,Cebada forrajera en verde,2013,2014,30.457521,-111.039789,776.0,671.8368131498703,4.27921537038134,1.603204449349413,8.110852488898841,15.637993630573249,2.0850000000000004,25.44,23.35312101910828,8.47,34.53,7.922866242038217,-5.07,18.78,37.483949044585984,13.39,83.59,16.742611464968153,5.93,27.75,2.419363057324841,1.15,5.38,78.38,0.4992356687898089,0.0,17.54,62.704,0.3993885350318471,0.0,14.032,8.420252117860807,4.406923693504129,15.214107731979812,0.11666523546472489,10,6,0,50,612.5025434010694,3.9012900853571297,0.8340376030150152,7.299767240008957,24.723944440517446,0.15747735312431493,0.0,2.966438682016998,587.778598960552,3.7438127322328154,0.0,7.299767240008957,0.0,0.0,0.0,549.7985434010694,0.04036545595914056,0.9596345440408596,17.75,21.5,21.5,381.63,812.0,309883.56,0.0,0.0,0.0
Sonora,Santa Ana,58,Magdalena,140,Cebada forrajera en verde,2014,2015,30.457521,-111.039789,776.0,719.4972921489048,4.582785300311495,1.3241363918693123,8.044194478301343,17.187070063694268,7.395,25.68,24.8687898089172,10.32,33.87,9.505350318471336,0.6,17.49,36.02445859872611,10.39,84.94,16.934458598726113,3.77,27.95,2.4722929936305733,1.09,5.38,53.63,0.3415923566878981,0.0,14.96,42.904,0.2732738853503185,0.0,11.968000000000002,8.45330629813477,3.9156198915578813,15.661136852634215,0.07453815404895356,7,4,0,14,662.1359913770559,4.217426696669146,0.8520460440780664,7.2397750304712085,15.075859358102644,0.09602458189874295,0.0,3.088,647.0601320189533,4.121402114770403,0.0,7.2397750304712085,0.0,0.0,0.0,619.2319913770559,0.02276852422226605,0.977231475777734,18.55,40.0,40.0,742.0,805.0,597310.0,0.0,0.0,0.0
Sonora,Santa Ana,58,Magdalena,140,Cebada forrajera en verde,2015,2016,30.457521,-111.039789,776.0,618.2441324778933,3.937860716419703,1.1465357472314506,7.921228488984772,16.596815286624203,4.095,25.92,23.827579617834395,9.66,35.05,9.366050955414012,-2.81,18.53,50.04904458598727,20.36,90.14,16.20815286624204,4.27,26.73,2.428662420382165,1.12,6.57,95.35,0.6073248407643311,0.0,26.91,76.28,0.48585987261146496,0.0,21.528000000000002,8.609688049797509,3.7058046399345863,15.400174341139921,0.15422710057569278,15,6,1,17,569.0686730054117,3.6246412293338324,0.7422690806021187,7.129105640086295,27.4094616929178,0.17458255855361657,0.0,2.609792601607578,541.6592113124939,3.4500586707802157,0.0,7.129105640086295,0.0,0.0,0.0,492.78867300541174,0.048165472803415314,0.9518345271965847,18.25,25.0,25.0,456.25,815.0,371843.75,0.0,0.0,0.0
Sonora,Santa Ana,58,Magdalena,140,Cebada forrajera en verde,2016,2017,30.457521,-111.039789,776.0,723.3285556254832,4.578028833072678,1.0261766963752437,8.385947256894488,16.295854430379748,5.64,23.89,24.346329113924053,10.93,33.74,8.245379746835443,-2.14,15.24,35.85848101265823,11.47,88.49,17.328860759493672,5.51,27.76,2.4886708860759494,1.22,4.75,61.14,0.3869620253164557,0.0,12.05,48.912,0.30956962025316453,0.0,9.64,8.583349106065253,4.0162509009876,15.360040597947261,0.08452590392637059,14,3,0,33,670.8011225278573,4.245576724859856,0.7114618355379244,7.547352531205039,24.498477242726732,0.15505365343497932,0.0,2.670135956654632,646.3026452851306,4.090523071424877,0.0,7.547352531205039,0.0,0.0,0.0,621.8891225278572,0.03652122278866543,0.9634787772113346,17.5,12.0,12.0,210.0,729.17,153125.7,0.0,0.0,0.0
Sonora,Santa Ana,58,Magdalena,140,Cebada forrajera en verde,2017,2018,30.457521,-111.039789,776.0,673.7405464873502,4.291341060428983,1.290576725492445,8.338909242015637,17.220987261146497,7.83,27.745,24.591656050955415,12.37,35.63,9.85031847133758,-1.19,20.46,43.205414012738856,14.83,83.62,16.500127388535027,4.7,27.59,2.4788535031847134,1.2,6.3,106.38,0.6775796178343949,0.0,15.9,85.104,0.5420636942675159,0.0,12.72,8.564428990914786,3.7539798269503173,15.614663156461535,0.15789460876984243,12,9,2,17,606.0624470232785,3.8602703632055957,1.2006555498389913,7.575147381074203,28.27807352706277,0.18011511800676924,0.0,4.267040092615877,577.7843734962157,3.680155245198826,0.0,7.575147381074203,0.0,0.0,0.0,520.9584470232785,0.04665867958978924,0.9533413204102107,8.1,5.0,5.0,40.5,700.0,28350.0,0.0,0.0,0.0
Sonora,Santa Ana,58,Magdalena,140,Cebada forrajera en verde,2018,2019,30.457521,-111.039789,776.0,724.4697464253923,4.614456983601224,1.1260317901162686,8.673060432448695,18.442070063694267,8.49,26.475,26.00643312101911,13.66,36.0,10.877707006369429,-0.58,18.36,34.23382165605096,13.37,91.06,16.357261146496814,4.05,27.41,2.3561146496815284,0.99,5.47,78.24000000000001,0.49834394904458607,0.0,23.05,62.592,0.39867515923566876,0.0,18.44,8.19382348951503,4.001705602746626,15.501359742372122,0.10799622811862629,11,5,1,16,677.8739858711965,4.317668699816538,1.0134286111046418,9.974019497315998,22.875316105538474,0.14570265035374824,0.0,2.856,654.998669765658,4.17196604946279,0.0,9.974019497315998,0.0,0.0,0.0,615.2819858711965,0.03374567630905523,0.9662543236909447,8.15,8.0,8.0,65.2,725.0,47270.0,0.0,0.0,0.0
Sonora,Santa Ana,58,Magdalena,140,Cebada forrajera en verde,2019,2020,30.457521,-111.039789,776.0,593.2819911165186,3.7788661854555325,1.2698982064272555,7.645093265185061,15.033471337579618,3.8,21.68,22.36356687898089,8.58,30.59,7.703375796178343,-1.74,15.92,47.3243949044586,24.66,84.24,15.926433121019107,4.3,27.05,2.3820382165605096,1.01,6.57,109.34,0.6964331210191083,0.0,26.28,87.47200000000001,0.5571464968152867,0.0,21.024,8.421271866894886,3.7223602800263462,15.393015599130493,0.18429684641906818,19,4,0,36,542.9062763124524,3.458001759951926,0.9236471671980517,6.880583938666555,38.19399039666255,0.24327382418256402,0.0,2.352,504.7122859157899,3.2147279357693623,0.0,6.880583938666555,0.0,0.0,0.0,455.4342763124524,0.0703509833337812,0.9296490166662189,8.0,10.0,10.0,80.0,735.0,58800.0,0.0,0.0,0.0
Sonora,Santa Ana,58,Magdalena,140,Cebada forrajera en verde,2022,2023,30.457521,-111.039789,776.0,711.2213074787677,4.530072022157756,1.2887336450830444,8.391382605443816,16.779872611464967,6.25,25.33,24.638152866242034,12.85,34.78,8.9215923566879,-2.18,17.43,34.86757961783439,8.71,83.7,16.936687898089176,2.53,26.91,2.469426751592357,1.12,6.04,45.66,0.290828025477707,0.0,25.16,36.528000000000006,0.23266242038216564,0.0,20.128,8.423511695331813,3.114295244169159,15.299109039787371,0.06419942642306607,8,1,0,20,644.0931450682057,4.102504108714686,0.9839806384327425,7.552244344899434,16.729009176814582,0.10655419857843683,0.0,2.288,627.364135891391,3.9959499101362486,0.0,7.552244344899434,0.0,0.0,0.0,607.5651450682057,0.025972965719178828,0.974027034280821,22.0,5.0,5.0,110.0,875.0,96250.0,0.0,0.0,0.0
Sonora,Santa Ana,58,Magdalena,140,Cebada forrajera en verde,2023,2024,30.457521,-111.039789,776.0,589.1471578003279,3.7525296675180124,1.3833905232540513,8.465619792072903,14.149649681528661,5.03,20.525,21.55955414012739,9.73,30.42,6.739745222929939,-1.61,15.61,46.66605095541401,16.71,82.3,16.268917197452232,2.76,28.72,2.476687898089172,1.09,6.17,75.65,0.48184713375796184,0.0,12.21,60.519999999999996,0.3854777070063694,0.0,9.768,8.476478601895401,3.208332221861748,16.052913559461594,0.12840594917312506,15,6,0,47,543.1345615802635,3.4594558062437164,0.7668632148662796,7.619057812865614,31.580452108093485,0.20114937648467188,0.0,3.4013210778589333,511.55410947217,3.2583064297590445,0.0,7.619057812865614,0.0,0.0,0.0,482.6145615802635,0.05814480304145878,0.9418551969585413,23.98,5.0,5.0,119.9,918.75,110158.13,0.0,0.0,0.0
Sonora,Santa Ana,58,Magdalena,140,Maíz grano,2010,2011,30.457521,-111.039789,776.0,1345.8833355315621,7.870662780886328,3.275117807376598,11.750978618868082,26.38766081871345,11.6,35.63,34.38087719298246,16.79,42.99,18.394444444444442,5.13,28.27,37.533567251461996,9.8,79.76,27.068187134502924,15.01,33.08,2.551637426900584,1.11,5.95,262.90000000000003,1.5374269005847956,0.0,25.0,157.74,0.9224561403508772,0.0,15.0,16.548766408831717,10.53358361489894,19.601532590179538,0.19533639585199752,39,20,88,0,1240.7431024777793,7.255807616829118,0.9825353422129793,14.101174342641698,107.85019234927414,0.6307028792355213,0.0,7.474559892209615,1132.892910128505,6.625104737593596,0.0,14.047174342641698,1078.5019234927413,11328.92910128505,12407.43102477779,1083.0031024777793,0.08692387016610931,0.9130761298338906,3.98,23.0,23.0,91.45,3499.92,320068.0,270.9803827871209,2846.4645983128266,3117.4449810999477
Sonora,Santa Ana,58,Magdalena,140,Maíz grano,2012,2013,30.457521,-111.039789,776.0,1329.6178862907975,7.775543194683026,3.2766052001177877,12.60461669848289,26.826725146198836,13.365,33.565,34.43859649122807,19.23,42.82,19.21485380116959,4.42,26.34,38.345146198830406,7.45,80.59,26.566315789473684,13.48,33.04,2.390701754385965,0.9,5.48,314.73,1.8405263157894738,0.0,16.63,188.83800000000002,1.1043157894736844,0.0,9.978,16.19529023041118,9.748303185690935,19.065695372071605,0.236707104533615,51,23,80,1,1205.8611468848856,7.051819572426231,1.5180588373732327,15.125540038179466,150.2019369628514,0.878373900367552,0.0,6.144,1055.659209922034,6.173445672058679,0.0,15.125540038179466,1502.019369628514,10556.592099220341,12058.611468848854,1017.0231468848856,0.12455989427213052,0.8754401057278693,3.65,8.5,8.5,31.03,3200.0,99296.0,411.51215606260655,2892.217013485025,3303.7291695476315
Sonora,Santa Ana,58,Magdalena,140,Maíz grano,2015,2016,30.457521,-111.039789,776.0,1266.794562453661,7.408155335986321,2.9966819261190163,11.963162781169515,26.478918128654975,16.580000000000002,34.95,33.629473684210524,20.94,44.27,19.32836257309941,7.95,27.07,42.71760233918128,12.05,78.69,25.921403508771927,10.48,32.31,2.517543859649123,0.91,4.91,220.00999999999996,1.2866081871345028,0.0,22.54,176.00799999999998,1.0292865497076022,0.0,18.032,16.208204673956203,7.8244913604245765,19.743930611634763,0.17367456927969555,40,15,65,0,1133.905607049434,6.631026941809555,1.1296282906885422,14.355795337403418,121.79736649729941,0.7122653011537977,0.0,7.456157171537621,1012.1082405521345,5.918761640655757,0.0,14.355795337403418,1217.9736649729941,10121.082405521345,11339.05607049434,957.8976070494339,0.10741402612359559,0.8925859738764044,3.1,8.0,8.0,24.8,3435.46,85199.41,392.8947306364497,3264.8652921036596,3657.7600227401094
Sonora,Santa Ana,58,Magdalena,140,Sorgo forrajero en verde,2010,2011,30.457521,-111.039789,776.0,1180.1943961734505,7.815856928300997,2.009403229169325,11.750978618868082,23.20109271523179,8.72,35.63,31.746490066225167,15.04,42.99,14.655695364238412,1.18,28.27,32.63324503311258,9.8,79.22,27.40165562913907,9.82,33.08,2.8081456953642387,1.29,5.95,126.94,0.8406622516556291,0.0,20.88,101.552,0.6725298013245034,0.0,16.704,16.191053335241893,6.948878165394316,19.601532590179538,0.10755855171959647,21,9,57,6,1046.9126177635908,6.933196144129741,0.6028209687507975,10.57703279922745,62.37607633184823,0.4130865982241605,0.0,5.838332509290399,984.5365414317424,6.520109545905579,0.0,10.57703279922745,623.7607633184823,9845.365414317424,10469.126177635906,945.3606177635908,0.059580976743881145,0.9404190232561187,28.0,518.0,518.0,14504.0,550.0,7977200.0,34.65337573991568,546.9647452398569,581.6181209797726
Sonora,Santa Ana,58,Magdalena,140,Sorgo forrajero en verde,2011,2012,30.457521,-111.039789,776.0,1264.1484526160398,8.371844057059866,3.1766874997518912,12.596933967726475,24.640264900662253,11.855,35.68,33.353112582781456,17.7,45.14,15.927417218543047,3.62,26.82,26.871258278145696,7.15,72.06,27.743046357615892,12.04,33.0,2.8125827814569537,1.22,5.45,92.09,0.6098675496688742,0.0,20.17,73.67200000000001,0.4878940397350994,0.0,16.136000000000003,16.08720858920842,8.462401071817531,19.233157004854,0.07284745696553926,20,6,59,1,1102.3328105513383,7.300217288419459,1.52002958640623,11.547558554366505,61.58029634943565,0.40781653211546787,0.0,6.768000000000001,1040.7525142019028,6.892400756303992,0.0,11.547558554366505,615.8029634943565,10407.525142019029,11023.328105513385,1028.6608105513383,0.055863615561470854,0.9441363844385293,20.5,564.0,564.0,11562.0,750.0,8671500.0,41.468213029923,700.8434439070053,742.3116569369283
Sonora,Santa Ana,58,Magdalena,140,Sorgo forrajero en verde,2012,2013,30.457521,-111.039789,776.0,1225.1729818197934,8.113728356422474,2.4250741874886383,12.60461669848289,24.38761589403974,9.01,33.565,32.89046357615894,13.35,42.82,15.884768211920528,1.56,24.78,28.531655629139077,7.45,80.59,27.12655629139072,10.08,33.04,2.753112582781457,0.9,5.48,159.60000000000002,1.0569536423841062,0.0,16.63,127.68000000000002,0.8455629139072849,0.0,13.304,15.814578968150405,7.254428959786678,19.065695372071605,0.13026731928330676,28,11,62,8,1081.011997087803,7.159019848263595,0.7275222562465915,12.398512850557267,99.52041032500348,0.6590755650662482,0.0,6.984000000000001,981.4915867627994,6.4999442831973475,0.0,12.398512850557267,995.2041032500348,9814.915867627995,10810.11997087803,953.3319970878028,0.0920622625772026,0.9079377374227974,17.5,533.0,533.0,9327.5,785.0,7322087.5,76.49531923520637,754.4132104249036,830.9085296601099
Sonora,Santa Ana,58,Magdalena,140,Sorgo forrajero en verde,2013,2014,30.457521,-111.039789,776.0,1246.157822445175,8.252700810895199,3.385673686608388,12.142942109578804,24.90930463576159,10.65,34.62,33.385298013245034,16.46,45.48,16.43331125827815,3.98,26.79,28.700596026490064,6.51,80.41,27.32827814569536,13.21,32.5,2.7542384105960265,0.91,6.0,145.07000000000002,0.9607284768211922,0.0,29.21,116.05600000000003,0.7685827814569538,0.0,23.368000000000002,15.948523933201539,9.705898444621473,19.082970587612124,0.11641382607168316,20,7,57,3,1096.0304566254151,7.258479845201425,1.0215013974954443,11.357474855345014,68.0364341365878,0.45057241150058147,0.0,6.951556774056103,1027.9940224888276,6.807907433700845,0.0,11.357474855345014,680.364341365878,10279.940224888276,10960.304566254154,979.9744566254151,0.062075313441622974,0.9379246865583772,17.89,309.0,309.0,5528.01,841.0,4649056.41,52.65977874348901,795.6610081182877,848.3207868617767
Sonora,Santa Ana,58,Magdalena,140,Sorgo forrajero en verde,2014,2015,30.457521,-111.039789,776.0,1233.1887967430844,8.166813223464136,1.7858945775972297,13.146951020665963,24.977417218543046,15.145,34.125,33.096556291390726,18.6,43.25,16.858278145695362,6.41,25.35,29.252649006622516,7.14,79.14,27.184635761589398,3.77,32.67,2.673841059602649,0.98,5.84,124.64000000000003,0.8254304635761591,0.0,14.96,99.712,0.6603443708609271,0.0,11.968000000000002,15.896317418595512,3.9156198915578813,19.377656103923467,0.10107130419055115,20,11,58,0,1091.6553441899046,7.22950559066162,0.5357683732791689,13.146951020665963,66.747159706318,0.44203417024051656,0.0,5.617358863032034,1024.9081844835864,6.787471420421102,0.0,13.146951020665963,667.4715970631801,10249.081844835864,10916.553441899045,991.9433441899046,0.06114307053189001,0.9388569294681098,18.25,482.0,482.0,8796.5,921.09,8102368.19,51.245420120013826,786.8776848242505,838.1231049442644
Sonora,Santa Ana,58,Magdalena,140,Sorgo forrajero en verde,2015,2016,30.457521,-111.039789,776.0,1133.6970041341735,7.507927179696513,2.0907760645362887,11.963162781169515,24.185662251655625,11.76,34.95,31.841059602649008,16.22,44.27,16.53026490066225,5.18,26.28,37.302185430463574,12.05,81.07,26.1723178807947,8.41,32.31,2.7841059602649003,1.35,5.46,138.16,0.9149668874172185,0.0,22.54,110.528,0.7319735099337749,0.0,18.032,15.854302227245382,6.198751625840529,19.743930611634763,0.12186677701024312,27,9,43,0,1004.7557282634575,6.654011445453361,0.6272328193608866,11.014775036051011,73.27156815796687,0.48524217323156865,0.0,5.556609542626009,931.4841601054908,6.168769272221794,0.0,11.014775036051011,732.7156815796686,9314.841601054908,10047.557282634576,894.2277282634575,0.07292475782606764,0.9270752421739324,18.45,507.0,507.0,9354.15,847.78,7930261.29,56.79966523873401,722.0807442678224,778.8804095065564
Sonora,Santa Ana,58,Magdalena,140,Sorgo forrajero en verde,2016,2017,30.457521,-111.039789,776.0,1228.4585596721686,8.135487150146812,2.6940481402708407,14.128974278779088,25.095033112582783,9.265,36.870000000000005,33.44675496688741,13.38,47.03,16.743311258278144,5.13,26.91,29.188145695364238,8.06,71.63,27.29834437086092,12.13,32.47,2.6714569536423842,1.11,4.19,69.74000000000001,0.46185430463576166,0.0,10.43,55.791999999999994,0.36948344370860925,0.0,8.344,16.0911854577712,8.475345565820678,19.430935661008647,0.05677033177139578,14,3,56,0,1076.5905110703388,7.129738483909529,0.8082144420812521,13.99269510759016,45.90231825413906,0.3039888626101925,0.0,7.28351144981473,1030.6881928161997,6.825749621299336,0.0,13.99269510759016,459.0231825413906,10306.881928161998,10765.905110703388,1020.7985110703388,0.04263674793910573,0.9573632520608942,19.2,494.0,494.0,9484.8,809.98,7682498.3,31.98767822588088,718.2496117186062,750.2372899444871
Sonora,Santa Ana,58,Magdalena,140,Sorgo forrajero en verde,2017,2018,30.457521,-111.039789,776.0,1211.841295377324,8.025439042233934,4.031891600388111,12.385753917925971,25.478940397350993,14.285,36.31,33.72026490066225,19.31,46.56,17.237615894039738,6.04,27.71,30.843443708609275,5.95,78.73,27.04523178807947,14.09,33.35,2.6047682119205295,1.0,5.26,157.48999999999998,1.042980132450331,0.0,16.26,125.992,0.8343841059602649,0.0,13.008000000000003,15.86783644627007,8.560998856996878,19.42993843027897,0.1299592616630243,24,13,61,0,1065.6055690683886,7.056990523631713,1.309554032342035,11.047518998206469,85.07237644969993,0.5633932215211916,0.0,6.032,980.5331926186889,6.493597302110523,0.0,11.047518998206469,850.7237644969994,9805.33192618689,10656.055690683888,939.6135690683886,0.07983477087500107,0.9201652291249991,19.28,260.0,260.0,5012.8,861.5,4318527.2,59.09855953435216,681.1623429098221,740.2609024441742
Sonora,Santa Ana,58,Magdalena,140,Sorgo forrajero en verde,2018,2019,30.457521,-111.039789,776.0,1234.8365373520323,8.177725412927366,3.354340130247747,12.39566655545016,25.52069536423841,12.18,35.355000000000004,33.85112582781457,20.74,45.17,17.190264900662253,1.23,28.11,29.28701986754967,7.79,77.0,26.817880794701985,7.26,32.84,2.653046357615894,0.9,4.95,101.53,0.6723841059602649,0.0,17.31,81.22400000000002,0.537907284768212,0.0,13.847999999999999,15.750368568907328,6.232416695166577,19.746960590717038,0.08222140901152766,13,7,66,1,1101.2311021695596,7.292921206420925,1.2837914780199522,11.162825492435802,53.576153349739876,0.35480896258105876,0.0,7.2026113273985946,1047.6549488198195,6.938112243839864,0.0,11.162825492435802,535.7615334973988,10476.549488198196,11012.311021695594,1020.0071021695595,0.0486511443821268,0.9513488556178731,19.25,250.0,250.0,4812.5,891.32,4289477.5,37.14118083170875,726.2772608802908,763.4184417119995
Sonora,Santa Ana,58,Magdalena,140,Sorgo forrajero en verde,2019,2020,30.457521,-111.039789,776.0,1170.0732389082539,7.748829396743403,2.4547272759209497,12.51854520451585,24.083145695364234,11.21,35.355,32.22827814569536,15.13,44.24,15.938013245033115,2.94,27.75,33.366821192052974,12.33,76.82,26.633245033112583,7.47,32.54,2.6970860927152316,1.2,4.78,67.85,0.44933774834437085,0.0,26.28,54.28,0.3594701986754967,0.0,21.024,15.917746837212768,5.831558622070238,19.444023995185095,0.05798782310696036,11,3,57,3,1035.8011023556724,6.859609949375313,0.7364181827762849,10.640763423838472,33.82996461408421,0.2240395007555246,0.0,5.208,1001.9711377415883,6.635570448619791,0.0,10.640763423838472,338.2996461408421,10019.711377415882,10358.011023556724,981.5211023556724,0.03266067639544538,0.9673393236045548,19.0,200.0,200.0,3800.0,841.38,3197244.0,23.86593623568551,706.8579454967113,730.7238817323968
Sonora,Santa Ana,58,Magdalena,140,Sorgo forrajero en verde,2020,2021,30.457521,-111.039789,776.0,1180.5260694733038,7.818053440220555,1.9592279076900223,12.180313686514834,24.667814569536418,10.459999999999999,35.58,32.81860927152318,15.05,44.15,16.517019867549667,2.62,27.01,35.814370860927156,9.58,78.7,26.798410596026493,6.62,33.75,2.6713907284768212,1.03,5.27,133.16,0.8818543046357615,0.0,21.54,106.52800000000002,0.7054834437086094,0.0,17.232,16.120945976929725,5.5367235832318045,19.98542343148827,0.11279717021362336,21,8,75,3,1055.123750314105,6.987574505391424,0.5877683723070066,10.640103043297048,43.81107819507072,0.29013959069583256,0.0,6.100307242621669,1011.3126721190343,6.697434914695592,0.0,10.640103043297048,438.1107819507072,10113.126721190343,10551.23750314105,948.5957503141051,0.04152221782708273,0.9584777821729172,17.3,120.0,120.0,2076.0,856.05,1777159.8,42.74251531226412,986.6465093844238,1029.389024696688
Sonora,Santa Ana,58,Magdalena,140,Sorgo forrajero en verde,2021,2022,30.457521,-111.039789,776.0,1204.6356403674934,7.9777194726324065,2.7769917451468435,11.647933053620699,24.729139072847683,10.015,34.715,32.914900662251654,15.71,44.78,16.543377483443706,-0.15,25.62,30.45860927152318,5.43,81.13,26.477417218543046,9.88,32.77,2.749205298013245,0.91,4.83,124.13000000000002,0.8220529801324505,0.0,15.98,99.304,0.6576423841059603,0.0,12.784,15.576934065555937,7.6852241168178965,18.877253081173343,0.103043605751306,24,7,58,5,1064.9862191626896,7.052888868627083,1.091294715318064,11.524464506199802,74.38072030355394,0.4925875516791652,0.0,7.939432348957753,990.6054988591355,6.560301316947918,0.0,11.524464506199802,743.8072030355395,9906.054988591355,10649.862191626895,965.6822191626896,0.06984195566589899,0.9301580443341009,19.8,507.0,507.0,10038.6,859.66,8629782.88,56.43453740785581,751.5974953407705,808.0320327486263
Sonora,Santa Ana,58,Magdalena,140,Sorgo forrajero en verde,2022,2023,30.457521,-111.039789,776.0,1241.9230161524938,8.22465573610923,4.295310852675897,11.764424743678296,25.31205298013245,11.49,33.8,33.84622516556291,19.92,42.54,16.777880794701986,2.38,27.87,27.214966887417212,4.31,76.1,27.12079470198675,10.55,32.61,2.6960264900662247,0.88,4.79,125.15000000000002,0.8288079470198677,0.0,19.32,100.12000000000003,0.6630463576158943,0.0,15.456000000000001,15.769727925070619,7.52416297566584,19.194035865090882,0.10077114150578964,22,7,69,5,1095.6075596638834,7.255679203072075,1.3117936498578326,11.673596471584482,68.24513319339118,0.45195452445954426,0.0,6.641099943673685,1027.3624264704922,6.803724678612531,0.0,11.673596471584482,682.4513319339119,10273.624264704922,10956.075596638833,995.4875596638834,0.0622897611388587,0.9377102388611412,24.24,819.0,819.0,19852.56,875.12,17373372.31,41.06205366630036,618.1482710412108,659.2103247075112
Sonora,Santa Ana,58,Magdalena,140,Sorgo forrajero en verde,2023,2024,30.457521,-111.039789,776.0,1249.3653457669639,8.273942687198437,3.014691355935107,11.816918964876717,24.9217880794702,7.18,36.769999999999996,33.556423841059605,14.2,45.61,16.287152317880793,0.16,28.05,26.832847682119205,6.01,66.91,27.282185430463574,12.57,32.09,2.7369536423841057,1.28,4.8,41.260000000000005,0.2732450331125828,0.0,5.6,33.007999999999996,0.2185960264900662,0.0,4.4799999999999995,15.95949965775638,8.454676726730103,19.461615431571595,0.0330247674467641,11,1,65,7,1105.9219541408743,7.323986451264068,0.9044074067805321,10.604821784951525,29.600642842621248,0.19603074730212747,0.0,3.7439999999999998,1076.3213112982528,7.1279557039619394,0.0,10.604821784951525,296.0064284262125,10763.213112982528,11059.21954140874,1072.9139541408742,0.026765580276065907,0.9732344197239339,23.03,318.0,318.0,7323.54,956.89,7007822.19,18.746448918696167,681.6474422408187,700.3938911595149
Sonora,Santa Ana,58,Magdalena,140,Trigo grano,2013,2014,30.457521,-111.039789,776.0,781.8944614073991,4.545898031438367,1.603204449349413,9.888354893861518,15.935087209302326,2.0850000000000004,25.44,23.73401162790697,8.47,34.53,8.136162790697675,-5.07,18.78,36.67209302325582,7.52,83.59,17.69889534883721,5.93,31.08,2.4912790697674416,1.15,6.0,80.55,0.46831395348837207,0.0,17.54,64.44,0.37465116279069766,0.0,14.032,9.062434339044573,4.406923693504129,17.204168261724284,0.10301901851947015,11,6,0,50,583.0303616519494,3.3897114049531942,0.8340376030150152,9.151570922191768,26.522446507802343,0.15420027039419967,0.0,2.966438682016998,556.5079151441471,3.235511134558995,0.0,9.151570922191768,0.0,0.0,0.0,518.5903616519495,0.045490678105774875,0.9545093218942251,3.82,35.0,35.0,133.7,3560.0,475972.0,0.0,0.0,0.0
Sonora,Santa Ana,58,Magdalena,140,Trigo forrajero verde,2010,2011,30.457521,-111.039789,776.0,329.06255669233997,3.8263087987481392,1.0508355667620288,6.905625866840278,13.467906976744183,7.815,18.89,20.78674418604651,12.86,29.36,6.149069767441861,0.24,10.96,49.23895348837208,19.79,85.48,17.38930232558139,4.48,26.45,2.6402325581395347,1.17,8.68,137.05999999999997,1.593720930232558,0.0,28.15,109.64800000000001,1.2749767441860467,0.0,22.52,9.35408771409553,3.958888099878985,14.912532689803978,0.4165165474239765,16,8,0,20,286.3144483968774,3.329237772056714,0.5037954284396412,7.94146974686632,29.01137729045543,0.33734159640064454,0.0,4.865842646089347,257.303071106422,2.99189617565607,0.0,7.94146974686632,290.1137729045543,2573.03071106422,2863.1444839687747,176.6664483968774,0.10132697617215965,0.8986730238278404,28.0,14.0,14.0,392.0,600.0,235200.0,15.269145942344963,135.42266900338,150.69181494572496
Sonora,Santa Ana,58,Magdalena,140,Trigo forrajero verde,2011,2012,30.457521,-111.039789,776.0,677.9841896235789,4.550229460560932,1.811463388191949,8.98863819515844,15.710771812080536,-1.2399999999999998,23.315,23.76328859060403,3.62,32.6,7.658255033557048,-6.1,15.63,31.790805369127515,8.67,70.92,17.169597315436242,7.15,26.25,2.5056375838926175,1.13,7.39,13.870000000000001,0.09308724832214765,0.0,6.08,11.096000000000002,0.07446979865771813,0.0,4.864000000000001,8.211545921054782,4.491074432968875,14.786338961082313,0.02045770419469621,3,1,0,35,626.5152107228375,4.204800071965352,0.7699448052129465,9.31576998341397,7.599069024940404,0.05100046325463358,0.0,3.2278861285196614,618.9161416978972,4.153799608710719,0.0,9.31576998341397,0.0,0.0,0.0,615.4192107228375,0.012129105399010234,0.9878708946009898,19.5,2.0,2.0,39.0,750.0,29250.0,0.0,0.0,0.0
Sonora,Santa Ana,58,Magdalena,140,Trigo forrajero verde,2015,2016,30.457521,-111.039789,776.0,560.1897860968955,3.759662993938896,1.1465357472314506,7.916573727981106,16.218993288590603,4.095,23.78,23.398389261744963,9.66,34.39,9.039597315436243,-2.81,16.11,51.29610738255034,23.36,90.14,15.7496644295302,4.27,26.09,2.4231543624161076,1.12,6.57,95.35,0.6399328859060402,0.0,26.91,76.28,0.5119463087248323,0.0,21.528000000000002,8.316834820995496,3.7058046399345863,14.468868795961033,0.17021017227812751,15,6,0,17,512.7772712497805,3.4414581963072517,0.7422690806021187,7.124916355182996,28.44445368960121,0.1909023737557128,0.0,2.609792601607578,484.3328175601793,3.250555822551539,0.0,7.124916355182996,0.0,0.0,0.0,436.4972712497805,0.05547136209893661,0.9445286379010635,17.85,46.0,46.0,821.1,855.0,702040.5,0.0,0.0,0.0
Sonora,Santa Ana,58,Magdalena,140,Trigo forrajero verde,2016,2017,30.457521,-111.039789,776.0,672.1134641180811,4.480756427453874,1.0261766963752437,8.385947256894488,16.215700000000002,5.64,23.89,24.266333333333336,10.93,33.74,8.165066666666664,-2.14,15.24,36.159533333333336,11.47,88.49,16.9182,5.51,26.91,2.4726,1.22,4.75,61.14,0.4076,0.0,12.05,48.912,0.32608,0.0,9.64,8.28777378413841,4.0162509009876,14.711542513830516,0.09096678353293418,14,3,0,33,635.5410109546222,4.236940073030814,0.7114618355379244,8.039069165890528,23.156848104494944,0.15437898736329964,0.0,2.670135956654632,612.3841628501272,4.082561085667514,0.0,8.039069165890528,0.0,0.0,0.0,586.6290109546221,0.03643643400716488,0.963563565992835,18.0,5.0,5.0,90.0,816.28,73465.2,0.0,0.0,0.0
Sonora,Santa Ana,58,Magdalena,140,Trigo forrajero verde,2017,2018,30.457521,-111.039789,776.0,621.0774587448295,4.168305092247178,1.290576725492445,8.263342817305972,17.19244966442953,7.83,27.745,24.504161073825504,12.37,35.63,9.880738255033558,-1.19,20.46,43.816040268456376,14.83,83.62,15.95013422818792,4.7,26.29,2.4573154362416108,1.2,6.3,106.22000000000001,0.7128859060402686,0.0,15.9,84.976,0.5703087248322147,0.0,12.72,8.212993950166853,3.7539798269503173,14.832485957609602,0.17102536648917513,12,9,2,17,553.1784163069847,3.7126068208522462,0.732726243716749,7.404527910597472,29.638041796029995,0.1989130321881208,0.0,4.267040092615877,523.5403745109546,3.513693788664125,0.0,7.404527910597472,0.0,0.0,0.0,468.2024163069847,0.05357772632181378,0.9464222736781861,24.0,15.0,15.0,360.0,750.0,270000.0,0.0,0.0,0.0
Sonora,Santa Ana,58,Magdalena,140,Trigo forrajero verde,2018,2019,30.457521,-111.039789,776.0,666.8177465114483,4.475286889338579,1.1260317901162686,8.673060432448695,18.305302013422818,8.49,26.475,25.76006711409396,13.66,36.0,10.850536912751679,-0.58,18.36,34.85738255033557,13.37,91.06,15.858926174496645,4.05,25.76,2.3487248322147654,0.99,5.47,78.24000000000001,0.5251006711409396,0.0,23.05,62.592000000000006,0.4200805369127517,0.0,18.44,7.869023080486564,4.001705602746626,14.471457954110809,0.11733340992996014,11,5,1,16,611.7017887815236,4.105381132761904,1.107067298523152,9.974019497315998,24.889852839755076,0.1670459922131213,0.0,3.4331649391554357,586.8119359417686,3.9383351405487828,0.0,9.974019497315998,0.0,0.0,0.0,549.1097887815237,0.040689521097092576,0.9593104789029075,24.2,17.0,17.0,411.4,763.16,313964.02,0.0,0.0,0.0
Sonora,Santa Ana,58,Magdalena,140,Trigo forrajero verde,2019,2020,30.457521,-111.039789,776.0,537.8548524457649,3.609764110374261,1.2698982064272555,6.436861762160188,14.77010067114094,3.8,21.68,22.01302013422819,8.58,30.59,7.527181208053692,-1.74,15.92,48.18543624161073,24.66,84.24,15.38476510067114,4.3,25.77,2.360335570469799,1.01,6.57,109.34,0.7338255033557047,0.0,26.28,87.47200000000001,0.5870604026845638,0.0,21.024,8.077197953253746,3.7223602800263462,14.634867753916119,0.20328904629716138,19,4,0,36,493.7945141311363,3.3140571418197067,0.5355413742374695,7.088233152947801,39.779076042194966,0.2669736647127179,0.0,2.5687218931335174,454.0154380889413,3.047083477106989,0.0,7.088233152947801,0.0,0.0,0.0,406.32251413113624,0.08055795458195572,0.9194420454180443,23.0,15.0,15.0,345.0,755.0,260475.0,0.0,0.0,0.0
Sonora,Santa Ana,58,Magdalena,140,Trigo forrajero verde,2022,2023,30.457521,-111.039789,776.0,658.4689889363337,4.419254959304253,1.2887336450830444,8.391382605443816,16.641879194630874,6.25,25.33,24.481946308724833,12.85,34.78,8.801812080536912,-2.18,17.43,35.01046979865772,8.71,83.7,16.56228187919463,2.53,26.87,2.4434228187919467,1.12,6.04,44.8,0.3006711409395973,0.0,25.16,35.84,0.24053691275167788,0.0,20.128,8.13215081813401,3.114295244169159,14.3454603520555,0.06803661334509958,8,1,0,20,598.7453906688751,4.018425440730705,0.9209913783310384,7.552244344899434,14.80704321722112,0.09937612897463839,0.0,1.9189654849690794,583.938347451654,3.919049311756067,0.0,7.552244344899434,0.0,0.0,0.0,562.905390668875,0.02473011642006924,0.9752698835799307,25.0,2.0,2.0,50.0,875.0,43750.0,0.0,0.0,0.0
Sonora,Santa Ana,58,Magdalena,140,Trigo forrajero verde,2023,2024,30.457521,-111.039789,776.0,534.5072814619225,3.5872971910196143,1.3833905232540513,7.777030206193178,13.973020134228191,5.03,20.335,21.281140939597314,9.73,29.38,6.664899328859062,-1.61,15.61,47.756308724832216,19.85,82.3,15.699530201342283,2.76,26.89,2.4524161073825503,1.09,6.17,75.65,0.5077181208053692,0.0,12.21,60.519999999999996,0.4061744966442953,0.0,9.768,8.133084430407285,3.208332221861748,14.857602430666027,0.14153221597485235,15,6,0,46,494.39793516400647,3.3181069474094396,0.7668632148662796,8.943584737122155,33.27285499954712,0.2233077516748129,0.0,4.346132488375303,461.1250801644593,3.094799195734626,0.0,8.943584737122155,0.0,0.0,0.0,433.8779351640065,0.06729974506974737,0.9327002549302525,23.5,10.0,10.0,235.0,880.0,206800.0,0.0,0.0,0.0
Sonora,Santa Ana,58,Magdalena,140,Alfalfa achicalada,2010,2011,30.457521,-111.039789,776.0,271.9638064873015,3.578471137990809,1.0508355667620288,6.905625866840278,13.062631578947366,7.815,18.89,20.22315789473684,12.86,29.36,5.902105263157895,0.24,10.96,50.81973684210526,19.79,85.48,16.479868421052632,4.48,25.25,2.638157894736842,1.17,8.68,130.42,1.7160526315789473,0.0,28.15,104.33600000000001,1.372842105263158,0.0,22.52,8.770362777887408,3.958888099878985,14.098263672631802,0.4795491050243465,15,7,0,20,228.99339366350026,3.0130709692565825,0.9982937884239274,6.215063280156251,29.031620009344802,0.38199500012295795,0.0,2.638706625184003,199.96177365415548,2.6310759691336245,0.0,6.215063280156251,290.316200093448,1999.6177365415547,2289.9339366350027,124.65739366350024,0.1267792906375544,0.8732207093624458,12.5,600.0,600.0,7500.0,1800.0,13500000.0,23.22529600747584,159.96941892332438,183.19471493080022
Sonora,Santa Ana,58,Magdalena,140,Alfalfa achicalada,2011,2012,30.457521,-111.039789,776.0,358.5856168062042,4.718231800081634,2.616592685480888,8.223463792824825,14.963815789473685,-1.2399999999999998,23.259999999999998,23.283684210526314,3.62,32.6,6.643947368421052,-6.1,14.26,28.762894736842107,8.67,62.07,18.11473684210526,7.32,24.59,2.5278947368421054,1.57,7.39,5.079999999999999,0.06684210526315788,0.0,4.93,4.064,0.05347368421052632,0.0,3.944,8.742053841503932,4.491074432968875,12.94986452331311,0.014166770115449052,1,0,0,25,316.64622389322136,4.1663976828055445,1.0466370741923552,7.401117413542343,2.646171752754518,0.034818049378348925,0.0,2.526171752754518,314.00005214046683,4.1315796334271955,0.0,7.401117413542343,26.461717527545183,3140.0005214046682,3166.4622389322135,312.58222389322134,0.0083568713380484,0.9916431286619516,13.5,600.0,600.0,8100.0,2070.37,16769997.0,1.9601272242626062,232.59263121516062,234.55275843942323
Sonora,Santa Ana,58,Magdalena,140,Alfalfa achicalada,2012,2013,30.457521,-111.039789,776.0,355.7793873976096,4.6205115246442805,2.3415185136699366,7.911696802345884,15.321753246753245,9.620000000000001,20.75,23.58688311688312,14.73,32.0,7.056623376623375,1.47,12.2,33.84051948051948,11.94,68.94,18.090519480519482,8.43,25.61,2.5263636363636364,1.3,5.17,13.67,0.17753246753246754,0.0,5.98,10.936,0.14202597402597403,0.0,4.784000000000001,8.978781670613298,5.181574030589904,13.430330214681984,0.03842268687905399,4,1,0,21,305.5419411080115,3.9680771572469022,1.198535483177905,7.120527122111295,8.548575797578046,0.11102046490361099,0.0,2.396575797578047,296.99336531043343,3.857056692343291,0.0,7.120527122111295,85.48575797578046,2969.9336531043346,3055.419411080115,294.6059411080115,0.027978403771926216,0.9720215962280737,14.2,600.0,600.0,8520.0,2079.18,17714613.6,6.0201238011113,209.15025726086864,215.17038106197995
Sonora,Santa Ana,58,Magdalena,140,Alfalfa achicalada,2013,2014,30.457521,-111.039789,776.0,307.0270014629112,4.039828966617253,1.603204449349413,7.957887758427624,13.146052631578948,2.0850000000000004,24.07,21.09118421052632,8.47,34.53,5.200921052631578,-5.07,14.02,40.63078947368421,15.12,83.59,17.280921052631577,7.9,24.87,2.539078947368421,1.33,4.54,34.17,0.4496052631578948,0.0,17.54,27.336,0.3596842105263158,0.0,14.032,8.850161191580105,5.1159754150959555,13.300135855037944,0.111293143069463,5,2,0,39,268.1220449344751,3.5279216438746728,0.9615148265111059,7.162098982584862,11.178683959411048,0.1470879468343559,0.0,2.3120000000000003,256.943360975064,3.380833697040316,0.0,7.162098982584862,111.78683959411048,2569.4336097506402,2681.2204493447507,240.78604493447511,0.04169252088966778,0.958307479110332,14.23,600.0,600.0,8538.0,1528.13,13047173.94,7.855716064238262,180.56455444487983,188.4202705091181
Sonora,Santa Ana,58,Magdalena,140,Alfalfa achicalada,2014,2015,30.457521,-111.039789,776.0,359.86040547334875,4.735005335175641,1.7858945775972297,7.380125749890821,17.589276315789473,9.584999999999999,24.08,25.51184210526316,16.58,33.36,9.66671052631579,2.59,14.94,30.509210526315787,10.39,79.01,17.350526315789477,3.77,25.42,2.2822368421052635,1.44,5.38,19.71,0.25934210526315793,0.0,14.96,15.768,0.20747368421052634,0.0,11.968000000000002,8.55283865511483,3.9156198915578813,13.14638239863481,0.0547712382363214,2,1,0,2,313.74343083492715,4.128203037301673,1.211370406658266,6.6421131749017395,5.407305119837507,0.0711487515768093,0.0,3.088,308.3361257150897,4.057054285724864,0.0,6.6421131749017395,54.07305119837507,3083.3612571508966,3137.4343083492718,297.9754308349271,0.01723479948392132,0.9827652005160787,13.8,630.0,630.0,8694.0,1976.67,17185168.98,3.9183370433605123,223.43197515586206,227.35031219922257
Sonora,Santa Ana,58,Magdalena,140,Alfalfa achicalada,2015,2016,30.457521,-111.039789,776.0,299.3345864615264,3.9386129797569263,1.1465357472314506,7.916573727981106,16.298881578947366,4.095,21.11,23.463421052631578,9.66,30.1,9.134342105263158,-2.81,13.94,50.69118421052631,31.42,90.14,16.362894736842104,4.27,24.33,2.5348684210526318,1.12,6.57,79.55,1.0467105263157894,0.0,26.91,63.64,0.8373684210526315,0.0,21.528000000000002,8.804237975079925,3.8337819135822384,13.665988506677214,0.26575612574668045,10,6,0,6,260.37702964741163,3.4260135479922584,0.7158871522076199,7.124916355182996,16.14740677869719,0.21246587866706826,0.0,2.155915627414956,244.22962286871447,3.2135476693251905,0.0,7.124916355182996,161.4740677869719,2442.296228687145,2603.7702964741165,196.73702964741165,0.06201548116807049,0.9379845188319296,14.15,645.0,645.0,9126.75,1921.55,17537506.46,11.411594896605786,172.60044018990422,184.01203508651
Sonora,Santa Ana,58,Magdalena,140,Alfalfa achicalada,2016,2017,30.457521,-111.039789,776.0,369.05561418549576,4.792930054357088,1.0261766963752437,6.990494926861328,16.52506493506493,6.515,23.89,24.95844155844156,12.13,33.74,8.09168831168831,-2.14,15.24,34.278961038961036,15.97,88.49,17.88077922077922,5.51,25.11,2.54038961038961,1.45,4.75,45.12,0.5859740259740259,0.0,12.05,36.096000000000004,0.46877922077922085,0.0,9.64,8.868807698252226,4.117349029939672,13.800410087039511,0.12225799653415287,7,3,0,17,328.7224352106382,4.269122535203094,0.4104706785500975,6.371622157887361,9.258006651806376,0.12023385262086203,0.0,2.4246433262437566,319.46442855883186,4.148888682582232,0.0,6.371622157887361,92.58006651806376,3194.644285588319,3287.2243521063824,292.6264352106382,0.02816359840445343,0.9718364015955466,12.0,400.0,400.0,4800.0,1653.67,7937616.0,7.71500554317198,266.2203571323599,273.93536267553185
Sonora,Santa Ana,58,Magdalena,140,Alfalfa achicalada,2017,2018,30.457521,-111.039789,776.0,299.07023132657366,3.9351346227180746,1.290576725492445,6.626065249253085,15.959407894736842,7.83,25.665,23.325657894736846,12.37,34.05,8.59315789473684,-1.19,17.67,48.72907894736842,26.63,83.62,16.65157894736842,4.78,24.38,2.4464473684210524,1.33,6.3,79.58,1.0471052631578948,0.0,15.9,63.664,0.8376842105263158,0.0,12.72,8.892510215221154,3.9743292533645076,13.309389598667655,0.26609134465510065,9,6,0,11,261.3055856504324,3.4382313901372688,0.5241212829793427,5.963458724327777,15.82380279948384,0.20820793157215578,0.0,2.4812779910856113,245.48178285094858,3.2300234585651126,0.0,5.963458724327777,158.2380279948384,2454.817828509486,2613.0558565043243,197.64158565043243,0.06055669556429803,0.939443304435702,12.5,630.0,630.0,7875.0,1877.25,14783343.75,12.659042239587073,196.38542628075888,209.04446852034596
Sonora,Santa Ana,58,Magdalena,140,Alfalfa achicalada,2018,2019,30.457521,-111.039789,776.0,344.3668815259731,4.53114317797333,1.1260317901162686,8.673060432448695,16.942565789473687,8.845,22.425,24.57578947368421,13.66,30.68,9.309342105263156,0.43,15.33,36.81552631578948,13.81,91.06,16.839078947368424,4.05,24.92,2.4963157894736847,1.28,5.47,63.71,0.8382894736842106,0.0,23.05,50.968,0.6706315789473685,0.0,18.44,8.501310299385057,4.001705602746626,14.465775347617562,0.18500617631313893,8,4,0,12,299.5522374116656,3.9414768080482316,0.9446893556111586,8.23940741082626,16.45044666020793,0.2164532455290517,0.0,2.856,283.10179075145766,3.72502356251918,0.0,8.23940741082626,164.5044666020793,2831.0179075145766,2995.522374116656,248.58423741166558,0.054916787810870456,0.9450832121891295,13.11,633.0,633.0,8300.0,1865.65,15484895.0,12.548014233568216,215.9433949286481,228.4914091622163
Sonora,Santa Ana,58,Magdalena,140,Alfalfa achicalada,2019,2020,30.457521,-111.039789,776.0,269.4047353978266,3.544799149971402,1.2698982064272555,6.1636810025633055,13.66138157894737,3.8,20.005000000000003,20.899736842105266,8.58,29.51,6.423026315789474,-1.74,12.99,50.235131578947374,24.66,84.24,15.505526315789478,4.3,25.22,2.499078947368421,1.25,5.15,94.43,1.2425000000000002,0.0,26.28,75.54400000000001,0.9940000000000001,0.0,21.024,8.385728788212544,3.7223602800263462,13.81102818859715,0.35051351217177534,14,4,0,26,236.10383850885756,3.106629454063915,0.5079592825709022,5.547312902306975,25.228550959565627,0.3319546178890214,0.0,2.470209914407491,210.8752875492919,2.7746748361748934,0.0,5.547312902306975,252.28550959565626,2108.752875492919,2361.038385088575,160.55983850885755,0.106853624739435,0.8931463752605648,13.32,620.0,620.0,8260.0,2112.57,17449796.9,18.940353573247467,158.31478044241132,177.2551340156588
Sonora,Santa Ana,58,Magdalena,140,Alfalfa achicalada,2020,2021,30.457521,-111.039789,776.0,269.05432338526373,3.494211992016412,1.5344701927721274,6.2691024412885525,14.193896103896101,4.130000000000001,20.255000000000003,21.561298701298696,10.95,28.03,6.826493506493505,-3.54,14.0,53.553636363636365,30.23,83.67,16.114155844155842,3.43,24.53,2.367922077922078,1.03,5.31,75.47,0.9801298701298701,0.0,14.59,60.37600000000001,0.7841038961038963,0.0,11.672,8.706321819212928,3.5314025457866616,14.288055006517602,0.28050097486050485,11,5,0,19,233.75259244929973,3.0357479538870096,0.8272930657692351,5.642192197159697,21.072607678428984,0.2736702295899868,0.0,2.741391445758826,212.67998477087076,2.762077724297023,0.0,5.642192197159697,210.72607678428983,2126.7998477087076,2337.5259244929975,173.37659244929972,0.09014919345974558,0.9098508065402545,13.3,625.0,625.0,8310.0,2361.55,19624480.5,15.844065923630813,159.9097629856171,175.75382890924791
Sonora,Santa Ana,58,Magdalena,140,Alfalfa achicalada,2021,2022,30.457521,-111.039789,776.0,338.7993012595448,4.457885542888747,1.480087304166804,7.443372937326234,14.765986842105262,5.525,20.27,22.86092105263158,9.48,30.2,6.671052631578948,-0.15,12.68,34.857236842105266,10.55,82.28,17.536315789473683,8.84,25.58,2.597631578947368,1.4,5.33,34.989999999999995,0.4603947368421052,0.0,11.9,27.992000000000004,0.36831578947368426,0.0,9.520000000000001,8.697657655330675,5.509431306978024,13.977087686932753,0.10327648218257428,5,3,0,23,293.8445044412257,3.86637505843718,1.0963859081336558,6.699035643593611,9.113086652776722,0.11990903490495687,0.0,2.2798214665502807,284.73141778844894,3.7464660235322227,0.0,6.699035643593611,91.13086652776722,2847.3141778844893,2938.4450444122563,265.8525044412257,0.0310132961993152,0.9689867038006846,13.56,630.0,630.0,8542.8,2942.63,25138299.56,6.720565378153925,209.97892167289743,216.69948705105136
Sonora,Santa Ana,58,Magdalena,140,Alfalfa achicalada,2022,2023,30.457521,-111.039789,776.0,347.31880050088614,4.5699842171169225,2.317732272279612,8.391382605443816,14.741842105263157,6.25,22.025,22.97065789473684,13.57,32.32,6.513026315789474,-2.18,12.94,34.33828947368421,12.91,71.67,18.03223684210526,8.37,25.53,2.6634210526315796,1.12,6.04,6.58,0.08657894736842105,0.0,1.82,5.264000000000001,0.06926315789473686,0.0,1.4560000000000002,8.935340357500364,5.058048496393154,13.184696959860585,0.018945130498293345,3,0,0,19,303.97383976559985,3.9996557863894715,0.9347763311332336,7.552244344899434,4.742776331133234,0.06240495172543729,0.0,1.4080000000000001,299.23106343446665,3.937250834664035,0.0,7.552244344899434,47.42776331133234,2992.3106343446666,3039.738397655999,298.70983976559984,0.015602580586508633,0.9843974194134915,27.54,650.0,650.0,17901.0,4461.61,79867280.61,1.722141006221218,108.65325469661099,110.37539570283221
Sonora,Santa Ana,58,Magdalena,140,Alfalfa achicalada,2023,2024,30.457521,-111.039789,776.0,284.36518532750307,3.7416471753618823,1.3911307999353941,7.777030206193178,13.232697368421054,5.03,20.240000000000002,20.633815789473687,9.73,29.38,5.831578947368421,-1.61,14.75,47.1303947368421,19.85,81.79,16.17671052631579,2.87,23.52,2.693947368421053,1.28,6.17,46.91,0.6172368421052631,0.0,9.13,37.528000000000006,0.4937894736842106,0.0,7.304000000000001,8.542085949887731,3.2289971423373425,13.029522198619027,0.1649639351806509,11,3,0,33,249.51377530656987,3.2830759908759193,0.5981672946110902,7.388178695883519,20.81917628376955,0.27393653004959934,0.0,3.4013210778589333,228.69459902280033,3.00913946082632,0.0,7.388178695883519,208.1917628376955,2286.945990228003,2495.1377530656987,211.98577530656985,0.08343898551568815,0.9165610144843119,27.82,510.0,510.0,14188.2,4100.0,58171620.0,7.483528498838803,82.20510389029486,89.68863238913367
Sonora,Santa Ana,58,Magdalena,140,Pastos y praderas,2010,2011,30.457521,-111.039789,776.0,1721.8535377223589,7.027973623356567,2.009403229169325,11.750978618868082,24.572306122448982,8.72,35.63,32.4385306122449,15.04,42.99,16.706081632653063,1.18,28.27,40.935265306122446,9.8,88.37,25.138571428571428,9.82,33.08,2.512489795918368,1.11,5.95,333.28000000000003,1.360326530612245,0.0,25.0,199.96800000000002,0.8161959183673471,0.0,15.0,15.164917577370375,6.948878165394316,19.601532590179538,0.19355885544182674,50,24,98,6,1446.8603214674358,5.905552332520147,0.8037612916677301,9.98833182603787,138.939331094528,0.5670993105899103,0.0,6.237525896509171,1307.920990372908,5.338453021930237,0.0,9.93433182603787,1389.39331094528,13079.209903729079,14468.60321467436,1246.8923214674357,0.09602815768256942,0.9039718423174307,28.0,203.0,203.0,5684.0,600.0,3410400.0,57.891387956053336,544.9670793220449,602.8584672780983
Sonora,Santa Ana,58,Magdalena,140,Pastos y praderas,2011,2012,30.457521,-111.039789,776.0,1870.896382628268,7.636311765829665,3.1766874997518912,12.596933967726475,25.94069387755102,11.855,35.68,34.16220408163266,17.7,45.14,17.71918367346939,3.62,26.82,32.31387755102041,7.15,72.06,25.50914285714286,12.04,33.0,2.5175918367346934,1.21,5.45,224.65,0.9169387755102041,0.0,20.17,179.72,0.7335510204081632,0.0,16.136000000000003,14.963486221333438,7.936523997215319,19.233157004854,0.12007613146614125,53,16,119,1,1561.4235315431165,6.3731572716045575,2.0267061152083072,10.707393872567504,157.54829214697074,0.643054253661105,0.0,6.768000000000001,1403.8752393961454,5.730103017943451,0.0,10.672104816402227,1575.4829214697074,14038.752393961455,15614.235315431162,1381.7035315431165,0.10090042129137738,0.8990995787086223,22.0,192.0,192.0,4224.0,850.0,3590400.0,72.93902414211608,649.9422404611785,722.8812646032945
Sonora,Santa Ana,58,Magdalena,140,Pastos y praderas,2012,2013,30.457521,-111.039789,776.0,1758.355919718411,7.176962937626167,2.4250741874886383,12.60461669848289,25.186857142857146,9.01,33.565,32.98008163265306,13.35,42.82,17.393632653061225,1.56,26.34,37.64404081632654,7.45,80.59,24.960857142857147,9.88,33.04,2.4032244897959183,0.9,5.48,323.59999999999997,1.320816326530612,0.0,16.63,194.16,0.7924897959183673,0.0,9.978,14.843126526979868,7.139375688135406,19.065695372071605,0.18403555069318522,55,23,90,8,1465.8622640577905,5.983111281868533,2.0613130593653426,10.713924193710456,161.00324211406615,0.6571560902614945,0.0,6.173384274311777,1304.8590219437247,5.325955191607039,0.0,10.713924193710456,1610.0324211406614,13048.590219437247,14658.622640577909,1271.7022640577904,0.10983517760282471,0.8901648223971755,18.5,204.0,204.0,3774.0,915.0,3453210.0,81.41070728842043,659.797246895529,741.2079541839495
Sonora,Santa Ana,58,Magdalena,140,Pastos y praderas,2013,2014,30.457521,-111.039789,776.0,1823.6434071362446,7.443442478107121,3.3361610298345217,12.142942109578804,25.50073469387755,10.65,34.62,33.521469387755104,16.46,45.48,17.48,3.98,26.79,34.8918775510204,6.51,80.41,25.17734693877551,12.31,32.5,2.5065306122448985,0.81,6.0,258.92,1.0568163265306123,0.0,29.21,155.352,0.6340897959183673,0.0,17.526,14.857728249593965,7.966209734614669,19.082970587612124,0.14197951144768736,46,15,95,3,1526.3496745109717,6.2299986714733535,1.3620018633272593,10.321500793141983,116.47827458883754,0.4754215289340308,0.0,6.951556774056103,1409.871399922134,5.754577142539323,0.0,10.321500793141983,1164.7827458883753,14098.713999221342,15263.496745109716,1370.9976745109716,0.07631165815667769,0.9236883418433223,17.82,133.8,133.8,2384.32,812.0,1936067.84,46.853690502348165,567.1244569276485,613.9781474299966
Sonora,Santa Ana,58,Magdalena,140,Pastos y praderas,2014,2015,30.457521,-111.039789,776.0,1718.1929972632815,7.013032641890945,1.7625475189041768,13.146951020665963,25.327326530612243,15.145,34.125,32.660204081632656,18.6,43.25,17.994448979591834,6.41,25.35,41.814122448979596,7.14,90.41,24.780285714285714,3.77,32.67,2.3614693877551023,0.61,5.84,523.01,2.134734693877551,0.0,96.55,313.80600000000004,1.2808408163265308,0.0,57.92999999999999,14.910553175317675,3.9156198915578813,19.377656103923467,0.3043953739964279,59,30,75,0,1438.8395658034738,5.872814554299893,0.7143578310388919,11.174908367566069,163.35478966022984,0.6667542435111422,0.0,5.617358863032034,1275.484776143244,5.206060310788751,0.0,11.174908367566069,1633.5478966022984,12754.84776143244,14388.395658034739,1125.0335658034737,0.11353231697448464,0.8864676830255155,18.1,62.0,62.0,1122.2,793.23,890162.71,62.1120873232813,484.9752000544654,547.0872873777467
Sonora,Santa Ana,58,Magdalena,140,Pastos y praderas,2015,2016,30.457521,-111.039789,776.0,1643.0539220231276,6.706342538869909,2.0907760645362887,11.963162781169515,25.226530612244897,11.76,34.95,32.2994693877551,16.22,44.27,18.153591836734694,5.18,27.07,45.100367346938775,12.05,83.85,23.94804081632653,8.41,32.31,2.4872653061224494,0.91,5.46,308.16999999999996,1.2578367346938775,0.0,48.55,184.90199999999996,0.7547020408163264,0.0,29.129999999999995,14.769901532721354,6.198751625840529,19.743930611634763,0.1875592735389619,50,18,76,0,1377.041868187162,5.620579053825151,0.8363104258145155,10.168688363994088,118.43265025067218,0.4833985724517232,0.0,6.145277422061944,1258.60921793649,5.137180481373429,0.0,10.168688363994088,1184.326502506722,12586.0921793649,13770.41868187162,1192.139868187162,0.08600511936981664,0.9139948806301835,17.8,172.0,172.0,3061.6,755.0,2311508.0,44.92892649873755,477.4693543006411,522.3982807993787
Sonora,Santa Ana,58,Magdalena,140,Pastos y praderas,2016,2017,30.457521,-111.039789,776.0,1798.348978874782,7.3401999137746206,2.6940481402708407,14.128974278779088,25.979653061224486,9.265,36.870000000000005,33.81175510204081,13.38,47.03,18.147551020408162,5.13,26.91,36.02130612244898,8.06,81.68,25.199836734693875,8.56,32.47,2.4108979591836732,1.05,5.73,223.82,0.9135510204081633,0.0,42.41,179.056,0.7308408163265306,0.0,33.928,15.029274536707446,6.546519072530181,19.430935661008647,0.12445860210071298,31,12,97,0,1502.6537108637904,6.133280452505267,1.0776192561083364,12.009628136962224,106.12266007055399,0.4331537145736898,0.0,7.28351144981473,1396.5310507932363,5.700126737931577,0.0,12.009628136962224,1061.22660070554,13965.310507932363,15026.537108637904,1323.5977108637903,0.07062349715261415,0.9293765028473858,19.5,186.0,186.0,3627.0,785.21,2847956.67,38.59005820747418,507.8294730157223,546.4195312231965
Sonora,Santa Ana,58,Magdalena,140,Pastos y praderas,2017,2018,30.457521,-111.039789,776.0,1842.5403298127235,7.52057277474581,4.031891600388111,12.385753917925971,26.437244897959182,14.285,36.31,34.399265306122444,19.31,46.56,18.47522448979592,6.04,27.71,34.69959183673469,5.95,79.63,25.35812244897959,12.25,33.35,2.433959183673469,0.82,5.26,221.33000000000004,0.903387755102041,0.0,16.26,177.064,0.7227102040816327,0.0,13.008000000000003,14.95135482130847,8.560998856996878,19.42993843027897,0.12012220108229388,38,18,122,0,1541.7864956638855,6.293006104750553,1.7460720431227135,10.527890830237075,129.5287142532613,0.5286886296051482,0.0,6.032,1412.2577814106244,5.764317475145406,0.0,10.527890830237075,1295.2871425326132,14122.577814106244,15417.864956638858,1364.7224956638854,0.08401209546039441,0.9159879045396058,24.0,180.0,180.0,4320.0,718.0,3101760.0,42.28818617475068,461.0701212571415,503.3583074318922
Sonora,Santa Ana,58,Magdalena,140,Pastos y praderas,2018,2019,30.457521,-111.039789,776.0,1739.282106445426,7.09911063855276,2.1665291533126894,12.39566655545016,25.75379591836735,12.18,35.355000000000004,33.229836734693876,20.74,45.17,18.277755102040818,1.23,28.11,40.62555102040817,7.79,87.17,24.620122448979593,7.26,32.84,2.3484897959183675,0.87,4.95,330.38,1.3484897959183673,0.0,20.71,198.228,0.8090938775510205,0.0,12.426,14.843913781519753,5.9372547196553604,19.746960590717038,0.18995193406272556,43,22,94,1,1456.4088399583802,5.944525877381143,1.7336715199115595,10.536316572132636,126.21459886092472,0.5151616280037744,0.0,6.504,1330.1942410974552,5.429364249377368,0.0,10.536316572132636,1262.1459886092473,13301.942410974552,14564.0883995838,1258.1808399583801,0.08666151660033289,0.913338483399667,24.3,140.0,140.0,3402.0,770.5,2621241.0,39.953972415614025,421.0807980682036,461.0347704838176
Sonora,Santa Ana,58,Magdalena,140,Pastos y praderas,2019,2020,30.457521,-111.039789,776.0,1731.0482633563465,7.0655031157401895,2.4547272759209497,12.51854520451585,25.190204081632654,11.21,35.355,32.826734693877555,15.13,44.24,17.553673469387753,2.94,27.75,40.49595918367346,12.33,81.02,24.84383673469388,7.47,32.54,2.469469387755102,0.77,5.23,272.51,1.1122857142857143,0.0,35.93,163.506,0.6673714285714286,0.0,21.558,15.039340079071788,5.831558622070238,19.444023995185095,0.15742484237361914,37,17,91,3,1452.18167951937,5.92727216130355,1.0063367040742588,10.640763423838472,103.29225419308545,0.42160103752279776,0.0,5.193815551732211,1348.8894253262845,5.505671123780753,0.0,10.640763423838472,1032.9225419308545,13488.894253262844,14521.8167951937,1288.6756795193699,0.07112901618981463,0.9288709838101854,24.5,150.0,150.0,3675.0,803.15,2951576.25,29.54161424083668,385.78276142607876,415.32437566691544
Sonora,Santa Ana,58,Magdalena,140,Pastos y praderas,2022,2023,30.457521,-111.039789,776.0,1716.082683380203,7.004419115837563,2.495901021145002,11.764424743678296,25.379918367346935,11.49,33.8,32.93453061224489,19.92,42.54,17.825306122448975,2.38,27.87,40.47322448979591,4.31,85.3,24.36857142857143,9.03,32.61,2.4133061224489794,0.77,4.79,388.80000000000007,1.5869387755102045,0.0,50.09,233.27999999999997,0.9521632653061224,0.0,30.054000000000002,14.618383084095274,6.549538435835413,19.194035865090882,0.2265625099334799,61,22,87,5,1435.1287884747603,5.857668524386777,1.7490581998104435,9.999761032126552,156.59169954186382,0.6391497940484238,0.0,6.186,1278.5370889328965,5.218518730338353,0.0,9.999761032126552,1565.9169954186382,12785.370889328966,14351.287884747604,1201.8487884747603,0.10911334285774298,0.890886657142257,24.4,145.0,145.0,3538.0,870.0,3078060.0,48.43541588056413,395.4646114855851,443.90002736614923
Sonora,Santa Ana,58,Magdalena,140,Pastos y praderas,2023,2024,30.457521,-111.039789,776.0,1896.6961393210713,7.741616895188046,3.014691355935107,11.816918964876717,26.49277551020408,7.18,36.769999999999996,34.69171428571428,14.2,45.61,18.293836734693876,0.16,28.05,31.380530612244897,6.01,73.03,25.258408163265305,8.89,32.09,2.552857142857143,1.07,6.2,146.29999999999998,0.5971428571428571,0.0,27.21,117.03999999999999,0.4777142857142857,0.0,21.768,14.883225696387248,6.985595846349054,19.461615431571595,0.07713412653034057,29,8,134,7,1591.2893447296224,6.495058549916826,1.205876542374043,10.044381120145209,86.7544406577765,0.35409975778684283,0.0,6.472245048224212,1504.5349040718459,6.140958792129983,0.0,10.044381120145209,867.544406577765,15045.349040718458,15912.893447296223,1474.2493447296224,0.05451833190808994,0.94548166809191,24.33,120.0,120.0,2919.6,876.78,2559846.89,30.117840881019443,522.3172727206547,552.4351136016742
Sonora,Santa Ana,58,Magdalena,140,Frijol,2010,2011,30.457521,-111.039789,776.0,1149.0959346658003,8.149616557913477,3.6894153461915598,11.750978618868082,28.06159574468085,15.475,35.63,35.88007092198582,23.39,42.99,20.24312056737589,6.73,28.27,37.58787234042553,9.8,79.76,27.255957446808512,15.01,33.08,2.485744680851064,1.11,5.95,253.92999999999998,1.8009219858156027,0.0,25.0,152.358,1.0805531914893618,0.0,15.0,16.761295315220423,10.873378423128724,19.601532590179538,0.22098241960437554,38,19,88,0,924.6851307104941,6.558050572414852,1.4644157134412121,13.513625411698293,87.1611349312985,0.6181640775269398,0.0,7.163119896700881,837.5239957791957,5.939886494887913,0.0,13.459625411698292,871.6113493129851,8375.239957791957,9246.851307104942,772.3271307104942,0.09426034012715992,0.9057396598728402,1.5,15.0,15.0,22.5,14000.0,315000.0,581.0742328753234,5583.493305194638,6164.567538069961
Sonora,Santa Ana,58,Magdalena,140,Frijol,2011,2012,30.457521,-111.039789,776.0,1154.9917249454916,8.191430673372281,4.592738122099723,12.596933967726475,28.30209219858156,16.775,35.68,36.11886524822695,25.5,45.14,20.48531914893617,7.8,26.82,36.957092198581556,7.15,72.06,27.028297872340428,14.28,33.0,2.494326241134752,1.21,5.45,209.82,1.4880851063829788,0.0,20.17,167.85600000000002,1.1904680851063831,0.0,16.136000000000003,16.611925287809736,10.109080272294698,19.233157004854,0.18166363920044726,50,14,93,0,925.9158474545252,6.5667790599611715,1.607458342734903,14.486474062885446,118.51545611605025,0.8405351497592216,0.0,6.768000000000001,807.400391338475,5.72624391020195,0.0,14.438730045720659,1185.1545611605025,8074.0039133847495,9259.158474545253,758.0598474545252,0.12799808583238548,0.8720019141676145,1.5,3.5,3.5,5.25,16000.0,84000.0,790.1030407736683,5382.669275589833,6172.772316363501
Sonora,Santa Ana,58,Magdalena,140,Frijol,2012,2013,30.457521,-111.039789,776.0,1096.9933774466272,7.780094875507994,3.2766052001177877,12.60461669848289,27.989680851063838,21.6,33.565,35.28957446808511,26.96,42.82,20.68978723404255,12.38,26.34,41.92177304964538,7.45,80.59,26.34950354609929,13.48,33.04,2.3265248226950357,0.9,5.48,314.6699999999999,2.231702127659574,0.0,16.63,188.80200000000002,1.3390212765957448,0.0,9.978,16.338702400387408,9.748303185690935,19.065695372071605,0.28684767517232324,51,23,75,0,875.1926986643873,6.207040416059485,1.1468118200412256,14.49530920325532,132.96061061804338,0.9429830540286764,0.0,6.144,742.232088046344,5.264057362030808,0.0,14.49530920325532,1329.6061061804337,7422.32088046344,8751.926986643874,686.3906986643873,0.15192152633465944,0.8480784736653406,1.25,9.0,9.0,11.25,14000.0,157500.0,1063.684884944347,5937.856704370752,7001.5415893150985
Sonora,Santa Ana,58,Magdalena,140,Frijol,2013,2014,30.457521,-111.039789,776.0,1137.9338223367017,8.070452640685827,3.3361610298345217,12.142942109578804,28.492021276595743,20.545,34.62,36.072695035460995,27.35,45.48,20.911347517730498,11.65,26.79,39.15446808510639,8.76,80.41,26.223829787234045,12.31,32.5,2.4912765957446807,0.81,5.51,252.10000000000002,1.7879432624113476,0.0,29.21,151.26000000000002,1.0727659574468087,0.0,17.526,16.23736729554825,9.062636368359524,19.082970587612124,0.22154188147982343,43,15,91,0,908.1583157799765,6.440839119006926,1.1676563604420824,13.964383426015624,101.81449345416189,0.7220886060578857,0.0,9.405047400193551,806.3438223258147,5.718750512949041,0.0,13.964383426015624,1018.1449345416189,8063.4382232581465,9081.583157799765,756.8983157799765,0.11211095211600632,0.8878890478839937,1.38,18.0,18.0,24.84,13900.0,345276.0,737.7861844504486,5843.071176274019,6580.857360724468
Sonora,Santa Ana,58,Magdalena,140,Frijol,2016,2017,30.457521,-111.039789,776.0,1139.7036760174328,8.083004794449879,3.338029846420148,14.128974278779088,28.413510638297875,17.625,36.870000000000005,36.03609929078014,26.43,47.03,20.7909219858156,8.82,26.91,38.38,8.06,81.68,26.998510638297873,9.56,32.47,2.4346099290780145,1.05,5.73,198.61999999999998,1.4086524822695035,0.0,42.41,158.896,1.1269219858156028,0.0,33.928,16.7053674910884,7.243521468765315,19.430935661008647,0.17427336963065293,27,11,85,0,919.7132016796859,6.522788664394936,1.1683104462470517,16.24832042059595,75.03790236632045,0.532183704725677,0.0,8.248000000000001,844.6752993133655,5.990604959669259,0.0,16.24832042059595,750.3790236632045,8446.752993133654,9197.132016796859,760.8172016796859,0.08158837149371959,0.9184116285062804,0.0,4.0,0.0,0.0,0.0,0.0,,,
Sonora,Santa Ana,58,Magdalena,140,Frijol,2017,2018,30.457521,-111.039789,776.0,1111.4332535116328,7.882505344054133,4.031891600388111,12.385753917925971,28.400035460992907,14.285,36.31,35.86524822695036,19.31,46.56,20.93482269503546,8.78,27.71,40.278723404255324,5.95,79.63,26.39148936170213,12.25,33.35,2.362482269503546,0.82,4.82,221.06,1.5678014184397164,0.0,16.26,176.84799999999998,1.254241134751773,0.0,13.008000000000003,16.375814598976113,8.86743612190486,19.42993843027897,0.1988963343516573,38,18,92,0,882.92018672112,6.261845295894468,1.483500589341464,14.243617005614865,127.16614742524439,0.9018875703918042,0.0,7.551899464469553,755.7540392958756,5.359957725502664,0.0,14.243617005614865,1271.661474252444,7557.540392958756,8829.201867211199,706.07218672112,0.1440290406061485,0.8559709593938515,2.22,4.5,4.5,10.0,9374.3,93743.0,572.8204838974972,3404.2974743057453,3977.1179582032423
Sonora,Santa Ana,58,Magdalena,140,Frijol,2018,2019,30.457521,-111.039789,776.0,1131.5144122668655,8.024924909694082,3.354340130247747,12.39566655545016,28.641560283687944,16.349999999999998,35.355000000000004,35.9709219858156,22.83,45.17,21.31219858156029,8.87,28.11,40.08063829787233,7.79,77.0,26.604751773049642,7.26,32.84,2.367446808510638,0.87,4.95,245.52999999999997,1.7413475177304962,0.0,20.71,196.424,1.3930780141843973,0.0,16.568,16.474762849903787,6.232416695166577,19.746960590717038,0.21699237529649087,34,16,83,0,906.2751857135404,6.427483586620854,1.3138884526837555,14.255016538767684,100.93557727189894,0.71585515795673,0.0,8.672,805.3396084416415,5.711628428664124,0.0,14.255016538767684,1009.3557727189893,8053.396084416416,9062.751857135405,709.8511857135404,0.1113740935016653,0.8886259064983347,2.48,3.0,3.0,7.44,10302.1,76647.62,406.99829545120537,3247.337130813071,3654.335426264276
Sonora,Santa Ana,58,Magdalena,140,Frijol,2019,2020,30.457521,-111.039789,776.0,1124.8880390545787,7.977929354997012,4.451524400585519,12.51854520451585,28.209680851063826,17.55,35.355,35.598226950354615,23.2,44.24,20.82113475177305,9.74,27.75,39.36382978723404,12.33,72.96,26.59304964539007,15.11,32.54,2.4907801418439712,0.77,4.28,163.75,1.1613475177304964,0.0,16.28,131.0,0.9290780141843972,0.0,13.024000000000001,16.559673884498057,10.815075808477564,19.444023995185095,0.1455700428085492,29,12,82,0,909.797545055432,6.452464858549163,1.5580335402049315,14.396326985193225,70.14199895342611,0.49746098548529155,0.0,5.208,839.655546102006,5.955003873063872,0.0,14.396326985193225,701.419989534261,8396.55546102006,9097.97545055432,778.797545055432,0.07709627195042883,0.9229037280495713,2.2,5.0,5.0,11.0,14521.82,159740.02,318.8272679701186,3816.6161186454815,4135.4433866156005
Sonora,Santa Ana,58,Magdalena,140,Frijol,2020,2021,30.457521,-111.039789,776.0,1228.0091054818208,8.709284436041283,3.023971044126484,13.213595410053479,30.002340425531916,22.755000000000003,35.58,37.95709219858156,29.79,44.15,22.04758865248227,13.55,27.19,33.11624113475178,9.58,69.2,27.054326241134753,8.94,33.75,2.5763829787234043,0.95,5.29,124.40999999999998,0.8823404255319147,0.0,17.71,99.528,0.7058723404255319,0.0,14.168000000000001,16.592900179074938,6.93994073502528,19.98542343148827,0.10131032371391624,28,6,110,0,969.6484741935942,6.876939533287902,1.0583898654442694,14.007360739492059,68.6304764539716,0.4867409677586638,0.0,8.253356857664611,901.0179977396227,6.390198565529239,0.0,14.007360739492059,686.304764539716,9010.179977396227,9696.484741935943,870.1204741935942,0.07077871855679241,0.9292212814432077,2.0,3.0,3.0,6.0,18350.0,110100.0,343.152382269858,4505.089988698113,4848.2423709679715
Sonora,Santa Ana,58,Magdalena,140,Frijol,2021,2022,30.457521,-111.039789,776.0,1080.3568169204837,7.662105084542437,2.732492215857447,11.647933053620699,28.534574468085108,20.425,34.715,35.79127659574468,26.5,44.78,21.277872340425535,9.34,26.54,43.041702127659576,5.43,81.29,25.74801418439716,9.88,32.77,2.322482269503546,0.84,4.83,253.72000000000003,1.7994326241134753,0.0,31.74,152.23199999999997,1.0796595744680848,0.0,19.043999999999997,16.145113642447214,7.63473045067928,18.877253081173343,0.23484833531501131,48,13,84,0,852.3757555615317,6.04521812454987,0.9563722755501064,13.395123011663802,102.69904506716409,0.7283620217529369,0.0,7.530105234945294,749.6767104943679,5.316856102796935,0.0,13.395123011663802,1026.990450671641,7496.7671049436785,8523.757555615319,700.1437555615317,0.12048564778746855,0.8795143522125317,2.17,3.0,3.0,6.51,19200.0,124992.0,473.26748878877464,3454.7313847666724,3927.998873555447
Sonora,Santa Ana,58,Magdalena,140,Papa,2010,2011,30.457521,-111.039789,776.0,643.8490753937833,4.9526851953367945,1.0508355667620288,10.564323868192341,15.475846153846152,7.815,25.735,23.402615384615387,12.86,36.72,7.549076923076922,0.24,17.81,43.67330769230768,14.84,85.48,20.65392307692308,4.48,31.98,2.7540000000000004,1.17,8.68,146.03,1.1233076923076923,0.0,28.15,116.824,0.8986461538461539,0.0,22.52,11.550289587982876,3.958888099878985,18.75471102666806,0.22680781192500257,17,9,3,20,592.2021206382303,4.555400927986387,0.9331999907642637,9.52418686451374,37.124664077589166,0.2855743390583782,0.0,4.865842646089347,555.0774565606412,4.269826588928009,0.0,9.52418686451374,371.24664077589165,5550.774565606412,5922.021206382304,475.3781206382303,0.06268917787322179,0.9373108221267782,45.0,25.0,25.0,1125.0,8000.0,9000000.0,9.899910420690444,148.02065508283764,157.92056550352808
Sonora,Santa Ana,58,Magdalena,140,Papa,2011,2012,30.457521,-111.039789,776.0,784.5727529755934,6.03517502288918,2.616592685480888,11.547558554366505,17.514346153846155,-1.2399999999999998,26.94,26.16923076923077,3.62,36.27,8.859461538461538,-6.1,17.61,26.59923076923077,7.15,62.07,21.909307692307692,7.32,32.33,2.7301538461538457,1.57,7.39,10.44,0.0803076923076923,0.0,5.1,8.352,0.06424615384615384,0.0,4.08,11.46367046822172,4.491074432968875,18.325322672145603,0.013306605359929913,2,1,6,26,734.03670744497,5.646436211115154,1.308296342740444,9.970964915449063,7.209076753234337,0.05545443656334105,0.0,3.6531906247146746,726.8276306917357,5.590981774551813,0.0,9.970964915449063,72.09076753234336,7268.276306917358,7340.367074449701,725.6847074449701,0.00982113929741694,0.9901788607025831,35.0,35.0,35.0,1225.0,6500.0,7962500.0,2.0597362152098104,207.66503734049593,209.72477355570575
Sonora,Santa Ana,58,Magdalena,140,Papa,2012,2013,30.457521,-111.039789,776.0,764.1951895326388,5.833551065134647,2.3415185136699366,9.96094602110761,17.535114503816793,9.01,28.25,26.15702290076336,13.35,38.46,8.913206106870229,1.47,18.13,29.653435114503818,10.37,68.94,21.730763358778628,8.43,31.08,2.6300763358778623,1.3,5.17,21.04,0.16061068702290077,0.0,5.98,16.832,0.12848854961832062,0.0,4.784000000000001,11.535564435946412,5.181574030589904,18.041933382556266,0.027532232979466276,6,1,6,25,714.1668275971961,5.45165517249768,1.2601270323902118,10.134603274746308,14.514455876693741,0.11079737310453237,0.0,2.9011180707523727,699.6523717205023,5.340857799393147,0.0,10.134603274746308,145.14455876693742,6996.523717205023,7141.668275971961,697.3348275971961,0.02032362091855683,0.9796763790814431,45.0,30.0,30.0,1350.0,6000.0,8100000.0,3.3175899146728556,159.92054210754338,163.23813202221623
Sonora,Santa Ana,58,Magdalena,140,Papa,2013,2014,30.457521,-111.039789,776.0,726.9631781779982,5.592024447523063,1.603204449349413,11.134485540650994,16.493884615384616,2.0850000000000004,26.815,24.864230769230772,8.47,37.04,8.12353846153846,-5.07,17.64,33.62407692307692,6.51,83.59,21.456538461538464,7.9,31.08,2.6963846153846154,1.33,6.0,36.37,0.27976923076923077,0.0,17.54,29.096,0.2238153846153846,0.0,14.032,11.574639563879408,5.1159754150959555,18.140769196422834,0.05003004428801309,6,2,3,39,682.9078779595624,5.253137522765864,1.1112805921499327,9.327480362233667,13.490312600198758,0.10377163538614428,0.0,2.3120000000000003,669.4175653593636,5.14936588737972,0.0,9.327480362233667,134.90312600198757,6694.1756535936365,6829.078779595624,653.8118779595624,0.019754220203910974,0.9802457797960891,35.0,22.0,22.0,770.0,4250.0,3272500.0,3.640127522989411,180.63075158104792,184.27087910403733
Sonora,Santa Ana,58,Magdalena,140,Papa,2014,2015,30.457521,-111.039789,776.0,774.4814698621805,5.957549768170619,1.7858945775972297,10.706228867026356,19.079615384615387,9.584999999999999,26.605,27.411307692307695,16.58,36.21,10.747923076923078,2.59,17.39,27.176846153846153,7.14,79.01,21.35223076923077,3.77,31.32,2.474384615384615,1.44,5.38,20.63,0.1586923076923077,0.0,14.96,16.504,0.12695384615384617,0.0,11.968000000000002,11.28689925637711,3.9156198915578813,18.550835315968285,0.026637177005243422,2,1,3,2,720.7431556803972,5.54417812061844,1.5142130083228325,9.95229043514435,6.589778764236814,0.05069060587874472,0.0,3.088,714.1533769161605,5.493487514739696,0.0,9.95229043514435,65.89778764236814,7141.533769161605,7207.431556803973,704.2391556803972,0.009143033426402668,0.9908569665735975,35.0,18.0,18.0,630.0,8700.0,5481000.0,1.88279393263909,204.04382197604585,205.92661590868494
Sonora,Santa Ana,58,Magdalena,140,Papa,2015,2016,30.457521,-111.039789,776.0,687.1033835694134,5.285410642841641,1.1465357472314506,10.183740652385572,18.316538461538464,4.095,26.45,25.968615384615386,9.66,35.07,10.66446153846154,-2.81,18.53,42.59569230769231,14.09,90.14,20.58676923076923,4.27,30.97,2.6112307692307697,1.12,6.57,84.24,0.6479999999999999,0.0,26.91,67.39200000000001,0.5184000000000001,0.0,21.528000000000002,11.539063721659748,3.8337819135822384,18.677127867273008,0.12260163756199842,12,6,2,6,643.4550455066931,4.949654196205331,0.8948589402595248,9.37129932286786,22.286881493908,0.17143754995313848,0.0,2.609792601607578,621.1681640127852,4.7782166462521936,0.0,9.37129932286786,222.86881493908,6211.681640127852,6434.550455066932,576.063045506693,0.034636268142645525,0.9653637318573546,14.0,10.0,10.0,140.0,8000.0,1120000.0,15.919201067077143,443.691545723418,459.61074679049517
Sonora,Santa Ana,58,Magdalena,140,Papa,2016,2017,30.457521,-111.039789,776.0,768.2851567099584,5.864772188625636,1.0261766963752437,10.3206139856766,18.223435114503815,6.515,25.76,26.788625954198476,12.13,35.64,9.65824427480916,-2.14,16.07,31.30931297709924,11.47,88.49,21.732824427480917,5.51,31.14,2.6322900763358783,1.45,4.75,48.44,0.3697709923664122,0.0,12.05,38.752,0.2958167938931298,0.0,9.64,11.61664836992835,4.117349029939672,18.86754330878688,0.06304950652363961,8,3,1,17,734.5323764217976,5.607117377265631,0.5130883481876218,9.64383934542866,13.754789867504265,0.10499839593514705,0.0,3.0981553613114667,720.7775865542933,5.502118981330483,0.0,9.64383934542866,137.54789867504263,7207.775865542933,7345.323764217976,695.7803764217977,0.018725913668379567,0.9812740863316204,45.0,40.0,40.0,1800.0,7500.0,13500000.0,3.056619970556503,160.1727970120652,163.2294169826217
Sonora,Santa Ana,58,Magdalena,140,Papa,2017,2018,30.457521,-111.039789,776.0,719.0070908175335,5.5308237755194884,1.290576725492445,10.64880562806467,18.529269230769234,7.83,29.044999999999998,26.50984615384615,12.37,39.73,10.548692307692306,-1.19,19.07,38.60246153846153,9.49,83.62,21.071461538461538,4.78,31.52,2.5954615384615383,1.33,6.3,86.86,0.6681538461538461,0.0,15.9,69.488,0.5345230769230769,0.0,12.72,11.552754694752775,3.9743292533645076,17.48731659153225,0.12080548454847291,11,6,10,11,683.7021311632726,5.259247162794405,0.6452883627462225,11.029497711980527,19.96668201024926,0.153589861617302,0.0,2.9920000000000004,663.7354491530234,5.105657301177104,0.0,11.029497711980527,199.6668201024926,6637.354491530234,6837.021311632726,614.2141311632727,0.029203773251777514,0.9707962267482225,40.0,20.0,20.0,800.0,7500.0,6000000.0,4.6925222115744445,155.98952976569294,160.68205197726738
Sonora,Santa Ana,58,Magdalena,140,Papa,2018,2019,30.457521,-111.039789,776.0,771.9276237150567,5.9379047978081285,1.1260317901162686,11.120736065578468,19.35973076923077,8.845,29.310000000000002,27.52723076923077,13.66,39.23,11.19223076923077,0.43,20.66,30.995461538461537,8.36,91.06,20.979692307692307,4.05,31.03,2.59,1.28,5.47,64.13000000000001,0.4933076923076924,0.0,23.05,51.304,0.39464615384615387,0.0,18.44,11.232210141717953,4.001705602746626,17.844379103617758,0.08307773686263682,8,4,12,12,707.4552929077729,5.441963791598253,1.1808616945139483,9.974019497315998,18.832440764761724,0.14486492895970557,0.0,3.4331649391554357,688.6228521430112,5.297098862638547,0.0,9.974019497315998,188.32440764761725,6886.228521430112,7074.5529290777295,656.1512929077729,0.02661997295596855,0.9733800270440315,40.5,20.0,20.0,810.0,7315.78,5925781.8,4.392918302953516,160.6304763571288,165.02339466008232
Sonora,Santa Ana,58,Magdalena,140,Papa,2019,2020,30.457521,-111.039789,776.0,654.9174360361159,5.037826431047045,1.2698982064272555,10.491932640991962,16.728576923076925,3.8,27.105,24.53838461538462,8.58,37.08,8.91876923076923,-1.74,18.25,42.61500000000001,15.79,84.24,20.09023076923077,4.3,30.73,2.5636153846153844,1.25,5.15,95.92,0.7378461538461538,0.0,26.28,76.736,0.5902769230769231,0.0,21.024,11.32667588757504,3.7223602800263462,18.4392716243751,0.1464612097985286,15,4,8,26,610.7779521199136,4.69829193938395,0.6349491032136277,10.075862372655285,28.07343617100939,0.21594950900776455,0.0,2.822936367309092,582.7045159489041,4.482342430376185,0.0,10.075862372655285,280.73436171009394,5827.045159489042,6107.779521199136,534.0419521199136,0.045963407935029316,0.9540365920649706,44.5,35.0,35.0,1557.5,8000.0,12460000.0,6.308637341799864,130.94483504469758,137.25347238649744
Sonora,Santa Ana,58,Magdalena,140,Papa,2020,2021,30.457521,-111.039789,776.0,629.1166850961077,4.802417443481739,1.5344701927721274,10.640103043297048,16.720458015267177,4.130000000000001,31.224999999999998,24.50847328244275,10.95,40.77,8.932442748091603,-3.54,22.65,47.68862595419848,14.06,83.67,20.284732824427483,3.43,30.69,2.459618320610687,1.03,5.31,101.88999999999999,0.7777862595419847,0.0,21.54,81.512,0.6222290076335878,0.0,17.232,11.55093289922992,3.5314025457866616,17.78512542515542,0.16195723689069644,14,6,15,21,579.0833462693095,4.420483559307706,0.8301947898901707,7.980077282472786,28.365091480231598,0.2165274158796305,0.0,3.5028890695807218,550.7182547890777,4.2039561434280746,0.0,7.980077282472786,283.650914802316,5507.182547890778,5790.833462693094,497.57134626930946,0.048982744302648415,0.9510172556973513,43.33,15.0,15.0,650.0,7986.92,5191498.0,6.546293902661343,127.09860484400595,133.64489874666728
Sonora,Santa Ana,58,Magdalena,140,Nopalitos,2010,2011,30.457521,-111.039789,776.0,1345.8833355315621,7.870662780886328,3.275117807376598,11.750978618868082,26.38766081871345,11.6,35.63,34.38087719298246,16.79,42.99,18.394444444444442,5.13,28.27,37.533567251461996,9.8,79.76,27.068187134502924,15.01,33.08,2.551637426900584,1.11,5.95,262.90000000000003,1.5374269005847956,0.0,25.0,157.74,0.9224561403508772,0.0,15.0,16.548766408831717,10.53358361489894,19.601532590179538,0.19533639585199752,39,20,88,0,640.2057596043933,3.743893331019844,1.3100471229506392,5.875489309434041,83.29200090615251,0.4870877245973831,0.0,3.434313240759058,556.9137586982407,3.25680560642246,0.0,5.821489309434041,832.9200090615251,5569.137586982407,6402.057596043932,482.46575960439327,0.13010192372780544,0.8698980762721945,15.0,2.0,2.0,30.0,4500.0,135000.0,55.52800060410167,371.27583913216046,426.80383973626215
Sonora,Santa Ana,58,Magdalena,140,Nopalitos,2011,2012,30.457521,-111.039789,776.0,1395.8694719535354,8.16297936814933,3.1766874997518912,12.596933967726475,27.14225146198831,11.855,35.68,35.19590643274854,17.7,45.14,19.08859649122807,3.62,26.82,34.722397660818714,7.15,72.06,27.071286549707605,12.04,33.0,2.589766081871345,1.21,5.45,214.93,1.2569005847953216,0.0,20.17,171.94400000000002,1.0055204678362575,0.0,16.136000000000003,16.41111933797429,8.462401071817531,19.233157004854,0.15397571500664958,51,15,96,1,662.7387138553075,3.875664993305892,1.2706749999007565,6.2984669838632374,118.77002014580108,0.6945615213204742,0.0,6.2984669838632374,543.9686937095065,3.181103471985418,0.0,6.277708715530721,1187.7002014580107,5439.686937095065,6627.3871385530765,490.7947138553075,0.17921092832330232,0.8207890716766978,50.0,2.0,2.0,100.0,5000.0,500000.0,23.754004029160214,108.79373874190131,132.5477427710615
Sonora,Santa Ana,58,Magdalena,140,Nopalitos,2012,2013,30.457521,-111.039789,776.0,1329.6178862907975,7.775543194683026,3.2766052001177877,12.60461669848289,26.826725146198836,13.365,33.565,34.43859649122807,19.23,42.82,19.21485380116959,4.42,26.34,38.345146198830406,7.45,80.59,26.566315789473684,13.48,33.04,2.390701754385965,0.9,5.48,314.73,1.8405263157894738,0.0,16.63,188.83800000000002,1.1043157894736844,0.0,9.978,16.19529023041118,9.748303185690935,19.065695372071605,0.236707104533615,51,23,80,1,632.1772705519497,3.696943102642981,1.4744723400530044,6.302308349241445,116.6345036884248,0.6820731209849403,0.0,4.208403134256383,515.542766863525,3.014869981658041,0.0,6.302308349241445,1166.345036884248,5155.42766863525,6321.772705519497,443.3392705519497,0.18449651564756828,0.8155034843524318,4.5,3.0,3.0,13.5,6300.0,85050.0,259.18778597427735,1145.6505930300555,1404.8383790043329
Sonora,Santa Ana,58,Magdalena,140,Nopalitos,2013,2014,30.457521,-111.039789,776.0,1375.4569818525645,8.043608081009149,3.3361610298345217,12.142942109578804,27.1853216374269,13.835,34.62,35.05105263157895,19.46,45.48,19.319590643274854,6.08,26.79,36.272573099415204,6.51,80.41,26.593391812865494,12.31,32.5,2.573859649122807,0.81,6.0,254.27,1.4869590643274855,0.0,29.21,152.56199999999998,0.8921754385964912,0.0,17.526,16.172530540897757,9.062636368359524,19.082970587612124,0.18486219733134138,44,15,93,0,653.3903044675624,3.8209959325588443,1.5012724634255348,6.071471054789402,89.58178776198466,0.5238701038712553,0.0,4.242,563.8085167055779,3.29712582868759,0.0,6.071471054789402,895.8178776198465,5638.085167055779,6533.903044675625,500.82830446756236,0.1371030257863766,0.8628969742136237,45.0,3.0,3.0,135.0,6200.0,837000.0,19.9070639471077,125.29078149012841,145.1978454372361
Sonora,Santa Ana,58,Magdalena,140,Nopalitos,2014,2015,30.457521,-111.039789,776.0,1342.465112375961,7.850673171789246,1.7625475189041768,13.146951020665963,26.869327485380115,15.145,34.125,34.28000000000001,22.67,43.25,19.45865497076023,6.41,25.35,38.10152046783625,7.14,90.41,26.375087719298246,5.05,32.67,2.5169005847953216,0.61,5.84,445.80000000000007,2.6070175438596497,0.0,96.55,267.47999999999996,1.5642105263157893,0.0,57.92999999999999,16.06955712309224,4.554800159761098,19.377656103923467,0.3320756687754821,50,26,75,0,638.2219303365371,3.7322919902721465,0.7931463835068796,6.573475510332981,103.44273775642938,0.6049282909732713,0.0,3.396,534.7791925801076,3.127363699298875,0.0,6.573475510332981,1034.4273775642937,5347.791925801076,6382.219303365369,370.7419303365371,0.16207957269955234,0.8379204273004476,46.0,3.0,3.0,138.0,6600.0,910800.0,22.487551686180296,116.25634621306688,138.74389789924717
Sonora,Santa Ana,58,Magdalena,140,Nopalitos,2015,2016,30.457521,-111.039789,776.0,1266.794562453661,7.408155335986321,2.9966819261190163,11.963162781169515,26.478918128654975,16.580000000000002,34.95,33.629473684210524,20.94,44.27,19.32836257309941,7.95,27.07,42.71760233918128,12.05,78.69,25.921403508771927,10.48,32.31,2.517543859649123,0.91,4.91,220.00999999999996,1.2866081871345028,0.0,22.54,176.00799999999998,1.0292865497076022,0.0,18.032,16.208204673956203,7.8244913604245765,19.743930611634763,0.17367456927969555,40,15,65,0,600.212241934063,3.5100131107255144,1.3485068667535574,5.981581390584758,95.66831982350212,0.5594638586169715,0.0,3.615563894252092,504.54392211056086,2.950549252108543,0.0,5.981581390584758,956.6831982350211,5045.439221105608,6002.12241934063,424.20424193406296,0.15939081734692756,0.8406091826530725,44.2,3.0,1.0,44.2,5200.0,229840.0,21.64441624966111,114.15020862229882,135.79462487195994
Sonora,Santa Ana,58,Magdalena,140,Nopalitos,2016,2017,30.457521,-111.039789,776.0,1365.2921004958093,7.98416433038485,3.338029846420148,14.128974278779088,27.099444444444444,15.67,36.870000000000005,34.939883040935676,21.32,47.03,19.259005847953215,7.36,26.91,36.3006432748538,8.06,81.68,27.028479532163747,9.56,32.47,2.502046783625731,1.05,5.73,201.93999999999997,1.1809356725146196,0.0,42.41,161.552,0.9447485380116959,0.0,33.928,16.51242956837281,7.243521468765315,19.430935661008647,0.14790974028683307,28,11,85,0,647.9624696813856,3.789254208663074,1.5021134308890667,7.064487139389544,72.05716664708294,0.42138693945662536,0.0,3.8559766499019164,575.9053030343025,3.3678672692064473,0.0,7.064487139389544,720.5716664708293,5759.053030343025,6479.624696813855,486.4104696813856,0.11120577196780346,0.8887942280321962,50.0,3.0,3.0,150.0,4736.67,710500.5,14.411433329416587,115.1810606068605,129.5924939362771
Sonora,Santa Ana,58,Magdalena,140,Nopalitos,2017,2018,30.457521,-111.039789,776.0,1359.4641496735871,7.950082746629165,4.031891600388111,12.385753917925971,27.42538011695906,14.285,36.31,35.20584795321638,19.31,46.56,19.644912280701753,7.45,27.71,36.763040935672514,5.95,79.63,26.74608187134503,12.25,33.35,2.437777777777778,0.82,5.26,221.2,1.2935672514619883,0.0,16.26,176.95999999999998,1.0348538011695905,0.0,13.008000000000003,16.269819047030325,8.86743612190486,19.42993843027897,0.16271116825928142,38,18,98,0,643.8874503825211,3.765423686447492,1.8709121163498723,6.1928769589629855,91.31480225913936,0.5340046915739144,0.0,3.4774427613848338,552.5726481233817,3.231418994873577,0.0,6.1928769589629855,913.1480225913936,5525.726481233816,6438.87450382521,466.92745038252116,0.14181795623581572,0.858182043764184,50.2,1.0,1.0,50.2,6525.0,327555.0,18.19019965321501,110.07423269390071,128.26443234711573
Sonora,Santa Ana,58,Magdalena,140,Nopalitos,2018,2019,30.457521,-111.039789,776.0,1382.7841382877796,8.086456949051342,3.354340130247747,12.39566655545016,27.766315789473683,16.349999999999998,35.355000000000004,35.39286549707602,22.83,45.17,20.139766081871347,8.72,28.11,36.405321637426894,7.79,77.0,26.768947368421053,7.26,32.84,2.448830409356725,0.87,4.95,245.53,1.4358479532163744,0.0,20.71,196.42400000000004,1.1486783625730996,0.0,16.568,16.285856696032535,6.232416695166577,19.746960590717038,0.17756205990620155,34,16,89,0,655.4336141634542,3.8329451120669837,1.6771700651238735,6.19783327772508,82.4704925554838,0.4822835821958117,0.0,3.8131471733286677,572.9631216079705,3.3506615298711724,0.0,6.19783327772508,824.704925554838,5729.631216079705,6554.336141634543,459.00961416345416,0.125825851426224,0.8741741485737762,50.5,1.0,1.0,50.5,6960.0,351480.0,16.330790605046296,113.45804388276643,129.78883448781272
Sonora,Santa Ana,58,Magdalena,140,Nopalitos,2019,2020,30.457521,-111.039789,776.0,1349.9507934263197,7.894449084364442,4.451524400585519,12.51854520451585,27.015584795321633,15.94,35.355,34.6361403508772,21.34,44.24,19.39502923976608,7.71,27.75,37.79146198830409,12.33,72.96,26.719941520467835,15.11,32.54,2.54719298245614,0.77,4.78,164.89000000000001,0.9642690058479533,0.0,16.28,131.91200000000003,0.7714152046783628,0.0,13.024000000000001,16.439956251034076,10.815075808477564,19.444023995185095,0.12214519284920862,30,12,89,0,640.4847965794786,3.745525126195781,2.0031859802634835,6.259272602257925,77.15282152886337,0.4511860908120665,0.0,3.608861432260011,563.3319750506153,3.294339035383715,0.0,6.259272602257925,771.5282152886336,5633.319750506153,6404.847965794786,508.57279657947856,0.12046003580553277,0.8795399641944672,50.0,1.0,1.0,50.0,6600.0,330000.0,15.430564305772673,112.66639501012305,128.09695931589573
Sonora,Santa Ana,58,Magdalena,140,Nopalitos,2020,2021,30.457521,-111.039789,776.0,1429.4731726127684,8.35949223750157,3.023971044126484,13.213595410053479,28.256257309941518,13.27,35.58,36.335146198830415,18.73,44.15,20.17736842105263,6.57,27.19,34.34350877192983,9.58,69.2,27.15538011695907,8.94,33.75,2.5831578947368423,0.95,5.29,128.05,0.7488304093567252,0.0,17.71,102.44,0.5990643274853801,0.0,14.168000000000001,16.574057283585052,6.93994073502528,19.98542343148827,0.08957845621261451,29,6,116,0,680.2262938455965,3.977931542956705,1.3426553911873063,6.090156843257417,61.349000229108285,0.35876608321115955,0.0,4.468970417977883,618.8772936164883,3.6191654597455454,0.0,6.090156843257417,613.4900022910829,6188.772936164883,6802.262938455966,577.7862938455964,0.09018910439682856,0.9098108956031715,50.3,1.0,1.0,50.3,6932.0,348679.6,12.196620323878388,123.03723531142909,135.23385563530746
Sonora,Santa Ana,58,Magdalena,140,Nopalitos,2021,2022,30.457521,-111.039789,776.0,1328.2131797904012,7.767328536785972,2.732492215857447,11.647933053620699,27.458421052631582,15.95,34.715,34.98894736842106,21.79,44.78,19.927894736842102,8.23,26.54,39.241695906432746,5.43,81.29,26.02573099415205,9.88,32.77,2.456081871345029,0.84,4.83,253.73000000000002,1.4838011695906435,0.0,31.74,152.23799999999997,0.8902807017543858,0.0,19.043999999999997,16.005828228226722,7.63473045067928,18.877253081173343,0.1910310813509921,48,13,86,0,628.7875014641388,3.677119891603151,1.2296214971358512,5.8239665268103495,94.46827969598037,0.5524460800934524,0.0,4.670254322916326,534.3192217681584,3.124673811509698,0.0,5.8239665268103495,944.6827969598037,5343.192217681584,6287.875014641388,476.54950146413887,0.1502388000334134,0.8497611999665866,45.0,1.0,1.0,45.0,6053.33,272399.85,20.992951043551194,118.73760483736854,139.73055588091972
Sonora,Santa Ana,58,Magdalena,140,Nopalitos,2022,2023,30.457521,-111.039789,776.0,1324.9296793420888,7.748126779778297,2.738080951970436,11.764424743678296,27.296111111111113,16.36,33.8,34.85771929824561,26.2,42.54,19.734502923976606,6.52,27.87,39.41222222222222,4.31,85.3,26.053040935672513,9.03,32.61,2.4509941520467837,0.77,4.79,326.88,1.911578947368421,0.0,50.09,196.128,1.1469473684210525,0.0,30.054000000000002,15.95438629921563,6.931617101241889,19.194035865090882,0.24671498049792087,49,19,80,0,628.5725989960104,3.6758631520234526,1.2321364283866962,5.882212371839148,99.14947639126217,0.5798214993641062,0.0,3.5928540620087333,529.4231226047482,3.096041652659346,0.0,5.882212371839148,991.4947639126217,5294.231226047482,6285.725989960103,432.44459899601037,0.15773750963632363,0.8422624903636764,32.0,1.0,1.0,32.0,4897.66,156725.12,30.984211372269428,165.4447258139838,196.42893718625322
Sonora,Santa Ana,58,Magdalena,140,Nopalitos,2023,2024,30.457521,-111.039789,776.0,1460.8552036139597,8.543012886631344,3.5668206962335662,11.816918964876717,28.254239766081874,11.969999999999999,36.769999999999996,36.566315789473684,19.22,45.61,19.942163742690056,3.8,28.05,29.42099415204678,6.01,73.03,27.191578947368424,8.89,32.09,2.6008187134502925,1.07,6.2,126.20999999999998,0.7380701754385963,0.0,27.21,100.96800000000002,0.5904561403508773,0.0,21.768,16.337745944944324,6.985595846349054,19.461615431571595,0.08639459933316689,25,6,110,2,691.9495421208017,4.046488550414045,1.6050693133051048,5.908459482438358,62.7216034376065,0.3667930025591023,0.0,3.7439999999999998,629.2279386831952,3.679695547854943,0.0,5.908459482438358,627.216034376065,6292.279386831952,6919.495421208017,590.9815421208016,0.09064476471126338,0.9093552352887367,29.0,1.0,1.0,29.0,4672.42,135500.18,21.628139116416033,216.97515127006733,238.60329038648337
Sonora,Santa Ana,58,Magdalena,140,Nuez,2010,2011,30.457521,-111.039789,776.0,1544.4802414090736,7.319811570659117,2.38382409409311,11.750978618868082,25.986990521327016,11.6,35.63,33.77104265402844,16.79,42.99,18.202938388625594,5.13,28.27,40.5550710900474,9.8,88.37,25.508672985781992,10.02,33.08,2.470142180094787,1.11,5.95,313.47,1.4856398104265405,0.0,25.0,188.082,0.8913838862559241,0.0,15.0,15.53780174845806,7.387698575351322,19.601532590179538,0.20296148283128074,47,22,98,0,1499.2713480546681,7.105551412581366,1.5494856611605214,12.926076480754892,143.74384725631538,0.6812504609304046,0.0,8.072092336658928,1355.5275007983528,6.424300951650961,0.0,12.872076480754892,1437.4384725631537,13555.275007983528,14992.713480546681,1311.1893480546682,0.09587580489871006,0.9041241951012899,2.02,2.0,2.0,4.03,40019.85,161280.0,711.603204239185,6710.532182170064,7422.135386409249
Sonora,Santa Ana,58,Magdalena,140,Nuez,2011,2012,30.457521,-111.039789,776.0,1649.020307857585,7.8152621225477965,3.1766874997518912,12.596933967726475,26.950639810426544,11.855,35.68,35.03526066350711,17.7,45.14,18.866018957345975,3.62,26.82,33.80123222748815,7.15,72.06,25.84990521327014,12.04,33.0,2.506492890995261,1.21,5.45,224.4,1.0635071090047394,0.0,20.17,179.52,0.8508056872037916,0.0,16.136000000000003,15.393523629639784,8.462401071817531,19.233157004854,0.1360807983568993,53,16,119,1,1578.7436453428159,7.482197371292966,1.5883437498759456,13.856627364499124,160.68650259818725,0.7615474056786126,0.0,7.5440000000000005,1418.0571427446287,6.720649965614354,0.0,13.810959174167587,1606.8650259818723,14180.571427446286,15787.43645342816,1399.2236453428159,0.10178125059898184,0.8982187494010182,1.4,2.0,2.0,2.8,39000.0,109200.0,1147.7607328441945,10128.979591033061,11276.740323877257
Sonora,Santa Ana,58,Magdalena,140,Nuez,2012,2013,30.457521,-111.039789,776.0,1546.2586642385334,7.328240114874566,3.0214519494172203,12.60461669848289,26.398886255924165,13.365,33.565,33.99800947867299,19.23,42.82,18.799763033175353,4.42,26.34,39.528009478672985,7.45,80.59,25.30502369668247,9.88,33.04,2.3183886255924167,0.9,5.48,317.23,1.5034597156398106,0.0,16.63,190.33800000000002,0.9020758293838863,0.0,9.978,15.276234845084717,7.139375688135406,19.065695372071605,0.2051597234905211,53,23,90,1,1487.1552295799042,7.048129050141727,1.9639437671211932,13.86507836833118,168.39841154577175,0.7980967371837524,0.0,6.419999999999999,1318.7568180341323,6.2500323129579725,0.0,13.86507836833118,1683.9841154577175,13187.568180341323,14871.55229579904,1296.8172295799043,0.11323526165680863,0.8867647383431913,1.42,2.0,2.0,2.84,40000.0,113600.0,1185.9043066603645,9287.019845310791,10472.924151971156
Sonora,Santa Ana,58,Magdalena,140,Nuez,2013,2014,30.457521,-111.039789,776.0,1612.284764113891,7.641160019497113,3.3361610298345217,12.142942109578804,26.507819905213267,13.835,34.62,34.40971563981043,19.46,45.48,18.605924170616117,6.08,26.79,36.04857819905213,6.51,80.41,25.58137440758294,12.31,32.5,2.49478672985782,0.81,6.0,255.92000000000002,1.2128909952606637,0.0,29.21,153.552,0.7277345971563981,0.0,17.526,15.289658426180761,7.966209734614669,19.082970587612124,0.1587312649081896,45,15,95,0,1547.4978066335318,7.33411282764707,2.1685046693924392,13.357236320536686,121.82058591513578,0.5773487484129658,0.0,8.99613229583731,1425.677220718396,6.756764079234104,0.0,13.357236320536686,1218.2058591513578,14256.77220718396,15474.978066335318,1393.945806633532,0.07872100715938819,0.9212789928406118,1.25,2.0,2.0,2.5,55000.0,137500.0,974.5646873210862,11405.417765747168,12379.982453068254
Sonora,Santa Ana,58,Magdalena,140,Nuez,2014,2015,30.457521,-111.039789,776.0,1521.0080137247805,7.2085687854255,1.7625475189041768,13.146951020665963,26.308933649289102,15.145,34.125,33.519052132701425,22.67,43.25,19.098815165876776,6.41,25.35,42.894312796208524,7.14,90.41,25.117819905213274,5.05,32.67,2.344454976303318,0.61,5.84,504.0,2.3886255924170614,0.0,96.55,302.40000000000003,1.433175355450237,0.0,57.92999999999999,15.296881885293564,4.554800159761098,19.377656103923467,0.33135920090635135,57,29,75,0,1478.459143436573,7.006915371737312,1.145655887287715,14.46164612273256,171.487332963207,0.8127361751810758,0.0,7.075412904665763,1306.971810473366,6.194179196556237,0.0,14.46164612273256,1714.87332963207,13069.71810473366,14784.59143436573,1176.0591434365729,0.11599057960073006,0.88400942039927,1.55,2.0,2.0,3.1,49612.9,153799.99,1106.3698900852064,8432.07619660236,9538.446086687567
Sonora,Santa Ana,58,Magdalena,140,Nuez,2015,2016,30.457521,-111.039789,776.0,1461.166483011947,6.924959635127712,2.7903241099826293,11.963162781169515,26.169502369668244,16.580000000000002,34.95,33.20336492890995,20.94,44.27,19.135639810426543,7.95,27.07,45.3263981042654,12.05,83.85,24.47009478672986,9.39,32.31,2.470473933649289,0.91,4.91,293.02,1.3887203791469194,0.0,48.55,175.812,0.8332322274881517,0.0,29.129999999999995,15.234082083299537,6.7333478059038505,19.743930611634763,0.20053840777677087,45,17,75,0,1405.3451469879,6.660403540227015,1.813710671488709,13.159479059286468,117.88102709991051,0.5586778535540783,0.0,6.834810740576153,1287.4641198879895,6.1017256866729355,0.0,13.159479059286468,1178.8102709991051,12874.641198879894,14053.451469878999,1229.5331469879002,0.08388048114199341,0.9161195188580065,1.65,2.0,2.0,3.3,53200.0,175560.0,714.430467272185,7802.812847805996,8517.243315078182
Sonora,Santa Ana,58,Magdalena,140,Nuez,2016,2017,30.457521,-111.039789,776.0,1587.0394471514737,7.521513967542529,3.338029846420148,14.128974278779088,26.92824644549763,15.67,36.870000000000005,34.66398104265403,21.32,47.03,19.192511848341233,7.36,26.91,37.34341232227488,8.06,81.68,25.57341232227488,8.56,32.47,2.405545023696683,1.05,5.73,218.99,1.0378672985781991,0.0,42.41,175.19199999999998,0.8302938388625591,0.0,33.928,15.46817029739845,6.546519072530181,19.430935661008647,0.13798648823320564,30,12,96,0,1528.136827334659,7.242354631917816,2.1770366242135077,15.541871706656998,116.35071046628002,0.5514251680866352,0.0,8.248000000000001,1411.786116868379,6.690929463831179,0.0,15.541871706656998,1163.5071046628002,14117.86116868379,15281.36827334659,1352.944827334659,0.07613893493373643,0.9238610650662635,1.5,2.0,2.0,3.0,55000.0,165000.0,775.6714031085335,9411.907445789193,10187.578848897727
Sonora,Santa Ana,58,Magdalena,140,Nuez,2017,2018,30.457521,-111.039789,776.0,1633.3391067651971,7.74094363395828,4.031891600388111,12.385753917925971,27.315971563981044,14.285,36.31,35.2060663507109,19.31,46.56,19.425876777251187,7.45,27.71,34.83146919431279,5.95,79.63,25.712654028436024,12.25,33.35,2.4197156398104265,0.82,5.26,221.22000000000003,1.048436018957346,0.0,16.26,176.976,0.8387488151658767,0.0,13.008000000000003,15.300614828259947,8.610279170144995,19.42993843027897,0.1354403375782282,38,18,121,0,1545.6390152303081,7.3253033897171,2.7550725230627187,13.624329309718568,143.2794299952467,0.6790494312570933,0.0,7.223556009492617,1402.3595852350616,6.646253958460007,0.0,13.624329309718568,1432.7942999524669,14023.595852350616,15456.390152303084,1368.6630152303082,0.09269915457840414,0.907300845421596,1.6,6.7,2.0,3.2,60743.43,194378.98,895.4964374702918,8764.747407719135,9660.243845189427
Sonora,Santa Ana,58,Magdalena,140,Nuez,2018,2019,30.457521,-111.039789,776.0,1561.7485950134335,7.401652109068405,2.1665291533126894,12.39566655545016,26.926824644549768,16.349999999999998,35.355000000000004,34.31042654028436,22.49,45.17,19.543222748815165,8.72,28.11,40.83042654028435,7.79,87.17,25.15545023696682,7.26,32.84,2.3713270142180094,0.87,4.95,329.95000000000005,1.5637440758293841,0.0,20.71,197.97,0.9382464454976304,0.0,12.426,15.288199145387301,5.9372547196553604,19.746960590717038,0.2112695993795096,43,22,94,0,1505.6818768377384,7.135933065581699,1.4082439496532482,13.635233210995178,133.42670206941338,0.6323540382436653,0.0,7.720079670760775,1372.2551747683253,6.503579027338035,0.0,13.635233210995178,1334.2670206941339,13722.551747683254,15056.818768377387,1307.7118768377384,0.08861546660150992,0.9113845333984902,2.0,6.7,2.0,4.0,51046.75,204187.0,667.1335103470669,6861.275873841627,7528.409384188693
Sonora,Santa Ana,58,Magdalena,140,Nuez,2019,2020,30.457521,-111.039789,776.0,1559.2068850562678,7.389606090314065,2.642884055520723,12.51854520451585,26.44075829383886,15.94,35.355,34.023791469194315,21.34,44.24,18.857725118483412,7.71,27.75,40.06516587677725,12.33,81.02,25.48696682464455,8.12,32.54,2.4664454976303323,0.77,5.23,243.23,1.1527488151658767,0.0,35.93,194.584,0.9221990521327015,0.0,28.744,15.533432267515963,6.260378097284029,19.444023995185095,0.15599597611526866,35,16,91,0,1505.4088761699977,7.134639223554491,1.71787463608847,13.770399724967435,123.23988859557335,0.5840753014008215,0.0,6.721408361065214,1382.1689875744246,6.550563922153671,0.0,13.770399724967435,1232.3988859557335,13821.689875744247,15054.08876169998,1310.8248761699977,0.08186472827841659,0.9181352717215836,2.09,12.7,6.7,14.0,62267.85,871749.9,589.6645387348008,6613.248744375238,7202.913283110039
Sonora,Santa Ana,58,Magdalena,140,Nuez,2020,2021,30.457521,-111.039789,776.0,1704.6000068137146,8.078673018074477,3.023971044126484,13.213595410053479,28.195260663507113,10.604999999999999,35.58,36.30644549763033,17.65,44.15,20.084075829383888,3.56,27.19,32.158388625592416,9.58,69.2,25.908767772511858,8.94,33.75,2.5176303317535544,0.95,5.29,128.41000000000003,0.6085781990521328,0.0,17.71,102.72800000000001,0.4868625592417062,0.0,14.168000000000001,15.430965671789957,6.93994073502528,19.98542343148827,0.075331455758954,29,6,145,2,1642.5395973286509,7.784547854638156,1.6783192389841326,14.534954951058827,85.17878529615122,0.4036909255741764,0.0,7.992079648143488,1557.3608120325,7.380856929063981,0.0,14.534954951058827,851.7878529615122,15573.608120325,16425.39597328651,1539.8115973286508,0.05185797982263684,0.9481420201773634,1.94,12.7,6.7,13.0,88000.0,1144000.0,439.06590358840833,8027.633051713918,8466.698955302327
Sonora,Santa Ana,58,Magdalena,140,Nuez,2021,2022,30.457521,-111.039789,776.0,1540.0742201687508,7.298929953406402,2.732492215857447,11.647933053620699,26.70883886255924,15.95,34.715,34.23350710900474,21.79,44.78,19.184170616113747,7.76,26.54,40.50900473933649,5.43,81.29,24.888815165876782,9.88,32.77,2.3830331753554503,0.84,4.83,271.41999999999996,1.2863507109004737,0.0,31.74,162.852,0.7718104265402844,0.0,19.043999999999997,15.14137081420497,7.63473045067928,18.877253081173343,0.17623825945885882,52,14,90,0,1466.5864025018557,6.950646457354766,2.745568294885958,12.81272635898277,132.20216260390765,0.6265505336678088,0.0,7.202709355165065,1334.3842398979477,6.324095923686956,0.0,12.81272635898277,1322.0216260390766,13343.842398979477,14665.864025018554,1303.7344025018556,0.0901427712532882,0.9098572287467116,1.79,23.0,6.7,11.99,93083.33,1116069.13,738.5595676195959,7454.660558089094,8193.220125708689
Sonora,Santa Ana,58,Magdalena,140,Nuez,2022,2023,30.457521,-111.039789,776.0,1507.5575797862482,7.144822653015394,2.495901021145002,11.764424743678296,26.597203791469195,16.36,33.8,33.93587677725118,22.59,42.54,19.2585308056872,6.52,27.87,43.06767772511848,4.31,85.3,24.557867298578195,9.03,32.61,2.3761611374407585,0.77,4.79,386.89,1.8336018957345972,0.0,50.09,232.13400000000001,1.1001611374407583,0.0,30.054000000000002,15.01361890447659,6.549538435835413,19.194035865090882,0.25663364715718245,61,22,87,0,1446.668706698444,6.856249794779356,1.6223356637442514,12.940867218046126,166.14133004874628,0.7873996684774706,0.0,7.823999999999999,1280.527376649698,6.068850126301887,0.0,12.940867218046126,1661.413300487463,12805.273766496979,14466.687066984443,1214.534706698444,0.11484407541233847,0.8851559245876617,1.94,23.0,6.7,13.0,82000.0,1066000.0,856.3986084986923,6600.656580668546,7457.0551891672385
Sonora,Santa Ana,58,Magdalena,140,Nuez,2023,2024,30.457521,-111.039789,776.0,1720.63562718605,8.154671218891233,3.4386958184177936,11.816918964876717,28.052417061611372,11.969999999999999,36.769999999999996,36.29279620853081,19.22,45.61,19.812037914691945,3.8,28.05,30.01303317535545,6.01,73.03,25.894739336492894,8.89,32.09,2.5380568720379144,1.07,6.2,137.10999999999999,0.6498104265402843,0.0,27.21,109.68800000000002,0.5198483412322276,0.0,21.768,15.34708896930475,6.985595846349054,19.461615431571595,0.07968566838536958,27,7,134,2,1647.5325152067394,7.8082109725437885,2.235152281971566,12.998610861364389,87.93016536157481,0.4167306415240512,0.0,8.120000000000001,1559.6023498451646,7.3914803310197374,0.0,12.998610861364389,879.3016536157481,15596.023498451646,16475.325152067395,1537.8445152067393,0.05337082245720714,0.9466291775427929,1.55,45.5,15.5,24.03,73500.0,1766205.0,567.2913894295149,10061.950644162353,10629.242033591867
