Estado,Municipio,IdMunicipio,DDR,IdDDR,Cultivo,Anio,AnioFin,Lat,Lon,Z_m,ET0_total_mm,ET0_mean_mm_d,ET0_min_mm_d,ET0_max_mm_d,Tmean_ciclo_mean_C,Tmean_ciclo_min_C,Tmean_ciclo_max_C,Tmax_ciclo_mean_C,Tmax_ciclo_min_C,Tmax_ciclo_max_C,Tmin_ciclo_mean_C,Tmin_ciclo_min_C,Tmin_ciclo_max_C,RH_mean_pct,RH_min_pct,RH_max_pct,Rs_mean_MJ_m2_d,Rs_min_MJ_m2_d,Rs_max_MJ_m2_d,Ws_mean_m_s,Ws_min_m_s,Ws_max_m_s,Ptot_total_mm,Ptot_mean_mm_d,Ptot_min_mm_d,Ptot_max_mm_d,Pef_total_mm,Pef_mean_mm_d,Pef_min_mm_d,Pef_max_mm_d,Rn_mean_MJ_m2_d,Rn_min_MJ_m2_d,Rn_max_MJ_m2_d,ratio_Ptot_ET0,dias_lluvia_ge_1mm,dias_lluvia_ge_5mm,dias_estres_calor,dias_riesgo_helada,ETc_total_mm,ETc_mean_mm_d,ETc_min_mm_d,ETc_max_mm_d,ETverde_total_mm,ETverde_mean_mm_d,ETverde_min_mm_d,ETverde_max_mm_d,ETazul_total_mm,ETazul_mean_mm_d,ETazul_min_mm_d,ETazul_max_mm_d,UACverde_m3_ha,UACazul_m3_ha,UACtotal_m3_ha,deficit_hidrico_mm,frac_verde,frac_azul,Rend_t_ha,SupSembradaTotal_ha,SupCosechadaTotal_ha,VolumenTotal_t,PMR,Valorproduccion,HHverde_m3_ton,HHazul_m3_ton,HHtotal_m3_ton
Sonora,Trincheras,64,Magdalena,140,Cebolla,2011,2012,30.286503,-111.652994,731.0,1068.266041545959,5.038990762009241,2.1346661312381774,10.087893585077333,18.22377358490566,0.7849999999999997,30.64,26.219056603773588,6.47,37.49,10.228490566037737,-4.9,23.9,35.33721698113207,10.22,74.82,18.96443396226415,7.15,30.75,2.4269811320754715,0.98,5.59,34.64,0.16339622641509435,0.0,7.75,27.712000000000003,0.1307169811320755,0.0,6.2,9.817658016242943,4.53802121284706,17.525544960553407,0.03242637943434965,8,3,7,25,981.017194255236,4.627439595543565,2.056762845762628,9.380876496745875,19.676442783591366,0.09281340935656304,0.0,3.0981221148615083,961.3407514716446,4.534626186187003,0.0,9.380876496745875,0.0,0.0,0.0,953.305194255236,0.0200571844192081,0.9799428155807919,47.0,3.0,3.0,141.0,4200.0,592200.0,0.0,0.0,0.0
Sonora,Trincheras,64,Magdalena,140,Cebolla,2013,2014,30.286503,-111.652994,731.0,1017.7928711765987,4.8009097697009375,1.834920322001854,10.093588826390636,17.948466981132075,2.77,28.975,25.72033018867924,9.24,38.25,10.176603773584906,-4.6,21.02,38.849386792452826,8.48,83.88,18.594198113207547,5.93,31.08,2.3728301886792456,1.09,6.08,84.71000000000001,0.39957547169811325,0.0,17.42,67.768,0.31966037735849057,0.0,13.936000000000002,9.839297572513733,4.418940567929248,17.67596273181504,0.08322911507728752,10,6,7,41,924.8259441662838,4.362386529086244,1.9266663381019467,7.570191619792977,25.85283146324073,0.12194731822283363,0.0,2.9390973330489687,898.9731127030431,4.240439210863411,0.0,7.570191619792977,0.0,0.0,0.0,857.0579441662837,0.02795426709892601,0.972045732901074,32.0,3.0,3.0,96.0,2500.0,240000.0,0.0,0.0,0.0
Sonora,Trincheras,64,Magdalena,140,Cebolla,2014,2015,30.286503,-111.652994,731.0,1080.8636704723624,5.098413539963974,1.5050781913866875,11.328261663894203,19.149834905660374,9.194999999999999,27.08,27.003773584905655,12.09,37.17,11.295896226415092,2.15,19.54,35.97627358490566,7.36,84.68,18.617169811320757,3.77,31.32,2.3848584905660375,1.14,4.89,69.21000000000001,0.3264622641509434,0.0,26.7,55.368,0.26116981132075473,0.0,21.36,9.70374072127333,3.903655101282821,17.559798419073893,0.06403212716896446,5,4,9,11,989.4257050235276,4.667102382186451,1.580332100956022,8.496196247920652,10.696877171087056,0.05045696778814649,0.0,2.251873375380684,978.7288278524405,4.616645414398304,0.0,8.496196247920652,0.0,0.0,0.0,934.0577050235275,0.010811197967443847,0.9891888020325561,35.25,1.0,1.0,35.25,3680.0,129720.0,0.0,0.0,0.0
Sonora,Trincheras,64,Magdalena,140,Cebolla,2015,2016,30.286503,-111.652994,731.0,949.6417373501774,4.479442157312158,1.1145422614219525,9.67303401763802,18.879905660377357,3.875,27.27,26.159811320754716,10.42,36.62,11.6,-2.67,21.71,48.45509433962264,14.09,88.6,18.044198113207546,4.27,30.54,2.2819811320754715,1.06,5.85,137.61,0.6491037735849057,0.0,28.28,110.08800000000001,0.5192830188679246,0.0,22.624000000000002,9.945085994495336,3.7260731277223744,17.834160380868394,0.14490727880598275,18,9,5,12,867.9118308561417,4.093923730453499,1.1702693744930501,8.941188607810094,37.980022293768286,0.17915104855551078,0.0,2.8294794000236703,829.9318085623734,3.9147726818979875,0.0,8.941188607810094,0.0,0.0,0.0,757.8238308561417,0.04376023110124369,0.9562397688987563,70.0,2.5,2.5,175.0,3150.0,551250.0,0.0,0.0,0.0
Sonora,Trincheras,64,Magdalena,140,Cebolla,2017,2018,30.286503,-111.652994,731.0,1049.5645944196144,4.950776388771766,1.386401252858164,10.432327662662509,19.911627358490566,8.155,29.695,27.425377358490568,13.35,38.27,12.397877358490568,0.45,23.58,40.82103773584905,12.19,82.43,18.39306603773585,4.7,31.52,2.3619339622641506,1.08,5.7,112.12,0.5288679245283019,0.0,17.26,89.696,0.4230943396226415,0.0,13.808000000000002,9.85080301177312,3.763452117422939,17.641225992977212,0.10682524981894977,12,9,23,15,955.9098005975782,4.509008493384803,1.4557213155010722,9.158623606450114,30.126750682843358,0.14210731454171396,0.0,4.411311979447602,925.7830499147346,4.366901178843088,0.0,9.158623606450114,0.0,0.0,0.0,866.2138005975781,0.03151631112476292,0.968483688875237,41.0,5.0,5.0,205.0,2690.98,551650.9,0.0,0.0,0.0
Sonora,Trincheras,64,Magdalena,140,Cebolla,2018,2019,30.286503,-111.652994,731.0,1126.754424885432,5.314879362667132,1.1324018343934452,9.962621206469947,20.78191037735849,8.78,30.810000000000002,28.57632075471698,14.94,40.77,12.987499999999999,0.34,23.33,32.45141509433962,9.89,91.35,18.298537735849056,4.05,30.49,2.3241981132075473,0.68,4.45,94.06,0.4436792452830189,0.0,28.55,75.248,0.35494339622641513,0.0,22.840000000000003,9.491237470131965,3.9966546497263566,17.990511325692328,0.08347870478481946,12,5,31,13,1033.836472448212,4.876587134189679,1.1890219261131176,9.193362441583366,26.819607814857058,0.1265075840323446,0.0,3.4354526682937663,1007.0168646333549,4.750079550157334,0.0,9.193362441583366,0.0,0.0,0.0,958.5884724482119,0.025941827870848824,0.9740581721291512,41.2,5.5,5.5,226.6,2721.2,616623.92,0.0,0.0,0.0
Sonora,Trincheras,64,Magdalena,140,Cebolla,2019,2020,30.286503,-111.652994,731.0,894.6751763540626,4.220165926198408,1.2841812707833142,10.075494077990408,17.370896226415095,3.9549999999999996,27.950000000000003,24.589339622641507,9.29,37.47,10.152452830188677,-1.49,22.06,49.03646226415094,21.01,85.24,17.595707547169813,4.3,30.04,2.3108490566037734,1.04,5.44,185.22000000000003,0.873679245283019,0.0,28.59,148.176,0.698943396226415,0.0,22.872,9.740374740344038,3.727078894880642,18.574697243807794,0.20702485650132788,30,10,7,29,815.6810734465594,3.8475522332384875,1.34839033432248,7.556620558492806,60.25025169593843,0.28419930045253977,0.0,3.536667146475236,755.4308217506211,3.5633529327859486,0.0,7.556620558492806,0.0,0.0,0.0,667.5050734465594,0.07386496224726467,0.9261350377527355,40.71,7.0,7.0,285.0,4000.0,1140000.0,0.0,0.0,0.0
Sonora,Trincheras,64,Magdalena,140,Cebolla,2020,2021,30.286503,-111.652994,731.0,870.4943076361224,4.086827735380856,1.2613996473694653,9.190132475102187,17.389014084507046,5.65,29.255000000000003,24.582629107981223,10.98,37.98,10.195399061032864,-0.93,21.67,51.825070422535205,25.36,85.75,17.643051643192486,3.43,30.05,2.2269483568075117,1.02,5.36,276.89,1.2999530516431925,0.0,48.41,166.13400000000001,0.7799718309859156,0.0,29.045999999999996,9.839014282863529,3.4871087548295825,17.78138710347198,0.31808364232950675,26,17,9,25,791.9746883558622,3.718191025144893,1.3244696297379386,7.807975708866562,50.99279993228443,0.23940281658349497,0.0,3.054,740.9818884235779,3.4787882085613986,0.0,7.807975708866562,0.0,0.0,0.0,625.8406883558622,0.06438690614992428,0.9356130938500758,38.13,8.0,8.0,305.0,4050.0,1235250.0,0.0,0.0,0.0
Sonora,Trincheras,64,Magdalena,140,Cebolla,2021,2022,30.286503,-111.652994,731.0,1146.8441494949993,5.409642214599053,1.7652263810507496,10.75553913035956,19.12634433962264,7.165,32.035,27.27966981132076,11.17,41.61,10.973018867924527,1.45,23.06,30.404999999999998,11.83,81.4,18.904622641509434,8.56,30.05,2.5475471698113203,1.33,5.2,45.79,0.21599056603773584,0.0,12.69,36.632000000000005,0.1727924528301887,0.0,10.152000000000001,9.557940862091735,4.403620324189543,17.945414980409605,0.039926959578738874,8,4,34,23,1046.389089360276,4.935797591322057,1.8534877001032872,8.06665434776967,17.764656293704725,0.08379554855521097,0.0,2.744969668250008,1028.6244330665713,4.852002042766846,0.0,8.06665434776967,0.0,0.0,0.0,1009.757089360276,0.016977103903640073,0.9830228960963598,33.14,7.0,7.0,231.98,4100.0,951118.0,0.0,0.0,0.0
Sonora,Trincheras,64,Magdalena,140,Cebolla,2022,2023,30.286503,-111.652994,731.0,1079.6396839547986,5.09264001865471,1.3688408703935122,10.719882098778315,18.97115566037736,7.32,28.375,26.917216981132075,13.91,37.78,11.02509433962264,-1.52,21.34,35.47570754716981,7.16,83.27,18.803915094339622,2.53,31.0,2.4,1.07,5.27,49.79,0.23485849056603772,0.0,26.21,39.832,0.1878867924528302,0.0,20.968000000000004,9.780175965817916,3.102517896225841,17.993972169964525,0.046117237759930804,10,1,12,15,984.5452169566204,4.64408121205953,1.437282913913188,8.039911574083737,18.688548943130712,0.08815353275061656,0.0,2.216,965.8566680134896,4.555927679308914,0.0,8.039911574083737,0.0,0.0,0.0,944.7132169566204,0.018981910247758728,0.9810180897522413,34.0,5.0,5.0,170.0,4300.0,731000.0,0.0,0.0,0.0
Sonora,Trincheras,64,Magdalena,140,Cebolla,2023,2024,30.286503,-111.652994,731.0,919.1094195318543,4.335421790244596,1.2193362423111067,9.602674665040038,16.85924528301887,6.87,28.22,24.245471698113203,10.97,39.44,9.473018867924528,-0.56,19.99,46.31825471698113,12.2,83.68,18.04325471698113,2.76,30.26,2.385330188679245,0.91,5.36,99.89000000000001,0.4711792452830189,0.0,12.46,79.912,0.37694339622641515,0.0,9.968000000000002,9.779878266221626,3.1829400457216757,17.418614880125553,0.10868129286595571,21,7,9,31,836.5875056352379,3.9461674794114994,1.280303054426662,7.202005998780028,46.277161825168484,0.21828849917532303,0.0,3.8601444378184295,790.3103438100693,3.727878980236176,0.0,7.202005998780028,0.0,0.0,0.0,756.6755056352379,0.05531658256123404,0.9446834174387658,37.06,5.0,5.0,185.3,4515.0,836629.5,0.0,0.0,0.0
Sonora,Trincheras,64,Magdalena,140,Elote,2011,2012,30.286503,-111.652994,731.0,906.6361601161989,8.242146910147262,2.785228307906362,11.686496969593215,22.971545454545453,11.08,31.785000000000004,32.05790909090909,15.57,41.95,13.885181818181817,4.34,22.36,24.379363636363635,7.07,66.67,27.944272727272725,12.04,33.0,2.9015454545454546,1.67,4.81,7.829999999999999,0.07118181818181818,0.0,7.75,6.264,0.05694545454545455,0.0,6.2,15.846759945304555,8.46327121911477,19.863703100299713,0.008636319997424842,1,1,29,1,904.6583064658968,8.224166422417243,1.8442279608719514,13.243867406087231,3.2670125540923163,0.029700114128111965,0.0,3.203012554092316,901.3912939118044,8.194466308289131,0.0,13.243867406087231,32.670125540923166,9013.912939118043,9046.583064658966,898.3943064658968,0.0036113221210062186,0.9963886778789937,10.0,3.5,3.5,35.0,4950.0,173250.0,3.2670125540923167,901.3912939118043,904.6583064658965
Sonora,Trincheras,64,Magdalena,140,Elote,2012,2013,30.286503,-111.652994,731.0,924.3074294481083,8.402794813164622,2.507724040220227,12.661765775301914,23.152772727272723,10.434999999999999,34.31,32.47636363636364,14.2,44.24,13.829181818181821,3.21,24.38,23.771090909090915,9.55,67.7,27.891000000000002,10.08,33.04,2.986818181818182,1.64,5.53,8.629999999999999,0.07845454545454544,0.0,4.31,6.904,0.06276363636363637,0.0,3.448,15.832245983070441,7.265215849713202,19.31842058130174,0.009336720364947036,2,0,40,3,931.4502685703783,8.467729714276166,1.0030896160880909,13.29485406406701,2.927097162500188,0.026609974204547162,0.0,1.236007546412097,928.5231714078782,8.44111974007162,0.0,13.29485406406701,29.270971625001877,9285.231714078782,9314.502685703783,924.5462685703783,0.0031425157748816764,0.9968574842251184,9.85,4.0,4.0,39.4,5150.0,202910.0,2.971672246193084,942.663118180587,945.6347904267801
Sonora,Trincheras,64,Magdalena,140,Elote,2013,2014,30.286503,-111.652994,731.0,913.1066704482166,8.300969731347424,3.375552021136037,11.951500887461624,23.613409090909094,11.514999999999999,32.91,32.68427272727272,17.33,42.71,14.542545454545452,4.58,23.5,26.456727272727278,8.48,65.14,27.891909090909092,16.7,32.5,2.914909090909091,1.9,6.08,3.85,0.035,0.0,2.16,3.08,0.028,0.0,1.7280000000000002,15.998481112202008,10.201288791369192,19.28329380869877,0.004216374849293512,2,0,40,1,921.0137889799809,8.372852627090735,1.3502208084544147,12.612123093179136,3.08,0.028,0.0,1.7280000000000002,917.9337889799809,8.344852627090736,0.25422080845441464,12.612123093179136,30.8,9179.33788979981,9210.13788979981,917.9337889799808,0.003344141028997066,0.9966558589710031,9.85,5.0,5.0,49.25,4925.0,242556.25,3.1269035532994924,931.9124761218081,935.0393796751076
Sonora,Trincheras,64,Magdalena,140,Elote,2015,2016,30.286503,-111.652994,731.0,814.3621268665728,7.403292062423389,2.184163621965421,11.008854607218964,22.90518181818182,13.105,35.065,31.029363636363637,17.88,44.51,14.780999999999999,6.72,25.62,34.908181818181816,14.09,79.7,26.298636363636366,8.41,32.31,2.8426363636363634,1.44,5.31,29.47,0.2679090909090909,0.0,10.98,23.576,0.21432727272727273,0.0,8.784,15.615222853675615,6.205801624706284,19.764266900813084,0.036187832203582376,6,2,25,0,825.5581390581788,7.505073991437989,0.8736654487861684,11.559297337579913,13.211318964887825,0.12010289968079842,0.0,6.208,812.346820093291,7.3849710917571905,0.0,11.559297337579913,132.11318964887826,8123.46820093291,8255.581390581789,801.9821390581787,0.01600289348483644,0.9839971065151636,16.5,6.0,6.0,99.0,1500.0,148500.0,8.006859978719895,492.33140611714606,500.33826609586595
Sonora,Trincheras,64,Magdalena,140,Elote,2017,2018,30.286503,-111.652994,731.0,886.7636384722231,8.061487622474756,4.272998982205589,11.0027122953141,24.236636363636364,15.5,33.480000000000004,33.11609090909091,19.81,43.4,15.357181818181816,7.53,24.75,27.134818181818183,7.98,58.34,27.771818181818173,14.09,33.35,2.689272727272727,1.54,4.87,6.1,0.05545454545454545,0.0,3.39,4.880000000000001,0.04436363636363637,0.0,2.712,15.914304358819999,8.631372228503722,19.73991104296909,0.006878946920409926,2,0,43,0,892.9205021858804,8.11745911078073,1.7964144469669787,12.082286765128952,4.880000000000001,0.04436363636363637,0.0,2.712,888.0405021858804,8.073095474417094,1.7964144469669787,12.082286765128952,48.80000000000001,8880.405021858804,8929.205021858803,888.0405021858804,0.0054652121751641945,0.9945347878248358,10.1,7.0,7.0,70.7,3403.8,240648.66,4.831683168316833,879.2480219662182,884.0797051345351
Sonora,Trincheras,64,Magdalena,140,Elote,2018,2019,30.286503,-111.652994,731.0,881.5760142221533,8.014327402019575,3.8075514738813836,11.579837409152681,23.893863636363633,12.08,33.364999999999995,32.62645454545454,21.36,42.66,15.161272727272726,2.34,25.08,27.9430909090909,9.71,61.9,26.95554545454545,7.26,32.84,2.737454545454546,1.41,5.1,10.439999999999998,0.09490909090909089,0.0,5.09,8.352,0.07592727272727273,0.0,4.072,15.56706246906117,6.218062169129121,19.576178811750623,0.011842427461245746,3,1,42,1,901.2651125010522,8.193319204555019,1.6574677505676618,13.025402580417746,8.277929047575453,0.07525390043250411,0.0,3.997929047575453,892.9871834534767,8.118065304122515,0.0,13.025402580417746,82.77929047575454,8929.871834534768,9012.651125010523,892.9131125010522,0.00918478806375165,0.9908152119362484,10.0,6.5,6.5,65.0,3523.45,229024.25,8.277929047575453,892.9871834534767,901.2651125010522
Sonora,Trincheras,64,Magdalena,140,Elote,2019,2020,30.286503,-111.652994,731.0,793.710383315633,7.2155489392330265,2.4032961781000415,12.417452648128066,22.01763636363636,11.785,35.075,30.29527272727273,15.61,43.81,13.74,3.32,27.92,36.381727272727275,14.2,79.01,26.619,7.47,32.45,2.720636363636364,1.38,4.84,38.59,0.35081818181818186,0.0,28.59,30.872,0.28065454545454543,0.0,22.872,15.841459819749895,5.836630244496411,19.76110483149051,0.0486197494844338,4,1,25,2,810.0024041402087,7.363658219456442,0.9613184712400167,13.038325280534469,8.961318471240016,0.08146653155672742,0.0,3.64,801.0410856689687,7.282191687899715,0.0,13.038325280534469,89.61318471240017,8010.410856689687,8100.024041402086,779.1304041402087,0.011063323300567442,0.9889366766994325,9.9,7.5,7.5,74.25,3478.55,258282.34,9.05183683963638,809.132409766635,818.1842466062714
Sonora,Trincheras,64,Magdalena,140,Elote,2020,2021,30.286503,-111.652994,731.0,800.7452924796212,7.279502658905647,1.9474985731247954,11.909312912320988,22.49772727272727,10.955,32.96,30.73518181818182,16.2,41.59,14.260272727272726,3.66,24.84,38.702636363636366,9.75,81.68,26.564636363636364,6.62,33.75,2.6576363636363634,1.21,4.84,81.58,0.7416363636363636,0.0,23.53,65.264,0.5933090909090909,0.0,18.824,15.86350901532397,5.530889461398552,20.294023753961234,0.1018800869217426,10,6,40,2,826.1687159655689,7.510624690596082,0.7789994292499182,12.504778557937039,17.56925583243199,0.15972050756756354,0.0,5.248,808.5994601331367,7.350904183028516,0.0,12.504778557937039,175.6925583243199,8085.994601331367,8261.687159655687,760.9047159655689,0.02126594180209094,0.9787340581979088,8.67,6.0,6.0,52.0,3850.0,200200.0,20.264424258860426,932.640669127032,952.9050933858924
Sonora,Trincheras,64,Magdalena,140,Elote,2022,2023,30.286503,-111.652994,731.0,942.1667671671029,8.565152428791844,4.396483852671236,12.078547100256541,24.07386363636364,12.225,33.61,33.24436363636364,20.18,42.55,14.903363636363638,2.79,25.15,22.407090909090897,7.04,59.28,27.975181818181824,10.55,32.61,2.9422727272727265,1.3,4.9,9.590000000000002,0.0871818181818182,0.0,2.47,7.672,0.06974545454545454,0.0,1.9760000000000002,15.759432092438816,7.544668743101446,19.43373983474139,0.010178665109187742,4,0,47,3,952.3917630204506,8.65810693654955,1.7585935410684943,12.805379341547223,7.672,0.06974545454545454,0.0,1.9760000000000002,944.7197630204507,8.588361482004098,1.7142203437173635,12.805379341547223,76.72,9447.197630204508,9523.917630204507,944.7197630204506,0.008055508560541026,0.9919444914394591,10.0,3.0,3.0,30.0,4900.0,147000.0,7.672,944.7197630204507,952.3917630204508
Sonora,Trincheras,64,Magdalena,140,Elote,2023,2024,30.286503,-111.652994,731.0,827.5771284802854,7.523428440729868,3.0819408485425743,10.78139220472143,21.992454545454542,8.405,32.375,30.70554545454546,14.94,39.86,13.279363636363637,1.87,24.89,31.02809090909091,12.2,67.96,27.08418181818181,12.57,32.09,2.7540909090909094,1.22,5.36,14.059999999999999,0.1278181818181818,0.0,5.24,11.248000000000001,0.10225454545454546,0.0,4.192,15.790516219747488,8.491219878639237,19.989743149459336,0.0169893530356729,5,1,31,3,843.6021366201866,7.669110332910787,1.23277633941703,11.320461814957502,8.526531214407022,0.07751392013097293,0.0,2.048,835.0756054057796,7.591596412779815,0.0,11.320461814957502,85.26531214407022,8350.756054057796,8436.021366201867,832.3541366201865,0.010107289733247685,0.9898927102667524,9.5,3.0,3.0,28.5,5390.0,153615.0,8.975296015165286,879.0269530587153,888.0022490738806
Sonora,Trincheras,64,Magdalena,140,Espárrago,2023,2024,30.286503,-111.652994,731.0,1732.4187840248628,7.499648415692047,1.721208972921144,12.139317466325759,25.140151515151516,7.86,36.905,33.21354978354978,12.41,45.82,17.06675324675325,-0.56,28.35,35.50965367965368,6.52,80.0,25.107835497835502,4.82,32.09,2.69030303030303,1.18,7.4,175.48,0.7596536796536796,0.0,24.94,140.38400000000001,0.6077229437229438,0.0,19.952,15.02523207343683,4.363984872483795,19.989743149459336,0.10129190563976337,40,11,119,14,1304.2043284047215,5.645906183570223,0.860604486460572,11.53235159300947,83.26264133406437,0.36044433477949944,0.0,4.808,1220.9416870706573,5.285461848790725,0.0,11.53235159300947,832.6264133406437,12209.416870706573,13042.043284047217,1163.8203284047215,0.06384171522870935,0.9361582847712907,0.0,21.0,0.0,0.0,0.0,0.0,,,
Sonora,Trincheras,64,Magdalena,140,Lechuga,2013,2014,30.286503,-111.652994,731.0,423.7312170886741,3.997464312157303,1.834920322001854,6.948827708314236,18.371509433962263,2.77,28.975,25.581226415094335,9.24,38.25,11.16179245283019,-3.7,21.02,42.395943396226414,19.98,76.34,15.486886792452829,5.93,23.03,2.137452830188679,1.09,4.79,48.64,0.4588679245283019,0.0,16.47,38.912,0.3670943396226415,0.0,13.176,7.8072717103147955,4.418940567929248,12.971031260042011,0.11478974887474747,4,4,3,19,385.08516390093666,3.6328789047258176,1.7431743059017613,5.863771291568152,11.929612915259337,0.11254351806848431,0.0,2.659183301330019,373.1555509856774,3.520335386657334,0.0,5.863771291568152,0.0,0.0,0.0,346.1731639009367,0.03097915483009425,0.9690208451699059,32.0,1.0,1.0,32.0,3250.0,104000.0,0.0,0.0,0.0
Sonora,Trincheras,64,Magdalena,140,Lechuga,2014,2015,30.286503,-111.652994,731.0,456.55344895796424,4.307108009037399,1.5050781913866875,8.30190916362304,18.52443396226415,9.194999999999999,26.855000000000004,26.053773584905656,12.09,35.95,10.995094339622641,2.15,19.54,40.791886792452836,13.17,84.68,15.789622641509434,6.51,23.03,2.3197169811320753,1.14,3.95,40.07,0.3780188679245283,0.0,19.43,32.056000000000004,0.30241509433962266,0.0,15.544,7.809298335672517,4.421917578317601,13.170672576413262,0.08776628473940042,3,3,3,9,413.52067644643586,3.901138457041848,1.429824281817353,6.925285556620323,6.668939204346273,0.06291452079571956,0.0,2.144641309886366,406.85173724208954,3.838223936246128,0.0,6.925285556620323,0.0,0.0,0.0,381.4646764464359,0.016127220678915952,0.983872779321084,30.0,3.0,3.0,90.0,3895.0,350550.0,0.0,0.0,0.0
Sonora,Trincheras,64,Magdalena,140,Tomate verde,2016,2017,30.286503,-111.652994,731.0,809.0246375005273,5.905289324821367,1.1951985888279697,10.200711493738948,19.153284671532848,7.5,28.465,27.615766423357663,13.7,38.32,10.69080291970803,-0.38,19.58,33.87401459854014,11.43,86.54,22.006350364963502,5.51,31.22,2.5918978102189785,1.3,4.81,51.940000000000005,0.3791240875912409,0.0,12.96,41.55200000000001,0.30329927007299273,0.0,10.368000000000002,12.00539407219622,4.129893545492024,19.603303170485518,0.06420076421957688,7,4,7,13,777.4323819015385,5.674688918989332,0.7171191532967818,10.376800050721505,15.631320282143008,0.11409722833681028,0.0,3.648308876516788,761.8010616193956,5.560591690652522,0.0,10.376800050721505,156.31320282143008,7618.010616193956,7774.323819015386,735.8803819015385,0.020106340623360745,0.9798936593766393,16.0,5.0,5.0,80.0,5000.0,400000.0,9.76957517633938,476.12566351212223,485.89523868846163
Sonora,Trincheras,64,Magdalena,140,Avena forrajera en verde,2010,2011,30.286503,-111.652994,731.0,392.05982397190525,4.170849191190482,1.0476812987049868,8.075112304782563,14.889734042553194,8.89,20.61,22.320531914893614,12.93,31.19,7.458936170212767,1.72,12.09,47.07510638297872,19.62,86.71,18.11021276595745,4.48,27.62,2.613191489361702,1.28,9.06,106.66999999999999,1.134787234042553,0.0,22.9,85.336,0.9078297872340425,0.0,18.32,9.82896597184191,3.963335618932405,16.054960189828407,0.2720758248558615,13,8,0,11,383.2421201464171,4.077043831344863,0.7300192800036266,9.286379150499947,26.218840365627166,0.2789238336768847,0.0,3.3212712833939175,357.02327978078995,3.7981199976679783,0.0,9.286379150499947,262.18840365627165,3570.2327978078993,3832.4212014641707,297.9061201464171,0.06841325362569828,0.9315867463743017,28.0,263.0,263.0,7364.0,600.0,4418400.0,14.566022425348425,198.3462665448833,212.9122889702317
Sonora,Trincheras,64,Magdalena,140,Avena forrajera en verde,2011,2012,30.286503,-111.652994,731.0,722.9035379385934,4.604481133366837,2.1346661312381774,8.934168092138929,16.6043949044586,0.7849999999999997,26.655,24.640000000000004,6.47,37.14,8.568789808917197,-4.9,16.64,34.06076433121019,10.22,74.82,17.643184713375796,7.15,27.11,2.41312101910828,1.14,5.59,16.16,0.10292993630573248,0.0,6.04,12.928,0.08234394904458599,0.0,4.832000000000001,8.675428818518753,4.53802121284706,15.553918967521744,0.0223542964612973,4,2,1,24,658.9455667379832,4.197105520624097,1.0346214118796087,7.9961342087818466,8.774399292233769,0.05588789358110681,0.0,2.6555332413098642,650.1711674457495,4.14121762704299,0.0,7.9961342087818466,0.0,0.0,0.0,646.0175667379832,0.013315818081408743,0.9866841819185913,19.5,174.0,174.0,3393.0,800.0,2714400.0,0.0,0.0,0.0
Sonora,Trincheras,64,Magdalena,140,Avena forrajera en verde,2012,2013,30.286503,-111.652994,731.0,677.9695617640187,4.290946593443157,1.2962489418484908,8.568566453639272,15.729113924050631,5.645,25.71,23.503354430379744,12.25,33.79,7.954873417721518,-0.96,18.98,40.33145569620254,12.59,84.63,17.079177215189873,3.16,28.44,2.453987341772152,1.12,5.53,75.87,0.48018987341772157,0.0,16.73,60.696000000000005,0.38415189873417727,0.0,13.384,8.655371781501993,3.2899334623246386,15.93471712987374,0.11190767886775442,12,5,0,28,621.7312131788386,3.93500767834708,0.6311939388887022,7.711709808275345,27.750744368283662,0.1756376225840738,0.0,3.9533567593992918,593.980468810555,3.759370055763006,0.0,7.711709808275345,0.0,0.0,0.0,561.0352131788386,0.04463463274812498,0.955365367251875,19.73,120.0,120.0,2367.6,821.0,1943799.6,0.0,0.0,0.0
Sonora,Trincheras,64,Magdalena,140,Avena forrajera en verde,2013,2014,30.286503,-111.652994,731.0,658.9772474941269,4.19730730887979,1.834920322001854,8.14985897703194,16.227006369426753,2.77,25.4,23.80203821656051,9.24,34.44,8.651974522292994,-4.6,17.44,39.730636942675154,14.7,83.88,16.742611464968153,5.93,27.75,2.31796178343949,1.09,4.79,81.88999999999999,0.521592356687898,0.0,17.42,65.512,0.41727388535031845,0.0,13.936000000000002,8.563170404200017,4.418940567929248,15.877946768156786,0.1242683268829093,9,6,0,41,603.567336630208,3.8443779403197964,0.8866035544193202,7.334873079328746,24.474720642545414,0.15588994039837842,0.0,3.2190113647679177,579.0926159876626,3.688487999921418,0.0,7.334873079328746,0.0,0.0,0.0,538.0553366302081,0.04055010792862126,0.9594498920713788,17.85,69.0,69.0,1231.65,862.65,1062482.87,0.0,0.0,0.0
Sonora,Trincheras,64,Magdalena,140,Avena forrajera en verde,2014,2015,30.286503,-111.652994,731.0,700.0436930398077,4.45887702573126,1.5050781913866875,7.676207711063495,17.75347133757962,9.194999999999999,26.134999999999998,25.367515923566877,12.09,35.54,10.139426751592357,2.15,19.54,38.571019108280254,11.0,84.68,16.934458598726113,3.77,27.95,2.311847133757962,1.19,4.77,68.55000000000001,0.4366242038216561,0.0,26.7,54.84,0.34929936305732484,0.0,21.36,8.602379857822022,3.903655101282821,15.786393378184155,0.09792245924298605,5,4,1,11,641.6004241684188,4.08662690553133,0.8641505941042723,6.908586939957146,10.44194299655352,0.06650919106085044,0.0,2.4663375063693205,631.1584811718653,4.02011771447048,0.0,6.908586939957146,0.0,0.0,0.0,586.7604241684188,0.016274838050625306,0.9837251619493748,18.2,115.0,115.0,2093.0,810.0,1695330.0,0.0,0.0,0.0
Sonora,Trincheras,64,Magdalena,140,Avena forrajera en verde,2015,2016,30.286503,-111.652994,731.0,630.2420904789951,4.014280831076402,1.1145422614219525,8.5154177217239,17.555700636942678,3.875,27.03,24.74611464968153,10.42,35.64,10.36528662420382,-2.67,19.82,48.835605095541396,22.12,88.6,16.20815286624204,4.27,26.73,2.3145859872611467,1.1,5.85,106.79000000000002,0.6801910828025479,0.0,28.28,85.43199999999999,0.5441528662420382,0.0,22.624000000000002,8.633517789747488,3.7260731277223744,15.612514669857735,0.16944282461178964,13,6,2,12,579.3765288973029,3.6902963624032035,0.8032310521532459,7.663875949551509,27.175452646274714,0.17309205507181347,0.0,2.4561058424865365,552.2010762510282,3.5172043073313897,0.0,7.663875949551509,0.0,0.0,0.0,493.9445288973029,0.04690464886107197,0.953095351138928,17.25,97.0,97.0,1673.25,800.0,1338600.0,0.0,0.0,0.0
Sonora,Trincheras,64,Magdalena,140,Avena forrajera en verde,2016,2017,30.286503,-111.652994,731.0,705.5495834879175,4.465503692961503,1.1951985888279697,8.183667338490489,16.85107594936709,6.5649999999999995,25.455000000000002,24.821645569620255,12.2,34.6,8.880506329113924,-1.0,17.03,38.4246835443038,12.73,86.54,17.328860759493672,5.51,27.76,2.3849367088607596,1.3,4.81,67.16,0.42506329113924046,0.0,12.96,53.72800000000001,0.3400506329113925,0.0,10.368000000000002,8.723518659969125,4.058197086319179,15.471509128191258,0.09518820728089922,14,4,0,25,651.4710250596543,4.123234335820596,0.7834981054875044,7.36530060464144,27.35248362360855,0.17311698495954778,0.0,3.0409284468560775,624.1185414360456,3.950117350861048,0.0,7.36530060464144,0.0,0.0,0.0,597.7430250596542,0.041985725491174256,0.9580142745088255,19.5,81.0,81.0,1579.5,751.57,1187104.82,0.0,0.0,0.0
Sonora,Trincheras,64,Magdalena,140,Avena forrajera en verde,2017,2018,30.286503,-111.652994,731.0,665.1075561458877,4.236353860801832,1.386401252858164,8.722498672809632,17.88859872611465,8.155,28.729999999999997,25.120063694267518,13.35,35.89,10.657133757961784,0.45,21.84,44.52859872611465,14.72,82.43,16.500127388535027,4.7,27.59,2.3813375796178344,1.13,5.7,111.78,0.7119745222929936,0.0,17.26,89.424,0.5695796178343949,0.0,13.808000000000002,8.654623018281585,3.763452117422939,16.02839825437355,0.16806304328841767,12,9,4,15,596.6222734215277,3.8001418689269277,1.1824964226075019,7.360392426181236,30.404880897928585,0.19366166177024577,0.0,4.831436929871183,566.2173925235991,3.606480207156682,0.0,7.360392426181236,0.0,0.0,0.0,507.1982734215277,0.050961692602526795,0.9490383073974732,21.0,100.0,100.0,2100.0,741.86,1557906.0,0.0,0.0,0.0
Sonora,Trincheras,64,Magdalena,140,Avena forrajera en verde,2018,2019,30.286503,-111.652994,731.0,711.7272670057519,4.533294694304152,1.1324018343934452,7.9849950521981246,18.94640127388535,8.78,27.755,26.40012738853503,14.94,35.81,11.492675159235668,0.34,20.08,35.48585987261147,14.94,91.35,16.357261146496814,4.05,27.41,2.2468152866242037,0.68,4.41,94.05000000000001,0.5990445859872612,0.0,28.55,75.24,0.4792356687898089,0.0,22.840000000000003,8.289270651801687,3.9966546497263566,16.150885266505597,0.13214331438455335,12,5,2,13,665.5690104141754,4.2392930599629,1.007156831972756,9.182744310027843,24.44958410731182,0.15572983507841925,0.0,2.9446737156803713,641.1194263068635,4.083563224884481,0.0,9.182744310027843,0.0,0.0,0.0,590.3290104141754,0.036734859533344474,0.9632651404666553,22.0,85.0,85.0,1870.0,752.23,1406670.1,0.0,0.0,0.0
Sonora,Trincheras,64,Magdalena,140,Avena forrajera en verde,2019,2020,30.286503,-111.652994,731.0,581.2022086478744,3.7019248958463336,1.2841812707833142,7.5976803085393305,15.628152866242038,3.9549999999999996,22.69,22.781337579617833,9.29,30.79,8.474968152866241,-1.49,16.05,49.20592356687898,27.98,85.24,15.926433121019107,4.3,27.05,2.2821019108280254,1.04,5.44,121.37,0.7730573248407644,0.0,28.59,97.09600000000002,0.6184458598726116,0.0,22.872,8.507007689399664,3.727078894880642,15.760545005617088,0.2088257721565764,22,5,0,29,529.8736125000463,3.374991162420677,0.9764722121288287,6.8379122776853976,42.09251997093102,0.2681052227447836,0.0,2.64,487.7810925291152,3.1068859396758928,0.0,6.8379122776853976,0.0,0.0,0.0,432.7776125000463,0.0794387925307893,0.9205612074692106,22.2,80.0,80.0,1776.0,812.66,1443284.16,0.0,0.0,0.0
Sonora,Trincheras,64,Magdalena,140,Avena forrajera en verde,2020,2021,30.286503,-111.652994,731.0,534.8908541889485,3.385385153094611,1.2613996473694653,6.557020164036143,15.619588607594936,5.65,24.07,22.458544303797467,10.98,31.31,8.780632911392404,-0.93,17.68,55.52772151898735,29.12,85.75,15.450632911392404,3.43,27.69,2.2091772151898734,1.02,5.36,272.89,1.7271518987341772,0.0,48.41,163.73399999999998,1.0362911392405063,0.0,29.045999999999996,8.454633004278676,3.4871087548295825,16.412185105338864,0.5101788483816596,25,17,0,25,484.0087981991674,3.063346824045363,0.8155665197764562,5.901318147632529,48.95203346292787,0.3098229966008093,0.0,2.796232736786604,435.05676473623953,2.753523827444554,0.0,5.901318147632529,0.0,0.0,0.0,320.27479819916744,0.10113872649642276,0.8988612735035773,22.35,85.0,85.0,1900.0,853.68,1621992.0,0.0,0.0,0.0
Sonora,Trincheras,64,Magdalena,140,Avena forrajera en verde,2021,2022,30.286503,-111.652994,731.0,740.1398599817901,4.714266624087835,1.7652263810507496,9.751156410885756,17.00799363057325,7.165,28.11,25.038216560509557,11.17,37.84,8.977770700636944,1.45,20.5,32.26070063694268,12.21,81.4,17.30292993630573,8.56,27.38,2.4978980891719744,1.33,5.2,45.760000000000005,0.29146496815286627,0.0,12.69,36.608000000000004,0.23317197452229302,0.0,10.152000000000001,8.440387964894999,4.403620324189543,15.31585871637757,0.061826152696499624,8,4,9,22,680.121024783048,4.331981049573554,1.006332583204207,8.77604076979718,18.95633784548613,0.12074100538526196,0.0,3.0063953509404846,661.1646869375619,4.211240044188292,0.0,8.77604076979718,0.0,0.0,0.0,643.513024783048,0.027872006826333614,0.9721279931736664,23.13,80.0,80.0,1850.4,832.28,1540050.91,0.0,0.0,0.0
Sonora,Trincheras,64,Magdalena,140,Avena forrajera en verde,2022,2023,30.286503,-111.652994,731.0,699.947975211569,4.458267358035471,1.3688408703935122,8.465381063753497,17.43063694267516,7.32,26.1,25.15547770700637,13.91,35.73,9.705796178343949,-1.52,17.99,36.88821656050956,8.69,83.27,16.936687898089176,2.53,26.91,2.362420382165605,1.07,5.27,49.61,0.31598726114649683,0.0,26.21,39.68800000000001,0.2527898089171975,0.0,20.968000000000004,8.535216188267476,3.102517896225841,15.878249981664121,0.07087669620732125,10,1,1,15,633.7132368667103,4.036390043737009,1.0122031205133093,7.618842957378148,18.85774408057173,0.120113019621476,0.0,2.216,614.8554927861385,3.916277024115532,0.0,7.618842957378148,0.0,0.0,0.0,594.0252368667103,0.029757535401675857,0.970242464598324,24.05,111.0,111.0,2670.0,853.71,2279405.7,0.0,0.0,0.0
Sonora,Trincheras,64,Magdalena,140,Avena forrajera en verde,2023,2024,30.286503,-111.652994,731.0,579.0372007469894,3.688135036605028,1.2193362423111067,7.733341459967317,14.743375796178345,6.87,20.495,21.914012738853504,10.97,30.11,7.572738853503185,-0.56,15.6,48.29624203821656,22.3,83.68,16.268917197452232,2.76,28.72,2.4194904458598727,1.1,5.36,83.63000000000001,0.5326751592356689,0.0,12.46,66.904,0.426140127388535,0.0,9.968000000000002,8.55892916214178,3.1829400457216757,16.128306027828632,0.14442940780335492,15,7,0,30,532.717666282656,3.3931061546665986,0.830077356868765,6.960007313970586,33.05343789588052,0.21053145156611797,0.0,3.3086952324157965,499.6642283867754,3.1825747031004803,0.0,6.960007313970586,0.0,0.0,0.0,465.81366628265596,0.062046821398903294,0.9379531786010966,25.71,91.0,91.0,2339.61,870.51,2036653.9,0.0,0.0,0.0
Sonora,Trincheras,64,Magdalena,140,Cebada forrajera en verde,2010,2011,30.286503,-111.652994,731.0,392.05982397190525,4.170849191190482,1.0476812987049868,8.075112304782563,14.889734042553194,8.89,20.61,22.320531914893614,12.93,31.19,7.458936170212767,1.72,12.09,47.07510638297872,19.62,86.71,18.11021276595745,4.48,27.62,2.613191489361702,1.28,9.06,106.66999999999999,1.134787234042553,0.0,22.9,85.336,0.9078297872340425,0.0,18.32,9.82896597184191,3.963335618932405,16.054960189828407,0.2720758248558615,13,8,0,11,383.2421201464171,4.077043831344863,0.7300192800036266,9.286379150499947,26.218840365627166,0.2789238336768847,0.0,3.3212712833939175,357.02327978078995,3.7981199976679783,0.0,9.286379150499947,262.18840365627165,3570.2327978078993,3832.4212014641707,297.9061201464171,0.06841325362569828,0.9315867463743017,27.0,16.0,16.0,432.0,600.0,259200.0,9.71068161689895,132.23084436325553,141.94152598015447
Sonora,Trincheras,64,Magdalena,140,Cebada forrajera en verde,2011,2012,30.286503,-111.652994,731.0,722.9035379385934,4.604481133366837,2.1346661312381774,8.934168092138929,16.6043949044586,0.7849999999999997,26.655,24.640000000000004,6.47,37.14,8.568789808917197,-4.9,16.64,34.06076433121019,10.22,74.82,17.643184713375796,7.15,27.11,2.41312101910828,1.14,5.59,16.16,0.10292993630573248,0.0,6.04,12.928,0.08234394904458599,0.0,4.832000000000001,8.675428818518753,4.53802121284706,15.553918967521744,0.0223542964612973,4,2,1,24,658.9455667379832,4.197105520624097,1.0346214118796087,7.9961342087818466,8.774399292233769,0.05588789358110681,0.0,2.6555332413098642,650.1711674457495,4.14121762704299,0.0,7.9961342087818466,0.0,0.0,0.0,646.0175667379832,0.013315818081408743,0.9866841819185913,23.0,31.0,31.0,713.0,850.0,606050.0,0.0,0.0,0.0
Sonora,Trincheras,64,Magdalena,140,Cebada forrajera en verde,2012,2013,30.286503,-111.652994,731.0,677.9695617640187,4.290946593443157,1.2962489418484908,8.568566453639272,15.729113924050631,5.645,25.71,23.503354430379744,12.25,33.79,7.954873417721518,-0.96,18.98,40.33145569620254,12.59,84.63,17.079177215189873,3.16,28.44,2.453987341772152,1.12,5.53,75.87,0.48018987341772157,0.0,16.73,60.696000000000005,0.38415189873417727,0.0,13.384,8.655371781501993,3.2899334623246386,15.93471712987374,0.11190767886775442,12,5,0,28,621.7312131788386,3.93500767834708,0.6311939388887022,7.711709808275345,27.750744368283662,0.1756376225840738,0.0,3.9533567593992918,593.980468810555,3.759370055763006,0.0,7.711709808275345,0.0,0.0,0.0,561.0352131788386,0.04463463274812498,0.955365367251875,9.0,10.0,10.0,90.0,800.0,72000.0,0.0,0.0,0.0
Sonora,Trincheras,64,Magdalena,140,Cebada forrajera en verde,2015,2016,30.286503,-111.652994,731.0,630.2420904789951,4.014280831076402,1.1145422614219525,8.5154177217239,17.555700636942678,3.875,27.03,24.74611464968153,10.42,35.64,10.36528662420382,-2.67,19.82,48.835605095541396,22.12,88.6,16.20815286624204,4.27,26.73,2.3145859872611467,1.1,5.85,106.79000000000002,0.6801910828025479,0.0,28.28,85.43199999999999,0.5441528662420382,0.0,22.624000000000002,8.633517789747488,3.7260731277223744,15.612514669857735,0.16944282461178964,13,6,2,12,579.3765288973029,3.6902963624032035,0.8032310521532459,7.663875949551509,27.175452646274714,0.17309205507181347,0.0,2.4561058424865365,552.2010762510282,3.5172043073313897,0.0,7.663875949551509,0.0,0.0,0.0,493.9445288973029,0.04690464886107197,0.953095351138928,18.85,25.0,25.0,471.25,785.0,369931.25,0.0,0.0,0.0
Sonora,Trincheras,64,Magdalena,140,Cebada forrajera en verde,2016,2017,30.286503,-111.652994,731.0,705.5495834879175,4.465503692961503,1.1951985888279697,8.183667338490489,16.85107594936709,6.5649999999999995,25.455000000000002,24.821645569620255,12.2,34.6,8.880506329113924,-1.0,17.03,38.4246835443038,12.73,86.54,17.328860759493672,5.51,27.76,2.3849367088607596,1.3,4.81,67.16,0.42506329113924046,0.0,12.96,53.72800000000001,0.3400506329113925,0.0,10.368000000000002,8.723518659969125,4.058197086319179,15.471509128191258,0.09518820728089922,14,4,0,25,651.4710250596543,4.123234335820596,0.7834981054875044,7.36530060464144,27.35248362360855,0.17311698495954778,0.0,3.0409284468560775,624.1185414360456,3.950117350861048,0.0,7.36530060464144,0.0,0.0,0.0,597.7430250596542,0.041985725491174256,0.9580142745088255,18.5,7.0,7.0,129.5,719.05,93116.98,0.0,0.0,0.0
Sonora,Trincheras,64,Magdalena,140,Cebada forrajera en verde,2017,2018,30.286503,-111.652994,731.0,665.1075561458877,4.236353860801832,1.386401252858164,8.722498672809632,17.88859872611465,8.155,28.729999999999997,25.120063694267518,13.35,35.89,10.657133757961784,0.45,21.84,44.52859872611465,14.72,82.43,16.500127388535027,4.7,27.59,2.3813375796178344,1.13,5.7,111.78,0.7119745222929936,0.0,17.26,89.424,0.5695796178343949,0.0,13.808000000000002,8.654623018281585,3.763452117422939,16.02839825437355,0.16806304328841767,12,9,4,15,596.6222734215277,3.8001418689269277,1.1824964226075019,7.360392426181236,30.404880897928585,0.19366166177024577,0.0,4.831436929871183,566.2173925235991,3.606480207156682,0.0,7.360392426181236,0.0,0.0,0.0,507.1982734215277,0.050961692602526795,0.9490383073974732,23.5,5.0,5.0,117.5,705.0,82837.5,0.0,0.0,0.0
Sonora,Trincheras,64,Magdalena,140,Cebada forrajera en verde,2018,2019,30.286503,-111.652994,731.0,711.7272670057519,4.533294694304152,1.1324018343934452,7.9849950521981246,18.94640127388535,8.78,27.755,26.40012738853503,14.94,35.81,11.492675159235668,0.34,20.08,35.48585987261147,14.94,91.35,16.357261146496814,4.05,27.41,2.2468152866242037,0.68,4.41,94.05000000000001,0.5990445859872612,0.0,28.55,75.24,0.4792356687898089,0.0,22.840000000000003,8.289270651801687,3.9966546497263566,16.150885266505597,0.13214331438455335,12,5,2,13,665.5690104141754,4.2392930599629,1.007156831972756,9.182744310027843,24.44958410731182,0.15572983507841925,0.0,2.9446737156803713,641.1194263068635,4.083563224884481,0.0,9.182744310027843,0.0,0.0,0.0,590.3290104141754,0.036734859533344474,0.9632651404666553,23.8,6.0,6.0,142.8,734.71,104916.59,0.0,0.0,0.0
Sonora,Trincheras,64,Magdalena,140,Cebada forrajera en verde,2019,2020,30.286503,-111.652994,731.0,581.2022086478744,3.7019248958463336,1.2841812707833142,7.5976803085393305,15.628152866242038,3.9549999999999996,22.69,22.781337579617833,9.29,30.79,8.474968152866241,-1.49,16.05,49.20592356687898,27.98,85.24,15.926433121019107,4.3,27.05,2.2821019108280254,1.04,5.44,121.37,0.7730573248407644,0.0,28.59,97.09600000000002,0.6184458598726116,0.0,22.872,8.507007689399664,3.727078894880642,15.760545005617088,0.2088257721565764,22,5,0,29,529.8736125000463,3.374991162420677,0.9764722121288287,6.8379122776853976,42.09251997093102,0.2681052227447836,0.0,2.64,487.7810925291152,3.1068859396758928,0.0,6.8379122776853976,0.0,0.0,0.0,432.7776125000463,0.0794387925307893,0.9205612074692106,23.0,8.0,8.0,184.0,780.76,143659.84,0.0,0.0,0.0
Sonora,Trincheras,64,Magdalena,140,Cebada forrajera en verde,2022,2023,30.286503,-111.652994,731.0,699.947975211569,4.458267358035471,1.3688408703935122,8.465381063753497,17.43063694267516,7.32,26.1,25.15547770700637,13.91,35.73,9.705796178343949,-1.52,17.99,36.88821656050956,8.69,83.27,16.936687898089176,2.53,26.91,2.362420382165605,1.07,5.27,49.61,0.31598726114649683,0.0,26.21,39.68800000000001,0.2527898089171975,0.0,20.968000000000004,8.535216188267476,3.102517896225841,15.878249981664121,0.07087669620732125,10,1,1,15,633.7132368667103,4.036390043737009,1.0122031205133093,7.618842957378148,18.85774408057173,0.120113019621476,0.0,2.216,614.8554927861385,3.916277024115532,0.0,7.618842957378148,0.0,0.0,0.0,594.0252368667103,0.029757535401675857,0.970242464598324,25.0,5.0,5.0,125.0,875.0,109375.0,0.0,0.0,0.0
Sonora,Trincheras,64,Magdalena,140,Cebada forrajera en verde,2023,2024,30.286503,-111.652994,731.0,579.0372007469894,3.688135036605028,1.2193362423111067,7.733341459967317,14.743375796178345,6.87,20.495,21.914012738853504,10.97,30.11,7.572738853503185,-0.56,15.6,48.29624203821656,22.3,83.68,16.268917197452232,2.76,28.72,2.4194904458598727,1.1,5.36,83.63000000000001,0.5326751592356689,0.0,12.46,66.904,0.426140127388535,0.0,9.968000000000002,8.55892916214178,3.1829400457216757,16.128306027828632,0.14442940780335492,15,7,0,30,532.717666282656,3.3931061546665986,0.830077356868765,6.960007313970586,33.05343789588052,0.21053145156611797,0.0,3.3086952324157965,499.6642283867754,3.1825747031004803,0.0,6.960007313970586,0.0,0.0,0.0,465.81366628265596,0.062046821398903294,0.9379531786010966,24.3,10.0,10.0,243.0,875.0,212625.0,0.0,0.0,0.0
Sonora,Trincheras,64,Magdalena,140,Maíz grano,2010,2011,30.286503,-111.652994,731.0,1400.1292427489616,8.18789030847346,3.6033251246340177,12.018284411461025,27.399502923976605,12.774999999999999,36.295,35.44040935672514,17.38,44.34,19.35859649122807,6.45,28.95,35.1493567251462,11.98,74.14,27.068187134502924,15.01,33.08,2.6712280701754385,1.24,5.89,190.37,1.1132748538011696,0.0,15.64,152.296,0.8906198830409356,0.0,12.512,16.54086536291221,10.573258260869638,19.790748515756896,0.1359660195556195,30,14,101,0,1284.7617575131571,7.513226652123726,1.0809975373902052,14.421941293753228,98.87030765777733,0.5781889336712125,0.0,8.824,1185.8914498553797,6.935037718452513,0.0,14.421941293753228,988.7030765777733,11858.914498553797,12847.61757513157,1132.465757513157,0.07695614154110188,0.923043858458898,1.5,7.0,7.0,10.5,3500.0,36750.0,659.1353843851822,7905.942999035865,8565.078383421047
Sonora,Trincheras,64,Magdalena,140,Maíz grano,2015,2016,30.286503,-111.652994,731.0,1285.0339066286565,7.514818167419044,3.2045950331567425,12.376447652985442,27.234064327485378,16.11,36.275,34.329824561403505,19.64,44.51,20.13830409356725,9.02,28.76,43.20847953216374,14.09,77.53,25.921403508771927,10.48,32.31,2.6040935672514625,0.81,4.82,228.94,1.3388304093567251,0.0,18.5,183.15200000000002,1.0710643274853802,0.0,14.8,16.30787809847614,7.825038317135671,19.764266900813084,0.1781587231426712,43,17,84,0,1151.379715047814,6.733214707881953,1.0292998729149525,14.85173718358253,132.1231804392201,0.7726501780071351,0.0,7.880851288835079,1019.2565346085937,5.960564529874817,0.0,14.85173718358253,1321.231804392201,10192.565346085938,11513.797150478138,968.227715047814,0.11475204809712437,0.8852479519028755,2.8,7.5,7.5,21.0,3277.33,68823.93,471.86850156864324,3640.2019093164067,4112.07041088505
Sonora,Trincheras,64,Magdalena,140,Maíz forrajero en verde,2014,2015,30.286503,-111.652994,731.0,1336.6777807664407,8.302346464387831,3.849453315125545,12.725542961875812,27.972204968944098,15.940000000000001,34.94,35.58198757763975,22.24,43.81,20.36242236024845,7.4,27.89,35.054472049689444,7.36,79.64,26.859689440993787,12.59,32.67,2.607888198757764,0.82,4.89,235.12,1.4603726708074534,0.0,21.71,188.09600000000003,1.1682981366459628,0.0,17.368000000000002,16.350732929771443,8.908457082205961,19.24952852161374,0.17589878681546126,39,17,94,0,1352.5531548435151,8.40095127231997,1.2650405805570433,15.270651554250973,147.6363031923992,0.9169956720024794,0.0,7.376000000000001,1204.9168516511158,7.48395560031749,0.0,15.270651554250973,1476.363031923992,12049.16851651116,13525.531548435152,1164.4571548435151,0.10915379012182343,0.8908462098781765,16.2,4.0,4.0,64.8,860.0,55728.0,91.13352048913531,743.7758343525408,834.9093548416761
Sonora,Trincheras,64,Magdalena,140,Sorgo grano,2010,2011,30.286503,-111.652994,731.0,1357.146286916005,7.936527993660848,2.163115483114229,12.018284411461025,24.83929824561403,10.31,36.295,33.14923976608188,15.33,44.34,16.529356725146197,2.97,28.95,33.86116959064328,11.98,77.42,27.046608187134506,9.82,33.08,2.7918713450292394,1.33,5.89,130.3,0.7619883040935673,0.0,15.64,104.24000000000001,0.6095906432748539,0.0,12.512,16.20380572747115,6.957191719702806,19.790748515756896,0.09601028367847894,21,10,79,3,1006.285883256211,5.884712767580181,0.6489346449342687,10.842448931668214,59.04094458159952,0.34526868176373987,0.0,4.411806873333796,947.2449386746116,5.539444085816442,0.0,10.842448931668214,590.4094458159952,9472.449386746117,10062.858832562113,902.045883256211,0.0586721383694171,0.941327861630583,6.0,173.0,173.0,1038.0,3500.0,3633000.0,98.40157430266588,1578.741564457686,1677.143138760352
Sonora,Trincheras,64,Magdalena,140,Sorgo grano,2011,2012,30.286503,-111.652994,731.0,1411.7318849570584,8.25574201729274,2.785228307906362,13.577496375765355,25.909912280701757,11.08,36.465,34.2559649122807,15.57,46.18,17.563859649122808,4.34,28.44,30.387894736842103,7.07,69.33,27.22017543859649,12.04,33.0,2.7549707602339177,1.07,5.01,127.21000000000002,0.7439181286549709,0.0,17.48,101.768,0.5951345029239766,0.0,13.984000000000002,16.126940390791614,8.46327121911477,19.863703100299713,0.09010917820551277,27,10,78,1,1042.8993187824872,6.09882642562858,1.3831709706539634,11.516406440075855,75.15929790926305,0.4395280579489067,0.0,6.840000000000001,967.7400208732242,5.659298367679674,0.0,11.516406440075855,751.5929790926305,9677.400208732242,10428.993187824874,941.1313187824871,0.07206764503116785,0.9279323549688323,5.0,235.0,235.0,1175.0,4000.0,4700000.0,150.3185958185261,1935.4800417464485,2085.7986375649743
Sonora,Trincheras,64,Magdalena,140,Sorgo grano,2012,2013,30.286503,-111.652994,731.0,1391.7129431048656,8.1386721818998,2.507724040220227,12.661765775301914,25.890555555555554,10.434999999999999,35.44,34.14333333333334,14.2,44.24,17.637777777777774,3.21,27.76,31.228947368421057,9.12,76.92,26.76666666666667,10.08,33.04,2.723567251461988,1.13,5.53,147.48,0.8624561403508771,0.0,10.21,117.98400000000001,0.6899649122807018,0.0,8.168000000000001,15.907922090801682,7.265215849713202,19.31842058130174,0.10597012891967289,30,10,85,3,1049.3508657749721,6.1365547706138726,0.7523172120660682,12.151465072767635,75.02983692650602,0.4387709761783978,0.0,5.158558854809971,974.321028848466,5.697783794435473,0.0,12.151465072767635,750.2983692650603,9743.210288484659,10493.508657749719,931.3668657749721,0.07150119123511142,0.9284988087648884,3.85,122.5,122.5,471.63,3890.0,1834640.7,194.88269331560008,2530.7039710349763,2725.5866643505765
Sonora,Trincheras,64,Magdalena,140,Sorgo grano,2013,2014,30.286503,-111.652994,731.0,1416.0732149712885,8.281129912112798,3.375552021136037,12.183870328085165,26.221140350877196,11.514999999999999,35.025,34.60766081871345,17.33,43.93,17.834619883040933,4.58,27.87,30.977251461988295,8.48,75.91,26.943567251461985,12.31,32.5,2.7433333333333336,1.31,6.08,114.84,0.671578947368421,0.0,29.8,91.87200000000001,0.5372631578947369,0.0,23.840000000000003,16.023356607481205,9.00000132317845,19.28329380869877,0.08109750172933568,19,7,92,1,1059.5997825059749,6.1964899561752915,1.012665606340811,11.951500887461624,54.77818217218535,0.320340246620967,0.0,4.6578119959899205,1004.8216003337894,5.8761497095543245,0.0,11.951500887461624,547.7818217218535,10048.216003337895,10595.997825059749,967.7277825059748,0.05169704927895875,0.9483029507210412,3.25,244.0,244.0,793.0,4125.0,3271125.0,168.54825283749338,3091.758770257814,3260.307023095307
Sonora,Trincheras,64,Magdalena,140,Sorgo grano,2014,2015,30.286503,-111.652994,731.0,1382.6172830574815,8.085481187470652,1.6570232395006346,12.725542961875812,26.226286549707606,15.135000000000002,34.94,34.10877192982456,18.1,43.81,18.343801169590645,7.4,27.89,33.07766081871344,7.36,81.95,26.714444444444446,3.77,32.67,2.641345029239766,0.82,4.89,189.27999999999997,1.1069005847953215,0.0,26.7,151.42400000000004,0.8855204678362575,0.0,21.36,15.94487515443059,3.903655101282821,19.24952852161374,0.1368997786440449,30,14,85,0,1044.9084999655993,6.110576023190639,0.49710697185019037,12.725542961875812,83.215301922833,0.48663919253118715,0.0,3.8405856393177777,961.6931980427661,5.623936830659451,0.0,12.725542961875812,832.1530192283301,9616.93198042766,10449.08499965599,893.4844999655993,0.07963884103304035,0.9203611589669595,3.0,50.0,50.0,150.0,3400.0,510000.0,277.3843397427767,3205.643993475887,3483.0283332186636
Sonora,Trincheras,64,Magdalena,140,Sorgo grano,2015,2016,30.286503,-111.652994,731.0,1278.5162274700388,7.47670308462011,2.184163621965421,12.376447652985442,25.586871345029238,13.105,36.275,33.01538011695907,17.88,44.51,18.158362573099417,6.72,28.76,40.074152046783624,14.09,79.7,26.00508771929825,8.41,32.31,2.6883625730994156,1.07,5.31,179.56,1.0500584795321637,0.0,18.5,143.64800000000002,0.8400467836257312,0.0,14.8,16.022247052208204,6.205801624706284,19.764266900813084,0.14044405236476193,33,13,66,0,956.7773978729012,5.595189461245036,0.6552490865896262,11.008854607218964,87.67916630713921,0.5127436626148492,0.0,6.208,869.098231565762,5.082445798630188,0.0,11.008854607218964,876.7916630713921,8690.98231565762,9567.773978729012,813.1293978729012,0.09164008943152999,0.90835991056847,3.5,100.0,100.0,350.0,2894.29,1013001.5,250.51190373468347,2483.1378044736057,2733.649708208289
Sonora,Trincheras,64,Magdalena,140,Sorgo grano,2017,2018,30.286503,-111.652994,731.0,1356.6851220390752,7.933831123035527,4.272998982205589,12.35201552242291,26.557836257309937,15.5,36.82,34.54491228070176,19.81,46.33,18.57076023391813,7.53,27.85,34.95766081871345,7.98,75.53,26.919883040935673,14.09,33.35,2.543625730994152,1.12,4.87,215.88,1.2624561403508772,0.0,14.78,172.70399999999998,1.0099649122807017,0.0,11.824,16.16121963364476,8.631372228503722,19.73991104296909,0.15912314249863369,32,19,83,0,1015.8770176621576,5.940801272878115,1.3473108352252339,11.0027122953141,101.60407074596245,0.5941758523155699,0.0,4.26752250110484,914.2729469161951,5.346625420562544,0.0,11.0027122953141,1016.0407074596244,9142.729469161952,10158.770176621576,843.1730176621577,0.10001611315096423,0.8999838868490357,3.2,30.0,30.0,96.0,3800.0,364800.0,317.5127210811326,2857.1029591131096,3174.615680194242
Sonora,Trincheras,64,Magdalena,140,Sorgo grano,2018,2019,30.286503,-111.652994,731.0,1369.1133787694616,8.006510986955917,3.8075514738813836,12.40972686520903,26.412222222222223,12.08,37.045,34.399824561403506,21.36,45.52,18.424619883040933,2.34,29.6,34.39421052631579,9.71,76.46,26.52380116959064,7.26,32.84,2.589122807017544,0.67,5.1,197.88999999999996,1.1572514619883039,0.0,28.39,158.31200000000007,0.9258011695906436,0.0,22.712000000000003,15.967171929696692,6.218062169129121,19.803002539190057,0.144538796471232,24,12,85,1,1039.1704726818075,6.077020308080746,1.2431008129257464,11.517871382818138,68.62187613907597,0.401297521281146,0.0,4.524396116310531,970.5485965427313,5.675722786799598,0.0,11.517871382818138,686.2187613907597,9705.485965427313,10391.704726818072,880.8584726818074,0.06603524440218375,0.933964755597816,3.3,20.0,20.0,66.0,2084.85,137600.1,207.94507920932114,2941.0563531597923,3149.0014323691134
Sonora,Trincheras,64,Magdalena,140,Sorgo grano,2020,2021,30.286503,-111.652994,731.0,1346.4404497224516,7.873920758610828,1.9474985731247954,11.909312912320988,26.029122807017547,10.955,35.97,34.05578947368421,16.2,44.04,18.002456140350876,3.66,27.95,38.20163742690058,9.75,81.68,26.631169590643278,6.62,33.75,2.6587134502923977,1.21,5.51,193.89,1.133859649122807,0.0,23.53,155.11200000000002,0.9070877192982457,0.0,18.824,16.285365872648946,5.530889461398552,20.294023753961234,0.14400191262819495,31,13,100,2,998.8179399642664,5.841040584586353,0.5842495719374385,10.598778329303993,73.5599355754254,0.430175061844593,0.0,5.248,925.2580043888408,5.4108655227417595,0.0,10.365383359210503,735.599355754254,9252.580043888409,9988.179399642662,843.7059399642665,0.07364699073993111,0.9263530092600687,3.8,10.0,10.0,38.0,4100.0,155800.0,193.57877783006685,2434.889485233792,2628.468263063859
Sonora,Trincheras,64,Magdalena,140,Sorgo grano,2021,2022,30.286503,-111.652994,731.0,1342.311965527745,7.849777576185644,3.129273360444208,11.637663454509521,25.88926900584795,11.239999999999998,35.565,33.712456140350874,17.56,44.95,18.066081871345027,1.45,27.25,35.27169590643275,5.93,78.09,26.092397660818715,9.88,32.77,2.735029239766082,1.19,5.44,218.72,1.2790643274853801,0.0,19.16,174.976,1.0232514619883042,0.0,15.328000000000001,15.703300624319013,7.680360084047337,19.231800529122097,0.16294274774940842,41,16,78,3,1022.4609457265409,5.979303776178602,1.1414541168371926,11.339291530607516,107.33817853196965,0.6277086463857874,0.0,5.484805187215693,915.1227671945713,5.351595129792815,0.0,11.339291530607516,1073.3817853196965,9151.227671945713,10224.60945726541,847.4849457265409,0.10498022343112305,0.895019776568877,4.12,17.0,17.0,70.04,5250.0,367710.0,260.5295595436157,2221.171765035367,2481.7013245789826
Sonora,Trincheras,64,Magdalena,140,Sorgo grano,2023,2024,30.286503,-111.652994,731.0,1405.173946655224,8.217391500907743,3.0819408485425743,12.139317466325759,26.049736842105265,8.405,36.905,34.43374269005849,14.94,45.82,17.665730994152046,1.87,28.05,31.45964912280702,6.52,67.96,27.0293567251462,12.57,32.09,2.7435672514619887,1.18,5.36,92.67,0.5419298245614035,0.0,9.75,74.136,0.4335438596491228,0.0,7.800000000000001,16.179261014165494,8.491219878639237,19.989743149459336,0.06594913051198044,25,7,91,3,1036.5799574239322,6.061871096046388,0.9245822545627722,10.78139220472143,64.1442738693965,0.37511271268652924,0.0,4.808,972.4356835545354,5.686758383359856,0.0,10.78139220472143,641.442738693965,9724.356835545354,10365.799574239318,962.4439574239323,0.06188068118623992,0.9381193188137598,3.6,5.0,5.0,18.0,5500.0,99000.0,178.1785385261014,2701.2102320959316,2879.388770622033
Sonora,Trincheras,64,Magdalena,140,Sorgo forrajero en verde,2010,2011,30.286503,-111.652994,731.0,1208.8409811002377,8.005569411259852,2.163115483114229,12.018284411461025,23.98834437086093,10.31,36.295,32.522649006622515,15.33,44.34,15.454039735099341,2.97,28.95,32.37019867549669,11.98,77.42,27.40165562913907,9.82,33.08,2.8683443708609273,1.33,5.89,81.12,0.5372185430463576,0.0,13.6,64.896,0.4297748344370861,0.0,10.88,16.25716303412069,6.957191719702806,19.790748515756896,0.06710560054488547,15,6,64,3,1069.2505039014675,7.08112916491038,0.6489346449342687,10.842448931668214,46.150550226285404,0.3056327829555325,0.0,6.44487413577679,1023.0999536751823,6.7754963819548495,0.0,10.842448931668214,461.50550226285407,10230.999536751822,10692.505039014677,1004.3545039014675,0.04316158847519068,0.9568384115248095,28.0,223.0,223.0,6244.0,550.0,3434200.0,16.482339366530503,365.39284059827935,381.87517996480983
Sonora,Trincheras,64,Magdalena,140,Sorgo forrajero en verde,2011,2012,30.286503,-111.652994,731.0,1267.23969422134,8.392315855770462,2.785228307906362,13.577496375765355,25.18854304635762,11.08,36.465,33.78119205298013,15.57,46.18,16.5958940397351,4.34,28.44,28.275496688741725,7.07,66.67,27.743046357615892,12.04,33.0,2.837748344370861,1.59,5.01,60.35,0.39966887417218544,0.0,8.55,48.279999999999994,0.3197350993377483,0.0,6.840000000000001,16.23314798972649,8.46327121911477,19.863703100299713,0.04762319257769326,13,5,61,1,1104.1274906197225,7.31210258688558,1.3831709706539634,11.540871919400551,43.94696875067361,0.2910395281501564,0.0,6.840000000000001,1060.1805218690486,7.021063058735421,0.0,11.516406440075855,439.46968750673614,10601.805218690486,11041.274906197223,1055.8474906197225,0.03980244050078596,0.9601975594992137,20.3,236.0,236.0,4790.8,780.0,3736824.0,29.997930887831817,723.672711173412,753.6706420612438
Sonora,Trincheras,64,Magdalena,140,Sorgo forrajero en verde,2012,2013,30.286503,-111.652994,731.0,1252.875122111797,8.297186239150975,2.507724040220227,12.661765775301914,25.218675496688746,10.434999999999999,34.31,33.76450331125827,14.2,44.24,16.6728476821192,3.21,26.45,28.94291390728477,9.12,76.92,27.12655629139072,10.08,33.04,2.838145695364238,1.13,5.53,92.94000000000001,0.6154966887417219,0.0,9.49,74.352,0.4923973509933775,0.0,7.5920000000000005,15.930261913829547,7.265215849713202,19.31842058130174,0.0741813755894075,22,5,69,3,1103.7661726897609,7.309709752912323,0.7523172120660682,12.151465072767635,60.84489594920693,0.40294633078944986,0.0,5.464,1042.921276740554,6.906763422122874,0.0,12.151465072767635,608.4489594920693,10429.212767405541,11037.66172689761,1029.4141726897608,0.055124805828153246,0.9448751941718468,17.52,294.0,294.0,5150.88,745.0,3837405.6,50.619713768059015,867.654972329912,918.274686097971
Sonora,Trincheras,64,Magdalena,140,Sorgo forrajero en verde,2013,2014,30.286503,-111.652994,731.0,1261.761863740241,8.356038832716829,3.375552021136037,12.183870328085165,25.589205298013248,11.514999999999999,35.025,34.12251655629139,17.33,43.93,17.055894039735097,4.58,27.87,30.259205298013242,8.48,75.91,27.32827814569536,13.21,32.5,2.822317880794702,1.31,6.08,97.68999999999998,0.6469536423841058,0.0,29.8,78.15199999999999,0.5175629139072847,0.0,23.840000000000003,16.12868332777901,9.717276712407127,19.28329380869877,0.07742348442075868,15,7,73,1,1110.9835996838365,7.357507282674414,1.012665606340811,11.951500887461624,53.27198879273442,0.3527946277664531,0.0,7.045716708837136,1057.7116108911023,7.004712654907962,0.0,11.951500887461624,532.7198879273442,10577.116108911023,11109.835996838367,1032.8315996838364,0.04795029270269566,0.9520497072973045,17.98,162.0,162.0,2912.76,815.0,2373899.4,41.08907735652481,815.8207565685324,856.9098339250572
Sonora,Trincheras,64,Magdalena,140,Sorgo forrajero en verde,2014,2015,30.286503,-111.652994,731.0,1254.432989790428,8.30750324364522,1.6570232395006346,12.725542961875812,25.772880794701987,15.135000000000002,34.94,33.95543046357616,18.1,43.81,17.590331125827817,7.4,27.89,30.00258278145695,7.36,81.95,27.184635761589398,3.77,32.67,2.7390066225165564,1.02,4.89,81.19999999999999,0.5377483443708608,0.0,26.7,64.96,0.4301986754966887,0.0,21.36,16.007717477103913,3.903655101282821,19.24952852161374,0.06473044049452627,14,4,74,0,1110.580565311252,7.354838180869219,0.49710697185019037,12.725542961875812,41.47636269806775,0.27467789866270037,0.0,5.93545053349111,1069.1042026131845,7.08016028220652,0.0,12.725542961875812,414.76362698067754,10691.042026131845,11105.805653112522,1045.620565311252,0.03734655908231526,0.9626534409176849,17.55,198.0,198.0,3474.9,858.0,2981464.2,23.633255098614104,609.1761838251763,632.8094389237904
Sonora,Trincheras,64,Magdalena,140,Sorgo forrajero en verde,2015,2016,30.286503,-111.652994,731.0,1138.2128418338266,7.53783338962799,2.184163621965421,12.376447652985442,24.8148344370861,13.105,35.595,32.42781456953642,17.88,44.51,17.201854304635766,6.72,26.81,38.60284768211921,14.09,79.7,26.1723178807947,8.41,32.31,2.7927152317880792,1.44,5.31,146.26,0.9686092715231788,0.0,18.5,117.00800000000001,0.7748874172185432,0.0,14.8,15.970034598254914,6.205801624706284,19.764266900813084,0.12849969234607636,27,11,51,0,1004.8799508217381,6.65483411140224,0.6552490865896262,11.008854607218964,80.27162632189625,0.5316001743171938,0.0,6.267202699689328,924.6083244998417,6.123233937085044,0.0,11.008854607218964,802.7162632189625,9246.083244998417,10048.79950821738,887.8719508217381,0.07988180703202838,0.9201181929679715,17.11,270.0,270.0,4619.7,912.81,4216908.36,63.30569899203174,729.1863757885187,792.4920747805504
Sonora,Trincheras,64,Magdalena,140,Sorgo forrajero en verde,2016,2017,30.286503,-111.652994,731.0,1239.9804361893616,8.211790968141468,3.1724425013189466,14.132258247996194,25.71453642384106,11.219999999999999,36.89,34.01953642384107,16.49,47.58,17.40953642384106,5.95,28.44,31.679271523178805,9.11,69.3,27.29834437086092,12.13,32.47,2.777086092715232,1.32,4.33,78.57000000000001,0.5203311258278146,0.0,11.54,62.855999999999995,0.41626490066225164,0.0,9.232,16.268194859649476,8.524459691943775,19.68191404880316,0.06336390293499866,18,5,60,0,1085.076971714612,7.185940210030543,0.951732750395684,14.132258247996194,50.249867969196856,0.3327805825774626,0.0,6.24,1034.8271037454153,6.853159627453082,0.0,14.132258247996194,502.49867969196856,10348.271037454153,10850.769717146122,1022.220971714612,0.046309957062118136,0.9536900429378821,19.6,340.0,340.0,6664.0,813.87,5423629.68,25.63768773938615,527.9730121150078,553.6106998543939
Sonora,Trincheras,64,Magdalena,140,Sorgo forrajero en verde,2017,2018,30.286503,-111.652994,731.0,1215.835487440067,8.051890645298457,4.272998982205589,12.35201552242291,26.115132450331124,15.5,36.82,34.33132450331125,19.81,46.33,17.898940397350994,7.53,27.85,32.274503311258286,7.98,75.48,27.04523178807947,14.09,33.35,2.6143046357615893,1.34,4.87,166.66,1.1037086092715231,0.0,14.78,133.32799999999997,0.8829668874172184,0.0,11.824,16.028093272783487,8.631372228503722,19.73991104296909,0.13707446584809055,23,15,67,0,1068.1289980043268,7.073701973538588,1.3473108352252339,11.0027122953141,95.85330279227067,0.6347900847170242,0.0,6.380889065285074,972.275695212056,6.438911888821563,0.0,11.0027122953141,958.5330279227067,9722.75695212056,10681.289980043268,934.8009980043269,0.08973944436614048,0.9102605556338593,19.65,250.0,250.0,4912.5,829.13,4073101.13,65.74300603036397,666.8557580329604,732.5987640633243
Sonora,Trincheras,64,Magdalena,140,Sorgo forrajero en verde,2018,2019,30.286503,-111.652994,731.0,1237.6586098710527,8.196414634907633,3.8075514738813836,12.40972686520903,25.92049668874172,12.08,37.045,34.24688741721854,21.36,45.52,17.5941059602649,2.34,29.6,31.191589403973513,9.71,75.76,26.817880794701985,7.26,32.84,2.699933774834437,0.67,5.1,110.54999999999998,0.7321192052980131,0.0,18.24,88.44000000000001,0.5856953642384106,0.0,14.591999999999999,15.923927766185793,6.218062169129121,19.803002539190057,0.08932188498370952,14,7,75,1,1101.5716103153225,7.2951762272537914,1.2431008129257464,11.517871382818138,55.730184229135844,0.36907406774262147,0.0,6.992248543389002,1045.8414260861864,6.926102159511168,0.0,11.517871382818138,557.3018422913584,10458.414260861864,11015.716103153223,1013.1316103153224,0.05059152188316037,0.9494084781168395,19.55,230.0,230.0,4496.5,895.31,4025761.42,38.23683309031619,717.5584398533011,755.7952729436173
Sonora,Trincheras,64,Magdalena,140,Sorgo forrajero en verde,2019,2020,30.286503,-111.652994,731.0,1164.3844790189328,7.711155490191608,2.4032961781000415,12.417452648128066,24.53503311258278,11.785,36.445,32.54390728476821,15.61,44.09,16.526158940397348,3.32,28.84,36.033112582781456,10.32,79.01,26.633245033112583,7.47,32.54,2.7346357615894035,1.25,4.84,75.78,0.5018543046357616,0.0,28.59,60.624,0.4014834437086093,0.0,22.872,16.07961541012046,5.836630244496411,19.76110483149051,0.06508159578342149,15,3,60,2,1029.454602704961,6.8175801503639795,0.7209888534300124,10.554834750908856,38.10331492904807,0.2523398339672058,0.0,4.328,991.3512877759127,6.565240316396773,0.0,10.554834750908856,381.03314929048065,9913.512877759127,10294.546027049608,968.8306027049609,0.03701310852263816,0.9629868914773617,19.6,200.0,200.0,3920.0,842.57,3302874.4,26.369076075465788,686.0562545162026,712.4253305916684
Sonora,Trincheras,64,Magdalena,140,Sorgo forrajero en verde,2020,2021,30.286503,-111.652994,731.0,1185.2771755041485,7.84951771857052,1.9474985731247954,11.909312912320988,25.08847682119205,10.955,35.715,33.19033112582781,16.2,44.04,16.986622516556288,3.66,27.83,37.493046357615896,9.75,81.68,26.798410596026493,6.62,33.75,2.717086092715232,1.21,5.51,144.73,0.9584768211920529,0.0,23.53,115.78399999999999,0.7667814569536423,0.0,18.824,16.24479342104166,5.530889461398552,20.294023753961234,0.1221064599834551,23,9,80,2,1058.861384193256,7.0123270476374575,0.5842495719374385,10.598778329303993,53.92445128156319,0.3571155714010807,0.0,6.441046749207419,1004.9369329116928,6.655211476236376,0.0,10.365383359210503,539.2445128156319,10049.369329116927,10588.61384193256,943.0773841932561,0.050926827709982164,0.9490731722900178,17.69,195.0,195.0,3450.0,852.2,2940090.0,60.96602745230433,1136.16385857738,1197.1298860296845
Sonora,Trincheras,64,Magdalena,140,Sorgo forrajero en verde,2021,2022,30.286503,-111.652994,731.0,1213.8651657113564,8.038842157028851,3.129273360444208,11.637663454509521,25.391291390728476,11.239999999999998,35.565,33.517748344370865,17.56,44.95,17.26483443708609,1.45,27.09,31.756291390728475,5.93,78.09,26.477417218543046,9.88,32.77,2.7898013245033115,1.19,5.44,146.76,0.9719205298013245,0.0,19.16,117.40799999999999,0.7775364238410595,0.0,15.328000000000001,15.69975977449906,7.680360084047337,19.231800529122097,0.12090304932178758,24,11,69,3,1074.5700458201486,7.116357919338732,1.1414541168371926,11.339291530607516,86.26448443091006,0.5712879763636428,0.0,8.136000000000001,988.3055613892384,6.545069942975089,0.0,11.339291530607516,862.6448443091006,9883.055613892384,10745.700458201485,957.1620458201486,0.08027813986297194,0.919721860137028,22.37,130.0,130.0,2908.1,859.3,2498930.33,59.02462157434831,676.2268637627358,735.2514853370841
Sonora,Trincheras,64,Magdalena,140,Sorgo forrajero en verde,2022,2023,30.286503,-111.652994,731.0,1261.1415934591496,8.351931082510925,4.396483852671236,12.078547100256541,25.90609271523179,12.225,34.05,34.31940397350993,20.18,42.55,17.49278145695364,2.79,27.73,28.589602649006615,7.04,75.97,27.12079470198675,10.55,32.61,2.8094701986754966,0.97,4.9,151.94000000000003,1.006225165562914,0.0,22.97,121.552,0.8049801324503312,0.0,18.376,15.902316933834896,7.544668743101446,19.43373983474139,0.12047814518847809,26,8,79,3,1112.9787523391792,7.37072021416675,1.3189451558013707,11.650192812257643,79.56321339355914,0.5269086979705904,0.0,6.520493385229861,1033.41553894562,6.843811516196159,0.0,11.650192812257643,795.6321339355914,10334.1553894562,11129.787523391791,991.4267523391792,0.07148673164365345,0.9285132683563465,25.71,175.0,175.0,4499.25,872.28,3924605.79,46.17714068111383,599.7768653195706,645.9540060006844
Sonora,Trincheras,64,Magdalena,140,Sorgo forrajero en verde,2023,2024,30.286503,-111.652994,731.0,1237.876255472192,8.197855996504583,3.0819408485425743,12.139317466325759,25.115894039735103,8.405,36.905,33.65476821192053,14.94,45.82,16.57701986754967,1.87,28.05,30.267019867549667,6.52,67.96,27.282185430463574,12.57,32.09,2.776887417218543,1.22,5.36,55.41999999999999,0.3670198675496688,0.0,6.01,44.336,0.2936158940397351,0.0,4.808,16.170702488714586,8.491219878639237,19.989743149459336,0.044770226228194224,17,4,72,3,1095.472620289277,7.25478556482965,0.9245822545627722,10.78139220472143,41.16331881863191,0.2726047603882908,0.0,4.808,1054.309301470645,6.9821808044413585,0.0,10.78139220472143,411.6331881863191,10543.09301470645,10954.726202892769,1051.136620289277,0.03757585361445371,0.9624241463855462,24.42,32.0,32.0,781.44,932.01,728309.89,25.153265394825485,644.2464414730491,669.3997068678746
Sonora,Trincheras,64,Magdalena,140,Trigo grano,2010,2011,30.286503,-111.652994,731.0,497.1265570281225,4.560794101175436,1.0476812987049868,8.422347385957034,15.5798623853211,8.89,22.515,23.24678899082569,12.93,32.32,7.9129357798165145,1.72,15.43,45.19018348623854,19.62,86.71,19.25100917431193,4.48,29.1,2.638165137614679,1.28,9.06,106.66999999999999,0.9786238532110091,0.0,22.9,85.336,0.7828990825688074,0.0,18.32,10.608718566188037,3.963335618932405,17.49781811035804,0.21457312728912542,13,8,0,11,479.2179420147505,4.3964948808692705,0.5266206186877082,9.685699493850588,19.048023294194113,0.17475250728618452,0.0,3.3212712833939175,460.1699187205564,4.221742373583086,0.0,9.685699493850588,190.48023294194113,4601.699187205564,4792.179420147505,393.8819420147505,0.03974814301424425,0.9602518569857557,6.62,634.0,634.0,4197.0,2750.0,11541750.0,28.773449084885367,695.1207231428344,723.8941722277198
Sonora,Trincheras,64,Magdalena,140,Trigo grano,2011,2012,30.286503,-111.652994,731.0,831.6618378636147,4.8352432433931085,2.1346661312381774,9.591460949401565,16.899651162790697,0.7849999999999997,26.655,25.001453488372093,6.47,37.17,8.797848837209303,-4.9,16.64,33.884651162790696,10.22,74.82,18.36732558139535,7.15,29.35,2.479593023255814,1.14,5.59,23.910000000000004,0.13901162790697677,0.0,7.75,19.128,0.11120930232558139,0.0,6.2,9.233106454747281,4.53802121284706,17.26850302794888,0.028749665923616705,5,3,2,25,644.5181115065534,3.74719832271252,0.6963070769765906,10.208091011265738,10.208354491796433,0.05935089820811879,0.0,3.393181363895937,634.309757014757,3.687847424504401,0.0,10.208091011265738,0.0,0.0,0.0,625.3901115065534,0.015838739531980763,0.9841612604680193,5.93,610.0,610.0,3617.3,3611.0,13062070.3,0.0,0.0,0.0
Sonora,Trincheras,64,Magdalena,140,Trigo grano,2012,2013,30.286503,-111.652994,731.0,790.4228342350889,4.568918116965832,1.2962489418484908,9.149204716638721,16.16664739884393,5.645,25.71,24.020173410404624,12.25,34.94,8.313121387283237,-0.96,18.98,39.09768786127167,12.59,84.63,17.954797687861273,3.16,29.72,2.491040462427746,1.12,5.53,75.99000000000001,0.43924855491329484,0.0,16.73,60.79200000000001,0.35139884393063586,0.0,13.384,9.241728354661184,3.2899334623246386,16.759775747287595,0.09613841694431481,12,5,0,28,601.7385038480926,3.4782572476768356,0.5550851021064126,9.064263079194754,25.654256732307584,0.1482905013428184,0.0,3.9533567593992918,576.084247115785,3.3299667463340175,0.0,9.064263079194754,0.0,0.0,0.0,540.9465038480926,0.04263356353008771,0.9573664364699124,5.08,659.0,659.0,3347.72,3768.0,12614208.96,0.0,0.0,0.0
Sonora,Trincheras,64,Magdalena,140,Trigo grano,2013,2014,30.286503,-111.652994,731.0,768.4767916139976,4.4678883233371955,1.834920322001854,9.484906627631089,16.529476744186045,2.77,25.4,24.184651162790704,9.24,34.44,8.874302325581397,-4.6,17.56,38.95046511627907,9.71,83.88,17.69889534883721,5.93,31.08,2.398023255813954,1.09,6.08,84.35999999999999,0.4904651162790697,0.0,17.42,67.488,0.3923720930232558,0.0,13.936000000000002,9.204839114924859,4.418940567929248,17.636011059309237,0.10977559884771852,10,6,0,41,575.5959162645897,3.3464878852592426,0.8342360658942267,8.93134319499184,26.450860477667128,0.15378407254457632,0.0,3.2190113647679177,549.1450557869225,3.1927038127146656,0.0,8.93134319499184,0.0,0.0,0.0,508.10791626458973,0.04595387098873753,0.9540461290112623,5.37,600.5,600.5,3224.69,3580.0,11544390.2,0.0,0.0,0.0
Sonora,Trincheras,64,Magdalena,140,Trigo grano,2014,2015,30.286503,-111.652994,731.0,817.215112891376,4.751250656345209,1.5050781913866875,9.806342826463075,18.189447674418602,9.194999999999999,27.08,25.9375,12.09,37.17,10.44139534883721,2.15,19.54,37.21738372093023,7.36,84.68,17.682267441860468,3.77,29.67,2.3495930232558138,1.19,4.77,68.95,0.4008720930232558,0.0,26.7,55.16,0.32069767441860464,0.0,21.36,9.107572627013903,3.903655101282821,16.927089062928516,0.08437191005443975,5,4,6,11,632.8192753678452,3.679181833533984,0.4699420837927663,8.329505786242617,8.021751122279097,0.046638087920227306,0.0,1.9055767254257296,624.7975242455661,3.6325437456137566,0.0,8.329505786242617,0.0,0.0,0.0,577.6592753678452,0.012676211731408172,0.9873237882685919,6.02,618.0,618.0,3720.36,3200.0,11905152.0,0.0,0.0,0.0
Sonora,Trincheras,64,Magdalena,140,Trigo grano,2015,2016,30.286503,-111.652994,731.0,736.2840765545428,4.28072137531711,1.1145422614219525,8.5154177217239,17.828720930232556,3.875,27.03,25.13127906976744,10.42,35.64,10.526162790697674,-2.67,19.82,47.21325581395348,16.25,88.6,17.119360465116277,4.27,30.0,2.3379069767441862,1.1,5.85,109.76000000000002,0.638139534883721,0.0,28.28,87.80799999999999,0.5105116279069767,0.0,22.624000000000002,9.22291900388013,3.7260731277223744,16.50984962482066,0.14907289658310185,14,6,2,12,549.5014999791377,3.1947761626694056,0.8032310521532459,9.792730379982483,29.822467399706348,0.17338643837038575,0.0,3.048,519.6790325794314,3.0213897242990195,0.0,9.792730379982483,0.0,0.0,0.0,461.69349997913775,0.054271858040130155,0.9457281419598698,5.6,661.44,651.44,3646.76,3236.6,11803103.42,0.0,0.0,0.0
Sonora,Trincheras,64,Magdalena,140,Trigo grano,2016,2017,30.286503,-111.652994,731.0,811.5705101501147,4.691159018208755,1.1951985888279697,9.023304391931743,17.257601156069363,6.5649999999999995,25.455000000000002,25.251329479768785,12.2,34.6,9.263872832369943,-1.0,17.03,37.825722543352605,12.73,86.54,18.02236994219653,5.51,29.98,2.4110982658959537,1.3,4.81,71.18,0.41144508670520236,0.0,12.96,56.944,0.32915606936416186,0.0,10.368000000000002,9.253174785616103,4.058197086319179,16.851298930123363,0.08770648897387114,15,4,0,25,631.2537766843842,3.6488657611814115,0.7834981054875044,8.13749797921075,28.313210596237433,0.16366017685686376,0.0,3.648308876516788,602.9405660881466,3.485205584324547,0.0,8.13749797921075,0.0,0.0,0.0,574.3097766843842,0.04485234249995393,0.9551476575000458,6.0,531.7,531.7,3190.2,3286.87,10485772.67,0.0,0.0,0.0
Sonora,Trincheras,64,Magdalena,140,Trigo grano,2017,2018,30.286503,-111.652994,731.0,788.5410529908527,4.584541005760771,1.386401252858164,9.360563933484766,18.43104651162791,8.155,28.729999999999997,25.85093023255814,13.35,35.89,11.011162790697675,0.45,21.84,42.236686046511636,12.78,82.43,17.510232558139535,4.7,29.2,2.3878488372093027,1.13,5.7,111.78,0.6498837209302326,0.0,17.26,89.424,0.5199069767441861,0.0,13.808000000000002,9.249306304240802,3.763452117422939,16.81870678300447,0.14175546038602593,12,9,7,15,577.3027213778767,3.3564111708016084,0.7417954508131087,7.836610032118902,31.92247954817092,0.1855958113265751,0.0,4.831436929871183,545.3802418297057,3.170815359475033,0.0,7.836610032118902,0.0,0.0,0.0,487.8787213778767,0.05529591038819283,0.9447040896118072,5.9,670.0,670.0,3953.0,3234.98,12787875.94,0.0,0.0,0.0
Sonora,Trincheras,64,Magdalena,140,Trigo grano,2018,2019,30.286503,-111.652994,731.0,836.789216556231,4.86505358462925,1.1324018343934452,9.705328131891193,19.343953488372094,8.78,28.005000000000003,26.933604651162792,14.94,36.87,11.754302325581396,0.34,20.08,34.3003488372093,9.89,91.35,17.339302325581393,4.05,29.67,2.3078488372093022,0.68,4.45,94.05000000000001,0.5468023255813954,0.0,28.55,75.24,0.43744186046511624,0.0,22.840000000000003,8.91893374430384,3.9966546497263566,17.028282884245787,0.1123938957854388,12,5,5,13,635.4922520376756,3.694722395567881,1.007156831972756,9.182744310027843,27.604883013542402,0.16049350589268838,0.0,3.7626386367026963,607.8873690241332,3.534228889675193,0.0,9.182744310027843,0.0,0.0,0.0,560.2522520376756,0.043438583122026524,0.9565614168779736,5.95,547.0,547.0,3254.65,3800.0,12367670.0,0.0,0.0,0.0
Sonora,Trincheras,64,Magdalena,140,Trigo grano,2019,2020,30.286503,-111.652994,731.0,683.9414898773343,3.9764040109147345,1.2841812707833142,10.075494077990408,16.07226744186047,3.9549999999999996,27.57,23.329534883720928,9.29,37.47,8.815000000000001,-1.49,19.24,48.414302325581396,21.18,85.24,16.884476744186045,4.3,29.41,2.325406976744186,1.04,5.44,122.72,0.7134883720930233,0.0,28.59,98.17600000000002,0.5707906976744187,0.0,22.872,9.160913211666678,3.727078894880642,17.11395679196178,0.1794305533679642,23,5,3,29,505.67538107152257,2.9399731457646663,0.5028301325876089,7.32282468836796,45.41149534629777,0.264020321780801,0.0,2.7637906048150476,460.26388572522484,2.6759528239838652,0.0,7.32282468836796,0.0,0.0,0.0,407.4993810715225,0.08980365081264413,0.9101963491873559,5.8,400.0,400.0,2320.0,3850.0,8932000.0,0.0,0.0,0.0
Sonora,Trincheras,64,Magdalena,140,Trigo grano,2020,2021,30.286503,-111.652994,731.0,623.2982998684628,3.6028803460604784,1.2613996473694653,7.372159259874083,15.779104046242773,5.65,24.07,22.71971098265896,10.98,31.31,8.838497109826589,-0.93,17.68,54.88739884393064,27.82,85.75,16.459421965317922,3.43,29.7,2.253236994219653,1.02,5.36,276.87,1.6004046242774568,0.0,48.41,166.12199999999999,0.9602427745664739,0.0,29.045999999999996,9.13616454505597,3.4871087548295825,17.752231634464273,0.44420143622793296,26,17,0,25,471.2437700696673,2.723952428148366,0.3784198942108396,6.952727532979258,43.53021781865728,0.2516197561772097,0.0,3.3125820219647357,427.71355225101,2.4723326719711562,0.0,6.952727532979258,0.0,0.0,0.0,305.12177006966726,0.09237303617238675,0.9076269638276133,5.75,200.0,200.0,1150.0,4700.0,5405000.0,0.0,0.0,0.0
Sonora,Trincheras,64,Magdalena,140,Trigo grano,2021,2022,30.286503,-111.652994,731.0,864.037072782766,5.0234713533881745,1.7652263810507496,9.751156410885756,17.6006976744186,7.165,28.11,25.67877906976744,11.17,37.84,9.522616279069767,1.45,20.5,31.196744186046512,11.83,81.4,18.09639534883721,8.56,29.37,2.5313372093023254,1.33,5.2,45.760000000000005,0.266046511627907,0.0,12.69,36.608000000000004,0.2128372093023256,0.0,10.152000000000001,8.992555305892292,4.403620324189543,16.46323776823293,0.05296069050905743,8,4,13,22,653.0756012778522,3.796951170220071,1.006332583204207,8.151419870838037,18.72096075948183,0.10884279511326646,0.0,3.0063953509404846,634.3546405183704,3.6881083751068044,0.0,8.151419870838037,0.0,0.0,0.0,616.4676012778523,0.02866584010006058,0.9713341598999394,7.9,314.5,314.5,2484.55,5790.0,14385544.5,0.0,0.0,0.0
Sonora,Trincheras,64,Magdalena,140,Trigo grano,2022,2023,30.286503,-111.652994,731.0,829.9151236170761,4.825087928006257,1.3688408703935122,10.719882098778315,17.99031976744186,7.32,27.619999999999997,25.865116279069767,13.91,37.78,10.115523255813953,-1.52,18.48,35.31639534883721,7.16,83.27,17.88081395348837,2.53,29.89,2.422441860465116,1.07,5.27,49.61,0.28843023255813954,0.0,26.21,39.68800000000001,0.23074418604651167,0.0,20.968000000000004,9.117900959635916,3.102517896225841,16.994732502550182,0.05977719719551721,10,1,7,15,616.8755287528132,3.586485632283798,0.950222589163148,9.199537903073898,17.625474447021567,0.10247368864547422,0.0,2.0275770796191894,599.2500543057917,3.4840119436383237,0.0,9.199537903073898,0.0,0.0,0.0,577.1875287528133,0.028572173194576875,0.9714278268054231,7.3,300.0,300.0,2190.0,9500.0,20805000.0,0.0,0.0,0.0
Sonora,Trincheras,64,Magdalena,140,Trigo grano,2023,2024,30.286503,-111.652994,731.0,691.0226141697545,4.0175733381962475,1.2193362423111067,8.926962056850101,15.298779069767443,6.87,26.32,22.667093023255816,10.97,37.26,7.93046511627907,-0.56,16.0,46.251802325581394,16.68,83.68,17.289069767441863,2.76,29.41,2.4299999999999997,1.1,5.36,83.63000000000001,0.4862209302325582,0.0,12.46,66.904,0.3889767441860465,0.0,9.968000000000002,9.192630008622077,3.1829400457216757,17.28064064259965,0.12102353567759754,15,7,2,31,515.869816134568,2.999243117061442,0.786131685016456,7.733800306675296,35.37482856709768,0.20566760794824232,0.0,4.192,480.4949875674704,2.7935755091131997,0.0,7.733800306675296,0.0,0.0,0.0,448.96581613456806,0.06857316993687013,0.9314268300631299,6.5,290.0,290.0,1885.0,9975.0,18802875.0,0.0,0.0,0.0
Sonora,Trincheras,64,Magdalena,140,Trigo forrajero verde,2010,2011,30.286503,-111.652994,731.0,339.6213304023892,3.949085237237084,1.0476812987049868,7.326969688572642,14.5853488372093,8.89,19.945,21.85848837209302,12.93,30.17,7.312209302325582,1.72,12.09,48.09872093023255,19.62,86.71,17.38930232558139,4.48,26.45,2.5770930232558142,1.28,9.06,106.66999999999999,1.2403488372093021,0.0,22.9,85.336,0.9922790697674418,0.0,18.32,9.363950657766376,3.963335618932405,14.96937069411527,0.3140851014087234,13,8,0,11,298.08693139515714,3.4661271092460133,0.5266206186877082,8.426015141858537,19.048023294194117,0.22148864295574555,0.0,3.3212712833939175,279.03890810096306,3.2446384662902683,0.0,8.426015141858537,190.48023294194115,2790.3890810096304,2980.8693139515717,212.75093139515712,0.06390090033481952,0.9360990996651806,28.0,18.0,18.0,504.0,600.0,302400.0,6.802865462212184,99.65675289320109,106.45961835541327
Sonora,Trincheras,64,Magdalena,140,Trigo forrajero verde,2011,2012,30.286503,-111.652994,731.0,662.4803069083445,4.446176556431842,2.1346661312381774,8.934168092138929,16.268859060402686,0.7849999999999997,25.045,24.221275167785237,6.47,33.46,8.316442953020134,-4.9,16.64,34.445838926174495,10.22,74.82,17.169597315436242,7.15,26.25,2.4053691275167783,1.14,5.59,16.16,0.10845637583892617,0.0,6.04,12.928,0.08676510067114095,0.0,4.832000000000001,8.343244462283993,4.53802121284706,14.967027909670488,0.024393177927681056,4,2,0,24,611.2313651416526,4.102223927125186,0.7724148053125417,8.329096659295352,9.512047414819842,0.06383924439476403,0.0,3.393181363895937,601.7193177268327,4.038384682730421,0.0,8.329096659295352,0.0,0.0,0.0,598.3033651416526,0.015562106196260769,0.9844378938037391,20.5,5.0,5.0,102.5,850.0,87125.0,0.0,0.0,0.0
Sonora,Trincheras,64,Magdalena,140,Trigo forrajero verde,2013,2014,30.286503,-111.652994,731.0,601.4314541722418,4.0364527125653815,1.834920322001854,8.14985897703194,15.93979865771812,2.77,25.4,23.438523489932884,9.24,34.44,8.441073825503356,-4.6,17.44,40.42302013422818,14.7,83.88,16.29342281879195,5.93,26.52,2.3024161073825504,1.09,4.79,81.88999999999999,0.5495973154362416,0.0,17.42,65.512,0.4396778523489933,0.0,13.936000000000002,8.258284440291021,4.418940567929248,14.53730434139231,0.13615849226360516,9,6,0,41,549.8548215429792,3.6903008157246924,0.8342360658942267,7.334873079328746,24.984698090894007,0.16768253752277856,0.0,3.2190113647679177,524.8701234520851,3.522618278201913,0.0,7.334873079328746,0.0,0.0,0.0,484.34282154297915,0.045438717843344564,0.9545612821566553,15.6,11.0,11.0,171.6,835.0,143286.0,0.0,0.0,0.0
Sonora,Trincheras,64,Magdalena,140,Trigo forrajero verde,2014,2015,30.286503,-111.652994,731.0,647.1546305723042,4.343319668270498,1.5050781913866875,7.243048509776189,17.67895973154362,9.194999999999999,26.134999999999998,25.24751677852349,12.09,35.54,10.11040268456376,2.15,19.54,39.102348993288594,11.0,84.68,16.44644295302013,3.77,26.01,2.3002013422818792,1.19,4.77,68.55000000000001,0.4600671140939598,0.0,26.7,54.84,0.3680536912751678,0.0,21.36,8.277124710945724,3.903655101282821,15.247361650988486,0.10592522522689601,5,4,1,11,602.0000835001874,4.0402690167797815,0.4699420837927663,7.879141869644297,7.701751122279095,0.05168960484751071,0.0,1.9055767254257296,594.2983323779082,3.9885794119322697,0.0,7.879141869644297,0.0,0.0,0.0,547.1600835001874,0.012793604740881565,0.9872063952591182,18.35,28.0,28.0,513.8,795.0,408471.0,0.0,0.0,0.0
Sonora,Trincheras,64,Magdalena,140,Trigo forrajero verde,2015,2016,30.286503,-111.652994,731.0,573.6951627320902,3.8503031055844983,1.1145422614219525,8.5154177217239,17.203456375838925,3.875,24.77,24.354093959731546,10.42,35.04,10.052818791946308,-2.67,17.09,49.82704697986577,25.42,88.6,15.7496644295302,4.27,26.09,2.306442953020134,1.1,5.85,106.78,0.7166442953020135,0.0,28.28,85.42399999999999,0.5733154362416106,0.0,22.624000000000002,8.330276558250223,3.7260731277223744,14.576972147516468,0.18612672188394444,13,6,1,12,524.0478725835048,3.517099815996677,0.8032310521532459,7.663875949551509,28.27682334809709,0.18977733790669188,0.0,2.5913170631226965,495.7710492354078,3.3273224780899855,0.0,7.663875949551509,0.0,0.0,0.0,438.62387258350486,0.053958473695723846,0.9460415263042763,18.25,14.0,14.0,255.5,785.0,200567.5,0.0,0.0,0.0
Sonora,Trincheras,64,Magdalena,140,Trigo forrajero verde,2016,2017,30.286503,-111.652994,731.0,654.5931374590377,4.363954249726918,1.1951985888279697,8.183667338490489,16.752533333333336,6.5649999999999995,25.455000000000002,24.720266666666667,12.2,34.6,8.7848,-1.0,17.03,38.749,12.73,86.54,16.9182,5.51,26.91,2.3692666666666664,1.3,4.81,67.16,0.4477333333333333,0.0,12.96,53.72800000000001,0.3581866666666667,0.0,10.368000000000002,8.430355675481477,4.058197086319179,14.795483384769849,0.10259808139861938,14,4,0,25,616.9798559404346,4.113199039602898,0.7834981054875044,8.13749797921075,25.21873758390489,0.1681249172260326,0.0,3.0409284468560775,591.7611183565298,3.945074122376865,0.0,8.13749797921075,0.0,0.0,0.0,563.2518559404346,0.04087449102445185,0.9591255089755483,21.0,10.0,10.0,210.0,755.15,158581.5,0.0,0.0,0.0
Sonora,Trincheras,64,Magdalena,140,Trigo forrajero verde,2017,2018,30.286503,-111.652994,731.0,613.0685950016707,4.114554328870273,1.386401252858164,8.722498672809632,17.861308724832213,8.155,28.729999999999997,25.02798657718121,13.35,35.89,10.694630872483222,0.45,21.84,44.96302013422819,14.72,82.43,15.95013422818792,4.7,26.29,2.35496644295302,1.13,5.7,111.48,0.7481879194630873,0.0,17.26,89.18400000000001,0.5985503355704699,0.0,13.808000000000002,8.294980382722823,3.763452117422939,15.081244374939251,0.18183935844845583,12,9,4,15,545.6999876998435,3.6624160248311646,0.7417954508131087,6.885160296515093,31.68247954817092,0.2126340909273216,0.0,4.831436929871183,514.0175081516726,3.449781933903843,0.0,6.885160296515093,0.0,0.0,0.0,456.5159876998435,0.05805842085816123,0.9419415791418387,21.5,20.0,20.0,430.0,800.0,344000.0,0.0,0.0,0.0
Sonora,Trincheras,64,Magdalena,140,Trigo forrajero verde,2018,2019,30.286503,-111.652994,731.0,657.1251103668378,4.410235640045891,1.1324018343934452,7.9849950521981246,18.83298657718121,8.78,27.755,26.17704697986577,14.94,35.81,11.488926174496644,0.34,20.08,35.74429530201342,14.94,91.35,15.858926174496645,4.05,25.76,2.2381208053691273,0.68,4.41,94.05000000000001,0.6312080536912752,0.0,28.55,75.24000000000001,0.5049664429530202,0.0,22.840000000000003,7.9452507916721755,3.9966546497263566,14.685614906781083,0.1431234304035299,12,5,2,13,603.9605625880372,4.053426594550585,1.007156831972756,9.182744310027843,27.604883013542405,0.18526767123182822,0.0,3.7626386367026963,576.3556795744948,3.868158923318757,0.0,9.182744310027843,0.0,0.0,0.0,528.7205625880372,0.04570643304134372,0.9542935669586564,22.0,22.0,22.0,484.0,723.8,350319.2,0.0,0.0,0.0
Sonora,Trincheras,64,Magdalena,140,Trigo forrajero verde,2019,2020,30.286503,-111.652994,731.0,526.5803682708165,3.534096431347762,1.2841812707833142,6.367673642059096,15.374463087248323,3.9549999999999996,22.69,22.461543624161074,9.29,30.76,8.287382550335572,-1.49,16.05,50.01939597315437,27.98,85.24,15.38476510067114,4.3,25.77,2.2540939597315437,1.04,5.44,121.37,0.8145637583892618,0.0,28.59,97.09600000000002,0.6516510067114095,0.0,22.872,8.161403814921057,3.727078894880642,14.68229945599419,0.23048713418343822,22,5,0,29,481.2658054787536,3.229971848850695,0.5028301325876089,7.32282468836796,43.73067130177276,0.2934944382669313,0.0,2.64,437.5351341769808,2.936477410583764,0.0,7.32282468836796,0.0,0.0,0.0,384.1698054787536,0.09086594311073143,0.9091340568892686,21.0,25.0,25.0,525.0,765.0,401625.0,0.0,0.0,0.0
Sonora,Trincheras,64,Magdalena,140,Trigo forrajero verde,2022,2023,30.286503,-111.652994,731.0,647.9970191474921,4.348973282869075,1.3688408703935122,8.465381063753497,17.301476510067115,7.32,26.1,25.007986577181207,13.91,35.73,9.59496644295302,-1.52,17.99,36.90657718120805,8.69,83.27,16.56228187919463,2.53,26.87,2.330536912751678,1.07,5.27,47.720000000000006,0.32026845637583895,0.0,26.21,38.17600000000001,0.2562147651006712,0.0,20.968000000000004,8.23841400934218,3.102517896225841,14.42927404537689,0.07364231406925399,9,1,1,15,588.7138149249007,3.951099429026179,0.950222589163148,7.72925878859825,16.30055396928708,0.10939969106904081,0.0,2.0275770796191894,572.4132609556135,3.841699737957138,0.0,7.72125878859825,0.0,0.0,0.0,550.5378149249007,0.027688417625067047,0.9723115823749328,25.5,20.0,20.0,510.0,875.0,446250.0,0.0,0.0,0.0
Sonora,Trincheras,64,Magdalena,140,Trigo forrajero verde,2023,2024,30.286503,-111.652994,731.0,527.7495782953044,3.541943478491976,1.2193362423111067,6.725043744935041,14.61241610738255,6.87,20.495,21.699865771812078,10.97,29.26,7.524966442953019,-0.56,15.6,49.14677852348993,23.29,83.68,15.699530201342283,2.76,26.89,2.3926174496644297,1.1,5.36,83.63000000000001,0.561275167785235,0.0,12.46,66.904,0.4490201342281879,0.0,9.968000000000002,8.203934883983782,3.1829400457216757,15.108173253863303,0.1584653090015441,15,7,0,30,484.0876942095384,3.248910699392875,0.786131685016456,7.733800306675296,35.37482856709767,0.23741495682615887,0.0,4.192,448.7128656424408,3.011495742566717,0.0,7.733800306675296,0.0,0.0,0.0,417.18369420953843,0.07307524853500118,0.926924751464999,24.2,25.0,25.0,605.0,875.0,529375.0,0.0,0.0,0.0
Sonora,Trincheras,64,Magdalena,140,Alfalfa achicalada,2010,2011,30.286503,-111.652994,731.0,279.4894105542348,3.677492244134668,1.0476812987049868,7.326969688572642,14.147960526315789,8.89,19.82,21.256842105263154,12.93,30.17,7.039078947368421,1.72,12.0,49.85526315789474,19.62,86.71,16.479868421052632,4.48,25.25,2.570921052631579,1.28,9.06,104.78999999999999,1.378815789473684,0.0,22.9,83.832,1.1030526315789473,0.0,18.32,8.79017570313036,3.963335618932405,13.98403473475084,0.3749337042580565,12,8,0,11,236.85451418819233,3.1165067656341097,0.9952972337697374,6.594272719715377,23.15549930861461,0.30467762248177116,0.0,2.5992557870039357,213.6990148795777,2.8118291431523383,0.0,6.594272719715377,231.55499308614608,2136.990148795777,2368.545141881923,153.02251418819233,0.09776254165127057,0.9022374583487294,12.4,400.0,400.0,4960.0,1800.0,8928000.0,18.67378976501178,172.33791522546588,191.01170499047765
Sonora,Trincheras,64,Magdalena,140,Alfalfa achicalada,2011,2012,30.286503,-111.652994,731.0,349.3692420068566,4.596963710616534,2.5284030838417064,8.876600879361511,15.39888157894737,0.7849999999999997,24.155,23.619473684210526,6.47,33.46,7.1782894736842096,-4.9,14.88,32.25618421052633,10.22,63.02,18.11473684210526,7.32,24.59,2.441052631578947,1.48,5.59,6.63,0.08723684210526315,0.0,6.04,5.304000000000001,0.06978947368421054,0.0,4.832000000000001,8.89737509892234,4.53802121284706,12.94239957439998,0.018977056943867664,1,1,0,17,309.40345880146475,4.071098142124536,1.0113612335366826,7.98894079142536,3.127533241309864,0.04115175317512979,0.0,2.6555332413098642,306.2759255601549,4.029946388949407,0.0,7.98894079142536,31.275332413098642,3062.7592556015493,3094.034588014648,304.0994588014648,0.010108268515888544,0.9898917314841116,13.5,400.0,400.0,5400.0,2070.37,11179998.0,2.3166912898591585,226.87105597048514,229.1877472603443
Sonora,Trincheras,64,Magdalena,140,Alfalfa achicalada,2012,2013,30.286503,-111.652994,731.0,349.9224167227728,4.544446970425621,1.8487516351495896,7.881967894951961,15.961168831168834,9.115,21.335,24.13571428571429,13.27,32.95,7.7866233766233774,3.18,12.46,36.338441558441566,14.81,78.57,18.090519480519482,8.43,25.61,2.4066233766233767,1.19,4.95,16.53,0.21467532467532469,0.0,7.86,13.224000000000002,0.17174025974025978,0.0,6.288,9.105219607511502,5.2598966436147565,13.796329733402938,0.04723904274214003,3,2,0,9,300.4944429086559,3.902525232579947,1.2596448373090494,7.093771105456765,7.2381305068089175,0.0940016948936223,0.0,3.2658164534168064,293.25631240184697,3.8085235376863245,0.0,7.093771105456765,72.38130506808918,2932.56312401847,3004.944429086559,287.2704429086559,0.024087402205335156,0.9759125977946648,14.1,400.0,400.0,5640.0,2084.25,11755170.0,5.133425891353842,207.98320028499788,213.11662617635173
Sonora,Trincheras,64,Magdalena,140,Alfalfa achicalada,2013,2014,30.286503,-111.652994,731.0,302.00833105399346,3.973793829657809,1.9179925716409296,7.766385386949427,13.731973684210525,2.77,23.765,21.517236842105262,9.24,34.44,5.94671052631579,-4.6,14.88,42.234078947368424,21.28,83.88,17.280921052631577,7.9,24.87,2.4192105263157893,1.09,4.79,33.74,0.44394736842105265,0.0,17.42,26.992,0.3551578947368421,0.0,13.936000000000002,8.960507195230841,5.131098272574145,13.804446567681998,0.11171877240024852,5,2,0,35,264.1540546767545,3.47571124574677,1.003938962429706,6.989746848254485,10.435239109431603,0.13730577775567898,0.0,1.9612273523177843,253.71881556732296,3.3384054679910915,0.0,6.989746848254485,104.35239109431603,2537.1881556732296,2641.5405467675455,237.16205467675454,0.039504368472409825,0.9604956315275903,13.58,400.0,400.0,5432.0,1225.29,6655775.28,7.684270330951107,186.8327066033306,194.5169769342817
Sonora,Trincheras,64,Magdalena,140,Alfalfa achicalada,2014,2015,30.286503,-111.652994,731.0,352.96950004988844,4.644335526972216,1.6570232395006346,7.243048509776189,18.153881578947367,11.025,24.655,25.961578947368416,16.31,33.36,10.346184210526317,3.6,16.33,33.561052631578946,11.0,81.95,17.350526315789477,3.77,25.42,2.192894736842105,1.29,4.77,28.510000000000005,0.3751315789473685,0.0,26.7,22.808,0.3001052631578947,0.0,21.36,8.715318686299867,3.903655101282821,13.723042200677742,0.08077185138084289,2,1,0,2,308.98115592248087,4.065541525295801,1.0683198545592556,6.51874365879857,2.939320915550571,0.03867527520461277,0.0,1.4913209155505711,306.04183500693034,4.026866250091189,0.0,6.51874365879857,29.39320915550571,3060.4183500693034,3089.811559224809,286.1731559224809,0.00951294556062832,0.9904870544393718,13.0,425.0,425.0,5525.0,2020.3,11162157.5,2.2610160888850546,235.41679615917718,237.67781224806222
Sonora,Trincheras,64,Magdalena,140,Alfalfa achicalada,2015,2016,30.286503,-111.652994,731.0,303.8925857576457,3.998586654705864,1.1716418959911274,8.5154177217239,17.191118421052632,3.875,22.19,24.393947368421056,10.42,31.01,9.98828947368421,-2.67,14.22,49.866710526315785,29.22,88.6,16.362894736842104,4.27,24.33,2.382631578947368,1.14,5.85,90.16,1.1863157894736842,0.0,28.28,72.12799999999999,0.9490526315789471,0.0,22.624000000000002,8.827083835506446,3.843541377038357,13.56848237362495,0.29668377652326994,9,6,0,6,264.9705630067761,3.486454776404949,0.7467159507277507,7.663875949551509,16.407091095285402,0.21588277756954477,0.0,2.1406532260578794,248.56347191149064,3.270571998835403,0.0,7.663875949551509,164.07091095285404,2485.634719114906,2649.70563006776,192.84256300677612,0.0619204296096311,0.9380795703903687,15.1,450.0,450.0,6795.0,1818.05,12353649.75,10.865623241910864,164.61157080231166,175.47719404422253
Sonora,Trincheras,64,Magdalena,140,Alfalfa achicalada,2016,2017,30.286503,-111.652994,731.0,361.21449159365983,4.6910972934241535,1.1951985888279697,7.076085199313695,17.06850649350649,7.5,24.86,25.447662337662337,13.7,34.37,8.68935064935065,-0.38,16.56,36.414935064935065,16.54,86.54,17.88077922077922,5.51,25.11,2.432727272727272,1.3,4.81,47.92000000000001,0.6223376623376624,0.0,12.96,38.336000000000006,0.49787012987012996,0.0,10.368000000000002,9.008125059244511,4.129893545492024,13.899772158170084,0.1326635589524092,6,4,0,13,321.95800000287926,4.1812727273101205,0.4780794355311879,6.368476679382326,9.67532488269753,0.12565356990516274,0.0,2.855198251187052,312.28267512018175,4.055619157404958,0.0,6.368476679382326,96.75324882697531,3122.8267512018174,3219.5800000287927,283.62200000287925,0.03005151256564833,0.9699484874343517,13.05,350.0,350.0,4567.5,1754.08,8011760.4,7.41404205570692,239.2970690576105,246.71111111331743
Sonora,Trincheras,64,Magdalena,140,Alfalfa achicalada,2017,2018,30.286503,-111.652994,731.0,298.55612942502063,3.9283701240134294,1.386401252858164,6.81444350619035,16.629407894736843,8.155,26.685,23.906447368421055,13.35,35.0,9.35236842105263,0.45,18.68,49.24197368421053,26.38,82.43,16.65157894736842,4.78,24.38,2.3555263157894735,1.13,5.7,81.2,1.068421052631579,0.0,17.26,64.96000000000001,0.8547368421052632,0.0,13.808000000000002,8.943051228277614,3.982139180370373,13.453542541460259,0.2719756588363481,9,6,1,11,260.9295259848512,3.4332832366427786,0.5999368734693368,6.132999155571315,16.9796294730388,0.2234161772768263,0.0,2.4823203078309493,243.9498965118124,3.2098670593659526,0.0,6.132999155571315,169.79629473038798,2439.498965118124,2609.295259848512,195.96952598485117,0.06507362249998717,0.9349263775000128,13.1,425.0,425.0,5567.5,1914.74,10660314.95,12.961549216060153,186.22129504718504,199.1828442632452
Sonora,Trincheras,64,Magdalena,140,Alfalfa achicalada,2018,2019,30.286503,-111.652994,731.0,338.5356228932941,4.454416090701238,1.1324018343934452,7.9849950521981246,17.505789473684207,9.084999999999999,22.869999999999997,25.029342105263154,15.02,32.08,9.982236842105262,1.46,15.67,37.89302631578948,14.94,91.35,16.839078947368424,4.05,24.92,2.375,1.28,4.17,77.03999999999999,1.0136842105263157,0.0,28.55,61.632000000000005,0.8109473684210527,0.0,22.840000000000003,8.572510879935479,3.9966546497263566,14.525406381189345,0.2275683703285869,8,4,0,10,293.78406695112045,3.8655798283042166,0.9994103868627842,7.585745299588218,17.421601650106545,0.22923160065929665,0.0,3.1082666998848363,276.36246530101386,3.6363482276449193,0.0,7.585745299588218,174.21601650106544,2763.6246530101384,2937.840669511204,232.15206695112045,0.05930070282880636,0.9406992971711935,13.72,430.0,430.0,5900.0,1860.38,10976242.0,12.697960386375032,201.4303682951996,214.12832868157463
Sonora,Trincheras,64,Magdalena,140,Alfalfa achicalada,2019,2020,30.286503,-111.652994,731.0,262.28713091709415,3.4511464594354493,1.2841812707833142,6.367673642059096,14.093684210526314,3.9549999999999996,20.585,21.121184210526316,9.29,29.9,7.066184210526317,-1.49,13.84,52.427894736842106,28.71,85.24,15.505526315789478,4.3,25.22,2.4289473684210527,1.1,5.44,102.33999999999999,1.3465789473684209,0.0,28.59,81.872,1.077263157894737,0.0,22.872,8.46650152277384,3.727078894880642,14.010845989090745,0.3901830777673513,17,4,0,23,230.37009990265807,3.0311855250349744,0.5136725083133257,5.730906277853186,26.53157491768771,0.34909966996957514,0.0,2.280075109752565,203.83852498497038,2.6820858550653996,0.0,5.730906277853186,265.3157491768771,2038.3852498497038,2303.700999026581,148.49809990265805,0.11516935109590401,0.884830648904096,13.31,420.0,420.0,5590.0,2097.15,11723080.2,19.933564926887836,153.1469008151543,173.08046574204215
Sonora,Trincheras,64,Magdalena,140,Alfalfa achicalada,2020,2021,30.286503,-111.652994,731.0,262.5343826911323,3.4095374375471725,1.483811956704235,6.0458500286776165,14.727337662337664,5.65,20.735,21.953766233766235,10.98,28.82,7.500909090909092,-0.93,13.96,55.5722077922078,32.16,84.87,16.114155844155842,3.43,24.53,2.2225974025974025,1.15,4.25,83.36,1.0825974025974026,0.0,16.67,66.688,0.8660779220779221,0.0,13.336000000000002,8.78969387603725,3.518722489792356,14.361620634603362,0.3175203154173972,11,6,0,16,228.87361514111996,2.972384612222337,0.8522578676014642,5.441265025809855,21.591598943196928,0.2804103758856744,0.0,2.72207586885606,207.282016197923,2.6919742363366623,0.0,5.441265025809855,215.91598943196928,2072.8201619792303,2288.7361514111994,162.18561514111997,0.09433852359907838,0.9056614764009215,13.84,430.0,430.0,5952.0,2423.42,14424195.84,15.600866288437087,149.77024291757445,165.37110920601154
Sonora,Trincheras,64,Magdalena,140,Alfalfa achicalada,2021,2022,30.286503,-111.652994,731.0,333.6096590887565,4.389600777483638,1.7652263810507496,6.81110943955585,15.29690789473684,7.165,20.47,23.261842105263156,11.17,30.3,7.331973684210527,1.45,13.27,36.344605263157895,12.21,81.4,17.536315789473683,8.84,25.58,2.5167105263157894,1.35,5.2,35.12,0.4621052631578947,0.0,12.69,28.096000000000004,0.36968421052631584,0.0,10.152000000000001,8.79798882582808,5.5730187076603785,14.09692769754453,0.10527273129899503,5,3,0,14,289.19905027547287,3.8052506615193797,1.1935122009238839,6.129998495600264,9.925716289212659,0.1306015301212192,0.0,2.4835439855595305,279.2733339862602,3.6746491313981604,0.0,6.129998495600264,99.25716289212659,2792.733339862602,2891.9905027547284,261.10305027547287,0.034321400017593574,0.9656785999824063,14.0,425.0,425.0,5950.0,2948.85,17545657.5,7.089797349437613,199.48095284732872,206.57075019676634
Sonora,Trincheras,64,Magdalena,140,Alfalfa achicalada,2022,2023,30.286503,-111.652994,731.0,339.2330193468436,4.463592359826889,2.326448194786963,7.999598176585999,15.36677631578947,7.32,22.75,23.40157894736842,14.9,32.5,7.331973684210525,-1.52,14.51,35.91486842105263,13.31,74.79,18.03223684210526,8.37,25.53,2.486052631578947,1.07,4.49,7.579999999999999,0.09973684210526315,0.0,2.2,6.064000000000001,0.07978947368421054,0.0,1.7600000000000002,9.028019746855962,5.073004244786837,13.247820456828068,0.02234452299069963,4,0,0,14,297.47413546813056,3.9141333614227705,0.9305792779147852,7.199638358927399,5.32409178141223,0.0700538392291083,0.0,1.4400000000000002,292.15004368671833,3.8440795221936623,0.0,7.199638358927399,53.2409178141223,2921.5004368671835,2974.741354681306,291.41013546813053,0.0178976628439773,0.9821023371560227,27.48,430.0,430.0,11816.4,4420.82,52238177.45,1.937442424094698,106.31369857595281,108.25114100004751
Sonora,Trincheras,64,Magdalena,140,Alfalfa achicalada,2023,2024,30.286503,-111.652994,731.0,275.3136023788891,3.6225473997222246,1.3761015972778434,6.725043744935041,13.790394736842105,6.87,20.495,20.961184210526316,10.97,29.26,6.6196052631578945,-0.56,14.45,49.74763157894737,23.29,83.68,16.17671052631579,2.87,23.52,2.595526315789474,1.21,5.36,54.15,0.7125,0.0,10.55,43.32000000000001,0.5700000000000001,0.0,8.440000000000001,8.641623068210157,3.2133133885056875,13.252704236291304,0.19668479701732383,11,5,0,26,241.17554294022707,3.173362407108251,0.6902073677362777,6.388791557688289,21.718732583947162,0.2857727971571995,0.0,3.3086952324157965,219.4568103562799,2.887589609951051,0.0,6.388791557688289,217.1873258394716,2194.568103562799,2411.7554294022707,197.85554294022705,0.0900536278229917,0.9099463721770082,27.75,360.0,360.0,9990.0,4100.0,40959000.0,7.8265703005214995,79.08353526352428,86.91010556404578
Sonora,Trincheras,64,Magdalena,140,Pastos y praderas,2010,2011,30.286503,-111.652994,731.0,1793.7541873950095,7.321445662836774,2.163115483114229,12.018284411461025,25.63969387755102,10.31,36.295,33.53171428571429,15.33,44.34,17.747673469387752,2.97,28.95,38.406122448979595,11.98,78.39,25.138571428571428,9.82,33.08,2.5791428571428576,0.98,5.89,247.93,1.0119591836734694,0.0,25.63,198.344,0.8095673469387755,0.0,20.504,15.148035968730133,6.957191719702806,19.790748515756896,0.13821849266875183,38,17,113,3,1507.202651890636,6.151847558737289,0.8652461932456916,10.21554174974187,127.50856316003579,0.5204431149389216,0.0,6.785721283480074,1379.6940887306,5.631404443798368,0.0,10.21554174974187,1275.0856316003578,13796.940887306,15072.026518906358,1308.8586518906359,0.08459948169550324,0.9154005183044966,27.0,208.0,208.0,5616.0,600.0,3369600.0,70.83809064446433,766.4967159614445,837.3348066059089
Sonora,Trincheras,64,Magdalena,140,Pastos y praderas,2011,2012,30.286503,-111.652994,731.0,1904.7755003432583,7.774593878952075,2.785228307906362,13.577496375765355,26.75895918367347,11.08,36.465,34.92322448979591,15.57,46.18,18.594693877551023,4.34,28.44,32.18685714285714,7.07,69.33,25.50914285714286,12.04,33.0,2.5688571428571425,1.07,5.01,179.68,0.7333877551020408,0.0,17.48,143.744,0.5867102040816327,0.0,13.984000000000002,15.047809873565646,8.120137775198287,19.863703100299713,0.09433132669315622,41,12,130,1,1591.7749059271346,6.497040432355651,1.8442279608719514,11.540871919400551,125.76585414949332,0.5133300169367074,0.0,6.840000000000001,1466.0090517776412,5.983710415418943,0.0,10.3065773800325,1257.6585414949332,14660.09051777641,15917.749059271344,1448.0309059271347,0.07900982336207932,0.9209901766379206,19.5,216.0,216.0,4212.0,825.0,3474900.0,66.77832963689912,778.4118858996325,845.1902155365316
Sonora,Trincheras,64,Magdalena,140,Pastos y praderas,2012,2013,30.286503,-111.652994,731.0,1802.4748013849521,7.357040005652866,2.507724040220227,12.661765775301914,26.108285714285717,10.434999999999999,35.44,33.89448979591837,14.2,44.24,18.32208163265306,3.21,27.76,37.51204081632653,9.12,82.85,24.960857142857147,9.88,33.04,2.476285714285714,1.12,5.53,282.6,1.153469387755102,0.0,28.69,169.56,0.6920816326530612,0.0,17.214,14.935187089495198,7.124482704490811,19.31842058130174,0.15678443869665257,47,19,106,3,1503.047080588573,6.134886043218665,2.0534348202005006,10.762500909006627,129.76544478740237,0.529654876683275,0.0,5.742,1373.2816358011705,5.60523116653539,0.0,10.762500909006627,1297.6544478740238,13732.816358011705,15030.470805885729,1333.487080588573,0.08633491689201643,0.9136650831079836,19.6,101.0,101.0,1979.6,913.0,1807374.8,87.0909025418808,921.6655273833359,1008.7564299252167
Sonora,Trincheras,64,Magdalena,140,Pastos y praderas,2013,2014,30.286503,-111.652994,731.0,1862.4978134190847,7.602031891506468,3.375552021136037,12.183870328085165,26.386102040816326,11.514999999999999,35.025,34.405755102040814,17.33,43.93,18.36644897959184,4.58,27.87,34.51183673469389,8.48,75.91,25.17734693877551,12.31,32.5,2.5446122448979596,0.61,6.08,189.12999999999997,0.7719591836734693,0.0,29.8,151.30400000000003,0.6175673469387757,0.0,23.840000000000003,14.938902233409262,8.281604511647329,19.28329380869877,0.10154642794066111,34,13,121,1,1560.1696337799153,6.3680393215506745,1.3502208084544147,10.356289778872389,111.98853597240313,0.45709606519348217,0.0,7.045716708837136,1448.181097807512,5.910943256357192,0.0,10.356289778872389,1119.8853597240313,14481.81097807512,15601.696337799152,1408.8656337799152,0.07177971776125515,0.9282202822387448,18.25,150.0,150.0,2737.5,812.0,2222850.0,75.75323741087021,979.6038993060961,1055.3571367169664
Sonora,Trincheras,64,Magdalena,140,Pastos y praderas,2014,2015,30.286503,-111.652994,731.0,1764.6100778302807,7.202490113592982,1.6570232395006346,12.725542961875812,26.34710204081633,15.135000000000002,34.94,33.71497959183674,18.1,43.81,18.979224489795918,7.4,27.89,41.22118367346938,7.36,89.62,24.780285714285714,3.77,32.67,2.4227755102040818,0.82,6.21,460.40000000000003,1.8791836734693879,0.0,81.56,276.23999999999995,1.1275102040816325,0.0,48.936,14.98195367672584,3.903655101282821,19.24952852161374,0.2609074978003617,52,27,102,0,1478.4023631008708,6.034295359595391,0.6628092958002538,10.81671151759444,147.53076396804303,0.6021663835430328,0.0,5.650217990733042,1330.8715991328277,5.432128976052358,0.0,10.81671151759444,1475.3076396804304,13308.715991328278,14784.023631008708,1202.1623631008708,0.09979067109890508,0.9002093289010948,17.95,84.0,84.0,1507.8,810.0,1221318.0,91.16216105131393,822.3717399378957,913.5339009892095
Sonora,Trincheras,64,Magdalena,140,Pastos y praderas,2015,2016,30.286503,-111.652994,731.0,1669.045108518816,6.812429014362515,2.184163621965421,12.376447652985442,26.08920408163265,13.105,36.275,33.126448979591835,17.88,44.51,19.051959183673468,6.72,28.76,45.12583673469387,14.09,86.01,23.94804081632653,8.41,32.31,2.5065306122448985,0.81,5.31,329.94,1.3466938775510204,0.0,52.77,197.96400000000003,0.8080163265306124,0.0,31.662,14.850528520520003,6.205801624706284,19.764266900813084,0.19768189506441994,53,20,98,0,1398.8068899771508,5.709415877457759,0.8736654487861684,10.519980505037626,131.90234956276,0.5383769369908572,0.0,6.108,1266.9045404143912,5.171038940466903,0.0,10.519980505037626,1319.0234956276001,12669.045404143912,13988.068899771511,1200.842889977151,0.09429632532401568,0.9057036746759847,17.1,185.0,185.0,3163.5,845.0,2673157.5,77.513623641191,744.5080550917088,822.0216787328998
Sonora,Trincheras,64,Magdalena,140,Pastos y praderas,2016,2017,30.286503,-111.652994,731.0,1827.3320496057631,7.458498161656176,3.1724425013189466,14.132258247996194,26.737795918367347,11.219999999999999,36.89,34.53465306122449,16.49,47.58,18.940938775510208,5.95,28.44,37.23987755102041,9.11,81.88,25.199836734693875,8.56,32.47,2.494857142857143,1.08,4.63,238.48,0.9733877551020408,0.0,40.15,190.784,0.7787102040816326,0.0,32.12,15.161938527854947,6.551234256288341,19.68191404880316,0.1305072058750629,34,16,117,0,1527.302546503107,6.233887944910641,1.2689770005275787,12.012419510796764,115.66958275645727,0.4721207459447236,0.0,6.24,1411.6329637466495,5.7617671989659165,0.0,12.012419510796764,1156.6958275645727,14116.329637466495,15273.025465031067,1336.5185465031068,0.07573455764955865,0.9242654423504413,19.5,65.0,65.0,1267.5,743.18,941980.65,57.83479137822864,705.8164818733247,763.6512732515533
Sonora,Trincheras,64,Magdalena,140,Pastos y praderas,2017,2018,30.286503,-111.652994,731.0,1857.501376088399,7.581638269748567,4.272998982205589,12.35201552242291,27.10628571428572,15.5,36.82,35.0329387755102,19.81,46.33,19.179632653061223,7.53,27.85,35.45338775510205,7.98,75.53,25.35812244897959,12.25,33.35,2.462285714285714,1.07,5.54,241.55,0.9859183673469388,0.0,14.78,193.23999999999998,0.7887346938775509,0.0,11.824,15.071412118301025,8.608067436760583,19.73991104296909,0.1300402805130975,38,20,132,0,1554.837576718248,6.346275823339788,1.7964144469669787,10.499213194059474,147.82795796600385,0.6033794202694035,0.0,6.380889065285074,1407.009618752244,5.742896403070384,0.0,10.499213194059474,1478.2795796600385,14070.09618752244,15548.375767182479,1361.597576718248,0.09507614182956664,0.9049238581704332,24.5,80.0,80.0,1960.0,700.68,1373332.8,68.0189990641122,647.397063843057,715.4160629071692
Sonora,Trincheras,64,Magdalena,140,Pastos y praderas,2018,2019,30.286503,-111.652994,731.0,1760.5452582849466,7.185899013407945,2.1603012578993637,12.40972686520903,26.39710204081633,12.08,37.045,33.90061224489795,21.36,45.52,18.893591836734696,2.34,29.6,41.31526530612245,9.71,88.17,24.620122448979593,7.26,32.84,2.402,0.67,5.1,368.72,1.5049795918367348,0.0,28.39,221.232,0.9029877551020408,0.0,17.034,14.967983887345442,5.950660265628139,19.803002539190057,0.20943511577725213,45,23,112,1,1474.7694184968373,6.019467014272805,1.6674183893585053,10.548267835427676,135.8787731186898,0.554607237219142,0.0,6.992248543389002,1338.8906453781474,5.464859777053663,0.0,10.548267835427676,1358.7877311868979,13388.906453781474,14747.694184968372,1253.5374184968373,0.09213560534580693,0.907864394654193,24.8,76.0,76.0,1884.8,720.79,1358544.99,61.48360774601348,605.8328712118315,667.316478957845
Sonora,Trincheras,64,Magdalena,140,Pastos y praderas,2019,2020,30.286503,-111.652994,731.0,1748.6561014135727,7.137371842504378,2.4032961781000415,12.417452648128066,25.83273469387755,11.785,36.445,33.38351020408164,15.61,44.21,18.281959183673468,3.32,28.84,41.438979591836734,10.32,81.73,24.84383673469388,7.47,32.54,2.529183673469388,1.25,4.84,302.46000000000004,1.234530612244898,0.0,36.15,181.476,0.7407183673469387,0.0,21.689999999999998,15.140139373932927,5.836630244496411,19.76110483149051,0.1729671144346212,42,17,102,2,1467.0501952930085,5.98795998078779,1.0933000290091015,10.554834750908856,112.62149860824604,0.4596795861561063,0.0,5.351999999999999,1354.4286966847624,5.528280394631683,0.0,10.554834750908856,1126.2149860824604,13544.286966847623,14670.501952930084,1285.5741952930084,0.07676731100925457,0.9232326889907454,24.5,80.0,80.0,1960.0,764.11,1497655.6,53.45957212416742,642.9250142490961,696.3845863732635
Sonora,Trincheras,64,Magdalena,140,Pastos y praderas,2022,2023,30.286503,-111.652994,731.0,1739.2908070444814,7.099146151201965,2.738665447479493,12.078547100256541,26.076979591836736,12.225,34.05,33.49710204081632,20.18,42.55,18.656857142857145,2.79,27.73,41.39587755102041,7.04,86.07,24.36857142857143,9.03,32.61,2.4566530612244897,0.77,4.9,442.48,1.8060408163265307,0.0,48.12,265.488,1.0836244897959184,0.0,28.871999999999996,14.728480138631104,6.563218243956348,19.43373983474139,0.25440254051126243,68,25,101,3,1454.7524978521737,5.937765297355811,1.7585935410684943,10.266765035218059,174.70157542030557,0.7130676547767575,0.0,6.520493385229861,1280.0509224318685,5.224697642579055,0.0,10.266765035218059,1747.0157542030556,12800.509224318685,14547.52497852174,1189.2644978521737,0.12009023918380518,0.879909760816195,24.65,78.0,78.0,1922.7,875.0,1682362.5,84.41048900964998,618.481682605187,702.8921716148369
Sonora,Trincheras,64,Magdalena,140,Pastos y praderas,2023,2024,30.286503,-111.652994,731.0,1890.3449744184375,7.715693773136479,3.0819408485425743,12.139317466325759,26.85908163265306,8.405,36.905,34.99726530612245,14.94,45.82,18.72089795918367,1.87,28.35,33.92526530612244,6.52,74.5,25.258408163265305,8.89,32.09,2.589632653061224,1.18,7.4,163.49,0.6673061224489796,0.0,24.94,130.792,0.5338448979591837,0.0,19.952,15.065444041246753,6.985435823540037,19.989743149459336,0.08648685938940723,37,11,143,3,1586.1358899957072,6.474024040798805,1.23277633941703,10.318419846376894,102.85277003158654,0.4198072246187206,0.0,6.272,1483.2831199641205,6.054216816180084,0.0,10.318419846376894,1028.5277003158653,14832.831199641205,15861.358899957071,1455.3438899957073,0.06484486649618962,0.9351551335038103,25.26,97.0,97.0,2450.22,885.0,2168444.7,48.630151315170934,701.3158959641231,749.946047279294
Sonora,Trincheras,64,Magdalena,140,Frijol,2010,2011,30.286503,-111.652994,731.0,1200.860559591359,8.516741557385526,4.31464130563953,12.018284411461025,29.15262411347518,15.99,36.295,37.08063829787233,23.28,44.34,21.224609929078014,8.46,28.95,34.504397163120565,11.98,74.14,27.255957446808512,15.01,33.08,2.617021276595745,1.24,5.89,174.97,1.2409219858156029,0.0,15.64,139.97600000000003,0.9927375886524825,0.0,12.512,16.740146305154415,10.851591194644001,19.790748515756896,0.14570384429940855,28,13,101,0,960.8923594448031,6.814839428686547,1.6526238385011494,13.821027073180177,79.1522252500779,0.5613632996459426,0.0,8.719535595462716,881.7401341947252,6.253476129040604,0.0,13.821027073180177,791.522252500779,8817.401341947252,9608.923594448032,820.9163594448031,0.08237366492934912,0.917626335070651,1.5,45.0,45.0,67.5,14000.0,945000.0,527.681501667186,5878.267561298168,6405.949062965355
Sonora,Trincheras,64,Magdalena,140,Frijol,2012,2013,30.286503,-111.652994,731.0,1140.656533224084,8.089762646979318,3.567624459947176,12.661765775301914,29.135354609929077,21.060000000000002,35.44,36.47517730496454,28.15,44.24,21.79553191489362,11.95,27.76,39.8359574468085,9.12,82.85,26.34950354609929,13.48,33.04,2.4391489361702123,1.12,5.28,272.77000000000004,1.9345390070921988,0.0,28.69,163.662,1.1607234042553192,0.0,17.214,16.366006677426295,9.764537129744243,19.31842058130174,0.23913421091712092,44,19,91,0,913.5081601926664,6.478781277962173,1.2486685609815114,14.5610306415972,94.01494515038226,0.6667726606410089,0.0,5.694,819.4932150422842,5.8120086173211645,0.0,14.5610306415972,940.1494515038225,8194.932150422843,9135.081601926666,749.8461601926664,0.10291637146465527,0.8970836285353447,1.25,28.8,28.8,36.0,14100.0,507600.0,1074.4565160043687,9365.636743340392,10440.093259344761
Sonora,Trincheras,64,Magdalena,140,Frijol,2013,2014,30.286503,-111.652994,731.0,1177.4750660474515,8.350886993244337,3.4935123284184564,12.183870328085165,29.572801418439713,20.27,35.025,37.19751773049646,28.13,43.93,21.94808510638298,11.66,27.87,36.9045390070922,11.02,75.91,26.223829787234045,12.31,32.5,2.5567375886524824,0.61,5.21,185.24,1.313758865248227,0.0,29.8,148.192,1.0510070921985817,0.0,23.840000000000003,16.267216621229075,9.00000132317845,19.28329380869877,0.15731967949165468,32,13,110,0,939.2055257361997,6.661032097419856,1.2227293149464598,14.01145087729794,94.27679482204668,0.6686297505109694,0.0,8.4,844.9287309141531,5.992402346908888,0.0,14.01145087729794,942.7679482204668,8449.287309141531,9392.055257361999,791.0135257361997,0.10037930169559796,0.8996206983044022,1.65,40.0,40.0,66.0,13955.0,921030.0,571.3745140730102,5120.780187358504,5692.154701431515
Sonora,Trincheras,64,Magdalena,140,Papa,2013,2014,30.286503,-111.652994,731.0,717.6247269025803,5.520190206942925,1.9179925716409296,10.967063559286206,17.044615384615387,2.77,27.310000000000002,25.301076923076923,9.24,37.9,8.788153846153847,-4.6,17.97,36.16515384615385,8.48,83.88,21.456538461538464,7.9,31.08,2.620076923076923,1.09,6.08,36.21,0.27853846153846157,0.0,17.42,28.968000000000004,0.22283076923076925,0.0,13.936000000000002,11.732795560057642,5.131098272574145,18.61563886635333,0.05045812754570206,6,2,6,35,674.7122106980532,5.190093928446563,1.17326436291927,9.37233782358673,12.870274831168038,0.09900211408590798,0.0,2.3458962624035253,661.8419358668851,5.091091814360655,0.0,9.37233782358673,128.70274831168038,6618.419358668852,6747.122106980532,645.7442106980533,0.019075206624543713,0.9809247933754562,36.0,35.0,35.0,1260.0,4320.0,5443200.0,3.575076341991122,183.84498218524587,187.420058527237
Sonora,Trincheras,64,Magdalena,140,Papa,2014,2015,30.286503,-111.652994,731.0,766.4736876941145,5.895951443800881,1.6570232395006346,11.328261663894203,19.627115384615387,11.025,27.42,27.85238461538461,16.31,37.59,11.401846153846154,3.6,18.54,30.71661538461539,7.36,81.95,21.35223076923077,3.77,31.32,2.450615384615385,1.29,4.89,29.140000000000004,0.22415384615384618,0.0,26.7,23.312,0.17932307692307692,0.0,21.36,11.474524124150433,3.903655101282821,18.612939200499145,0.038018265294488804,2,1,9,2,714.0539216913385,5.492722474548757,1.3353998181990694,10.562693886602897,3.8575767254257296,0.029673667118659458,0.0,1.9055767254257296,710.1963449659127,5.463048807430098,0.0,10.562693886602897,38.57576725425729,7101.963449659126,7140.539216913384,690.7419216913385,0.005402360533625401,0.9945976394663745,33.0,28.0,28.0,924.0,7000.0,6468000.0,1.168962644068403,215.21101362603412,216.37997627010253
Sonora,Trincheras,64,Magdalena,140,Papa,2016,2017,30.286503,-111.652994,731.0,757.9399677628203,5.785801280632216,1.1951985888279697,10.200711493738948,18.84229007633588,7.5,26.564999999999998,27.291526717557254,13.7,36.59,10.393053435114503,-0.38,17.83,33.9518320610687,11.43,86.54,21.732824427480917,5.51,31.14,2.5717557251908394,1.3,4.81,51.940000000000005,0.39648854961832064,0.0,12.96,41.55200000000001,0.31719083969465656,0.0,10.368000000000002,11.77106963465588,4.129893545492024,19.15217340468424,0.06852785472352003,7,4,4,13,724.3833209131137,5.5296436710924715,0.5975992944139848,9.411217439264062,14.92230645568132,0.11391073630291083,0.0,3.648308876516788,709.4610144574324,5.41573293478956,0.0,9.411217439264062,149.2230645568132,7094.610144574324,7243.833209131138,682.8313209131137,0.020600013866789703,0.9793999861332102,40.0,150.0,150.0,6000.0,5355.83,32134980.0,3.511130930748546,166.9320034017488,170.44313433249735
Sonora,Trincheras,64,Magdalena,140,Papa,2017,2018,30.286503,-111.652994,731.0,711.7083504941922,5.4746796191860945,1.386401252858164,10.506336317503438,19.118653846153844,8.155,29.545,26.95630769230769,13.35,39.68,11.280999999999999,0.45,19.41,40.34646153846154,10.2,82.43,21.071461538461538,4.78,31.52,2.5216923076923075,1.13,5.7,87.27000000000001,0.6713076923076924,0.0,17.26,69.816,0.5370461538461538,0.0,13.808000000000002,11.671965686229294,3.982139180370373,18.184701183135175,0.12262045252019585,11,6,13,11,676.1939182032007,5.20149167848616,0.693200626429082,10.693159027311136,20.061084173310228,0.15431603210238637,0.0,2.8960000000000004,656.1328340298904,5.0471756463837725,0.0,10.693159027311136,200.6108417331023,6561.328340298905,6761.939182032007,606.3779182032007,0.029667649520742568,0.9703323504792574,45.1,130.0,130.0,5863.0,7922.26,46448210.38,4.448133963039962,145.48399867625065,149.93213263929061
Sonora,Trincheras,64,Magdalena,140,Papa,2018,2019,30.286503,-111.652994,731.0,759.5960290694403,5.843046377457233,1.1324018343934452,11.326437026450215,19.772961538461537,9.084999999999999,30.025000000000002,27.866615384615386,15.02,40.2,11.679307692307694,1.46,20.13,33.19538461538461,9.71,91.35,20.979692307692307,4.05,31.03,2.5122307692307695,1.28,4.45,77.45,0.5957692307692308,0.0,28.55,61.96000000000001,0.47661538461538466,0.0,22.840000000000003,11.365578713410532,3.9966546497263566,18.035360940994522,0.1019620917382649,8,4,16,10,695.897314953035,5.3530562688695,1.24926298357848,9.472473436703341,20.757135159888996,0.15967027046068458,0.0,3.7626386367026963,675.140179793146,5.193385998408815,0.0,9.472473436703341,207.57135159888998,6751.401797931459,6958.9731495303495,633.937314953035,0.029827870741662314,0.9701721292583376,45.2,140.0,140.0,6328.0,8511.81,53862733.68,4.592286539798451,149.3672964144128,153.95958295421127
Sonora,Trincheras,64,Magdalena,140,Papa,2019,2020,30.286503,-111.652994,731.0,636.2788514367917,4.894452703359936,1.2841812707833142,10.075494077990408,17.10715384615385,3.9549999999999996,27.950000000000003,24.701,9.29,37.47,9.513307692307693,-1.49,19.24,45.892769230769225,17.53,85.24,20.09023076923077,4.3,30.73,2.512923076923077,1.1,5.44,103.85,0.7988461538461538,0.0,28.59,83.08,0.6390769230769231,0.0,22.872,11.466539002214917,3.727078894880642,18.574697243807794,0.16321460278853306,18,4,8,23,594.4160659201934,4.57243127630918,0.6420906353916571,9.81570153560329,29.92176240845512,0.23016740314196246,0.0,2.7637906048150476,564.4943035117383,4.342263873167218,0.0,9.81570153560329,299.2176240845512,5644.943035117383,5944.160659201934,511.33606592019345,0.05033807819802843,0.9496619218019715,44.3,130.0,130.0,5759.0,8458.13,48710370.67,6.754348173466167,127.42535067985065,134.1796988533168
Sonora,Trincheras,64,Magdalena,140,Papa,2020,2021,30.286503,-111.652994,731.0,619.1526509379172,4.726356114029902,1.483811956704235,10.365383359210503,17.171412213740457,5.65,31.93,24.77885496183206,10.98,40.25,9.563969465648857,-0.93,24.59,49.73847328244275,18.68,84.87,20.284732824427483,3.43,30.69,2.3626717557251906,1.15,4.84,112.48,0.8586259541984733,0.0,23.53,89.98400000000001,0.6869007633587787,0.0,18.824,11.642169710124229,3.518722489792356,18.188082013454103,0.1816676385534501,14,7,15,17,570.2966132951974,4.3534092617954,0.8301905070520068,7.774037519407877,29.639467349609504,0.2262554759512176,0.0,3.4782080546494094,540.6571459455879,4.1271537858441825,0.0,7.774037519407877,296.39467349609504,5406.571459455879,5702.966132951975,480.31261329519737,0.05197202062686544,0.9480279793731345,42.93,140.0,140.0,6010.0,8250.0,49582500.0,6.904138679154322,125.93923735047471,132.84337602962904
Sonora,Trincheras,64,Magdalena,140,Papa,2021,2022,30.286503,-111.652994,731.0,766.4770480933341,5.8959772930256475,1.7652263810507496,11.102669809475671,18.203076923076924,7.165,27.695,26.571615384615388,11.17,37.81,9.834538461538461,1.45,18.73,32.04153846153846,11.83,81.4,21.56823076923077,8.84,31.46,2.736769230769231,1.35,5.44,37.099999999999994,0.28538461538461535,0.0,12.69,29.68,0.2283076923076923,0.0,10.152000000000001,11.577316696462818,5.5730187076603785,18.491865511797542,0.048403275861017454,6,3,11,14,717.3023132436457,5.517710101874198,0.8826131905253748,11.213829872518618,8.252560016541917,0.06348123089647628,0.0,2.1533845372870695,709.0497532271038,5.454228870977722,0.0,11.213829872518618,82.52560016541918,7090.497532271038,7173.023132436457,687.6223132436457,0.011504995681979314,0.9884950043180207,41.91,644.0,644.0,26990.04,8947.64,241497161.5,1.969114773691701,169.18390675903217,171.15302153272387
Sonora,Trincheras,64,Magdalena,140,Papa,2022,2023,30.286503,-111.652994,731.0,782.8794102086782,6.022149309297525,2.326448194786963,11.135112470910629,18.495653846153846,7.32,27.619999999999997,27.000538461538458,14.9,37.78,9.99076923076923,-1.52,18.48,30.107384615384614,7.16,74.79,21.99615384615385,8.37,31.26,2.6665384615384613,1.07,4.74,10.69,0.08223076923076923,0.0,2.2,8.552000000000001,0.0657846153846154,0.0,1.7600000000000002,11.649839335616269,5.073004244786837,18.830658027695755,0.013654721098298595,5,0,14,14,741.8954776599617,5.706888289692013,1.1632240973934815,12.327864413595062,8.067114726765288,0.06205472866742529,0.0,1.4400000000000002,733.8283629331963,5.644833561024587,0.0,12.327864413595062,80.67114726765288,7338.283629331963,7418.954776599616,733.3434776599616,0.010873653998013379,0.9891263460019866,44.51,402.0,402.0,17893.02,12000.0,214716240.0,1.8124274829847875,164.86820106340068,166.68062854638546
Sonora,Trincheras,64,Magdalena,140,Papa,2023,2024,30.286503,-111.652994,731.0,667.3488330069686,5.133452561592065,1.3761015972778434,9.602674665040038,16.620961538461536,6.87,28.22,24.497692307692308,10.97,39.44,8.74423076923077,-0.56,19.59,41.566923076923075,12.2,83.68,20.782692307692308,2.87,31.47,2.669,1.21,5.36,54.18,0.4167692307692308,0.0,10.55,43.34400000000001,0.33341538461538467,0.0,8.440000000000001,11.553151431206995,3.2133133885056875,18.605775586810655,0.08118692551820832,11,5,9,27,621.9564087190589,4.784280067069684,0.6880507986389217,9.518850000878857,22.413277296473836,0.17240982535749105,0.0,4.192,599.5431314225851,4.611870241712193,0.0,9.518850000878857,224.13277296473836,5995.431314225852,6219.56408719059,578.6124087190589,0.03603673341454069,0.9639632665854594,42.93,375.0,375.0,16098.75,12150.0,195599812.5,5.220889190886056,139.6559821622607,144.87687135314675
Sonora,Trincheras,64,Magdalena,140,Remolacha azucarera,2011,2012,30.286503,-111.652994,731.0,1579.8933057196364,7.45232691377187,1.8502836736880421,13.577496375765355,27.22955188679245,12.435,36.465,34.994292452830194,16.44,46.18,19.464811320754716,5.2,28.44,35.387264150943395,7.07,78.5,24.043066037735848,6.54,33.0,2.5065566037735847,1.07,5.14,189.83999999999997,0.8954716981132075,0.0,17.48,151.872,0.716377358490566,0.0,13.984000000000002,14.243900297201414,4.728450608108343,19.863703100299713,0.12016001290259816,43,12,127,0,1406.5788964062776,6.6348061151239515,1.2951985715816294,16.292995650918424,132.94901924310955,0.6271180152976865,0.0,6.840000000000001,1273.6298771631682,6.007688099826265,0.0,14.550462183575293,1329.4901924310955,12736.298771631682,14065.788964062778,1254.7068964062776,0.0945194184149827,0.9054805815850174,25.0,30.0,30.0,750.0,800.0,600000.0,53.17960769724382,509.4519508652673,562.6315585625111
Sonora,Trincheras,64,Magdalena,140,Remolacha azucarera,2012,2013,30.286503,-111.652994,731.0,1488.7454096652473,7.02238400785494,2.780786886314089,12.661765775301914,27.2311320754717,12.655,35.44,34.58622641509434,18.67,44.24,19.876037735849057,5.65,27.76,40.58787735849057,9.12,82.85,23.45122641509434,5.93,33.04,2.2854245283018866,1.09,5.28,276.46,1.3040566037735848,0.0,28.69,165.876,0.782433962264151,0.0,17.214,14.131557777450977,4.418940567929248,19.31842058130174,0.18569998483633515,45,19,102,0,1313.528066240224,6.195887104906717,1.9465508204198623,15.194118930362297,128.10538625624443,0.6042706898879454,0.0,5.8381109922783425,1185.4226799839798,5.591616415018772,0.0,15.194118930362297,1281.0538625624442,11854.226799839798,13135.280662402243,1147.652066240224,0.09752771147321335,0.9024722885267868,18.0,40.0,40.0,720.0,3900.0,2808000.0,71.16965903124691,658.5681555466555,729.7378145779023
Sonora,Trincheras,64,Magdalena,140,Remolacha azucarera,2013,2014,30.286503,-111.652994,731.0,1551.118297185344,7.3165957414403024,1.5664736126425545,12.183870328085165,27.14962264150943,12.815000000000001,35.025,34.78867924528302,18.1,43.93,19.51056603773585,5.01,27.87,37.72174528301887,11.02,84.68,23.68429245283019,7.43,32.5,2.470896226415094,0.61,5.21,216.26999999999998,1.020141509433962,0.0,29.8,173.016,0.8161132075471698,0.0,23.840000000000003,14.121233785113962,4.994524603143368,19.28329380869877,0.1394284371427009,34,15,118,0,1379.227632679495,6.505790720186297,1.096531528849788,14.620644393702197,115.09865575911898,0.542918187543014,0.0,8.4,1264.128976920376,5.962872532643283,0.0,14.620644393702197,1150.98655759119,12641.28976920376,13792.27632679495,1206.2116326794949,0.08345152970544176,0.9165484702945583,14.0,60.0,60.0,840.0,2500.0,2100000.0,82.21332554222785,902.9492692288401,985.1625947710679
Sonora,Trincheras,64,Magdalena,140,Aceituna,2010,2011,30.286503,-111.652994,731.0,2036.5215913323298,6.655299318079509,2.1346661312381774,12.018284411461025,23.898398692810456,6.955,36.295,31.729477124183003,12.41,44.34,16.06732026143791,-0.93,28.95,38.11830065359477,11.98,78.39,23.050490196078435,7.15,33.08,2.528986928104575,0.98,5.89,257.4,0.8411764705882352,0.0,25.63,154.44,0.5047058823529411,0.0,15.377999999999998,13.461464461802942,4.562962046622122,19.790748515756896,0.12639198184567452,41,18,113,10,1420.7562419485732,4.6429942547339,1.4060250640242489,8.412799088022716,104.8321994461887,0.342588887079048,0.0,5.588241056983589,1315.9240425023845,4.300405367654851,0.0,8.412799088022716,1048.321994461887,13159.240425023845,14207.562419485732,1266.3162419485732,0.07378619664018571,0.9262138033598143,2.98,2.0,2.0,5.95,9953.34,59222.4,351.78590418184126,4415.85249161874,4767.638395800581
Sonora,Trincheras,64,Magdalena,140,Aceituna,2011,2012,30.286503,-111.652994,731.0,2108.6350536048594,6.890964227466861,1.2962489418484908,13.577496375765355,24.317205882352944,5.645,36.465,32.241176470588236,12.25,46.18,16.39323529411765,-0.96,28.44,35.43339869281046,7.07,84.63,23.128692810457515,3.16,33.0,2.537875816993464,1.07,5.14,231.25,0.755718954248366,0.0,17.48,185.0,0.6045751633986928,0.0,13.984000000000002,13.360801819515391,3.2899334623246386,19.863703100299713,0.10966810003687548,48,15,130,19,1469.4186257212104,4.8020216526836945,0.9073742592939436,9.504247463035748,132.2846316642321,0.43230271785696767,0.0,6.840000000000001,1337.1339940569783,4.369718934826726,0.0,8.487769607085587,1322.8463166423212,13371.339940569782,14694.186257212103,1284.4186257212104,0.09002514963991629,0.9099748503600836,3.0,2.0,2.0,6.0,10000.0,60000.0,440.94877221410707,4457.11331352326,4898.062085737367
Sonora,Trincheras,64,Magdalena,140,Aceituna,2012,2013,30.286503,-111.652994,731.0,2024.8214299395709,6.617063496534545,1.834920322001854,12.661765775301914,24.411911764705884,8.1,35.44,32.03209150326797,13.08,44.24,16.79173202614379,1.7,27.76,38.15964052287582,9.12,82.85,22.727026143790848,5.93,33.04,2.409183006535948,1.09,5.53,330.75,1.0808823529411764,0.0,28.69,198.45000000000002,0.6485294117647059,0.0,17.214,13.263435404208655,4.418940567929248,19.31842058130174,0.16334773778538633,51,23,106,9,1411.394937015446,4.612401754952438,1.2844442254012978,8.863236042711339,128.72855615511236,0.42068155606245866,0.0,5.32815510239893,1282.6663808603337,4.191720198889979,0.0,8.863236042711339,1287.2855615511235,12826.663808603336,14113.94937015446,1212.944937015446,0.09120661607822077,0.9087933839217793,3.75,2.0,2.0,7.5,8000.0,60000.0,343.27614974696627,3420.443682294223,3763.7198320411894
Sonora,Trincheras,64,Magdalena,140,Aceituna,2013,2014,30.286503,-111.652994,731.0,2087.970551058942,6.823433173395236,1.5050781913866875,12.183870328085165,24.46843137254902,9.194999999999999,35.025,32.31437908496732,12.09,43.93,16.62248366013072,2.15,27.87,36.913823529411765,8.48,84.68,22.93584967320262,6.51,32.5,2.5215359477124184,0.61,6.08,229.17,0.748921568627451,0.0,29.8,183.336,0.5991372549019608,0.0,23.840000000000003,13.311576987172074,4.421917578317601,19.28329380869877,0.109757295132239,37,16,122,10,1455.6757618927638,4.757110332982888,1.0535547339706812,8.528709229659615,108.04894388435395,0.35310112380507824,0.0,5.802354936689406,1347.6268180084098,4.40400920917781,0.0,8.528709229659615,1080.4894388435396,13476.268180084098,14556.757618927637,1272.3397618927638,0.07422596893683366,0.9257740310631664,3.85,2.0,2.0,7.7,8600.0,66220.0,280.64660749182843,3500.329397424441,3780.9760049162696
Sonora,Trincheras,64,Magdalena,140,Aceituna,2014,2015,30.286503,-111.652994,731.0,1969.153914249566,6.435143510619497,1.1145422614219525,12.725542961875812,24.33970588235294,7.3500000000000005,34.94,31.63415032679739,13.56,43.81,17.045261437908497,0.65,27.89,43.27718954248366,7.36,89.62,22.62261437908497,3.77,32.67,2.3962745098039218,0.82,6.21,473.02,1.5458169934640522,0.0,81.56,283.812,0.9274901960784314,0.0,48.936,13.382721871077651,3.7260731277223744,19.24952852161374,0.2402148438357422,55,27,102,6,1372.9959034634167,4.486914717200708,0.7801795829953667,8.907880073313068,140.24196673522133,0.45830708083405663,0.0,4.888018086404443,1232.7539367281954,4.028607636366652,0.0,8.907880073313068,1402.4196673522133,12327.539367281954,13729.959034634167,1089.1839034634168,0.10214303362556104,0.897856966374439,3.9,2.0,2.0,7.8,6935.15,54094.17,359.5947865005675,3160.9075300722957,3520.502316572863
Sonora,Trincheras,64,Magdalena,140,Aceituna,2015,2016,30.286503,-111.652994,731.0,1880.6118525435681,6.145790367789439,1.8656412267594191,12.376447652985442,23.965081699346406,6.5649999999999995,36.275,31.06287581699347,12.2,44.51,16.867287581699344,-1.0,28.76,44.952254901960785,14.09,86.01,22.016437908496734,5.67,32.31,2.4553921568627453,0.81,5.31,346.79999999999995,1.133333333333333,0.0,52.77,208.07999999999998,0.6799999999999999,0.0,31.662,13.24749318788587,4.058197086319179,19.764266900813084,0.1844080688585183,60,20,98,12,1311.3784265313752,4.285550413501226,1.3059488587315933,8.663513357089808,133.77428736649756,0.43717087374672403,0.0,5.328288294430126,1177.6041391648778,3.8483795397545024,0.0,8.663513357089808,1337.7428736649756,11776.041391648778,13113.784265313754,1103.2984265313753,0.10201043776534703,0.8979895622346531,3.7,2.0,2.0,7.4,13850.0,102490.0,361.55212801756096,3182.7138896348047,3544.2660176523655
Sonora,Trincheras,64,Magdalena,140,Aceituna,2016,2017,30.286503,-111.652994,731.0,2068.5123783289882,6.759844373624144,1.5870629003480174,14.132258247996194,25.090882352941176,10.16,36.89,32.71356209150327,14.42,47.58,17.468202614379088,3.46,28.44,37.9909477124183,9.11,82.08,22.88160130718954,4.7,32.47,2.4660784313725492,1.08,5.36,268.75,0.8782679738562091,0.0,40.15,161.25,0.5269607843137255,0.0,24.09,13.432194514881294,3.763452117422939,19.68191404880316,0.1299242889796507,37,19,117,4,1441.8961236782407,4.712078835549806,1.1109440302436122,9.892580773597336,98.86266273124983,0.32308059716094717,0.0,4.68,1343.033460946991,4.38899823838886,0.0,9.892580773597336,988.6266273124983,13430.33460946991,14418.961236782408,1280.6461236782407,0.06856434462078563,0.9314356553792145,3.5,2.0,2.0,7.0,13000.0,91000.0,282.4647506607138,3837.2384598485455,4119.703210509259
Sonora,Trincheras,64,Magdalena,140,Aceituna,2017,2018,30.286503,-111.652994,731.0,2111.071664461602,6.89892700804445,1.5351065987961467,12.35201552242291,25.75970588235294,8.78,36.82,33.52039215686275,14.94,46.33,17.999019607843138,0.34,27.85,34.75702614379085,7.98,80.6,22.997418300653596,5.65,33.35,2.3780718954248368,0.68,5.54,257.92,0.8428758169934641,0.0,14.78,154.75199999999998,0.5057254901960784,0.0,8.867999999999999,13.319718871443522,4.128858055277463,19.73991104296909,0.1221749144483822,42,21,134,3,1471.8325329981262,4.809910238555968,1.0745746191573027,8.646410865696037,119.57505216244564,0.3907681443217178,0.0,5.254849818470061,1352.2574808356808,4.4191420942342505,0.0,8.646410865696037,1195.7505216244565,13522.574808356807,14718.325329981264,1317.0805329981263,0.08124229454207742,0.9187577054579227,3.6,2.0,2.0,7.2,14928.38,107484.34,332.1529226734601,3756.270780099113,4088.423702772573
Sonora,Trincheras,64,Magdalena,140,Aceituna,2018,2019,30.286503,-111.652994,731.0,1962.242948960366,6.412558656733222,1.603772110688112,12.40972686520903,24.358251633986928,6.735,37.045,31.766960784313728,13.39,45.52,16.94954248366013,0.08,29.6,42.74130718954248,9.71,88.17,22.479771241830065,5.1,32.84,2.339248366013072,0.67,5.1,387.6,1.2666666666666668,0.0,28.39,232.55999999999997,0.7599999999999999,0.0,17.034,13.352236623454651,4.004436588863779,19.803002539190057,0.19752905735008908,50,24,112,7,1368.6603236085482,4.472746155583491,1.1226404774816783,8.68680880564632,130.5409904862769,0.42660454407280035,0.0,5.758322329849766,1238.1193331222714,4.0461416115106905,0.0,8.68680880564632,1305.409904862769,12381.193331222714,13686.603236085482,1136.1003236085483,0.09537866206430125,0.9046213379356989,4.0,2.0,2.0,8.0,14375.75,115006.0,326.35247621569226,3095.2983328056785,3421.6508090213706
Sonora,Trincheras,64,Magdalena,140,Aceituna,2019,2020,30.286503,-111.652994,731.0,1923.1537663014644,6.284816229743348,1.2613996473694653,12.417452648128066,23.9525,6.27,36.445,31.227810457516338,12.14,44.21,16.677189542483656,0.25,28.84,44.68807189542484,10.32,85.75,22.373823529411766,3.7,32.54,2.4496732026143793,1.02,5.36,468.18999999999994,1.530032679738562,0.0,48.41,280.914,0.9180196078431372,0.0,29.045999999999996,13.422590129902117,3.4871087548295825,19.76110483149051,0.24344907214590802,55,27,102,10,1341.7079413093948,4.384666474867303,0.8829797531586256,8.692216853689645,120.42413840249762,0.3935429359558746,0.0,4.572209328639577,1221.2838029068973,3.9911235389114292,0.0,8.692216853689645,1204.2413840249762,12212.838029068973,13417.079413093948,1060.7939413093948,0.08975436061366211,0.9102456393863381,4.1,2.0,2.0,8.2,13526.82,110919.92,293.7174107377991,2978.7409826997496,3272.4583934375487
Sonora,Trincheras,64,Magdalena,140,Aceituna,2022,2023,30.286503,-111.652994,731.0,1934.036722037411,6.320381444566703,1.2193362423111067,12.078547100256541,23.92204248366013,8.44,34.05,31.24898692810457,14.44,42.55,16.59509803921569,1.46,27.73,42.96666666666666,7.04,86.07,22.306078431372548,2.76,32.61,2.384738562091503,0.77,4.9,471.93,1.5422549019607843,0.0,48.12,283.158,0.9253529411764706,0.0,28.871999999999996,13.160678984251595,3.1829400457216757,19.43373983474139,0.24401294692214806,72,27,101,7,1347.7984218352026,4.404570005997394,0.8535353696177747,8.454982970179579,167.01257352305967,0.5457927239315675,0.0,5.369818081954003,1180.7858483121431,3.858777282065827,0.0,8.454982970179579,1670.1257352305968,11807.858483121432,13477.984218352029,1064.6404218352027,0.1239150979978522,0.876084902002148,4.5,2.0,2.0,9.0,15500.0,139500.0,371.13905227346595,2623.9685518047627,2995.1076040782286
Sonora,Trincheras,64,Magdalena,140,Aceituna,2023,2024,30.286503,-111.652994,731.0,2135.7780744816523,6.979666910070759,1.5679310969510003,12.139317466325759,25.251160130718954,8.405,36.905,33.19908496732027,14.94,45.82,17.303235294117645,1.87,28.35,34.54964052287582,6.52,77.59,23.062647058823526,5.21,32.09,2.492287581699346,0.97,7.4,193.67000000000002,0.6329084967320262,0.0,27.2,154.936,0.5063267973856209,0.0,21.76,13.372061425736474,3.950473513016824,19.989743149459336,0.09067889698558836,39,12,146,3,1490.2624779460916,4.870138816817293,1.0975517678657,8.49752222642803,103.27533328362532,0.33750108916217425,0.0,5.760912795847418,1386.9871446624663,4.532637727655119,0.0,8.49752222642803,1032.753332836253,13869.871446624664,14902.624779460917,1335.3264779460917,0.06930009633333946,0.9306999036666606,7.0,1.0,1.0,7.0,16750.0,117250.0,147.536190405179,1981.4102066606663,2128.9463970658453
Sonora,Trincheras,64,Magdalena,140,Nuez,2010,2011,30.286503,-111.652994,731.0,1610.8272985103338,7.634252599575041,2.830953334182482,12.018284411461025,27.050663507109007,12.774999999999999,36.295,34.87654028436018,17.38,44.34,19.224786729857822,6.45,28.95,37.89056872037914,11.98,78.39,25.508672985781992,10.02,33.08,2.5673933649289102,0.98,5.89,239.65,1.1357819905213271,0.0,25.63,191.72,0.9086255924170616,0.0,20.504,15.52232994798198,7.3762343480442585,19.790748515756896,0.14877448390750786,36,16,113,0,1563.2214817493982,7.4086326149260575,1.8016625623170088,13.220112852607128,139.58723313139816,0.6615508679213183,0.0,8.781521660974214,1423.6342486180004,6.747081747004741,0.0,13.220112852607128,1395.8723313139817,14236.342486180003,15632.214817493985,1371.5014817493982,0.08929459757371448,0.9107054024262857,1.99,286.0,286.0,570.28,40000.28,22811360.0,701.4433825698401,7153.940947829147,7855.384330398987
Sonora,Trincheras,64,Magdalena,140,Nuez,2011,2012,30.286503,-111.652994,731.0,1688.3175460009456,8.001504957350454,2.785228307906362,13.577496375765355,27.835663507109004,11.08,36.465,35.86824644549763,15.57,46.18,19.803080568720382,4.34,28.44,33.03421800947867,7.07,69.33,25.84990521327014,12.04,33.0,2.579383886255924,1.07,5.01,179.62,0.8512796208530806,0.0,17.48,143.696,0.6810236966824644,0.0,13.984000000000002,15.456328622620118,8.46327121911477,19.863703100299713,0.10638993856662755,41,12,130,1,1619.189226887345,7.673882591883152,1.392614153953181,14.935246013341892,127.98570646924729,0.6065673292381388,0.0,6.840000000000001,1491.203520418098,7.067315262645014,0.0,13.337923668277353,1279.857064692473,14912.035204180978,16191.892268873451,1475.4932268873451,0.0790430817745009,0.9209569182254992,1.3,286.0,286.0,371.8,39000.0,14500200.0,984.5054343788253,11470.796310908445,12455.30174528727
Sonora,Trincheras,64,Magdalena,140,Nuez,2012,2013,30.286503,-111.652994,731.0,1591.833558749367,7.544234875589417,3.4405460095714187,12.661765775301914,27.38845971563981,14.33,35.44,34.997535545023695,18.86,44.24,19.779383886255925,5.9,27.76,38.889052132701416,9.12,82.85,25.30502369668247,9.88,33.04,2.4085308056872035,1.12,5.28,274.81,1.3024170616113744,0.0,28.69,164.886,0.7814502369668246,0.0,17.214,15.353945034590186,7.124482704490811,19.31842058130174,0.17263739571862402,45,19,106,0,1535.8212633408048,7.278773759909027,2.2363549062214223,13.927942352832106,132.3117444241054,0.6270698787872294,0.0,5.742,1403.5095189166996,6.651703881121799,0.0,13.927942352832106,1323.117444241054,14035.095189166996,15358.21263340805,1370.9352633408048,0.08615048351153405,0.9138495164884661,1.55,286.0,286.0,443.3,40000.0,17732000.0,853.6241575748736,9054.900122043222,9908.524279618096
Sonora,Trincheras,64,Magdalena,140,Nuez,2013,2014,30.286503,-111.652994,731.0,1654.8469567974985,7.842876572499993,3.4935123284184564,12.183870328085165,27.47388625592417,14.77,35.025,35.391800947867296,20.8,43.93,19.555971563981046,7.7,27.87,34.91687203791469,8.48,75.91,25.58137440758294,12.31,32.5,2.542369668246445,0.61,6.08,187.74,0.8897630331753555,0.0,29.8,150.192,0.7118104265402844,0.0,23.840000000000003,15.345815737370089,8.281604511647329,19.28329380869877,0.11344855742026996,33,13,121,0,1591.460325799089,7.542465999047816,2.2707830134719966,13.402257360893683,118.47613937856184,0.561498290893658,0.0,8.4,1472.9841864205273,6.980967708154158,0.0,13.402257360893683,1184.7613937856183,14729.841864205273,15914.603257990892,1441.268325799089,0.07444492172249013,0.9255550782775099,1.65,286.0,286.0,471.9,55000.0,25954500.0,718.0372083549203,8927.176887397136,9645.214095752057
Sonora,Trincheras,64,Magdalena,140,Nuez,2014,2015,30.286503,-111.652994,731.0,1573.615700842282,7.4578943167880665,1.9346915966958944,12.725542961875812,27.425473933649286,15.940000000000001,34.94,34.7008056872038,22.24,43.81,20.15014218009479,7.4,27.89,41.57383886255925,7.36,89.62,25.117819905213274,5.05,32.67,2.434170616113744,0.82,6.21,432.27,2.0486729857819905,0.0,81.56,259.36199999999997,1.2292037914691942,0.0,48.936,15.345221474563033,4.534007857582421,19.24952852161374,0.27469858096142935,50,26,102,0,1532.2689671478865,7.261938232928372,1.2575495378523314,13.998097258063394,147.92753513395098,0.7010783655637487,0.0,7.312046811536878,1384.3414320139357,6.560859867364624,0.0,13.998097258063394,1479.2753513395098,13843.414320139356,15322.689671478865,1272.9069671478865,0.0965414938927454,0.9034585061072546,1.5,286.0,286.0,430.0,49679.77,21362301.1,986.1835675596732,9228.942880092904,10215.126447652578
Sonora,Trincheras,64,Magdalena,140,Nuez,2015,2016,30.286503,-111.652994,731.0,1481.727178121963,7.022403687781815,2.5881855997713084,12.376447652985442,26.980379146919432,16.11,36.275,33.95350710900474,19.64,44.51,20.007251184834125,9.02,28.76,45.64502369668246,14.09,86.01,24.47009478672986,9.39,32.31,2.509952606635071,0.81,4.82,309.45000000000005,1.4665876777251188,0.0,52.77,185.67000000000002,0.8799526066350711,0.0,31.662,15.327500676850022,6.7689652220915235,19.764266900813084,0.20884411419936091,48,19,96,0,1428.9101227113651,6.772085889627323,1.6823206398513504,13.614092418283988,128.80613296709413,0.6104556064791191,0.0,7.224113681432157,1300.1039897442708,6.161630283148203,0.0,13.614092418283988,1288.0613296709412,13001.039897442708,14289.10122711365,1243.240122711365,0.09014292146148685,0.909857078538513,2.1,286.0,286.0,600.6,52500.0,31531500.0,613.3625379385434,6190.971379734623,6804.333917673166
Sonora,Trincheras,64,Magdalena,140,Nuez,2016,2017,30.286503,-111.652994,731.0,1615.3191336660814,7.655540917848727,3.379209893269456,14.132258247996194,27.685568720379145,16.725,36.89,35.397203791469195,21.1,47.58,19.973933649289098,9.13,28.44,38.31976303317536,9.11,81.88,25.57341232227488,8.56,32.47,2.491232227488152,1.08,4.63,232.39,1.1013744075829384,0.0,40.15,185.912,0.8810995260663508,0.0,32.12,15.597979542685788,6.551234256288341,19.68191404880316,0.14386630799857758,33,15,115,0,1557.1272825932956,7.379750154470595,2.154863684908353,15.545484072795816,125.98336723426164,0.5970775698306239,0.0,7.184519996478152,1431.143915359034,6.782672584639972,0.0,15.545484072795816,1259.8336723426164,14311.439153590341,15571.272825932958,1371.2152825932956,0.08090755883773638,0.9190924411622636,1.55,286.0,286.0,443.3,51000.0,22608300.0,812.7959176403976,9233.186550703445,10045.982468343844
Sonora,Trincheras,64,Magdalena,140,Nuez,2017,2018,30.286503,-111.652994,731.0,1652.888854014579,7.833596464524071,4.272998982205589,12.35201552242291,28.01445497630332,15.669999999999998,36.82,35.880521327014215,19.81,46.33,20.148388625592414,7.74,27.85,35.282985781990526,7.98,75.53,25.712654028436024,12.25,33.35,2.4701895734597157,1.07,5.54,241.28,1.1435071090047393,0.0,14.78,193.024,0.9148056872037915,0.0,11.824,15.41448576102483,8.709532176206263,19.73991104296909,0.14597472746819784,38,20,129,0,1568.4275600650753,7.433305971872395,2.85873194731865,13.587217074665203,161.55551496475258,0.7656659477002492,0.0,7.6008421484577635,1406.8720451003228,6.667640024172146,0.0,13.587217074665203,1615.5551496475257,14068.720451003228,15684.275600650753,1375.4035600650755,0.10300476673468395,0.896995233265316,1.6,286.0,286.0,457.6,62120.59,28426381.98,1009.7219685297035,8792.950281877016,9802.67225040672
Sonora,Trincheras,64,Magdalena,140,Nuez,2018,2019,30.286503,-111.652994,731.0,1584.7053620743745,7.510451952959121,2.1603012578993637,12.40972686520903,27.61566350710901,16.85,37.045,35.064312796208526,22.64,45.52,20.167014218009477,9.29,29.6,41.382701421800945,9.71,88.17,25.15545023696682,7.26,32.84,2.4378199052132694,0.67,5.1,368.31,1.7455450236966825,0.0,28.39,220.986,1.0473270142180093,0.0,17.034,15.418881731865925,5.950660265628139,19.803002539190057,0.2324154437881647,45,23,112,0,1531.1962860689223,7.256854436345603,1.4041958176345863,13.650699551729934,143.74592887368465,0.681260326415567,0.0,8.382,1387.4503571952378,6.575594109930036,0.0,13.650699551729934,1437.4592887368465,13874.503571952377,15311.962860689224,1310.2102860689224,0.09387818543024753,0.9061218145697525,2.5,286.0,286.0,715.0,52316.48,37406283.2,574.9837154947386,5549.801428780951,6124.785144275689
Sonora,Trincheras,64,Magdalena,140,Nuez,2019,2020,30.286503,-111.652994,731.0,1578.1446148309533,7.479358364127741,2.6190969649985387,12.417452648128066,27.11236966824645,16.72,36.445,34.62981042654028,21.94,44.21,19.594928909952607,8.75,28.84,40.98554502369669,10.32,81.73,25.48696682464455,8.12,32.54,2.548483412322275,1.25,4.84,270.74,1.283127962085308,0.0,36.15,162.444,0.7698767772511848,0.0,21.689999999999998,15.642707085421598,6.262572250796978,19.76110483149051,0.17155588749957554,40,16,102,0,1525.6433480941282,7.230537194758901,1.7024130272490503,13.659197912940874,112.81204886010194,0.5346542600004831,0.0,6.802538038519473,1412.8312992340261,6.6958829347584174,0.0,13.659197912940874,1128.1204886010194,14128.312992340261,15256.433480941281,1363.1993480941283,0.07394391946258579,0.9260560805374142,2.45,286.0,286.0,700.0,62002.85,43401995.0,460.4573422861303,5766.658364220514,6227.1157065066445
Sonora,Trincheras,64,Magdalena,140,Nuez,2020,2021,30.286503,-111.652994,731.0,1731.132409119424,8.20441900056599,3.3082479538143907,12.684035373095533,28.85864928909952,11.940000000000001,35.97,36.92317535545023,18.58,44.16,20.794123222748812,4.83,27.95,33.296018957345964,9.75,71.52,25.908767772511858,8.94,33.75,2.6093364928909955,1.47,5.51,150.36,0.7126066350710901,0.0,14.12,120.288,0.5700853080568721,0.0,11.296,15.570823600221392,6.937586776484993,20.294023753961234,0.0868564410254925,30,11,157,1,1669.0025500282059,7.909964692076805,1.6541239769071954,13.952438910405087,105.69008952990092,0.500900898245976,0.0,8.230257399740472,1563.312460498305,7.409063793830829,0.0,13.952438910405087,1056.900895299009,15633.12460498305,16690.02550028206,1548.7145500282058,0.06332530140718765,0.9366746985928124,1.78,286.0,286.0,510.0,70000.0,35700000.0,593.7645479207916,8782.654272462387,9376.418820383178
Sonora,Trincheras,64,Magdalena,140,Nuez,2021,2022,30.286503,-111.652994,731.0,1569.7651623710867,7.43964531929425,3.106397372453314,11.637663454509521,27.532109004739336,16.705,35.565,35.0203317535545,22.29,44.95,20.04388625592417,9.47,27.25,40.47924170616113,5.93,78.53,24.888815165876782,9.88,32.77,2.467962085308057,0.78,5.44,305.64,1.4485308056872037,0.0,32.48,183.38400000000001,0.8691184834123223,0.0,19.487999999999996,15.225174657972847,7.641143273691065,19.231800529122097,0.1947042827338194,54,21,109,0,1499.0927395829513,7.104704926933418,2.6890063525850105,12.801429799960475,148.39646068818018,0.7033007615553564,0.0,7.468871941836109,1350.696278894771,6.401404165378062,0.0,12.801429799960475,1483.964606881802,13506.96278894771,14990.927395829513,1315.7087395829512,0.0989908474438107,0.9010091525561893,1.78,566.0,286.0,509.08,93500.0,47598980.0,833.6879813942708,7588.181342105455,8421.869323499726
Sonora,Trincheras,64,Magdalena,140,Nuez,2022,2023,30.286503,-111.652994,731.0,1528.787622376734,7.245438968610113,2.738665447479493,12.078547100256541,27.259478672985782,17.09,34.05,34.49402843601896,23.48,42.55,20.024928909952603,7.47,27.73,43.92037914691944,7.04,86.07,24.557867298578195,9.03,32.61,2.4263507109004743,0.77,4.9,439.36,2.0822748815165877,0.0,48.12,263.616,1.2493649289099524,0.0,28.871999999999996,15.131863918094831,6.563218243956348,19.43373983474139,0.2873911284792768,67,25,100,0,1470.7671222837307,6.970460295183558,1.8076752182453557,13.286401810282197,188.72445535566368,0.8944286983680743,0.0,8.438285557356293,1282.0426669280669,6.076031596815483,0.0,13.286401810282197,1887.2445535566367,12820.426669280669,14707.671222837305,1207.1511222837307,0.12831702075487122,0.8716829792451287,2.19,566.0,286.0,625.0,83739.2,52337000.0,861.7555039071401,5854.076104694369,6715.831608601509
Sonora,Trincheras,64,Magdalena,140,Nuez,2023,2024,30.286503,-111.652994,731.0,1720.415528920828,8.153628099150843,3.410612683351056,12.139317466325759,28.424549763033173,12.695,36.905,36.637677725118486,19.71,45.82,20.211421800947864,4.32,28.35,32.37284360189574,6.52,74.5,25.894739336492894,8.89,32.09,2.5929383886255923,1.18,7.4,154.01,0.7299052132701421,0.0,24.94,123.20800000000001,0.5839241706161138,0.0,19.952,15.534869269846261,6.985435823540037,19.989743149459336,0.08951907106802649,34,10,143,1,1652.7536259258925,7.832955573108495,2.2168982441781866,13.353249212958335,101.69984998004831,0.4819898103319825,0.0,6.440000000000001,1551.0537759458443,7.3509657627765135,0.0,13.353249212958335,1016.9984998004832,15510.537759458442,16527.536259258926,1529.5456259258924,0.06153358152403074,0.9384664184759693,1.77,566.0,286.0,506.22,74861.39,37896332.85,574.5754236160922,8763.015683309854,9337.591106925945
