Estado,Municipio,IdMunicipio,DDR,IdDDR,Cultivo,Anio,AnioFin,Lat,Lon,Z_m,max_intensidad_sequia,indice_estres_sequia_acumulado,fraccion_quincenas_sequia_severa,ET0_total_mm,ET0_mean_mm_d,ET0_min_mm_d,ET0_max_mm_d,Tmean_ciclo_mean_C,Tmean_ciclo_min_C,Tmean_ciclo_max_C,Tmax_ciclo_mean_C,Tmax_ciclo_min_C,Tmax_ciclo_max_C,Tmin_ciclo_mean_C,Tmin_ciclo_min_C,Tmin_ciclo_max_C,RH_mean_pct,RH_min_pct,RH_max_pct,Rs_mean_MJ_m2_d,Rs_min_MJ_m2_d,Rs_max_MJ_m2_d,Ws_mean_m_s,Ws_min_m_s,Ws_max_m_s,Ptot_total_mm,Ptot_mean_mm_d,Ptot_min_mm_d,Ptot_max_mm_d,Pef_total_mm,Pef_mean_mm_d,Pef_min_mm_d,Pef_max_mm_d,Rn_mean_MJ_m2_d,Rn_min_MJ_m2_d,Rn_max_MJ_m2_d,ratio_Ptot_ET0,dias_lluvia_ge_1mm,dias_lluvia_ge_5mm,dias_estres_calor,dias_riesgo_helada,ETc_total_mm,ETc_mean_mm_d,ETc_min_mm_d,ETc_max_mm_d,ETverde_total_mm,ETverde_mean_mm_d,ETverde_min_mm_d,ETverde_max_mm_d,ETazul_total_mm,ETazul_mean_mm_d,ETazul_min_mm_d,ETazul_max_mm_d,UACverde_m3_ha,UACazul_m3_ha,UACtotal_m3_ha,deficit_hidrico_mm,frac_verde,frac_azul,Rend_t_ha,SupSembradaTotal_ha,SupCosechadaTotal_ha,VolumenTotal_t,PMR,Valorproduccion,HHverde_m3_ton,HHazul_m3_ton,HHtotal_m3_ton
Sonora,Yécora,69,Sahuaripa,146,Calabacita,2011,2012,28.415575,-108.92544,1595.0,5,4.333333333333333,1.0,607.9946870827746,6.333277990445569,3.208638066956867,7.405748400380136,22.033125000000002,10.885,29.835,32.02375,18.97,40.65,12.042499999999999,2.8,20.09,26.661145833333332,5.9,74.75,29.189375000000002,13.18,33.49,0.9420833333333333,0.45,1.27,66.61,0.6938541666666667,0.0,14.88,53.288000000000004,0.5550833333333334,0.0,11.904000000000002,17.11230212546637,9.709426273671044,19.60379736979351,0.10955687839905659,8,5,29,2,500.6757169556354,5.215372051621202,2.1561120057078997,7.035460980361129,23.526871282984082,0.24507157586441752,0.0,4.722285599665119,477.1488456726513,4.970300475756784,0.0,7.035460980361129,235.2687128298408,4771.488456726513,5006.757169556354,447.38771695563537,0.04699023836434389,0.9530097616356561,7.4,7.0,7.0,51.8,5000.0,259000.0,31.793069301329837,644.7957373954746,676.5888066968045
Sonora,Yécora,69,Sahuaripa,146,Calabacita,2012,2013,28.415575,-108.92544,1595.0,2,2.0,0.0,591.5008588004483,6.161467279171337,3.4681644910129394,7.446659696702888,22.352708333333336,11.775,28.939999999999998,31.929999999999996,20.51,39.04,12.775416666666667,1.26,20.16,28.52145833333333,7.8,77.51,28.202291666666667,14.87,33.59,0.8880208333333334,0.44,1.18,85.94,0.8952083333333333,0.0,13.78,68.75200000000001,0.7161666666666667,0.0,11.024000000000001,16.69227111619364,10.757719889554805,18.942714577553822,0.14529142049647156,12,7,26,5,486.3832929766893,5.066492635173847,2.487710313307686,7.074326711867743,40.60298736384418,0.42294778504004354,0.0,4.455383358668737,445.78030561284504,4.643544850133803,0.0,7.074326711867743,406.0298736384418,4457.80305612845,4863.832929766892,417.6312929766893,0.08347940389841915,0.9165205961015807,6.4,8.0,8.0,51.2,6000.0,307200.0,63.44216775600653,696.5317275200704,759.9738952760769
Sonora,Yécora,69,Sahuaripa,146,Calabacita,2013,2014,28.415575,-108.92544,1595.0,1,1.0,0.0,584.5092931720956,6.088638470542662,4.344695114710679,7.540105918195712,21.715677083333333,10.735000000000001,28.48,31.32791666666667,19.36,39.5,12.103437500000004,1.6,20.35,32.104375,7.69,69.57,28.40833333333333,19.0,32.91,0.8874999999999998,0.41,1.29,74.81,0.7792708333333334,0.0,8.52,59.848000000000006,0.6234166666666667,0.0,6.816,17.001298948891826,13.235002622816538,19.632593190218486,0.12798769989440337,16,9,23,2,479.670822555169,4.996571068283011,2.2894212269829683,7.163100622285926,51.04252633649827,0.5316929826718569,0.0,5.704000000000001,428.6282962186708,4.464878085611154,0.0,7.163100622285926,510.4252633649827,4286.282962186708,4796.708225551691,419.822822555169,0.10641157213732266,0.8935884278626774,7.0,4.0,4.0,28.0,5500.0,154000.0,72.9178947664261,612.326137455244,685.2440322216701
Sonora,Yécora,69,Sahuaripa,146,Calabacita,2014,2015,28.415575,-108.92544,1595.0,2,2.0,0.0,575.9716429202705,5.999704613752818,3.2122169642591514,7.493962942806091,22.140104166666664,12.53,30.560000000000002,31.26104166666667,20.89,41.85,13.019166666666665,2.25,20.51,32.415625,8.36,78.23,27.4890625,11.84,32.28,0.8794791666666666,0.36,1.27,53.25,0.5546875,0.0,12.44,42.599999999999994,0.4437499999999999,0.0,9.952,16.568473897970332,8.318210708883809,19.778490764801056,0.09245246819793729,12,3,18,4,476.2052234599789,4.960471077708114,1.6910802859132017,7.119264795665786,29.69479638598566,0.30932079568735066,0.0,4.292681036943879,446.51042707399324,4.651150282020763,0.0,7.119264795665786,296.9479638598566,4465.104270739932,4762.052234599789,433.6052234599789,0.0623571412556781,0.9376428587443218,7.3,6.0,6.0,43.8,5698.63,249599.99,40.67780326847351,611.6581192794428,652.3359225479163
Sonora,Yécora,69,Sahuaripa,146,Calabacita,2015,2016,28.415575,-108.92544,1595.0,0,0.0,0.0,508.5088533712455,5.29696722261714,2.2551980967483356,7.234628255461559,20.328645833333333,13.375,28.240000000000002,28.59572916666667,18.07,37.19,12.061562499999999,4.43,20.69,47.71677083333333,20.36,83.78,25.51125,9.78,32.83,0.7941666666666668,0.33,1.21,162.33,1.6909375000000002,0.0,14.83,129.864,1.3527500000000001,0.0,11.864,16.03766469370146,7.66098377987255,19.948184235148865,0.3192274803551714,21,16,8,2,422.1977049911217,4.397892760324185,1.1275990483741678,6.872896842688481,74.72512747283932,0.7783867445087429,0.0,5.931404428989642,347.4725775182824,3.6195060158154413,0.0,6.872896842688481,747.2512747283931,3474.725775182824,4221.977049911216,292.33370499112175,0.17699084241684993,0.82300915758315,8.13,2.0,2.0,16.26,5450.0,88617.0,91.91282591985154,427.3955443029303,519.3083702227818
Sonora,Yécora,69,Sahuaripa,146,Calabacita,2016,2017,28.415575,-108.92544,1595.0,2,1.8333333333333333,0.0,550.3261737041881,5.732564309418627,3.148074186909015,7.4851703631842295,20.972968750000003,10.969999999999999,29.655,30.26114583333333,20.95,41.49,11.684791666666667,0.99,19.75,36.79260416666667,12.74,75.57,26.948125,8.01,33.11,0.8667708333333333,0.33,1.33,100.16,1.0433333333333332,0.0,11.79,80.128,0.8346666666666667,0.0,9.432,16.436016979530734,6.567281717904279,19.54187636466029,0.18200115637937675,19,10,9,6,453.31597462381364,4.722041402331392,1.5740370934545076,7.110911845025018,57.080200806155986,0.5945854250641248,0.0,5.269241193265252,396.2357738176577,4.127455977267267,0.0,7.110911845025018,570.8020080615598,3962.3577381765767,4533.159746238137,373.18797462381366,0.1259170291837261,0.874082970816274,9.97,5.5,5.5,54.84,7000.0,383880.0,57.251956676184534,397.42805799163256,454.6800146678171
Sonora,Yécora,69,Sahuaripa,146,Calabacita,2017,2018,28.415575,-108.92544,1595.0,1,1.0,0.0,588.8308537015085,6.13365472605738,4.036430969145658,7.415117466955462,22.420885416666664,11.685,30.925,31.911562500000002,19.43,41.32,12.930208333333333,3.94,21.18,30.37697916666667,10.0,64.89,28.393124999999998,17.31,32.9,0.8853125,0.5,1.45,52.92,0.55125,0.0,9.52,42.336,0.441,0.0,7.616,16.85828976593854,11.834620903432135,19.644809983555476,0.08987300795692735,11,4,21,5,481.8383254348523,5.019149223279712,2.051803377072324,7.044361593607689,32.315819611684844,0.3366231209550505,0.0,3.76753082047935,449.5225058231674,4.682526102324661,0.0,7.036361593607689,323.15819611684844,4495.225058231674,4818.383254348522,439.5023254348523,0.06706776506937316,0.9329322349306267,9.54,24.0,24.0,228.92,6000.0,1373520.0,33.87402475019376,471.1975952024816,505.07161995267535
Sonora,Yécora,69,Sahuaripa,146,Calabacita,2018,2019,28.415575,-108.92544,1595.0,4,3.0,0.6666666666666666,579.8403711834417,6.040003866494184,2.36508747489963,7.535921857557217,22.848020833333333,15.145000000000001,29.200000000000003,32.05135416666666,22.91,39.46,13.644687500000002,2.62,19.76,31.646666666666665,8.86,78.32,27.35739583333334,9.24,32.95,0.8760416666666666,0.4,1.3,89.21000000000001,0.9292708333333334,0.0,34.64,71.36800000000001,0.7434166666666667,0.0,27.712000000000003,16.4018209844907,7.350556894127381,19.772586454056814,0.1538526884872199,11,4,21,1,474.8134835372459,4.945973786846311,2.1689711996714287,7.159125764679356,33.358033441249965,0.3474795150130205,0.0,4.399733866985078,441.45545009599596,4.5984942718332915,0.0,7.159125764679356,333.58033441249967,4414.554500959959,4748.134835372459,403.4454835372459,0.07025502560024342,0.9297449743997567,10.99,19.5,19.5,214.32,7840.0,1680268.8,30.353078654458567,401.6883076396687,432.0413862941273
Sonora,Yécora,69,Sahuaripa,146,Calabacita,2019,2020,28.415575,-108.92544,1595.0,2,2.0,0.0,579.5624238506931,6.037108581778053,3.4203212996268375,7.324037443608783,20.737760416666667,11.78,29.575000000000003,30.03635416666667,20.01,40.05,11.439166666666667,2.95,20.73,35.83958333333334,18.42,73.85,28.768958333333334,14.59,32.93,0.930625,0.44,1.3,43.45,0.4526041666666667,0.0,13.5,34.760000000000005,0.36208333333333337,0.0,10.8,17.407391373202447,10.530986559534904,19.677008813086736,0.07497035385992104,8,3,13,3,478.6543756548742,4.985983079738273,2.131583640319042,6.957835571428344,24.994787642235558,0.26036237127328704,0.0,4.28597496037037,453.65958801263855,4.725620708464985,0.0,6.957835571428344,249.9478764223556,4536.595880126386,4786.543756548742,443.8943756548742,0.05221886378462282,0.9477811362153771,13.73,20.0,20.0,274.56,7589.91,2083885.69,18.2045066585838,330.4148492444564,348.6193559030402
Sonora,Yécora,69,Sahuaripa,146,Calabacita,2020,2021,28.415575,-108.92544,1595.0,0,0.0,0.0,566.5090932721571,5.901136388251636,1.69220884368896,7.355937812620046,21.917812499999997,11.045,28.9,30.953333333333337,15.62,39.18,12.882291666666667,2.57,19.49,39.719166666666666,19.43,84.51,27.543645833333333,7.92,32.36,0.8342708333333334,0.39,1.12,98.67999999999999,1.0279166666666666,0.0,15.92,78.944,0.8223333333333334,0.0,12.736,16.9508014806253,6.413505891938263,19.653719045838447,0.17418961349768317,18,8,21,2,471.6003930010076,4.912504093760496,0.84610442184448,6.988140921989043,55.04672468056186,0.5734033820891861,0.0,5.660621967906459,416.55366832044575,4.33910071167131,0.0,6.988140921989043,550.4672468056186,4165.536683204457,4716.003930010076,392.6563930010076,0.11672323750681066,0.8832767624931893,11.3,25.0,25.0,282.5,7393.81,2088751.33,48.71391564651492,368.6315648853502,417.3454805318651
Sonora,Yécora,69,Sahuaripa,146,Calabacita,2021,2022,28.415575,-108.92544,1595.0,4,3.8333333333333335,1.0,572.9031379198666,5.96774101999861,3.0624015521062242,7.4388627659845294,22.128229166666667,13.33,29.975,31.158541666666668,20.22,41.32,13.097916666666665,4.02,19.85,33.85822916666667,11.8,82.44,27.52135416666667,13.91,32.62,0.8679166666666666,0.37,1.24,120.04,1.2504166666666667,0.0,24.42,96.03200000000001,1.0003333333333335,0.0,19.536,16.575788316847763,10.155875670029541,19.59903719529975,0.20952931142225703,17,9,13,2,470.2651091014756,4.898594886473704,1.902911517927409,7.066919627685302,53.80926897002987,0.5605132184378111,0.0,4.7840122229619775,416.45584013144577,4.338081668035893,0.0,7.066919627685302,538.0926897002987,4164.558401314458,4702.651091014757,374.23310910147563,0.11442326451316356,0.8855767354868365,11.5,22.0,22.0,253.0,8000.0,2024000.0,46.79066866959119,362.135513157779,408.92618182737016
Sonora,Yécora,69,Sahuaripa,146,Calabacita,2022,2023,28.415575,-108.92544,1595.0,3,2.5,0.5,574.4305259257135,5.983651311726182,3.798860363064652,7.2316518286257,22.293854166666662,15.14,28.099999999999998,31.369583333333335,23.73,38.19,13.218125,5.15,19.29,37.28822916666667,5.41,85.79,27.69802083333333,17.82,32.41,0.8411458333333334,0.27,1.26,197.73000000000002,2.0596875000000003,0.0,15.56,158.18400000000003,1.6477500000000003,0.0,12.448,16.712151707535963,12.53652290407157,19.72729204290307,0.3442191719901231,23,15,12,0,470.3713141353511,4.899701188909908,2.49030719650861,6.870069237194414,86.83095654275084,0.9044891306536545,0.0,5.86576324390457,383.54035759260023,3.9952120582562523,0.0,6.870069237194414,868.3095654275085,3835.4035759260023,4703.713141353511,312.1873141353511,0.18460087580460935,0.8153991241953906,11.8,15.0,15.0,177.0,9300.0,1646100.0,73.58555639216173,325.0342013496612,398.6197577418229
Sonora,Yécora,69,Sahuaripa,146,Calabacita,2023,2024,28.415575,-108.92544,1595.0,3,2.2,0.2,586.5898137170869,6.110310559552989,3.270198613965742,7.309859653832403,22.014583333333334,13.305,32.095,31.53916666666667,22.49,41.74,12.49,2.18,23.84,28.955520833333335,13.66,54.42,28.174791666666668,12.47,32.61,0.90625,0.58,1.16,15.670000000000002,0.16322916666666668,0.0,4.85,12.536,0.13058333333333333,0.0,3.88,16.787847001791604,9.064582832155818,19.93462961215566,0.02671372675345785,4,0,20,5,480.2242435747453,5.002335870570263,2.4501941891917407,6.9443666711407825,12.536,0.13058333333333333,0.0,3.88,467.6882435747453,4.87175253723693,1.171195523930665,6.9443666711407825,125.36,4676.882435747453,4802.242435747453,467.6882435747453,0.02610447133339867,0.9738955286666013,11.21,5.0,5.0,56.05,9765.0,547328.25,11.182872435325601,417.20628329593694,428.3891557312625
Sonora,Yécora,69,Sahuaripa,146,Pepino,2011,2012,28.415575,-108.92544,1595.0,5,4.0,1.0,569.3314067624591,5.37105100719301,3.208638066956867,7.405748400380136,24.638113207547168,20.08,29.835,32.027830188679246,23.01,40.65,17.248396226415096,12.31,20.09,58.642547169811316,12.58,90.18,24.259528301886796,13.18,33.39,0.5516037735849056,0.25,1.07,427.99000000000007,4.037641509433963,0.0,19.73,256.794,2.422584905660377,0.0,11.838,15.72681291279997,9.709426273671044,19.360712805948857,0.7517414197010378,64,31,27,0,494.4915357642987,4.6650144883424405,3.0608217890992875,7.285513230110437,182.16457775720656,1.718533752426477,0.0,6.296380799553491,312.32695800709223,2.9464807359159644,0.0,7.285513230110437,1821.6457775720655,3123.2695800709225,4944.915357642988,237.69753576429872,0.3683876559699821,0.6316123440300181,6.4,13.0,13.0,83.2,5000.0,416000.0,284.6321527456352,488.01087188608165,772.6430246317168
Sonora,Yécora,69,Sahuaripa,146,Pepino,2012,2013,28.415575,-108.92544,1595.0,2,1.3333333333333333,0.0,522.1483496249544,4.925927826650514,2.8807988726692377,7.336141177832984,23.621933962264148,19.08,28.939999999999998,30.234811320754712,20.87,39.04,17.009056603773587,13.43,20.16,65.63349056603775,11.19,93.37,22.546132075471697,13.54,32.0,0.5070754716981132,0.23,1.06,555.4099999999999,5.239716981132074,0.0,27.16,333.246,3.143830188679245,0.0,16.296,14.850901605461948,9.667835360201613,18.942714577553822,1.063701533096746,73,42,21,0,452.54683466294006,4.269309760971133,2.160599154501928,6.897182688747533,216.97462592723286,2.0469304332757816,0.0,5.412,235.57220873570714,2.2223793276953505,0.0,6.897182688747533,2169.7462592723286,2355.7220873570714,4525.4683466294,119.30083466294008,0.47945231146923617,0.5205476885307637,6.29,6.5,6.5,40.88,6000.73,245310.0,344.95171053614126,374.5186148421417,719.470325378283
Sonora,Yécora,69,Sahuaripa,146,Pepino,2013,2014,28.415575,-108.92544,1595.0,2,1.6666666666666667,0.0,534.2617155913206,5.040204864069062,2.5649607957850944,7.540105918195712,24.324481132075476,19.335,28.48,31.490283018867927,21.67,39.5,17.15867924528302,13.19,20.35,62.0111320754717,11.5,89.2,22.71849056603774,10.95,32.91,0.5275471698113208,0.18,1.0,423.66,3.996792452830189,0.0,15.31,254.196,2.398075471698113,0.0,9.186,14.984194105901272,8.082719956535453,18.769432947910055,0.7929821427146307,67,40,23,0,464.7700542694412,4.384623153485294,1.923720596838821,6.772202870821183,195.59985917310067,1.8452816903122704,0.0,5.253460018244877,269.17019509634054,2.539341463173024,0.0,6.628202870821183,1955.9985917310066,2691.7019509634056,4647.700542694412,210.57405426944118,0.4208529731558513,0.5791470268441488,6.0,2.0,2.0,12.0,5500.0,66000.0,325.9997652885011,448.61699182723424,774.6167571157354
Sonora,Yécora,69,Sahuaripa,146,Pepino,2014,2015,28.415575,-108.92544,1595.0,2,1.6,0.0,523.8786318078558,4.942251243470337,2.731724267690417,7.493962942806091,23.8038679245283,19.75,30.560000000000002,30.066603773584905,22.87,41.85,17.5411320754717,14.33,20.51,67.78216981132074,10.06,90.96,22.63735849056604,12.79,32.0,0.5038679245283019,0.21,0.96,501.24000000000007,4.728679245283019,0.0,53.44,300.744,2.8372075471698115,0.0,32.064,15.039562557187653,9.140382281641722,19.778490764801056,0.9567864951282096,72,37,16,0,455.0456727583123,4.292883705267097,2.048793200767813,6.959991314191798,198.4971875036464,1.8726149764494942,0.0,5.036412327649416,256.54848525466593,2.4202687288176032,0.0,6.959991314191798,1984.9718750364639,2565.4848525466596,4550.456727583123,154.3016727583123,0.4362137679508797,0.5637862320491203,6.33,6.0,6.0,38.0,5700.0,216600.0,313.5816548240859,405.28986612111527,718.8715209452012
Sonora,Yécora,69,Sahuaripa,146,Pepino,2015,2016,28.415575,-108.92544,1595.0,0,0.0,0.0,518.4199053898628,4.890753824432668,1.8566434706023092,7.234628255461559,23.661415094339624,19.755,28.240000000000002,29.813113207547172,22.56,37.19,17.509716981132073,12.73,20.69,70.40141509433963,20.36,92.8,22.661886792452826,7.38,32.72,0.46971698113207555,0.22,1.01,580.9200000000001,5.480377358490567,0.0,22.51,348.55199999999996,3.288226415094339,0.0,13.506,15.14535908732259,6.0290281285175125,19.948184235148865,1.1205588249223104,84,55,7,0,453.2904693335061,4.276325182391567,1.3924826029517319,6.243583609462781,260.4037197014351,2.456638865107878,0.0,5.7780000000000005,192.88674963207097,1.8196863172836883,0.0,5.214197587533332,2604.0371970143506,1928.8674963207097,4532.90469333506,104.73846933350615,0.5744742881629933,0.42552571183700655,7.34,5.0,5.0,36.72,5600.0,205632.0,354.773460083699,262.7884872371539,617.5619473208528
Sonora,Yécora,69,Sahuaripa,146,Pepino,2016,2017,28.415575,-108.92544,1595.0,2,1.25,0.0,521.2402432693924,4.917360785560306,2.1547973470327073,7.4851703631842295,23.796933962264156,19.46,29.655,30.399433962264148,23.33,41.49,17.19443396226415,10.55,19.75,65.99566037735849,14.05,90.41,22.588584905660376,9.54,31.92,0.49188679245283023,0.25,0.94,545.56,5.146792452830188,0.0,25.88,327.33599999999996,3.088075471698113,0.0,15.527999999999999,14.98055137276366,7.264043021472561,19.18972131944812,1.0466574809689788,81,46,11,0,453.279127833159,4.276218187105274,1.6160980102745306,6.212400090123798,249.19117645694294,2.350860155254179,0.0,5.5686172629546205,204.08795137621604,1.9253580318510948,0.0,5.339164243737081,2491.9117645694296,2040.8795137621605,4532.79127833159,125.94312783315905,0.5497521530456706,0.4502478469543293,8.28,6.0,6.0,49.66,7200.0,357552.0,300.9555271219118,246.4830330630629,547.4385601849747
Sonora,Yécora,69,Sahuaripa,146,Pepino,2017,2018,28.415575,-108.92544,1595.0,1,1.0,0.0,531.8165262021246,5.017137039642685,2.6276455667862617,7.415117466955462,24.098915094339624,19.58,30.925,30.956509433962268,23.14,41.32,17.241320754716977,11.31,21.18,62.058113207547166,11.92,89.86,22.791037735849056,11.91,31.85,0.5166981132075472,0.26,1.07,448.68000000000006,4.232830188679246,0.0,23.9,269.20799999999997,2.539698113207547,0.0,14.339999999999998,14.949702789954179,8.665947929846066,19.332283700449747,0.8436744213350615,74,39,18,0,461.30088868833644,4.351895176305061,1.9707341750896963,7.415117466955462,211.05499990137747,1.9910849047299761,0.0,5.382000000000001,250.24588878695894,2.3608102715750845,0.0,7.409117466955462,2110.5499990137746,2502.4588878695895,4613.0088868833645,192.09288868833647,0.4575213381909832,0.5424786618090167,7.65,12.0,12.0,91.77,5275.0,484086.75,275.88888875997054,327.11880887184174,603.0076976318123
Sonora,Yécora,69,Sahuaripa,146,Pepino,2018,2019,28.415575,-108.92544,1595.0,2,1.5,0.0,525.6242566200415,4.958719402075863,2.36508747489963,7.535921857557217,24.033820754716984,19.625,29.200000000000003,30.47188679245283,22.55,39.46,17.59575471698113,13.07,20.3,66.93518867924529,10.83,91.3,22.647264150943393,9.24,31.79,0.5027358490566037,0.26,1.02,485.97999999999996,4.584716981132075,0.0,34.64,291.588,2.7508301886792457,0.0,20.784,15.065969008018817,7.350556894127381,19.772586454056814,0.9245768129595678,71,37,18,0,460.172437034132,4.341249405982377,1.4190524849397779,7.188640857606577,210.6150592963818,1.986934521663979,0.0,5.708163598802547,249.55737773775016,2.3543148843183976,0.0,7.188640857606577,2106.150592963818,2495.5737773775018,4601.72437034132,168.58443703413195,0.45768725448621345,0.5423127455137865,12.46,21.5,21.5,267.84,5150.0,1379376.0,169.03295288634172,200.2868200142457,369.3197729005874
Sonora,Yécora,69,Sahuaripa,146,Pepino,2019,2020,28.415575,-108.92544,1595.0,2,2.0,0.0,545.5404010448505,5.146607557026891,2.4640728215094017,7.324037443608783,24.320188679245284,19.21,29.575000000000003,31.18584905660377,21.52,40.05,17.45452830188679,11.76,20.73,62.065000000000005,18.42,92.97,23.184528301886797,11.4,32.93,0.5573584905660378,0.24,1.16,460.91,4.348207547169811,0.0,25.59,276.546,2.6089245283018867,0.0,15.354,15.216236156261338,8.449240881093043,19.488178722452886,0.8448686827176111,65,38,16,0,476.9058668734832,4.499111951636634,1.9279586546657759,7.324037443608783,189.91068702703862,1.7916102549720625,0.0,5.194416969613539,286.99517984644467,2.7075016966645724,0.0,7.324037443608783,1899.1068702703863,2869.9517984644467,4769.058668734833,200.3598668734832,0.39821419743074665,0.6017858025692535,17.04,20.0,20.0,340.72,5700.0,1942104.0,111.44993370131375,168.4244013183361,279.87433501964983
Sonora,Yécora,69,Sahuaripa,146,Pepino,2020,2021,28.415575,-108.92544,1595.0,1,1.0,0.0,576.8893421547923,5.442352284479172,2.6348226466002274,7.355937812620046,25.15556603773585,21.009999999999998,28.94,32.552264150943394,25.56,39.18,17.758867924528303,12.45,20.4,60.38688679245282,19.43,86.43,24.605,11.11,32.36,0.5282075471698113,0.29,0.99,349.01000000000005,3.2925471698113213,0.0,17.59,209.40599999999998,1.9755283018867922,0.0,10.554,16.146914814702413,8.283819442404075,19.653719045838447,0.6049860423775222,63,29,29,0,507.80419991623756,4.790605659587147,2.562431709995621,7.355937812620046,174.92459687667304,1.6502320460063493,0.0,5.462252377331156,332.8796030395646,3.140373613580798,0.0,7.355937812620046,1749.2459687667304,3328.796030395646,5078.041999162377,298.39819991623756,0.3444725287926466,0.6555274712073534,16.3,20.0,20.0,326.06,5000.0,1630300.0,107.31570360532088,204.22061536169608,311.53631896701694
Sonora,Yécora,69,Sahuaripa,146,Pepino,2021,2022,28.415575,-108.92544,1595.0,4,2.1666666666666665,0.3333333333333333,538.6144988892959,5.0812688574461875,2.980847833406086,7.4388627659845294,24.125613207547172,20.505,29.975,30.70122641509434,23.95,41.32,17.55,12.6,20.06,66.23311320754718,12.15,89.92,23.311698113207548,13.82,31.72,0.48603773584905663,0.24,1.0,562.07,5.302547169811321,0.0,25.2,337.242,3.1815283018867926,0.0,15.12,15.379515976163457,9.789032359011713,18.78430653877165,1.043547845739528,77,50,13,0,468.23581514573004,4.417319010808774,2.2356358750545646,6.378682963949303,248.96096364430778,2.3486883362670548,0.0,5.5068961705764625,219.27485150142226,2.0686306745417196,0.0,5.670691689205283,2489.6096364430778,2192.7485150142224,4682.3581514573,130.99381514573003,0.531699958848349,0.4683000411516511,10.0,8.0,8.0,80.0,5500.0,440000.0,248.96096364430778,219.27485150142223,468.23581514573004
Sonora,Yécora,69,Sahuaripa,146,Avena forrajera en verde,2012,2013,28.415575,-108.92544,1595.0,4,2.5,0.3333333333333333,475.88785956423914,3.011948478254678,0.8939440546883396,5.687073434990883,12.444018987341773,3.0749999999999997,20.215,21.04943037974683,9.03,30.41,3.838607594936709,-3.64,10.38,44.304113924050625,14.2,95.07,18.165379746835445,4.54,29.14,0.7468987341772152,0.41,1.1,127.91,0.8095569620253165,0.0,30.03,102.328,0.6476455696202532,0.0,24.024,9.418820045443768,3.8598176294268978,16.10807498366006,0.26878180947319097,15,5,0,107,438.15755457514666,2.773149079589536,0.2950440975625171,5.118366091491795,24.556016417097045,0.15541782542466484,0.0,2.608,413.6015381580496,2.617731254164871,0.0,5.118366091491795,245.56016417097044,4136.015381580496,4381.575545751466,335.82955457514663,0.05604380470150159,0.9439561952984984,0.0,20.0,0.0,0.0,0.0,0.0,,,
Sonora,Yécora,69,Sahuaripa,146,Avena forrajera en verde,2015,2016,28.415575,-108.92544,1595.0,0,0.0,0.0,436.0977232270328,2.777692504630782,0.8330538690647731,5.562954865759024,13.911815286624206,4.045,21.810000000000002,21.66630573248408,9.75,31.6,6.157324840764331,-3.25,15.44,51.84974522292993,25.43,92.94,16.208343949044586,3.21,27.51,0.6680891719745223,0.41,0.99,173.28,1.1036942675159236,0.0,34.04,138.62399999999997,0.8829554140127387,0.0,27.232,8.809416881521484,3.497622331745643,16.378669545699562,0.397342134046846,20,10,0,54,402.5673196454354,2.5641230550664678,0.32377055262366844,5.006659379183121,33.864432691781865,0.21569702351453418,0.0,2.502093946279834,368.70288695365355,2.3484260315519334,0.0,5.006659379183121,338.64432691781866,3687.0288695365352,4025.6731964543537,263.94331964543545,0.08412116691838833,0.9158788330816117,6.3,4.0,4.0,25.2,680.0,17136.0,53.753067764733125,585.2426777042119,638.9957454689451
Sonora,Yécora,69,Sahuaripa,146,Avena forrajera en verde,2017,2018,28.415575,-108.92544,1595.0,1,1.0,0.0,483.9517382867233,3.0824951483230785,1.0396263085630693,5.624266573725149,14.95394904458599,6.415,23.155,23.195605095541403,10.38,32.4,6.712292993630573,-0.48,16.64,45.664394904458604,18.28,88.95,17.438471337579617,3.42,29.02,0.7297452229299363,0.35,1.27,69.99,0.445796178343949,0.0,15.15,55.992000000000004,0.3566369426751593,0.0,12.120000000000001,9.2281715974632,3.44919084581162,16.227939481645937,0.14462185888158446,13,4,0,51,442.5241782437215,2.818625339131984,0.687653271016856,5.061839916352634,22.353549626009364,0.14237929698095136,0.0,2.2785080024115243,420.17062861771217,2.676246042151033,0.0,5.061839916352634,223.53549626009365,4201.706286177122,4425.241782437216,386.5321782437215,0.05051373625442468,0.9494862637455753,6.5,2.5,2.5,16.25,850.0,13812.5,34.39007634770672,646.4163517195573,680.8064280672639
Sonora,Yécora,69,Sahuaripa,146,Avena forrajera en verde,2018,2019,28.415575,-108.92544,1595.0,3,2.090909090909091,0.36363636363636365,480.8285424101031,3.062602180956071,0.9391623424387032,5.674264969345542,15.46044585987261,6.3149999999999995,22.384999999999998,23.748662420382164,10.59,31.72,7.1722292993630585,-0.7,14.14,41.94949044585987,13.53,91.1,17.08929936305732,2.72,28.39,0.7096178343949044,0.38,1.09,76.27,0.485796178343949,0.0,16.25,61.016000000000005,0.38863694267515925,0.0,13.0,8.970227657446548,3.189783013650109,15.949575761762688,0.1586220310834805,11,6,0,43,440.56783617169333,2.806164561603142,0.9171800432641486,5.106838472410987,17.725118306785895,0.11289884271838149,0.0,2.0057087384287455,422.84271786490746,2.693265718884761,0.0,5.106838472410987,177.25118306785896,4228.427178649074,4405.678361716933,379.5518361716933,0.04023243834776503,0.959767561652235,7.1,8.0,8.0,56.8,870.0,49416.0,24.964955361670278,595.5531237533908,620.518079115061
Sonora,Yécora,69,Sahuaripa,146,Avena forrajera en verde,2019,2020,28.415575,-108.92544,1595.0,0,0.0,0.0,432.1251305288405,2.7523893664257355,0.821222601524,5.4714649755769775,12.70824840764331,2.5549999999999997,19.189999999999998,20.393503184713374,8.94,29.06,5.022993630573249,-4.53,12.08,53.24426751592356,27.31,90.66,16.56012738853503,2.69,28.35,0.6952866242038216,0.4,1.1,202.09,1.2871974522292995,0.0,23.36,161.67200000000003,1.0297579617834396,0.0,18.688,9.004186721784487,3.169807878468747,16.40653531251125,0.46766546475248866,19,14,0,74,395.2566678623319,2.5175583940275916,0.6697572273415651,4.92431847801928,32.81343061301078,0.20900274275803044,0.0,3.0557437093603244,362.4432372493211,2.308555651269561,0.0,4.92431847801928,328.1343061301078,3624.432372493211,3952.5666786233187,233.58466786233186,0.08301803177787179,0.9169819682221282,7.3,10.0,10.0,73.0,800.0,58400.0,44.949904949329834,496.4975852730426,541.4474902223724
Sonora,Yécora,69,Sahuaripa,146,Avena forrajera en verde,2022,2023,28.415575,-108.92544,1595.0,2,1.0909090909090908,0.0,493.9959218237929,3.146470839641993,0.6749991984536516,5.61151796040569,14.343152866242038,6.615,20.295,22.80210191082803,8.65,31.77,5.88420382165605,-1.84,12.83,40.53885350318471,8.3,95.02,18.044267515923565,2.05,28.36,0.7518471337579619,0.38,1.29,71.94,0.4582165605095541,0.0,32.22,57.552,0.3665732484076433,0.0,25.776,9.310821610675852,2.8681521453671617,16.332860550439346,0.1456287325903488,10,4,0,64,448.2553497933317,2.855129616518036,0.7762490782216993,5.050366164365121,15.832894351425022,0.10084646083710205,0.0,2.186613817013392,432.4224554419067,2.7542831556809344,0.0,5.050366164365121,158.32894351425023,4324.224554419067,4482.553497933318,390.70334979333165,0.03532114978376674,0.9646788502162335,1.35,8.0,8.0,10.8,30000.0,324000.0,117.2806988994446,3203.1292995696795,3320.4099984691243
Sonora,Yécora,69,Sahuaripa,146,Avena forrajera en verde,2023,2024,28.415575,-108.92544,1595.0,1,1.0,0.0,453.38413825851916,2.8877970589714597,0.7748004403053074,5.539687386973651,12.665159235668789,4.42,20.19,20.692292993630574,10.13,28.64,4.638025477707006,-3.98,13.62,47.975605095541404,20.6,90.54,17.341592356687897,2.89,28.55,0.7429299363057325,0.39,1.1,76.97999999999999,0.49031847133757955,0.0,16.74,61.584,0.39225477707006373,0.0,13.392,9.166178817531557,3.304283044168545,16.052795218647947,0.1697897952400489,11,6,0,90,417.27174902901686,2.657781840949152,0.691615083121072,4.985718648276286,16.16097584752612,0.10293615189507084,0.0,1.9644644103934898,401.1107731814907,2.5548456890540807,0.0,4.985718648276286,161.6097584752612,4011.107731814907,4172.717490290168,355.68774902901686,0.038730098275601914,0.961269901724398,1.28,8.0,8.0,10.24,33000.0,337920.0,126.25762380879782,3133.6779154803958,3259.9355392891935
Sonora,Yécora,69,Sahuaripa,146,Maíz grano,2010,2011,28.415575,-108.92544,1595.0,1,1.0,0.0,918.879392794325,5.373563700551608,2.4631460849569593,7.238579717986292,22.01388888888889,8.36,28.865000000000002,29.85730994152047,15.03,37.95,14.170467836257313,0.5,20.14,52.70549707602339,12.81,87.48,25.461637426900584,10.23,32.69,0.6708771929824562,0.26,1.34,533.79,3.121578947368421,0.0,25.39,320.274,1.8729473684210527,0.0,15.234,16.069888675966713,7.928796389910516,20.18681291594867,0.5809141049259329,69,42,16,10,824.5684936403939,4.8220379745052275,0.7882104234509237,8.68629566158355,200.9294123496666,1.1750258032144245,0.0,5.679662869453922,623.6390812907271,3.6470121712908017,0.0,8.68629566158355,2009.2941234966659,6236.390812907271,8245.684936403937,504.29449364039385,0.2436782558384953,0.7563217441615044,1.0,40.0,40.0,40.16,3500.0,140560.0,2009.2941234966659,6236.390812907271,8245.684936403937
Sonora,Yécora,69,Sahuaripa,146,Maíz grano,2011,2012,28.415575,-108.92544,1595.0,5,4.0,1.0,966.2463093233521,5.650563212417263,3.208638066956867,7.405748400380136,22.7187134502924,10.885,29.835,31.12836257309942,18.97,40.65,14.309064327485382,2.8,20.09,46.141228070175444,5.9,90.18,26.27298245614035,13.18,33.49,0.7154970760233917,0.25,1.27,429.09000000000003,2.509298245614035,0.0,19.73,257.4539999999999,1.5055789473684205,0.0,11.838,16.19849967295412,9.709426273671044,19.60379736979351,0.4440793158635559,64,31,30,2,855.1078578590243,5.0006307477135925,1.2936672034247398,8.886898080456163,173.9153561742437,1.017048866516045,0.0,7.555656959464189,681.1925016847806,3.9835818811975474,0.0,8.886898080456163,1739.153561742437,6811.925016847807,8551.078578590244,597.6538578590244,0.2033841164899176,0.7966158835100824,2.0,222.0,222.0,444.0,3000.0,1332000.0,869.5767808712185,3405.9625084239033,4275.539289295122
Sonora,Yécora,69,Sahuaripa,146,Maíz grano,2012,2013,28.415575,-108.92544,1595.0,2,1.6,0.0,915.7941347282965,5.355521255721032,2.8807988726692377,7.446659696702888,22.38464912280702,11.775,28.939999999999998,30.24286549707602,20.51,39.04,14.526432748538012,1.26,20.16,50.063918128654976,7.8,93.37,24.9019298245614,13.54,33.59,0.6688304093567252,0.23,1.18,560.4499999999999,3.277485380116959,0.0,27.16,336.27,1.9664912280701754,0.0,16.296,15.503524081292353,9.667835360201613,18.942714577553822,0.6119825174096335,75,42,27,5,810.9188849153475,4.742215701259342,1.4301364469511606,8.935991636043465,212.29410313150916,1.2414859832251999,0.0,6.30008183740383,598.6247817838384,3.500729718034143,0.0,8.935991636043465,2122.9410313150915,5986.247817838384,8109.1888491534755,474.6488849153475,0.26179449890807605,0.7382055010919242,2.2,123.75,123.75,272.25,3061.98,833624.06,964.9731960523143,2721.0217353810835,3685.994931433398
Sonora,Yécora,69,Sahuaripa,146,Maíz grano,2013,2014,28.415575,-108.92544,1595.0,2,1.4,0.0,919.0188335052393,5.374379143305493,2.5649607957850944,7.540105918195712,22.448011695906438,10.735000000000001,28.48,30.614970760233916,19.36,39.5,14.281052631578946,1.6,20.35,49.491169590643274,7.69,89.2,25.07818713450293,10.95,32.91,0.6801754385964912,0.18,1.29,435.15999999999997,2.5447953216374266,0.0,15.31,261.09599999999995,1.5268771929824558,0.0,9.186,15.696678589557195,8.082719956535453,19.632593190218486,0.473504986116826,71,41,24,2,808.7173749280649,4.729341373848333,1.373652736189781,9.048127101834854,200.22334870726976,1.170896776065905,0.0,6.304152021893852,608.4940262207951,3.5584445977824277,0.0,9.048127101834854,2002.2334870726977,6084.9402622079515,8087.17374928065,547.621374928065,0.24758136144296336,0.7524186385570366,1.0,117.0,117.0,117.0,3493.16,408699.72,2002.2334870726977,6084.9402622079515,8087.17374928065
Sonora,Yécora,69,Sahuaripa,146,Maíz grano,2014,2015,28.415575,-108.92544,1595.0,2,1.7777777777777777,0.0,895.7745433767308,5.238447622086145,1.9099751436249661,7.493962942806091,22.27669590643275,12.53,30.560000000000002,29.694327485380125,20.89,41.85,14.859064327485381,2.25,20.51,52.785789473684204,8.36,90.96,24.347953216374265,8.25,32.28,0.6656140350877192,0.21,1.27,521.97,3.0524561403508774,0.0,53.44,313.18199999999996,1.8314736842105261,0.0,32.064,15.363557015336541,6.453517862215234,19.778490764801056,0.5827024264748257,74,38,18,4,803.172550741078,4.696915501409813,1.014648171547921,8.992755531367308,186.5425913642064,1.0908923471591017,0.0,6.0436947931792995,616.6299593768715,3.6060231542507104,0.0,8.992755531367308,1865.425913642064,6166.299593768716,8031.72550741078,489.99055074107804,0.23225717959619724,0.7677428204038026,0.9,150.0,150.0,135.0,3593.78,485160.3,2072.6954596022933,6851.44399307635,8924.139452678643
Sonora,Yécora,69,Sahuaripa,146,Maíz grano,2015,2016,28.415575,-108.92544,1595.0,0,0.0,0.0,851.948193222918,4.9821531767422105,1.8566434706023092,7.234628255461559,21.504064327485377,13.375,28.240000000000002,28.53017543859649,18.07,37.19,14.477953216374269,4.43,20.69,61.17415204678363,20.36,92.8,23.903859649122808,7.38,32.83,0.6147368421052631,0.22,1.21,624.3000000000001,3.6508771929824566,0.0,22.51,374.5799999999999,2.1905263157894734,0.0,13.506,15.475233097638997,6.0290281285175125,19.948184235148865,0.7327910370210126,88,59,8,2,760.1753139310266,4.445469672111266,0.6765594290245006,8.681553906553871,258.7667643480667,1.5132559318600394,0.0,6.190537731440196,501.40854958295995,2.932213740251228,0.0,8.681553906553871,2587.6676434806673,5014.0854958295995,7601.753139310267,385.5953139310267,0.3404040615446051,0.6595959384553949,2.0,175.75,175.75,351.5,3400.0,1195100.0,1293.8338217403336,2507.0427479147997,3800.8765696551336
Sonora,Yécora,69,Sahuaripa,146,Maíz grano,2016,2017,28.415575,-108.92544,1595.0,2,1.625,0.0,892.3548590147266,5.218449467922378,2.1547973470327073,7.4851703631842295,21.886637426900585,10.969999999999999,29.655,29.710467836257315,20.95,41.49,14.062807017543859,0.99,19.75,53.49198830409356,12.74,90.41,24.615438596491227,8.01,33.11,0.6680116959064327,0.25,1.33,558.15,3.2640350877192983,0.0,25.88,334.89,1.9584210526315788,0.0,15.527999999999999,15.600685498640589,6.567281717904279,19.54187636466029,0.6254798686435895,83,47,11,6,796.4521493289336,4.6576149083563365,0.9444222560727045,8.982204435821075,230.7645192725391,1.349500112704907,0.0,6.6823407155455445,565.6876300563946,3.3081147956514303,0.0,8.982204435821075,2307.645192725391,5656.876300563946,7964.521493289337,461.56214932893363,0.28974059454415974,0.7102594054558404,2.1,110.0,110.0,231.0,3758.0,868098.0,1098.8786632025672,2693.7506193161644,3792.6292825187315
Sonora,Yécora,69,Sahuaripa,146,Maíz grano,2017,2018,28.415575,-108.92544,1595.0,1,1.0,0.0,923.5922977543513,5.40112454827106,2.6276455667862617,7.415117466955462,22.648011695906426,11.685,30.925,30.573333333333338,19.43,41.32,14.722690058479532,3.94,21.18,49.85011695906432,10.0,89.86,25.22298245614035,11.91,32.9,0.6747368421052632,0.26,1.45,461.57,2.699239766081871,0.0,23.9,276.942,1.619543859649123,0.0,14.339999999999998,15.715981259559424,8.665947929846066,19.644809983555476,0.49975514209275507,77,40,22,5,814.3726717948751,4.762413285350147,1.2109292907436975,8.898140960346554,197.69265311530611,1.156097386639217,0.0,5.737816646378099,616.6800186795689,3.606315898710929,0.0,8.892140960346554,1976.9265311530612,6166.800186795689,8143.72671794875,537.4306717948751,0.2427545274568117,0.7572454725431881,1.9,223.0,223.0,423.7,4220.0,1788014.0,1040.4876479752954,3245.6843088398364,4286.171956815132
Sonora,Yécora,69,Sahuaripa,146,Maíz grano,2018,2019,28.415575,-108.92544,1595.0,4,3.0,0.6666666666666666,918.0837279278004,5.36891068963626,2.36508747489963,7.535921857557217,22.987573099415204,15.145000000000001,29.200000000000003,30.610760233918125,22.55,39.46,15.36438596491228,2.62,20.3,51.360526315789485,8.86,91.3,24.71111111111111,9.24,32.95,0.6657309941520468,0.26,1.3,516.35,3.019590643274854,0.0,34.64,309.81,1.8117543859649123,0.0,20.784,15.525833142145972,7.350556894127381,19.772586454056814,0.5624214701696648,74,39,24,1,812.6835840978672,4.752535579519691,1.3013827198028571,9.04310622906866,195.3652977486986,1.1424871213374186,0.0,6.360101393419857,617.3182863491686,3.6100484581822725,0.0,9.04310622906866,1953.652977486986,6173.182863491686,8126.8358409786715,502.8735840978672,0.24039527999764762,0.7596047200023524,1.92,243.5,243.5,467.52,4560.0,2131891.2,1017.5275924411385,3215.1994080685863,4232.727000509725
Sonora,Yécora,69,Sahuaripa,146,Maíz grano,2019,2020,28.415575,-108.92544,1595.0,2,1.8333333333333333,0.0,915.6312555723483,5.354568746037125,2.4640728215094017,7.324037443608783,22.013391812865496,11.78,29.575000000000003,29.81760233918129,20.01,40.05,14.209181286549708,2.95,20.73,52.94304093567251,18.42,92.97,25.269356725146203,11.4,32.93,0.7007017543859648,0.24,1.3,479.8999999999999,2.806432748538011,0.0,25.59,287.93999999999994,1.6838596491228066,0.0,15.354,15.95686138529603,8.449240881093043,19.677008813086736,0.5241192860984427,70,39,16,3,821.4874576679595,4.8040202202804645,1.278950184191425,8.788844932330539,179.45706406636123,1.0494565150079604,0.0,6.233300363536247,642.0303936015982,3.7545637052725045,0.0,8.788844932330539,1794.5706406636123,6420.303936015982,8214.874576679595,533.5474576679595,0.21845380886983273,0.7815461911301672,2.1,250.0,250.0,525.0,4308.57,2261999.25,854.5574479350535,3057.287588579039,3911.8450365140925
Sonora,Yécora,69,Sahuaripa,146,Maíz grano,2020,2021,28.415575,-108.92544,1595.0,1,1.0,0.0,948.0372808104441,5.544077665558153,1.69220884368896,7.355937812620046,23.22842105263158,11.045,28.94,31.326491228070175,15.62,39.18,15.130350877192983,2.57,20.4,51.97888888888888,19.43,86.43,25.78549707602339,7.92,32.36,0.6499415204678363,0.29,1.12,385.24999999999994,2.2529239766081868,0.0,17.59,231.15,1.3517543859649124,0.0,10.554,16.375093232241728,6.413505891938263,19.653719045838447,0.4063658758974785,68,32,36,2,843.0364693743879,4.93003783259876,0.507662653106688,8.827125375144055,192.33143463767925,1.1247452317992939,0.0,7.150259327881844,650.7050347367087,3.8052926007994663,0.0,8.827125375144055,1923.3143463767924,6507.050347367087,8430.364693743879,611.886469374388,0.2281412983004249,0.7718587016995752,1.7,303.0,180.0,306.0,4500.0,1377000.0,1131.3613802216425,3827.676674921816,4959.038055143458
Sonora,Yécora,69,Sahuaripa,146,Maíz grano,2021,2022,28.415575,-108.92544,1595.0,4,2.9,0.6,921.6839126606747,5.389964401524413,2.980847833406086,7.4388627659845294,22.59166666666667,13.33,29.975,30.223918128654972,20.22,41.32,14.959415204678365,4.02,20.06,52.70807017543859,11.8,89.92,25.16362573099415,13.82,32.62,0.6574269005847954,0.24,1.24,568.6800000000001,3.3256140350877197,0.0,25.2,341.208,1.9953684210526317,0.0,15.12,15.844361553873409,9.789032359011713,19.59903719529975,0.6170011130587718,78,50,13,2,816.7367919186806,4.77623854923205,1.1417469107564453,8.926635319181434,236.59975088916826,1.3836242742056624,0.0,6.497012307928091,580.1370410295124,3.3926142750263883,0.0,8.926635319181434,2365.9975088916826,5801.370410295123,8167.367919186806,475.5287919186806,0.2896891057562711,0.7103108942437288,2.7,287.0,287.0,774.9,5000.0,3874500.0,876.2953736635861,2148.655707516712,3024.9510811802984
Sonora,Yécora,69,Sahuaripa,146,Maíz grano,2022,2023,28.415575,-108.92544,1595.0,3,2.4285714285714284,0.42857142857142855,888.0434579044789,5.193236595932626,1.9947258660468492,7.2316518286257,22.508625730994154,15.14,28.099999999999998,29.938187134502925,21.09,38.19,15.079064327485384,5.15,19.74,56.34654970760233,5.41,96.76,24.20578947368421,8.46,32.41,0.6422222222222221,0.26,1.26,696.4900000000001,4.073040935672515,0.0,38.64,417.894,2.443824561403509,0.0,23.184,15.309774310007185,6.634110101947739,19.72729204290307,0.7842972028007632,87,53,12,0,783.9146254186733,4.58429605507996,1.1968355196281095,8.67798219435084,253.51278864498107,1.4825309277484273,0.0,6.364670770804238,530.4018367736921,3.1017651273315328,0.0,8.67798219435084,2535.127886449811,5304.018367736921,7839.146254186732,366.02062541867326,0.323393365074143,0.6766066349258569,3.3,220.0,220.0,726.0,6286.09,4563701.34,768.2205716514578,1607.2782932536127,2375.4988649050706
Sonora,Yécora,69,Sahuaripa,146,Maíz grano,2023,2024,28.415575,-108.92544,1595.0,4,2.7,0.6,976.4664731937045,5.710330252594763,2.922061137917782,7.309859653832403,23.821052631578947,13.305,32.095,32.43812865497076,22.49,41.74,15.203976608187135,2.18,23.84,43.536608187134505,13.66,82.44,26.038713450292402,12.47,32.61,0.7153216374269006,0.27,1.16,308.67,1.8050877192982457,0.0,18.91,185.20199999999997,1.0830526315789473,0.0,11.346,16.203482571334046,9.064582832155818,19.93462961215566,0.31610916347229084,50,20,45,5,860.9081519497447,5.034550596197337,1.4701165135150445,8.771831584598884,137.64930772985497,0.8049667118704968,0.0,6.617999999999999,723.2588442198897,4.229583884326841,0.0,8.771831584598884,1376.4930772985497,7232.588442198898,8609.081519497448,675.7061519497447,0.1598884938168064,0.8401115061831936,3.14,25.0,25.0,78.5,6600.39,518130.62,438.37359149635336,2303.3721153499673,2741.745706846321
Sonora,Yécora,69,Sahuaripa,146,Maíz forrajero en verde,2015,2016,28.415575,-108.92544,1595.0,0,0.0,0.0,808.5830938702932,5.0222552414303925,1.8566434706023092,7.234628255461559,21.455496894409936,13.375,28.240000000000002,28.56329192546584,18.07,37.19,14.347701863354038,4.43,20.69,60.05931677018633,20.36,92.8,24.05037267080745,7.38,32.83,0.6285714285714286,0.22,1.21,591.81,3.67583850931677,0.0,22.51,355.086,2.2055031055900622,0.0,13.506,15.559520634910616,6.0290281285175125,19.948184235148865,0.7319099353998287,81,56,8,2,816.8049206226992,5.0733224883397465,0.6765594290245006,8.681553906553871,280.1704997385208,1.7401894393696944,0.0,6.190537731440196,536.6344208841786,3.333133048970053,0.0,8.681553906553871,2801.704997385208,5366.344208841785,8168.049206226993,461.7189206226992,0.34300785005669415,0.656992149943306,6.7,10.75,10.75,72.03,680.0,48980.4,418.16492498286686,800.9468968420574,1219.1118218249244
Sonora,Yécora,69,Sahuaripa,146,Maíz forrajero en verde,2016,2017,28.415575,-108.92544,1595.0,2,1.625,0.0,846.7048431937942,5.2590362931291565,2.1547973470327073,7.4851703631842295,21.874503105590062,10.969999999999999,29.655,29.784720496894412,20.95,41.49,13.964285714285714,0.99,19.75,52.335031055900615,12.74,90.41,24.720931677018633,8.01,33.11,0.6814285714285714,0.25,1.33,525.71,3.26527950310559,0.0,25.88,315.426,1.959167701863354,0.0,15.527999999999999,15.659153570295105,6.567281717904279,19.54187636466029,0.6208893266950113,79,44,11,6,845.7168608376846,5.252899756755805,0.9444222560727045,8.982204435821075,253.54639318562707,1.5748223179231495,0.0,6.6823407155455445,592.1704676520576,3.678077438832656,0.0,8.982204435821075,2535.463931856271,5921.704676520576,8457.168608376847,530.2908608376847,0.2998005655633834,0.7001994344366166,7.0,15.0,15.0,105.0,700.0,73500.0,362.20913312232443,845.9578109315108,1208.1669440538353
Sonora,Yécora,69,Sahuaripa,146,Maíz forrajero en verde,2017,2018,28.415575,-108.92544,1595.0,1,1.0,0.0,877.7899829780177,5.452111695515638,2.6276455667862617,7.415117466955462,22.613850931677018,11.685,30.925,30.603602484472052,19.43,41.32,14.624099378881988,3.94,21.18,48.55018633540373,10.0,89.86,25.403354037267082,11.91,32.9,0.6890683229813664,0.26,1.45,439.05,2.7270186335403728,0.0,23.9,263.43,1.6362111801242236,0.0,14.339999999999998,15.794170580594226,8.665947929846066,19.644809983555476,0.5001765895191299,70,38,22,5,869.3132154453579,5.3994609654991175,1.2109292907436975,8.898140960346554,215.57478862750122,1.3389738424068398,0.0,5.737816646378099,653.7384268178565,4.060487123092276,0.0,8.892140960346554,2155.747886275012,6537.384268178565,8693.132154453579,605.8832154453578,0.24798287291314225,0.7520171270868576,6.5,33.5,33.5,217.75,850.0,185087.5,331.6535209653865,1005.7514258736254,1337.404946839012
Sonora,Yécora,69,Sahuaripa,146,Maíz forrajero en verde,2018,2019,28.415575,-108.92544,1595.0,4,3.0,0.6666666666666666,872.3341192342659,5.418224343069975,2.36508747489963,7.535921857557217,22.998229813664597,15.145000000000001,29.200000000000003,30.654596273291922,22.55,39.46,15.341863354037267,2.62,20.3,50.14925465838508,8.86,91.3,24.847142857142856,9.24,32.95,0.6831055900621119,0.26,1.3,483.73,3.0045341614906835,0.0,34.64,290.23800000000006,1.8027204968944104,0.0,20.784,15.587146437286409,7.350556894127381,19.772586454056814,0.5545237648443898,70,37,24,1,865.8205780163129,5.377767565318713,1.3013827198028571,9.04310622906866,224.70898562237528,1.3957079852321446,0.0,6.360101393419857,641.1115923939376,3.982059580086569,0.0,9.04310622906866,2247.0898562237526,6411.115923939376,8658.205780163129,575.5825780163128,0.2595329694487136,0.7404670305512864,7.2,17.0,17.0,122.4,870.0,106488.0,312.09581336441005,890.4327672138022,1202.5285805782123
Sonora,Yécora,69,Sahuaripa,146,Maíz forrajero en verde,2019,2020,28.415575,-108.92544,1595.0,2,2.0,0.0,877.9951867097229,5.453386252855422,2.4640728215094017,7.324037443608783,22.060714285714287,11.78,29.575000000000003,30.018136645962734,20.01,40.05,14.10329192546584,2.95,20.73,51.15260869565217,18.42,92.97,25.67590062111801,11.4,32.93,0.7199378881987577,0.24,1.3,434.08,2.696149068322981,0.0,25.59,260.448,1.6176894409937888,0.0,15.354,16.174135360769007,8.449240881093043,19.677008813086736,0.49439906570184045,62,35,16,3,880.4748346801939,5.468787793044683,1.278950184191425,8.788844932330539,195.7253047738804,1.215685122819133,0.0,6.233300363536247,684.7495299063135,4.253102670225549,0.0,8.788844932330539,1957.253047738804,6847.495299063135,8804.748346801938,620.0268346801939,0.22229517195113446,0.7777048280488654,7.4,20.0,20.0,148.0,814.36,120525.28,264.49365509983835,925.3372025760992,1189.8308576759375
Sonora,Yécora,69,Sahuaripa,146,Maíz forrajero en verde,2020,2021,28.415575,-108.92544,1595.0,1,1.0,0.0,901.7358032206718,5.600843498265042,1.69220884368896,7.355937812620046,23.225683229813665,11.045,28.94,31.35322981366459,15.62,39.18,15.098136645962734,2.57,20.4,51.20130434782609,19.43,86.43,25.978633540372666,7.92,32.36,0.6664596273291925,0.29,1.12,364.52,2.2640993788819874,0.0,17.59,218.712,1.3584596273291925,0.0,10.554,16.494020334772845,6.413505891938263,19.653719045838447,0.40424257160253296,63,30,36,2,910.9478034543893,5.6580608910210515,0.507662653106688,8.827125375144055,192.20048099278836,1.1937918074086233,0.0,7.150259327881844,718.747322461601,4.464269083612429,0.0,8.827125375144055,1922.0048099278836,7187.47322461601,9109.478034543894,692.2358034543893,0.21098956522420745,0.7890104347757927,6.5,25.0,10.0,65.0,755.0,49075.0,295.6930476812129,1105.7651114793862,1401.458159160599
Sonora,Yécora,69,Sahuaripa,146,Maíz forrajero en verde,2021,2022,28.415575,-108.92544,1595.0,4,2.9,0.6,873.8214755355772,5.427462580966318,2.980847833406086,7.4388627659845294,22.58549689440994,13.33,29.975,30.231863354037266,20.22,41.32,14.939130434782607,4.02,20.06,51.6276397515528,11.8,89.92,25.248385093167702,13.82,32.62,0.6716149068322981,0.24,1.24,561.6700000000001,3.488633540372671,0.0,25.2,337.00199999999995,2.0931801242236023,0.0,15.12,15.881514726364127,9.789032359011713,19.59903719529975,0.6427743145769504,76,50,13,2,870.933723249035,5.4095262313604655,1.1417469107564453,8.926635319181434,265.3958542464242,1.6484214549467342,0.0,6.497012307928091,605.5378690026108,3.761104776413732,0.0,8.926635319181434,2653.9585424642423,6055.378690026108,8709.33723249035,533.931723249035,0.3047256607039625,0.6952743392960375,7.4,22.0,22.0,162.8,755.45,122987.26,358.64304627895166,818.2944175710957,1176.9374638500474
Sonora,Yécora,69,Sahuaripa,146,Maíz forrajero en verde,2022,2023,28.415575,-108.92544,1595.0,3,2.4285714285714284,0.42857142857142855,842.9699685528481,5.235838313992845,1.9947258660468492,7.2316518286257,22.522981366459625,15.14,28.099999999999998,30.031863354037267,21.09,38.19,15.014099378881987,5.15,19.74,54.93242236024844,5.41,96.76,24.310621118012417,8.46,32.41,0.6562732919254658,0.26,1.26,667.4499999999999,4.145652173913043,0.0,38.64,400.46999999999997,2.4873913043478257,0.0,23.184,15.34817402924287,6.634110101947739,19.72729204290307,0.7917838415356973,83,51,12,0,828.64077406668,5.146837106004224,1.494184317905166,8.67798219435084,285.91414674679373,1.7758642655080357,0.0,6.364670770804238,542.7266273198862,3.370972840496188,0.0,8.67798219435084,2859.141467467937,5427.266273198862,8286.4077406668,428.17077406668005,0.3450399204273123,0.6549600795726876,8.2,30.0,30.0,246.0,822.2,202261.2,348.67578871560215,661.8617406340077,1010.5375293496098
Sonora,Yécora,69,Sahuaripa,146,Maíz forrajero en verde,2023,2024,28.415575,-108.92544,1595.0,3,2.5555555555555554,0.5555555555555556,924.539503144718,5.742481385992037,2.922061137917782,7.309859653832403,23.725776397515528,13.305,32.095,32.3783850931677,22.49,41.74,15.073167701863353,2.18,23.84,43.025900621118005,13.66,82.44,26.152484472049686,12.47,32.61,0.7254037267080746,0.27,1.16,286.37,1.778695652173913,0.0,18.91,171.82199999999997,1.0672173913043477,0.0,11.346,16.27646055516106,9.064582832155818,19.93462961215566,0.3097433901157759,48,19,43,5,922.4849355821393,5.729720096783474,1.4701165135150445,8.771831584598884,148.54625122493897,0.9226475231362669,0.0,6.617999999999999,773.9386843572004,4.807072573647207,0.0,8.771831584598884,1485.4625122493896,7739.386843572003,9224.849355821392,750.6629355821393,0.16102837617743646,0.8389716238225635,7.79,30.0,30.0,233.7,904.42,211362.95,190.68838411417067,993.5028040528887,1184.1911881670594
Sonora,Yécora,69,Sahuaripa,146,Sorgo forrajero en verde,2010,2011,28.415575,-108.92544,1595.0,1,1.0,0.0,807.3916957229369,5.34696487233733,1.6484576232602624,7.238579717986292,19.623973509933773,6.555,28.865000000000002,28.411920529801325,13.24,37.95,10.836026490066224,-2.3,20.14,42.471125827814575,12.81,87.48,26.24185430463576,7.05,32.69,0.8086092715231787,0.3,1.34,284.93000000000006,1.8869536423841065,0.0,23.38,170.95799999999994,1.1321721854304632,0.0,14.027999999999999,15.953468429551803,5.658768250191899,20.18681291594867,0.35290182139522047,34,22,16,33,713.1448744724842,4.722813738228372,0.4945372869780787,7.172128217939605,99.32236161264278,0.6577639841896873,0.0,4.501939002473559,613.8225128598415,4.065049754038685,0.0,7.172128217939605,993.2236161264278,6138.225128598415,7131.448744724843,542.1868744724842,0.1392737509136722,0.860726249086328,10.0,80.0,80.0,800.0,450.0,360000.0,99.32236161264278,613.8225128598415,713.1448744724843
Sonora,Yécora,69,Sahuaripa,146,Sorgo forrajero en verde,2011,2012,28.415575,-108.92544,1595.0,5,4.0,1.0,872.1089273268371,5.775555810111504,3.208638066956867,7.405748400380136,21.278079470198676,10.885,29.835,30.695894039735098,18.97,40.65,11.860264900662253,2.8,20.09,32.224834437086095,5.9,82.59,27.217019867549666,13.18,33.49,0.8517218543046359,0.27,1.27,221.48000000000002,1.4667549668874174,0.0,18.67,177.18400000000003,1.173403973509934,0.0,14.936000000000002,15.975333485739982,9.709426273671044,19.60379736979351,0.25395910196547816,30,17,29,7,762.8328274700818,5.051873029603191,1.2301060957519823,7.293814210454905,91.41414308811024,0.6053916760802003,0.0,5.351923679620468,671.4186843819714,4.446481353522989,0.0,7.293814210454905,914.1414308811023,6714.186843819714,7628.328274700817,585.6488274700819,0.11983509334710099,0.8801649066528987,8.0,62.5,62.5,500.0,437.5,218750.0,114.26767886013779,839.2733554774643,953.5410343376021
Sonora,Yécora,69,Sahuaripa,146,Sorgo forrajero en verde,2012,2013,28.415575,-108.92544,1595.0,2,2.0,0.0,832.0044563752676,5.509963287253428,2.168714563272236,7.446659696702888,20.841622516556292,7.505000000000001,28.939999999999998,29.75642384105961,13.47,39.04,11.926821192052982,-0.69,20.16,36.03668874172185,7.8,93.37,26.049470198675493,12.49,33.59,0.8040397350993377,0.29,1.18,289.46,1.9169536423841058,0.0,18.6,173.67600000000002,1.1501721854304636,0.0,11.16,15.503865793276159,8.517326262948956,18.942714577553822,0.34790679038074984,36,22,27,21,735.0387675031695,4.867806407305759,0.6506143689816708,7.446659696702888,105.73585814529494,0.7002374711608936,0.0,4.921108015462757,629.3029093578748,4.167568936144866,0.0,7.446659696702888,1057.3585814529495,6293.029093578748,7350.387675031698,561.3627675031695,0.14385072300943502,0.8561492769905653,15.0,60.5,60.5,907.5,500.0,453750.0,70.4905720968633,419.5352729052499,490.0258450021132
Sonora,Yécora,69,Sahuaripa,146,Sorgo forrajero en verde,2013,2014,28.415575,-108.92544,1595.0,1,1.0,0.0,828.2872888204856,5.485346283579375,2.367376811770918,7.540105918195712,20.790198675496686,8.615,28.48,29.744437086092713,15.24,39.5,11.835960264900661,-1.77,20.35,37.65264900662252,7.69,89.2,26.155827814569538,12.38,32.91,0.809933774834437,0.32,1.29,252.57999999999996,1.6727152317880791,0.0,15.31,151.54800000000003,1.0036291390728478,0.0,9.186,15.657055004311903,8.015485711698162,19.632593190218486,0.30494250413969776,39,26,23,10,728.6127313680317,4.825249876609481,0.7102130435312755,7.540105918195712,107.86753133347408,0.7143545121422125,0.0,4.539609272334712,620.7452000345577,4.110895364467269,0.0,7.540105918195712,1078.6753133347408,6207.452000345576,7286.1273136803175,577.0647313680317,0.14804508168687047,0.8519549183131295,8.0,37.0,37.0,296.0,600.0,177600.0,134.8344141668426,775.931500043197,910.7659142100397
Sonora,Yécora,69,Sahuaripa,146,Sorgo forrajero en verde,2014,2015,28.415575,-108.92544,1595.0,2,1.875,0.0,814.877382556992,5.396538957331073,2.0133175854021244,7.493962942806091,20.9117880794702,10.775,30.560000000000002,29.386291390728477,15.5,41.85,12.43728476821192,2.25,20.51,39.50397350993377,8.36,84.96,25.40059602649007,11.22,32.28,0.7943046357615894,0.31,1.27,246.02999999999997,1.6293377483443707,0.0,53.44,196.82400000000004,1.3034701986754968,0.0,42.752,15.409718038191022,7.726490631756801,19.778490764801056,0.30192272514422475,37,16,18,10,719.2880203973433,4.763496823823465,0.6039952756206373,7.493962942806091,107.48443248388125,0.7118174336680877,0.0,4.3581151564630884,611.803587913462,4.051679390155377,0.0,7.493962942806091,1074.8443248388126,6118.035879134621,7192.880203973433,522.4640203973432,0.14943170112093007,0.8505682988790699,8.3,5.0,5.0,41.5,675.0,28012.5,129.49931624564005,737.1127565222434,866.6120727678835
Sonora,Yécora,69,Sahuaripa,146,Sorgo forrajero en verde,2015,2016,28.415575,-108.92544,1595.0,0,0.0,0.0,734.6151666023316,4.865001103326699,1.238778057966815,7.234628255461559,19.622980132450333,7.734999999999999,28.240000000000002,27.278278145695367,13.35,37.19,11.967682119205298,1.55,20.69,53.64582781456953,20.36,92.56,23.843576158940397,5.92,32.83,0.7084105960264901,0.28,1.21,380.53999999999996,2.5201324503311255,0.0,34.04,228.32399999999996,1.5120794701986753,0.0,20.424,15.073561774199636,5.033017645244269,19.948184235148865,0.518012719176539,49,33,8,8,653.3289157580218,4.3266815613114025,0.3716334173900445,7.134817650181035,148.67232458932006,0.9845849310550997,0.0,5.3070460680433635,504.65659116870165,3.3420966302563024,0.0,7.097363717462367,1486.7232458932006,5046.5659116870165,6533.289157580217,425.00491575802187,0.22756121917062813,0.7724387808293717,7.3,83.0,83.0,605.9,680.0,412012.0,203.66071861550694,691.3103988612352,894.9711174767422
Sonora,Yécora,69,Sahuaripa,146,Sorgo forrajero en verde,2016,2017,28.415575,-108.92544,1595.0,2,1.7777777777777777,0.0,813.8481404381242,5.3897227843584385,1.3895509908480734,7.4851703631842295,20.418609271523177,2.92,29.655,29.320397350993385,6.59,41.49,11.51682119205298,-1.91,19.75,41.889337748344374,12.74,85.23,25.882516556291392,8.01,33.11,0.7943708609271523,0.3,1.33,279.44000000000005,1.8505960264900665,0.0,18.56,167.664,1.1103576158940396,0.0,11.136,15.795330472835403,6.567281717904279,19.54187636466029,0.34335643975246694,42,26,11,14,713.2099083407487,4.723244426097674,0.416865297254422,7.07966043095175,134.80429022962753,0.8927436439048181,0.0,5.109946390633706,578.4056181111212,3.830500782192855,0.0,7.067660430951751,1348.0429022962753,5784.056181111211,7132.099083407486,545.5459083407487,0.1890106806609624,0.8109893193390375,7.5,41.5,41.5,311.25,700.0,217875.0,179.73905363950337,771.2074908148281,950.9465444543315
Sonora,Yécora,69,Sahuaripa,146,Sorgo forrajero en verde,2017,2018,28.415575,-108.92544,1595.0,1,1.0,0.0,837.2174702589075,5.54448655800601,2.990549016920046,7.415117466955462,21.706655629139075,11.685,30.925,30.58582781456953,19.43,41.32,12.827483443708608,3.3,21.18,37.662052980132444,10.0,86.36,26.099867549668875,12.51,32.9,0.8001324503311258,0.33,1.45,203.01,1.344437086092715,0.0,15.7,162.40800000000002,1.0755496688741724,0.0,12.56,15.63231792176992,8.243695313841352,19.644809983555476,0.24248180097964228,37,17,22,9,736.8589306727592,4.879860468031518,0.8971647050760138,7.17897043503414,107.9068312579928,0.7146147765429988,0.0,4.344876934183014,628.9520994147665,4.16524569148852,0.0,7.17897043503414,1079.068312579928,6289.520994147665,7368.589306727593,574.4509306727592,0.14644164135932075,0.8535583586406793,7.0,50.0,50.0,350.0,850.0,297500.0,154.15261608284686,898.5029991639522,1052.655615246799
Sonora,Yécora,69,Sahuaripa,146,Sorgo forrajero en verde,2018,2019,28.415575,-108.92544,1595.0,4,3.0,0.75,825.2885413579877,5.465487028860846,2.2285652649208285,7.535921857557217,21.6591059602649,11.58,29.200000000000003,30.29046357615893,17.82,39.46,13.027748344370861,1.77,20.3,38.780397350993375,8.86,91.3,25.440264900662253,9.24,32.95,0.7937086092715233,0.3,1.3,244.94,1.6221192052980131,0.0,34.64,195.952,1.2976953642384106,0.0,27.712000000000003,15.374849941045712,7.1782550596350205,19.772586454056814,0.29679316714728465,33,15,24,10,729.2919897894917,4.829748276751601,0.6685695794762485,7.535921857557217,98.25279092064831,0.6506807345738299,0.0,4.986365049249755,631.0391988688434,4.179067542177771,0.0,7.535921857557217,982.5279092064831,6310.391988688434,7292.919897894917,533.3399897894917,0.13472352952760214,0.8652764704723979,7.8,91.0,91.0,710.0,870.0,617700.0,125.96511656493372,809.0246139344147,934.9897304993484
Sonora,Yécora,69,Sahuaripa,146,Sorgo forrajero en verde,2019,2020,28.415575,-108.92544,1595.0,2,2.0,0.0,818.667048145991,5.421636080437026,1.3745905125244346,7.324037443608783,20.294238410596023,8.795,29.575000000000003,28.99675496688742,12.73,40.05,11.591721854304634,0.86,20.73,42.359072847682114,18.42,82.53,26.08033112582781,5.26,32.93,0.8259602649006622,0.29,1.3,200.21000000000004,1.3258940397350996,0.0,22.42,160.16800000000003,1.0607152317880797,0.0,17.936000000000003,15.956651274712385,4.858384008302512,19.677008813086736,0.24455607496772858,29,16,14,9,726.6681288493053,4.81237171423381,0.41237715375733036,7.20064564796098,86.7202852152946,0.5743065246046,0.0,4.857438288419753,639.9478436340107,4.23806518962921,0.0,7.20064564796098,867.202852152946,6399.478436340107,7266.681288493053,566.5001288493053,0.11933960190688155,0.8806603980931185,7.6,100.0,100.0,760.0,831.16,631681.6,114.1056384411771,842.0366363605405,956.1422748017176
Sonora,Yécora,69,Sahuaripa,146,Sorgo forrajero en verde,2020,2021,28.415575,-108.92544,1595.0,0,0.0,0.0,795.0402991647328,5.265167544137303,1.4053405637078957,7.355937812620046,20.76201986754967,5.175000000000001,28.94,29.00112582781457,8.48,39.18,12.52291390728477,-1.16,20.38,47.91185430463577,19.43,85.86,25.037152317880796,3.35,32.36,0.7514569536423841,0.3,1.12,356.03,2.3578145695364237,0.0,34.68,213.61800000000002,1.4146887417218545,0.0,20.808,15.629587375308004,3.902044688334949,19.653719045838447,0.44781377796074506,52,29,23,10,711.8264663701027,4.714082558742402,0.4216021691123687,7.169983404177678,124.70146398189333,0.8258375098138631,0.0,5.958549439901536,587.1250023882094,3.888245048928539,0.0,7.169983404177678,1247.0146398189333,5871.250023882094,7118.2646637010275,498.20846637010266,0.17518520295795914,0.8248147970420409,5.61,110.0,80.0,448.5,780.0,349830.0,222.2842495220915,1046.568631708038,1268.8528812301297
Sonora,Yécora,69,Sahuaripa,146,Sorgo forrajero en verde,2021,2022,28.415575,-108.92544,1595.0,4,3.6666666666666665,0.8888888888888888,820.5998965599024,5.4344364010589565,2.7319524603782863,7.4388627659845294,20.766423841059606,7.25,29.975,29.382317880794698,13.61,41.32,12.150529801324504,-2.1,19.85,39.215761589403975,11.8,86.2,25.83556291390729,13.27,32.62,0.7845033112582782,0.24,1.24,315.85,2.091721854304636,0.0,24.42,189.51000000000002,1.2550331125827816,0.0,14.652000000000001,15.609689541667041,8.4973684138045,19.59903719529975,0.3849013402561933,42,28,13,17,722.8868581543056,4.787330186452355,0.8579500625698457,7.197372794631464,131.39114031266953,0.8701400020706592,0.0,4.686,591.4957178416361,3.917190184381696,0.0,7.197372794631464,1313.9114031266954,5914.957178416361,7228.868581543056,533.3768581543056,0.18175892787446843,0.8182410721255315,8.0,400.0,400.0,3200.0,798.5,2555200.0,164.23892539083693,739.3696473020451,903.608572692882
Sonora,Yécora,69,Sahuaripa,146,Sorgo forrajero en verde,2022,2023,28.415575,-108.92544,1595.0,3,2.2222222222222223,0.3333333333333333,827.3086597887657,5.478865296614342,3.2482640072779145,7.2316518286257,21.094635761589405,9.755,28.099999999999998,29.792913907284778,16.66,38.19,12.39635761589404,0.48,19.74,40.11543046357617,5.41,90.76,26.064569536423843,14.41,32.41,0.7890728476821193,0.26,1.29,354.4,2.3470198675496685,0.0,38.64,212.64,1.4082119205298012,0.0,23.184,15.634615495357854,10.415767192561386,19.72729204290307,0.42837699787947087,45,25,12,16,726.7938066387264,4.81320401747501,1.149091447072167,7.2316518286257,134.99801014899552,0.894026557278116,0.0,5.2483144813883,591.795796489731,3.919177460196894,0.0,7.2316518286257,1349.9801014899551,5917.9579648973095,7267.938066387264,514.1538066387265,0.18574457970869876,0.8142554202913013,8.7,450.0,450.0,3915.0,822.05,3218325.75,155.17012660804085,680.2250534364724,835.3951800445133
Sonora,Yécora,69,Sahuaripa,146,Sorgo forrajero en verde,2023,2024,28.415575,-108.92544,1595.0,3,2.0,0.25,844.6342580933482,5.593604358234094,1.25994127021471,7.309859653832403,21.33867549668874,5.335,32.095,30.32317880794702,11.55,41.74,12.354172185430464,-2.35,23.84,36.4482119205298,13.66,87.66,26.265430463576163,5.49,32.61,0.8292052980132449,0.39,1.16,158.82999999999998,1.0518543046357616,0.0,16.74,127.06400000000002,0.8414834437086094,0.0,13.392,15.831598223805196,4.95652914713547,19.93462961215566,0.1880458890674622,24,11,32,13,745.7522623548966,4.938756704337064,0.37798238106441295,6.966312300517875,77.64339317764488,0.5141946568055953,0.0,4.86311632757728,668.1088691772518,4.424562047531468,0.0,6.966312300517875,776.4339317764488,6681.088691772518,7457.522623548967,618.6882623548966,0.10411419059255245,0.8958858094074477,8.27,400.0,350.0,2894.5,845.41,2447039.25,93.88560239134812,807.8704584972816,901.7560608886297
Sonora,Yécora,69,Sahuaripa,146,Pastos y praderas,2010,2011,28.415575,-108.92544,1595.0,1,1.0,0.0,1203.9209682519465,4.913963135722231,1.6484576232602624,7.238579717986292,20.35020408163265,6.555,28.865000000000002,28.254897959183676,13.24,37.95,12.445510204081634,-2.3,20.14,53.41110204081633,12.81,88.77,24.280285714285714,7.05,32.69,0.672530612244898,0.24,1.34,620.6999999999999,2.5334693877551016,0.0,25.39,372.42,1.5200816326530613,0.0,15.234,15.007084824621572,5.658768250191899,20.18681291594867,0.5155654036836287,81,47,16,34,1008.7532499422815,4.117360203846047,0.659383049304105,6.1527927602883485,233.44193082248367,0.9528242074387089,0.0,4.611725882414344,775.311319119798,3.1645359964073387,0.0,6.1527927602883485,2334.4193082248366,7753.11319119798,10087.532499422818,636.3332499422816,0.23141628622841182,0.7685837137715883,8.0,100.0,100.0,800.0,500.0,400000.0,291.8024135281046,969.1391488997475,1260.9415624278522
Sonora,Yécora,69,Sahuaripa,146,Pastos y praderas,2011,2012,28.415575,-108.92544,1595.0,5,3.75,1.0,1291.6696382083742,5.272120972279079,3.105221717214084,7.405748400380136,21.717183673469393,10.885,29.835,30.39244897959184,18.97,40.65,13.041918367346941,2.8,20.09,42.87591836734695,5.9,90.18,25.1905306122449,13.18,33.49,0.7144897959183674,0.25,1.27,461.06,1.8818775510204082,0.0,19.73,276.63599999999997,1.1291265306122447,0.0,11.838,15.073918141843258,9.158218433908333,19.60379736979351,0.3569488562412281,71,33,30,7,1077.6540540989586,4.398587975914117,1.6401414610026432,6.294886140323116,183.55254274853968,0.7491940520348558,0.0,5.351923679620468,894.1015113504191,3.6493939238792614,0.0,6.294886140323116,1835.525427485397,8941.01511350419,10776.540540989587,801.0180540989586,0.1703260355680752,0.829673964431925,6.0,200.0,200.0,1200.0,450.0,540000.0,305.9209045808995,1490.1691855840318,1796.0900901649313
Sonora,Yécora,69,Sahuaripa,146,Pastos y praderas,2012,2013,28.415575,-108.92544,1595.0,2,1.6666666666666667,0.0,1222.5111074167714,4.989841254762332,1.4869424119877235,7.446659696702888,21.067673469387756,7.505000000000001,28.939999999999998,29.189836734693877,13.47,39.04,12.945510204081636,-0.69,20.16,47.631877551020416,7.8,93.37,23.99016326530612,5.6,33.59,0.6810612244897959,0.23,1.18,575.36,2.348408163265306,0.0,27.16,345.216,1.4090448979591836,0.0,16.296,14.54137588438466,4.7903785403891455,18.942714577553822,0.47063785065786856,80,43,27,21,1019.8821909073476,4.162784452683051,1.263901050189565,6.329660742197454,211.46577302033185,0.8631256041646198,0.0,4.921108015462757,808.4164178870158,3.2996588485184315,0.0,6.329660742197454,2114.6577302033184,8084.164178870158,10198.821909073476,674.6661909073476,0.20734333328460158,0.7926566667153984,3.5,220.0,200.0,700.0,500.0,350000.0,604.1879229152338,2309.7611939629023,2913.949116878136
Sonora,Yécora,69,Sahuaripa,146,Frijol,2010,2011,28.415575,-108.92544,1595.0,1,1.0,0.0,769.6062771392417,5.45820054708682,2.4631460849569593,7.238579717986292,23.313652482269507,9.48,28.865000000000002,30.874326241134757,17.26,37.95,15.752978723404256,1.7,20.14,55.15021276595745,12.81,87.48,25.282482269503546,10.23,32.69,0.6187943262411347,0.26,1.16,517.98,3.6736170212765957,0.0,25.39,310.788,2.2041702127659577,0.0,15.234,16.136533825285785,7.928796389910516,20.18681291594867,0.6730454459459717,67,41,16,3,597.1586466563092,4.235167706782335,0.9364820915390302,8.324366675684235,167.27536668713785,1.1863501183484955,0.0,5.443010249893342,429.8832799691714,3.0488175884338395,0.0,8.324366675684235,1672.7536668713785,4298.832799691714,5971.5864665630925,286.3706466563092,0.2801188053187683,0.7198811946812317,1.0,18.0,18.0,18.0,10000.0,180000.0,1672.7536668713785,4298.832799691714,5971.5864665630925
Sonora,Yécora,69,Sahuaripa,146,Frijol,2011,2012,28.415575,-108.92544,1595.0,5,4.0,1.0,791.4947827252391,5.613438175356306,3.208638066956867,7.405748400380136,23.643333333333334,15.52,29.835,31.687517730496456,23.01,40.65,15.599148936170213,5.24,20.09,50.40219858156029,5.9,90.18,25.697234042553188,13.18,33.49,0.6568085106382978,0.25,1.27,429.04999999999995,3.042907801418439,0.0,19.73,257.42999999999995,1.8257446808510636,0.0,11.838,16.13469625746857,9.709426273671044,19.60379736979351,0.5420755883225337,64,31,30,0,618.6532480491271,4.387611688291682,1.2584155257132983,8.516610660437156,149.001285096284,1.0567467028105249,0.0,7.2408379194865145,469.65196295284306,3.3308649854811563,0.0,8.516610660437156,1490.0128509628398,4696.51962952843,6186.532480491271,361.22324804912716,0.24084781833142793,0.759152181668572,0.4,71.3,71.3,28.52,10000.0,285200.0,3725.0321274070993,11741.299073821076,15466.331201228175
Sonora,Yécora,69,Sahuaripa,146,Frijol,2012,2013,28.415575,-108.92544,1595.0,2,1.5,0.0,744.0171601346512,5.276717447763484,2.8807988726692377,7.446659696702888,23.194432624113475,16.419999999999998,28.939999999999998,30.597588652482273,20.87,39.04,15.791276595744678,6.64,20.16,55.93517730496454,7.8,93.37,24.153191489361706,13.54,33.59,0.6157446808510638,0.23,1.18,557.86,3.95645390070922,0.0,27.16,334.716,2.373872340425532,0.0,16.296,15.37256802898212,9.667835360201613,18.942714577553822,0.7497945341731624,74,42,26,0,581.4942112360044,4.124072420113507,1.0082796054342331,8.56365865120832,180.96918491153846,1.2834693965357338,0.0,6.037578427512004,400.52502632446595,2.840603023577773,0.0,8.56365865120832,1809.6918491153847,4005.2502632446594,5814.942112360044,246.77821123600438,0.3112140781709185,0.6887859218290816,1.2,69.75,69.75,83.7,15000.0,1255500.0,1508.0765409294872,3337.708552703883,4845.785093633371
Sonora,Yécora,69,Sahuaripa,146,Frijol,2013,2014,28.415575,-108.92544,1595.0,2,1.5,0.0,746.4493570692882,5.293967071413392,2.5649607957850944,7.540105918195712,23.49514184397163,16.975,28.48,31.242482269503544,21.67,39.5,15.74780141843972,6.98,20.35,54.961560283687945,11.5,89.2,24.13851063829787,10.95,32.91,0.6207092198581561,0.18,1.19,435.15999999999997,3.0862411347517726,0.0,15.31,261.09599999999995,1.8517446808510634,0.0,9.186,15.508391180792758,8.082719956535453,19.632593190218486,0.5829732397500167,71,41,24,0,584.1839971040622,4.143148915631647,0.897736278524783,8.671121805925068,174.1633518779058,1.235201077148268,0.0,6.041479020981608,410.02064522615643,2.907947838483379,0.0,8.671121805925068,1741.633518779058,4100.206452261565,5841.839971040623,323.08799710406225,0.2981309873965644,0.7018690126034356,0.8,93.0,93.0,74.4,13806.45,1027199.88,2177.0418984738226,5125.258065326955,7302.299963800778
Sonora,Yécora,69,Sahuaripa,146,Frijol,2015,2016,28.415575,-108.92544,1595.0,0,0.0,0.0,712.0090414593216,5.049709513895897,1.8566434706023092,7.234628255461559,22.508297872340425,15.03,28.240000000000002,29.309078014184397,20.38,37.19,15.707517730496452,5.21,20.69,64.26234042553192,20.36,92.8,23.820141843971633,7.38,32.83,0.5758865248226952,0.22,1.21,593.09,4.2063120567375885,0.0,22.51,355.8539999999999,2.523787234042553,0.0,13.506,15.589424570583919,6.0290281285175125,19.948184235148865,0.8329809952755837,85,56,8,0,555.432116777866,3.939234870765007,0.6498252147108081,8.319822493780793,219.4083006313954,1.5560872385205349,0.0,5.932598659296855,336.0238161464706,2.3831476322444725,0.0,8.319822493780793,2194.0830063139542,3360.238161464706,5554.32116777866,199.57811677786606,0.3950227111536357,0.6049772888463644,1.1,67.75,67.75,74.53,14000.0,1043420.0,1994.6209148308674,3054.7619649679145,5049.382879798782
Sonora,Yécora,69,Sahuaripa,146,Frijol,2016,2017,28.415575,-108.92544,1595.0,2,1.5,0.0,731.491106428321,5.187880187434901,2.1547973470327073,7.4851703631842295,22.925354609929077,14.455,29.655,30.250141843971633,23.33,41.49,15.600567375886524,4.18,19.75,58.136382978723404,12.74,90.41,24.037092198581558,9.54,33.11,0.6121276595744681,0.25,1.33,556.55,3.9471631205673754,0.0,25.88,333.92999999999995,2.3682978723404253,0.0,15.527999999999999,15.503693648672842,7.264043021472561,19.54187636466029,0.760843153264689,82,47,11,1,576.006303976155,4.085151092029468,0.7541790714614475,8.607945917661864,200.7109560282054,1.423481957646847,0.0,6.403909852397813,375.29534794794955,2.661669134382621,0.0,8.607945917661864,2007.109560282054,3752.9534794794954,5760.06303976155,242.07630397615503,0.3484527072754299,0.6515472927245701,1.21,53.5,53.5,65.0,15000.0,975000.0,1658.7682316380613,3101.614445850823,4760.382677488884
Sonora,Yécora,69,Sahuaripa,146,Frijol,2017,2018,28.415575,-108.92544,1595.0,1,1.0,0.0,749.6358681734225,5.316566440946259,2.6276455667862617,7.415117466955462,23.358652482269505,14.11,30.925,30.82127659574469,21.73,41.32,15.896028368794324,4.01,21.18,55.226453900709224,10.0,89.86,24.518936170212765,11.91,32.9,0.6222695035460992,0.26,1.45,460.3900000000001,3.26517730496454,0.0,23.9,276.234,1.9591063829787232,0.0,14.339999999999998,15.633454928350535,8.665947929846066,19.644809983555476,0.6141515094812571,77,40,22,1,585.0545767529366,4.149323239382529,0.9196759483751915,8.52738508699878,167.19439856275886,1.185775876331623,0.0,5.712,417.86017819017775,2.963547363050906,0.0,8.52138508699878,1671.9439856275885,4178.601781901778,5850.5457675293665,308.8205767529366,0.28577572966045456,0.7142242703395455,1.0,83.0,83.0,83.0,15270.0,1267410.0,1671.9439856275885,4178.601781901778,5850.5457675293665
Sonora,Yécora,69,Sahuaripa,146,Frijol,2018,2019,28.415575,-108.92544,1595.0,4,2.75,0.5,746.8413812389663,5.29674738467352,2.36508747489963,7.535921857557217,23.681489361702127,16.16,29.200000000000003,30.856312056737586,22.55,39.46,16.50666666666667,5.97,20.3,57.536170212765974,10.24,91.3,24.1654609929078,9.24,32.95,0.607872340425532,0.26,1.3,516.3499999999999,3.6620567375886517,0.0,34.64,309.81000000000006,2.197234042553192,0.0,20.784,15.524904751325966,7.350556894127381,19.772586454056814,0.691378401051379,74,39,24,0,583.3757202764061,4.137416455861036,0.9434133058736215,8.666310136190798,161.0543589464665,1.1422294960742305,0.0,6.095097168694029,422.3213613299397,2.9951869597868064,0.0,8.666310136190798,1610.5435894646648,4223.2136132993965,5833.757202764062,273.56572027640607,0.2760731263724143,0.7239268736275858,1.56,78.5,78.5,122.85,16000.0,1965600.0,1032.3997368363237,2707.188213653459,3739.587950489783
Sonora,Yécora,69,Sahuaripa,146,Frijol,2019,2020,28.415575,-108.92544,1595.0,2,1.8333333333333333,0.0,753.4871260224922,5.3438803264006545,2.4640728215094017,7.324037443608783,23.000460992907797,15.64,29.575000000000003,30.484680851063832,21.52,40.05,15.516241134751773,4.84,20.73,56.427588652482264,18.42,92.97,24.721702127659576,11.4,32.93,0.6536879432624113,0.24,1.29,479.8499999999999,3.4031914893617015,0.0,25.59,287.90999999999997,2.041914893617021,0.0,15.354,15.849677084737655,8.449240881093043,19.677008813086736,0.6368390161263033,70,39,16,1,601.2459821417301,4.264155901714398,0.8624254875282905,8.4226430601501,146.9664963469747,1.0423155769288985,0.0,5.97357951505557,454.27948579475543,3.2218403247854996,0.0,8.4226430601501,1469.6649634697471,4542.794857947554,6012.459821417301,313.33598214173014,0.2444365546085773,0.7555634453914227,1.3,80.0,80.0,104.0,16465.38,1712399.52,1130.5115103613439,3494.45758303658,4624.969093397924
Sonora,Yécora,69,Sahuaripa,146,Frijol,2020,2021,28.415575,-108.92544,1595.0,1,1.0,0.0,793.3286657743754,5.626444438116137,2.6348226466002274,7.355937812620046,24.47085106382979,18.950000000000003,28.94,32.42588652482269,25.56,39.18,16.51581560283688,9.12,20.4,54.27765957446809,19.43,86.43,25.65354609929078,11.11,32.36,0.6043262411347519,0.29,1.12,376.91999999999996,2.673191489361702,0.0,17.59,226.15200000000002,1.6039148936170213,0.0,10.554,16.484714723399556,8.283819442404075,19.653719045838447,0.47511203900855503,67,31,35,0,610.2322922093338,4.327888597229317,0.9221879263100795,8.459328484513053,174.1879505411756,1.2353755357530185,0.0,6.852331855886766,436.0443416681582,3.0925130614762995,0.0,8.459328484513053,1741.879505411756,4360.443416681582,6102.322922093338,384.0802922093337,0.2854453177338938,0.7145546822661063,1.0,87.0,50.0,50.0,18000.0,900000.0,1741.879505411756,4360.443416681582,6102.322922093338
Sonora,Yécora,69,Sahuaripa,146,Frijol,2021,2022,28.415575,-108.92544,1595.0,4,2.625,0.5,755.0017835586153,5.354622578429896,2.980847833406086,7.4388627659845294,23.44450354609929,16.58,29.975,30.71829787234043,23.95,41.32,16.170709219858153,6.48,20.06,58.41787234042553,12.15,89.92,24.739503546099293,13.82,32.62,0.5921985815602837,0.24,1.24,568.6800000000001,4.033191489361703,0.0,25.2,341.20799999999997,2.419914893617021,0.0,15.12,15.894789260790054,9.789032359011713,19.59903719529975,0.7532167637003337,78,50,13,0,587.69373446755,4.1680406699826245,1.0432967416921302,8.554692180882208,203.72582157513662,1.4448639828023875,0.0,6.22630346176442,383.96791289241344,2.723176687180237,0.0,8.554692180882208,2037.2582157513662,3839.6791289241346,5876.937344675501,246.48573446755006,0.3466530432891411,0.653346956710859,1.0,83.0,83.0,83.0,19060.24,1581999.92,2037.2582157513662,3839.6791289241346,5876.937344675501
Sonora,Yécora,69,Sahuaripa,146,Frijol,2022,2023,28.415575,-108.92544,1595.0,3,2.6,0.6,711.3770422262464,5.045227249831535,1.9947258660468492,7.2316518286257,23.13244680851064,19.009999999999998,28.099999999999998,30.005035460992907,21.09,38.19,16.259858156028372,8.21,19.74,62.7018439716312,5.41,96.76,23.252978723404254,8.46,32.41,0.5734751773049646,0.26,1.26,694.75,4.927304964539007,0.0,38.64,416.85,2.9563829787234046,0.0,23.184,15.086726809646358,6.634110101947739,19.72729204290307,0.9766269625820194,86,53,11,0,554.309486992787,3.9312729573956524,0.6981540531163972,8.316399602919555,215.3099992827344,1.5270212715087546,0.0,6.09947615535406,338.99948771005256,2.4042516858868974,0.0,8.316399602919555,2153.099992827344,3389.9948771005256,5543.09486992787,137.459486992787,0.3884292156910822,0.6115707843089176,1.3,60.0,60.0,78.0,19802.56,1544599.68,1656.2307637133415,2607.688367000404,4263.919130713745
Sonora,Yécora,69,Sahuaripa,146,Frijol,2023,2024,28.415575,-108.92544,1595.0,4,2.7777777777777777,0.6666666666666666,803.0759402630451,5.69557404441876,2.922061137917782,7.309859653832403,25.04198581560284,18.0,32.095,33.265957446808514,25.13,41.74,16.81801418439716,7.84,23.84,47.526099290780145,14.01,82.44,25.42964539007092,12.47,32.61,0.6653191489361703,0.27,1.16,307.9700000000001,2.184184397163121,0.0,18.91,184.78199999999998,1.3105106382978722,0.0,11.346,16.148450690132435,9.064582832155818,19.93462961215566,0.3834880172093382,50,20,45,0,628.0500351733535,4.454255568605344,1.0227213982712235,8.406338601907262,117.89063779770001,0.8361038141680852,0.0,6.579510325545732,510.15939737565344,3.6181517544372586,0.0,8.406338601907262,1178.9063779770001,5101.593973756534,6280.500351733534,443.26803517335355,0.1877089900411517,0.8122910099588482,1.24,10.0,10.0,12.4,18500.0,229400.0,950.7309499814518,4114.188688513334,5064.919638494785
Sonora,Yécora,69,Sahuaripa,146,Cacahuate,2012,2013,28.415575,-108.92544,1595.0,2,1.5,0.0,863.1818259846721,5.047846935582878,1.4869424119877235,7.446659696702888,22.719561403508774,16.419999999999998,28.939999999999998,30.14163742690058,20.87,39.04,15.297485380116962,6.64,20.16,56.049590643274854,7.8,93.37,23.47877192982456,5.6,33.59,0.6071345029239765,0.23,1.18,570.1800000000001,3.334385964912281,0.0,27.16,342.10799999999995,2.000631578947368,0.0,16.296,14.795593506241326,4.7903785403891455,18.942714577553822,0.6605560761773094,78,43,26,0,673.6723807788273,3.9396045659580547,0.892165447192634,8.436562354507931,217.281608185122,1.2706526794451578,0.0,6.037578427512004,456.3907725937053,2.6689518865128967,0.0,8.436562354507931,2172.81608185122,4563.907725937053,6736.723807788274,331.5643807788274,0.32253305075966515,0.6774669492403348,1.0,2.25,2.25,2.25,18000.0,40500.0,2172.81608185122,4563.907725937053,6736.723807788274
Sonora,Yécora,69,Sahuaripa,146,Cacahuate,2013,2014,28.415575,-108.92544,1595.0,2,1.6,0.0,864.4031700124219,5.054989298318257,1.288922620440011,7.540105918195712,22.89578947368421,15.235,28.48,30.5253216374269,18.71,39.5,15.266257309941519,6.98,20.35,56.30046783625732,11.5,91.41,23.49473684210526,5.25,32.91,0.61,0.18,1.19,545.0899999999999,3.1876608187134496,0.0,47.67,327.054,1.91259649122807,0.0,28.602,14.960469227501738,4.54968840011914,19.632593190218486,0.630596947015091,79,45,24,0,675.5869271138276,3.950800743355717,0.7733535722640066,8.671121805925068,209.54520780559722,1.2254105719625568,0.0,6.041479020981608,466.0417193082304,2.7253901713931605,0.0,8.671121805925068,2095.4520780559724,4660.417193082304,6755.869271138276,348.53292711382767,0.31016764741259056,0.6898323525874094,1.1,4.0,4.0,4.4,23500.0,103400.0,1904.9564345963383,4236.742902802094,6141.699337398432
Sonora,Yécora,69,Sahuaripa,146,Cacahuate,2014,2015,28.415575,-108.92544,1595.0,2,1.7142857142857142,0.0,855.0853843062632,5.00049932342844,1.9099751436249661,7.493962942806091,22.766754385964912,16.235,30.560000000000002,29.71906432748538,22.68,41.85,15.814444444444444,6.25,20.51,60.08415204678362,8.91,90.96,23.41982456140351,8.25,32.28,0.5894736842105264,0.21,1.24,568.76,3.3260818713450293,0.0,53.44,341.256,1.9956491228070175,0.0,32.064,14.935326358165531,6.453517862215234,19.778490764801056,0.6651499492783858,81,44,18,0,665.1693239214438,3.8898790872599056,1.1459850861749796,8.618057384227004,214.1982807679421,1.2526215249587258,0.0,5.791874176796829,450.97104315350174,2.63725756230118,0.0,8.618057384227004,2141.982807679421,4509.710431535017,6651.693239214438,323.91332392144386,0.3220206841547594,0.6779793158452406,1.3,3.0,3.0,3.9,25000.0,97500.0,1647.6790828303238,3469.0080242577055,5116.68710708803
Sonora,Yécora,69,Sahuaripa,146,Cacahuate,2015,2016,28.415575,-108.92544,1595.0,0,0.0,0.0,819.2388569442209,4.790870508445736,1.577976811465686,7.234628255461559,22.146929824561404,15.03,28.240000000000002,28.825789473684218,20.38,37.19,15.468070175438596,5.21,20.69,66.16286549707601,20.36,92.8,22.8893567251462,6.25,32.83,0.5563157894736843,0.22,1.21,685.47,4.0085964912280705,0.0,25.96,411.28200000000004,2.4051578947368424,0.0,15.576,14.908034840823921,5.2509231936623895,19.948184235148865,0.8367156833317433,99,61,8,0,644.4545239898741,3.7687399063735327,0.9467860868794116,8.319822493780793,282.2026171213092,1.6503077024637964,0.0,5.932598659296855,362.2519068685648,2.1184322039097356,0.0,8.319822493780793,2822.026171213092,3622.5190686856477,6444.54523989874,233.1725239898741,0.43789376382086387,0.5621062361791359,1.2,2.0,2.0,2.4,26700.0,64080.0,2351.68847601091,3018.7658905713733,5370.454366582284
Sonora,Yécora,69,Sahuaripa,146,Cacahuate,2017,2018,28.415575,-108.92544,1595.0,1,1.0,0.0,874.5752976966455,5.114475425126582,2.6276455667862617,7.415117466955462,23.21248538011696,14.11,30.925,30.656842105263156,21.73,41.32,15.76812865497076,4.01,21.18,56.55701754385965,10.0,89.86,23.874619883040932,11.91,32.9,0.6045029239766082,0.26,1.45,497.51,2.9094152046783623,0.0,23.9,298.506,1.7456491228070175,0.0,14.339999999999998,15.13882661118674,8.665947929846066,19.644809983555476,0.5688589665295645,85,43,22,1,679.431386740228,3.9732829633931463,1.576587340071757,8.52738508699878,229.18283763354114,1.3402505124768487,0.0,5.712,450.24854910668694,2.6330324509162977,0.0,8.52138508699878,2291.8283763354116,4502.485491066869,6794.313867402281,380.9253867402281,0.33731564673971454,0.6626843532602855,1.21,2.0,2.0,2.42,23000.0,55660.0,1894.0730382937286,3721.062389311462,5615.135427605191
Sonora,Yécora,69,Sahuaripa,146,Cacahuate,2018,2019,28.415575,-108.92544,1595.0,4,2.75,0.5,850.7625909509552,4.975219830122545,1.748628502612929,7.535921857557217,22.848918128654972,14.075,29.200000000000003,29.789298245614038,18.43,39.46,15.908538011695907,5.97,20.3,61.27912280701754,10.24,92.28,23.18011695906433,7.81,32.95,0.5931578947368421,0.26,1.3,638.6700000000001,3.7349122807017547,0.0,34.64,383.202,2.2409473684210526,0.0,20.784,14.859687189919232,5.923768489617272,19.772586454056814,0.7507029655430844,86,44,24,0,659.0114959194693,3.853868397189879,1.0491771015677573,8.266936986247563,237.79445240629144,1.3906108327853302,0.0,6.179568410493185,421.2170435131778,2.463257564404549,0.0,8.266936986247563,2377.9445240629143,4212.1704351317785,6590.114959194692,275.8094959194693,0.36083505959864126,0.6391649404013586,1.3,5.0,5.0,6.5,30500.0,198250.0,1829.1880954330109,3240.1311039475218,5069.319199380532
Sonora,Yécora,69,Sahuaripa,146,Cacahuate,2019,2020,28.415575,-108.92544,1595.0,2,1.7142857142857142,0.0,859.7987819734855,5.028063052476523,1.5417266349951975,7.324037443608783,22.519561403508774,15.08,29.575000000000003,29.74350877192982,18.71,40.05,15.29561403508772,4.84,20.73,60.06321637426901,18.42,93.75,23.613216374269005,6.99,32.93,0.6228070175438597,0.24,1.29,550.9300000000001,3.2218128654970766,0.0,25.59,330.558,1.9330877192982456,0.0,15.354,15.118364390662492,5.49793346783037,19.677008813086736,0.6407662019890948,80,44,16,1,685.7107833128249,4.010004580776754,0.9250359809971185,8.4226430601501,204.37190009349462,1.1951573104882727,0.0,5.97357951505557,481.3388832193302,2.814847270288481,0.0,8.4226430601501,2043.719000934946,4813.388832193303,6857.107833128249,355.1527833128249,0.2980438766124217,0.7019561233875782,1.35,6.0,6.0,8.1,29600.0,239760.0,1513.8659266184784,3565.473209032076,5079.339135650554
Sonora,Yécora,69,Sahuaripa,146,Cacahuate,2022,2023,28.415575,-108.92544,1595.0,3,2.6,0.6,821.1688350156762,4.802156929916236,1.9947258660468492,7.2316518286257,22.48953216374269,15.69,28.099999999999998,29.245730994152048,19.86,38.19,15.733333333333334,8.21,19.74,65.18128654970761,5.41,96.76,22.629941520467835,8.46,32.41,0.5510526315789473,0.26,1.26,778.6300000000001,4.553391812865498,0.0,38.64,467.17799999999994,2.732035087719298,0.0,23.184,14.599431345346312,6.634110101947739,19.72729204290307,0.948197212069228,100,58,11,0,631.6562443892633,3.6938961660190834,1.1968355196281095,8.316399602919555,290.8978457928574,1.7011569929406867,0.0,6.09947615535406,340.758398596406,1.9927391730783977,0.0,8.316399602919555,2908.9784579285742,3407.58398596406,6316.562443892634,164.47824438926335,0.4605318927451135,0.5394681072548867,1.29,7.0,7.0,9.03,32500.0,293475.0,2255.0220604097476,2641.5379736155505,4896.560034025299
Sonora,Yécora,69,Sahuaripa,146,Cacahuate,2023,2024,28.415575,-108.92544,1595.0,4,3.0,0.7272727272727273,931.6999490681222,5.448537713848668,2.922061137917782,7.309859653832403,24.866461988304092,18.0,32.095,33.04023391812865,25.13,41.74,16.69269005847953,7.84,23.84,48.84146198830409,14.01,82.44,24.57263157894737,12.47,32.61,0.6432748538011698,0.27,1.16,339.68999999999994,1.9864912280701752,0.0,18.91,203.814,1.1918947368421051,0.0,11.346,15.507448271557061,9.064582832155818,19.93462961215566,0.36459162667096284,57,21,49,0,739.7852098466167,4.326229297348635,1.308079445586297,8.406338601907262,160.95292471942042,0.9412451737977803,0.0,6.579510325545732,578.8322851271964,3.3849841235508564,0.0,8.406338601907262,1609.5292471942043,5788.322851271964,7397.852098466168,535.9712098466167,0.21756710269024113,0.7824328973097591,1.23,7.0,7.0,8.61,35750.0,307807.5,1308.5603635725238,4705.9535376194835,6014.513901192007
Sonora,Yécora,69,Sahuaripa,146,Papa,2011,2012,28.415575,-108.92544,1595.0,4,2.5,0.5,560.9378554920748,4.314906580708268,1.640019608955705,7.103596607473815,14.89823076923077,-2.26,23.244999999999997,24.59092307692308,3.33,33.87,5.2055384615384614,-7.85,14.05,28.209076923076925,6.13,62.44,23.275615384615385,7.96,32.41,0.8791538461538461,0.51,1.25,4.92,0.03784615384615385,0.0,4.46,3.936,0.030276923076923076,0.0,3.568,12.356501093401667,4.924157565993886,18.334534467755308,0.008771025082063679,1,0,0,57,530.0264646484765,4.077126651142127,0.8200098044778525,6.813421684496475,2.445932397503288,0.018814864596179138,0.0,2.077932397503288,527.5805322509732,4.058311786545947,0.0,6.813421684496475,24.45932397503288,5275.805322509732,5300.264646484765,526.0904646484764,0.00461473635873159,0.9953852636412684,3.0,15.0,15.0,45.0,7000.0,315000.0,8.153107991677627,1758.6017741699106,1766.7548821615883
Sonora,Yécora,69,Sahuaripa,146,Papa,2012,2013,28.415575,-108.92544,1595.0,2,2.0,0.0,539.9558869929899,4.121800664068625,1.5038405939058102,6.68128507138894,14.764770992366412,5.18,24.049999999999997,24.07297709923664,9.7,35.22,5.456564885496183,-2.3,14.91,33.348778625954196,11.28,75.94,22.367709923664123,9.69,30.98,0.8366412213740458,0.45,1.1,19.48,0.14870229007633587,0.0,3.95,15.584,0.1189618320610687,0.0,3.16,12.149820763945403,6.083648354544014,18.017015031133013,0.03607702123313067,6,0,1,72,506.3138860461478,3.8649914965354792,0.9733693460129145,6.712476700817431,14.110162836137096,0.10771116668806943,0.0,2.608,492.20372321001065,3.7572803298474096,0.0,6.680476700817431,141.10162836137096,4922.037232100107,5063.138860461478,490.7298860461478,0.02786840974543414,0.9721315902545657,10.0,5.25,5.25,52.5,7047.62,370000.05,14.110162836137096,492.2037232100107,506.3138860461478
Sonora,Yécora,69,Sahuaripa,146,Papa,2013,2014,28.415575,-108.92544,1595.0,1,1.0,0.0,529.1617655357528,4.070475119505791,1.2135969477826527,6.656027832956121,14.15753846153846,2.4250000000000003,22.43,23.435000000000002,8.64,35.32,4.880076923076923,-5.33,12.32,32.72,7.69,77.08,22.372923076923072,5.38,31.22,0.8251538461538462,0.38,1.29,18.950000000000003,0.1457692307692308,0.0,3.38,15.16,0.11661538461538462,0.0,2.704,12.150879959721987,4.24228933006388,18.336343365688688,0.0358113553060924,6,0,1,56,501.40118600084645,3.8569322000065114,0.6067984738913264,6.7152757507501475,13.069577404850085,0.10053521080653911,0.0,2.704,488.33160859599633,3.756396989199972,0.0,6.7152757507501475,130.69577404850085,4883.316085959963,5014.011860008463,486.2411860008464,0.026066107878787548,0.9739338921212124,8.0,3.5,3.5,28.0,7500.0,210000.0,16.336971756062606,610.4145107449954,626.7514825010579
Sonora,Yécora,69,Sahuaripa,146,Papa,2014,2015,28.415575,-108.92544,1595.0,2,1.4,0.0,531.1335589506564,4.085642761158895,1.508194065025296,6.823148554214148,15.620846153846154,6.835,22.01,24.615769230769228,15.5,33.13,6.625923076923078,-1.85,14.81,33.31115384615385,8.36,70.89,21.546384615384614,6.43,32.2,0.8373076923076923,0.44,1.27,3.91,0.030076923076923077,0.0,1.25,3.128,0.024061538461538464,0.0,1.0,11.794663047253282,4.816676122334222,18.385389660528908,0.0073616135416577,2,0,0,39,501.26967450335746,3.85592057310275,0.8520023798843879,6.919815859597863,3.128,0.024061538461538464,0.0,1.0,498.14167450335754,3.831859034641212,0.8520023798843879,6.919815859597863,31.28,4981.416745033575,5012.696745033575,498.1416745033575,0.006240154070958164,0.993759845929042,7.43,3.0,3.0,22.29,7700.0,171633.0,4.209959623149395,670.4463990623924,674.6563586855418
Sonora,Yécora,69,Sahuaripa,146,Papa,2015,2016,28.415575,-108.92544,1595.0,0,0.0,0.0,461.1682454671985,3.547448042055373,0.8330538690647731,6.189218338196848,14.69773076923077,4.045,21.810000000000002,22.56292307692308,9.75,31.6,6.832538461538462,-3.25,14.65,51.347,25.58,92.94,19.585615384615384,3.21,32.0,0.7193846153846155,0.41,1.06,182.45,1.4034615384615383,0.0,34.04,145.96,1.1227692307692307,0.0,27.232,11.457595723665964,3.497622331745643,19.64510836120795,0.3956256784661404,18,11,0,33,433.2934249982053,3.333026346140041,0.5598278704001514,6.397398095622877,37.21638067284579,0.286279851329583,0.0,3.197120042468676,396.07704432535957,3.046746494810458,0.0,6.397398095622877,372.16380672845787,3960.7704432535957,4332.934249982053,287.33342499820526,0.08589186570970916,0.9141081342902909,7.0,7.5,7.5,52.5,7800.0,409500.0,53.16625810406541,565.824349036228,618.9906071402934
Sonora,Yécora,69,Sahuaripa,146,Papa,2016,2017,28.415575,-108.92544,1595.0,2,1.5714285714285714,0.0,538.2239813142028,4.108580010032083,1.3895509908480734,6.5161683761718,14.87416030534351,2.92,21.86,24.35206106870229,6.59,32.95,5.396259541984733,-3.66,13.79,35.71580152671756,14.95,86.86,22.44267175572519,8.01,31.87,0.8274045801526716,0.44,1.18,34.34,0.2621374045801527,0.0,13.89,27.472,0.20970992366412214,0.0,11.112000000000002,12.29170434285267,5.694931884921235,19.106092309304564,0.06380243391636074,5,2,0,50,509.2253369076883,3.8872163122724297,0.7027904191687372,6.698704434617643,7.500938126153886,0.05725906966529684,0.0,1.5979836394752842,501.72439878153443,3.829957242607133,0.0,6.698704434617643,75.00938126153886,5017.243987815345,5092.253369076883,481.7533369076883,0.014730096054732732,0.9852699039452673,7.2,4.5,4.5,32.4,7950.0,257580.0,10.417969619658175,696.8394427521312,707.2574123717893
Sonora,Yécora,69,Sahuaripa,146,Papa,2017,2018,28.415575,-108.92544,1595.0,1,1.0,0.0,543.0457627893968,4.177275098379975,1.0396263085630693,6.776646399747573,16.12723076923077,6.495,24.425,25.066538461538464,10.38,36.2,7.187923076923076,-0.48,13.85,37.20807692307692,10.0,88.95,22.16669230769231,6.2,32.26,0.8373846153846155,0.45,1.45,52.029999999999994,0.40023076923076917,0.0,15.15,41.624,0.3201846153846154,0.0,12.120000000000001,12.167377798840924,4.656670833644466,19.06378422956784,0.09581144641060056,7,3,2,40,514.6541604022136,3.958878156940105,0.5198131542815346,7.021275041309985,12.013121260278893,0.09240862507906841,0.0,2.3226762761828175,502.6410391419348,3.866469531861037,0.0,7.021275041309985,120.13121260278893,5026.410391419348,5146.541604022137,473.0301604022136,0.023342124060340586,0.9766578759396596,9.12,11.0,11.0,100.32,8118.0,814397.76,13.17228208363914,551.1414902872093,564.3137723708485
Sonora,Yécora,69,Sahuaripa,146,Papa,2018,2019,28.415575,-108.92544,1595.0,4,2.875,0.75,523.427985699311,4.02636912076393,1.3337605463309126,6.880604212223342,16.380307692307692,6.3149999999999995,25.615000000000002,25.16330769230769,10.59,35.27,7.597307692307693,-0.7,16.77,35.92192307692308,8.86,84.68,20.948230769230765,3.52,30.28,0.8053076923076924,0.42,1.3,32.28999999999999,0.24838461538461531,0.0,10.29,25.832,0.1987076923076923,0.0,8.232,11.61141712234088,3.991132384519588,18.173842453989145,0.06168947951237239,7,3,1,35,489.5192012073932,3.765532316979948,0.977299840114109,6.802923848031651,13.610378784291335,0.10469522141762565,0.0,2.5628500546589525,475.9088224231019,3.6608370955623224,0.0,6.802923848031651,136.10378784291333,4759.088224231019,4895.192012073932,463.68720120739323,0.027803564703328284,0.9721964352966718,9.21,14.0,14.0,128.94,11200.0,1444128.0,14.777827127352152,516.7305346613484,531.5083617887005
Sonora,Yécora,69,Sahuaripa,146,Papa,2019,2020,28.415575,-108.92544,1595.0,0,0.0,0.0,487.97146325454577,3.753626640419583,0.821222601524,6.62126849351196,14.18896153846154,2.7649999999999997,21.98,22.543461538461543,9.19,32.97,5.834461538461539,-3.66,12.78,46.254384615384616,23.99,89.42,20.75684615384615,2.69,31.67,0.7873076923076923,0.4,1.3,138.07999999999998,1.062153846153846,0.0,23.36,110.464,0.8497230769230769,0.0,18.688,11.88044906516911,3.169807878468747,18.821890539604432,0.2829673667371238,12,10,0,48,457.35102536735235,3.518084810518095,0.410611300762,7.000760405746822,23.717183686546473,0.18243987451189594,0.0,3.9045614064048584,433.63384168080586,3.335644936006199,0.0,7.000760405746822,237.17183686546474,4336.338416808058,4573.510253673523,346.88702536735235,0.05185772496628037,0.9481422750337196,9.8,15.0,15.0,147.0,8700.0,1278900.0,24.201207843414767,442.4835119191896,466.68471976260435
Sonora,Yécora,69,Sahuaripa,146,Papa,2020,2021,28.415575,-108.92544,1595.0,0,0.0,0.0,473.995928579743,3.6182895311430765,1.0169423931031913,6.926583177446381,14.530572519083968,1.475,25.65,22.486946564885496,7.57,37.25,6.574198473282443,-4.62,17.78,49.46809160305343,22.61,87.99,19.740381679389312,3.35,30.92,0.753969465648855,0.31,1.05,160.0,1.2213740458015268,0.0,34.68,128.0,0.9770992366412213,0.0,27.744,11.4557436364691,3.797633738106386,18.494307544636744,0.3375556420482677,21,11,3,45,435.24847401021805,3.322507435192504,0.5084711965515957,6.370824755594298,40.79058344344509,0.3113784995682831,0.0,3.3084847480005286,394.45789056677296,3.011128935624221,0.0,6.370824755594298,407.90583443445087,3944.5789056677295,4352.484740102181,307.24847401021805,0.09371792408050458,0.9062820759194954,8.0,18.0,8.0,64.0,7500.0,480000.0,50.98822930430636,493.0723632084662,544.0605925127726
Sonora,Yécora,69,Sahuaripa,146,Papa,2021,2022,28.415575,-108.92544,1595.0,4,4.0,1.0,529.8944187500265,4.076110913461743,0.994213008975697,6.7710191534662245,14.868538461538462,2.5599999999999996,22.975,24.011846153846154,7.8,34.38,5.725230769230769,-3.2,13.86,32.75361538461539,11.8,92.78,21.784,6.77,31.84,0.8460769230769231,0.48,1.24,54.82,0.4216923076923077,0.0,13.52,43.856,0.33735384615384617,0.0,10.816,11.848955961204508,4.642382742608755,18.714856471312363,0.10345457143956238,8,4,0,53,500.4646491649311,3.8497280704994696,0.4971065044878485,7.098957348198336,12.036921160283208,0.09259170123294776,0.0,2.632,488.42772800464786,3.757136369266522,0.0,7.098957348198336,120.36921160283208,4884.277280046479,5004.646491649311,456.6086491649311,0.024051491309861468,0.9759485086901385,9.0,8.0,8.0,72.0,8100.0,583200.0,13.37435684475912,542.6974755607199,556.071832405479
Sonora,Yécora,69,Sahuaripa,146,Papa,2022,2023,28.415575,-108.92544,1595.0,2,1.375,0.0,552.522231662706,4.250171012790046,1.2137232903401367,6.905789943376005,15.295230769230768,6.615,24.215,24.58538461538462,8.65,35.92,6.005076923076922,-1.84,13.34,32.42284615384615,8.3,80.27,22.91730769230769,6.47,31.58,0.844,0.38,1.29,7.15,0.055,0.0,3.27,5.720000000000001,0.044000000000000004,0.0,2.616,12.348145377887498,4.929208750287501,18.46824935501673,0.012940655760553733,3,0,1,59,521.2945812214718,4.009958317088245,0.88682143988739,6.869607203508891,4.499781783891157,0.034613706029931975,0.0,1.395781783891157,516.7947994375808,3.9753446110583135,0.0,6.869607203508891,44.99781783891157,5167.947994375808,5212.94581221472,515.5745812214718,0.008631936617003556,0.9913680633829965,9.5,5.0,5.0,47.5,9200.0,437000.0,4.736612404095955,543.9945257237692,548.7311381278652
Sonora,Yécora,69,Sahuaripa,146,Papa,2023,2024,28.415575,-108.92544,1595.0,2,1.1428571428571428,0.0,514.0533327926013,3.954256406096933,0.7748004403053074,6.859845131502321,14.276923076923078,4.42,22.055,23.079461538461537,10.59,34.53,5.474384615384616,-3.98,14.34,38.411923076923074,13.66,90.17,21.510153846153845,2.89,32.15,0.8428461538461538,0.39,1.16,52.69,0.4053076923076923,0.0,16.74,42.152,0.32424615384615385,0.0,13.392,11.911098120801746,3.304283044168545,18.49416033382168,0.10249909229021219,7,4,0,60,480.6977165654216,3.6976747428109356,0.3874002201526537,7.033064476386212,13.021033881327917,0.10016179908713782,0.0,2.5101489688361256,467.67668268409375,3.5975129437237983,0.0,7.033064476386212,130.21033881327918,4676.766826840938,4806.977165654217,438.5457165654216,0.02708777976804845,0.9729122202319517,9.03,5.0,5.0,45.15,10120.0,456918.0,14.41974959172527,517.9143772802811,532.3341268720063
Sonora,Yécora,69,Sahuaripa,146,Agave,2011,2012,28.415575,-108.92544,1595.0,5,3.1666666666666665,0.75,1603.638616992192,4.393530457512855,0.8939440546883396,7.405748400380136,18.268821917808218,-2.26,29.835,26.86646575342466,3.33,40.65,9.671178082191782,-7.85,20.09,43.719671232876706,5.9,95.07,22.375397260273974,4.54,33.49,0.7191780821917808,0.25,1.27,576.9900000000001,1.5807945205479454,0.0,30.03,346.194,0.9484767123287672,0.0,18.018,12.833139970697195,3.8598176294268978,19.60379736979351,0.3598005148330806,82,38,30,95,926.9550242160001,2.5396028060712332,0.5363664328130038,4.4434490402280815,161.97029023282965,0.44375421981597163,0.0,3.7778284797320945,764.9847339831704,2.0958485862552614,0.0,4.4434490402280815,1619.7029023282967,7649.847339831704,9269.55024216,580.7610242160001,0.1747337098364841,0.8252662901635158,0.0,18.0,0.0,0.0,0.0,0.0,,,
Sonora,Yécora,69,Sahuaripa,146,Manzana,2010,2011,28.415575,-108.92544,1595.0,1,1.0,0.0,1082.7790121671205,5.107448170599625,1.6484576232602624,7.238579717986292,20.629127358490567,6.555,28.865000000000002,28.5475,13.24,37.95,12.710754716981134,-2.3,20.14,52.46377358490566,12.81,88.77,24.930566037735844,7.05,32.69,0.6858490566037736,0.24,1.34,615.39,2.9027830188679244,0.0,25.39,369.2339999999999,1.7416698113207543,0.0,15.234,15.526431526470123,5.658768250191899,20.18681291594867,0.5683431181108063,80,47,16,33,957.7165979841145,4.517531122566578,0.7418059304671181,6.876650732086977,232.31122794159015,1.0958076789697648,0.0,5.031578885117507,725.4053700425245,3.4217234435968136,0.0,6.876650732086977,2323.1122794159014,7254.053700425246,9577.165979841147,588.4825979841146,0.2425678206168496,0.7574321793831506,6.0,185.0,160.0,960.0,5000.0,4800000.0,387.18537990265025,1209.0089500708743,1596.1943299735246
Sonora,Yécora,69,Sahuaripa,146,Manzana,2011,2012,28.415575,-108.92544,1595.0,5,3.8333333333333335,1.0,1161.0758092369285,5.476772685079852,3.1526401725154756,7.405748400380136,21.91639150943396,10.885,29.835,30.552264150943397,18.97,40.65,13.280518867924528,2.8,20.09,42.6536320754717,5.9,90.18,25.902358490566044,13.18,33.49,0.7307075471698115,0.25,1.27,440.57000000000005,2.0781603773584907,0.0,19.73,264.342,1.2468962264150942,0.0,11.838,15.637824931264376,9.709426273671044,19.60379736979351,0.37944981412501166,67,32,30,7,1018.2319792039186,4.802981033980748,1.8451591436279737,7.035460980361129,183.36030215744918,0.8649070856483452,0.0,5.981561759575817,834.8716770464695,3.938073948332403,0.0,7.035460980361129,1833.6030215744918,8348.716770464694,10182.319792039187,753.8899792039186,0.18007713949507384,0.8199228605049261,24.0,155.0,132.69,3184.56,4497.14,14321412.16,76.40012589893716,347.86319876936227,424.26332466829945
Sonora,Yécora,69,Sahuaripa,146,Manzana,2012,2013,28.415575,-108.92544,1595.0,2,1.6666666666666667,0.0,1094.3487897786254,5.1620225932954025,1.4922489315462755,7.446659696702888,21.21441037735849,7.505000000000001,28.939999999999998,29.31254716981132,13.47,39.04,13.116273584905661,-0.69,20.16,47.3313679245283,7.8,93.37,24.579669811320755,6.03,33.59,0.6889150943396227,0.23,1.18,569.56,2.6866037735849053,0.0,27.16,341.736,1.6119622641509435,0.0,16.296,15.031749205405397,5.106994385683248,18.942714577553822,0.5204556402124917,78,43,27,21,966.8700768841074,4.560707909830695,0.9759215534725062,7.074326711867743,215.46975259028585,1.0163667575013484,0.0,5.412,751.4003242938217,3.5443411523293475,0.0,7.074326711867743,2154.6975259028586,7514.003242938216,9668.700768841074,625.1340768841075,0.22285285038985939,0.7771471496101406,10.0,155.0,132.69,1326.9,4000.0,5307600.0,215.46975259028585,751.4003242938217,966.8700768841074
Sonora,Yécora,69,Sahuaripa,146,Manzana,2013,2014,28.415575,-108.92544,1595.0,2,1.3333333333333333,0.0,1101.8948893393156,5.1976174025439414,2.367376811770918,7.540105918195712,21.482971698113204,8.615,28.48,29.77622641509434,15.24,39.5,13.189716981132076,-1.77,20.35,46.95330188679245,7.69,89.2,24.776415094339626,10.95,32.91,0.6934905660377358,0.18,1.29,449.85999999999996,2.1219811320754713,0.0,15.31,269.916,1.273188679245283,0.0,9.186,15.21090159199113,8.015485711698162,19.632593190218486,0.4082603561849091,76,42,24,10,970.7909668385086,4.57920267376655,1.0653195652969132,7.163100622285926,205.91527125341312,0.9712984493085525,0.0,4.990787017332633,764.8756955850954,3.607904224457997,0.0,7.163100622285926,2059.1527125341313,7648.756955850954,9707.909668385086,700.8749668385085,0.2121108233258491,0.7878891766741508,7.8,149.69,132.69,1034.98,3800.0,3932924.0,263.9939375043758,980.6098661347377,1244.6038036391135
Sonora,Yécora,69,Sahuaripa,146,Manzana,2014,2015,28.415575,-108.92544,1595.0,2,1.7,0.0,1065.3918801415462,5.025433396894085,1.9099751436249661,7.493962942806091,21.246580188679243,10.775,30.560000000000002,28.79004716981132,15.5,41.85,13.703113207547169,2.25,20.51,51.203962264150945,8.36,90.96,23.830943396226413,8.25,32.28,0.6746698113207545,0.21,1.27,568.6700000000001,2.6824056603773587,0.0,53.44,341.20200000000006,1.6094433962264154,0.0,32.064,14.833918005438228,6.453517862215234,19.778490764801056,0.5337660353901398,82,44,18,10,940.6299631510792,4.436933788448487,0.905992913430956,7.119264795665786,217.17382738984634,1.0244048461785205,0.0,4.784591711266946,723.4561357612328,3.412528942269966,0.0,7.119264795665786,2171.7382738984634,7234.561357612328,9406.299631510792,599.4279631510792,0.23088125607047558,0.7691187439295243,8.0,149.69,132.69,1061.52,4500.0,4776840.0,271.4672842373079,904.320169701541,1175.787453938849
Sonora,Yécora,69,Sahuaripa,146,Manzana,2015,2016,28.415575,-108.92544,1595.0,0,0.0,0.0,998.9803477835856,4.712171451809366,1.238778057966815,7.234628255461559,20.516674528301888,7.734999999999999,28.240000000000002,27.552877358490566,13.35,37.19,13.480471698113206,1.55,20.69,61.046839622641514,20.36,92.8,23.004056603773588,5.92,32.83,0.6128301886792452,0.22,1.21,744.54,3.5119811320754715,0.0,34.04,446.72399999999993,2.1071886792452825,0.0,20.424,14.768354519041862,5.033017645244269,19.948184235148865,0.7452999467425896,98,64,8,8,886.5404589719168,4.18179461779206,0.5574501260850668,6.872896842688481,285.5652381832761,1.3470058404871514,0.0,5.7780000000000005,600.9752207886407,2.834788777304909,0.0,6.872896842688481,2855.652381832761,6009.752207886408,8865.404589719168,439.81645897191686,0.32211190735100115,0.6778880926489989,11.0,197.69,149.69,1646.59,3844.6,6330479.91,259.6047619847964,546.3411098078552,805.9458717926516
Sonora,Yécora,69,Sahuaripa,146,Manzana,2016,2017,28.415575,-108.92544,1595.0,2,1.7,0.0,1068.420491958791,5.0397193016924104,1.3895509908480734,7.4851703631842295,20.865919811320758,2.92,29.655,28.886603773584905,6.59,41.49,12.845235849056603,-1.91,19.75,51.9061320754717,12.74,90.41,24.30264150943396,8.01,33.11,0.6835377358490566,0.25,1.33,611.2899999999998,2.8834433962264145,0.0,25.88,366.7740000000001,1.7300660377358497,0.0,15.527999999999999,15.146972240978332,6.567281717904279,19.54187636466029,0.572143649996164,91,50,11,14,938.342673179631,4.4261446848095805,0.625297945881633,7.110911845025018,263.6558972808783,1.2436598928343316,0.0,5.556,674.6867758987527,3.1824847919752486,0.0,7.110911845025018,2636.5589728087834,6746.867758987527,9383.42673179631,571.5686731796309,0.28098039747831605,0.719019602521684,13.2,197.69,149.69,1975.91,5500.0,10867505.0,199.73931612187755,511.126345377843,710.8656614997205
Sonora,Yécora,69,Sahuaripa,146,Manzana,2017,2018,28.415575,-108.92544,1595.0,1,1.0,0.0,1111.6790033399102,5.243768883678822,2.6276455667862617,7.415117466955462,21.9297641509434,11.685,30.925,30.03655660377359,19.43,41.32,13.822971698113209,3.3,21.18,48.02971698113207,10.0,89.86,24.893443396226413,11.91,32.9,0.6905660377358489,0.26,1.45,473.62,2.2340566037735847,0.0,23.9,284.1719999999999,1.3404339622641506,0.0,14.339999999999998,15.283473990178408,8.243695313841352,19.644809983555476,0.42604024954781355,80,41,22,9,977.390549105977,4.610332778801778,1.3457470576140207,7.044361593607689,218.91509577717113,1.032618376307411,0.0,5.288032090010031,758.4754533288059,3.5777144024943675,0.0,7.038361593607688,2189.1509577717115,7584.754533288059,9773.90549105977,693.2185491059771,0.2239791411707568,0.7760208588292432,16.0,207.45,149.69,2395.04,6086.0,14576213.44,136.82193486073197,474.0471583305037,610.8690931912356
Sonora,Yécora,69,Sahuaripa,146,Manzana,2018,2019,28.415575,-108.92544,1595.0,4,3.0,0.75,1088.7159435068613,5.13545256371161,2.202893388881525,7.535921857557217,21.90990566037736,11.58,29.200000000000003,29.6463679245283,17.82,39.46,14.173443396226412,1.77,20.3,50.17150943396226,8.86,92.28,24.139339622641504,9.24,32.95,0.6787735849056603,0.26,1.3,586.98,2.7687735849056603,0.0,34.64,352.18800000000005,1.6612641509433965,0.0,20.784,14.970085842239957,7.1782550596350205,19.772586454056814,0.5391488969191354,79,42,24,10,960.2917176900337,4.529677913632234,1.0028543692143728,7.159125764679356,219.87563605423563,1.0371492266709228,0.0,5.422755418862419,740.4160816357983,3.4925286869613124,0.0,7.159125764679356,2198.756360542356,7404.160816357982,9602.917176900339,608.1037176900336,0.22896754392836266,0.7710324560716375,13.56,207.45,149.69,2029.8,9750.0,19790550.0,162.1501740812947,546.0295587284647,708.1797328097595
Sonora,Yécora,69,Sahuaripa,146,Manzana,2019,2020,28.415575,-108.92544,1595.0,2,1.8333333333333333,0.0,1076.6917326972186,5.078734588194427,1.3745905125244346,7.324037443608783,20.953466981132078,8.795,29.575000000000003,28.7413679245283,12.73,40.05,13.165566037735848,0.86,20.73,52.94853773584905,18.42,93.06,24.43872641509434,5.26,32.93,0.6999528301886792,0.24,1.3,524.54,2.4742452830188677,0.0,25.59,314.72399999999993,1.4845471698113204,0.0,15.354,15.300115330341114,4.858384008302512,19.677008813086736,0.48717751243986585,75,42,16,9,956.5682966505378,4.512114606842159,0.6185657306359956,6.957835571428344,200.05486039673556,0.9436550018713942,0.0,4.934696121132862,756.5134362538022,3.568459604970765,0.0,6.957835571428344,2000.5486039673556,7565.134362538021,9565.682966505377,641.8442966505379,0.20913808360284955,0.7908619163971504,13.5,207.45,164.69,2223.32,11250.0,25012350.0,148.18878547906337,560.3803231509645,708.5691086300278
Sonora,Yécora,69,Sahuaripa,146,Manzana,2020,2021,28.415575,-108.92544,1595.0,1,1.0,0.0,1098.9290349264206,5.183627523237833,1.4053405637078957,7.355937812620046,21.94483490566038,5.175000000000001,28.94,29.910566037735848,8.48,39.18,13.979103773584907,-1.16,20.4,52.380707547169806,19.43,86.43,24.530424528301882,3.35,32.36,0.6550943396226415,0.29,1.12,494.65,2.333254716981132,0.0,34.68,296.78999999999996,1.399952830188679,0.0,20.808,15.487944458100731,3.902044688334949,19.653719045838447,0.450120057145564,81,39,37,10,979.0655863856251,4.618233898045402,0.6324032536685531,6.988140921989043,198.864271938302,0.9380390185768963,0.0,5.660621967906459,780.201314447323,3.680194879468505,0.0,6.988140921989043,1988.64271938302,7802.013144473231,9790.655863856251,682.2755863856252,0.2031163945537508,0.7968836054462491,16.0,207.45,164.69,2635.04,10850.0,28590184.0,124.29016996143875,487.6258215295769,611.9159914910157
Sonora,Yécora,69,Sahuaripa,146,Manzana,2021,2022,28.415575,-108.92544,1595.0,4,3.0833333333333335,0.6666666666666666,1089.3312121547133,5.138354774314685,2.7266841274166285,7.4388627659845294,21.292570754716984,7.25,29.975,29.115754716981137,13.61,41.32,13.469386792452829,-2.1,20.06,50.118396226415086,11.8,89.92,24.545094339622647,12.69,32.62,0.6718867924528302,0.24,1.24,598.17,2.8215566037735846,0.0,25.2,358.902,1.6929339622641508,0.0,15.12,15.207369058113581,8.4973684138045,19.59903719529975,0.5491167363292665,84,52,13,17,961.5546408460641,4.535635098330491,1.2869250938547687,7.066919627685302,258.02888523198436,1.2171173831697375,0.0,5.2315513620476395,703.5257556140797,3.3185177151607532,0.0,7.066919627685302,2580.2888523198435,7035.257556140797,9615.54640846064,602.6526408460641,0.26834552533067374,0.7316544746693262,16.0,207.45,164.69,2635.04,10850.0,28590184.0,161.26805326999022,439.7035972587998,600.97165052879
Sonora,Yécora,69,Sahuaripa,146,Manzana,2022,2023,28.415575,-108.92544,1595.0,3,2.2222222222222223,0.3333333333333333,1070.5533442195622,5.049779925563972,1.9947258660468492,7.2316518286257,21.39202830188679,9.755,28.099999999999998,29.08066037735849,16.66,38.19,13.703396226415094,0.48,19.74,52.39457547169812,5.41,96.76,24.112971698113206,8.46,32.41,0.6701886792452829,0.26,1.29,758.96,3.58,0.0,38.64,455.3759999999999,2.1479999999999997,0.0,23.184,14.89468245102293,6.634110101947739,19.72729204290307,0.7089417861314375,93,57,12,16,939.9785546709921,4.433861106938642,1.3963081062327944,6.870069237194414,279.61829218589685,1.3189542084240418,0.0,5.268,660.3602624850953,3.1149068985146005,0.0,6.870069237194414,2796.1829218589683,6603.602624850953,9399.785546709922,484.6025546709922,0.2974730548866275,0.7025269451133724,15.8,207.45,184.69,2918.1,11336.42,33080807.2,176.97360264930177,417.94953321841473,594.9231358677165
Sonora,Yécora,69,Sahuaripa,146,Manzana,2023,2024,28.415575,-108.92544,1595.0,4,2.4166666666666665,0.5,1152.1825056822083,5.434823140010416,1.25994127021471,7.309859653832403,22.57117924528302,5.335,32.095,31.151132075471697,11.55,41.74,13.991226415094339,-2.35,23.84,43.191981132075476,13.66,87.66,25.336509433962267,5.49,32.61,0.7272169811320754,0.27,1.16,339.13000000000005,1.599669811320755,0.0,18.91,203.47799999999998,0.9598018867924527,0.0,11.346,15.573580704877541,4.95652914713547,19.93462961215566,0.2943370501873754,54,22,49,13,1016.034558958602,4.792615844144349,0.5669735715966194,6.9443666711407825,150.916285553522,0.7118692714788774,0.0,5.435247660233431,865.11827340508,4.080746572665472,0.0,6.9443666711407825,1509.16285553522,8651.1827340508,10160.34558958602,812.5565589586021,0.14853459877211816,0.8514654012278818,9.48,207.45,184.69,1750.86,11014.51,19284864.98,159.19439404379958,912.572018359789,1071.7664124035887
Sonora,Yécora,69,Sahuaripa,146,Pera,2010,2011,28.415575,-108.92544,1595.0,1,1.0,0.0,1082.7790121671205,5.107448170599625,1.6484576232602624,7.238579717986292,20.629127358490567,6.555,28.865000000000002,28.5475,13.24,37.95,12.710754716981134,-2.3,20.14,52.46377358490566,12.81,88.77,24.930566037735844,7.05,32.69,0.6858490566037736,0.24,1.34,615.39,2.9027830188679244,0.0,25.39,369.2339999999999,1.7416698113207543,0.0,15.234,15.526431526470123,5.658768250191899,20.18681291594867,0.5683431181108063,80,47,16,33,957.7165979841145,4.517531122566578,0.7418059304671181,6.876650732086977,232.31122794159015,1.0958076789697648,0.0,5.031578885117507,725.4053700425245,3.4217234435968136,0.0,6.876650732086977,2323.1122794159014,7254.053700425246,9577.165979841147,588.4825979841146,0.2425678206168496,0.7574321793831506,6.0,2.0,1.0,6.0,5050.0,30300.0,387.18537990265025,1209.0089500708743,1596.1943299735246
Sonora,Yécora,69,Sahuaripa,146,Pera,2011,2012,28.415575,-108.92544,1595.0,5,3.8333333333333335,1.0,1161.0758092369285,5.476772685079852,3.1526401725154756,7.405748400380136,21.91639150943396,10.885,29.835,30.552264150943397,18.97,40.65,13.280518867924528,2.8,20.09,42.6536320754717,5.9,90.18,25.902358490566044,13.18,33.49,0.7307075471698115,0.25,1.27,440.57000000000005,2.0781603773584907,0.0,19.73,264.342,1.2468962264150942,0.0,11.838,15.637824931264376,9.709426273671044,19.60379736979351,0.37944981412501166,67,32,30,7,1018.2319792039186,4.802981033980748,1.8451591436279737,7.035460980361129,183.36030215744918,0.8649070856483452,0.0,5.981561759575817,834.8716770464695,3.938073948332403,0.0,7.035460980361129,1833.6030215744918,8348.716770464694,10182.319792039187,753.8899792039186,0.18007713949507384,0.8199228605049261,15.0,1.0,1.0,15.0,5000.0,75000.0,122.24020143829945,556.5811180309796,678.821319469279
Sonora,Yécora,69,Sahuaripa,146,Pera,2012,2013,28.415575,-108.92544,1595.0,2,1.6666666666666667,0.0,1094.3487897786254,5.1620225932954025,1.4922489315462755,7.446659696702888,21.21441037735849,7.505000000000001,28.939999999999998,29.31254716981132,13.47,39.04,13.116273584905661,-0.69,20.16,47.3313679245283,7.8,93.37,24.579669811320755,6.03,33.59,0.6889150943396227,0.23,1.18,569.56,2.6866037735849053,0.0,27.16,341.736,1.6119622641509435,0.0,16.296,15.031749205405397,5.106994385683248,18.942714577553822,0.5204556402124917,78,43,27,21,966.8700768841074,4.560707909830695,0.9759215534725062,7.074326711867743,215.46975259028585,1.0163667575013484,0.0,5.412,751.4003242938217,3.5443411523293475,0.0,7.074326711867743,2154.6975259028586,7514.003242938216,9668.700768841074,625.1340768841075,0.22285285038985939,0.7771471496101406,8.0,1.0,1.0,8.0,5200.0,41600.0,269.3371907378573,939.250405367277,1208.5875961051343
Sonora,Yécora,69,Sahuaripa,146,Pera,2013,2014,28.415575,-108.92544,1595.0,2,1.3333333333333333,0.0,1101.8948893393156,5.1976174025439414,2.367376811770918,7.540105918195712,21.482971698113204,8.615,28.48,29.77622641509434,15.24,39.5,13.189716981132076,-1.77,20.35,46.95330188679245,7.69,89.2,24.776415094339626,10.95,32.91,0.6934905660377358,0.18,1.29,449.85999999999996,2.1219811320754713,0.0,15.31,269.916,1.273188679245283,0.0,9.186,15.21090159199113,8.015485711698162,19.632593190218486,0.4082603561849091,76,42,24,10,970.7909668385086,4.57920267376655,1.0653195652969132,7.163100622285926,205.91527125341312,0.9712984493085525,0.0,4.990787017332633,764.8756955850954,3.607904224457997,0.0,7.163100622285926,2059.1527125341313,7648.756955850954,9707.909668385086,700.8749668385085,0.2121108233258491,0.7878891766741508,5.0,1.0,1.0,5.0,4600.0,23000.0,411.83054250682625,1529.7513911701908,1941.581933677017
Sonora,Yécora,69,Sahuaripa,146,Pera,2014,2015,28.415575,-108.92544,1595.0,2,1.7,0.0,1065.3918801415462,5.025433396894085,1.9099751436249661,7.493962942806091,21.246580188679243,10.775,30.560000000000002,28.79004716981132,15.5,41.85,13.703113207547169,2.25,20.51,51.203962264150945,8.36,90.96,23.830943396226413,8.25,32.28,0.6746698113207545,0.21,1.27,568.6700000000001,2.6824056603773587,0.0,53.44,341.20200000000006,1.6094433962264154,0.0,32.064,14.833918005438228,6.453517862215234,19.778490764801056,0.5337660353901398,82,44,18,10,940.6299631510792,4.436933788448487,0.905992913430956,7.119264795665786,217.17382738984634,1.0244048461785205,0.0,4.784591711266946,723.4561357612328,3.412528942269966,0.0,7.119264795665786,2171.7382738984634,7234.561357612328,9406.299631510792,599.4279631510792,0.23088125607047558,0.7691187439295243,6.0,1.0,1.0,6.0,5500.0,33000.0,361.95637898307723,1205.7602262687212,1567.7166052517985
Sonora,Yécora,69,Sahuaripa,146,Pera,2015,2016,28.415575,-108.92544,1595.0,0,0.0,0.0,998.9803477835856,4.712171451809366,1.238778057966815,7.234628255461559,20.516674528301888,7.734999999999999,28.240000000000002,27.552877358490566,13.35,37.19,13.480471698113206,1.55,20.69,61.046839622641514,20.36,92.8,23.004056603773588,5.92,32.83,0.6128301886792452,0.22,1.21,744.54,3.5119811320754715,0.0,34.04,446.72399999999993,2.1071886792452825,0.0,20.424,14.768354519041862,5.033017645244269,19.948184235148865,0.7452999467425896,98,64,8,8,886.5404589719168,4.18179461779206,0.5574501260850668,6.872896842688481,285.5652381832761,1.3470058404871514,0.0,5.7780000000000005,600.9752207886407,2.834788777304909,0.0,6.872896842688481,2855.652381832761,6009.752207886408,8865.404589719168,439.81645897191686,0.32211190735100115,0.6778880926489989,5.8,1.0,1.0,5.8,3500.0,20300.0,492.35385893668297,1036.1641737735185,1528.5180327102016
